1.100000000000000000e+03
1.100000000000000000e+03
1.100000000000000000e+03
1.100000000000000000e+03
1.100000000000000000e+03
1.100000000000000000e+03
1.100000000000000000e+03
1.100000000000000000e+03
1.100000000000000000e+03
1.100000000000000000e+03
1.100000000000000000e+03
1.100000000000000000e+03
1.100000000000000000e+03
1.100000000000000000e+03
1.100000000000000000e+03
1.100000000000000000e+03
1.100000000000000000e+03
1.100000000000000000e+03
1.100000000000000000e+03
1.100000000000000000e+03
1.100000000000000000e+03
1.100000000000000000e+03
1.100000000000000000e+03
1.100000000000000000e+03
1.100000000000000000e+03
1.100000000000000000e+03
1.100000000000000000e+03
1.100000000000000000e+03
1.100000000000000000e+03
1.100000000000000000e+03
1.100000000000000000e+03
1.100000000000000000e+03
1.100000000000000000e+03
1.100000000000000000e+03
1.100000000000000000e+03
1.100000000000000000e+03
1.100000000000000000e+03
1.100000000000000000e+03
1.100000000000000000e+03
1.100000000000000000e+03
1.100000000000000000e+03
1.100000000000000000e+03
1.100000000000000000e+03
1.100000000000000000e+03
1.100000000000000000e+03
1.100000000000000000e+03
1.100000000000000000e+03
1.100000000000000000e+03
1.100000000000000000e+03
1.100000000000000000e+03
1.100000000000000000e+03
1.100000000000000000e+03
1.100000000000000000e+03
1.100000000000000000e+03
1.100000000000000000e+03
1.100000000000000000e+03
1.100000000000000000e+03
1.100000000000000000e+03
1.100000000000000000e+03
1.100000000000000000e+03
1.100000000000000000e+03
1.100000000000000000e+03
1.100000000000000000e+03
1.100000000000000000e+03
1.100000000000000000e+03
1.100000000000000000e+03
1.100000000000000000e+03
1.100000000000000000e+03
1.100000000000000000e+03
1.100000000000000000e+03
1.100000000000000000e+03
1.100000000000000000e+03
1.100000000000000000e+03
1.100000000000000000e+03
1.100000000000000000e+03
1.100000000000000000e+03
1.100000000000000000e+03
1.100000000000000000e+03
1.100000000000000000e+03
1.100000000000000000e+03
1.100000000000000000e+03
1.100000000000000000e+03
1.100000000000000000e+03
1.100000000000000000e+03
1.100000000000000000e+03
1.100000000000000000e+03
1.100000000000000000e+03
1.100000000000000000e+03
1.100000000000000000e+03
1.100000000000000000e+03
1.100000000000000000e+03
1.100000000000000000e+03
1.100000000000000000e+03
1.100000000000000000e+03
1.100000000000000000e+03
1.100000000000000000e+03
1.100000000000000000e+03
1.100000000000000000e+03
1.100000000000000000e+03
1.100000000000000000e+03
1.100000000000000000e+03
1.100000000000000000e+03
1.100000000000000000e+03
1.100000000000000000e+03
1.100000000000000000e+03
1.100000000000000000e+03
1.100000000000000000e+03
1.100000000000000000e+03
1.100000000000000000e+03
1.100000000000000000e+03
1.100000000000000000e+03
1.100000000000000000e+03
1.100000000000000000e+03
1.100000000000000000e+03
1.100000000000000000e+03
1.100000000000000000e+03
1.100000000000000000e+03
1.100000000000000000e+03
1.100000000000000000e+03
1.100000000000000000e+03
1.100000000000000000e+03
1.100000000000000000e+03
1.100000000000000000e+03
1.100000000000000000e+03
1.100000000000000000e+03
1.100000000000000000e+03
1.100000000000000000e+03
1.100000000000000000e+03
1.100000000000000000e+03
1.100000000000000000e+03
1.100000000000000000e+03
1.100000000000000000e+03
1.100000000000000000e+03
1.100000000000000000e+03
1.100000000000000000e+03
1.100000000000000000e+03
1.100000000000000000e+03
1.100000000000000000e+03
1.100000000000000000e+03
1.100000000000000000e+03
1.100000000000000000e+03
1.100000000000000000e+03
1.100000000000000000e+03
1.100000000000000000e+03
1.100000000000000000e+03
1.100000000000000000e+03
1.100000000000000000e+03
1.100000000000000000e+03
1.100000000000000000e+03
1.100000000000000000e+03
1.100000000000000000e+03
1.100000000000000000e+03
1.100000000000000000e+03
1.100000000000000000e+03
1.100000000000000000e+03
1.100000000000000000e+03
1.100000000000000000e+03
1.100000000000000000e+03
1.100000000000000000e+03
1.100000000000000000e+03
1.100000000000000000e+03
1.100000000000000000e+03
1.100000000000000000e+03
1.100000000000000000e+03
1.100000000000000000e+03
1.100000000000000000e+03
1.100000000000000000e+03
1.100000000000000000e+03
1.100000000000000000e+03
1.100000000000000000e+03
1.100000000000000000e+03
1.100000000000000000e+03
1.100000000000000000e+03
1.100000000000000000e+03
1.100000000000000000e+03
1.100000000000000000e+03
1.100000000000000000e+03
1.100000000000000000e+03
1.100000000000000000e+03
1.100000000000000000e+03
1.100000000000000000e+03
1.100000000000000000e+03
1.100000000000000000e+03
1.100000000000000000e+03
1.100000000000000000e+03
1.100000000000000000e+03
1.100000000000000000e+03
1.100000000000000000e+03
1.100000000000000000e+03
1.100000000000000000e+03
1.100000000000000000e+03
1.100000000000000000e+03
1.100000000000000000e+03
1.100000000000000000e+03
1.100000000000000000e+03
1.100000000000000000e+03
1.100000000000000000e+03
1.100000000000000000e+03
1.100000000000000000e+03
1.100000000000000000e+03
1.092579294554168655e+03
1.099758822933196370e+03
1.100222502775301791e+03
1.100253806377922729e+03
1.100256338185045479e+03
1.100256640234052384e+03
1.100256695064792666e+03
1.100256707479882834e+03
1.100256710502868145e+03
1.100256713498924455e+03
1.100256716494980765e+03
1.100256719491037074e+03
1.092453562679108245e+03
1.099534906321337758e+03
1.099974003901788365e+03
1.099999163586899385e+03
1.092637996600341467e+03
1.099762664495339095e+03
1.100222826500704741e+03
1.100253911952342833e+03
1.100256432745548864e+03
1.100256736868242115e+03
1.100256794625704970e+03
1.100256810029596636e+03
1.100256816047454549e+03
1.100256822027863791e+03
1.100256828008273033e+03
1.100256833988682274e+03
1.092453908346847356e+03
1.099535085049736836e+03
1.099974141758005771e+03
1.099999293441803275e+03
1.092637897985910286e+03
1.099762738141201226e+03
1.100222946815023533e+03
1.100254046193664635e+03
1.100256572707232408e+03
1.100256880498286364e+03
1.100256941411104435e+03
1.100256959842099604e+03
1.100256968854998149e+03
1.100256977819760323e+03
1.100256986784522724e+03
1.100256995749285124e+03
1.092454301277821969e+03
1.099535311041119485e+03
1.099974326877191061e+03
1.099999470559674364e+03
1.092637846634708467e+03
1.099762859050038742e+03
1.100223114392301341e+03
1.100254227697944543e+03
1.100256759931873603e+03
1.100257071391288946e+03
1.100257135459461779e+03
1.100257156917560678e+03
1.100257168925499855e+03
1.100257180874614960e+03
1.100257192823730293e+03
1.100257204772845398e+03
1.092454741472032310e+03
1.099535584295485478e+03
1.099974559259344232e+03
1.099999694940512200e+03
1.092637842546735556e+03
1.099763027221851416e+03
1.100223329232537935e+03
1.100254456465182102e+03
1.100256994419472448e+03
1.100257309547248724e+03
1.100257376770776773e+03
1.100257401255978948e+03
1.100257416258958756e+03
1.100257431192426793e+03
1.100257446125895058e+03
1.100257461059363095e+03
1.092455228929477698e+03
1.099535904812834133e+03
1.099974838904464377e+03
1.099999966584316326e+03
1.092637885721991097e+03
1.099763242656638795e+03
1.100223591335732863e+03
1.100254732495376857e+03
1.100257276170028717e+03
1.100257594966165698e+03
1.100257665345048963e+03
1.100257692857354641e+03
1.100257710855374853e+03
1.100257728773196050e+03
1.100257746691017019e+03
1.100257764608838215e+03
1.092455763650158588e+03
1.099536272593166132e+03
1.099975165812552177e+03
1.100000285491087197e+03
1.092637976160475546e+03
1.099763505354401332e+03
1.100223900701886578e+03
1.100255055788529035e+03
1.100257605183542182e+03
1.100257927648040322e+03
1.100258001182278576e+03
1.100258031721687757e+03
1.100258052714748601e+03
1.100258073616922729e+03
1.100258094519096858e+03
1.100258115421270986e+03
1.092456345634075205e+03
1.099536687636481702e+03
1.099975539983607860e+03
1.100000651660825042e+03
1.092638113862189357e+03
1.099763815315139254e+03
1.100224257330999080e+03
1.100255426344639318e+03
1.100257981460013525e+03
1.100258307592872370e+03
1.100258384282465840e+03
1.100258417848978752e+03
1.100258441837080227e+03
1.100258465723607287e+03
1.100258489610134347e+03
1.100258513496661408e+03
1.092456974881227097e+03
1.099537149942780161e+03
1.099975961417630742e+03
1.100001065093529405e+03
1.092638298827132076e+03
1.099764172538852108e+03
1.100224661223070370e+03
1.100255844163707025e+03
1.100258404999442064e+03
1.100258734800662296e+03
1.100258814645610528e+03
1.100258851239226942e+03
1.100258878222369049e+03
1.100258905093249041e+03
1.100258931964129033e+03
1.100258958835009025e+03
1.092457651391614490e+03
1.099537659512061737e+03
1.099976430114621280e+03
1.100001525789200059e+03
1.092638531055303474e+03
1.099764577025540120e+03
1.100225112378100221e+03
1.100256309245731927e+03
1.100258875801828253e+03
1.100259209271409190e+03
1.100259292271712866e+03
1.100259331892432556e+03
1.100259361870615294e+03
1.100259391725848218e+03
1.100259421581081142e+03
1.100259451436314066e+03
1.092458375165237157e+03
1.099538216344326656e+03
1.099976946074579473e+03
1.100002033747837686e+03
1.092638810546704008e+03
1.099765028775203064e+03
1.100225610796088858e+03
1.100256821590714935e+03
1.100259393867171866e+03
1.100259731005113963e+03
1.100259817160772627e+03
1.100259859808595820e+03
1.100259892781819190e+03
1.100259925621405046e+03
1.100259958460991129e+03
1.100259991300576985e+03
1.092459146202095326e+03
1.099538820439574920e+03
1.099977509297505321e+03
1.100002588969442058e+03
1.092639137301333676e+03
1.099765527787841393e+03
1.100226156477036284e+03
1.100257381198655366e+03
1.100259959195473130e+03
1.100260300001776159e+03
1.100260389312789812e+03
1.100260434987716735e+03
1.100260470955980509e+03
1.100260506779919524e+03
1.100260542603858312e+03
1.100260578427797327e+03
1.092459964502188996e+03
1.099539471797806300e+03
1.099978119783398597e+03
1.100003191454013177e+03
1.092639511319192479e+03
1.099766074063454880e+03
1.100226749420942497e+03
1.100257988069553676e+03
1.100260571786732271e+03
1.100260916261396005e+03
1.100261008727764647e+03
1.100261057429795073e+03
1.100261096393099479e+03
1.100261135201391198e+03
1.100261174009683145e+03
1.100261212817974865e+03
1.092460830065517939e+03
1.099540170419020797e+03
1.099978777532259528e+03
1.100003841201550813e+03
1.092639932600279963e+03
1.099766667602043299e+03
1.100227389627807042e+03
1.100258642203409181e+03
1.100261231640948154e+03
1.100261579783973048e+03
1.100261675405696906e+03
1.100261727134830608e+03
1.100261769093175644e+03
1.100261810885820296e+03
1.100261852678465175e+03
1.100261894471109827e+03
1.092461742892082157e+03
1.099540916303218182e+03
1.099979482544087659e+03
1.100004538212054968e+03
1.092640401144596353e+03
1.099767308403606648e+03
1.100228077097630148e+03
1.100259343600222110e+03
1.100261938758121687e+03
1.100262290569507286e+03
1.100262389346586133e+03
1.100262444102823338e+03
1.100262489056209006e+03
1.100262533833206817e+03
1.100262578610204628e+03
1.100262623387202439e+03
1.092462702981881648e+03
1.099541709450398912e+03
1.099980234818883673e+03
1.100005282485525868e+03
1.092640916952141879e+03
1.099767996468145157e+03
1.100228811830412269e+03
1.100260092259992689e+03
1.100262693138252871e+03
1.100263048617999175e+03
1.100263150550433238e+03
1.100263208333773946e+03
1.100263256282200246e+03
1.100263304043550988e+03
1.100263351804901731e+03
1.100263399566252474e+03
1.092463710334916641e+03
1.099542549860562758e+03
1.099981034356647115e+03
1.100006074021963286e+03
1.092641480022916312e+03
1.099768731795658823e+03
1.100229593826153177e+03
1.100260888182721146e+03
1.100263494781341478e+03
1.100263853929448715e+03
1.100263959017237767e+03
1.100264019827681977e+03
1.100264070771148909e+03
1.100264121516852583e+03
1.100264172262556258e+03
1.100264223008259933e+03
1.092464764951186908e+03
1.099543437533709721e+03
1.099981881157377757e+03
1.100006912821366996e+03
1.092642090356919425e+03
1.099769514386147193e+03
1.100230423084851964e+03
1.100261731368406345e+03
1.100264343687386827e+03
1.100264706503854995e+03
1.100264814746999264e+03
1.100264878584546750e+03
1.100264932523054313e+03
1.100264986253110919e+03
1.100265039983167526e+03
1.100265093713224132e+03
1.092465866830691539e+03
1.099544372469839118e+03
1.099982775221075144e+03
1.100007798883736996e+03
1.092642747954151218e+03
1.099770344239610267e+03
1.100231299606509310e+03
1.100262621817048966e+03
1.100265239856389599e+03
1.100265606341218700e+03
1.100265717739717729e+03
1.100265784604368946e+03
1.100265841537916913e+03
1.100265898252326451e+03
1.100265954966735990e+03
1.100266011681145528e+03
1.092467015973431444e+03
1.099545354668951404e+03
1.099983716547740187e+03
1.100008732209073514e+03
1.092643452814611692e+03
1.099771221356048272e+03
1.100232223391124990e+03
1.100263559528648784e+03
1.100266183288349566e+03
1.100266553441539372e+03
1.100266667995393618e+03
1.100266737887148338e+03
1.100266797815736709e+03
1.100266857514499179e+03
1.100266917213261650e+03
1.100266976912024120e+03
1.092468212379406623e+03
1.099546384131046580e+03
1.099984705137372430e+03
1.100009712797376324e+03
1.092644204938300845e+03
1.099772145735460981e+03
1.100233194438699229e+03
1.100264544503206025e+03
1.100267173983266503e+03
1.100267547804817241e+03
1.100267665514026703e+03
1.100267738432884698e+03
1.100267801356513701e+03
1.100267864039629103e+03
1.100267926722744505e+03
1.100267989405859907e+03
1.092469456048616621e+03
1.099547460856124644e+03
1.099985740989971873e+03
1.100010740648645196e+03
1.092645004325218906e+03
1.099773117377848394e+03
1.100234212749231574e+03
1.100265576740720462e+03
1.100268211941140862e+03
1.100268589431052305e+03
1.100268710295616756e+03
1.100268786241578482e+03
1.100268852160248116e+03
1.100268917827716450e+03
1.100268983495184784e+03
1.100269049162653118e+03
1.092470746981061666e+03
1.099548584844185598e+03
1.099986824105538517e+03
1.100011815762880815e+03
1.092645850975365647e+03
1.099774136283210964e+03
1.100235278322722479e+03
1.100266656241192095e+03
1.092785039238126728e+03
1.100023405122344002e+03
1.100491683742671739e+03
1.100523527760269872e+03
1.100526202653807331e+03
1.100527038295655075e+03
1.100527873937503045e+03
1.100528709579350789e+03
1.092790060881429099e+03
1.099824818030915594e+03
1.100252511511001558e+03
1.100275438764572300e+03
1.092850538137371586e+03
1.100023257463866912e+03
1.100496439509882066e+03
1.100531410605251949e+03
1.092992307484579442e+03
1.100275425497732840e+03
1.100755831963729861e+03
1.100791291251478015e+03
1.100795447542052671e+03
1.100797053156298261e+03
1.100798658770543852e+03
1.100800264384789443e+03
1.093121287522310695e+03
1.100112947275626084e+03
1.100530093960194108e+03
1.100550956755622565e+03
1.093067137896473014e+03
1.100284274231915106e+03
1.100769495162308885e+03
1.100808059351647216e+03
1.093211487991929289e+03
1.100539340862511153e+03
1.101031874034920293e+03
1.101070948508728634e+03
1.101076586186484519e+03
1.101078961769320131e+03
1.101081337352155742e+03
1.101083712934991354e+03
1.093464426118219535e+03
1.100412971895033479e+03
1.100819570794843457e+03
1.100838369082654708e+03
1.093295649739014607e+03
1.100557185968368231e+03
1.101054444632466584e+03
1.101096601824320260e+03
1.101103670326873271e+03
1.101106890825378514e+03
1.101109457117208194e+03
1.101111879094793721e+03
1.101114266196160543e+03
1.101116644763315435e+03
1.101119023330470327e+03
1.101121401897625219e+03
1.093502346469346548e+03
1.100450725108140887e+03
1.100857283123793650e+03
1.100876073409669061e+03
1.093333125807756232e+03
1.100594834093672489e+03
1.101092139412668530e+03
1.101134310530487937e+03
1.101141384753266493e+03
1.101144608920082874e+03
1.101147178367230254e+03
1.101149603371884723e+03
1.101151993468258297e+03
1.101154375019732242e+03
1.101156756571206415e+03
1.101159138122680361e+03
1.093540314083166550e+03
1.100488525583693672e+03
1.100895042715174668e+03
1.100913824999113785e+03
1.093370649139196757e+03
1.100632529481417123e+03
1.101129881455293116e+03
1.101172066499076891e+03
1.101179146442080764e+03
1.101182374277208055e+03
1.101184946879673362e+03
1.101187374911396546e+03
1.101189768002776646e+03
1.101192152538569871e+03
1.101194537074362870e+03
1.101196921610156096e+03
1.093578328959678402e+03
1.100526373321690699e+03
1.100932849568985603e+03
1.100951623850987517e+03
1.093408219733335045e+03
1.100670272131600768e+03
1.101167670760338979e+03
1.101209869730085302e+03
1.101216955393314493e+03
1.101220186896752693e+03
1.101222762654535700e+03
1.101225193713327599e+03
1.101227589799714451e+03
1.101229977319826503e+03
1.101232364839938782e+03
1.101234752360050834e+03
1.093616391098880740e+03
1.100564268322130829e+03
1.100970703685224862e+03
1.100989469965289118e+03
1.093445837590169731e+03
1.100708062044222061e+03
1.101205507327804753e+03
1.101247720223512260e+03
1.101254811606966541e+03
1.101258046778715197e+03
1.101260625691815903e+03
1.101263059777676517e+03
1.101265458859069668e+03
1.101267849363500545e+03
1.101270239867931650e+03
1.101272630372362528e+03
1.093654500500771519e+03
1.100602210585011790e+03
1.101008605063890400e+03
1.101027363342016315e+03
1.093483502709698996e+03
1.100745899219279408e+03
1.101243391157688848e+03
1.101285617979355948e+03
1.101292715083034864e+03
1.101295953923094203e+03
1.101298535991512381e+03
1.101300973104441709e+03
1.101303375180841158e+03
1.101305768669590861e+03
1.101308162158340792e+03
1.101310555647090496e+03
1.093692657165349829e+03
1.100640200110332671e+03
1.101046553704981761e+03
1.101065303981168427e+03
1.101066492361190058e+03
1.101068253669910064e+03
1.101070468432342295e+03
1.101072815946933815e+03
1.101075197861357765e+03
1.101077588451477141e+03
1.101079981215253838e+03
1.101082374522740565e+03
1.101084767966173331e+03
1.101087161443220111e+03
1.101089554920266664e+03
1.101091948397313445e+03
1.093474049008161046e+03
1.100421592608592618e+03
1.100827946363571982e+03
1.100846696671138716e+03
1.093302608677017133e+03
1.100565176567140497e+03
1.101062714977399082e+03
1.101104955670412892e+03
1.101112058471883756e+03
1.101115300965868300e+03
1.101117886177230048e+03
1.101120326305356912e+03
1.101122731365017444e+03
1.101125127826383050e+03
1.101127524287748201e+03
1.101129920749113808e+03
1.093512252750081871e+03
1.100459629211009542e+03
1.100865942081744834e+03
1.100884684387371863e+03
1.100885873004038558e+03
1.100887636601386248e+03
1.100889854165437555e+03
1.100892204609895316e+03
1.100894589486247696e+03
1.100896983046310652e+03
1.100899378782034773e+03
1.100901775061970284e+03
1.100904171477976888e+03
1.100906567927638889e+03
1.100908964377300890e+03
1.100911360826963119e+03
1.093293691920518540e+03
1.100241069036895851e+03
1.100647382067961416e+03
1.100666124404968741e+03
1.093121809049309149e+03
1.100384548319718988e+03
1.100882133201809211e+03
1.100924387766167911e+03
1.100931496265430951e+03
1.100934742413340246e+03
1.100937330767645562e+03
1.100939773910970189e+03
1.100942181953891577e+03
1.100944581387872404e+03
1.100946980821853231e+03
1.100949380255834058e+03
1.093331942739780516e+03
1.100279152716407452e+03
1.100685424863214621e+03
1.100704159198281332e+03
1.100705348051592864e+03
1.100707113937568238e+03
1.100709334303238620e+03
1.100711687677562622e+03
1.100714075515843206e+03
1.100716472045849741e+03
1.100718870753521514e+03
1.100721270005905126e+03
1.100723669394485569e+03
1.100726068816763018e+03
1.100728468239040694e+03
1.100730867661318143e+03
1.093113429237850823e+03
1.100060639869928082e+03
1.100466912177065751e+03
1.100485646543512530e+03
1.092941103826581866e+03
1.100204014477021474e+03
1.100701645830925372e+03
1.100743914266627598e+03
1.100751028463682360e+03
1.100754278265516405e+03
1.100756869762765291e+03
1.100759315921287225e+03
1.093157052042585974e+03
1.093350611089397262e+03
1.093544170136208322e+03
1.093737729183019610e+03
1.101535963134714621e+03
1.097238009433043317e+03
1.094992023651422869e+03
1.094496280265832183e+03
1.072891193198312294e+03
1.090632668354629004e+03
1.094083730918782521e+03
1.095015656875115837e+03
1.095388986822047400e+03
1.095627186252732827e+03
1.095831886483179233e+03
1.096028229643629174e+03
1.096222484644954193e+03
1.096416046443425330e+03
1.096609608241896467e+03
1.096803170040367604e+03
1.104601635167796530e+03
1.100303511180950863e+03
1.098057486699337687e+03
1.097561735878152604e+03
1.097578066887252589e+03
1.097727015585502841e+03
1.097909405037283250e+03
1.098100172557356018e+03
1.098293035711748644e+03
1.098486422844545132e+03
1.098679940976306852e+03
1.098873491858082389e+03
1.099067050927378432e+03
1.099260612715058869e+03
1.099454174502739079e+03
1.099647736290419516e+03
1.107446200511277311e+03
1.103148077192216306e+03
1.100902052862367555e+03
1.100406302070341553e+03
1.100422633078591616e+03
1.100571581768533406e+03
1.100753971210143163e+03
1.100944738719580073e+03
1.101137601863220880e+03
1.101330988985236218e+03
1.101524507106209512e+03
1.101718057977194803e+03
1.080240208520762508e+03
1.080595458679524882e+03
1.080950708838287255e+03
1.081305958997049629e+03
1.103332617670749869e+03
1.088443844952483005e+03
1.083887542576715077e+03
1.082952796189458013e+03
1.082981782630615953e+03
1.083255233451860704e+03
1.083590019217763484e+03
1.083940152368868212e+03
1.084294123218883215e+03
1.084649053546906771e+03
1.085004223747762353e+03
1.085359453917034216e+03
1.085714699078423109e+03
1.086069949228950009e+03
1.086425199379476680e+03
1.086780449530003580e+03
1.108807107435994794e+03
1.093918335296180658e+03
1.089362033040506503e+03
1.088427286675748519e+03
1.110077882559590080e+03
1.095154152603531656e+03
1.090579994324377594e+03
1.089640288148314539e+03
1.089668005010814568e+03
1.089941136601672952e+03
1.090275842439803228e+03
1.090625955595668529e+03
1.090979921440251928e+03
1.091335169474221175e+03
1.091690417508190421e+03
1.092045665542159668e+03
1.114072126146594655e+03
1.099183502669425479e+03
1.094627231277916735e+03
1.093692490695402284e+03
1.115342891030247301e+03
1.100419310409541595e+03
1.095845183130423493e+03
1.094905482767924013e+03
1.094933199473828608e+03
1.095206329436698070e+03
1.095541033280323745e+03
1.095891144350139029e+03
1.096245108085791571e+03
1.096600354003190432e+03
1.096955599920589293e+03
1.097310845837988154e+03
1.119337109140069515e+03
1.104448634326084402e+03
1.099892393798905914e+03
1.098957658998669103e+03
1.120607863783734274e+03
1.105684432498921296e+03
1.101110336220004683e+03
1.100170641671102885e+03
1.100198358220410910e+03
1.100471486555281444e+03
1.100806188404390468e+03
1.101156297388143230e+03
1.101510259014851954e+03
1.101865502815667469e+03
1.102220746616482984e+03
1.102575990417298499e+03
1.124602056416229289e+03
1.109713730265966888e+03
1.105157520603283501e+03
1.104222791585357754e+03
1.125872800819859776e+03
1.110949518871479540e+03
1.106375453592929716e+03
1.105435764857659478e+03
1.105463481250370023e+03
1.105736607957231854e+03
1.106071307811812403e+03
1.106421414709489909e+03
1.106775374227242082e+03
1.107130615911461518e+03
1.107485857595680955e+03
1.107841099279900391e+03
1.129866967974883664e+03
1.114978790488882623e+03
1.110422611690859412e+03
1.109487888455278835e+03
1.131137702138433724e+03
1.116214569527026470e+03
1.111640535249008963e+03
1.110700852327404391e+03
1.110728568563516319e+03
1.111001693642359442e+03
1.111336391502399010e+03
1.111686496313988755e+03
1.112040453722771417e+03
1.112395693290381814e+03
1.112750932857992211e+03
1.113106172425602608e+03
1.135131843815841194e+03
1.120243814994640161e+03
1.115687667061441971e+03
1.114752949608240442e+03
1.136402567739265123e+03
1.121479584465370635e+03
1.116905581188051201e+03
1.115965904080146174e+03
1.115993620159658803e+03
1.116266743610472986e+03
1.116601439475959523e+03
1.116951542201448774e+03
1.117305497501249192e+03
1.117660734952237817e+03
1.118015972403226442e+03
1.118371209854215067e+03
1.140396683938912020e+03
1.125508803783050098e+03
1.120952686714841320e+03
1.120017975044052719e+03
1.141667397622163662e+03
1.126744563686322181e+03
1.122170591409866120e+03
1.121230920115694971e+03
1.121258636038606937e+03
1.121531757861382857e+03
1.121866451732304540e+03
1.122216552371680336e+03
1.122570505562485778e+03
1.122925740896839670e+03
1.123280976231193563e+03
1.123636211565547455e+03
1.145661488343905603e+03
1.130773756853921213e+03
1.126217670650867149e+03
1.125282964762525125e+03
1.146932191786939029e+03
1.132009507189690339e+03
1.127435565914263407e+03
1.126495900433859788e+03
1.126523616200170409e+03
1.126796736394897835e+03
1.127131428271242157e+03
1.127481526824492221e+03
1.127835477906289952e+03
1.128190711123996380e+03
1.128545944341702807e+03
1.128901177559409234e+03
1.150926257030631632e+03
1.136038674207063423e+03
1.131482618869328917e+03
1.130547918763467123e+03
1.152196950233400685e+03
1.137274414975284799e+03
1.132700504701052068e+03
1.131760845034450313e+03
1.131788560644158224e+03
1.132061679210827606e+03
1.132396369092582518e+03
1.132746465559694116e+03
1.133100414532471177e+03
1.133455645633517179e+03
1.133810876734563180e+03
1.134166107835609182e+03
1.156190989998898885e+03
1.141303555842285959e+03
1.136747531370035631e+03
1.135812837046688173e+03
1.157461672961357863e+03
1.142539287042914793e+03
1.137965407770042020e+03
1.137025753917276006e+03
1.137053469370380526e+03
1.137326586308981859e+03
1.137661274196135537e+03
1.138011368577095936e+03
1.105927980576671416e+03
1.106390824116367185e+03
1.106853667656062953e+03
1.107316511195758721e+03
1.140216689599622441e+03
1.117004978777062206e+03
1.110832234315813821e+03
1.109600830893166403e+03
1.142042090357826510e+03
1.118755293188735322e+03
1.112557409237939282e+03
1.111319431275592478e+03
1.143758900582056185e+03
1.120471810418347559e+03
1.114273828279168356e+03
1.113035824635705012e+03
1.113071386336029946e+03
1.113533938044285151e+03
1.113996489752540356e+03
1.114459041460795561e+03
1.147325493782422200e+03
1.124140199350129478e+03
1.117972077480580310e+03
1.116741492350274029e+03
1.149149219202458426e+03
1.125888977024317228e+03
1.119695737309808010e+03
1.118458582132912625e+03
1.150864519592643092e+03
1.127603984961757988e+03
1.121410647143451570e+03
1.120173466302993347e+03
1.120209007259083819e+03
1.120671266038916428e+03
1.121133524818749038e+03
1.121595783598581647e+03
1.154428431892278240e+03
1.131269608836225643e+03
1.125106124186620946e+03
1.123876360267097652e+03
1.156250477649020695e+03
1.133016845625547148e+03
1.126828264835139407e+03
1.125591935377718301e+03
1.157964264137173586e+03
1.134730340203523610e+03
1.128541661394137464e+03
1.127305306290767703e+03
1.127340826418335382e+03
1.127802791173457763e+03
1.128264755928580144e+03
1.128726720683702524e+03
1.161525487083944427e+03
1.138393190327325101e+03
1.132234357514913427e+03
1.131005417722666152e+03
1.163345848856250313e+03
1.140138882088054288e+03
1.133954974898513683e+03
1.132719474092631344e+03
1.165058117377975805e+03
1.141850859242862953e+03
1.135666854119394884e+03
1.134431327685238784e+03
1.134466826900044680e+03
1.134928496534866781e+03
1.135390166169688882e+03
1.135851835804510984e+03
1.168616642526128089e+03
1.145510926929226798e+03
1.139356760560223393e+03
1.138128647809791573e+03
1.170435315996849113e+03
1.147255069521301039e+03
1.141075850598309671e+03
1.139841181374065172e+03
1.139876666059201852e+03
1.140231660672984844e+03
1.140666653542438553e+03
1.141121653485894285e+03
1.173884661102983046e+03
1.174237713718679288e+03
1.174590766334375530e+03
1.174943818950071773e+03
1.196765841475610614e+03
1.182031224795212438e+03
1.177506955451657632e+03
1.176578211860592774e+03
1.198025993561071800e+03
1.183257115999698499e+03
1.178715131605569468e+03
1.177781460715693356e+03
1.177809014963767368e+03
1.178080456282647447e+03
1.178413091309771517e+03
1.178761038606016427e+03
1.179112814834212941e+03
1.179465865320087460e+03
1.179818915805961979e+03
1.180171966291836497e+03
1.201993790694675454e+03
1.187259323231671942e+03
1.182735084922332362e+03
1.181806347148408122e+03
1.203253932492797730e+03
1.188485204822823334e+03
1.183943251599445830e+03
1.183009586558215915e+03
1.183037140648659488e+03
1.183308580329352253e+03
1.183641213349474583e+03
1.183989158546597082e+03
1.184340932652646188e+03
1.184693981008686023e+03
1.185047029364725859e+03
1.185400077720765694e+03
1.207221704000114869e+03
1.192487385755039440e+03
1.187963178480078568e+03
1.187034446523329052e+03
1.208481835510853443e+03
1.193713257732812053e+03
1.189171335680350694e+03
1.188237676487800400e+03
1.188265230420612397e+03
1.188536668463108299e+03
1.188869299476217066e+03
1.189217242574204647e+03
1.189569014558093841e+03
1.189922060784286487e+03
1.190275107010479132e+03
1.190628153236671778e+03
1.212449581391741503e+03
1.197715412365127349e+03
1.193191236124709121e+03
1.192262509985167526e+03
1.213709702615050446e+03
1.198941274729476618e+03
1.194399383848096022e+03
1.193465730504259227e+03
1.193493284279438740e+03
1.193764720683727774e+03
1.194097349689810699e+03
1.194445290688650857e+03
1.194797060550367405e+03
1.195150104646699901e+03
1.195503148743032398e+03
1.195856192839364894e+03
1.217677422869365728e+03
1.202943403061745812e+03
1.198419257856034164e+03
1.197490537533734141e+03
1.218937533805199109e+03
1.204169255812627171e+03
1.199627396102491502e+03
1.198693748607401858e+03
1.198721302224947749e+03
1.198992736991020138e+03
1.199325363990065398e+03
1.199673302889745401e+03
1.200025070629276343e+03
1.200378112595735956e+03
1.200731154562195570e+03
1.201084196528655184e+03
1.222905228432797685e+03
1.208171357844705199e+03
1.203647243673863613e+03
1.202718529168839041e+03
1.202747344219994147e+03
1.203019094586625670e+03
1.203351799003033648e+03
1.203699755666808642e+03
1.204051526250405914e+03
1.204404250367575514e+03
1.204757212871489173e+03
1.205110234972298258e+03
1.205463271972344273e+03
1.205816313930516344e+03
1.206169355888688415e+03
1.206522397846860486e+03
1.228343428980083672e+03
1.213609558972613058e+03
1.209085444922530087e+03
1.208156730440140791e+03
1.208185545490652430e+03
1.208457295850902256e+03
1.208790000259498811e+03
1.209137956915105178e+03
1.209489727490444693e+03
1.209842451599334254e+03
1.210195414094962189e+03
1.210548436187484185e+03
1.178599127037218068e+03
1.179060789733140609e+03
1.179522452429063151e+03
1.179984115124985692e+03
1.212748123962933050e+03
1.189643032818831671e+03
1.183488976135104167e+03
1.182260882828295962e+03
1.214566757761552935e+03
1.191387139006036705e+03
1.185208030281170295e+03
1.183973380607274748e+03
1.184008864798555123e+03
1.184363854073581933e+03
1.184798840403476561e+03
1.185253833507824311e+03
1.185713828774608601e+03
1.186175490315487423e+03
1.186637151856366245e+03
1.187098813397245067e+03
1.219862689422681342e+03
1.196757702222163289e+03
1.190603663796415731e+03
1.189375573726169705e+03
1.221681316617618450e+03
1.198501802349528361e+03
1.192322711968009116e+03
1.191088065548440909e+03
1.191123549657514104e+03
1.191478538043855906e+03
1.191913523285180418e+03
1.192368515251095687e+03
1.192828509366988555e+03
1.193290169752806833e+03
1.193751830138625110e+03
1.194213490524443387e+03
1.226977233736182825e+03
1.203872350480084151e+03
1.197718330312538910e+03
1.196490243478899401e+03
1.228795854327371444e+03
1.205616444547546280e+03
1.199437372509597481e+03
1.198202729344401405e+03
1.230506553147520208e+03
1.207326852561754777e+03
1.201147682677833473e+03
1.199913013902655848e+03
1.161741770094274443e+03
1.162241767847973506e+03
1.162741765601672569e+03
1.163241763355371631e+03
1.201948482477165953e+03
1.174000797591990022e+03
1.167154402712206775e+03
1.165813940324775103e+03
1.204048282526500998e+03
1.175997231570539725e+03
1.169122266425234557e+03
1.167774616941372642e+03
1.206007113792733435e+03
1.177955659238272347e+03
1.171080582493228349e+03
1.169732904934819317e+03
1.207965394577778625e+03
1.208426461370576135e+03
1.208887528163373645e+03
1.209348594956171155e+03
1.242044180921427824e+03
1.218992627737421799e+03
1.212847985143403321e+03
1.211621561311245387e+03
1.243859411704452441e+03
1.220733610803556530e+03
1.214563960167320602e+03
1.213330989130859962e+03
1.245567054048627597e+03
1.222440963431803311e+03
1.216271215120871602e+03
1.215038218510087290e+03
1.176891500861659779e+03
1.177391491627605319e+03
1.177891482393550859e+03
1.178391473159496400e+03
1.217073616882050828e+03
1.189148133648109024e+03
1.182303186998254660e+03
1.180962820861161390e+03
1.219172416741812640e+03
1.191143737833739124e+03
1.184270232043940496e+03
1.182922679554661499e+03
1.221130429438713691e+03
1.193101347598973462e+03
1.186227730252978517e+03
1.184880149692064379e+03
1.184918159457465890e+03
1.185418144950871465e+03
1.185918130444277040e+03
1.186418115937682614e+03
1.225087834338813309e+03
1.197173551285314261e+03
1.190329353101386005e+03
1.188989039857715852e+03
1.227186126636958988e+03
1.199168733474862620e+03
1.192295981815381310e+03
1.190948482617212449e+03
1.229143723083305758e+03
1.201125927324393842e+03
1.194253064130883786e+03
1.192905536862636154e+03
1.231100770116567446e+03
1.231560938320655396e+03
1.232021106524743345e+03
1.232481274728831295e+03
1.265074043474048949e+03
1.242102895255226258e+03
1.235972428287700723e+03
1.234748520767084528e+03
1.266884157267589217e+03
1.243839180861940577e+03
1.237683772039161795e+03
1.236453331121551173e+03
1.268587184533240816e+03
1.245541920051831539e+03
1.239386413813009312e+03
1.238155947375016922e+03
1.238191318675740831e+03
1.238651185166650066e+03
1.239111051657559301e+03
1.239570918148468536e+03
1.272129259785192062e+03
1.249185022262522352e+03
1.243059309596691037e+03
1.241836246654457682e+03
1.273937659324477863e+03
1.250919733808959336e+03
1.244769101468569943e+03
1.243539509762781336e+03
1.275639140147987973e+03
1.252620927104799648e+03
1.246470197435046657e+03
1.245240580226978409e+03
1.207144000281424496e+03
1.207643962842715837e+03
1.208143925404007177e+03
1.208643887965298518e+03
1.247275780269208553e+03
1.219395494857125641e+03
1.212553639453403775e+03
1.211213503961490687e+03
1.249372520029666930e+03
1.221389382671983867e+03
1.214518991192130670e+03
1.213171671041029413e+03
1.251328839872679055e+03
1.223345300928457391e+03
1.216474797982666132e+03
1.215127449766553582e+03
1.253284611382434832e+03
1.253743871175862751e+03
1.254203130969290669e+03
1.254662390762718587e+03
1.287151646619338862e+03
1.264261393667879702e+03
1.258145233177132923e+03
1.256923868091460236e+03
1.288956604787854303e+03
1.265992944755440476e+03
1.259851909128770330e+03
1.258624024592861360e+03
1.258659337564110501e+03
1.259012478073574812e+03
1.259445199798524300e+03
1.259897824559969195e+03
1.260355425563232075e+03
1.260814684167457472e+03
1.261273942771682869e+03
1.261733201375908266e+03
1.294222321999637416e+03
1.271332174697824712e+03
1.265216032920185853e+03
1.263994671161930910e+03
1.296027273430063133e+03
1.273063719596626015e+03
1.266922702770282967e+03
1.265694821580042344e+03
1.265730134466458139e+03
1.266083274060971462e+03
1.266515994665165636e+03
1.266968618254512648e+03
1.299455946047504540e+03
1.299804590632516238e+03
1.300153235217527936e+03
1.300501879802539634e+03
1.321914696767478745e+03
1.307488145758955625e+03
1.303028059579270803e+03
1.302111352836919195e+03
1.323153591508637419e+03
1.308694168657608543e+03
1.304216649636877264e+03
1.303295080778384090e+03
1.303322308674076112e+03
1.303590359493062124e+03
1.303918840691278092e+03
1.304262443495969137e+03
1.304609827577556644e+03
1.304958470006630250e+03
1.305307112435703857e+03
1.305655754864777464e+03
1.327068372097867723e+03
1.312641971392082269e+03
1.308181916580999996e+03
1.307265215724474729e+03
1.328307256458676420e+03
1.313847984586887833e+03
1.309370497072603939e+03
1.308448934131806709e+03
1.308476161867829205e+03
1.308744211028548989e+03
1.309072690195157293e+03
1.309416290874987453e+03
1.309763672808405545e+03
1.310112313081528328e+03
1.310460953354651110e+03
1.310809593627773893e+03
1.332222011128240865e+03
1.317795760725715127e+03
1.313335737283396611e+03
1.312419042312730880e+03
1.333460885108654566e+03
1.319001764216629454e+03
1.314524308208954608e+03
1.313602751185886518e+03
1.313629978762238579e+03
1.313898026264682130e+03
1.314226503399671174e+03
1.314570101954627717e+03
1.314917481739864115e+03
1.315266119857023568e+03
1.315614757974183021e+03
1.315963396091342474e+03
1.337375613858411270e+03
1.322949513759667298e+03
1.318489521686274202e+03
1.317572832601501204e+03
1.338614477458385409e+03
1.324155507546646959e+03
1.319678083045743506e+03
1.318756531940437981e+03
1.318783759357118697e+03
1.319051805201276466e+03
1.319380280304633970e+03
1.319723876734704845e+03
1.288042062588071531e+03
1.288501315246033982e+03
1.288960567903996434e+03
1.289419820561958886e+03
1.321908265003596625e+03
1.299018645962441724e+03
1.292902597753662576e+03
1.291681252633158692e+03
1.323713182742596246e+03
1.300750159916506163e+03
1.294609237095132357e+03
1.293381372633898081e+03
1.293416685096128276e+03
1.293769820115694074e+03
1.294202535115878618e+03
1.294655152844489976e+03
1.295112746737942416e+03
1.295571998206602302e+03
1.296031249675262188e+03
1.296490501143922074e+03
1.328978810345614647e+03
1.306089296959076137e+03
1.299973267464732771e+03
1.298751925671911749e+03
1.330783721346133007e+03
1.307820804724005257e+03
1.301679900704292322e+03
1.300452039588992193e+03
1.332482054621355928e+03
1.309518851584817867e+03
1.303377850412178759e+03
1.302149963831482864e+03
1.264079347602315465e+03
1.264579288624043556e+03
1.265079229645771647e+03
1.265579170667499739e+03
1.304185033862946284e+03
1.276328060414517267e+03
1.269487870909712001e+03
1.268147871735910257e+03
1.306280699104970836e+03
1.278321049416003689e+03
1.271452335938171473e+03
1.270105153067362153e+03
1.270143175434298428e+03
1.270527630882711946e+03
1.270998700183882875e+03
1.271491423255678001e+03
1.271989559788695942e+03
1.272489500764218747e+03
1.272989441739741551e+03
1.273489382715264355e+03
1.312095195395728524e+03
1.284238267125873335e+03
1.277398080895206249e+03
1.276058081996663987e+03
1.314190858547700145e+03
1.286231254376813695e+03
1.279362544196708086e+03
1.278015361603079555e+03
1.316146290314770567e+03
1.288186285246254783e+03
1.281317463647664908e+03
1.279970252992796532e+03
1.280008268341916391e+03
1.280508196893576041e+03
1.281008125445235692e+03
1.281508053996895342e+03
1.320100888693003071e+03
1.292255559470874914e+03
1.285416219574785146e+03
1.284076292738853908e+03
1.322196014288822198e+03
1.294248096202947863e+03
1.287380238430019972e+03
1.286033128399459201e+03
1.324151001819951716e+03
1.296202683177044946e+03
1.289334714009395611e+03
1.287987575919552455e+03
1.288025591877524221e+03
1.288525506819696147e+03
1.289025421761868074e+03
1.289525336704040001e+03
1.328105101889476600e+03
1.300271437752732027e+03
1.293432960411318163e+03
1.292093108815752430e+03
1.330199684960367904e+03
1.302263519240460710e+03
1.295396530162441650e+03
1.294049495889739092e+03
1.294087519386278473e+03
1.294471954528451533e+03
1.294942999129081954e+03
1.295435696462055375e+03
1.334013606067782575e+03
1.334471936829810829e+03
1.334930267591839083e+03
1.335388598353867337e+03
1.367772422611198635e+03
1.344964510094401703e+03
1.338862956579276442e+03
1.337644190251201280e+03
1.369572125533227336e+03
1.346691233570539907e+03
1.340564872960981347e+03
1.339339601434471888e+03
1.371265758544139771e+03
1.348384581823839198e+03
1.342258124324866230e+03
1.341032827388139594e+03
1.341068067638192588e+03
1.341526090115980878e+03
1.341984112593769169e+03
1.342442135071557459e+03
1.374791067463015679e+03
1.352010393066766028e+03
1.345913681357534188e+03
1.344695777082746417e+03
1.376589030309472946e+03
1.353735517710933209e+03
1.347614021443831234e+03
1.346389616697326119e+03
1.346424841353882584e+03
1.346777029898940555e+03
1.347208585527265996e+03
1.347659990770399190e+03
1.310049757933188175e+03
1.310549657960027844e+03
1.311049557986867512e+03
1.311549458013707181e+03
1.350115959014248801e+03
1.322294117880458316e+03
1.315456526240920994e+03
1.314116753688437029e+03
1.352209990295951911e+03
1.324285735787398835e+03
1.317419638667871595e+03
1.316072683977020006e+03
1.354164071885766816e+03
1.326239417506903692e+03
1.319373209041162909e+03
1.318026226295160313e+03
1.279606910810482304e+03
1.280072864170298772e+03
1.280538817530115239e+03
1.281004770889931706e+03
1.319928056642618458e+03
1.291295072359036794e+03
1.284754340885504462e+03
1.283495950781014471e+03
1.322000089341458079e+03
1.293250728225305238e+03
1.286682098963611679e+03
1.285416934728332762e+03
1.323919433333070174e+03
1.295169617637952797e+03
1.288600879393360628e+03
1.287335688696060743e+03
1.287370739344012009e+03
1.287836971428019751e+03
1.288303203512027494e+03
1.288769435596035237e+03
1.327703109230711789e+03
1.299064699604095949e+03
1.292520781278785535e+03
1.291261680020124913e+03
1.329775860489716479e+03
1.301021095064469819e+03
1.294449268018092198e+03
1.293183388921910364e+03
1.331695928094243300e+03
1.302940708172863424e+03
1.296368772100920523e+03
1.295102866528240838e+03
1.295137939809682393e+03
1.295604449512170731e+03
1.296070959214659069e+03
1.296537468917147407e+03
1.335481438099169509e+03
1.306837671048036100e+03
1.300290581390427633e+03
1.299030771963666666e+03
1.337554903002626133e+03
1.308794801462750911e+03
1.302219792217357053e+03
1.300953201262416314e+03
1.339475689666457583e+03
1.310715133714357989e+03
1.304140015400990933e+03
1.302873397955138216e+03
1.341395879942596821e+03
1.341895708896889573e+03
1.342395537851182326e+03
1.342895366805475078e+03
1.381408306600133756e+03
1.353634051449143499e+03
1.346800137545395728e+03
1.345460710535890485e+03
1.383500098108320799e+03
1.355623782111600349e+03
1.348761388237263191e+03
1.347414781398347259e+03
1.385452319190540493e+03
1.357575604702999271e+03
1.350713099582259929e+03
1.349366464697222682e+03
1.387403995263712432e+03
1.387860458813875994e+03
1.388316922364039556e+03
1.388773385914203118e+03
1.420946571923326701e+03
1.398303004784370387e+03
1.392230737980305776e+03
1.391017190685661717e+03
1.422735763625894151e+03
1.400020067642488129e+03
1.393923129933272094e+03
1.392703106050310225e+03
1.424419905861593179e+03
1.401703928445947213e+03
1.395606894379522828e+03
1.394386845198116589e+03
1.394421952055597330e+03
1.394878100810906290e+03
1.395334249566215249e+03
1.395790398321524208e+03
1.427928233104391893e+03
1.405312227480463662e+03
1.399244889118421952e+03
1.398032221187602318e+03
1.429715659192910380e+03
1.407027667000214251e+03
1.400935680621679239e+03
1.399716540921648175e+03
1.399751631658285760e+03
1.400102378615611542e+03
1.400532168378992310e+03
1.400981726853017790e+03
1.401436228004683926e+03
1.401892375528222601e+03
1.402348523051761276e+03
1.402804670575299951e+03
1.434942367120042263e+03
1.412326469261853390e+03
1.406259150179466587e+03
1.405046485689249948e+03
1.436729786303421179e+03
1.414041902432555389e+03
1.407949935423197303e+03
1.406730799182623741e+03
1.438412327525951696e+03
1.415724162781233417e+03
1.409632099504462076e+03
1.408412937984344808e+03
1.440094459404781219e+03
1.440436963340223201e+03
1.440779467275665183e+03
1.441121971211107166e+03
1.461967473477903241e+03
1.447967596101396794e+03
1.443596767092660912e+03
1.442696819583555680e+03
1.463176865869221729e+03
1.449146032451454630e+03
1.444758162516644688e+03
1.443853443621534097e+03
1.443880216535632826e+03
1.444143544214595977e+03
1.444466238895895231e+03
1.444803789568875800e+03
1.465647853760133330e+03
1.465824884053203732e+03
1.466001914346274134e+03
1.466178944639344536e+03
1.472593906929476589e+03
1.469313961644984374e+03
1.467300138413565719e+03
1.466849042087604403e+03
1.466864070058857124e+03
1.467000290028167228e+03
1.467167098396007532e+03
1.467341571998982317e+03
1.467517963043983173e+03
1.467694833520314432e+03
1.467871823858904918e+03
1.468048844163336753e+03
1.468225871959246433e+03
1.468402902241371521e+03
1.468579932523496609e+03
1.468756962805621697e+03
1.475171924183260444e+03
1.471891979569710429e+03
1.469878156491831305e+03
1.469427060195423792e+03
1.469442088165813402e+03
1.469578308126696356e+03
1.469745116484220489e+03
1.469919590076407303e+03
1.470095981110502180e+03
1.470272851575898130e+03
1.470449841903545803e+03
1.470626862197033233e+03
1.470803889981997600e+03
1.470980920253177374e+03
1.471157950524357148e+03
1.471334980795536922e+03
1.477749941260682363e+03
1.474469997318074775e+03
1.472456174393735182e+03
1.472005078126881472e+03
1.472020106096407744e+03
1.472156326048863093e+03
1.472323134396071282e+03
1.472497607977470352e+03
1.472673999000659251e+03
1.472850869455119891e+03
1.473027859771824751e+03
1.473204880054367550e+03
1.473381907828387057e+03
1.473558938088621744e+03
1.473735968348856431e+03
1.473912998609091119e+03
1.480327958161742799e+03
1.477048014890077638e+03
1.475034192119277805e+03
1.474583095881977670e+03
1.474598123850641059e+03
1.474734343794668803e+03
1.474901152131561275e+03
1.475075625702172374e+03
1.475252016714455294e+03
1.475428887157980398e+03
1.475605877463742672e+03
1.475782897735340839e+03
1.475959925498415032e+03
1.476136955747704405e+03
1.476313985996993779e+03
1.476491016246283152e+03
1.482905974886441300e+03
1.479626032285718793e+03
1.477612209668458263e+03
1.477161113460711704e+03
1.477176141428511755e+03
1.477312361364112348e+03
1.477479169690688650e+03
1.477653643250511777e+03
1.484067731846275365e+03
1.480787846022558824e+03
1.478773996573212344e+03
1.478322891186483730e+03
1.484516753009814693e+03
1.484500593925998601e+03
1.484484434842182509e+03
1.484468275758366417e+03
1.475417271302867903e+03
1.483398991426011435e+03
1.484059207119817302e+03
1.484127685611690367e+03
1.484127396364946435e+03
1.484114874035480398e+03
1.484099603469767089e+03
1.484083665223550270e+03
1.484067561268388317e+03
1.484051415961689145e+03
1.484035260321836859e+03
1.484019102098991880e+03
1.484002943230417486e+03
1.483986784134904156e+03
1.483970625039390825e+03
1.483954465943877494e+03
1.474903460588207736e+03
1.482885181360315073e+03
1.483545397213988053e+03
1.483613875737203443e+03
1.483613586489527506e+03
1.483601064151055880e+03
1.483585793574318359e+03
1.483569855316572557e+03
1.477375146802808558e+03
1.483614651362763198e+03
1.483824463566135137e+03
1.483780109281236037e+03
1.474774998817639471e+03
1.474569526972240510e+03
1.474364055126841549e+03
1.474158583281442588e+03
1.451128574229775722e+03
1.469078209448966845e+03
1.472292591237307533e+03
1.472866423695021695e+03
1.481885821285322663e+03
1.476520845493555726e+03
1.473727202855888208e+03
1.472796659213558996e+03
1.481323685185647946e+03
1.475974110567665775e+03
1.473163524241126424e+03
1.472227507929621424e+03
1.471834511554462551e+03
1.471629741908176356e+03
1.471424972261890161e+03
1.471220202615603966e+03
1.448239656504850927e+03
1.466154485811364111e+03
1.469359528069423504e+03
1.469931493769470762e+03
1.478892483615579295e+03
1.473572540564965038e+03
1.470790169400020204e+03
1.469862922322031864e+03
1.478332789375383982e+03
1.473028607273604393e+03
1.470229377039943301e+03
1.469296677735175990e+03
1.477764651360879498e+03
1.477750798152360403e+03
1.477736944943841308e+03
1.477723091735322214e+03
1.468849621139605915e+03
1.476703335627782508e+03
1.477332032051851002e+03
1.477394331774846478e+03
1.471096764385521965e+03
1.477418899339287464e+03
1.477662205235879583e+03
1.477628616358691488e+03
1.471189237385106253e+03
1.477615657405840466e+03
1.477864509093402376e+03
1.477830986744404527e+03
1.471391081502697716e+03
1.471570270115580797e+03
1.471749458728463878e+03
1.471928647341346959e+03
1.478523635738400571e+03
1.475111304707484578e+03
1.473067199585559592e+03
1.472610275198342379e+03
1.472625473368451594e+03
1.472763355168518501e+03
1.472932197767911020e+03
1.473108798670761189e+03
1.473287340280723356e+03
1.473466367138162923e+03
1.473645515311890676e+03
1.473824693814966395e+03
1.474003879900396441e+03
1.474183068502353535e+03
1.474362257104310629e+03
1.474541445706267723e+03
1.481136433191531296e+03
1.477724102831195751e+03
1.475679997862591335e+03
1.475223073504878585e+03
1.475238271674126509e+03
1.475376153465780590e+03
1.475544996054875355e+03
1.475721596946956879e+03
1.482315706807994729e+03
1.478903431126195301e+03
1.476859298821216271e+03
1.476402365161979333e+03
1.482774312276332239e+03
1.482760462027622907e+03
1.482746611778913575e+03
1.482732761530204243e+03
1.473859518922838106e+03
1.481713069006721526e+03
1.482341724966805714e+03
1.482404016758420539e+03
1.482403911474626284e+03
1.482393166712759921e+03
1.482380072162377246e+03
1.482366409546144723e+03
1.473492986069280050e+03
1.481346761159566313e+03
1.481975433784173219e+03
1.482037727168059973e+03
1.473119948882333347e+03
1.472915184649236608e+03
1.472710420416139868e+03
1.472505656183043129e+03
1.449525491456407053e+03
1.467440052375794039e+03
1.470645022631827260e+03
1.471216973940954858e+03
1.471201581356462611e+03
1.471043858472280590e+03
1.470850835711583613e+03
1.470649005667268284e+03
1.470444974907655251e+03
1.470240394038322393e+03
1.470035675645878882e+03
1.469830922872927204e+03
1.469626161504865649e+03
1.469421397261091897e+03
1.469216633017318145e+03
1.469011868773544393e+03
1.446031703294668205e+03
1.463946264743420898e+03
1.467151235141470352e+03
1.467723186478982370e+03
1.476683727027345412e+03
1.471364130373539410e+03
1.468581845923337369e+03
1.467654624207827510e+03
1.467264429738296485e+03
1.467013008005843631e+03
1.466796560660909336e+03
1.466588874471546433e+03
1.475300827069585466e+03
1.475286213101057228e+03
1.475271599132528991e+03
1.475256985164000753e+03
1.466324923794123151e+03
1.474220886884238553e+03
1.474859983256507803e+03
1.474924321553266736e+03
1.468685313762735404e+03
1.474963227963349937e+03
1.475194617369341813e+03
1.475157476926240179e+03
1.475131979072746617e+03
1.475114315921729940e+03
1.475098919145492800e+03
1.475084108193050042e+03
1.466152224223740177e+03
1.465947465425215569e+03
1.465742706626690961e+03
1.465537947828166352e+03
1.442558165993376406e+03
1.460472457464373292e+03
1.463677355433894490e+03
1.464249292295252417e+03
1.464233900148317844e+03
1.464076181447831459e+03
1.463883163808886366e+03
1.463681339120931625e+03
1.472394762066810699e+03
1.467083272161361492e+03
1.464292656202909939e+03
1.463362739033555272e+03
1.440245439472823364e+03
1.439882232217707724e+03
1.439519024962592084e+03
1.439155817707476444e+03
1.405658645055632405e+03
1.430842576799275321e+03
1.436118676946071901e+03
1.437109764137113416e+03
1.459856555877473056e+03
1.443788125840184193e+03
1.438424609118023454e+03
1.436750993056640027e+03
1.436056531479285923e+03
1.435610284284379304e+03
1.435226302926698281e+03
1.434857901264057091e+03
1.401359552944155212e+03
1.400892493355878742e+03
1.400425433767602271e+03
1.399958374179325801e+03
1.360994165392332206e+03
1.389648405143945183e+03
1.396201767725446189e+03
1.397462979344682253e+03
1.430591561426095723e+03
1.406175452779193392e+03
1.399035948178643594e+03
1.396867424283941318e+03
1.429075387868921098e+03
1.404505508519584282e+03
1.397315260271356010e+03
1.395133500124419015e+03
1.394235805488313417e+03
1.393769021304919079e+03
1.393302237121524740e+03
1.392835452938130402e+03
1.353881355330262522e+03
1.382530373189915281e+03
1.389080595481463661e+03
1.390341104909060959e+03
1.423438017568372288e+03
1.399048051184730866e+03
1.391913514968090567e+03
1.389746320981438885e+03
1.421922967130208917e+03
1.397379502145465267e+03
1.390194263955196675e+03
1.388013842286441559e+03
1.387116681183554874e+03
1.386650173511995490e+03
1.386183665840436106e+03
1.385717158168876722e+03
1.346773264117599638e+03
1.375416992145747827e+03
1.381964058613856878e+03
1.383223862860588270e+03
1.416289027610318726e+03
1.391925261329380191e+03
1.384795710415803342e+03
1.382629851476581507e+03
1.414775103884024247e+03
1.390258111467328945e+03
1.383077900374410319e+03
1.380898822354585263e+03
1.413040490732962780e+03
1.412678876920446555e+03
1.412317263107930330e+03
1.411955649295414105e+03
1.378555741662419905e+03
1.403674282863624967e+03
1.408930032428896311e+03
1.409916931845316412e+03
1.432517055748385246e+03
1.416564488947969949e+03
1.411227432756045118e+03
1.409561356952474853e+03
1.431400747190476523e+03
1.415374714051451974e+03
1.410001323497247085e+03
1.408325192021214207e+03
1.430161629321488363e+03
1.429960388795638664e+03
1.429759148269788511e+03
1.429557907743938813e+03
1.406826259148255986e+03
1.424565882718181228e+03
1.427723969031225579e+03
1.428286551771743234e+03
1.436954284038570449e+03
1.431860387596646888e+03
1.429134646681538925e+03
1.428223966296003255e+03
1.436406856672909953e+03
1.431330525024508688e+03
1.428588350045998141e+03
1.427672320155109674e+03
1.435853341730530701e+03
1.435843349167043243e+03
1.435833356603555785e+03
1.435823364040068327e+03
1.427247504021125224e+03
1.434886565686675340e+03
1.435462469586533416e+03
1.435514423216849309e+03
1.428919945106256591e+03
1.435466233581138795e+03
1.435769995911847900e+03
1.435754429132060977e+03
1.427230098093424431e+03
1.434812669199914808e+03
1.435384549481711247e+03
1.435436152712793728e+03
1.435436308248092018e+03
1.435425551843094127e+03
1.435414795438096235e+03
1.435404039033098343e+03
1.426769258820843334e+03
1.434450823793149539e+03
1.435037174949403607e+03
1.435091175707864522e+03
1.435091316901399978e+03
1.435082954086437212e+03
1.435072775402371008e+03
1.435062162135305698e+03
1.435051441434021854e+03
1.435040693949904380e+03
1.435029939774811282e+03
1.435019183927269751e+03
1.428413518870852158e+03
1.428594878677107090e+03
1.428776238483362022e+03
1.428957598289616953e+03
1.435733866886654368e+03
1.432188196852687497e+03
1.430113619073498512e+03
1.429650831281323235e+03
1.429666200642404874e+03
1.429805754187299954e+03
1.429976643152613178e+03
1.430155384044143148e+03
1.430336089046439838e+03
1.430517285147000393e+03
1.430698604026537623e+03
1.430879953601094485e+03
1.431061310849423762e+03
1.431242670644772261e+03
1.431424030440120760e+03
1.431605390235469258e+03
1.438381657921445139e+03
1.434835988557679684e+03
1.432761410931586397e+03
1.432298623168865561e+03
1.432313992529087272e+03
1.432453546065584987e+03
1.432624435020618648e+03
1.432803175901399072e+03
1.432983880892828665e+03
1.433165076982492792e+03
1.433346395851125862e+03
1.433527745414777200e+03
1.440304009642672327e+03
1.440293253202572487e+03
1.440282496762472647e+03
1.440271740322372807e+03
1.431636957402892222e+03
1.439318524328034300e+03
1.439904875964362418e+03
1.439958876816896918e+03
1.439959018007635905e+03
1.439950655165648413e+03
1.439940476448499567e+03
1.439929863146837306e+03
1.431294887910116586e+03
1.438976677370786774e+03
1.439563044982878637e+03
1.439617047254078216e+03
1.433081282860988267e+03
1.433261927664325412e+03
1.433442572467662558e+03
1.433623217270999703e+03
1.440339767851371334e+03
1.436838026305914809e+03
1.434773484706164027e+03
1.434312627875999169e+03
1.434327940864173115e+03
1.434466943881003999e+03
1.434637158950637513e+03
1.434815195115341339e+03
1.414236215921486064e+03
1.431394918945857853e+03
1.434662424365093557e+03
1.435537209899050367e+03
1.442481379904738333e+03
1.442470623441237194e+03
1.442459866977736056e+03
1.442449110514234917e+03
1.433814325789937129e+03
1.441495894016969487e+03
1.442082245973346971e+03
1.442136246888596816e+03
1.433453996550517331e+03
1.441192633869942483e+03
1.441783082438164229e+03
1.441837446960751549e+03
1.435301963260666753e+03
1.441803726732024415e+03
1.442095517325201399e+03
1.442076384386431528e+03
1.433492407424661906e+03
1.433291871918808965e+03
1.433091336412956025e+03
1.432890800907103085e+03
1.410208936001295797e+03
1.427913503080236751e+03
1.431062205475937617e+03
1.431622913565997806e+03
1.431607861405388803e+03
1.431453393925268301e+03
1.431264356483412485e+03
1.431066694309395416e+03
1.408385356568337329e+03
1.426090281841868091e+03
1.429239041453026857e+03
1.429799761550467338e+03
1.407254488351356713e+03
1.406893408719059380e+03
1.406532329086762047e+03
1.406171249454464714e+03
1.372804002637915801e+03
1.397900573510404456e+03
1.403149497776362296e+03
1.404134993123370350e+03
1.426685999567582030e+03
1.410772225034673056e+03
1.405444036194373666e+03
1.403780487945788764e+03
1.370115784008812852e+03
1.395100160836406303e+03
1.400326134660933121e+03
1.401306316132598567e+03
1.368239031459921080e+03
1.367772804607240005e+03
1.367306577754558930e+03
1.366840350901877855e+03
1.327906871763901108e+03
1.356545179991226860e+03
1.363089038529605887e+03
1.364348126442256898e+03
1.397381098216316786e+03
1.373043892278030398e+03
1.365919401229288951e+03
1.363754897923918179e+03
1.395868317818363948e+03
1.371378161714349062e+03
1.364203052883661940e+03
1.362025339230049667e+03
1.394135176544106571e+03
1.393774101040548885e+03
1.393413025536991199e+03
1.393051950033433513e+03
1.359684955761020092e+03
1.384781356727080038e+03
1.390030228233615617e+03
1.391015712728072685e+03
1.413566339636869998e+03
1.397652864837976722e+03
1.392324744528258179e+03
1.390661215815015566e+03
1.412451992154430854e+03
1.396465397411141339e+03
1.391101012181978376e+03
1.389427443765256157e+03
1.388734511549999979e+03
1.388373969093204323e+03
1.388013426636408667e+03
1.387652884179613011e+03
1.354318508453631466e+03
1.379392961177906045e+03
1.384635020346250940e+03
1.385619103663354053e+03
1.408120742832803217e+03
1.392245953309600736e+03
1.386926679942325336e+03
1.385265673313310344e+03
1.407008336775947555e+03
1.391060769936642373e+03
1.385705300389324066e+03
1.384034269868107003e+03
1.383342366046053485e+03
1.382982357491026050e+03
1.382622348935998616e+03
1.382262340380971182e+03
1.348960662252030033e+03
1.374013107271856370e+03
1.379248341670760283e+03
1.380231021476810611e+03
1.402683619545531883e+03
1.386847552944196195e+03
1.381537139133723031e+03
1.379878658527920152e+03
1.379190345019060715e+03
1.378748031673070955e+03
1.378367432665341994e+03
1.378002275606666899e+03
1.400072410590079244e+03
1.399872591586695762e+03
1.399672772583312280e+03
1.399472953579928799e+03
1.376841703856546246e+03
1.394510624722876173e+03
1.397649789204165927e+03
1.398208592045142950e+03
1.406758336090889998e+03
1.401755359776040223e+03
1.399052420950153646e+03
1.398148413023082639e+03
1.406215847242199288e+03
1.401231160282491373e+03
1.398511958453402940e+03
1.397602642388424101e+03
1.405668217733228403e+03
1.405659776698769065e+03
1.405651335664309727e+03
1.405642894629850389e+03
1.397186770496393365e+03
1.404739447750046111e+03
1.405294127832260301e+03
1.405341923117032820e+03
1.405342248744242170e+03
1.405335668532576847e+03
1.405327672025367519e+03
1.405319340830306601e+03
1.398538200885615879e+03
1.405227521586269177e+03
1.405558642247397756e+03
1.405550428049749144e+03
1.398704856816551910e+03
1.398889086004117871e+03
1.399073315191683832e+03
1.399257544379249794e+03
1.406273666307739177e+03
1.402551526347613162e+03
1.400436661151283715e+03
1.399966123566235410e+03
1.406754674776516140e+03
1.403045383166916054e+03
1.400923224665574708e+03
1.400450233011765476e+03
1.400465176296629807e+03
1.400606773688356270e+03
1.400780325547397752e+03
1.400961884191852050e+03
1.407977107317845594e+03
1.407969430155019154e+03
1.407961752992192714e+03
1.407954075829366275e+03
1.399556929447185212e+03
1.407067051593166980e+03
1.407611280898652922e+03
1.407657028796406848e+03
1.407657415266049384e+03
1.407651423159379647e+03
1.407644146581624000e+03
1.407636568272619343e+03
1.400797484284676557e+03
1.407531231072805895e+03
1.407874351857222337e+03
1.407869714108940570e+03
1.399526496142433416e+03
1.399328788442782525e+03
1.399131080743131633e+03
1.398933373043480742e+03
1.376451390890913899e+03
1.394015164131098800e+03
1.397126216629072587e+03
1.397679404920419529e+03
1.406054050465206046e+03
1.401185974579107096e+03
1.398516893450337648e+03
1.397622795132109559e+03
1.405518893815746651e+03
1.400670181303548588e+03
1.397985091099256124e+03
1.397085746074769304e+03
1.404980000636556497e+03
1.404973860279877272e+03
1.404967719923198047e+03
1.404961579566518822e+03
1.396683143621841054e+03
1.404107600568768703e+03
1.404630801222217997e+03
1.404672429876878823e+03
1.397782127681513202e+03
1.404551656125411455e+03
1.404915715392203538e+03
1.404918129471371458e+03
1.397900500267743837e+03
1.404777535776998093e+03
1.405148023020131177e+03
1.405150725085759632e+03
1.398132626212740433e+03
1.398318995263362922e+03
1.398505364313985410e+03
1.398691733364607899e+03
1.405886935842019739e+03
1.402033003242484483e+03
1.399888081686227451e+03
1.399411763962730220e+03
1.399427528196228423e+03
1.399570938695659152e+03
1.399746548914746427e+03
1.399930227058118817e+03
1.407124526732986851e+03
1.403270641795357051e+03
1.401125691222801152e+03
1.400649363789969584e+03
1.379551234335297522e+03
1.379900421311750051e+03
1.380249608288202580e+03
1.380598795264655109e+03
1.402061873351083705e+03
1.387597497768261519e+03
1.383129519162609995e+03
1.382211331622215766e+03
1.403303380089515258e+03
1.388805962381425843e+03
1.384320516250113769e+03
1.383397458575510427e+03
1.383424726639266055e+03
1.383693194645453787e+03
1.384022186956071664e+03
1.384366324333820785e+03
1.384714248852339324e+03
1.385063433676032446e+03
1.385412618499725568e+03
1.385761803323418690e+03
1.407224681873309009e+03
1.392760456461619242e+03
1.388292509183900847e+03
1.387374327520974248e+03
1.408466178242689239e+03
1.393968911381934731e+03
1.389483496716241007e+03
1.388560444950931014e+03
1.356558686418269417e+03
1.381812911901221696e+03
1.387602600674723135e+03
1.389254351442367124e+03
1.357828216309498430e+03
1.358288071893340884e+03
1.358747927477183339e+03
1.359207783061025793e+03
1.391764881025182603e+03
1.368821615535073306e+03
1.362696074689697980e+03
1.361473042276504657e+03
1.393573218629069970e+03
1.370556270207981015e+03
1.364405810489495479e+03
1.363176249480224442e+03
1.363211604941249789e+03
1.363565203842074197e+03
1.363998487065606469e+03
1.364451699048129512e+03
1.364909893699699069e+03
1.365369748102699759e+03
1.365829602505700450e+03
1.366289456908701140e+03
1.398846420231675893e+03
1.375903259974277944e+03
1.369777737730650870e+03
1.368554708622639282e+03
1.400654751130343129e+03
1.377637908489957454e+03
1.371487467459986647e+03
1.370257909774028576e+03
1.370293265150863590e+03
1.370646863143165774e+03
1.371080145253820774e+03
1.371533356072485958e+03
1.371991549547459272e+03
1.372451402769601600e+03
1.372911255991743928e+03
1.373371109213886257e+03
1.405927937894500928e+03
1.382984882870644697e+03
1.376859379228987791e+03
1.375636353426201822e+03
1.375673357730047655e+03
1.376027368092369670e+03
1.376460752473430148e+03
1.376913987978017303e+03
1.409469029254196357e+03
1.386525686097219932e+03
1.380400085103881565e+03
1.379177033798211596e+03
1.411276935497940713e+03
1.411626113854903224e+03
1.411975292211865735e+03
1.412324470568828247e+03
1.433786749728026962e+03
1.419322975417205271e+03
1.414855122246156043e+03
1.413936958238703028e+03
1.435028214949637004e+03
1.420531401220995576e+03
1.416046081075568509e+03
1.415123047061331818e+03
1.383121690731089529e+03
1.408375632855437289e+03
1.414165226311650031e+03
1.415816947293620615e+03
1.384391200701068328e+03
1.384851052737740702e+03
1.385310904774413075e+03
1.385770756811085448e+03
1.418327450324254869e+03
1.395384500944244564e+03
1.389259015977161653e+03
1.388035993492506805e+03
1.420135767786194265e+03
1.397119137121320136e+03
1.390968733541766596e+03
1.389739182515500033e+03
1.389774537723622871e+03
1.390128133895307201e+03
1.390561413775830488e+03
1.391014622262202010e+03
1.353328846331888826e+03
1.353828817295328236e+03
1.354328788258767645e+03
1.354828759222207054e+03
1.393472697233112285e+03
1.365581601068568943e+03
1.358738989342711193e+03
1.357398794572828820e+03
1.395569932577855980e+03
1.367575902626803781e+03
1.360704749259137316e+03
1.359357369404051724e+03
1.397526660460163839e+03
1.369532228602304485e+03
1.362660963746919833e+03
1.361313555825156527e+03
1.399482839666623477e+03
1.399942387662221336e+03
1.400401935657819195e+03
1.400861483653417054e+03
1.433383534206836430e+03
1.410467657985191636e+03
1.404346961200991018e+03
1.403124789650607909e+03
1.435190126198608596e+03
1.412200709617864959e+03
1.406055116550811817e+03
1.404826421126673040e+03
1.404861754654459219e+03
1.405215116901704050e+03
1.405648110240688993e+03
1.406101019059018199e+03
1.368427686158443748e+03
1.368927648193729055e+03
1.369427610229014363e+03
1.369927572264299670e+03
1.408558755369379696e+03
1.380679105997662191e+03
1.373837295415351491e+03
1.372497163489624427e+03
1.410655465918393247e+03
1.382672969408941753e+03
1.375802623078890292e+03
1.374455306519442274e+03
1.374493327421497042e+03
1.374877799276357109e+03
1.375348888502590853e+03
1.375841632319775044e+03
1.376339789799555319e+03
1.376839751797767349e+03
1.377339713795979378e+03
1.377839675794191407e+03
1.416470809089684280e+03
1.388591204387505513e+03
1.381749396954377289e+03
1.380409265279432475e+03
1.418567517586933263e+03
1.390585066084650862e+03
1.383714722926848935e+03
1.382367406619973508e+03
1.382405427525276764e+03
1.382789899351137819e+03
1.383260988542191626e+03
1.383753732322767974e+03
1.384251889765590931e+03
1.384751851726711720e+03
1.385251813687832509e+03
1.385751775648953299e+03
1.424382859133460897e+03
1.396503299101829953e+03
1.389661494818132269e+03
1.388321363394017908e+03
1.426479565578869824e+03
1.398497159084769009e+03
1.391626819099465365e+03
1.390279503045210731e+03
1.390317523953761338e+03
1.390701995750609740e+03
1.391173084906466556e+03
1.391665828650417325e+03
1.392163986056264775e+03
1.392663947980275907e+03
1.393163909904287038e+03
1.393663871828298170e+03
1.432294905500422374e+03
1.404415390140348109e+03
1.397573589006327893e+03
1.396233457833092643e+03
1.434391609893914847e+03
1.406409248409008342e+03
1.399538911596451271e+03
1.398191595794866544e+03
1.359823897762989645e+03
1.388769855661234033e+03
1.396593687569491067e+03
1.398927202641612894e+03
1.399885545959938099e+03
1.400385516728564880e+03
1.400885487497191662e+03
1.401385458265818443e+03
1.440029099554213644e+03
1.412138269866030214e+03
1.405295676657184003e+03
1.403955483317939752e+03
1.442126322704244785e+03
1.414132561249646642e+03
1.407261426535816327e+03
1.405914048121713904e+03
1.405952068164830280e+03
1.406336546858461816e+03
1.406807644375864356e+03
1.407300396817813407e+03
1.369414115407696272e+03
1.369878098274307149e+03
1.370342081140918026e+03
1.370806064007528903e+03
1.409654494470357577e+03
1.381061150861956094e+03
1.374543029134938024e+03
1.373289671236468166e+03
1.411721389966915922e+03
1.383011530777825101e+03
1.376465589186919260e+03
1.375205483401040738e+03
1.375240380752151850e+03
1.375597215790430482e+03
1.376034419460992240e+03
1.376491708014266351e+03
1.344172300448163924e+03
1.344529660359650279e+03
1.344887020271136635e+03
1.345244380182622990e+03
1.378383456978852792e+03
1.353440545409391234e+03
1.348239190155004508e+03
1.347263474315598842e+03
1.380105368217835803e+03
1.355050095158886052e+03
1.349825876875945596e+03
1.348844877610257981e+03
1.348871339624379516e+03
1.349146207747345443e+03
1.349482959284733852e+03
1.349835168013980820e+03
1.328002822587952551e+03
1.328199156379578653e+03
1.328395490171204756e+03
1.328591823962830858e+03
1.350976575353374528e+03
1.333481313371556780e+03
1.330388559873103986e+03
1.329839025500346224e+03
1.352091364871167798e+03
1.334505000992900023e+03
1.331397821885000212e+03
1.330845272876563058e+03
1.353097088556362451e+03
1.335510368514164611e+03
1.332403133032584265e+03
1.331850572246690035e+03
1.323588831138644309e+03
1.323595016611392566e+03
1.323601202084140823e+03
1.323607387556889080e+03
1.331889309538439420e+03
1.324462336761994720e+03
1.323938518710584276e+03
1.323896769123778313e+03
1.332230482548544842e+03
1.324747378660529648e+03
1.324219724743249799e+03
1.324177677227052754e+03
1.331064254147173415e+03
1.324297547337438118e+03
1.323934206610431374e+03
1.323932003665520597e+03
1.330946254669188420e+03
1.330759933047871982e+03
1.330573611426555544e+03
1.330387289805239106e+03
1.323196058519514054e+03
1.327047068226097736e+03
1.329191323484910754e+03
1.329667513087448242e+03
1.322705732411180179e+03
1.326544418613711059e+03
1.328696092598889663e+03
1.329174766698973826e+03
1.329159666025606384e+03
1.329016459407949242e+03
1.328840935882342364e+03
1.328657314993757836e+03
1.349632320998657860e+03
1.349282624143537078e+03
1.348932927288416295e+03
1.348583230433295512e+03
1.327072881210687910e+03
1.341572834758581621e+03
1.346048233976662232e+03
1.346967813624720975e+03
1.325828918124483152e+03
1.340362074033609133e+03
1.344854973393043110e+03
1.345779430713359943e+03
1.324641981336006211e+03
1.339175266536108438e+03
1.343668234234301735e+03
1.344592710606788387e+03
1.344565409666487767e+03
1.344216263571712034e+03
1.343867117476936301e+03
1.343517971382160567e+03
1.322058682499175120e+03
1.336520206339181414e+03
1.340987590019880599e+03
1.341905665945255805e+03
1.320817372670042005e+03
1.335311925794465651e+03
1.339796774386152720e+03
1.340719719841367805e+03
1.340692454805087436e+03
1.340424018243565115e+03
1.340095064457033004e+03
1.339750967371667002e+03
1.318293138197584312e+03
1.318107536921445899e+03
1.317921935645307485e+03
1.317736334369169072e+03
1.310605405816480697e+03
1.314412033106769741e+03
1.316546169403738531e+03
1.317020413169999756e+03
1.310118288194103343e+03
1.313912411160341435e+03
1.316053922997291011e+03
1.316530640785111700e+03
1.309629403168620456e+03
1.313423476856238494e+03
1.315565017477885021e+03
1.316041744928268145e+03
1.316026701002464279e+03
1.315841814929410702e+03
1.315656928856357126e+03
1.315472042783303550e+03
1.308400966485712388e+03
1.312163546340967287e+03
1.314287637035348553e+03
1.314759948919991530e+03
1.307917033637457735e+03
1.311666929780117698e+03
1.313798353145307374e+03
1.314273128650840817e+03
1.307431098213523228e+03
1.311180944376848402e+03
1.313312396359266359e+03
1.313787181486733516e+03
1.334780967114450505e+03
1.334432927182607045e+03
1.334084887250763586e+03
1.333736847318920127e+03
1.312380031619687998e+03
1.326764442796502180e+03
1.331215732223464101e+03
1.332130788280068600e+03
1.311144047522879646e+03
1.325561140919063746e+03
1.330029824534086629e+03
1.330949733769149589e+03
1.309964433726035622e+03
1.324381654380685859e+03
1.328850405920510866e+03
1.329770334112059345e+03
1.329743155856518797e+03
1.329395669168407949e+03
1.329048182480297100e+03
1.328700695792186252e+03
1.307395092944216685e+03
1.321740971663467235e+03
1.326184213784593339e+03
1.327097759588869621e+03
1.306161770928639953e+03
1.320540158556380447e+03
1.325000759511033493e+03
1.325919150316717150e+03
1.304984600563125014e+03
1.319363114772102790e+03
1.323823783513428225e+03
1.324742193243654128e+03
1.324715055959022038e+03
1.324368123338739224e+03
1.324021190718456410e+03
1.323674258098173595e+03
1.302419918629584799e+03
1.316727230868754305e+03
1.321162415146503463e+03
1.322074448531896678e+03
1.301189261620172147e+03
1.315528909379853303e+03
1.319981417095427332e+03
1.320898287293686963e+03
1.300014537477749400e+03
1.314354311141139306e+03
1.318806886505095690e+03
1.319723775595909046e+03
1.298840031393551953e+03
1.298658010500596902e+03
1.298475989607641850e+03
1.298293968714686798e+03
1.291462467714258764e+03
1.295048769641412719e+03
1.297132627789177150e+03
1.297597200991909403e+03
1.290991285363818633e+03
1.294564186329260110e+03
1.296655205498260557e+03
1.297122200661026909e+03
1.297107423503322025e+03
1.296967524440599163e+03
1.296796053420968747e+03
1.296616671209591004e+03
1.289786061238874026e+03
1.289796111222240825e+03
1.289806161205607623e+03
1.289816211188974421e+03
1.298396501019862171e+03
1.290754243699444032e+03
1.290177554417510692e+03
1.290125446897402298e+03
1.298753871245605296e+03
1.291054689504932639e+03
1.290473943892331818e+03
1.290421482914752232e+03
1.290421238500214940e+03
1.290429048294033237e+03
1.290438559069063103e+03
1.290448475552799891e+03
1.297107509782909801e+03
1.296925494492718144e+03
1.296743479202526487e+03
1.296561463912334830e+03
1.289730431081896086e+03
1.293316388586125186e+03
1.295400168078024763e+03
1.295864726149029593e+03
1.289259273652045067e+03
1.292831828794194507e+03
1.294922768971814094e+03
1.295389748921394585e+03
1.288785171172229866e+03
1.292357673527919587e+03
1.294448641650905756e+03
1.294915631059360521e+03
1.294900856839885137e+03
1.294719558931529718e+03
1.294538261023174300e+03
1.294356963114818882e+03
1.287585865093659322e+03
1.291127731525411264e+03
1.293201440427343414e+03
1.293664061053363184e+03
1.287117898109494263e+03
1.290646182945528381e+03
1.292727009577943363e+03
1.293192041652858279e+03
1.286646750932171472e+03
1.290174982281641405e+03
1.292255836691617787e+03
1.292720878184665025e+03
1.313460742307098599e+03
1.313115481172789259e+03
1.312770220038479920e+03
1.312424958904170580e+03
1.291325113390832485e+03
1.305516220747929310e+03
1.309927105223300941e+03
1.310834576513932006e+03
1.290102489785988382e+03
1.304325410684532017e+03
1.308753511886807701e+03
1.309665795291648692e+03
1.341422906868004929e+03
1.316341200233810696e+03
1.310609383401536888e+03
1.308975707671580949e+03
1.308312102188145673e+03
1.307966288859927090e+03
1.307620475531708507e+03
1.307274662203489925e+03
1.286123803541336429e+03
1.300353277199724062e+03
1.304772187941071252e+03
1.305681166287551150e+03
1.284898527048027290e+03
1.299159986509184364e+03
1.303596149219126801e+03
1.304509947838605058e+03
1.283728742034519655e+03
1.297990326032835128e+03
1.302426556111931632e+03
1.303340373559351519e+03
1.303313360216887077e+03
1.302968103433694750e+03
1.302622846650502424e+03
1.302277589867310098e+03
1.281178146221778889e+03
1.295368951355060517e+03
1.299779772591569099e+03
1.300687232007388957e+03
1.279955543516834268e+03
1.294178160834900154e+03
1.298606198520663611e+03
1.299518469986407808e+03
1.278788213110176684e+03
1.293010954286976585e+03
1.297439059203121133e+03
1.298351349464683608e+03
1.277621098180620720e+03
1.277441241936974393e+03
1.277261385693328066e+03
1.277081529449681739e+03
1.270430817625331201e+03
1.273884132198090583e+03
1.275937606418884116e+03
1.276396333710639510e+03
1.269969259801023554e+03
1.273408633008237530e+03
1.275469138662588648e+03
1.275930256445154100e+03
1.269504049683480844e+03
1.272943367998838085e+03
1.275003901093631384e+03
1.275465028212459856e+03
1.275450416408488081e+03
1.275271278834787836e+03
1.275092141261087590e+03
1.274913003687387345e+03
1.268322274543183994e+03
1.271731473094119792e+03
1.273774862004737543e+03
1.274231648565384376e+03
1.267863910479850119e+03
1.271258988529766839e+03
1.273309365868239638e+03
1.273768532472889319e+03
1.273753972260213231e+03
1.273616290663479958e+03
1.273447536546299261e+03
1.273270996052885494e+03
1.273092507825263056e+03
1.272913373059658625e+03
1.272734238294054194e+03
1.272555103528449763e+03
1.265964608718769114e+03
1.269373634928193042e+03
1.271416984434149072e+03
1.271873763411803338e+03
1.265506257133010649e+03
1.268901162141743498e+03
1.270951499907534071e+03
1.271410658888372609e+03
1.265044017216790962e+03
1.268438866631216797e+03
1.270489231668790808e+03
1.270948399944924404e+03
1.291534959693854717e+03
1.291191379638443095e+03
1.290847799583031474e+03
1.290504219527619853e+03
1.269559522198068862e+03
1.283633968689323865e+03
1.288020426982353229e+03
1.288923310745296021e+03
1.268344968713764501e+03
1.282450705405613689e+03
1.286854273205928621e+03
1.287761944248901727e+03
1.267185028340834833e+03
1.281290886851734740e+03
1.285694521464612308e+03
1.286602211206640959e+03
1.266025300869293233e+03
1.265847604719702758e+03
1.265669908570112284e+03
1.265492212420521810e+03
1.259021729841329943e+03
1.262342499793759089e+03
1.264365664127389664e+03
1.264818558389075861e+03
1.258569769039527728e+03
1.261876059621472450e+03
1.263906126153784498e+03
1.264361379508088021e+03
1.258113449697906162e+03
1.261419683286506825e+03
1.263449776754405093e+03
1.263905039322319681e+03
1.257657112869615048e+03
1.257672563088284278e+03
1.257688013306953508e+03
1.257703463525622738e+03
1.266699908756022523e+03
1.258757523678935513e+03
1.258106996547202925e+03
1.258040417456540126e+03
1.267079881274723220e+03
1.259079468707099750e+03
1.258424577517725538e+03
1.258357567396040167e+03
1.267397192297417860e+03
1.259396552668076765e+03
1.258741644404805584e+03
1.258674632597718301e+03
1.264848951861879186e+03
1.264672696013990162e+03
1.264496440166101138e+03
1.264320184318212114e+03
1.257969775350755299e+03
1.261202257544211989e+03
1.263205217513077059e+03
1.263654222762482505e+03
1.257524209620366719e+03
1.260741854410901624e+03
1.262751630451819210e+03
1.263202973860895554e+03
1.283585237358852737e+03
1.266744712434653138e+03
1.263557945713286244e+03
1.262706350823612638e+03
1.262366155267324984e+03
1.262189184684835936e+03
1.262012214102346888e+03
1.261835243519857841e+03
1.255425259176121472e+03
1.258701544265283019e+03
1.260714529881333647e+03
1.261165464980351771e+03
1.254976520358295147e+03
1.258238145644829046e+03
1.260257990067952733e+03
1.260711273714131721e+03
1.254523186074630303e+03
1.257784753663040647e+03
1.259804624852240977e+03
1.260257917670837060e+03
1.280690929896966054e+03
1.280349036116606385e+03
1.280007142336246716e+03
1.279665248555887047e+03
1.258875947857057781e+03
1.272833582618825403e+03
1.277195552234893512e+03
1.278093835035649590e+03
1.257669480102304760e+03
1.271657881730795452e+03
1.276036853406261343e+03
1.276939898582297019e+03
1.256516964243839084e+03
1.270505485646432362e+03
1.274884523714666329e+03
1.275787587492468219e+03
1.255364658703133045e+03
1.255189129266597547e+03
1.255013599830062049e+03
1.254838070393526550e+03
1.248548190160345712e+03
1.251736171933825744e+03
1.253728943586535252e+03
1.254175987522311061e+03
1.248105848551424742e+03
1.251278812560341521e+03
1.253278356860810163e+03
1.253727728399598618e+03
1.247658441331178437e+03
1.250831346243753160e+03
1.252830916973717422e+03
1.253280297603108465e+03
1.247211013862333630e+03
1.247228778811052280e+03
1.247246543759770930e+03
1.247264308708489580e+03
1.256438853663876898e+03
1.248368076559300107e+03
1.247685915642382724e+03
1.247613134429595448e+03
1.256828503044938543e+03
1.248699227596925766e+03
1.248012570844345419e+03
1.247939325357268672e+03
1.247939667888437498e+03
1.247953410487355086e+03
1.247970190678614472e+03
1.247987710739866770e+03
1.257162422716575293e+03
1.257370059035893746e+03
1.257577695355212200e+03
1.257785331674530653e+03
1.280967678388399690e+03
1.262910872811632316e+03
1.259667709853346651e+03
1.259088123673725931e+03
1.282126808696836633e+03
1.263977108538981838e+03
1.260718908667970481e+03
1.260136147459869335e+03
1.260151014975492444e+03
1.260310762144526734e+03
1.260506445134509249e+03
1.260711094306657060e+03
1.260917983913259832e+03
1.261125622968724429e+03
1.261333262024189025e+03
1.261540901079653622e+03
1.284723440243337791e+03
1.266666499302121792e+03
1.263423299968000947e+03
1.262843706515403710e+03
1.262859330584410145e+03
1.263019266590737516e+03
1.263214998694875931e+03
1.263419662188464599e+03
1.263626557426961426e+03
1.263834010532777938e+03
1.264041603101117516e+03
1.264249230534818707e+03
1.264456866684843817e+03
1.264664505750954959e+03
1.264872144817066101e+03
1.265079783883177242e+03
1.288262323795691827e+03
1.270205382327766984e+03
1.266962182852106025e+03
1.266382589371209406e+03
1.289421464854315673e+03
1.271271628374112424e+03
1.268013391837448353e+03
1.267430623289108780e+03
1.258229855381702009e+03
1.263733961449245726e+03
1.266562365455134341e+03
1.267503073069196489e+03
1.258799508955937654e+03
1.258816516407664267e+03
1.258833523859390880e+03
1.258850531311117493e+03
1.267966811450440900e+03
1.259938033989841415e+03
1.259266224213004307e+03
1.259195472589449309e+03
1.268353294816568905e+03
1.260266172969836134e+03
1.259589910473553573e+03
1.259518705454097017e+03
1.259518990345118482e+03
1.259532150430027286e+03
1.259548216871150089e+03
1.259564990372191915e+03
1.259581939417620788e+03
1.259598949875366316e+03
1.259615960333111843e+03
1.259632970790857371e+03
1.268749482181257690e+03
1.260720538018878415e+03
1.260048687163021896e+03
1.259977927485216696e+03
1.269135978112696421e+03
1.261048688952977045e+03
1.260372385206558647e+03
1.260301172089681813e+03
1.269459378021883140e+03
1.261371860560768710e+03
1.260695539393461331e+03
1.260624324503651451e+03
1.269782531042405481e+03
1.269990178316909805e+03
1.270197825591414130e+03
1.270405472865918455e+03
1.293588590122834603e+03
1.275531242565491993e+03
1.272287933963030810e+03
1.271708318663331056e+03
1.294747763306765592e+03
1.276597519448605453e+03
1.273339173342035565e+03
1.272756382858459347e+03
1.295795259890332090e+03
1.277644652866758406e+03
1.274386247996626480e+03
1.273803445108469759e+03
1.264601989763361416e+03
1.264620539242868290e+03
1.264639088722375163e+03
1.264657638201882037e+03
1.273892508430376893e+03
1.265778249951542648e+03
1.265085369544260402e+03
1.265010486370617627e+03
1.274285436052022987e+03
1.266112519910947185e+03
1.265415099021480728e+03
1.265339740307436159e+03
1.265340142538277860e+03
1.265354488439953911e+03
1.265372007853794912e+03
1.265390301118709658e+03
1.265408786625932862e+03
1.265427339111128504e+03
1.265445891596324145e+03
1.265464444081519787e+03
1.274699545390754110e+03
1.266585120359981374e+03
1.265892198886347160e+03
1.265817307659806374e+03
1.275092485570477265e+03
1.266919402267341866e+03
1.266221940140490688e+03
1.266146573330386218e+03
1.266146975789953558e+03
1.266161324002998754e+03
1.266178846248943501e+03
1.266197142476150475e+03
1.272209636394708014e+03
1.272035569517338217e+03
1.271861502639968421e+03
1.271687435762598625e+03
1.265519363468734127e+03
1.268617803140146634e+03
1.270590065024425257e+03
1.271033160240642928e+03
1.265083510860263232e+03
1.268166570053936312e+03
1.270145517182495951e+03
1.270590918748542663e+03
1.264642116112800522e+03
1.267725114793358443e+03
1.269704088009972565e+03
1.270149498583600007e+03
1.290376229987784427e+03
1.290036605552659239e+03
1.289696981117534051e+03
1.289357356682408863e+03
1.268776824661437104e+03
1.282577583994638417e+03
1.286906617647835219e+03
1.287798709754331412e+03
1.267581223926900520e+03
1.281412048368868227e+03
1.285757939641579696e+03
1.286654760616833300e+03
1.266438687934004975e+03
1.280269629407943512e+03
1.284615586509103650e+03
1.285512425955231947e+03
1.265296358792423234e+03
1.265123736400082180e+03
1.264951114007741126e+03
1.264778491615400071e+03
1.258730642420870709e+03
1.261740718733539779e+03
1.263692728783526945e+03
1.264131924334577661e+03
1.258301195409140746e+03
1.261295533572475279e+03
1.263254142578889969e+03
1.263695623491361857e+03
1.263681553641516530e+03
1.263548882644239711e+03
1.263386267664912793e+03
1.263216148348363731e+03
1.263044151801375392e+03
1.262871532231857827e+03
1.262698912662340263e+03
1.262526293092822698e+03
1.256478678761972787e+03
1.259488582464367482e+03
1.261440552942410704e+03
1.261879740872955153e+03
1.256049244264989511e+03
1.259043409119628222e+03
1.261001978385509119e+03
1.261443451636461077e+03
1.255613796666858207e+03
1.258607899608577327e+03
1.260566494624771849e+03
1.261007976801156474e+03
1.281131777993057767e+03
1.280793287596412256e+03
1.280454797199766745e+03
1.280116306803121233e+03
1.259639947961690041e+03
1.273362452101860299e+03
1.277675035577231711e+03
1.278564034559388347e+03
1.258449771527561097e+03
1.272201991167889446e+03
1.276531360151398076e+03
1.277425071262507572e+03
1.257312217647949183e+03
1.271064552954152987e+03
1.275393987484375430e+03
1.276287717000966268e+03
1.276261246399916217e+03
1.275923323123609407e+03
1.275585399847302597e+03
1.275247476570995786e+03
1.254823175786640149e+03
1.268506579674931118e+03
1.272810938723183199e+03
1.273698390989397012e+03
1.253635710458606582e+03
1.267348655277440457e+03
1.271669763788590899e+03
1.272561919813376107e+03
1.252500646834798317e+03
1.266213706637378209e+03
1.270534880554415622e+03
1.271427054951983791e+03
1.302723458967302804e+03
1.302270557326690778e+03
1.301817655686078751e+03
1.301364754045466725e+03
1.269589019843826009e+03
1.291923040192874851e+03
1.297939684972810710e+03
1.299143290467429779e+03
1.267819703174483948e+03
1.290224260427156196e+03
1.296265318263784593e+03
1.297475345886698278e+03
1.335268008366517734e+03
1.306107765440392086e+03
1.298830572502949053e+03
1.296703888713978358e+03
1.295834714601741325e+03
1.295381489791642480e+03
1.294928264981543634e+03
1.294475040171444789e+03
1.262663469051356742e+03
1.285025371444575285e+03
1.291047050187637296e+03
1.292251556973454854e+03
1.330057202177127238e+03
1.300887711995353811e+03
1.293605995451615172e+03
1.291477820739660729e+03
1.259214236885556829e+03
1.281505570690402465e+03
1.287502901503004978e+03
1.288701005949687897e+03
1.257340049736380251e+03
1.257002694399102893e+03
1.256665339061825534e+03
1.256327983724548176e+03
1.235955791019988283e+03
1.249600061014936955e+03
1.253896185177427469e+03
1.254782088575913576e+03
1.234771039696770686e+03
1.248444675977277711e+03
1.252757513516607332e+03
1.253648112291872849e+03
1.233638469096491008e+03
1.247312219678321526e+03
1.251625122482552342e+03
1.252515739597857646e+03
1.252489353171447192e+03
1.252152566556015699e+03
1.251815779940584207e+03
1.251478993325152715e+03
1.231158955431625145e+03
1.244764060363718045e+03
1.249051939701973652e+03
1.249936292178783560e+03
1.229976920840509365e+03
1.243611217348839773e+03
1.247915773939334485e+03
1.248804813400250850e+03
1.248778464456020629e+03
1.248519534280493872e+03
1.248202227185604670e+03
1.247870311413026002e+03
1.227551692888475145e+03
1.227381970045497383e+03
1.227212247202519620e+03
1.227042524359541858e+03
1.221235764334960322e+03
1.224068682323481198e+03
1.225980053749210128e+03
1.226411422175158350e+03
1.220819165835931244e+03
1.223635629382131583e+03
1.225553426662624588e+03
1.225987038325822823e+03
1.220395613398326532e+03
1.223212012236485634e+03
1.225129834591731424e+03
1.225563455015971840e+03
1.219972033336078539e+03
1.219995979950836499e+03
1.220019926565594460e+03
1.220043873180352421e+03
1.229693225755790991e+03
1.221280313295059386e+03
1.220513718132835038e+03
1.220424376321646150e+03
1.230108684764332338e+03
1.221636022285809076e+03
1.220864579731126241e+03
1.220774684888931915e+03
1.230459122921942253e+03
1.221986226656302733e+03
1.221214765139761766e+03
1.221124868135604856e+03
1.230809306674721256e+03
1.231023248814567296e+03
1.231237190954413336e+03
1.231451133094259376e+03
1.255076177265944807e+03
1.236708158496508076e+03
1.233381209153036480e+03
1.232784864085853997e+03
1.256259953314741551e+03
1.237798055907091339e+03
1.234455729619596241e+03
1.233856120100162798e+03
1.233871472915566983e+03
1.234036068809580684e+03
1.234237693223899441e+03
1.234448557109890999e+03
1.258073019564912329e+03
1.258443619409853000e+03
1.258814219254793670e+03
1.259184819099734341e+03
1.293129988417786990e+03
1.267645636972071316e+03
1.262275305753956673e+03
1.261264800365887822e+03
1.294898661702911340e+03
1.269300750135123963e+03
1.263906897023246302e+03
1.262890923757215887e+03
1.296523564267042275e+03
1.270925208967245908e+03
1.265531263956977227e+03
1.264515269330946467e+03
1.264542761017193016e+03
1.264913877310394355e+03
1.265284993603595694e+03
1.265656109896797034e+03
1.299632370244649337e+03
1.274127218465340320e+03
1.268750315840213489e+03
1.267738454556647866e+03
1.301402853347385644e+03
1.275784097166294941e+03
1.270383647104283909e+03
1.269366310757307247e+03
1.269393848090501706e+03
1.269679292547005616e+03
1.270029004843813937e+03
1.270394771011079456e+03
1.270764549827377095e+03
1.271135668136198774e+03
1.271506786445020452e+03
1.271877904753842131e+03
1.305854286391240976e+03
1.280349053480431394e+03
1.274972125211129196e+03
1.273960258635880109e+03
1.307624776555240260e+03
1.282005939070212207e+03
1.276605463264358377e+03
1.275588121597656254e+03
1.309251416526794401e+03
1.283632135136752595e+03
1.278231567332373970e+03
1.277214204277495810e+03
1.310877494429256103e+03
1.311348845832518919e+03
1.311820197235781734e+03
1.312291548639044549e+03
1.351406169262229469e+03
1.322677048535050062e+03
1.316075151534594397e+03
1.314803020286259198e+03
1.353491720539437438e+03
1.324646699563271113e+03
1.318016697431948842e+03
1.316737720528406953e+03
1.283107045183247919e+03
1.307936770482386464e+03
1.315154022079555034e+03
1.317343273136862990e+03
1.284640404658560556e+03
1.285011526998582895e+03
1.285382649338605233e+03
1.285753771678627572e+03
1.319730395891430817e+03
1.294225000720389289e+03
1.288848021163318890e+03
1.287836144004813377e+03
1.321500900177763015e+03
1.295881900087641725e+03
1.290481372794688696e+03
1.289464020488645701e+03
1.323127553654552457e+03
1.297508109658075000e+03
1.292107490365819103e+03
1.291090116671381566e+03
1.324753645059844303e+03
1.325224998470052697e+03
1.325696351880261091e+03
1.326167705290469485e+03
1.365282392868964735e+03
1.336553240193615011e+03
1.329951320687654288e+03
1.328679184343967336e+03
1.328716379617807434e+03
1.329079303157096547e+03
1.329523555992803949e+03
1.329988134690827337e+03
1.330457794449964013e+03
1.330928724449090623e+03
1.331399972006633789e+03
1.331871298953682299e+03
1.298706649462841142e+03
1.299078287368497286e+03
1.299449925274153429e+03
1.299821563179809573e+03
1.333829197370725751e+03
1.308303062748173716e+03
1.302919524585829095e+03
1.301906293939132183e+03
1.335601507253994896e+03
1.309961723704566793e+03
1.304554612319330317e+03
1.303535899352674505e+03
1.280007665023545314e+03
1.296692742555930181e+03
1.302196428862898756e+03
1.303909935494982847e+03
1.338226338468324229e+03
1.338697436450659779e+03
1.339168534432995330e+03
1.339639632415330880e+03
1.378745771373552088e+03
1.350020709385853479e+03
1.343421655723678214e+03
1.342150167962722435e+03
1.342187341463048369e+03
1.342550068464955984e+03
1.342994080625198876e+03
1.343458407585312671e+03
1.382562886514571801e+03
1.353837371660031977e+03
1.347238208255685549e+03
1.345966693767474453e+03
1.346003860637715889e+03
1.346475215059180300e+03
1.346946569480644712e+03
1.347417923902109123e+03
1.386532645216640731e+03
1.357803476444469197e+03
1.351201545598548137e+03
1.349929406687428582e+03
1.349966602047485367e+03
1.350329526364878348e+03
1.350773780153435609e+03
1.351238359848106029e+03
1.318071786413175232e+03
1.342981095619725238e+03
1.350224155569391087e+03
1.352420119642130658e+03
1.391959489105051716e+03
1.392458838288280276e+03
1.392958187471508836e+03
1.393457536654737396e+03
1.431739391373229410e+03
1.404167956073488313e+03
1.397351525884547300e+03
1.396014010625392984e+03
1.357410451636718108e+03
1.386596915233321170e+03
1.394429067292942818e+03
1.396760952357980841e+03
1.397718225449990769e+03
1.398332039850202136e+03
1.398860004311559351e+03
1.399366507249545521e+03
1.399867644867405033e+03
1.400366994202843443e+03
1.400866343538281853e+03
1.401365692873720263e+03
1.439647605897990388e+03
1.412076119871474702e+03
1.405259684980268048e+03
1.403922169163002536e+03
1.365318642399860437e+03
1.394505072313540950e+03
1.402337224010660066e+03
1.404669109600797128e+03
1.366999758309138542e+03
1.396398203149168467e+03
1.404287690933520707e+03
1.406633928689875802e+03
1.445392309803918351e+03
1.445844220087570648e+03
1.446296130371222944e+03
1.446748040654875240e+03
1.478414106888690867e+03
1.456165376651220186e+03
1.450164159144092764e+03
1.448963317599947686e+03
1.480177930339272280e+03
1.457859099581166902e+03
1.451833540357532456e+03
1.450626291817015044e+03
1.481839143908502820e+03
1.459520039647576596e+03
1.453494385353134021e+03
1.452287111786048627e+03
1.483499957000049335e+03
1.483835019174964600e+03
1.484170081349879865e+03
1.484505143524795130e+03
1.504667193485201324e+03
1.491180703936060809e+03
1.486917815427848836e+03
1.486038165060921301e+03
1.505840996738638978e+03
1.492325844283837341e+03
1.488046387989973482e+03
1.487162076082560588e+03
1.487188297085539489e+03
1.487445900904797099e+03
1.487761583015050974e+03
1.488091799207007625e+03
1.488425649825765504e+03
1.488760709768168681e+03
1.489095769710571858e+03
1.489430829652975035e+03
1.509592675225222820e+03
1.496106339105028383e+03
1.491843482942377477e+03
1.490963838662465378e+03
1.510766467828092800e+03
1.497251469485631105e+03
1.492972045678981203e+03
1.492087739891519732e+03
1.511888970932063330e+03
1.498373861039383883e+03
1.494094372537201025e+03
1.493210048542008280e+03
1.462094507044115517e+03
1.462545754907507671e+03
1.462997002770899826e+03
1.463448250634291981e+03
1.495041256158864599e+03
1.472849317709922616e+03
1.466858396316511289e+03
1.465659400925526370e+03
1.496801417908946860e+03
1.474539668989509892e+03
1.468524453451075487e+03
1.467319061168935605e+03
1.498459319340330694e+03
1.476197298051958569e+03
1.470181987628613342e+03
1.468976570359383459e+03
1.431258987057979766e+03
1.431758255321838760e+03
1.432257523585697754e+03
1.432756791849556748e+03
1.471008376607143418e+03
1.443463249308543482e+03
1.436649278065414137e+03
1.435312057169817081e+03
1.396692052038132488e+03
1.425895758603104696e+03
1.433728060504304949e+03
1.436059663515532520e+03
1.437016789238411548e+03
1.437630505096788738e+03
1.438158384170040108e+03
1.438664805067527595e+03
1.400514226745824772e+03
1.400985837519645429e+03
1.401457448293466086e+03
1.401929059067286744e+03
1.441052304580771533e+03
1.412319080555679193e+03
1.405714276608978707e+03
1.404441486946232772e+03
1.404478704165688896e+03
1.404841825731223707e+03
1.405286321066043911e+03
1.405751153409669996e+03
1.372554418615374516e+03
1.397489004351534049e+03
1.404736761054041153e+03
1.406933970572054477e+03
1.407838794770784716e+03
1.408310150226914175e+03
1.408781505683043633e+03
1.409252861139173092e+03
1.448367616969783057e+03
1.419638431728983505e+03
1.413036489280651267e+03
1.411764347742670225e+03
1.411801543190939583e+03
1.412164468304447837e+03
1.412608723067911569e+03
1.413073303782299718e+03
1.452186398297345022e+03
1.423456760291825503e+03
1.416854708063537828e+03
1.415582539785026256e+03
1.454271363589229395e+03
1.454770632013211980e+03
1.455269900437194565e+03
1.455769168861177150e+03
1.494020812165230836e+03
1.466475634035047506e+03
1.459661658002223021e+03
1.458324436528498381e+03
1.458364241192602549e+03
1.458748625006004204e+03
1.459219171152001991e+03
1.459711258936804370e+03
1.497961047998038339e+03
1.470415477435282810e+03
1.463601390653367162e+03
1.462264141187574751e+03
1.500041145110264097e+03
1.500491730141954122e+03
1.500942315173644147e+03
1.501392900205334172e+03
1.532912971240651586e+03
1.510777704129662879e+03
1.504797075588263851e+03
1.503599926943673154e+03
1.465914285016605618e+03
1.495010854310439072e+03
1.502256421817564842e+03
1.504372624043062387e+03
1.505237388668153244e+03
1.505791377171372005e+03
1.506267804194644668e+03
1.506724849168881974e+03
1.538246676038093256e+03
1.538580024475005075e+03
1.538913372911916895e+03
1.539246721348828714e+03
1.559251988792437487e+03
1.545883174374179589e+03
1.541645108938232624e+03
1.540770130772857328e+03
1.560417620878879006e+03
1.547020667363564598e+03
1.542766142828799730e+03
1.541886528402623753e+03
1.510879380939271869e+03
1.535430342328731967e+03
1.540986004808810776e+03
1.542564772629766594e+03
1.512099943629106519e+03
1.512550860584458178e+03
1.513001777539809837e+03
1.513452694495161495e+03
1.545009267401863553e+03
1.522845640488910021e+03
1.516859858831769088e+03
1.515661785467683103e+03
1.546767602573673230e+03
1.524534309630187636e+03
1.518524257563321953e+03
1.517319792354355968e+03
1.517354508105111563e+03
1.517701229952376934e+03
1.518126089118230993e+03
1.518570491063521786e+03
1.519019779231199664e+03
1.519470694886941828e+03
1.519921610542683993e+03
1.520372526198426158e+03
1.551928956103316068e+03
1.529765440305157426e+03
1.523779678829121394e+03
1.522581609085937316e+03
1.553687284104799573e+03
1.531454102842793873e+03
1.525444071050214006e+03
1.524239609481966227e+03
1.555343526611283778e+03
1.533110073547211869e+03
1.527099946962836611e+03
1.525895460427290800e+03
1.488193083283782471e+03
1.488692309308457425e+03
1.489191535333132379e+03
1.489690761357807332e+03
1.527927073869199376e+03
1.500395199590867378e+03
1.493582482159375104e+03
1.492245413214695418e+03
1.530007044650439639e+03
1.502374850638999305e+03
1.495533790313754253e+03
1.494189556365961835e+03
1.531949333817046636e+03
1.504316748127505889e+03
1.497475577092104459e+03
1.496131315156155551e+03
1.533891085365116624e+03
1.534341333468758421e+03
1.534791581572400219e+03
1.535241829676042016e+03
1.566724891685976672e+03
1.544618372768288737e+03
1.538642972605676277e+03
1.537446762483232533e+03
1.499776622605486637e+03
1.528863705165830197e+03
1.536104647200546651e+03
1.538219320535305542e+03
1.570152360346495016e+03
1.548115112338424751e+03
1.542163847245151373e+03
1.540973994234931524e+03
1.572008521021190518e+03
1.572340717809453281e+03
1.572672914597716044e+03
1.573005111385978807e+03
1.592905144006201681e+03
1.579615295389179664e+03
1.575393904290368710e+03
1.574522065488270755e+03
1.543589013442658143e+03
1.568088563077285926e+03
1.573627246222071108e+03
1.575200722884583456e+03
1.575839352268731773e+03
1.576247912479235538e+03
1.576599184800231342e+03
1.576936149513573127e+03
1.577269538223217523e+03
1.577601737241928731e+03
1.577933936260639939e+03
1.578266135279351147e+03
1.598166371616362539e+03
1.584876370150027924e+03
1.580654946762705777e+03
1.579783101880775121e+03
1.599326528251462832e+03
1.586008738137609726e+03
1.581770928493187057e+03
1.580894464302421511e+03
1.549960226753966253e+03
1.574459447568092855e+03
1.579998079205161503e+03
1.581571546822676510e+03
1.551177221788311044e+03
1.551627471179553595e+03
1.552077720570796146e+03
1.552527969962038696e+03
1.584011173322987588e+03
1.561904544616181511e+03
1.555929124477482901e+03
1.554732910768658030e+03
1.585765828802021133e+03
1.563589824550005233e+03
1.557590181827105198e+03
1.556387586450163326e+03
1.556422254250549940e+03
1.556768462512525275e+03
1.557192692551129767e+03
1.557636436537910413e+03
1.520363291878324617e+03
1.520862474481611571e+03
1.521361657084898525e+03
1.521860839688185479e+03
1.560081789955800559e+03
1.532563233397194381e+03
1.525751785879468343e+03
1.524414872050213489e+03
1.485778786314960143e+03
1.514999459690087633e+03
1.522831837130453323e+03
1.525163135951359891e+03
1.526120105216365346e+03
1.526733716704925428e+03
1.527261505377180356e+03
1.527767839425045395e+03
1.528268809884925304e+03
1.528767992658779804e+03
1.529267175432634303e+03
1.529766358206488803e+03
1.567987368186362801e+03
1.540468759888169188e+03
1.533657307417633319e+03
1.532320392981098621e+03
1.493684338051352825e+03
1.522904978817353140e+03
1.530737356183203701e+03
1.533068655614940099e+03
1.571762650857390781e+03
1.544343977199831897e+03
1.537560751315825883e+03
1.536230973026575612e+03
1.497596735928944099e+03
1.498069107042557562e+03
1.498541478156171024e+03
1.499013849269784487e+03
1.538162045427464591e+03
1.509417094908754962e+03
1.502803788047976013e+03
1.501529069330251787e+03
1.467779308605858887e+03
1.492709663885969348e+03
1.499945639678723182e+03
1.502139856379029652e+03
1.541712360685907242e+03
1.513082767091998448e+03
1.506497490307493536e+03
1.505229603633897113e+03
1.471481654541025819e+03
1.471855851184528092e+03
1.472230047828030365e+03
1.472604244471532638e+03
1.506765367448977031e+03
1.481136678182896958e+03
1.475720613080045723e+03
1.474700666440839541e+03
1.474729797379855881e+03
1.475017946488073676e+03
1.475370644959648644e+03
1.475739467917649563e+03
1.476112321193376602e+03
1.476486181998285247e+03
1.476860294682348467e+03
1.477234470336004051e+03
1.511395588522802427e+03
1.511868209540693215e+03
1.512340830558584003e+03
1.512813451576474790e+03
1.551969737509637753e+03
1.523221033400257966e+03
1.516604938087637493e+03
1.515329585696355480e+03
1.554058333570754030e+03
1.525193864758348127e+03
1.518549617037082498e+03
1.517267402257491540e+03
1.555994477650105409e+03
1.527129556666623330e+03
1.520485198968861596e+03
1.519202957382555724e+03
1.557930026242001077e+03
1.558429072409871424e+03
1.558928118577741770e+03
1.559427164745612117e+03
1.597601791885120747e+03
1.570123314414671086e+03
1.563315747558606745e+03
1.561979314841976020e+03
1.523319946566167346e+03
1.552565388817304893e+03
1.560397740944718180e+03
1.562728545433929185e+03
1.601376308937753038e+03
1.573997488148619368e+03
1.567218124247873902e+03
1.565888824771093823e+03
1.603590435389864069e+03
1.604039344787028540e+03
1.604488254184193011e+03
1.604937163581357481e+03
1.636273600424868619e+03
1.614280923161218880e+03
1.608326273032234212e+03
1.607133790552555183e+03
1.569525642332238249e+03
1.598574646493961836e+03
1.605797185406467179e+03
1.607905782364619654e+03
1.608767352511606987e+03
1.609319283400871882e+03
1.609793939153115844e+03
1.610249284574851117e+03
1.641587472690461709e+03
1.641917952917799767e+03
1.642248433145137824e+03
1.642578913372475881e+03
1.662322274687847084e+03
1.649149959749798654e+03
1.644953411820572001e+03
1.644086251724596423e+03
1.613262251069204694e+03
1.637684361751978486e+03
1.643197599555150646e+03
1.644763159976514544e+03
1.664863082244134603e+03
1.651718136139684475e+03
1.647537813204474560e+03
1.646675229784911608e+03
1.646703466169293733e+03
1.647033372685059021e+03
1.647363279200824309e+03
1.647693185716589596e+03
1.667384232770662265e+03
1.654251155958998197e+03
1.650062908413023706e+03
1.649197311884309102e+03
1.668533480557214943e+03
1.655373311998021336e+03
1.651168823345717783e+03
1.650298641310810808e+03
1.619510099352641191e+03
1.643905855522693628e+03
1.649410501969875213e+03
1.650973397213985436e+03
1.620719973503691563e+03
1.621168884204745609e+03
1.621617794905799656e+03
1.622066705606853702e+03
1.653403284939398873e+03
1.631410497087742669e+03
1.625455826766550445e+03
1.624263340657217896e+03
1.655150581860225429e+03
1.633088997423160436e+03
1.627110200197934091e+03
1.625911352814741576e+03
1.656796841720550219e+03
1.634734988878064541e+03
1.628756097421459117e+03
1.627557225190323379e+03
1.658442707251265801e+03
1.658772609246766933e+03
1.659102511242267610e+03
1.659432413237768742e+03
1.679123048204872703e+03
1.665990280462422334e+03
1.661802098309618714e+03
1.660936514099915485e+03
1.630149294283226709e+03
1.654545274418684812e+03
1.660049937938344101e+03
1.661612831539993749e+03
1.681659545584462194e+03
1.668553971946641468e+03
1.664381978348525081e+03
1.663520962324420225e+03
1.682858098466005231e+03
1.683018383275141332e+03
1.683178668084277433e+03
1.683338952893413534e+03
1.688363140547196281e+03
1.686104901025886420e+03
1.684325686048836815e+03
1.683919787908685294e+03
1.688738004907523191e+03
1.686498536087568255e+03
1.684713457731955941e+03
1.684305453410535392e+03
1.689122872378513193e+03
1.686883477313824187e+03
1.685098376080756680e+03
1.684690363533679147e+03
1.665446793045703998e+03
1.665775540781690324e+03
1.666104288517676650e+03
1.666433036253662976e+03
1.686018492967607244e+03
1.672964602205822757e+03
1.668793115582631344e+03
1.667930676901446077e+03
1.687162232672197206e+03
1.674081601384502392e+03
1.669893946957775142e+03
1.669026939852495843e+03
1.669052692121223572e+03
1.669305439199327793e+03
1.669615171061539286e+03
1.669939163847682948e+03
1.670266722784877857e+03
1.670595468254636216e+03
1.670924213724394576e+03
1.671252959194152936e+03
1.690838209501112715e+03
1.677784473516292564e+03
1.673613019667055369e+03
1.672750587161368458e+03
1.642037002487783639e+03
1.666380651439128087e+03
1.671868161125998768e+03
1.673425720508515724e+03
1.693366085515825034e+03
1.680339194673065776e+03
1.676183856528578417e+03
1.675325975227907520e+03
1.694558698438077499e+03
1.694717526596068183e+03
1.694876354754058866e+03
1.695035182912049549e+03
1.699938882715160616e+03
1.697769072146320923e+03
1.696010237489807423e+03
1.695608269447694283e+03
1.700307317735301012e+03
1.698156633295006486e+03
1.696392021940795075e+03
1.695987968862563548e+03
1.696000999814272518e+03
1.696123062200349750e+03
1.696272679149269607e+03
1.696429203269820619e+03
1.677383031505993586e+03
1.677711198673056060e+03
1.678039365840118535e+03
1.678367533007181009e+03
1.697900124009506271e+03
1.684885873361437916e+03
1.680722782177281033e+03
1.679861925513911501e+03
1.649185195523497896e+03
1.673502643615385296e+03
1.678981573633909420e+03
1.680536465577228228e+03
1.681167388870518380e+03
1.681570998007532353e+03
1.681918010198656702e+03
1.682250887654535745e+03
1.682580232333345748e+03
1.682908401752007649e+03
1.683236571170669549e+03
1.683564740589331450e+03
1.703097536571449609e+03
1.690083132231562558e+03
1.685920008490345026e+03
1.685059145691645654e+03
1.654382272164409642e+03
1.678699822311433991e+03
1.684178785737351973e+03
1.685733688066431341e+03
1.705621118119931452e+03
1.692633385362573790e+03
1.688486341056604260e+03
1.687630021006073093e+03
1.656954170899990913e+03
1.657401379613035942e+03
1.657848588326080971e+03
1.658295797039126001e+03
1.689446903978900991e+03
1.667597995776381822e+03
1.661669653358699634e+03
1.660481903415057786e+03
1.622953397367446314e+03
1.651953167142561142e+03
1.659152271316806718e+03
1.661253145135185378e+03
1.624514779843531642e+03
1.653748619470521589e+03
1.661001935610186820e+03
1.663115849392352175e+03
1.626380583550185747e+03
1.626879378889074587e+03
1.627378174227963427e+03
1.627876969566852267e+03
1.665972582608113271e+03
1.638562208692168269e+03
1.631761430213967060e+03
1.630425862166287288e+03
1.591729490026028543e+03
1.621014854984269732e+03
1.628846798043093031e+03
1.631176669249060751e+03
1.669745648058896450e+03
1.642434463365630563e+03
1.635661847176282890e+03
1.634333407193436187e+03
1.671955801232546264e+03
1.672403012614962563e+03
1.672850223997378862e+03
1.673297435379795161e+03
1.704448832407834516e+03
1.682599699276104047e+03
1.676671315611382170e+03
1.675483558242204708e+03
1.637954926431751119e+03
1.666954774217718978e+03
1.674153915222170326e+03
1.676254801165884146e+03
1.707854072957326252e+03
1.686072911082604378e+03
1.680168446869844047e+03
1.678987000566274219e+03
1.679024649583532437e+03
1.679471518763341237e+03
1.679918387943150037e+03
1.680365257122958837e+03
1.711479486216458554e+03
1.689659169761237081e+03
1.683736072663165942e+03
1.682549267152476659e+03
1.645036776695231083e+03
1.674026605352698198e+03
1.681221023681751831e+03
1.683320355125975766e+03
1.714882220380450690e+03
1.693129730169373715e+03
1.687230528317299331e+03
1.686050028688802968e+03
1.716718113162652799e+03
1.717044554410096680e+03
1.717370995657540561e+03
1.717697436904984443e+03
1.737073012610445858e+03
1.724176473450814683e+03
1.720038332170671310e+03
1.719182178076291621e+03
1.688615575277622384e+03
1.712854696425675002e+03
1.718308012292512331e+03
1.719854942803887752e+03
1.689815206049617018e+03
1.714272620184291782e+03
1.719768580864690193e+03
1.721325230010666928e+03
1.691287572732363515e+03
1.691734444589633995e+03
1.692181316446904475e+03
1.692628188304174955e+03
1.723742708049381008e+03
1.701922166269783247e+03
1.695999027817428669e+03
1.694812214859716505e+03
1.657299597960580968e+03
1.686289505153649998e+03
1.693483960443156775e+03
1.695583304050723655e+03
1.727145461825008852e+03
1.705392747423065202e+03
1.699493504406029842e+03
1.698312997371062465e+03
1.698350619478168028e+03
1.698797148097619583e+03
1.699243676717071139e+03
1.699690205336522695e+03
1.730767485068248561e+03
1.708975810513931265e+03
1.703057972349604370e+03
1.701872113999718977e+03
1.664375725354627093e+03
1.693355546261844211e+03
1.700545262209464227e+03
1.702643046454257728e+03
1.665935204467772792e+03
1.695149112354362842e+03
1.702392981992607929e+03
1.704503787944360511e+03
1.667799039254652143e+03
1.668297727123633422e+03
1.668796414992614700e+03
1.669295102861595979e+03
1.707358789713472561e+03
1.679975845632868413e+03
1.673177867190778443e+03
1.671842663399623234e+03
1.633132255404968191e+03
1.662432965243231820e+03
1.670264619345232632e+03
1.672594083000388082e+03
1.711131218853852261e+03
1.683847277160120484e+03
1.677077444436734368e+03
1.675749366544364193e+03
1.637040770915132271e+03
1.637515591354993830e+03
1.637990411794855390e+03
1.638465232234716950e+03
1.677690210126178272e+03
1.648910745188105466e+03
1.642270249611001645e+03
1.640989328306595098e+03
1.641026819855926988e+03
1.641392411019585552e+03
1.641839930614115701e+03
1.642307926247869773e+03
1.681531225338459762e+03
1.652751309167318368e+03
1.646110703311763700e+03
1.644829755088769389e+03
1.683624360179467203e+03
1.684122934867093363e+03
1.684621509554719523e+03
1.685120084242345683e+03
1.723151175287861406e+03
1.695796186716655939e+03
1.689001099317760008e+03
1.687666275828809376e+03
1.648942054902045356e+03
1.678257987386483137e+03
1.686089276614440905e+03
1.688418306969999776e+03
1.689374157006662244e+03
1.689987026743244542e+03
1.690514173665298586e+03
1.691019891315402447e+03
1.691520251737629906e+03
1.692018826650424899e+03
1.692517401563219892e+03
1.693015976476014885e+03
1.731047131406612380e+03
1.703692088092914673e+03
1.696896994996603780e+03
1.695562170754165436e+03
1.656837976399441914e+03
1.686153879478110639e+03
1.693985169488732481e+03
1.696314200710153273e+03
1.734818884126910234e+03
1.707562653970705014e+03
1.700795689630512697e+03
1.699467989037447069e+03
1.737025783662349795e+03
1.737471625375800613e+03
1.737917467089251431e+03
1.738363308802702250e+03
1.769366182688597519e+03
1.747632169087460397e+03
1.741724931342643231e+03
1.740540983015484244e+03
1.740576931674660045e+03
1.740920149644450248e+03
1.741340326054071966e+03
1.741779750856650935e+03
1.772780875088373023e+03
1.751046597536116906e+03
1.745139266383634549e+03
1.743955293389332610e+03
1.743991235806321583e+03
1.744436729804506058e+03
1.744882223802690532e+03
1.745327717800875007e+03
1.776292987789451445e+03
1.754588107353576788e+03
1.748686232177554530e+03
1.747503250517668448e+03
1.710056007686471276e+03
1.739005203861862810e+03
1.746180619703061666e+03
1.748273702596190560e+03
1.749128760519148500e+03
1.749676497310957984e+03
1.750147542709119534e+03
1.750599423975573245e+03
1.751046514754458258e+03
1.751492010107611122e+03
1.751937505460763987e+03
1.752383000813916851e+03
1.783348417257959909e+03
1.761643423367901960e+03
1.755741527299568361e+03
1.754558541873049307e+03
1.717111234456925104e+03
1.746060470954387483e+03
1.753235905537289227e+03
1.755328994588375508e+03
1.718667816405113626e+03
1.747851161638916665e+03
1.755080661099269264e+03
1.757186744101723662e+03
1.720528649883876369e+03
1.721027167031288400e+03
1.721525684178700430e+03
1.722024201326112461e+03
1.760039085414829060e+03
1.732697978432967602e+03
1.725904340302844048e+03
1.724569708980242922e+03
1.685838809451025782e+03
1.715162148263368181e+03
1.722993230506335294e+03
1.725322039125920810e+03
1.763810489491745557e+03
1.736568101448535117e+03
1.729802583561929168e+03
1.728475074748081397e+03
1.766016566071793704e+03
1.766462064134836055e+03
1.766907562197878406e+03
1.767353060260920756e+03
1.798318769612587403e+03
1.776613548816482307e+03
1.770711610964156080e+03
1.769528618004498639e+03
1.769564540651370635e+03
1.769907493933644673e+03
1.770327346405637854e+03
1.770766432484256256e+03
1.801730393135821032e+03
1.780024908955702585e+03
1.774122877790793609e+03
1.772939860184391819e+03
1.803458660720168382e+03
1.803782792405972486e+03
1.804106924091776591e+03
1.804431055777580696e+03
1.823596853705479816e+03
1.810857528347090010e+03
1.806752755292184474e+03
1.805902892923164700e+03
1.775483973566934310e+03
1.799617975313614352e+03
1.805036995562606762e+03
1.806573271049953064e+03
1.776676411612318134e+03
1.801028187184708713e+03
1.806489616950955678e+03
1.808035546638481264e+03
1.778140748009602248e+03
1.778586247422251972e+03
1.779031746834901696e+03
1.779477246247551420e+03
1.810443101477055052e+03
1.788737767673994313e+03
1.782835809011914989e+03
1.781652812300522100e+03
1.744205311390876659e+03
1.773154668690251356e+03
1.780330159423235045e+03
1.782423266923598476e+03
1.745761904733967640e+03
1.774945370694119219e+03
1.782174926654125557e+03
1.784281028214945081e+03
1.785139308708108274e+03
1.785585157165245164e+03
1.786031005622382054e+03
1.786476854079518944e+03
1.817480457666837765e+03
1.795745878685097978e+03
1.789838536914568976e+03
1.788654569838303814e+03
1.751190451376440024e+03
1.780150176667904589e+03
1.787330494093142988e+03
1.789425187820952715e+03
1.790280921659677688e+03
1.790829093732986166e+03
1.791300513824354312e+03
1.791752754610112106e+03
1.822758101058783950e+03
1.823083406014269713e+03
1.823408710969755475e+03
1.823734015925241238e+03
1.843006334582852560e+03
1.830187186881645175e+03
1.826065465262964381e+03
1.825212406816980547e+03
1.794718418669856874e+03
1.818905865007226339e+03
1.824342310414797566e+03
1.825883998900566894e+03
1.845508558878753774e+03
1.832715222206000362e+03
1.828609399827136258e+03
1.827760842086389630e+03
1.846683528638470307e+03
1.846838037576132137e+03
1.846992546513793968e+03
1.847147055451455799e+03
1.851693943909227528e+03
1.849785926721199758e+03
1.848087497558999303e+03
1.847697181461214768e+03
1.828867950141541087e+03
1.844562199211016605e+03
1.847415962375726622e+03
1.848166556055328101e+03
1.852916723669368366e+03
1.850988827384740716e+03
1.849295909942052504e+03
1.848907609115030255e+03
1.830078716981765865e+03
1.830402860029098747e+03
1.830727003076431629e+03
1.831051146123764511e+03
1.850217975092794404e+03
1.837477877187724516e+03
1.833372940035253123e+03
1.832523046718063142e+03
1.802103399980771428e+03
1.826237919693223148e+03
1.831657108708883698e+03
1.833193436615656537e+03
1.852711535030149435e+03
1.839996900255755463e+03
1.835907789324789519e+03
1.835062379663469301e+03
1.835090099635052184e+03
1.835413660592406131e+03
1.835737221549760079e+03
1.836060782507114027e+03
1.855174799443591382e+03
1.842474271101513978e+03
1.838377740568388163e+03
1.837529432793966180e+03
1.807147063341651801e+03
1.831255035186057739e+03
1.836665577016432053e+03
1.838199219250000397e+03
1.857664018463589628e+03
1.844988779213918406e+03
1.840908038337672224e+03
1.840064205678723738e+03
1.809682840842636551e+03
1.810127299090291444e+03
1.810571757337946337e+03
1.811016215585601230e+03
1.841869711188529664e+03
1.820251395073557660e+03
1.814365480184212629e+03
1.813185377200773928e+03
1.775787671161487651e+03
1.804705882678003036e+03
1.811866961718451648e+03
1.813955336704569618e+03
1.777341338802997370e+03
1.806493675843481924e+03
1.813708730291070651e+03
1.815810071348535303e+03
1.847113010054217511e+03
1.847436575562009466e+03
1.847760141069801421e+03
1.848083706577593375e+03
1.867198136274878152e+03
1.854497298685277656e+03
1.850400702439349061e+03
1.849552382270382850e+03
1.819169721318697384e+03
1.843277900783378982e+03
1.848688510217839621e+03
1.850222173446794613e+03
1.850844296241209577e+03
1.851242251403380124e+03
1.851584398693864387e+03
1.851912608669981637e+03
1.852237335233764270e+03
1.852560903016757948e+03
1.852884470799751625e+03
1.853208038582745303e+03
1.872322674659412314e+03
1.859621682446729210e+03
1.855525053344618300e+03
1.854676726978425449e+03
1.824293920278677660e+03
1.848402203552208903e+03
1.853812846788423712e+03
1.855346520514990289e+03
1.825484601122956065e+03
1.849810530652696571e+03
1.855263525903652635e+03
1.856806838094661771e+03
1.876275018383676752e+03
1.876428814726918745e+03
1.876582611070160738e+03
1.876736407413402731e+03
1.881224493569011429e+03
1.879359608444325204e+03
1.877671141442780254e+03
1.877282747497933315e+03
1.858504669493808706e+03
1.874161077457821875e+03
1.877003909793388630e+03
1.877751192378280621e+03
1.878048379952242158e+03
1.878237712001914588e+03
1.878400372752695148e+03
1.878556383977681890e+03
1.878710733965098143e+03
1.878864533148003375e+03
1.879018332330908606e+03
1.879172131513813838e+03
1.883660451957956866e+03
1.881795394986696465e+03
1.880106888288354412e+03
1.879718486683914762e+03
1.860940204801204573e+03
1.876596763594017148e+03
1.879439639490699392e+03
1.880186935270330423e+03
1.884877895352088217e+03
1.882992787725257358e+03
1.881309750742501365e+03
1.880923354150167143e+03
1.885212353767072045e+03
1.885171619405719412e+03
1.885130885044366778e+03
1.885090150683014144e+03
1.874157394280864082e+03
1.883493967623531717e+03
1.884489523287348675e+03
1.884623819740374984e+03
1.880405804985395662e+03
1.885155377898478264e+03
1.884976970972929166e+03
1.884817845140959889e+03
1.873907513359996301e+03
1.883181420228178467e+03
1.884171212595093721e+03
1.884304719092642017e+03
1.884302313855480861e+03
1.884260818075549423e+03
1.884219322295617985e+03
1.884177826515686547e+03
1.873187070683412685e+03
1.882565346533247066e+03
1.883571275015803394e+03
1.883707609736527047e+03
1.879548810933341883e+03
1.884253538607581049e+03
1.884063167017270871e+03
1.883900483988325050e+03
1.872931428973890434e+03
1.882246888010415205e+03
1.883247010274145850e+03
1.883382544162388058e+03
1.883380075451896118e+03
1.883337818350270936e+03
1.883295561248645754e+03
1.883253304147020572e+03
1.872204574546065942e+03
1.881624531006475536e+03
1.882640829959108714e+03
1.882779202629212477e+03
1.878679629487870670e+03
1.883339500938570836e+03
1.883137165127983280e+03
1.882970925281896143e+03
1.871943172644766264e+03
1.881300162099707904e+03
1.882310611925147896e+03
1.882448172887636474e+03
1.882445640709577901e+03
1.882402622384921870e+03
1.882359604060265838e+03
1.882316585735609806e+03
1.871209908162775946e+03
1.880671523239851922e+03
1.881698190289686409e+03
1.881838600586094572e+03
1.877798262678364154e+03
1.882413267025561936e+03
1.882198967467114699e+03
1.882029171192026752e+03
1.870942746680025266e+03
1.880341244706492034e+03
1.881362019734422574e+03
1.881501607449977655e+03
1.881499011810264392e+03
1.881455232363017558e+03
1.881411452915770724e+03
1.881367673468523890e+03
1.870203073855910588e+03
1.879706325458479569e+03
1.880743358208431573e+03
1.880885805803311996e+03
1.876904712562656641e+03
1.881474839031144711e+03
1.881248576225188799e+03
1.881075223917544008e+03
1.869930153415483346e+03
1.879370138069668428e+03
1.880401235916762744e+03
1.880542850059471903e+03
1.880540190964164594e+03
1.880495650496544158e+03
1.880451110028923722e+03
1.880406569561303286e+03
1.869184073976247419e+03
1.878728939915921728e+03
1.879776335944706034e+03
1.879920820505468555e+03
1.875998981227027116e+03
1.880524219146380119e+03
1.880285993621198713e+03
1.880109085685743139e+03
1.868905395215363569e+03
1.878386844456596691e+03
1.879428262715426172e+03
1.879571902954645566e+03
1.879569180409952651e+03
1.879523879025952510e+03
1.879478577641952370e+03
1.879433276257952230e+03
1.868152910902967960e+03
1.877739368894197696e+03
1.878797125756332434e+03
1.878943646945631826e+03
1.875081070786195369e+03
1.879561409590794483e+03
1.879311221902601346e+03
1.879130758752383827e+03
1.867868474472292291e+03
1.877391366163090424e+03
1.878443102402130307e+03
1.878588768402485812e+03
1.878585982414764430e+03
1.878539920220155409e+03
1.878493858025546388e+03
1.878447795830937366e+03
1.867109587043653619e+03
1.876737614703779400e+03
1.877805729929592417e+03
1.877954287405327705e+03
1.874150983383318589e+03
1.878586412612376307e+03
1.878324263345314876e+03
1.878140245401684297e+03
1.866819393607294614e+03
1.876383705513413588e+03
1.877445757277048642e+03
1.877593448698436532e+03
1.866241396424962431e+03
1.866007636823571147e+03
1.865773877222179863e+03
1.865540117620788578e+03
1.840534903655922108e+03
1.859870900756078299e+03
1.863460542656429197e+03
1.864109520481475556e+03
1.839274121458069658e+03
1.858707011742249961e+03
1.862313094254790713e+03
1.862965617268920823e+03
1.874355416768327132e+03
1.867160444604331815e+03
1.863911750837447698e+03
1.862848349773333211e+03
1.873694657803655446e+03
1.873648595585739258e+03
1.873602533367823071e+03
1.873556471149906884e+03
1.862218260590891077e+03
1.871846289524234180e+03
1.872914405067356029e+03
1.873062962605471284e+03
1.869259660399506856e+03
1.873695088252520236e+03
1.873432938619003835e+03
1.873248920566472179e+03
1.869243617667046919e+03
1.873769591485805222e+03
1.873509285225509984e+03
1.873324407689567806e+03
1.862003703833419877e+03
1.861771301322141198e+03
1.861538898810862520e+03
1.861306496299583841e+03
1.836395243314127356e+03
1.855665455006129832e+03
1.859237138933303640e+03
1.859882514274269624e+03
1.835139712147275759e+03
1.854506614471642024e+03
1.858094666418046472e+03
1.858743567738171123e+03
1.870018942150758221e+03
1.862912490634041205e+03
1.859685676374093873e+03
1.858628652767460380e+03
1.869362929642325071e+03
1.869318395073057218e+03
1.869273860503789365e+03
1.869229325934521512e+03
1.858007279006740873e+03
1.867551822474819573e+03
1.868599138186096297e+03
1.868743606959410045e+03
1.864821308361790670e+03
1.869346894257845634e+03
1.869108761454874866e+03
1.868931881077892740e+03
1.864810425574135934e+03
1.869427219466483393e+03
1.869191106312976672e+03
1.869013410416454008e+03
1.857810335329773579e+03
1.857579292096001609e+03
1.857348248862229639e+03
1.857117205628457668e+03
1.832300148089469076e+03
1.851504393000271648e+03
1.855058085337243028e+03
1.855699852119795196e+03
1.866859631077607219e+03
1.859841770340495941e+03
1.856636826694774072e+03
1.855586178323208514e+03
1.866208318948041779e+03
1.859192557476049615e+03
1.855967575626923917e+03
1.854910709307960133e+03
1.829929123699336515e+03
1.829546474233579374e+03
1.829163824767822234e+03
1.828781175302065094e+03
1.794118083747839592e+03
1.820080950285566587e+03
1.825604182462499239e+03
1.826646299070804844e+03
1.792307486657194659e+03
1.818384893824458686e+03
1.823932240519547349e+03
1.824979992454145759e+03
1.849537566656072840e+03
1.832036580635972314e+03
1.826349055878347826e+03
1.824583376096415577e+03
1.848344490441324751e+03
1.848114808659660184e+03
1.847885126877995617e+03
1.847655445096331050e+03
1.822932816584292141e+03
1.842070913961734050e+03
1.845606581260815801e+03
1.846244733444585108e+03
1.857289880818746724e+03
1.850360675073803577e+03
1.847177671794596790e+03
1.846133420795734310e+03
1.856643329274881808e+03
1.849716941097714653e+03
1.846514065024646243e+03
1.845463635800485235e+03
1.820577856574423095e+03
1.820196196277975559e+03
1.819814535981528024e+03
1.819432875685080489e+03
1.784828108056026167e+03
1.810752247371043495e+03
1.816262962104963435e+03
1.817302485677846562e+03
1.783020927854859565e+03
1.809059531605164466e+03
1.814594312480718600e+03
1.815639457650212989e+03
1.840104041843510686e+03
1.822676856433179864e+03
1.817005878672574454e+03
1.815244887822055489e+03
1.838914605970017874e+03
1.838686287802247534e+03
1.838457969634477195e+03
1.838229651466706855e+03
1.813601684673324371e+03
1.832673454387831271e+03
1.836191063370990378e+03
1.836825594949628567e+03
1.812361977304292395e+03
1.831529824543482164e+03
1.835063582845390783e+03
1.835701582575015209e+03
1.846633049290734562e+03
1.839792557699597864e+03
1.836631563361782128e+03
1.835593731579858286e+03
1.845991313018739902e+03
1.845951363852865370e+03
1.845911414686990838e+03
1.845871465521116306e+03
1.834998538846481551e+03
1.844292090061230056e+03
1.845276947915909204e+03
1.845409142390294619e+03
1.841130080598245286e+03
1.845925881659690049e+03
1.845759811892030029e+03
1.845604354261784010e+03
1.841134678065316621e+03
1.846023668039064887e+03
1.845860146628905113e+03
1.845704005415128449e+03
1.834854444869750978e+03
1.834627492464826673e+03
1.834400540059902369e+03
1.834173587654978064e+03
1.809640514380993409e+03
1.828645776927274028e+03
1.832145294486443618e+03
1.832776199487679150e+03
1.843591772900541628e+03
1.836840071959901707e+03
1.833701039083117394e+03
1.832669612255122729e+03
1.842954760739425410e+03
1.836207313885556687e+03
1.833048739593570872e+03
1.832011214158551638e+03
1.807317749475559367e+03
1.806938078285055326e+03
1.806558407094551285e+03
1.806178735904047244e+03
1.771691592683310091e+03
1.797537545918390606e+03
1.803023070282491290e+03
1.804057378456746164e+03
1.769891297256830057e+03
1.795851559307376419e+03
1.801361052380986848e+03
1.802400954533886761e+03
1.826678868798415124e+03
1.809399775990390026e+03
1.803762052194908620e+03
1.802010488886761777e+03
1.825496747158311564e+03
1.825271162652330759e+03
1.825045578146349953e+03
1.824819993640369148e+03
1.800382044793377418e+03
1.819320621292111355e+03
1.822802014489502653e+03
1.823429286975198465e+03
1.834129920171183812e+03
1.827467067371987014e+03
1.824350064117257034e+03
1.823325063966724201e+03
1.833497686717330225e+03
1.826839806207722859e+03
1.823703427503789499e+03
1.822672368641658295e+03
1.832842953295572215e+03
1.832806068945080597e+03
1.832769184594588978e+03
1.832732300244097360e+03
1.822093089903858299e+03
1.831218546265544774e+03
1.832161637421700107e+03
1.832285626745468335e+03
1.827768458343601651e+03
1.832744529797821997e+03
1.832626604100286158e+03
1.832485463643637331e+03
1.827783396001279016e+03
1.832853975170667127e+03
1.832738950873595286e+03
1.832597214995495960e+03
1.821984304952090270e+03
1.821760095824152586e+03
1.821535886696214902e+03
1.821311677568277219e+03
1.796969456094345105e+03
1.815840906752524006e+03
1.819304071829543318e+03
1.819927691671427738e+03
1.830512834353607104e+03
1.823939239842437473e+03
1.820844381773667919e+03
1.819825843109109655e+03
1.829885404259620827e+03
1.823317502999297858e+03
1.820203436279069820e+03
1.819178879011541767e+03
1.829236411593443108e+03
1.829201063169217150e+03
1.829165714744991192e+03
1.829130366320765233e+03
1.818608393682897258e+03
1.827649508708308076e+03
1.828571662306035705e+03
1.828691539275839659e+03
1.824055149119956241e+03
1.829121461190406535e+03
1.829027656242244120e+03
1.828893690366445981e+03
1.824075266763423315e+03
1.829236745896017283e+03
1.829146019173507057e+03
1.829011502051897878e+03
1.828946035242024436e+03
1.828911454907582311e+03
1.828876874573140185e+03
1.828842294238698059e+03
1.818378977949941373e+03
1.827377890096450528e+03
1.828289571622296307e+03
1.828407391986257608e+03
1.823711407375100180e+03
1.828822821785444376e+03
1.828741077559948963e+03
1.828610699455368831e+03
1.823734114942971019e+03
1.828941025750812969e+03
1.828862448152719026e+03
1.828731540892134490e+03
1.828667552131392767e+03
1.828633739968739974e+03
1.828599927806086725e+03
1.828566115643433932e+03
1.818161480516957681e+03
1.827118168444148068e+03
1.828019375736110305e+03
1.828135139214824676e+03
1.823379571284658368e+03
1.828536075913463264e+03
1.828466392604486600e+03
1.828339602580308792e+03
1.823404868723083155e+03
1.828657198858275024e+03
1.828590770570939640e+03
1.828463473481818937e+03
1.823528067362896081e+03
1.823688462182197782e+03
1.823848857001499482e+03
1.824009251820801182e+03
1.829042542199161517e+03
1.826777621418968010e+03
1.824996867088011413e+03
1.824590672126213349e+03
1.805339592108264469e+03
1.821345755216858606e+03
1.824289763060518681e+03
1.825067702877805687e+03
1.825377527324000312e+03
1.825574968895806251e+03
1.825744605974061642e+03
1.825907310143571976e+03
1.830941408850462494e+03
1.830908367917611258e+03
1.830875326984760022e+03
1.830842286051908786e+03
1.820496584348088390e+03
1.829410863034880094e+03
1.830301553346198489e+03
1.830415251691245203e+03
1.830413616687231979e+03
1.830388097108372904e+03
1.830356915878173368e+03
1.830324338581201346e+03
1.825418518823794329e+03
1.830668156203039871e+03
1.830612242463734447e+03
1.830488812331529289e+03
1.830427887865145067e+03
1.830395612273120378e+03
1.830363336681095689e+03
1.830331061089071000e+03
1.820043861277104270e+03
1.828916037787582582e+03
1.829796290384418853e+03
1.829907939305212039e+03
1.825033239616203446e+03
1.830279887205054138e+03
1.830234326012935753e+03
1.830114712988530982e+03
1.830055357436710665e+03
1.830015984153095133e+03
1.829981913659389875e+03
1.829949188062062149e+03
1.824984063829254637e+03
1.825145190554117789e+03
1.825306317278980941e+03
1.825467444003844093e+03
1.830561306788172260e+03
1.828251924835288037e+03
1.826460928434622929e+03
1.826052758660498057e+03
1.806749305647555502e+03
1.822794174133513025e+03
1.825749398617730094e+03
1.826530738556530878e+03
1.826841964657936614e+03
1.827040305737350991e+03
1.827210716631909008e+03
1.827374163185304496e+03
1.827535869791429377e+03
1.827696999341437731e+03
1.827858128891446086e+03
1.828019258441454440e+03
1.833113355072577860e+03
1.830803801465561264e+03
1.829012765528504360e+03
1.828604588131508990e+03
1.828618361523088197e+03
1.828742338533029624e+03
1.828894160367583936e+03
1.829052961765160717e+03
1.829213509200591488e+03
1.829374493217175996e+03
1.829535586383529790e+03
1.829696706837605689e+03
1.834790800288777973e+03
1.834758530641333891e+03
1.834726260993890264e+03
1.834693991346446182e+03
1.824407246004349417e+03
1.833279095432040549e+03
1.834159266952658072e+03
1.834270899954862216e+03
1.829395739512799992e+03
1.834642735709157023e+03
1.834597267830566580e+03
1.834477682571481637e+03
1.834418338416076494e+03
1.834378972439759309e+03
1.834344908231298859e+03
1.834312188663717279e+03
1.824025555465379966e+03
1.823804802070861342e+03
1.823584048676342718e+03
1.823363295281824094e+03
1.799261959553056386e+03
1.817964421490648874e+03
1.821381766655717684e+03
1.821996207800757247e+03
1.832291515890783103e+03
1.825941856702070936e+03
1.822902618495474144e+03
1.821900313316332358e+03
1.821479433264437148e+03
1.821208353179542883e+03
1.820974999691394714e+03
1.820751095122437619e+03
1.796649155705957128e+03
1.796273525260941824e+03
1.795897894815926520e+03
1.795522264370911216e+03
1.761275438242473683e+03
1.786961317678688602e+03
1.792395592247730292e+03
1.793419301242957317e+03
1.817317757480658429e+03
1.800338092005041290e+03
1.794767766078149634e+03
1.793035328286191998e+03
1.816150206254811110e+03
1.799087912656162189e+03
1.793479434979249163e+03
1.791736525110036155e+03
1.757174181890044110e+03
1.756701106751251018e+03
1.756228031612457926e+03
1.755754956473664834e+03
1.716584114026132738e+03
1.745339508350848746e+03
1.751960662673713614e+03
1.753237166098900843e+03
1.787070903941676306e+03
1.762070797769770934e+03
1.754821932404770678e+03
1.752624303276924365e+03
1.785529945330376677e+03
1.760369924508021768e+03
1.753069392235307532e+03
1.750858338815566640e+03
1.749948985798250078e+03
1.749476160482488694e+03
1.749003335166727311e+03
1.748530509850965927e+03
1.709367652114806106e+03
1.738119387027242965e+03
1.744737759569327864e+03
1.746013629857342721e+03
1.779817520050549774e+03
1.754842211802996871e+03
1.747597923322858378e+03
1.745401505297779750e+03
1.778277601377337760e+03
1.753142642049932419e+03
1.745846725549770554e+03
1.743636891077494056e+03
1.704045816641426200e+03
1.703546714946116253e+03
1.703047613250806307e+03
1.702548511555496361e+03
1.664355362746439141e+03
1.691849851285920749e+03
1.698658978880088853e+03
1.699995606334970716e+03
1.738645811379303495e+03
1.709410147315436916e+03
1.701577765354852772e+03
1.699246758360139665e+03
1.736964286501862262e+03
1.707515728538709027e+03
1.699625975175800477e+03
1.697280618981387761e+03
1.734994501558996262e+03
1.734522179252539900e+03
1.734049856946083537e+03
1.733577534639627174e+03
1.694430924924640294e+03
1.723175136471962105e+03
1.729787898373819417e+03
1.731062493312032757e+03
1.692343040114757969e+03
1.721203049146502053e+03
1.727843952390154982e+03
1.729125405783152701e+03
1.729089829489649446e+03
1.728726585012875375e+03
1.728281525331918374e+03
1.727816018254219671e+03
1.688671081209630529e+03
1.688171934147515685e+03
1.687672787085400842e+03
1.687173640023285998e+03
1.648965028151922070e+03
1.676472897973247200e+03
1.683283319317896712e+03
1.684620106943179280e+03
1.723262513661393768e+03
1.694035140336304039e+03
1.686202753492669672e+03
1.683871582363959305e+03
1.721581049490037458e+03
1.692140932032742285e+03
1.684251179527129580e+03
1.681905658607777923e+03
1.643220316679411781e+03
1.642770001314615456e+03
1.642319685949819132e+03
1.641869370585022807e+03
1.610378923896072138e+03
1.632491178697434407e+03
1.638467622410069453e+03
1.639664019879124226e+03
1.608623905069373450e+03
1.630805564070500395e+03
1.636806235090418568e+03
1.638009015233129048e+03
1.606970656643003394e+03
1.629152586424850597e+03
1.635153352068495224e+03
1.636356157142751954e+03
1.605317805412815005e+03
1.604985497481584616e+03
1.604653189550354227e+03
1.604320881619123838e+03
1.584410697363958889e+03
1.597708162854039529e+03
1.601931162910824469e+03
1.602803304671680507e+03
1.583250022076982304e+03
1.596575309391372912e+03
1.600814702605440516e+03
1.601691465281292267e+03
1.601665448684355169e+03
1.601409963291279610e+03
1.601096876573186819e+03
1.600769374918465928e+03
1.600438268617182530e+03
1.600105962933311730e+03
1.599773657249440930e+03
1.599441351565570130e+03
1.579531372590072351e+03
1.592828684055330314e+03
1.597051651577763778e+03
1.597923787212631169e+03
1.578370708005600136e+03
1.591695840610517280e+03
1.595935201147847465e+03
1.596811957664568126e+03
1.627752965133214957e+03
1.603248939024316314e+03
1.597708726691699439e+03
1.596134767202616558e+03
1.626535638948927271e+03
1.626085327505587884e+03
1.625635016062248496e+03
1.625184704618909109e+03
1.593694688518373823e+03
1.615806608863677639e+03
1.621782991732650771e+03
1.622979378278879722e+03
1.591939691290866449e+03
1.614121014132387472e+03
1.620121624027884081e+03
1.621324393187998794e+03
1.621289720929552459e+03
1.620943464928350522e+03
1.620519176410508862e+03
1.620075371264511205e+03
1.619626686430870905e+03
1.619176376294716192e+03
1.618726066158561480e+03
1.618275756022406767e+03
1.586785883453622546e+03
1.608897692311972833e+03
1.614874054899293014e+03
1.616070437804493167e+03
1.585030893425971954e+03
1.607212104212685972e+03
1.613212693732941034e+03
1.614415459232103331e+03
1.583377671058644864e+03
1.605559152617199516e+03
1.611559836759718337e+03
1.612762627190115154e+03
1.612727961331188453e+03
1.612277986375367846e+03
1.611828011419547238e+03
1.611378036463726630e+03
1.579924946053505892e+03
1.602008187506824243e+03
1.607979350799665553e+03
1.609174800163563987e+03
1.578171801305790041e+03
1.600324299232084513e+03
1.606319665470047312e+03
1.607521492319717709e+03
1.576520248732894970e+03
1.598673016862410805e+03
1.604668477628899609e+03
1.605870329389848621e+03
1.574869092659508851e+03
1.574537369455170392e+03
1.574205646250831933e+03
1.573873923046493474e+03
1.554017136541050604e+03
1.567274538792132716e+03
1.571489074648947962e+03
1.572359622566943699e+03
1.552859245359916940e+03
1.566144291389607133e+03
1.570375183362811413e+03
1.571250343572964312e+03
1.571224370380992013e+03
1.570969334729765933e+03
1.570656799013943555e+03
1.570329873656312657e+03
1.550474489889710185e+03
1.550311186885734287e+03
1.550147883881758389e+03
1.549984580877782491e+03
1.544710492971477834e+03
1.547152183438072143e+03
1.548973640603410104e+03
1.549387682744381209e+03
1.549373737794638600e+03
1.549248087314709664e+03
1.549094216991378744e+03
1.548933273379203911e+03
1.568295217958135709e+03
1.552049857407602758e+03
1.549048633838076967e+03
1.548254627400272284e+03
1.567515290340179035e+03
1.567182995902031507e+03
1.566850701463883979e+03
1.566518407025736451e+03
1.546609455258150547e+03
1.559905995992748558e+03
1.564128800714536283e+03
1.565000905695150323e+03
1.545448844228474854e+03
1.558773202676798746e+03
1.563012399700990045e+03
1.563889125397612816e+03
1.563863109802246072e+03
1.563607634787358620e+03
1.563294560784124769e+03
1.562967072427962194e+03
1.562635979571132339e+03
1.562303687380416477e+03
1.561971395189700615e+03
1.561639102998984754e+03
1.541730356515391577e+03
1.555026743222277901e+03
1.559249515408796924e+03
1.560121614263232914e+03
1.540569756188472411e+03
1.553893959924427463e+03
1.558133124270960479e+03
1.559009843808261394e+03
1.539459374729510728e+03
1.552783686713140014e+03
1.557022915069603414e+03
1.557899652655156160e+03
1.588839807851781188e+03
1.588390173095232058e+03
1.587940538338682927e+03
1.587490903582133797e+03
1.556075102835372491e+03
1.578129388382788420e+03
1.584095276962508024e+03
1.585289778945944590e+03
1.554323829250869494e+03
1.576447223941984930e+03
1.582437291139131503e+03
1.583638165424820272e+03
1.552673970051387641e+03
1.574797634369781008e+03
1.580787796000387516e+03
1.581988695177104319e+03
1.619632067992512475e+03
1.619133014507517601e+03
1.618633961022522726e+03
1.618134907537527852e+03
1.579957863900596294e+03
1.607438429272430767e+03
1.614246200433107788e+03
1.615582658733326070e+03
1.577880472279035530e+03
1.605460998972851257e+03
1.612297082678277093e+03
1.613640702271655073e+03
1.575940370448966405e+03
1.603521287418560860e+03
1.610357481715435370e+03
1.611701129282467946e+03
1.650361143453160139e+03
1.649888060491259466e+03
1.649414977529358794e+03
1.648941894567458121e+03
1.609770803005082826e+03
1.638526311085044199e+03
1.645147552466301931e+03
1.646424075714947094e+03
1.680258749095683925e+03
1.655257865543901289e+03
1.648008856801160618e+03
1.645811189744443027e+03
1.678717757902701123e+03
1.653556951433842187e+03
1.646256274564791738e+03
1.644045182970471160e+03
1.676948134085963602e+03
1.676573505789837782e+03
1.676198877493711962e+03
1.675824249197586141e+03
1.641637301600747151e+03
1.667283229366330715e+03
1.672704777824252915e+03
1.673725857213367135e+03
1.697530850920388502e+03
1.680625235136078572e+03
1.675071627047916536e+03
1.673343936629714335e+03
1.696366975395623285e+03
1.679379396030941507e+03
1.673787766746240322e+03
1.672049634062604810e+03
1.637548259036148920e+03
1.637075676771202325e+03
1.636603094506255729e+03
1.636130512241309134e+03
1.596975477144157821e+03
1.625723602496601643e+03
1.632339265606457730e+03
1.633614519745038706e+03
1.667389422694932136e+03
1.642438190501362442e+03
1.635198351629329636e+03
1.633003111659854312e+03
1.632098094667335772e+03
1.631517295558871410e+03
1.631017652361811770e+03
1.630538304444367441e+03
1.630064030740088810e+03
1.629591449449824040e+03
1.629118868159559270e+03
1.628646286869294499e+03
1.589491283249491744e+03
1.618239394029767936e+03
1.624855046268242177e+03
1.626130297935596900e+03
1.659905084741855489e+03
1.634953949000321700e+03
1.627714127965788066e+03
1.625518892720122949e+03
1.624613877610048121e+03
1.624033079701355518e+03
1.623533437535134681e+03
1.623054090606403861e+03
1.622579817880314977e+03
1.622107237564748857e+03
1.621634657249182737e+03
1.621162076933616618e+03
1.582007104792556902e+03
1.610755200999641374e+03
1.617370842366497754e+03
1.618646091562580523e+03
1.652420762224000782e+03
1.627469722935391928e+03
1.620229919738615536e+03
1.618034689216838615e+03
1.650881862432870548e+03
1.625771429770687746e+03
1.618480036640577964e+03
1.616271397361583922e+03
1.649114955990642557e+03
1.648741353313959053e+03
1.648367750637275549e+03
1.647994147960592045e+03
1.613868592993061156e+03
1.639473532017727621e+03
1.644882050028550111e+03
1.645900437865232561e+03
1.669609885522051627e+03
1.652779951680890917e+03
1.647243446379072111e+03
1.645520614074305968e+03
1.611084170023794968e+03
1.636575806999343285e+03
1.641960755246919007e+03
1.642973655512014830e+03
1.609161401600079216e+03
1.608688823233961102e+03
1.608216244867842988e+03
1.607743666501724874e+03
1.568588757322336505e+03
1.597336824379965265e+03
1.603952444002879020e+03
1.605227688256282136e+03
1.639002126624416405e+03
1.614051280244324289e+03
1.606811512723835904e+03
1.604616291650070252e+03
1.637463234936596336e+03
1.612352997230424535e+03
1.605061640079458130e+03
1.602853010309650927e+03
1.635696339018752724e+03
1.635322740308857419e+03
1.634949141598962115e+03
1.634575542889066810e+03
1.600450225587697105e+03
1.626055005882475825e+03
1.631463473483177722e+03
1.632481850909040077e+03
1.656190929227958122e+03
1.639361287902896720e+03
1.633824848736674085e+03
1.632102035220764947e+03
1.655030828038161189e+03
1.638119904284659924e+03
1.632545577947071251e+03
1.630812352787069130e+03
1.653738115556426237e+03
1.653520814674428266e+03
1.653303513792430294e+03
1.653086212910432323e+03
1.629226053734286324e+03
1.647759216804271773e+03
1.651130755763565503e+03
1.651736025104680039e+03
1.661742254846358946e+03
1.655615851771680354e+03
1.652632151201755732e+03
1.651646062325782395e+03
1.627636406052517941e+03
1.646075683182649755e+03
1.649431736831559874e+03
1.650033707807519477e+03
1.626326257882082473e+03
1.625952663139028573e+03
1.625579068395974673e+03
1.625205473652920773e+03
1.591080394022575774e+03
1.616685015583817631e+03
1.622093432773628138e+03
1.623111799788525786e+03
1.646820508766164266e+03
1.629991159959600509e+03
1.624454786929763031e+03
1.622731992202956235e+03
1.622017563093734225e+03
1.621558540814513208e+03
1.621163575534069651e+03
1.620784637303814634e+03
1.620409706635664406e+03
1.620036113876051104e+03
1.619662521116437802e+03
1.619288928356824499e+03
1.585163967563815049e+03
1.610768509756920366e+03
1.616176901740996300e+03
1.617195263550357140e+03
1.640903787856088911e+03
1.624074585309673012e+03
1.618538245348324153e+03
1.616815460016160841e+03
1.582379620826483688e+03
1.607870861803717844e+03
1.613255684512186917e+03
1.614268558887344170e+03
1.614238132369524010e+03
1.613864032275952013e+03
1.613489932182380016e+03
1.613115832088808020e+03
1.578960488165873585e+03
1.604585319131040933e+03
1.610000157590381605e+03
1.611019850852866057e+03
1.634775624303064887e+03
1.617908998169568576e+03
1.612364198986731708e+03
1.610639010593315788e+03
1.633613685355167036e+03
1.616665445288265346e+03
1.611082693679964223e+03
1.609347078731442707e+03
1.608629015686496587e+03
1.608255426893804724e+03
1.607881838101112862e+03
1.607508249308421000e+03
1.573383526193730177e+03
1.598987909647825973e+03
1.604396251219854321e+03
1.605414602618032859e+03
1.629122757577417133e+03
1.612293847553096384e+03
1.606757573729315936e+03
1.605034807186623311e+03
1.627962692733058930e+03
1.611052506833548478e+03
1.605478347128859923e+03
1.603745169236993206e+03
1.626670024798866052e+03
1.626452737355845557e+03
1.626235449912825061e+03
1.626018162469804565e+03
1.602158943077260801e+03
1.620691446241438598e+03
1.624062806842907094e+03
1.624668040479361252e+03
1.634673145919689432e+03
1.628547610962198632e+03
1.625564126514795589e+03
1.624578100757145194e+03
1.600569397697774320e+03
1.619008016990244414e+03
1.622363893001746646e+03
1.622965828462794661e+03
1.622948639375310904e+03
1.622730664095085103e+03
1.622512688814859303e+03
1.622294713534633502e+03
1.598387403812787397e+03
1.616953673446259018e+03
1.620334162245815605e+03
1.620941223295423470e+03
1.631003882372392582e+03
1.624833906162647281e+03
1.621839359491855703e+03
1.620850103156433079e+03
1.620434554973746799e+03
1.620166890556717135e+03
1.619936474515703821e+03
1.619715387890774309e+03
1.619496634702220490e+03
1.619278662107828723e+03
1.619060689513436955e+03
1.618842716919045188e+03
1.594935594938649047e+03
1.613501732758152912e+03
1.616882185916573462e+03
1.617489239830712904e+03
1.627551674137852842e+03
1.621381871496131453e+03
1.618387368022902820e+03
1.617398124302242877e+03
1.616982581274265385e+03
1.616714920159439544e+03
1.616484506958299335e+03
1.616263423057710270e+03
1.626065504062623404e+03
1.626036329048710286e+03
1.626007154034797168e+03
1.625977979020884050e+03
1.615927972508964103e+03
1.624629412285322132e+03
1.625467368622327967e+03
1.625570714230014346e+03
1.620455836775362513e+03
1.625884173751555636e+03
1.625887274203862489e+03
1.625782142431891316e+03
1.620496761225156433e+03
1.626022904855422212e+03
1.626029793570705579e+03
1.625924288065356677e+03
1.620638268455662001e+03
1.620803057118321476e+03
1.620967845780980952e+03
1.621132634443640427e+03
1.626529855340586664e+03
1.623997751932824713e+03
1.622155494765845788e+03
1.621737443470796961e+03
1.621751505675823864e+03
1.621878300052763734e+03
1.622033570615682493e+03
1.622195978533101652e+03
1.602729351520025375e+03
1.619053363780986047e+03
1.622077425757009678e+03
1.622878354249957965e+03
1.628488937277724972e+03
1.628461296734028338e+03
1.628433656190331703e+03
1.628406015646635069e+03
1.618473507239597666e+03
1.627090348462400016e+03
1.627907366180934332e+03
1.628006602134832974e+03
1.618042648449528542e+03
1.626719983628070622e+03
1.627542058561148224e+03
1.627641900568396522e+03
1.622408606724738320e+03
1.627926567679408436e+03
1.627953736402597997e+03
1.627855771579024804e+03
1.627805302138712022e+03
1.627778424441381731e+03
1.627751546744051439e+03
1.627724669046721147e+03
1.617850601114663959e+03
1.626425360084115255e+03
1.627231966833604474e+03
1.627329159626012824e+03
1.617422921172693577e+03
1.626058020710937626e+03
1.626869641359505295e+03
1.626967429256369314e+03
1.626966393127763695e+03
1.626945642854006110e+03
1.626920276199683713e+03
1.626893774962264388e+03
1.626866991298608809e+03
1.626840110597868261e+03
1.626813229897127712e+03
1.626786349196387164e+03
1.616912051141954635e+03
1.625486975826347589e+03
1.626293623566984479e+03
1.626390824403660417e+03
1.626389680602422004e+03
1.626368903744016734e+03
1.626343528352631211e+03
1.626317022688492443e+03
1.616442592077659583e+03
1.625017752085204620e+03
1.625824419385551209e+03
1.625921622545351056e+03
1.620629206922477124e+03
1.620794713830071942e+03
1.620960220737666759e+03
1.621125727645261577e+03
1.626582506794090477e+03
1.624006666427890877e+03
1.622154351803647842e+03
1.621734362179680375e+03
1.621748481068278807e+03
1.621875828465032782e+03
1.622031775976993003e+03
1.622194891816024210e+03
1.622359800880253033e+03
1.622525158322242305e+03
1.622690627863138161e+03
1.622856125429039821e+03
1.603339311782072855e+03
1.603672775222501286e+03
1.604006238662929718e+03
1.604339702103358150e+03
1.624355483762923768e+03
1.610978778857270754e+03
1.606739048015484514e+03
1.605863756335947073e+03
1.625521663909259132e+03
1.612116784804349663e+03
1.607860587573223938e+03
1.606980657936632952e+03
1.575966220725677431e+03
1.600522353958141593e+03
1.606079720114295696e+03
1.607659018218321307e+03
1.608300065086765926e+03
1.608634097398884705e+03
1.608968129711003485e+03
1.609302162023122264e+03
1.629369967565639627e+03
1.615954218564568464e+03
1.611706248867571048e+03
1.610829406324319507e+03
1.630538859316109892e+03
1.617094762377396137e+03
1.612830290221505493e+03
1.611948801330191372e+03
1.611974945910641054e+03
1.612231757610358727e+03
1.612546469254992871e+03
1.612875670431030812e+03
1.582095711731588381e+03
1.582546694045849108e+03
1.582997676360109836e+03
1.583448658674370563e+03
1.615012424155603640e+03
1.592843208382148987e+03
1.586856411745787454e+03
1.585658156279523837e+03
1.616771119965696016e+03
1.594532209656516216e+03
1.588521137923884908e+03
1.587316489616122453e+03
1.587351210060343192e+03
1.587697982191076335e+03
1.588122902952667118e+03
1.588567369316429676e+03
1.589016722607929523e+03
1.589467703623401576e+03
1.589918684638873629e+03
1.590369665654345681e+03
1.621933288191220072e+03
1.599764183492207167e+03
1.593777407026052970e+03
1.592579155178510064e+03
1.623691976834187471e+03
1.601453178166008001e+03
1.595442126696720379e+03
1.594237482027483566e+03
1.556532116057912162e+03
1.585639326323642990e+03
1.592890220062003436e+03
1.595008193221066904e+03
1.595873706349400663e+03
1.596325016737732994e+03
1.596776327126065326e+03
1.597227637514397657e+03
1.628827531760104193e+03
1.606630239508526529e+03
1.600638346694316397e+03
1.599439177071265021e+03
1.630588038835008547e+03
1.608320908787372446e+03
1.602304717341225341e+03
1.601099149873399256e+03
1.632246252651630812e+03
1.609978850128236672e+03
1.603962563779645052e+03
1.602756971321003448e+03
1.633904067228241956e+03
1.634238090587929037e+03
1.634572113947616117e+03
1.634906137307303197e+03
1.654973123951402386e+03
1.641557989566057586e+03
1.637310149536013796e+03
1.636433331399583039e+03
1.656141973021232161e+03
1.642698493433728800e+03
1.638434151512509061e+03
1.637552687160071628e+03
1.657259934073774502e+03
1.643816344174793812e+03
1.639551937814932671e+03
1.638670455314499804e+03
1.658377696780202541e+03
1.658543186647446419e+03
1.658708676514690296e+03
1.658874166381934174e+03
1.664329532290243606e+03
1.661754729784075835e+03
1.659902653785349685e+03
1.659482710148924298e+03
1.664727396431281704e+03
1.662170090088682173e+03
1.660311840689325436e+03
1.659889715296466875e+03
1.665133585127041670e+03
1.662576347561431021e+03
1.660718074073527760e+03
1.660295940159791144e+03
1.640680276202910136e+03
1.641013152039022543e+03
1.641346027875134951e+03
1.641678903711247358e+03
1.661640974005529642e+03
1.648304575631948410e+03
1.644073353503637236e+03
1.643199663674207386e+03
1.662804354291621394e+03
1.649439960998075321e+03
1.645192309726287931e+03
1.644313990606437756e+03
1.644340049356456348e+03
1.644595971553012305e+03
1.644909593421719137e+03
1.645237654794073251e+03
1.645569326953508835e+03
1.645902200545305050e+03
1.646235074137101265e+03
1.646567947728897479e+03
1.666529812925937222e+03
1.653193568455322747e+03
1.648962378822683149e+03
1.648088695111254083e+03
1.667693182520157734e+03
1.654328943813973865e+03
1.650081325180093927e+03
1.649203012211345140e+03
1.649229070794784320e+03
1.649484991265125927e+03
1.649798611018958582e+03
1.650126670179352004e+03
1.650458340102559760e+03
1.650791211450027731e+03
1.651124082797495703e+03
1.651456954144963674e+03
1.671418614244038508e+03
1.658082523676873507e+03
1.653851366540058507e+03
1.652977688946662056e+03
1.672581973146345490e+03
1.659217889028007676e+03
1.654970303032188667e+03
1.654091996214572873e+03
1.654118054631431278e+03
1.654373973375549667e+03
1.654687591014497002e+03
1.655015647962917456e+03
1.655347315649885559e+03
1.655680184753013236e+03
1.656013053856140914e+03
1.656345922959268592e+03
1.676307377959655923e+03
1.662971441296423336e+03
1.658740316655585730e+03
1.657866645180253727e+03
1.677470726170007765e+03
1.664106796639999402e+03
1.659859243282395255e+03
1.658980942615944059e+03
1.628004188885624671e+03
1.652533584277394539e+03
1.658082145215925266e+03
1.659658702778354382e+03
1.679978701957739759e+03
1.680144177633729214e+03
1.680309653309718669e+03
1.680475128985708125e+03
1.685929317951407484e+03
1.683355379770642230e+03
1.681503502499482238e+03
1.681083597161589978e+03
1.686327119329975176e+03
1.683770680797304067e+03
1.681912630971376757e+03
1.681490544083138502e+03
1.686733249849926324e+03
1.684176880107854231e+03
1.682318806196684818e+03
1.681896710788374094e+03
1.687139413366192457e+03
1.687110964973867340e+03
1.687082516581541768e+03
1.687054068189216650e+03
1.677059691648238868e+03
1.685721079610334982e+03
1.686549121348092058e+03
1.686650520930649691e+03
1.676625467285286959e+03
1.685347511498910080e+03
1.686180656313087411e+03
1.686282673543258397e+03
1.681111896326196074e+03
1.686582581237498516e+03
1.686597075467575678e+03
1.686495337902395249e+03
1.681155071585537598e+03
1.681320541584983403e+03
1.681486011584429207e+03
1.681651481583875011e+03
1.687105199771148818e+03
1.684531607321196589e+03
1.682679809541531995e+03
1.682259919523159397e+03
1.687502976044627303e+03
1.684946884636575078e+03
1.683088914640489975e+03
1.682666843154207072e+03
1.687909083294151969e+03
1.685353060682143223e+03
1.683495066602137740e+03
1.683072986596103874e+03
1.688315223547157984e+03
1.688286769149060092e+03
1.688258314750962199e+03
1.688229860352864307e+03
1.678235023943534088e+03
1.686896743008984004e+03
1.687724866698067899e+03
1.687826282365398356e+03
1.677800774563068899e+03
1.686523151086058760e+03
1.687356378192478815e+03
1.687458411593615665e+03
1.677432790935240973e+03
1.686155404788276883e+03
1.686988651856614524e+03
1.687090687672457989e+03
1.677065066573345575e+03
1.676847053302568384e+03
1.676629040031791192e+03
1.676411026761014000e+03
1.652501061509188048e+03
1.671069195593303903e+03
1.674450188527325736e+03
1.675057350506519924e+03
1.651301409794705933e+03
1.669964051575916301e+03
1.673360640585576448e+03
1.673971124726464041e+03
1.673955458479187655e+03
1.673787732185950517e+03
1.673582271904968593e+03
1.673367395709190987e+03
1.673150166633881327e+03
1.672932150656323529e+03
1.672714134678765731e+03
1.672496118701207934e+03
1.648585964248454729e+03
1.667154231170273988e+03
1.670535260023131741e+03
1.671142429193428598e+03
1.647386301988184414e+03
1.666049077023689279e+03
1.669445702097774756e+03
1.670056193468128185e+03
1.680123277832169379e+03
1.673950654980752915e+03
1.670955489925868278e+03
1.669966053871845361e+03
1.645905689878033627e+03
1.645532583150649543e+03
1.645159476423265460e+03
1.644786369695881376e+03
1.610690541987448796e+03
1.636275623990687563e+03
1.641677838726918480e+03
1.642694924904873687e+03
1.642665883188899215e+03
1.642378573010615582e+03
1.642026901657896360e+03
1.641659152913529397e+03
1.607564547039478839e+03
1.633150073335540355e+03
1.638552380422335773e+03
1.639569488094323333e+03
1.639540451646211977e+03
1.639166834759530275e+03
1.638793217872848572e+03
1.638419600986166870e+03
1.604293194654477929e+03
1.629898702275676897e+03
1.635307400867017350e+03
1.636325825997739230e+03
1.660036596725542267e+03
1.643205615008157565e+03
1.637668872791766944e+03
1.635945973180698957e+03
1.635231501501680214e+03
1.634772451988593275e+03
1.634377463292983293e+03
1.633998502601279370e+03
1.633623549710050156e+03
1.633249934806660576e+03
1.632876319903270996e+03
1.632502704999881416e+03
1.598376417491954726e+03
1.623981845755201675e+03
1.629390519142958510e+03
1.630408939068548534e+03
1.654119525133875413e+03
1.637288689669944688e+03
1.631751980519840345e+03
1.630029090302730310e+03
1.595591900536610183e+03
1.621084025723533159e+03
1.626469128746841079e+03
1.627482060931466322e+03
1.627451632522154341e+03
1.627077510322873877e+03
1.626703388123593413e+03
1.626329265924312949e+03
1.592172598762849475e+03
1.617798313189898181e+03
1.623213432501867828e+03
1.624233183776815849e+03
1.624204058932489716e+03
1.623915967125415818e+03
1.623563338808818344e+03
1.623194589222511240e+03
1.646561480227413767e+03
1.629652388443467771e+03
1.624088275059979878e+03
1.622357778260619853e+03
1.645332962773312829e+03
1.645114949439342581e+03
1.644896936105371879e+03
1.644678922771401631e+03
1.620768953102423438e+03
1.639337090287816181e+03
1.642718084060411684e+03
1.643325246207491773e+03
1.619569301141735423e+03
1.638231946033949043e+03
1.641628535885581414e+03
1.642239020195250532e+03
1.618483683113750203e+03
1.637146697458447989e+03
1.640543348255255978e+03
1.641153845543623902e+03
1.617398510837158710e+03
1.617024386634703433e+03
1.616650262432248155e+03
1.616276138229792878e+03
1.582119351161690247e+03
1.607745145643939395e+03
1.613160290406065315e+03
1.614180046937978204e+03
1.614150921929654487e+03
1.613862828580698306e+03
1.613510198376342487e+03
1.613141446815720656e+03
1.612768665720110221e+03
1.612394877291015291e+03
1.612020837031690689e+03
1.611646733815004836e+03
1.611272614858991119e+03
1.610898490648771485e+03
1.610524366438551851e+03
1.610150242228332218e+03
1.575993454695477794e+03
1.601619249488016521e+03
1.607034394348786236e+03
1.608054150901074536e+03
1.608025025892115309e+03
1.607736932537182838e+03
1.607384302325510589e+03
1.607015550757236042e+03
1.572859989342993458e+03
1.598486228762299788e+03
1.603901466169765399e+03
1.604921244271358091e+03
1.628679270409806122e+03
1.628459874899123179e+03
1.628240479388440235e+03
1.628021083877757292e+03
1.604014542501722644e+03
1.622650474147011664e+03
1.626049807030023430e+03
1.626660641073416173e+03
1.626644069898839462e+03
1.626475083467796594e+03
1.626268271645905543e+03
1.626052020895814849e+03
1.635973978307395782e+03
1.629716167777893133e+03
1.626689475335823545e+03
1.625690614549801239e+03
1.635354102829750673e+03
1.635324110963304520e+03
1.635294119096858367e+03
1.635264127230412214e+03
1.625151602466473378e+03
1.633898049692098994e+03
1.634747150697673533e+03
1.634852683921627886e+03
1.624710950145359448e+03
1.633518363304414834e+03
1.634372654984624432e+03
1.634478828006647745e+03
1.634477554772596704e+03
1.634454409718862735e+03
1.634426108750147932e+03
1.634396538307754554e+03
1.624283892073551215e+03
1.624065183314701926e+03
1.623846474555852637e+03
1.623627765797003349e+03
1.599669197035161233e+03
1.618271453454239008e+03
1.621661674897045486e+03
1.622270684545762606e+03
1.598466836072435626e+03
1.617163707156111741e+03
1.620569562078146419e+03
1.621181903745404270e+03
1.631306978282091222e+03
1.625089575644970409e+03
1.622083267738115637e+03
1.621090577838494710e+03
1.630698778785233571e+03
1.630669546557879812e+03
1.630640314330526053e+03
1.630611082103172294e+03
1.620556696047667629e+03
1.629261288824558505e+03
1.630100025787383629e+03
1.630203524620829739e+03
1.620119206945089218e+03
1.628884613307449172e+03
1.629728497836577617e+03
1.629832625566733441e+03
1.629831410173426093e+03
1.629808849277940908e+03
1.629781264076218349e+03
1.629752442304775059e+03
1.624555096047385177e+03
1.624719100579079395e+03
1.624883105110773613e+03
1.625047109642467831e+03
1.630379330736893962e+03
1.627894956540545309e+03
1.626063678191920644e+03
1.625647742962082702e+03
1.630770627446514936e+03
1.628304113838611556e+03
1.626466750604027993e+03
1.626048655186913948e+03
1.626062076098746275e+03
1.626188119424657089e+03
1.626342613962345013e+03
1.626504239764968133e+03
1.626667649537487478e+03
1.626831651227824750e+03
1.626995652918162023e+03
1.627159654608499295e+03
1.632491640212711900e+03
1.630007438929133514e+03
1.628176200360745270e+03
1.627760272798494043e+03
1.632882924362399535e+03
1.630416584363838183e+03
1.628579261078779382e+03
1.628161173370510141e+03
1.628174594068325177e+03
1.628300635209060374e+03
1.628455127069395303e+03
1.628616750071659908e+03
1.628780157013071857e+03
1.628944155862046273e+03
1.629108154711020688e+03
1.629272153559995104e+03
1.634603903673800914e+03
1.632119875303082608e+03
1.630288676514996951e+03
1.629872756620346991e+03
1.634995175263540432e+03
1.632529008874410692e+03
1.630691725538943047e+03
1.630273645539533618e+03
1.635395253004860024e+03
1.632929156821590368e+03
1.631091849744678711e+03
1.630673761308969915e+03
1.630687179529637888e+03
1.630850450783692850e+03
1.631013722037747812e+03
1.631176993291802773e+03
1.636448450621952134e+03
1.634008691555802898e+03
1.632187678855861577e+03
1.631773722391402316e+03
1.636836506351707612e+03
1.634414787570756289e+03
1.632587733669163072e+03
1.632171627664841026e+03
1.632184993343247243e+03
1.632310472734332279e+03
1.632464276319507462e+03
1.632625179425110900e+03
1.632787858565104443e+03
1.632951126976274736e+03
1.633114395387445029e+03
1.633277663798615322e+03
1.638548885589052816e+03
1.636109299458659279e+03
1.634288326556003767e+03
1.633874377763004986e+03
1.638936928755236522e+03
1.636515383606445539e+03
1.634688369671482860e+03
1.634272271379899621e+03
1.614815298403601219e+03
1.630972987263729010e+03
1.633960977366174802e+03
1.634752256192567756e+03
1.615493596989160096e+03
1.615825861840129619e+03
1.616158126691099142e+03
1.616490391542068664e+03
1.636396640799995339e+03
1.623102127794869375e+03
1.618879751394414370e+03
1.618007727064124992e+03
1.587070355329893573e+03
1.611572971337381659e+03
1.617112663139059350e+03
1.618686453667438172e+03
1.638950749890677798e+03
1.625684146082782490e+03
1.621478107209884229e+03
1.620610685765750986e+03
1.640161453151843489e+03
1.640324721540890096e+03
1.640487989929936703e+03
1.640651258318983309e+03
1.645922478276426318e+03
1.643482893491836649e+03
1.641661920898887729e+03
1.641247972165589090e+03
1.621791374911581897e+03
1.637949397597078359e+03
1.640937436952008738e+03
1.641728725699184224e+03
1.647211105626342032e+03
1.644753769600439227e+03
1.642938827789308561e+03
1.642527020974380775e+03
1.647590375638896376e+03
1.647559600139614304e+03
1.647528824640332232e+03
1.647498049141050160e+03
1.637325568292621028e+03
1.646115174748552135e+03
1.646974966084655989e+03
1.647082597895592471e+03
1.642091662096391701e+03
1.647426247352712835e+03
1.647404231404855409e+03
1.647291624714796626e+03
1.637151022242656381e+03
1.645879940282633697e+03
1.646734530456959646e+03
1.646841514621236911e+03
1.636640674211717851e+03
1.636420576173156405e+03
1.636200478134594960e+03
1.635980380096033514e+03
1.611924785073981411e+03
1.630595146480187168e+03
1.634003798929733648e+03
1.634616499210038000e+03
1.610717014735909743e+03
1.629482204043522188e+03
1.632906564660479717e+03
1.633522616647310088e+03
1.633506789860618937e+03
1.633337460537676179e+03
1.633130035965815750e+03
1.632913105124126787e+03
1.608858115997095638e+03
1.608482963885094478e+03
1.608107811773093317e+03
1.607732659661092157e+03
1.573514400462670892e+03
1.599181222953897304e+03
1.604609424018307891e+03
1.605631877926897914e+03
1.571729813362820096e+03
1.597510579505726810e+03
1.602962527185182807e+03
1.603990512282526424e+03
1.570089687564586711e+03
1.595870898932030514e+03
1.601322939387395763e+03
1.602350946092029744e+03
1.568450126217310981e+03
1.567976787602058721e+03
1.567503448986806461e+03
1.567030110371554201e+03
1.527850909059801779e+03
1.556610106318539920e+03
1.563234190951112623e+03
1.564511361915227781e+03
1.525760617678655763e+03
1.554635498570341497e+03
1.561287762050330230e+03
1.562571804843462360e+03
1.596438901245719080e+03
1.571412899139743104e+03
1.564159304295109450e+03
1.561960423915031697e+03
1.561053952694252303e+03
1.560580860774072789e+03
1.560107768853893276e+03
1.559634676933713763e+03
1.520463300177898645e+03
1.549218938456762316e+03
1.555840279525117921e+03
1.557116825473479139e+03
1.518373589460579069e+03
1.547244939617103682e+03
1.553894450467551223e+03
1.555177865000836846e+03
1.555142225694888793e+03
1.554778389745207278e+03
1.554332605078822553e+03
1.553866339550291968e+03
1.514696639355216575e+03
1.514197635753643681e+03
1.513698632152070786e+03
1.513199628550497891e+03
1.475038920738237266e+03
1.502505377647519708e+03
1.509311763773916709e+03
1.510648048107806744e+03
1.472962242487223648e+03
1.500528562717848899e+03
1.507363252971546217e+03
1.508706697547418798e+03
1.508668698291882492e+03
1.508284967606283999e+03
1.507814783556006887e+03
1.507322984924244793e+03
1.506825782570238516e+03
1.506326779158464660e+03
1.505827775746690804e+03
1.505328772334916948e+03
1.467168126072474251e+03
1.494634529850699892e+03
1.501440910741326206e+03
1.502777194415253462e+03
1.502737401839921176e+03
1.502353222795698457e+03
1.501882926787914130e+03
1.501391100308494515e+03
1.500893891134883916e+03
1.500395336282967719e+03
1.499896445011178002e+03
1.499397469634401659e+03
1.498898473231377011e+03
1.498399469820341665e+03
1.497900466409306318e+03
1.497401462998270972e+03
1.459240816975324606e+03
1.486707220546812323e+03
1.493513601417065729e+03
1.494849885088424571e+03
1.494810092513127984e+03
1.494425913469475745e+03
1.493955617462388318e+03
1.493463790983696981e+03
1.492966581810822390e+03
1.492468026959644249e+03
1.491969135688593042e+03
1.491470160312554981e+03
1.529669508999635354e+03
1.529196415125114981e+03
1.528723321250594609e+03
1.528250227376074236e+03
1.489078788412187578e+03
1.517834455086374192e+03
1.524455817901945920e+03
1.525732368802452356e+03
1.525695024974118496e+03
1.525330762261069140e+03
1.524884869490612118e+03
1.524418575473597684e+03
1.523947181537287406e+03
1.523474512645683717e+03
1.523001525016790310e+03
1.522528457703670256e+03
1.522055370469499621e+03
1.521582276591191885e+03
1.521109182712884149e+03
1.520636088834576412e+03
1.481464649750136914e+03
1.510220316479349322e+03
1.516841679337065671e+03
1.518118230247169095e+03
1.479374934414877544e+03
1.508246312799117959e+03
1.514895845510980735e+03
1.516179265031764317e+03
1.516143625565405046e+03
1.515779788110846084e+03
1.515334001599884459e+03
1.514867734141628262e+03
1.514396346841961986e+03
1.513923251990296876e+03
1.513450157138631766e+03
1.512977062286966657e+03
1.473805592221186998e+03
1.502561273091462226e+03
1.509182646780279356e+03
1.510459200156788938e+03
1.471715874590469866e+03
1.500587267005096464e+03
1.507236810583876832e+03
1.508520232583869301e+03
1.508484593037771674e+03
1.508120754835159914e+03
1.507674967407285976e+03
1.507208698989791174e+03
1.506737310720297955e+03
1.506264214895292980e+03
1.505791119070288005e+03
1.505318023245283030e+03
1.466146522199580886e+03
1.494902217209878472e+03
1.501523601729557186e+03
1.502800157572426315e+03
1.464056802273481935e+03
1.492928208717450161e+03
1.499577763162907331e+03
1.500861187642062077e+03
1.500825548016227458e+03
1.500461709065576088e+03
1.500015920720805525e+03
1.499549651344089398e+03
1.499078262104786063e+03
1.498605165306458048e+03
1.498132068508130033e+03
1.497658971709802017e+03
1.458487439685594609e+03
1.487243148834873637e+03
1.493864544185174054e+03
1.495141102494356574e+03
1.456397717464188645e+03
1.485269137936453262e+03
1.491918703248346674e+03
1.493202130206617085e+03
1.493166490501046610e+03
1.492802650802369044e+03
1.492356861540718683e+03
1.491890591204797374e+03
1.491419200995701203e+03
1.490946103224067429e+03
1.490473005452433654e+03
1.489999907680799879e+03
1.450828344679504880e+03
1.479584067966725115e+03
1.486205474147407585e+03
1.487482034922857338e+03
1.448738620162867846e+03
1.477610054662384528e+03
1.484259630840473619e+03
1.485543060277813311e+03
1.485507420492508572e+03
1.485143580045817771e+03
1.484697789867303300e+03
1.484231518572194091e+03
1.483760127393321909e+03
1.483287028648399428e+03
1.482813929903476946e+03
1.482340831158554465e+03
1.443169237181589324e+03
1.471924974605710077e+03
1.478546391616534947e+03
1.479822954858206003e+03
1.441079510369797390e+03
1.469950958895520898e+03
1.476600545939565109e+03
1.477883977855927697e+03
1.477848337990889831e+03
1.477484496796198982e+03
1.477038705700836545e+03
1.476572433446556488e+03
1.476101041297925804e+03
1.475627941579731896e+03
1.475154841861537989e+03
1.474681742143344081e+03
1.435510117192126017e+03
1.464265868752107053e+03
1.470887296592834900e+03
1.472163862300680876e+03
1.433420388085254444e+03
1.462291850636140452e+03
1.468941448545898766e+03
1.470224882941238093e+03
1.470189242996468465e+03
1.469825401053790756e+03
1.469379609041596495e+03
1.468913335828161962e+03
1.468441942709789373e+03
1.467968842018340865e+03
1.467495741326892357e+03
1.467022640635443850e+03
1.427850984711390311e+03
1.456606750406190713e+03
1.463228189076581884e+03
1.464504757250556395e+03
1.425761253309514359e+03
1.454632729884517857e+03
1.461282338659750167e+03
1.462565775534019167e+03
1.462530135509518914e+03
1.462166292818867305e+03
1.461720499889857820e+03
1.461254225717286090e+03
1.460782831629188649e+03
1.460309729964502822e+03
1.459836628299816994e+03
1.459363526635131166e+03
1.420191839739659827e+03
1.448947619568239134e+03
1.455569069068053750e+03
1.456845639708110639e+03
1.418102106042855212e+03
1.446973596640931646e+03
1.453623216281397163e+03
1.454906655634549679e+03
1.454871015530320165e+03
1.454507172091708298e+03
1.454061378245899050e+03
1.453595103114206722e+03
1.453123708056401938e+03
1.452650605418496070e+03
1.452177502780590203e+03
1.451704400142684335e+03
1.412532682277212643e+03
1.441288476238530393e+03
1.447909936567529257e+03
1.449186509673622595e+03
1.410442946285555763e+03
1.439314450905660124e+03
1.445964081411118059e+03
1.447247523243107707e+03
1.447211883059150296e+03
1.446848038872590905e+03
1.446402244109998264e+03
1.445935968019202619e+03
1.445464571991707089e+03
1.444991468380597780e+03
1.444518364769488926e+03
1.444045261158379617e+03
1.404873512324325247e+03
1.433629320417340750e+03
1.440250791575283984e+03
1.441527367147367613e+03
1.402783774037891135e+03
1.431655292678978640e+03
1.438304934049188660e+03
1.439588378359968829e+03
1.439552738096284656e+03
1.439188893161791157e+03
1.438743097482431494e+03
1.438276820432548902e+03
1.399106748218455095e+03
1.398607746897879451e+03
1.398108745577303807e+03
1.397609744256728163e+03
1.359449775852089715e+03
1.386915594502751219e+03
1.393721917722493799e+03
1.395058194125928139e+03
1.395018401651127760e+03
1.394634224222309058e+03
1.394163930188141649e+03
1.393672105770610642e+03
1.393174898680876140e+03
1.392676345918328252e+03
1.392177456737279499e+03
1.391678483451586999e+03
1.391179489139732141e+03
1.390680487819895916e+03
1.390181486500059691e+03
1.389682485180223466e+03
1.351522517015140465e+03
1.378988335459021755e+03
1.385794658658380740e+03
1.387130935059244621e+03
1.387091142584479712e+03
1.386706965156232400e+03
1.386236671122762573e+03
1.385744846705960526e+03
1.347586733909288796e+03
1.375052942623993886e+03
1.381859376389294766e+03
1.383195680759815559e+03
1.383155895290213948e+03
1.382656943010713576e+03
1.382157990731213204e+03
1.381659038451712831e+03
1.343514814916557270e+03
1.370967049298272514e+03
1.377772028604413663e+03
1.379108134995449745e+03
1.379068344897634915e+03
1.378684205350368302e+03
1.378213957599055675e+03
1.377722181535023537e+03
1.377225023314593727e+03
1.376726519550185913e+03
1.376227679399479030e+03
1.375728755152178110e+03
1.375229809880727771e+03
1.374730857601984553e+03
1.374231905323241335e+03
1.373732953044498117e+03
1.335588729750267703e+03
1.363040963924216840e+03
1.369845943209729967e+03
1.371182049598147614e+03
1.371142259500369846e+03
1.370758119953688038e+03
1.370287872203090046e+03
1.369796096139804376e+03
1.369298937920129219e+03
1.368800434156477877e+03
1.368301594006527921e+03
1.367802669759984155e+03
1.367303724489290971e+03
1.366804772211304908e+03
1.366305819933318844e+03
1.365806867655332780e+03
1.327662644602027740e+03
1.355114878568210770e+03
1.361919857833095648e+03
1.363255964218895542e+03
1.363216174121154609e+03
1.362832034575057605e+03
1.362361786825174249e+03
1.361870010762635275e+03
1.361372852543714771e+03
1.360874348780820355e+03
1.360375508631627554e+03
1.359876584385841170e+03
1.359377639115905140e+03
1.358878686838676458e+03
1.358379734561447776e+03
1.357880782284219094e+03
1.319736559471839200e+03
1.347188793230256124e+03
1.353993772474513207e+03
1.355329878857694666e+03
1.355290088759991022e+03
1.354905949214479051e+03
1.354435701465310103e+03
1.353943925403517824e+03
1.353446767185351746e+03
1.352948263423213803e+03
1.352449423274777928e+03
1.351950499029748698e+03
1.351451553760569823e+03
1.350952601484098295e+03
1.350453649207626768e+03
1.349954696931155240e+03
1.311810474359700720e+03
1.339262707910351537e+03
1.346067687133980371e+03
1.347403793514544077e+03
1.347364003416877267e+03
1.346979863871950101e+03
1.346509616123496016e+03
1.346017840062450205e+03
1.345520681845038780e+03
1.345022178083657536e+03
1.344523337935979043e+03
1.344024413691706968e+03
1.343525468423285247e+03
1.343026516147570874e+03
1.342527563871856501e+03
1.342028611596142127e+03
1.303884389265612981e+03
1.331336622608497692e+03
1.338141601811498504e+03
1.339477708189443774e+03
1.339437918091814026e+03
1.339053778547471893e+03
1.338583530799732216e+03
1.338091754739433100e+03
1.337594596522776556e+03
1.337096092762151557e+03
1.336597252615229991e+03
1.336098328371715070e+03
1.335599383104050958e+03
1.335100430829093966e+03
1.334601478554136975e+03
1.334102526279179983e+03
1.295958304189575983e+03
1.323410537324694360e+03
1.330215516507066923e+03
1.331551622882394440e+03
1.331511832784801527e+03
1.331127693241044199e+03
1.330657445494019157e+03
1.330165669434466963e+03
1.292023302887627096e+03
1.319475925926429909e+03
1.326281015643006640e+03
1.327617149983989293e+03
1.327577366890806161e+03
1.327078464830411122e+03
1.326579562770016082e+03
1.326080660709621043e+03
1.287952273017947618e+03
1.315390857485253264e+03
1.322194476759678764e+03
1.323530409980806553e+03
1.323490622353805293e+03
1.323106521595056847e+03
1.322636321236862386e+03
1.322144594687417793e+03
1.284018062708478283e+03
1.311457036711444744e+03
1.318260766488079526e+03
1.319596727670795417e+03
1.319556947047434278e+03
1.319058096375601963e+03
1.318559245703769648e+03
1.318060395031937333e+03
1.279947931460716518e+03
1.307372802692595087e+03
1.314175046049011144e+03
1.315510802972263264e+03
1.315471017909480452e+03
1.315086956839594677e+03
1.314616804976691355e+03
1.314125129094469912e+03
1.313628072125491599e+03
1.313129669879712992e+03
1.312630931314415648e+03
1.312132108669218269e+03
1.274019652347526744e+03
1.273571740607359061e+03
1.273123828867191378e+03
1.272675917127023695e+03
1.241448323752527585e+03
1.263356549578564000e+03
1.269295760014294274e+03
1.270485465885671601e+03
1.270449360646875903e+03
1.270104548285581131e+03
1.269682420587462275e+03
1.269240955432057262e+03
1.268794655373961632e+03
1.268347146556554435e+03
1.267899335547216879e+03
1.267451448989765595e+03
1.267003543545277580e+03
1.266555631810311070e+03
1.266107720075344560e+03
1.265659808340378049e+03
1.234432215532384362e+03
1.256340440918995228e+03
1.262279651274286152e+03
1.263469357131190918e+03
1.263433251892788576e+03
1.263088439535499901e+03
1.262666311842283676e+03
1.262224846692005258e+03
1.261778546639092156e+03
1.261331037826881357e+03
1.260883226822743836e+03
1.260435340270493271e+03
1.259987434831206201e+03
1.259539523101440636e+03
1.259091611371675071e+03
1.258643699641909507e+03
1.227416107400418241e+03
1.249324332347603331e+03
1.255263542622454906e+03
1.256453248464887565e+03
1.256417143226878352e+03
1.256072330873595774e+03
1.255650203185282408e+03
1.255208738040130356e+03
1.254762437992399782e+03
1.254314929185385608e+03
1.253867118186447897e+03
1.253419231639398276e+03
1.252971326205312380e+03
1.252523414480747988e+03
1.252075502756183596e+03
1.251627591031619204e+03
1.220399999356630587e+03
1.242308223864389902e+03
1.248247434058802355e+03
1.249437139886762452e+03
1.249401034649146595e+03
1.249056222299869887e+03
1.248634094616459151e+03
1.248192629476433694e+03
1.247746329433885421e+03
1.247298820632067645e+03
1.246851009638329970e+03
1.246403123096480840e+03
1.245955217667595889e+03
1.245507305948232442e+03
1.245059394228868996e+03
1.244611482509505549e+03
1.213383891401019355e+03
1.235292115469353121e+03
1.241231325583326225e+03
1.242421031396813987e+03
1.242384926159591259e+03
1.242040113814320421e+03
1.241617986135812544e+03
1.241176521000913681e+03
1.240730220963547936e+03
1.240282712166926558e+03
1.239834901178388691e+03
1.239387014641740507e+03
1.238939109218056501e+03
1.238491197503894227e+03
1.238043285789731954e+03
1.237595374075569680e+03
1.206367783533585907e+03
1.228276007162494125e+03
1.234215217196027425e+03
1.235404922995043080e+03
1.235368817758213481e+03
1.235024005416948967e+03
1.234601877743343948e+03
1.234160412613571452e+03
1.233714112581388235e+03
1.233266603789963483e+03
1.232818792806625652e+03
1.232370906275177958e+03
1.231923000856695126e+03
1.231475089147734025e+03
1.231027177438772924e+03
1.230579265729811823e+03
1.199351675754330699e+03
1.221259898943813141e+03
1.227199108896907092e+03
1.228388814681450413e+03
1.228352709445013943e+03
1.228007897107755525e+03
1.227585769439053365e+03
1.227144304314407464e+03
1.226698004287406775e+03
1.226250495501178193e+03
1.225802684523040398e+03
1.225354797996793650e+03
1.224906892583511535e+03
1.224458980879751380e+03
1.224011069175991224e+03
1.223563157472231069e+03
1.192335568063252595e+03
1.214243790813309261e+03
1.220183000685964089e+03
1.221372706456035075e+03
1.221336601219991735e+03
1.220991788886739187e+03
1.220569661222939885e+03
1.220128196103420350e+03
1.219681896081602190e+03
1.219234387300570006e+03
1.218786576327632019e+03
1.218338689806586217e+03
1.217890784398505275e+03
1.217442872699946292e+03
1.216994961001387310e+03
1.216547049302828327e+03
1.185319460460352275e+03
1.207227682770983392e+03
1.213166892563198871e+03
1.214356598318797751e+03
1.214320493083147767e+03
1.213975680753901315e+03
1.213553553095004645e+03
1.213112087980611705e+03
1.212665787963976072e+03
1.212218279188140286e+03
1.211770468220402336e+03
1.211322581704557251e+03
1.210874676301677027e+03
1.210426764608318990e+03
1.209978852914960953e+03
1.209530941221602916e+03
1.178303352945629740e+03
1.200211574816835082e+03
1.206150784528610984e+03
1.207340490269737529e+03
1.207304385034480674e+03
1.206959572709240319e+03
1.206537445055246280e+03
1.206095979945980162e+03
1.205649679934526603e+03
1.205202171163887215e+03
1.204754360201349073e+03
1.204306473690704934e+03
1.203858568293025883e+03
1.203410656604869018e+03
1.202962744916712154e+03
1.202514833228555290e+03
1.171287245519084308e+03
1.193195466950863874e+03
1.199134676582200655e+03
1.200324382308855093e+03
1.200288277073991139e+03
1.199943464752756654e+03
1.199521337103665473e+03
1.199079871999525722e+03
1.198633571993254691e+03
1.198186063227811701e+03
1.197738252270473367e+03
1.197290365765030174e+03
1.196842460372552296e+03
1.196394548689596604e+03
1.195946637006640913e+03
1.195498725323685221e+03
1.164271138180716889e+03
1.186179359173070679e+03
1.192118568723968110e+03
1.193308274436149986e+03
1.193272169201679617e+03
1.192927356884451001e+03
1.192505229240262679e+03
1.192063764141249294e+03
1.191617464140160791e+03
1.191169955379914427e+03
1.190722144427776129e+03
1.190274257927533426e+03
1.189826352540256494e+03
1.189378440862501748e+03
1.188930529184747002e+03
1.188482617506992256e+03
1.157255030930526573e+03
1.179163251483454587e+03
1.185102460953912669e+03
1.186292166651622210e+03
1.186256061417544743e+03
1.185911249104322451e+03
1.185489121465036760e+03
1.185047656371150197e+03
1.184601356375243995e+03
1.184153847620194028e+03
1.183706036673255539e+03
1.183258150178213555e+03
1.182810244796137795e+03
1.182362333123584222e+03
1.181914421451030648e+03
1.181466509778477075e+03
1.150238923768514042e+03
1.172147143882016508e+03
1.178086353272035012e+03
1.179276058955272447e+03
1.179239953721588108e+03
1.178895141412371686e+03
1.178473013777988854e+03
1.178031548689228885e+03
1.177585248698505211e+03
1.177137739948651415e+03
1.176689929006912962e+03
1.176242042517071923e+03
1.175794137140197108e+03
1.175346225472844708e+03
1.174898313805492307e+03
1.174450402138139907e+03
1.143222816694679750e+03
1.165131036368756213e+03
1.171070245678335368e+03
1.172259951347100468e+03
1.172223846113809486e+03
1.171879033808599161e+03
1.171456906179118960e+03
1.171015441095485130e+03
1.170569141109943985e+03
1.170121632365286814e+03
1.169673821428748397e+03
1.169225934944108076e+03
1.168778029572434207e+03
1.168330117910282752e+03
1.167882206248131297e+03
1.167434294585979842e+03
1.136206709709022334e+03
1.158114928943673021e+03
1.164054138172812827e+03
1.165243843827105593e+03
1.165207738594207740e+03
1.164862926293003511e+03
1.164440798668426169e+03
1.163999333589918933e+03
1.163553033609560316e+03
1.163105524870099543e+03
1.162657713938760935e+03
1.162209827459321559e+03
1.161761922092848636e+03
1.161314010435898354e+03
1.160866098778948071e+03
1.160418187121997789e+03
1.129190602811542931e+03
1.151098821606767842e+03
1.157038030755468299e+03
1.158227736395288730e+03
1.158191631162784006e+03
1.157846818865585874e+03
1.157424691245911163e+03
1.156983226172530522e+03
1.156536926197354433e+03
1.156089417463090058e+03
1.155641606536951258e+03
1.155193720062712600e+03
1.154745814701440622e+03
1.154297903049691286e+03
1.153849991397941949e+03
1.153402079746192612e+03
1.122174496002240403e+03
1.144082714358039539e+03
1.150021923426300418e+03
1.151211629051648742e+03
1.151175523819537148e+03
1.150830711526344885e+03
1.150408583911573032e+03
1.149967118843318985e+03
1.149520818873325197e+03
1.149073310144257448e+03
1.148625499223318684e+03
1.148177612754280972e+03
1.147729707398209939e+03
1.147281795751661775e+03
1.146833884105113611e+03
1.146385972458565448e+03
1.115158389281116115e+03
1.137066607197489475e+03
1.143005816185311005e+03
1.144195521796186767e+03
1.144159416564468529e+03
1.143814604275282591e+03
1.143392476665413369e+03
1.142951011602285917e+03
1.142504711637474429e+03
1.142057202913603078e+03
1.141609391997864122e+03
1.141161505534027356e+03
1.140713600183157496e+03
1.140265688541810505e+03
1.139817776900463514e+03
1.139369865259116523e+03
1.108142282648169839e+03
1.130050500125117196e+03
1.135989709032499604e+03
1.137179414628903260e+03
1.137143309397577923e+03
1.136798497112398081e+03
1.136376369507431491e+03
1.135934904449430633e+03
1.135488604489801446e+03
1.135041095771126493e+03
1.134593284860587573e+03
1.134145398401951297e+03
1.133697493056282383e+03
1.133249581420136337e+03
1.132801669783990292e+03
1.132353758147844246e+03
1.101126176103400439e+03
1.123034393140922020e+03
1.128973601967864852e+03
1.130163307549795945e+03
1.130127202318863965e+03
1.129782390037689765e+03
1.129360262437626261e+03
1.128918797384751770e+03
1.128472497430305339e+03
1.128024988716826556e+03
1.127577177811487672e+03
1.127129291358052342e+03
1.126681386017584600e+03
1.126233474386639728e+03
1.125785562755694855e+03
1.125337651124749982e+03
1.094110069646808597e+03
1.116018286244904402e+03
1.121957494991407657e+03
1.123147200558866643e+03
1.123111095328327792e+03
1.122766283051159917e+03
1.122344155455999044e+03
1.121902690408251374e+03
1.121456390458987244e+03
1.121008881750705086e+03
1.120561070850566011e+03
1.120113184402331399e+03
1.119665279067064830e+03
