1.000000000000000000e+03
1.000500000000000000e+03
1.001000000000000000e+03
1.001500000000000000e+03
1.002000000000000000e+03
1.002500000000000000e+03
1.003000000000000000e+03
1.003500000000000000e+03
1.004000000000000000e+03
1.004500000000000000e+03
1.005000000000000000e+03
1.005500000000000000e+03
1.006000000000000000e+03
1.006500000000000000e+03
1.007000000000000000e+03
1.007500000000000000e+03
1.008000000000000000e+03
1.008500000000000000e+03
1.009000000000000000e+03
1.009500000000000000e+03
1.010000000000000000e+03
1.010500000000000000e+03
1.011000000000000000e+03
1.011500000000000000e+03
1.012000000000000000e+03
1.012500000000000000e+03
1.013000000000000000e+03
1.013500000000000000e+03
1.014000000000000000e+03
1.014500000000000000e+03
1.015000000000000000e+03
1.015500000000000000e+03
1.016000000000000000e+03
1.016500000000000000e+03
1.017000000000000000e+03
1.017500000000000000e+03
1.018000000000000000e+03
1.018500000000000000e+03
1.019000000000000000e+03
1.019500000000000000e+03
1.020000000000000000e+03
1.020500000000000000e+03
1.021000000000000000e+03
1.021500000000000000e+03
1.022000000000000000e+03
1.022500000000000000e+03
1.023000000000000000e+03
1.023500000000000000e+03
1.024000000000000000e+03
1.024500000000000000e+03
1.025000000000000000e+03
1.025500000000000000e+03
1.026000000000000000e+03
1.026500000000000000e+03
1.027000000000000000e+03
1.027500000000000000e+03
1.028000000000000000e+03
1.028500000000000000e+03
1.029000000000000000e+03
1.029500000000000000e+03
1.030000000000000000e+03
1.030500000000000000e+03
1.031000000000000000e+03
1.031500000000000000e+03
1.032000000000000000e+03
1.032500000000000000e+03
1.033000000000000000e+03
1.033500000000000000e+03
1.034000000000000000e+03
1.034500000000000000e+03
1.035000000000000000e+03
1.035500000000000000e+03
1.036000000000000000e+03
1.036500000000000000e+03
1.037000000000000000e+03
1.037500000000000000e+03
1.038000000000000000e+03
1.038500000000000000e+03
1.039000000000000000e+03
1.039500000000000000e+03
1.040000000000000000e+03
1.040500000000000000e+03
1.041000000000000000e+03
1.041500000000000000e+03
1.042000000000000000e+03
1.042500000000000000e+03
1.043000000000000000e+03
1.043500000000000000e+03
1.044000000000000000e+03
1.044500000000000000e+03
1.045000000000000000e+03
1.045500000000000000e+03
1.046000000000000000e+03
1.046500000000000000e+03
1.047000000000000000e+03
1.047500000000000000e+03
1.048000000000000000e+03
1.048500000000000000e+03
1.049000000000000000e+03
1.049500000000000000e+03
1.050000000000000000e+03
1.050500000000000000e+03
1.051000000000000000e+03
1.051500000000000000e+03
1.052000000000000000e+03
1.052500000000000000e+03
1.053000000000000000e+03
1.053500000000000000e+03
1.054000000000000000e+03
1.054500000000000000e+03
1.055000000000000000e+03
1.055500000000000000e+03
1.056000000000000000e+03
1.056500000000000000e+03
1.057000000000000000e+03
1.057500000000000000e+03
1.058000000000000000e+03
1.058500000000000000e+03
1.059000000000000000e+03
1.059500000000000000e+03
1.060000000000000000e+03
1.060500000000000000e+03
1.061000000000000000e+03
1.061500000000000000e+03
1.062000000000000000e+03
1.062500000000000000e+03
1.063000000000000000e+03
1.063500000000000000e+03
1.064000000000000000e+03
1.064500000000000000e+03
1.065000000000000000e+03
1.065500000000000000e+03
1.066000000000000000e+03
1.066500000000000000e+03
1.067000000000000000e+03
1.067500000000000000e+03
1.068000000000000000e+03
1.068500000000000000e+03
1.069000000000000000e+03
1.069500000000000000e+03
1.070000000000000000e+03
1.070500000000000000e+03
1.071000000000000000e+03
1.071500000000000000e+03
1.072000000000000000e+03
1.072500000000000000e+03
1.073000000000000000e+03
1.073500000000000000e+03
1.074000000000000000e+03
1.074500000000000000e+03
1.075000000000000000e+03
1.075500000000000000e+03
1.076000000000000000e+03
1.076500000000000000e+03
1.077000000000000000e+03
1.077500000000000000e+03
1.078000000000000000e+03
1.078500000000000000e+03
1.079000000000000000e+03
1.079500000000000000e+03
1.080000000000000000e+03
1.080500000000000000e+03
1.081000000000000000e+03
1.081500000000000000e+03
1.082000000000000000e+03
1.082500000000000000e+03
1.083000000000000000e+03
1.083500000000000000e+03
1.084000000000000000e+03
1.084500000000000000e+03
1.085000000000000000e+03
1.085500000000000000e+03
1.086000000000000000e+03
1.086500000000000000e+03
1.087000000000000000e+03
1.087500000000000000e+03
1.088000000000000000e+03
1.088500000000000000e+03
1.089000000000000000e+03
1.089500000000000000e+03
1.090000000000000000e+03
1.090500000000000000e+03
1.091000000000000000e+03
1.091500000000000000e+03
1.092000000000000000e+03
1.092500000000000000e+03
1.093000000000000000e+03
1.093500000000000000e+03
1.094000000000000000e+03
1.094500000000000000e+03
1.095000000000000000e+03
1.095500000000000000e+03
1.096000000000000000e+03
1.096500000000000000e+03
1.097000000000000000e+03
1.097500000000000000e+03
1.098000000000000000e+03
1.098500000000000000e+03
1.099000000000000000e+03
1.099500000000000000e+03
1.138230284010275227e+03
1.110261246432203507e+03
1.103413504457276304e+03
1.102072960606337119e+03
1.102112769558970285e+03
1.102497721019130267e+03
1.102968958877184377e+03
1.103461768341911920e+03
1.103959970708117453e+03
1.104459970708108585e+03
1.104959970708099718e+03
1.105459970708090850e+03
1.067653521761121283e+03
1.096617787085619739e+03
1.104465230657507391e+03
1.106805755871260544e+03
1.146008108623991347e+03
1.118142732650557718e+03
1.111323575533709118e+03
1.109990219609556107e+03
1.110031826162234211e+03
1.110417227029940477e+03
1.110888577239859615e+03
1.111381414792538180e+03
1.111879624180724022e+03
1.112379624180688324e+03
1.112879624180652627e+03
1.113379624180616929e+03
1.075573130943664182e+03
1.104537439119104420e+03
1.112384885458140388e+03
1.114725410858610303e+03
1.153927717398305276e+03
1.126062383367622260e+03
1.119243228851523781e+03
1.117909873076418535e+03
1.117951479634985844e+03
1.118336880502184840e+03
1.118808230711834540e+03
1.119301068264418063e+03
1.119799277652559567e+03
1.120299277652479304e+03
1.120799277652399041e+03
1.121299277652318779e+03
1.083492740126730041e+03
1.112457091152080238e+03
1.120304540257984627e+03
1.122645065845087629e+03
1.161847326170350243e+03
1.133982034083411008e+03
1.127162882168305487e+03
1.125829526542295298e+03
1.125871133106750449e+03
1.126256533973428077e+03
1.126727884182791740e+03
1.127220721735262487e+03
1.127718931123341918e+03
1.128218931123199127e+03
1.128718931123056336e+03
1.129218931122913546e+03
1.091412349310035324e+03
1.120376743184263432e+03
1.128224195056757026e+03
1.130564720830409897e+03
1.169766934939843622e+03
1.141901684797640428e+03
1.135082535483770926e+03
1.133749180006903543e+03
1.133790786577244944e+03
1.134176187443387562e+03
1.134647537652448136e+03
1.135140375204788825e+03
1.135638584592788447e+03
1.136138584592565394e+03
1.136638584592342340e+03
1.137138584592119287e+03
1.099331958493298544e+03
1.128296395215372968e+03
1.136143849854175869e+03
1.138484375814295390e+03
1.177686543706503471e+03
1.149821335510029485e+03
1.143002188797638837e+03
1.141668833469961555e+03
1.141710440046187614e+03
1.142095840911781806e+03
1.142567191120522693e+03
1.143060028672715362e+03
1.143558238060617214e+03
1.144058238060296162e+03
1.144558238059975110e+03
1.145058238059654059e+03
1.107251567676238210e+03
1.136216047245126674e+03
1.144063504649959668e+03
1.146404030796461939e+03
1.185606152470048073e+03
1.157740986220295554e+03
1.150921842109626596e+03
1.149588486931187163e+03
1.149630093513296742e+03
1.150015494378328412e+03
1.150486844586732786e+03
1.150979682138760381e+03
1.151477891526546728e+03
1.151977891526109715e+03
1.152477891525672703e+03
1.152977891525235691e+03
1.115171176858571016e+03
1.144135699273242153e+03
1.151983159443825343e+03
1.154323685776627372e+03
1.193525761230194803e+03
1.165660636928156464e+03
1.158841495419452485e+03
1.157508140390298195e+03
1.157549746978289477e+03
1.157935147842745209e+03
1.158406498050796017e+03
1.158899335602640576e+03
1.159397544990294136e+03
1.159897544989723656e+03
1.160397544989153175e+03
1.160897544988582695e+03
1.123090786040016383e+03
1.152055351299438144e+03
1.159902814235492087e+03
1.162243340754510655e+03
1.201445369986662627e+03
1.173580287633331409e+03
1.166761148726835017e+03
1.165427793847013390e+03
1.165469400440885238e+03
1.165854801304751163e+03
1.166326151512431579e+03
1.166818989064075822e+03
1.167317198451578406e+03
1.167817198450856267e+03
1.168317198450134129e+03
1.168817198449411990e+03
1.131010395220290775e+03
1.159975003323430883e+03
1.167822469024676138e+03
1.170162995729827571e+03
1.209364978739167782e+03
1.181499938335536172e+03
1.174680802031490430e+03
1.173347447301048987e+03
1.173389053900799581e+03
1.173774454764061829e+03
1.174245804971355483e+03
1.174738642522781674e+03
1.175236851910115774e+03
1.175736851909224470e+03
1.176236851908333165e+03
1.176736851907441860e+03
1.138930004399112477e+03
1.167894655344939565e+03
1.175742123811096462e+03
1.178082650702297315e+03
1.217284587487429235e+03
1.189419589034490173e+03
1.182600455333138143e+03
1.181267100752124179e+03
1.181308707357752155e+03
1.181694108220397084e+03
1.182165458427287149e+03
1.182658295978477554e+03
1.183156505365625208e+03
1.183656505364546774e+03
1.184156505363468341e+03
1.184656505362389908e+03
1.146849613576199545e+03
1.175814307363681564e+03
1.183661778594470434e+03
1.186002305671637487e+03
1.225204196231164133e+03
1.197339239729910105e+03
1.190520108631494395e+03
1.189186754199955885e+03
1.189228360811459879e+03
1.189613761673473618e+03
1.190085111879943042e+03
1.190577949430880381e+03
1.191076158817824080e+03
1.191576158816540783e+03
1.192076158815257486e+03
1.192576158813974189e+03
1.154769222751269808e+03
1.183733959379374937e+03
1.191581433374516109e+03
1.193921960637565917e+03
1.233123804970090987e+03
1.205258890421514934e+03
1.198439761926278607e+03
1.197106407644262845e+03
1.197148014261641265e+03
1.197533415123010400e+03
1.198004765329042357e+03
1.198497602879709120e+03
1.198995812266430903e+03
1.199495812264924780e+03
1.199995812263418657e+03
1.200495812261912533e+03
1.162688831924040414e+03
1.191653611391736604e+03
1.199501088150950864e+03
1.201841615599800207e+03
1.241043413703926944e+03
1.213178541109021353e+03
1.206359415217207697e+03
1.205026061084761977e+03
1.205067667708013005e+03
1.205453068568723893e+03
1.205924418774301785e+03
1.206417256324680238e+03
1.206915465711162369e+03
1.207415465709415685e+03
1.207915465707669000e+03
1.208415465705922315e+03
1.170608441094230102e+03
1.199573263400485303e+03
1.207420742923492980e+03
1.209761270558058186e+03
1.248963022432390289e+03
1.221098191792147873e+03
1.214279068503999497e+03
1.212945714521171340e+03
1.212987321150294065e+03
1.213372722010332609e+03
1.213844072215439382e+03
1.214336909765512019e+03
1.214835119151736990e+03
1.215335119149732009e+03
1.215835119147727028e+03
1.216335119145722047e+03
1.178528050261556245e+03
1.207492915405339090e+03
1.215340397691860289e+03
1.217680925512058138e+03
1.256882631155198624e+03
1.229017842470612322e+03
1.222198721786372062e+03
1.220865367953209216e+03
1.220906974588201820e+03
1.221292375447554605e+03
1.221763725652173889e+03
1.222256563201923200e+03
1.222754772587873049e+03
1.223254772585591809e+03
1.223754772583310569e+03
1.224254772581029329e+03
1.186447659425736902e+03
1.215412567406015114e+03
1.223260052455770847e+03
1.225600580461517893e+03
1.264802239872070459e+03
1.236937493144132532e+03
1.230118375064043676e+03
1.228785021380593662e+03
1.228826628021454781e+03
1.229212028880107937e+03
1.229683379084222452e+03
1.230176216633630929e+03
1.230674426019287921e+03
1.231174426016712687e+03
1.231674426014137453e+03
1.232174426011562218e+03
1.194367268586490127e+03
1.223332219402231885e+03
1.231179707214942255e+03
1.233520235406155280e+03
1.272721848582723169e+03
1.244857143812426784e+03
1.238038028336731713e+03
1.236704674803041826e+03
1.236746281449769867e+03
1.237131682307709525e+03
1.237603032511302899e+03
1.238095870060352809e+03
1.238594079445698981e+03
1.239094079442812017e+03
1.239594079439925054e+03
1.240094079437038090e+03
1.202286877743533296e+03
1.231251871393706779e+03
1.239099361969091888e+03
1.241439890345687445e+03
1.280641457286874356e+03
1.252776794475211773e+03
1.245957681604154004e+03
1.244624328220271764e+03
1.244665934872865591e+03
1.245051335730078108e+03
1.245522685933133289e+03
1.246015523481807350e+03
1.246513732866825421e+03
1.247013732863608993e+03
1.247513732860392565e+03
1.248013732857176137e+03
1.210206486896585147e+03
1.239171523380158533e+03
1.247019016717939394e+03
1.249359545279834038e+03
1.288561065984243214e+03
1.260696445132207373e+03
1.253877334866029514e+03
1.252543981632002215e+03
1.252585588290460237e+03
1.252970989146931743e+03
1.253442339349431904e+03
1.253935176897712381e+03
1.254433386282384390e+03
1.254933386278820535e+03
1.255433386275256680e+03
1.255933386271692825e+03
1.218126096045363056e+03
1.247091175361304295e+03
1.254938671461201011e+03
1.257279200208311522e+03
1.296480674674546435e+03
1.268616095783130049e+03
1.261796988122074936e+03
1.260463635037950780e+03
1.260505241702270951e+03
1.260890642557988031e+03
1.261361992759916575e+03
1.261854830307785733e+03
1.262353039692093944e+03
1.262853039688164699e+03
1.263353039684235455e+03
1.263853039680306210e+03
1.226045705189583941e+03
1.255010827336861212e+03
1.262858326198594114e+03
1.265198855130836819e+03
1.304400283357501166e+03
1.276535746427696722e+03
1.269716641372007643e+03
1.268383288437833471e+03
1.268424895108014880e+03
1.268810295962963664e+03
1.269281646164303766e+03
1.269774483711744324e+03
1.270272693095671002e+03
1.270772693091358860e+03
1.271272693087046719e+03
1.271772693082734577e+03
1.233965314328967224e+03
1.262930479306548705e+03
1.270777980929838577e+03
1.273118510047130258e+03
1.312319892032827056e+03
1.284455397065627722e+03
1.277636294615547286e+03
1.276302941831370845e+03
1.314561831545097220e+03
1.286490604716252847e+03
1.279614451738580556e+03
1.278266751553852828e+03
1.278304770066670926e+03
1.278804769368373172e+03
1.279304768670075418e+03
1.279804767971777665e+03
1.241986014186067450e+03
1.270962195067960920e+03
1.278810399842426705e+03
1.281150973917081046e+03
1.320340378894462219e+03
1.292486743607180870e+03
1.285668321531018591e+03
1.284335009033934739e+03
1.322581740402259811e+03
1.294521541843797877e+03
1.287646080003044744e+03
1.286298420766515846e+03
1.286336440779762597e+03
1.286836438201758938e+03
1.287336435623755278e+03
1.287836433045751619e+03
1.250006393913159400e+03
1.278993521983971050e+03
1.286842411298033767e+03
1.289183024779510333e+03
1.328360359813092600e+03
1.300517650259068432e+03
1.293699924726330892e+03
1.292366655678215693e+03
1.330601138001153913e+03
1.302552034256266779e+03
1.295677279857206031e+03
1.294329664764774634e+03
1.294367686188287280e+03
1.294867680544861514e+03
1.295367674901435748e+03
1.295867669258009983e+03
1.258026434490359179e+03
1.287024441008735266e+03
1.294873996249192942e+03
1.297214643586857619e+03
1.336379815769780635e+03
1.308548097976443159e+03
1.301731085154985522e+03
1.300397862717612497e+03
1.300439473484466134e+03
1.300824869615213856e+03
1.301296214310958931e+03
1.301789046246445650e+03
1.302287249997390518e+03
1.302787244339776862e+03
1.303287238682163206e+03
1.303787233024549550e+03
1.265945955038189823e+03
1.294944003586682811e+03
1.302793561371997839e+03
1.305134208830087346e+03
1.344299333690184994e+03
1.316467658628343770e+03
1.309650648600742898e+03
1.308317426350179630e+03
1.308359037121744223e+03
1.308744433241068919e+03
1.309215777923194537e+03
1.309708609844627745e+03
1.310206813581417919e+03
1.310706807909598410e+03
1.311206802237778902e+03
1.311706796565959394e+03
1.273865475362238840e+03
1.302863565939815771e+03
1.310713126269708482e+03
1.313053773848139826e+03
1.352218851384017171e+03
1.324387219054663774e+03
1.317570211821162275e+03
1.316236989757456513e+03
1.316278600533730241e+03
1.316663996641618496e+03
1.317135341310108060e+03
1.317628173217470248e+03
1.318126376940087766e+03
1.318626371254044443e+03
1.319126365568001120e+03
1.319626359881957796e+03
1.281784995462224515e+03
1.310783128067852431e+03
1.318632690942043155e+03
1.320973338640732436e+03
1.360138368850993857e+03
1.332306779255120091e+03
1.325489774815961027e+03
1.324156552939160520e+03
1.324198163720142247e+03
1.324583559816579964e+03
1.325054904471416648e+03
1.325547736364690309e+03
1.326045940073117208e+03
1.326545934372832335e+03
1.327045928672547461e+03
1.327545922972262588e+03
1.289704515337864905e+03
1.318702689970510619e+03
1.326552255388719914e+03
1.328892903207583686e+03
1.368057886090834018e+03
1.340226339229431005e+03
1.333409337584857212e+03
1.332076115895009025e+03
1.332117726680696933e+03
1.332503122765670469e+03
1.332974467406837675e+03
1.333467299286005073e+03
1.333965502980223846e+03
1.334465497265679687e+03
1.334965491551135528e+03
1.335465485836591370e+03
1.297624034988877156e+03
1.326622251647507483e+03
1.334471819609455679e+03
1.336812467548410950e+03
1.375977403103255256e+03
1.348145898977314346e+03
1.341328900127568886e+03
1.339995678624720995e+03
1.340037289415113719e+03
1.340422685488609204e+03
1.340894030116090107e+03
1.341386861981133507e+03
1.341885065661126418e+03
1.342385059932305239e+03
1.342885054203484060e+03
1.343385048474662881e+03
1.305543554414980690e+03
1.334541813098562670e+03
1.342391383603969871e+03
1.344732031662932968e+03
1.345692222651942984e+03
1.346307265517144970e+03
1.346836021858601043e+03
1.347343206641809275e+03
1.347844998540638699e+03
1.348345442218708058e+03
1.348845548841607979e+03
1.349345571200716904e+03
1.349845572493878080e+03
1.350345566765112835e+03
1.350845561036347590e+03
1.351345555307582345e+03
1.313504061417356070e+03
1.342502319936136246e+03
1.350351890431569927e+03
1.352692538490062361e+03
1.391857426900714700e+03
1.364025965343632151e+03
1.357208969277996175e+03
1.355875747961461911e+03
1.355917358756539443e+03
1.356302754818588483e+03
1.356774099432419916e+03
1.357266931283377744e+03
1.357765134949182993e+03
1.358265129206122992e+03
1.358765123463062992e+03
1.359265117720002991e+03
1.321423580619151380e+03
1.350421881161854344e+03
1.358271454200468497e+03
1.360612102378885993e+03
1.361572293355604415e+03
1.362187336205086922e+03
1.362716092531811000e+03
1.363223277300649443e+03
1.363725069185207303e+03
1.364225512849029201e+03
1.364725619457688254e+03
1.365225641802557902e+03
1.365725643081480257e+03
1.366225637338476190e+03
1.366725631595472123e+03
1.367225625852468056e+03
1.329384088921067132e+03
1.358382389298972157e+03
1.366231962327613701e+03
1.368572610505561215e+03
1.407737451770637335e+03
1.379906032783396313e+03
1.373089039502110609e+03
1.371755818371937494e+03
1.371797429171698468e+03
1.372182825222287420e+03
1.372654169822452559e+03
1.373147001659307080e+03
1.373645205310906931e+03
1.374145199553590373e+03
1.374645193796273816e+03
1.375145188038957258e+03
1.337303607898273640e+03
1.366301950299072359e+03
1.374151525870616069e+03
1.376492174168405427e+03
1.377452365132797922e+03
1.378067407966539349e+03
1.378596164278512788e+03
1.379103349032963479e+03
1.379605140903231359e+03
1.380105584552788514e+03
1.380605691147188963e+03
1.381105713477801373e+03
1.381605714742467171e+03
1.382105708985206775e+03
1.382605703227946378e+03
1.383105697470685982e+03
1.345264117499447821e+03
1.374262459735452921e+03
1.382112035297024704e+03
1.384452683594344307e+03
1.423617477712459959e+03
1.395786101296044535e+03
1.388969110799350119e+03
1.387635889855585219e+03
1.387677500660028272e+03
1.388062896699143266e+03
1.388534241285625740e+03
1.389027073108359673e+03
1.427717625631028795e+03
1.428178640701712538e+03
1.428639655772396281e+03
1.429100670843080024e+03
1.391369337028471364e+03
1.420854548353663859e+03
1.428269624154493158e+03
1.430439776966263480e+03
1.463588423571660087e+03
1.440615892643215147e+03
1.434497077486311582e+03
1.433277345291802703e+03
1.433316089891668980e+03
1.433671409536383180e+03
1.434105992800471086e+03
1.434560399423217405e+03
1.435019762350907968e+03
1.435480776266286512e+03
1.435941790181665056e+03
1.436402804097043600e+03
1.398671516799793835e+03
1.428156700711191661e+03
1.435571760931420386e+03
1.437741908507422977e+03
1.438628210413408624e+03
1.439195419146904896e+03
1.439682973779665645e+03
1.440150622374593013e+03
1.440613294928612049e+03
1.441074723501697690e+03
1.441535841081380795e+03
1.441996880912827919e+03
1.442457901307223210e+03
1.442918915227132402e+03
1.443379929147041594e+03
1.443840943066950786e+03
1.406109655587277530e+03
1.435594839606182632e+03
1.443009899887512120e+03
1.445180047484047009e+03
1.446066349398678767e+03
1.446633558137741602e+03
1.447121112775292204e+03
1.447588761374815022e+03
1.448051433933380849e+03
1.448512862511001003e+03
1.448973980095215666e+03
1.449435019931193665e+03
1.482124551220212652e+03
1.482476399660168454e+03
1.482828248100124256e+03
1.483180096540080058e+03
1.451303434089942812e+03
1.476786524147642240e+03
1.482638188424438795e+03
1.484307449802346810e+03
1.484984931268329092e+03
1.485417953560978049e+03
1.485790080784504880e+03
1.486146998002420105e+03
1.486500113579487788e+03
1.486852278800135082e+03
1.487204206435039850e+03
1.487556074673718740e+03
1.487907928063354348e+03
1.488259776511625205e+03
1.488611624959896062e+03
1.488963473408166919e+03
1.457086810451519796e+03
1.482569900872651942e+03
1.488421565272317821e+03
1.490090826688634252e+03
1.458506095119426845e+03
1.484101258774503549e+03
1.489975576216728086e+03
1.491650061072783956e+03
1.492328819453305641e+03
1.492762159148443970e+03
1.493134365613959972e+03
1.493491302641424227e+03
1.493844423176666396e+03
1.494196273761945122e+03
1.494548124347223848e+03
1.494899974932502573e+03
1.463023181803395346e+03
1.488506365626293928e+03
1.494358061603233637e+03
1.496027332890478647e+03
1.464442473402503310e+03
1.490037730667857204e+03
1.495912079794352621e+03
1.497586574551070726e+03
1.498265337032353273e+03
1.498698679356853518e+03
1.499070888082554347e+03
1.499427827277826054e+03
1.499780949957776329e+03
1.500132802680050190e+03
1.500484655402324051e+03
1.500836508124597913e+03
1.468959584824184276e+03
1.494442862047926837e+03
1.500294589601928692e+03
1.501963870760041800e+03
1.470378883354441314e+03
1.495974234229146305e+03
1.501848615039700007e+03
1.503523119697019865e+03
1.504201886279038263e+03
1.504635231232885189e+03
1.505007442218756978e+03
1.505364383581823404e+03
1.505717508406468824e+03
1.506069363265724860e+03
1.506421218124980896e+03
1.506773072984236933e+03
1.474896019513670126e+03
1.500379390137334894e+03
1.506231149268186982e+03
1.507900440297107934e+03
1.476315324975025305e+03
1.501910769458155073e+03
1.507785181952554467e+03
1.509459696510415142e+03
1.510138467193145289e+03
1.510571814776322753e+03
1.510944028022352541e+03
1.511300971553200498e+03
1.511654098522528557e+03
1.512005955518754263e+03
1.512357812514979969e+03
1.512709669511205675e+03
1.480832485871639165e+03
1.506315949894303913e+03
1.512167740601794321e+03
1.513837041501462636e+03
1.482251798264041099e+03
1.507847336354669324e+03
1.513721780532701814e+03
1.515396304991043053e+03
1.516075079774460391e+03
1.516508429986952706e+03
1.516880645493126622e+03
1.517237591191743377e+03
1.517590720305740888e+03
1.517942579438923303e+03
1.518294438572105719e+03
1.518646297705288134e+03
1.486768983897875842e+03
1.512252541318618114e+03
1.518104363602535386e+03
1.519773674372890582e+03
1.488188303221272690e+03
1.513783934918473506e+03
1.519658410779926726e+03
1.521332945138687819e+03
1.522011724022767567e+03
1.522445076864559269e+03
1.522817294630864126e+03
1.523174242497236719e+03
1.523527373755891404e+03
1.523879235026018023e+03
1.524231096296144642e+03
1.524582957566271261e+03
1.492705513592166199e+03
1.518189164410063768e+03
1.524041018270196446e+03
1.525710338911178269e+03
1.494124839846507030e+03
1.519720565149353888e+03
1.525595072694015016e+03
1.527269616953135483e+03
1.527948399937853083e+03
1.528381755408928484e+03
1.528753975435350412e+03
1.529110925469465883e+03
1.529464058872764781e+03
1.529815922279822871e+03
1.530167785686880961e+03
1.530519649093939051e+03
1.498642074954295140e+03
1.524125819168426233e+03
1.529977704604561950e+03
1.531647035116110146e+03
1.500061408139529021e+03
1.525657227047095603e+03
1.531531766274752272e+03
1.533206320434171403e+03
1.533885107519502299e+03
1.534318465619845711e+03
1.534690687906371522e+03
1.535047640108217138e+03
1.535400775656147289e+03
1.535752641200123890e+03
1.536104506744100490e+03
1.536456372288077091e+03
1.504578667984047570e+03
1.530062505593489959e+03
1.535914422605417258e+03
1.537583762987471118e+03
1.505998008100122661e+03
1.531593920611483099e+03
1.537468491521922715e+03
1.539143055581579802e+03
1.539821846767499437e+03
1.540255207497095171e+03
1.540627432043711451e+03
1.540984386413274251e+03
1.541337524105823150e+03
1.541689391786705755e+03
1.542041259467588361e+03
1.542393127148470967e+03
1.510515292681209758e+03
1.535999223685040988e+03
1.541851172272547956e+03
1.543520522525046999e+03
1.511934639728074217e+03
1.537530645842302192e+03
1.543405248435311933e+03
1.545079822395146721e+03
1.545758617681630767e+03
1.546191981040463133e+03
1.546564207847156240e+03
1.546921164384423037e+03
1.568634490539091303e+03
1.568823635609769553e+03
1.569012780680447804e+03
1.569201925751126055e+03
1.548030884504290498e+03
1.565633760910724732e+03
1.569031592836636719e+03
1.569945967720138924e+03
1.548901292169457292e+03
1.566594450484814388e+03
1.570006405849787143e+03
1.570923715414095113e+03
1.549879539972380599e+03
1.567573051253346421e+03
1.570985061811840751e+03
1.571902382841292365e+03
1.572268655151417306e+03
1.572458512774888504e+03
1.572648370398359702e+03
1.572838228021830901e+03
1.551617639847112514e+03
1.569257602904320493e+03
1.572666347629228540e+03
1.573584039737268085e+03
1.552490522178323999e+03
1.570220882394032287e+03
1.573643789196763919e+03
1.574564426092719486e+03
1.553471411392481741e+03
1.571202125023511826e+03
1.574625087170677716e+03
1.575545735571256955e+03
1.575913377337512657e+03
1.576103947063512578e+03
1.576294516789512500e+03
1.576485086515512421e+03
1.555215001739409672e+03
1.572892009612661695e+03
1.576311659052426421e+03
1.577232666208615683e+03
1.556090356666548359e+03
1.573857876733493640e+03
1.577291726856258038e+03
1.578215688900489795e+03
1.557073884965675234e+03
1.574841758896817282e+03
1.578275664514797882e+03
1.579199638103105826e+03
1.579568648453597461e+03
1.579759929830173178e+03
1.579951211206748894e+03
1.580142492583324611e+03
1.558822961649721265e+03
1.576536972416432491e+03
1.579967518461053260e+03
1.580891838481142258e+03
1.559700787096805698e+03
1.577505424877744872e+03
1.580950210176863493e+03
1.581877495178113577e+03
1.560686952148376804e+03
1.578491944241549163e+03
1.581936785186534053e+03
1.582864081771285328e+03
1.583234459830872538e+03
1.583426452404383326e+03
1.583618444977894114e+03
1.583810437551404902e+03
1.562441511021450879e+03
1.580192482671280686e+03
1.583633917184915163e+03
1.584561547876797249e+03
1.563321804906640409e+03
1.581163518176303342e+03
1.584619230482163630e+03
1.585549836241293860e+03
1.585921578374590126e+03
1.586158200798666485e+03
1.586361331597347771e+03
1.586556107524556410e+03
1.565187681131355703e+03
1.565541734588548252e+03
1.565895788045740801e+03
1.566249841502933350e+03
1.534239066145300967e+03
1.559818334776251731e+03
1.565702568624634750e+03
1.567382014216565040e+03
1.535665497184874766e+03
1.561357052690241972e+03
1.567264049885430268e+03
1.568948749590554371e+03
1.569631739151566990e+03
1.570067791868697896e+03
1.570442330438103909e+03
1.570801504253960502e+03
1.571156837743349797e+03
1.571510893324330709e+03
1.571864948905311621e+03
1.572219004486292533e+03
1.540208100152612587e+03
1.565787461229091150e+03
1.571671726434970878e+03
1.573351181835118950e+03
1.541634538070095687e+03
1.567326186225300034e+03
1.573233214884131712e+03
1.574917924427010803e+03
1.575600918063282734e+03
1.576036973393494918e+03
1.576411514209101369e+03
1.576770690179354915e+03
1.577126025800185062e+03
1.577480083504941604e+03
1.577834141209698146e+03
1.578188198914454688e+03
1.546177165605885421e+03
1.571756619126966370e+03
1.577640915690129987e+03
1.579320380898435133e+03
1.547603610401226433e+03
1.573295351205338193e+03
1.579202411327599748e+03
1.580887130708173117e+03
1.581570128419679804e+03
1.582006186362957123e+03
1.582380729424750598e+03
1.582739907549387908e+03
1.583095245301646173e+03
1.583449305130165612e+03
1.583803364958685052e+03
1.584157424787204491e+03
1.552146262504904143e+03
1.577725808469661615e+03
1.583610136389896525e+03
1.585289611406297809e+03
1.553572714178051228e+03
1.579264547630141124e+03
1.585171639215618598e+03
1.586856368433825310e+03
1.587539370220541969e+03
1.587975430776868734e+03
1.588349976084835589e+03
1.588709156363843931e+03
1.589064496247517582e+03
1.589418558199786958e+03
1.589772620152056334e+03
1.590126682104325710e+03
1.558115390849452751e+03
1.583695029256961107e+03
1.589579388534054033e+03
1.591258873358490746e+03
1.559541849400354295e+03
1.585233775499492140e+03
1.591140898547971801e+03
1.592825637603750693e+03
1.593508643465652540e+03
1.593944706635013063e+03
1.594319254189139656e+03
1.594678436622506069e+03
1.595033778637581918e+03
1.595387842713588498e+03
1.595741906789595077e+03
1.596095970865601657e+03
1.564084550639314330e+03
1.589664281488648157e+03
1.595548672122386279e+03
1.597228166754797485e+03
1.597909891901932724e+03
1.598345638307727086e+03
1.598720108378007808e+03
1.599079273040361386e+03
1.599434612205933490e+03
1.599788995050767653e+03
1.600143138818758189e+03
1.600497222817746888e+03
1.600851291874498202e+03
1.601205355958768223e+03
1.601559420043038244e+03
1.601913484127308266e+03
1.569902063399189046e+03
1.595481794608216660e+03
1.601366185363964860e+03
1.603045680034539373e+03
1.603727405197501412e+03
1.604163151613455739e+03
1.604537621692474659e+03
1.604896786363210140e+03
1.605252125537075472e+03
1.605606508390180352e+03
1.605960652166436375e+03
1.606314736173688971e+03
1.628230899611845416e+03
1.628422908869938738e+03
1.628614918128032059e+03
1.628806927386125381e+03
1.607436842271077012e+03
1.625188680796770996e+03
1.628630370738097099e+03
1.629558079096920437e+03
1.608317194059393614e+03
1.626159776891849106e+03
1.629615745529380774e+03
1.630546429192062988e+03
1.630918203390708186e+03
1.631154846349220634e+03
1.631357994795238028e+03
1.631552787647735158e+03
1.631745492729264470e+03
1.631937504764495088e+03
1.632129516799725707e+03
1.632321528834956325e+03
1.610951250875228197e+03
1.628703233690832576e+03
1.632144966147860259e+03
1.633072687434288355e+03
1.611831612301453333e+03
1.629674339871049369e+03
1.633130351174748739e+03
1.634061047804419559e+03
1.634432827340320046e+03
1.634669473716775428e+03
1.634872625100179675e+03
1.635067420769879845e+03
1.635260128638562946e+03
1.635452143450924041e+03
1.635644158263285135e+03
1.635836173075646229e+03
1.614465702272011640e+03
1.632217829376884310e+03
1.635659604349488745e+03
1.636587338563488629e+03
1.615346073336113932e+03
1.633188945642204544e+03
1.636644999611946787e+03
1.637575709208572562e+03
1.616334955167819089e+03
1.634178182247313089e+03
1.637634292018145743e+03
1.638565013238902793e+03
1.646472297556083731e+03
1.646473796320855854e+03
1.646475295085627977e+03
1.646476793850400099e+03
1.638942795928446458e+03
1.646209113164796236e+03
1.646696313859398288e+03
1.646734633114299868e+03
1.639145828405101838e+03
1.646467691792179039e+03
1.646958556540781274e+03
1.646997130333758378e+03
1.639408118491065579e+03
1.646730199252141119e+03
1.647221078340340910e+03
1.647259653129296339e+03
1.639670640477594588e+03
1.639864076287566149e+03
1.640057512097537710e+03
1.640250947907509271e+03
1.618781841240947870e+03
1.636607761091305520e+03
1.640071287978903683e+03
1.641005636790641802e+03
1.619667142781349639e+03
1.637584036384778528e+03
1.641061919241172518e+03
1.641999263586077177e+03
1.620661286251970296e+03
1.638578535520616015e+03
1.642056474478731161e+03
1.642993830526477495e+03
1.651021724278418333e+03
1.651024763023078094e+03
1.651027801767737856e+03
1.651030840512397617e+03
1.643380504093517175e+03
1.650735929631934596e+03
1.651247293648357982e+03
1.651292821188709240e+03
1.643589131333246087e+03
1.651000421005643375e+03
1.651515537046612053e+03
1.651561341259325900e+03
1.643857449947867281e+03
1.651268958235842547e+03
1.651784088960034751e+03
1.651829894255188719e+03
1.651838289402742703e+03
1.651842098127449162e+03
1.651845906852155622e+03
1.651849715576862081e+03
1.644141237055724559e+03
1.651541190631935933e+03
1.652064634504478363e+03
1.652113766029869339e+03
1.644352660938140161e+03
1.651808637441416067e+03
1.652335877310481010e+03
1.652385296574407221e+03
1.644623992866152093e+03
1.652080188605018975e+03
1.652607443329068246e+03
1.652656863718661953e+03
1.644895559234667189e+03
1.645091123096222645e+03
1.645286686957778102e+03
1.645482250819333558e+03
1.623865572519147008e+03
1.641801864201530179e+03
1.645297957291809098e+03
1.646242211361398404e+03
1.624758254012632051e+03
1.642785860657050307e+03
1.646296424918036109e+03
1.647243704693261179e+03
1.625760272243320060e+03
1.643788235884346477e+03
1.647298856697000929e+03
1.648246148292925682e+03
1.648624756648631774e+03
1.648821028935363302e+03
1.649017301222094829e+03
1.649213573508826357e+03
1.627547807040395355e+03
1.645520804374690670e+03
1.649027736317583049e+03
1.649975287671460819e+03
1.628442944291869480e+03
1.646507369891757207e+03
1.650028811337475645e+03
1.650979398440159230e+03
1.629447582698125416e+03
1.647512365736726679e+03
1.651033863883828190e+03
1.651984462846441602e+03
1.660253345858310695e+03
1.660259464461657217e+03
1.660265583065003739e+03
1.660271701668350261e+03
1.652388907079804994e+03
1.659922339049338234e+03
1.660482014927298451e+03
1.660541957674503010e+03
1.652608717855294117e+03
1.660198648332461289e+03
1.660762252068443559e+03
1.660822515748501019e+03
1.652889085833974605e+03
1.660479237403645811e+03
1.661042856509682451e+03
1.661103121445072020e+03
1.653169690788091884e+03
1.653367378527065284e+03
1.653565066266038684e+03
1.653762754005012084e+03
1.631998965463220657e+03
1.650045246140741256e+03
1.653573830812178130e+03
1.654527969985213531e+03
1.632899007856162825e+03
1.651036942755631344e+03
1.654580113490810163e+03
1.655537308477368697e+03
1.655919995682599620e+03
1.656163627367590152e+03
1.656372781956294830e+03
1.656573335211392077e+03
1.656771739254623299e+03
1.656969429756279396e+03
1.657167120257935494e+03
1.657364810759591592e+03
1.635600830973056418e+03
1.653647254612652432e+03
1.657175881541246554e+03
1.658130033572084585e+03
1.636500882937868255e+03
1.654638961239876380e+03
1.658182174381608093e+03
1.659139382265129598e+03
1.659522074779630429e+03
1.659765709864749169e+03
1.659974867375547547e+03
1.660175423433183369e+03
1.638411965954238212e+03
1.638770360922592999e+03
1.639128755890947787e+03
1.639487150859302574e+03
1.607213523042162933e+03
1.632980993499200167e+03
1.638929279021239154e+03
1.640628771469740968e+03
1.608653992694915814e+03
1.634534161695512921e+03
1.640505427164458297e+03
1.642210234082223906e+03
1.642901554133017726e+03
1.643342948554829263e+03
1.643722078867716164e+03
1.644085656764304758e+03
1.644445347407967120e+03
1.644803744473593724e+03
1.645162141539220329e+03
1.645520538604846934e+03
1.613246784204263349e+03
1.639014345195752412e+03
1.644962661634893038e+03
1.646662163765851801e+03
1.614687260628222248e+03
1.640567520359206810e+03
1.646538816849697923e+03
1.648243633479064556e+03
1.648934957553967251e+03
1.649376354556202159e+03
1.649755487087238635e+03
1.650119067111324284e+03
1.650478759859814772e+03
1.650837159022700007e+03
1.651195558185585242e+03
1.651553957348470476e+03
1.619280076365610739e+03
1.645047727890619171e+03
1.650996075246646114e+03
1.652695587060000207e+03
1.620720559560723359e+03
1.646600910021159052e+03
1.652572237532979671e+03
1.654277063873885481e+03
1.654968391972872041e+03
1.655409791555514175e+03
1.655788926304686584e+03
1.656152508456255646e+03
1.656512203309561528e+03
1.656870604569692659e+03
1.657229005829823791e+03
1.657587407089954922e+03
1.625313399525987052e+03
1.651081141583582621e+03
1.657029519856280785e+03
1.658729041351968363e+03
1.626753889492201552e+03
1.652634330681151368e+03
1.658605689214085487e+03
1.660310525266468630e+03
1.661001857389513816e+03
1.661443259552547488e+03
1.661822396519841959e+03
1.662185980798881701e+03
1.684508318070392306e+03
1.684706022385353890e+03
1.684903726700315474e+03
1.685101431015277058e+03
1.663336495016836125e+03
1.681383633457013275e+03
1.684912471669478236e+03
1.685866687988812373e+03
1.664236594840508587e+03
1.682375390145369465e+03
1.685918815317942290e+03
1.686876087685758193e+03
1.687258806746402797e+03
1.687502458832030925e+03
1.687711630953184113e+03
1.687912201023403441e+03
1.688110621702407116e+03
1.688308328780008424e+03
1.688506035857609731e+03
1.688703742935211039e+03
1.666938615696752095e+03
1.684985897095086102e+03
1.688514777563942516e+03
1.689469006740871919e+03
1.667838725092098684e+03
1.685977663795561057e+03
1.689521131373917342e+03
1.690478416638488170e+03
1.668848668175776083e+03
1.686987965211648543e+03
1.690531489794497929e+03
1.691488786998445221e+03
1.699879692762171089e+03
1.699887372266941384e+03
1.699895051771711223e+03
1.699902731276481518e+03
1.691902232224293812e+03
1.699525775497670111e+03
1.700109929563720016e+03
1.700177177620083285e+03
1.692127708058073040e+03
1.699808070545240753e+03
1.700396241531524993e+03
1.700463832948998743e+03
1.700481156440569066e+03
1.700490913503898810e+03
1.700499091557688871e+03
1.700506894397164615e+03
1.700514604654201776e+03
1.700522287166376600e+03
1.700529969678551424e+03
1.700537652190726249e+03
1.692536926425970478e+03
1.700160643250161002e+03
1.700744844474223328e+03
1.700812106605505733e+03
1.692762413172816196e+03
1.700442949828186556e+03
1.701031168144046205e+03
1.701098773679649867e+03
1.693048895923524015e+03
1.700729654926006106e+03
1.701317888960479422e+03
1.701385495839194618e+03
1.701402825290355167e+03
1.701411277700393384e+03
1.701419730110431601e+03
1.701428182520469818e+03
1.693369427003314286e+03
1.701037564418276133e+03
1.701633837576746828e+03
1.701704702860639372e+03
1.693597707268128033e+03
1.701322822500319944e+03
1.701923156666687419e+03
1.701994376416559817e+03
1.693887199342820622e+03
1.701612537538979268e+03
1.702212887595502480e+03
1.702284108731695596e+03
1.702302919394512173e+03
1.702312141682368065e+03
1.702321363970223956e+03
1.702330586258079848e+03
1.694213820100575049e+03
1.701926359920643335e+03
1.702534703599407976e+03
1.702609171867847181e+03
1.694444893341970101e+03
1.702214568830190728e+03
1.702827017423320513e+03
1.702901851218557340e+03
1.702922142853143441e+03
1.702933799060052479e+03
1.702943608988203323e+03
1.702952976883653491e+03
1.694836017476428424e+03
1.695035849687491918e+03
1.695235681898555413e+03
1.695435514109618907e+03
1.673523364146086351e+03
1.691680530741694156e+03
1.695241911102386439e+03
1.696206030492551918e+03
1.674430834147349060e+03
1.692679996209617684e+03
1.696256078556636339e+03
1.697223284154656767e+03
1.675448629217809639e+03
1.693698150931959162e+03
1.697274290732147165e+03
1.698241508387197882e+03
1.698628319634094851e+03
1.698828857435620193e+03
1.699029395237145536e+03
1.699229933038670879e+03
1.677269006771426803e+03
1.695462620454113221e+03
1.699034789083175838e+03
1.700002192076794699e+03
1.678178919630354130e+03
1.696464640770590222e+03
1.700051549509046936e+03
1.701022048709878845e+03
1.701410213057064311e+03
1.701657352405486336e+03
1.701869521508662046e+03
1.702072965942518522e+03
1.710459439008611753e+03
1.710469437166731041e+03
1.710479435324850328e+03
1.710489433482969616e+03
1.702314222960031884e+03
1.710071493567575089e+03
1.710692000606373085e+03
1.710770099828542243e+03
1.702548110443338828e+03
1.710362675666053292e+03
1.710987331858848847e+03
1.711065807754167963e+03
1.702843642595650408e+03
1.710658432019261681e+03
1.711283104446523794e+03
1.711361581814910096e+03
1.704405113901253117e+03
1.704223764882850219e+03
1.704042415864447321e+03
1.703861066846044423e+03
1.710657970260947650e+03
1.706843354433717195e+03
1.704429209424541796e+03
1.703609477630067886e+03
1.710182933590512448e+03
1.706382255908254137e+03
1.703961080282003195e+03
1.703138958684969566e+03
1.709711548232863151e+03
1.705910925430018779e+03
1.703489722366498427e+03
1.702667591435888653e+03
1.702321053062826422e+03
1.702140421825655721e+03
1.701959790588485021e+03
1.701779159351314320e+03
1.708517652650773471e+03
1.704748618990381829e+03
1.702345997950231094e+03
1.701529643575774799e+03
1.708045335117942841e+03
1.704290418964938908e+03
1.701880810328675352e+03
1.701062076599801685e+03
1.707576904255757654e+03
1.703822043682773483e+03
1.701412407777302178e+03
1.700593664755666623e+03
1.700248508806526615e+03
1.700068595778971257e+03
1.699888682751415899e+03
1.699708769723860541e+03
1.706388836926943895e+03
1.702665394371987304e+03
1.700274302998889198e+03
1.699461327980507122e+03
1.705919239651860380e+03
1.702210093933226290e+03
1.699812058001549985e+03
1.698996714082535846e+03
1.705453764396065253e+03
1.701744674957924872e+03
1.699346611925167053e+03
1.698531258754226656e+03
1.704988305703175456e+03
1.705001383028994951e+03
1.705014460354814446e+03
1.705027537680633941e+03
1.696620557455473772e+03
1.704555178923853646e+03
1.705223947225280881e+03
1.705316455735921409e+03
1.696865609022779836e+03
1.704858154601243086e+03
1.705531247543852714e+03
1.705624176958224780e+03
1.697173165848133067e+03
1.705165938085327980e+03
1.705839047947879862e+03
1.705931979008094459e+03
1.697480967255933365e+03
1.697685028588311752e+03
1.697889089920690139e+03
1.698093151253068527e+03
1.675888937605975570e+03
1.694264279220271419e+03
1.697890303562213376e+03
1.698874102780015392e+03
1.676811041764065976e+03
1.695279047941197859e+03
1.698920002629864939e+03
1.699906947979955021e+03
1.677844444750005096e+03
1.696312813189716508e+03
1.699953826223461419e+03
1.700940783864655032e+03
1.701335722376385093e+03
1.701540486418712135e+03
1.701745250461039177e+03
1.701950014503366219e+03
1.679697338982962492e+03
1.698108867334402930e+03
1.701745628697720122e+03
1.702732697627537391e+03
1.680621872955809522e+03
1.699126176545504222e+03
1.702777906167377751e+03
1.703768131184399635e+03
1.704164417162050313e+03
1.704416757856972708e+03
1.704633397055661817e+03
1.704841128698885313e+03
1.705046634567169804e+03
1.705251401353464644e+03
1.705456168139759484e+03
1.705660934926054324e+03
1.683408070207736273e+03
1.701819739825911938e+03
1.705456543113187081e+03
1.706443624810537813e+03
1.684332613667607802e+03
1.702837058955925613e+03
1.706488830649778265e+03
1.707479068473204961e+03
1.685368617850145483e+03
1.703873425834558930e+03
1.707525256022139729e+03
1.708515506175706832e+03
1.686405057742275858e+03
1.686769325575342009e+03
1.687133593408408160e+03
1.687497861241474311e+03
1.654871305530247582e+03
1.680890807969711432e+03
1.686925572817127659e+03
1.688652171990386933e+03
1.656330695284313833e+03
1.682463433499672647e+03
1.688521470021570849e+03
1.690253465226321850e+03
1.690956053221138518e+03
1.691404673385078922e+03
1.691790015038262254e+03
1.692159550434465245e+03
1.659534186231900549e+03
1.660001797475708372e+03
1.660469408719516196e+03
1.660937019963324019e+03
1.622952240996192586e+03
1.652582221057725064e+03
1.660085494914814944e+03
1.662285489924055582e+03
1.663184377496739671e+03
1.663759691597050505e+03
1.664254221251903800e+03
1.664728561641421948e+03
1.665197855143082052e+03
1.665665886949566811e+03
1.666133603333932115e+03
1.666601240862872146e+03
1.667068858677962680e+03
1.667536469925914162e+03
1.668004081173865643e+03
1.668471692421817124e+03
1.630486913303811889e+03
1.660116893448218889e+03
1.667620167360193363e+03
1.669820162388145491e+03
1.670719049968731497e+03
1.671294364074133000e+03
1.671788893733367104e+03
1.672263234127088253e+03
1.672732527632906795e+03
1.673200559443538850e+03
1.673668275832048721e+03
1.674135913365132865e+03
1.674603531184367057e+03
1.675071142436462196e+03
1.675538753688557335e+03
1.676006364940652475e+03
1.638021585671773892e+03
1.667651565899055186e+03
1.675154839865914028e+03
1.677354834912577871e+03
1.678253722501066022e+03
1.678829036611558195e+03
1.679323566275173107e+03
1.679797906673097259e+03
1.680267200183074465e+03
1.680735231997853816e+03
1.681202948390508254e+03
1.681670585927736511e+03
1.682138203751114361e+03
1.682605815007353158e+03
1.683073426263591955e+03
1.683541037519830752e+03
1.645556258100078594e+03
1.675186238410234637e+03
1.682689512431978073e+03
1.684889507497353407e+03
1.685788395093743702e+03
1.686363709209326089e+03
1.686858238877322037e+03
1.687332579279449192e+03
1.687801872793584835e+03
1.688269904612511937e+03
1.688737621009310942e+03
1.689205258550683084e+03
1.689672876378204592e+03
1.690140487638587047e+03
1.690608098898969502e+03
1.691075710159351956e+03
1.653090930588726451e+03
1.682720910981757015e+03
1.690224185058385046e+03
1.692424180142472096e+03
1.693323067746764082e+03
1.693898381867437138e+03
1.694392911539813895e+03
1.694867251946144052e+03
1.656884114949713648e+03
1.686514549842064298e+03
1.694017933264204203e+03
1.696217954927843493e+03
1.658654344174665539e+03
1.659154082990458619e+03
1.659653821806251699e+03
1.660153560622044779e+03
1.622606728614191297e+03
1.651323791722128590e+03
1.659152147977669756e+03
1.661490438712467721e+03
1.662450045187059231e+03
1.663064762609802756e+03
1.663593246766484754e+03
1.664100171959921681e+03
1.664601707372766896e+03
1.665101895337987798e+03
1.665601746441148180e+03
1.666101513328783767e+03
1.666601259162537417e+03
1.667100997977952147e+03
1.667600736793366877e+03
1.668100475608781608e+03
1.630553643803130626e+03
1.659270706721196348e+03
1.667099062959953699e+03
1.669437353692248735e+03
1.670396960166054896e+03
1.671011677588325938e+03
1.671540161744606394e+03
1.672047086937659515e+03
1.711011166781616794e+03
1.682828289026061157e+03
1.675970043961963938e+03
1.674629415083571530e+03
1.636609376029545956e+03
1.637065206393550397e+03
1.637521036757554839e+03
1.637976867121559280e+03
1.606559744972388671e+03
1.630014907074429175e+03
1.636978564355670869e+03
1.639099465087001590e+03
1.678020362471980206e+03
1.649728911573208279e+03
1.643333115708444438e+03
1.642107290368653821e+03
1.680217708624328907e+03
1.651692862613734633e+03
1.645242204158205141e+03
1.644003127701174890e+03
1.644037373086748403e+03
1.644493519326412752e+03
1.644949665566077101e+03
1.645405811805741450e+03
1.613954383785080154e+03
1.637437926989705829e+03
1.644407193093173646e+03
1.646529616417002671e+03
1.685464406832663599e+03
1.657165220428216344e+03
1.650765728404146330e+03
1.649539095768048583e+03
1.687662645075223736e+03
1.659130086435726753e+03
1.652675705521965028e+03
1.651435813289356474e+03
1.689556181738611258e+03
1.690055989790380863e+03
1.690555797842150469e+03
1.691055605893920074e+03
1.653469316316650975e+03
1.682223500351286930e+03
1.690055081633068994e+03
1.692393840829346573e+03
1.731795699028852823e+03
1.703746289285573994e+03
1.696917676560975224e+03
1.695584140818125434e+03
1.734047170240231935e+03
1.705788065569438686e+03
1.698902231086592110e+03
1.697554341860131217e+03
1.736013702561890341e+03
1.736480490994708816e+03
1.736947279427527292e+03
1.737414067860345767e+03
1.699459471432189275e+03
1.729072778769594152e+03
1.736565140244417535e+03
1.738761418760604784e+03
1.739658737152632739e+03
1.740233040419506324e+03
1.740726700168449497e+03
1.741200205967667216e+03
1.741668673713161525e+03
1.742135881972340940e+03
1.742602775361636532e+03
1.743069590033567238e+03
1.743536385026163316e+03
1.744003173463175926e+03
1.744469961900188537e+03
1.744936750337201147e+03
1.706982153754065166e+03
1.736595461177547804e+03
1.744087822708066369e+03
1.746284101243202940e+03
1.747181419643229901e+03
1.747755722915256229e+03
1.748249382668633643e+03
1.748722888472105751e+03
1.710769930453928509e+03
1.740383692640857362e+03
1.747876163393396382e+03
1.750072468465802558e+03
1.712538021879483040e+03
1.713037830013281109e+03
1.713537638147079178e+03
1.714037446280877248e+03
1.676451106573452989e+03
1.705205337859946439e+03
1.713036923173963714e+03
1.715375682939525859e+03
1.716335434222060712e+03
1.716950238307432073e+03
1.717478796022777260e+03
1.717985791588414941e+03
1.680401299548811721e+03
1.709155929157648643e+03
1.716987625679807934e+03
1.719326413486068759e+03
1.682213075518370943e+03
1.682669224188043700e+03
1.683125372857716457e+03
1.683581521527389214e+03
1.652129829427589357e+03
1.675613591127122845e+03
1.682582900389260885e+03
1.684705335426986039e+03
1.685580277244312811e+03
1.686141260626025769e+03
1.686623626462327820e+03
1.687086329953603354e+03
1.687544117361789404e+03
1.688000675718159755e+03
1.688456926809636343e+03
1.688913101084768186e+03
1.689369256155806397e+03
1.689825404820686344e+03
1.690281553485566292e+03
1.690737702150446239e+03
1.659286010571507859e+03
1.682769771840088424e+03
1.689739081017101853e+03
1.691861516031722886e+03
1.730796412941231210e+03
1.702497167302876505e+03
1.696097646910362528e+03
1.694871008076601356e+03
1.694908561387988584e+03
1.695260194970942848e+03
1.695690223262696009e+03
1.696139842359715658e+03
1.734667505689613563e+03
1.735167292075906516e+03
1.735667078462199470e+03
1.736166864848492423e+03
1.698593504210650281e+03
1.727335509401775880e+03
1.735166045148306921e+03
1.737504655298346279e+03
1.776916594737992227e+03
1.748857700922485947e+03
1.742028720798301492e+03
1.740695204854581789e+03
1.740736764776094105e+03
1.741122003374229280e+03
1.741593153406372721e+03
1.742085780741826738e+03
1.704510579388567976e+03
1.704966730497770641e+03
1.705422881606973306e+03
1.705879032716175971e+03
1.674427075499959983e+03
1.697911056552988157e+03
1.704880409143059751e+03
1.707002855940589143e+03
1.707877802470258075e+03
1.708438788856111842e+03
1.708921157272871824e+03
1.709383863238895174e+03
1.747914799919723009e+03
1.719499038122418824e+03
1.713072100353553196e+03
1.711838838549740558e+03
1.679932235176088398e+03
1.680275863594341899e+03
1.680619492012595401e+03
1.680963120430848903e+03
1.660370918598892786e+03
1.675061464800604881e+03
1.680117848369686726e+03
1.681703650803805658e+03
1.714269816515211915e+03
1.690014704756282299e+03
1.685011713771900986e+03
1.684077224713114219e+03
1.684105102080452752e+03
1.684370030706270882e+03
1.684693999077899889e+03
1.685032713416282149e+03
1.664439086595819845e+03
1.664617567241826464e+03
1.664796047887833083e+03
1.664974528533839703e+03
1.658410928804097694e+03
1.662043499882600599e+03
1.664411600254991072e+03
1.665217835796836425e+03
1.686443715510841230e+03
1.669932915687233390e+03
1.667091772133909444e+03
1.666592500429832853e+03
1.687592743400666677e+03
1.670906051774866000e+03
1.668038062359096784e+03
1.667533280227304431e+03
1.667545909162196267e+03
1.667725108844486613e+03
1.667904308526776958e+03
1.668083508209067304e+03
1.661461452729142593e+03
1.665139631015518262e+03
1.667519271976624168e+03
1.668328890605633205e+03
1.689606881733198406e+03
1.673059879879078608e+03
1.670209169850380249e+03
1.669707994431476891e+03
1.690758928137332077e+03
1.674035797363851998e+03
1.671158163249991958e+03
1.670651457000032678e+03
1.670664141163663089e+03
1.670844059457275080e+03
1.671023977750887070e+03
1.671203896044499061e+03
1.664523400518225799e+03
1.668247177289880256e+03
1.670638353196516164e+03
1.671451352992723741e+03
1.692781405074282702e+03
1.676198240429941052e+03
1.673337970686167637e+03
1.672834892740946998e+03
1.693936467260710970e+03
1.677176936997521352e+03
1.674289665009718419e+03
1.673781035843218206e+03
1.694881691775691479e+03
1.695226996641856886e+03
1.695572301508022292e+03
1.695917606374187699e+03
1.675174994670169099e+03
1.689985535224620662e+03
1.695069708139594695e+03
1.696663457871288301e+03
1.729336391629658692e+03
1.705010243821259564e+03
1.699985777334244858e+03
1.699046897214677074e+03
1.731154725611007052e+03
1.706606754128448529e+03
1.701537869773014336e+03
1.700588780029064992e+03
1.732694380484901330e+03
1.733152094643253122e+03
1.733609808801604913e+03
1.734067522959956705e+03
1.702445163076631616e+03
1.726070208212742955e+03
1.733067355378362208e+03
1.735197339156412681e+03
1.774200415584018629e+03
1.745863445026816635e+03
1.739445644288982749e+03
1.738215006635613690e+03
1.776403049360266778e+03
1.747832829652134023e+03
1.741360010089047364e+03
1.740116070786737964e+03
1.778300918032246500e+03
1.778800818170949242e+03
1.779300718309651984e+03
1.779800618448354726e+03
1.742150068500186762e+03
1.770965022208755727e+03
1.778801628990605423e+03
1.781141060954621935e+03
1.820490359413358419e+03
1.792490074008514512e+03
1.785663569305568444e+03
1.784329980713325995e+03
1.746208647423488856e+03
1.774921540107103056e+03
1.782729755281588496e+03
1.785062033742944095e+03
1.786020191371718283e+03
1.786520075658080259e+03
1.787019959944442235e+03
1.787519844230804210e+03
1.749881829408363728e+03
1.778684896771885406e+03
1.786520546397301587e+03
1.788859856333735024e+03
1.789819769524141293e+03
1.790434669153532923e+03
1.790963307741338213e+03
1.791470380631515809e+03
1.791972062070599804e+03
1.792472395645252845e+03
1.792972392253694352e+03
1.793472304620576551e+03
1.832361505392681011e+03
1.832827454553722418e+03
1.833293403714763826e+03
1.833759352875805234e+03
1.795835992571234101e+03
1.825431858488853095e+03
1.832913061169716684e+03
1.835105546945057313e+03
1.836001264610652697e+03
1.836574536803501360e+03
1.837067309240263512e+03
1.837539963751989035e+03
1.838007589221426770e+03
1.838473957457737242e+03
1.838940011387481718e+03
1.839405986740691787e+03
1.839871942449774906e+03
1.840337891615061380e+03
1.840803840780347855e+03
1.841269789945634329e+03
1.803346429481949599e+03
1.832942295488872105e+03
1.840423498226246920e+03
1.842615984020776068e+03
1.843511701694468229e+03
1.844084973892531934e+03
1.844577746333782443e+03
1.845050400849813968e+03
1.845518026323511776e+03
1.845984394564071408e+03
1.846450448498061633e+03
1.846916423855516769e+03
1.808993069776515540e+03
1.809492954062122180e+03
1.809992838347728821e+03
1.810492722633335461e+03
1.772854708388968447e+03
1.801657775204705331e+03
1.809493424785714751e+03
1.811832734716414961e+03
1.812792647905193235e+03
1.813407547533634443e+03
1.813936186120637331e+03
1.814443259010047996e+03
1.776807091312483863e+03
1.805610557844801633e+03
1.813446318737282127e+03
1.815785656718578139e+03
1.855145547575481942e+03
1.855611774403353593e+03
1.856078001231225244e+03
1.856544228059096895e+03
1.818610484237623041e+03
1.848212168195361301e+03
1.855697065759366978e+03
1.857890806542703785e+03
1.858787053813555985e+03
1.859360667131589025e+03
1.859853733129356442e+03
1.860326669283304909e+03
1.893623384560945624e+03
1.870102329623792912e+03
1.863875883002569708e+03
1.862635006709255777e+03
1.824283183630430358e+03
1.824783067915533366e+03
1.825282952200636373e+03
1.825782836485739381e+03
1.788144822626755058e+03
1.816947889077302079e+03
1.824783538628706992e+03
1.827122848555584824e+03
1.789957553178145645e+03
1.818862900687174943e+03
1.826727045118244860e+03
1.829073535977241136e+03
1.868435258249366598e+03
1.840425530170009097e+03
1.833598687984489061e+03
1.832265131624283640e+03
1.794156265582764718e+03
1.794614289065669709e+03
1.795072312548574700e+03
1.795530336031479692e+03
1.763874123758346286e+03
1.787527211006854259e+03
1.794529866791828681e+03
1.796661342672926594e+03
1.797539906256247150e+03
1.798103198394531773e+03
1.798587547355065908e+03
1.799052152726393842e+03
1.767397718751395814e+03
1.791051090109659071e+03
1.798053842564248725e+03
1.800185343800509145e+03
1.768983711338452395e+03
1.769329574749555604e+03
1.769675438160658814e+03
1.770021301571762024e+03
1.749228528727949424e+03
1.764079095245969938e+03
1.769172529834802845e+03
1.770768927586837435e+03
1.803477382484579266e+03
1.779127613718424300e+03
1.774095995069464152e+03
1.773155652137124889e+03
1.751994995557870880e+03
1.766813779577378909e+03
1.771890086146024260e+03
1.773481698425820696e+03
1.753054334358620736e+03
1.753234979097926953e+03
1.753415623837233170e+03
1.753596268576539387e+03
1.746856676702407185e+03
1.750626567637433027e+03
1.753029405443325459e+03
1.753845823349473449e+03
1.775228483945411426e+03
1.758608780424693578e+03
1.755738847871067264e+03
1.755233846722516773e+03
1.776386593827475963e+03
1.759590285690416295e+03
1.756693271899731144e+03
1.756182698918457163e+03
1.777334521841646847e+03
1.777680389563081690e+03
1.778026257284516532e+03
1.778372125005951375e+03
1.757578964969533445e+03
1.772429840463169512e+03
1.777523346530973640e+03
1.779119764718374881e+03
1.811828493635714494e+03
1.787478542675320796e+03
1.782446868838214641e+03
1.781506514617564790e+03
1.813648949524922273e+03
1.789077059819298029e+03
1.784000911359697056e+03
1.783050331811857859e+03
1.783075902109589151e+03
1.783422325458755722e+03
1.783768748807922293e+03
1.784115172157088864e+03
1.763272088381127560e+03
1.778162804573746598e+03
1.783265525479081589e+03
1.784864577960273209e+03
1.817608616844926928e+03
1.793235191575834733e+03
1.788196404374947178e+03
1.787254595064294108e+03
1.819431166162839190e+03
1.794835688915749870e+03
1.789752371089958842e+03
1.788800320952320362e+03
1.788825934573449786e+03
1.789172912728824258e+03
1.789519890884198730e+03
1.789866869039573203e+03
1.768973910952277265e+03
1.783904432531378006e+03
1.789016356173426175e+03
1.790618039156344366e+03
1.823397310357654078e+03
1.799000468580079314e+03
1.793954579964612321e+03
1.793011317797403990e+03
1.793039480221363419e+03
1.793306990308616832e+03
1.793634116217122937e+03
1.793976132234361785e+03
1.826470722254531665e+03
1.826929058774881923e+03
1.827387395295232182e+03
1.827845731815582440e+03
1.796155215994334412e+03
1.819836725314787145e+03
1.826844958640904224e+03
1.828977944724169902e+03
1.868007805886591996e+03
1.839656128252030385e+03
1.833231078171174204e+03
1.831998851818634421e+03
1.870212168956140431e+03
1.841627295549678820e+03
1.835147175354675255e+03
1.833901630678338961e+03
1.872111746514998231e+03
1.872611675258857986e+03
1.873111604002717741e+03
1.873611532746577495e+03
1.835935793002309993e+03
1.864774682256516371e+03
1.872613176818389775e+03
1.874952839821474981e+03
1.875912850111302987e+03
1.876527805826437088e+03
1.877056491683032618e+03
1.877563609727545554e+03
1.916421951756383123e+03
1.888337757693581125e+03
1.881483689897600243e+03
1.880142940294442496e+03
1.918528283366978940e+03
1.918993105490429116e+03
1.919457927613879292e+03
1.919922749737329468e+03
1.882042022243791735e+03
1.911613802235844787e+03
1.919079977143717088e+03
1.921267366843627315e+03
1.883804361456651122e+03
1.913492705632391335e+03
1.920986766849025571e+03
1.923180924315906850e+03
1.924076169478953261e+03
1.924648475422879301e+03
1.925140160841036732e+03
1.925611698308775885e+03
1.887732606215853593e+03
1.888232547273550381e+03
1.888732488331247168e+03
1.889232429388943956e+03
1.851544421628102782e+03
1.880394992679864799e+03
1.888234388889707134e+03
1.890574157358347065e+03
1.891534195163369532e+03
1.892149166487169850e+03
1.892677865449714318e+03
1.893184996004117693e+03
1.932032370694948213e+03
1.903958306234128941e+03
1.897104740667258511e+03
1.895763996498882079e+03
1.857603604643700237e+03
1.858062855844568276e+03
1.858522107045436314e+03
1.858981358246304353e+03
1.827190346135591199e+03
1.850955157805881981e+03
1.857979704872378079e+03
1.860117104803755410e+03
1.899185989021797695e+03
1.870813007146424980e+03
1.864377322022890212e+03
1.863142761875098131e+03
1.901392877116822547e+03
1.872786782751719102e+03
1.866295952441849977e+03
1.865048049481762973e+03
1.903294954847275221e+03
1.903794917141873384e+03
1.904294879436471547e+03
1.904794841731069710e+03
1.867082419816966649e+03
1.895956288176090538e+03
1.903797442868649114e+03
1.906137406963425747e+03
1.945431929605308824e+03
1.917482318032234389e+03
1.910658322207435958e+03
1.909324760162033499e+03
1.947678333724456706e+03
1.919520649345890206e+03
1.912639521183326679e+03
1.911291607651167169e+03
1.949641504638191918e+03
1.950105472931257282e+03
1.950569441224322645e+03
1.951033409517388009e+03
1.913185483950748676e+03
1.942738529291734494e+03
1.950193287855550352e+03
1.952376814703538685e+03
1.953268753715283310e+03
1.953839592274585357e+03
1.954330270444699181e+03
1.954800915725828418e+03
1.916954615081240490e+03
1.946508115997429286e+03
1.953962983353953632e+03
1.956146536593897508e+03
1.989638069872421966e+03
1.989995936405470275e+03
1.990353802938518584e+03
1.990711669471566893e+03
1.958469948278071797e+03
1.984214595529209419e+03
1.990155090313641495e+03
1.991852143087636478e+03
1.959908711509802060e+03
1.985766007844727028e+03
1.991729456254107163e+03
1.993431816153742147e+03
1.994122122272960951e+03
1.994562866522564264e+03
1.994941437943286246e+03
1.995304479788940171e+03
1.995663640093300273e+03
1.996021508726882985e+03
1.996379377360465696e+03
1.996737245994048408e+03
1.964495397923223891e+03
1.990240135943465248e+03
1.996180661699155735e+03
1.997877724171079763e+03
1.965934167939275540e+03
1.991791555240266689e+03
1.997755034725558517e+03
1.999457404352314825e+03
2.022110594110331704e+03
2.007073762312808867e+03
2.002497364577871622e+03
2.001560482469136787e+03
2.023454790746582830e+03
2.023651088586634160e+03
2.023847386426685489e+03
2.024043684266736818e+03
2.002376147516270976e+03
2.020350468499450926e+03
2.023857791383898530e+03
2.024805461671284775e+03
2.003271373338884587e+03
2.021337126671922306e+03
2.024858960441686349e+03
2.025809666840130149e+03
2.026189682951590157e+03
2.026431604038755495e+03
2.026639288528917177e+03
2.026838431833633194e+03
2.027035440964980580e+03
2.027231741571298699e+03
2.027428042177616817e+03
2.027624342783934935e+03
2.005956614393639484e+03
2.023931078666566464e+03
2.027438443872175867e+03
2.028386127034665151e+03
2.006851849804453877e+03
2.024917746869368557e+03
2.028439623109954255e+03
2.029390342422716685e+03
2.029770363850385365e+03
2.030012288342095644e+03
2.030219975758143164e+03
2.030419121869033688e+03
2.030616133776624338e+03
2.030812437149201742e+03
2.031008740521779146e+03
2.031205043894356550e+03
2.009537123865015928e+03
2.027511731427039422e+03
2.031019138953683296e+03
2.031966834991241512e+03
2.032346140530481080e+03
2.032587890503367817e+03
2.032795536513259322e+03
2.032994674356611768e+03
2.011327269222598716e+03
2.029302233650809285e+03
2.032809697838313696e+03
2.033757405734462736e+03
2.012222941668676185e+03
2.012580816611957971e+03
2.012938691555239757e+03
2.013296566498521543e+03
1.981054337309038374e+03
2.006799347984176848e+03
2.012739966772860498e+03
2.014437058375937340e+03
1.982493127704140534e+03
2.008350788251656923e+03
2.014314361084303982e+03
2.016016759929902946e+03
2.038670544552171350e+03
2.023633270236100543e+03
2.019056780814338708e+03
2.018119881557004419e+03
2.040014774319174194e+03
2.040211080468767705e+03
2.040407386618361215e+03
2.040603692767954726e+03
2.018935580354680042e+03
2.036910331762691385e+03
2.040417781774915738e+03
2.041365490737606024e+03
2.019830834979107294e+03
2.037897020065076049e+03
2.041418981412178255e+03
2.042369726603724530e+03
2.042749758684454491e+03
2.042991689998476204e+03
2.043199383277657034e+03
2.043398535011793683e+03
2.051428653578642297e+03
2.051434042058705472e+03
2.051439430538768647e+03
2.051444819018831822e+03
2.043617106402905620e+03
2.051108364113177231e+03
2.051656588584473411e+03
2.051713114114078508e+03
2.043834266643946194e+03
2.051381872664318507e+03
2.051933983322148379e+03
2.051990819292841934e+03
2.044111779033456287e+03
2.051659605559884767e+03
2.052211731424994014e+03
2.052268568610036709e+03
2.044389527597673805e+03
2.044586544449090070e+03
2.044783561300506335e+03
2.044980578151922600e+03
2.023263239976007753e+03
2.041274795492146495e+03
2.044793117929888012e+03
2.045744134688220811e+03
2.024160957713669859e+03
2.042264060425390653e+03
2.045796932643595028e+03
2.046750995705596779e+03
2.047132393609033670e+03
2.047375199609326273e+03
2.047583644599146055e+03
2.047783517288102303e+03
2.055873434813498534e+03
2.055879596247857535e+03
2.055885757682216990e+03
2.055891919116575991e+03
2.048005893761520383e+03
2.055541799312050443e+03
2.056102146929886658e+03
2.056162290138273875e+03
2.048225860011466011e+03
2.055818272876967058e+03
2.056382550797150998e+03
2.056443015553851183e+03
2.056457418423149193e+03
2.056465306761020656e+03
2.056471879079698283e+03
2.056478141932530889e+03
2.056484328640095555e+03
2.056490493081985733e+03
2.056496657523876365e+03
2.056502821965766998e+03
2.048616569753050953e+03
2.056152648992846480e+03
2.056713043779148393e+03
2.056773201063618217e+03
2.048836546920132150e+03
2.056429134093320954e+03
2.056993459353606795e+03
2.057053938229606501e+03
2.057068346885129813e+03
2.057076238925237249e+03
2.057082814425123615e+03
2.057089080328907130e+03
2.057095270054857792e+03
2.057101437504279147e+03
2.057107604953700502e+03
2.057113772403121857e+03
2.049227293333031866e+03
2.056763546261820011e+03
2.057323988216566249e+03
2.057384159577116861e+03
2.049447281417239083e+03
2.057040042897841886e+03
2.057604415498208255e+03
2.057664908493505209e+03
2.057679322935253822e+03
2.057687218677596320e+03
2.057693797358691427e+03
2.057700066313425395e+03
2.057706259057761599e+03
2.057712429514713676e+03
2.057718599971665753e+03
2.057724770428617830e+03
2.049838064501439021e+03
2.057374491118946935e+03
2.057934980242117945e+03
2.057995165678747071e+03
2.050058063502764981e+03
2.057650999290506661e+03
2.058215419230933549e+03
2.058275926345525477e+03
2.051018374662174665e+03
2.057700606226966556e+03
2.058052076012114867e+03
2.058060578367192647e+03
2.058062078861841201e+03
2.058067485387410670e+03
2.058072891912980140e+03
2.058078298438549609e+03
2.050249224242490982e+03
2.057741524503553592e+03
2.058290032016273926e+03
2.058346642005601552e+03
2.050466449998418739e+03
2.058015102283238775e+03
2.058567497012525109e+03
2.058624417702258143e+03
2.058637368190500183e+03
2.058644327244165652e+03
2.058650101059803546e+03
2.058655598105260651e+03
2.051271710983985486e+03
2.051085378218504957e+03
2.050899045453024428e+03
2.050712712687543899e+03
2.057915696117464904e+03
2.053784085149930434e+03
2.051289893464556826e+03
2.050446709133491822e+03
2.057421765822874931e+03
2.053302843746418603e+03
2.050801322485734545e+03
2.049955675791443809e+03
2.049599541255479835e+03
2.049370448200951614e+03
2.049173406013424483e+03
2.048984394683315713e+03
2.027309201536165119e+03
2.026959496097742203e+03
2.026609790659319287e+03
2.026260085220896372e+03
2.047398570447420980e+03
2.032272029580379240e+03
2.027114845308593431e+03
2.025500229953049029e+03
2.046268678242227907e+03
2.031109231423258734e+03
2.025934616612000355e+03
2.024315140690761609e+03
2.023644137748643061e+03
2.023213868873900765e+03
2.022844007664524725e+03
2.022489262351831712e+03
1.989822515237047810e+03
1.989362675001459820e+03
1.988902834765871830e+03
1.988442994530283841e+03
2.020298935944275854e+03
1.996480274385527537e+03
1.989445208381938528e+03
1.987304965133012502e+03
2.018705092481596921e+03
1.994812939609577825e+03
1.987752995663874572e+03
1.985606233601514532e+03
2.017004583024455769e+03
1.993112143393339238e+03
1.986052102281309089e+03
1.983905314755537802e+03
1.944809915991332446e+03
1.944309954252869602e+03
1.943809992514406758e+03
1.943310030775943915e+03
1.981021741052979223e+03
1.952148552734103077e+03
1.944307448608844652e+03
1.941967489941956046e+03
1.979206922649490934e+03
1.950230932272237396e+03
1.942361296126601246e+03
1.940014153284158283e+03
1.900717134843038593e+03
1.928666941928874394e+03
1.935490857669416528e+03
1.936824392398732925e+03
1.898470144899390107e+03
1.898006157557504594e+03
1.897542170215619080e+03
1.897078182873733567e+03
1.934926844857347305e+03
1.905373377087939843e+03
1.897918363539174607e+03
1.895734750492122430e+03
1.933166713041760886e+03
1.903496622721194854e+03
1.896013755602084984e+03
1.893823385813177765e+03
1.892929736083290436e+03
1.892358456481137864e+03
1.891867653821859449e+03
1.891396963135466194e+03
1.858362315153200825e+03
1.858004946842464506e+03
1.857647578531728186e+03
1.857290210220991867e+03
1.889501826744820846e+03
1.863778719360539981e+03
1.857845571275375960e+03
1.856150818782881515e+03
1.888064672963926341e+03
1.862228963293708148e+03
1.856272886411359195e+03
1.854572833717680624e+03
1.886485519796849076e+03
1.860649370120618187e+03
1.854693203655845082e+03
1.852993130257106031e+03
1.852303775041395511e+03
1.851945868622756734e+03
1.851587962204117957e+03
1.851230055785479180e+03
1.883474186098745804e+03
1.857727815359705346e+03
1.851786732487672452e+03
1.850089495566719734e+03
1.882035294045992941e+03
1.856176270483677172e+03
1.850212231999539881e+03
1.848509687398633332e+03
1.847819304748922605e+03
1.847378511425155466e+03
1.846999897819993748e+03
1.846636815513930514e+03
1.878879780867635645e+03
1.878415504908430421e+03
1.877951228949225197e+03
1.877486952990019972e+03
1.915346747201109338e+03
1.885786903756590391e+03
1.878328028412247477e+03
1.876143109431874564e+03
1.913585850977990503e+03
1.883909404820618192e+03
1.876422664564818660e+03
1.874230985029327030e+03
1.911672094747431856e+03
1.881995193125063452e+03
1.874508344014568593e+03
1.872316638070072486e+03
1.871422430174938881e+03
1.870957868941094603e+03
1.870493307707250324e+03
1.870028746473406045e+03
1.907899496478430819e+03
1.878333397159470906e+03
1.870870707713954516e+03
1.868684498125583787e+03
1.906137845965758970e+03
1.876455163896082240e+03
1.868964598352253233e+03
1.866771624441155382e+03
1.904223339097952021e+03
1.874540201641924341e+03
1.867049527199741533e+03
1.864856526864924263e+03
1.831293736906823142e+03
1.830934754726426490e+03
1.830575772546029839e+03
1.830216790365633187e+03
1.862525845028602134e+03
1.836733040540483216e+03
1.830776099525950940e+03
1.829073896164134567e+03
1.861083479916984743e+03
1.835177922137735777e+03
1.829197971940435309e+03
1.827490445949816603e+03
1.859498854949280258e+03
1.833592856576034364e+03
1.827612816482402195e+03
1.825905269699120481e+03
1.825212817861955727e+03
1.824853300127225339e+03
1.824493782392494950e+03
1.824134264657764561e+03
1.856475603170707245e+03
1.830659718911184427e+03
1.824694885490732531e+03
1.822990209809317548e+03
1.855031510050314864e+03
1.829102822765224573e+03
1.823114953510812256e+03
1.821404947759690913e+03
1.853445071038585638e+03
1.827515942965849490e+03
1.821527983711031538e+03
1.819817957138183147e+03
1.819124477720481764e+03
1.818764425284045501e+03
1.818404372847609238e+03
1.818044320411172976e+03
1.850417866073749565e+03
1.824578963267471863e+03
1.818606251587229508e+03
1.816899107629004675e+03
1.848972048369377035e+03
1.823020293070616390e+03
1.817024518959852685e+03
1.815312037503658075e+03
1.847383799076002788e+03
1.821431602796993047e+03
1.815435738581963733e+03
1.813723236275027602e+03
1.845794993241172051e+03
1.845329301932977614e+03
1.844863610624783178e+03
1.844397919316588741e+03
1.882311594102452773e+03
1.852721172617747470e+03
1.845243403841630652e+03
1.843052083699581999e+03
1.880546968228406058e+03
1.850840046605909265e+03
1.843334357645426735e+03
1.841136258270727922e+03
1.840239352074238013e+03
1.839665977508735978e+03
1.839173372954533306e+03
1.838700953808469649e+03
1.876612988974635755e+03
1.876113089987004969e+03
1.875613190999374183e+03
1.875113292011743397e+03
1.912762902732113844e+03
1.883948840198652533e+03
1.876112304731620270e+03
1.873772881750726810e+03
1.910949839559250677e+03
1.882033414877560517e+03
1.874168378634367173e+03
1.871821774180792318e+03
1.870860032297776343e+03
1.870244664873390093e+03
1.869715898336632335e+03
1.869208782434881641e+03
1.830327628504069025e+03
1.829861935006007798e+03
1.829396241507946570e+03
1.828930548009885342e+03
1.866844305224808977e+03
1.837253837334928221e+03
1.829776039384890055e+03
1.827584709342739188e+03
1.865079673605078142e+03
1.835372705743083543e+03
1.827866987523611442e+03
1.825668878219941462e+03
1.863162203905742899e+03
1.833454780983427327e+03
1.825948953693218527e+03
1.823750817907484361e+03
1.822853900962335501e+03
1.822387927713719364e+03
1.821921954465103227e+03
1.821455981216487089e+03
1.859380244198091077e+03
1.829783871720180741e+03
1.822302348389299368e+03
1.820109753734069727e+03
1.857614879228747895e+03
1.827902028124962953e+03
1.820392573669124886e+03
1.818193196065192978e+03
1.855696681647394371e+03
1.825983375567340090e+03
1.818473811998401061e+03
1.816274407898004483e+03
1.782545345148840852e+03
1.782183689581850103e+03
1.781822034014859355e+03
1.781460378447868607e+03
1.813930334104672738e+03
1.788022565400832491e+03
1.782026242845073284e+03
1.780311699199548002e+03
1.812479349858877413e+03
1.786458581488988102e+03
1.780439116835161485e+03
1.778719213425210910e+03
1.755708341878639658e+03
1.771011360330185653e+03
1.775642823386635428e+03
1.776589999804737317e+03
1.776559218687704515e+03
1.776198091089719583e+03
1.775836963491734650e+03
1.775475835893749718e+03
1.807914065667675459e+03
1.782028952403460835e+03
1.776040404176360653e+03
1.774328297408860408e+03
1.806464782274337267e+03
1.780466717624426337e+03
1.774455053524410005e+03
1.772737594324837119e+03
1.804872895584473554e+03
1.778874389569276445e+03
1.772862635156301621e+03
1.771145155047654953e+03
1.770448586800563362e+03
1.770086927079748875e+03
1.769725267358934389e+03
1.769363607638119902e+03
1.801833812800498208e+03
1.775925865950039451e+03
1.769929482235557089e+03
1.768214919418185673e+03
1.800382815175805490e+03
1.774361868280189810e+03
1.768342342261360045e+03
1.766622419621878862e+03
1.798789129576182404e+03
1.772767741125832117e+03
1.766748124690828945e+03
1.765028181113408209e+03
1.797194886435592707e+03
1.796728354837925963e+03
1.796261823240259218e+03
1.795795291642592474e+03
1.833740376625968793e+03
1.804132360801400182e+03
1.796643411190016877e+03
1.794448293133533753e+03
1.831973551872002872e+03
1.802249101114873611e+03
1.794732198782725391e+03
1.792530290422950429e+03
1.830053906578374153e+03
1.800329001016992834e+03
1.792811989487465780e+03
1.790610054602502032e+03
1.789711536168421617e+03
1.789244728146116131e+03
1.788777920123810645e+03
1.788311112101505159e+03
1.826266432252323739e+03
1.796652723000922833e+03
1.789160101403099816e+03
1.786963734382963594e+03
1.824498886746821654e+03
1.794768764739820199e+03
1.787248179765027317e+03
1.785045018802826689e+03
1.784145978773361776e+03
1.783571231288643503e+03
1.783077445848810157e+03
1.782603893938241981e+03
1.782135399973012909e+03
1.781668590873110361e+03
1.781201781773207813e+03
1.780734972673305265e+03
1.818690332628161286e+03
1.789076601274845643e+03
1.781583965368379040e+03
1.779387593479763837e+03
1.816922784315484250e+03
1.787192640293736758e+03
1.779672040968805277e+03
1.777468875123943690e+03
1.815002422047221899e+03
1.785271823308862167e+03
1.777751114744804227e+03
1.775547922360487064e+03
1.741719827851107084e+03
1.741356574846269723e+03
1.740993321841432362e+03
1.740630068836595001e+03
1.773195861673458921e+03
1.747219694587116464e+03
1.741199859398308490e+03
1.739477943313919468e+03
1.771739735368963466e+03
1.745650423681073107e+03
1.739607367120683875e+03
1.737880069091718497e+03
1.770140668759367827e+03
1.744050914953957545e+03
1.738007767668637371e+03
1.736280448615322484e+03
1.768541043625134080e+03
1.768073685006490223e+03
1.767606326387846366e+03
1.767138967769202509e+03
1.805114527288290219e+03
1.775489620338003533e+03
1.767989693914454165e+03
1.765790839768834303e+03
1.803345550082673071e+03
1.773604275648227940e+03
1.766076364693300093e+03
1.763870709362361140e+03
1.801423773127024106e+03
1.771682044153802281e+03
1.764154023877356167e+03
1.761948341978728195e+03
1.799501399311518753e+03
1.799001638077784946e+03
1.798501876844051139e+03
1.798002115610317333e+03
1.835561163260548255e+03
1.806832622881298903e+03
1.799003257405874137e+03
1.796664817351507963e+03
1.833750734814037287e+03
1.804920457376450486e+03
1.797062637646918120e+03
1.794717020616558102e+03
1.831801089984662667e+03
1.802970415323198040e+03
1.795112484447864063e+03
1.792766839382537682e+03
1.753342080506582533e+03
1.752874176802723468e+03
1.752406273098864403e+03
1.751938369395005338e+03
1.789933768228969029e+03
1.760297966713874530e+03
1.752790820920150964e+03
1.750589505376620764e+03
1.788163378911544214e+03
1.758411256200466596e+03
1.750876105027921767e+03
1.748667981134518413e+03
1.714709490538201180e+03
1.738308801220282703e+03
1.744536543000602251e+03
1.745775482968211236e+03
1.745736192746222514e+03
1.745268558901282404e+03
1.744800925056342294e+03
1.744333291211402184e+03
1.782318892924367447e+03
1.752688461002015401e+03
1.745184887796015119e+03
1.742984790728054804e+03
1.780549202048511916e+03
1.750802425828947207e+03
1.743270857553218320e+03
1.741063955681607695e+03
1.778626719130139236e+03
1.748879488463044481e+03
1.741347810824672706e+03
1.739140882371241332e+03
1.705214610817046378e+03
1.704849770245082027e+03
1.704484929673117676e+03
1.704120089101153326e+03
1.736780895646998033e+03
1.710736976585447565e+03
1.704693788502067036e+03
1.702964546509462480e+03
1.735319665215300574e+03
1.709162459233841446e+03
1.703095971106733714e+03
1.701361325133716946e+03
1.733715244885086349e+03
1.707557596232069955e+03
1.701491017072818067e+03
1.699756349989379714e+03
1.732110265057259085e+03
1.731642088363147195e+03
1.731173911669035306e+03
1.730705734974923416e+03
1.768710994399357787e+03
1.739069809565372225e+03
1.731559052866557749e+03
1.729356504920574025e+03
1.766939899872897058e+03
1.737182417585971734e+03
1.729643645103833705e+03
1.727434285222182325e+03
1.765016029689346396e+03
1.735258093139211041e+03
1.727719211213598101e+03
1.725509824722271333e+03
1.763091562742188444e+03
1.762591878435253420e+03
1.762092194128318397e+03
1.761592509821383373e+03
1.799111386960503523e+03
1.770420540171217908e+03
1.762594528640119506e+03
1.760256593602728344e+03
1.797302152842674104e+03
1.768509840631535099e+03
1.760655395809314768e+03
1.758310285980405524e+03
1.757348996462656487e+03
1.756733897994769222e+03
1.756205359386054624e+03
1.755698461456736368e+03
1.793215482388179453e+03
1.792760633887137828e+03
1.792305785386096204e+03
1.791850936885054580e+03
1.823161693770799275e+03
1.799794489266864502e+03
1.792848249454406641e+03
1.790732080384411574e+03
1.821590460717332235e+03
1.798152046739092839e+03
1.791181295186897160e+03
1.789058684327573246e+03
1.788184625594537465e+03
1.787624835126267044e+03
1.787143742458628822e+03
1.786682332374362204e+03
1.786225843443675103e+03
1.785770996191681888e+03
1.785316148939688674e+03
1.784861301687695459e+03
1.816171923521103508e+03
1.792804830661085134e+03
1.785858612989687572e+03
1.783742449937853735e+03
1.782870021893665808e+03
1.782310641118523336e+03
1.781829651878266077e+03
1.781368268591831338e+03
1.780911787297650790e+03
1.780456531533012594e+03
1.780001582152726769e+03
1.779546709368652273e+03
1.779091855733638340e+03
1.778637008486505238e+03
1.778182161239372135e+03
1.777727313992239033e+03
1.809037935300149229e+03
1.785670842874544405e+03
1.778724625289299411e+03
1.776608462260882789e+03
1.807466707889847612e+03
1.784028406552925389e+03
1.777057677319270169e+03
1.774935072520829635e+03
1.736056122762816358e+03
1.764322784388450145e+03
1.770706953391075331e+03
1.771930239348142322e+03
1.733860970629481471e+03
1.733361259966611669e+03
1.732861549303741867e+03
1.732361838640872065e+03
1.769893950950370481e+03
1.741190700460467269e+03
1.733363572803920079e+03
1.731025466968309047e+03
1.768084321692825142e+03
1.739279516643270426e+03
1.731423948767914226e+03
1.729078667408928368e+03
1.728117323321881486e+03
1.727502191949904955e+03
1.726973625379793475e+03
1.726466700695148347e+03
1.725965186524034834e+03
1.725465475963482731e+03
1.724965765402930629e+03
1.724466054842378526e+03
1.761998114801788006e+03
1.733294913402584825e+03
1.725467790139562567e+03
1.723129684971104098e+03
1.760188487104039723e+03
1.731383731498445513e+03
1.723528168043975938e+03
1.721182887355014145e+03
1.758239840916654202e+03
1.729434688802669825e+03
1.721579014257414201e+03
1.719233705539176981e+03
1.756290651879837014e+03
1.755835808379948503e+03
1.755380964880059992e+03
1.754926121380171480e+03
1.786236337524260080e+03
1.762869580035487616e+03
1.755923428874934189e+03
1.753807283901461005e+03
1.784665126978177796e+03
1.761227162260517389e+03
1.754256499724481046e+03
1.752133913038676610e+03
1.782989991789967007e+03
1.759551749242662936e+03
1.752580990972781365e+03
1.750458379124779640e+03
1.711579589930971224e+03
1.711079934132636026e+03
1.710580278334300829e+03
1.710080622535965631e+03
1.747585700515999179e+03
1.718907770307667761e+03
1.711082933757889350e+03
1.708745181287960349e+03
1.745776880045380040e+03
1.716997576985052547e+03
1.709144314388355042e+03
1.706799387902307217e+03
1.705838157233326911e+03
1.705223094335868154e+03
1.704694585968506999e+03
1.704187716978932940e+03
1.703686257879736786e+03
1.703186602192995451e+03
1.702686946506254117e+03
1.702187290819512782e+03
1.739692315752964305e+03
1.711014435167943248e+03
1.703189603156971089e+03
1.700851851397595965e+03
1.737883496875728724e+03
1.709104243793855630e+03
1.701250985763853578e+03
1.698906059991364600e+03
1.697944829552408692e+03
1.697329766794146508e+03
1.696801258545154724e+03
1.696294389668860276e+03
1.657299390169878279e+03
1.656830667733672499e+03
1.656361945297466718e+03
1.655893222861260938e+03
1.693918040936855959e+03
1.664266243082283154e+03
1.656748277344333246e+03
1.654543266319034274e+03
1.692145540706472957e+03
1.662377494010005194e+03
1.654831491763036638e+03
1.652619661638444541e+03
1.690220282907723231e+03
1.660451782139284887e+03
1.652905670367963012e+03
1.650693813605717878e+03
1.616637226525216875e+03
1.616270272518472439e+03
1.615903318511728003e+03
1.615536364504983567e+03
1.648323293506033679e+03
1.622189532111915241e+03
1.616115278419198603e+03
1.614376285409968432e+03
1.646855277934098467e+03
1.620608042867284212e+03
1.614510384574625732e+03
1.612765958261390324e+03
1.645243743078269517e+03
1.618996064612935015e+03
1.612898314879843838e+03
1.611153867341649402e+03
1.643631647440848610e+03
1.643162391104010794e+03
1.642693134767172978e+03
1.642223878430335162e+03
1.680267628036583119e+03
1.650605643591337866e+03
1.643080637903369961e+03
1.640873218097660356e+03
1.678493758001286324e+03
1.648715573779522174e+03
1.641162511404308816e+03
1.638948265497482225e+03
1.638044548181696200e+03
1.637466790789018660e+03
1.636970416364596531e+03
1.636494380955003862e+03
1.636023429878058323e+03
1.635554172502815618e+03
1.635084915127572913e+03
1.634615657752330208e+03
1.672659443980599235e+03
1.642997439915261793e+03
1.635472420547425827e+03
1.633264996057620465e+03
1.670885571286403774e+03
1.641107367541455460e+03
1.633554291447224159e+03
1.631340040842689859e+03
1.668958960366605879e+03
1.639180302743063976e+03
1.631627117045586601e+03
1.629412839775999828e+03
1.595291898938864279e+03
1.594923898597317248e+03
1.594555898255770217e+03
1.594187897914223186e+03
1.627037112497766202e+03
1.600859022278891871e+03
1.594769398146914909e+03
1.593025578191082559e+03
1.625565741843785645e+03
1.599274086654823805e+03
1.593161006233696753e+03
1.591411738461018558e+03
1.623950690068607400e+03
1.597658591125760950e+03
1.591545419062356814e+03
1.589796130008033060e+03
1.589086376005910097e+03
1.588717854826966459e+03
1.588349333648022821e+03
1.587980812469079183e+03
1.620860992165222569e+03
1.594660873959199762e+03
1.588563601270494928e+03
1.586817378754559059e+03
1.619387952479279647e+03
1.593074224147921768e+03
1.586953469459362168e+03
1.585201791903701860e+03
1.617771151422919047e+03
1.591456979161921026e+03
1.585336132730684994e+03
1.583584433865167057e+03
1.559921615350939646e+03
1.559709766102815365e+03
1.559497916854691084e+03
1.559286067606566803e+03
1.582026283675969353e+03
1.563250945877184449e+03
1.559505994291116167e+03
1.558485962451105934e+03
1.581077279538140374e+03
1.562208058674807717e+03
1.558447757100406761e+03
1.557424468834945628e+03
1.547826380421703789e+03
1.553267985235880133e+03
1.555762586793756100e+03
1.556304908150685378e+03
1.556286382497972227e+03
1.556075225514874774e+03
1.555864068531777320e+03
1.555652911548679867e+03
1.578345579805996294e+03
1.559605703434470342e+03
1.555871317171672217e+03
1.554854505626163473e+03
1.545316702290312605e+03
1.550715163419966302e+03
1.553200077113339603e+03
1.553740547427671800e+03
1.576577612629695523e+03
1.557930999944979249e+03
1.554211854836895782e+03
1.553198276466994230e+03
1.575743318023114853e+03
1.575374276864962440e+03
1.575005235706810026e+03
1.574636194548657613e+03
1.607547262316884598e+03
1.581325177592825639e+03
1.575220270575769518e+03
1.573471649568206203e+03
1.606072557041847176e+03
1.579736817305281875e+03
1.573608402632576372e+03
1.571854319375128171e+03
1.604454010485690333e+03
1.578117826644777324e+03
1.571989320129211137e+03
1.570235215533742576e+03
1.569523464797781116e+03
1.569153904551452797e+03
1.568784344305124478e+03
1.568414784058796158e+03
1.601356660907499872e+03
1.575112672522064713e+03
1.569000145887267081e+03
1.567249130608056248e+03
1.599880293591443888e+03
1.573522605577242075e+03
1.567386545687532362e+03
1.565630060961449772e+03
1.564917319638824665e+03
1.564462188008923476e+03
1.564071248940744226e+03
1.563696344865942820e+03
1.596637008031295636e+03
1.596166695202880874e+03
1.595696382374466111e+03
1.595226069546051349e+03
1.633306670044581324e+03
1.603625119479418345e+03
1.596086221206433720e+03
1.593874037443454426e+03
1.631530105688585309e+03
1.601732456987330579e+03
1.594165462392788413e+03
1.591946438692553102e+03
1.629600846111657575e+03
1.599802743931133818e+03
1.592235639578838345e+03
1.590016589159566138e+03
1.627670990091031172e+03
1.627171563860601054e+03
1.626672137630170937e+03
1.626172711399740820e+03
1.663580330003722793e+03
1.634993196078466553e+03
1.627176967655417457e+03
1.624840627703897098e+03
1.661774476760290781e+03
1.633086613734729781e+03
1.625242011012437388e+03
1.622898502859887230e+03
1.659830501442640298e+03
1.631142245137173404e+03
1.623297531581857811e+03
1.620953995428647431e+03
1.657885986782991040e+03
1.657434070019860656e+03
1.656982153256730271e+03
1.656530236493599887e+03
1.687525729167254667e+03
1.664418901315393441e+03
1.657524522546033722e+03
1.655422471877742964e+03
1.685967644284570042e+03
1.662790910407684351e+03
1.655872232597349921e+03
1.653763785222532988e+03
1.652895399221935577e+03
1.652339221540235940e+03
1.651861230609927361e+03
1.651402794747001508e+03
1.682396518665066651e+03
1.682060876363009811e+03
1.681725234060952971e+03
1.681389591758896131e+03
1.701268224449363288e+03
1.687146452154277313e+03
1.682222265323009424e+03
1.680674309127919969e+03
1.700194681024485135e+03
1.686044376304854723e+03
1.681103657495806374e+03
1.679551049065295274e+03
1.699070026563686724e+03
1.684919610800816599e+03
1.679978827435543053e+03
1.678426200833519260e+03
1.677782317835108188e+03
1.677447246653237016e+03
1.677112175471365845e+03
1.676777104289494673e+03
1.696604888157635287e+03
1.682523615676470399e+03
1.677608871442183045e+03
1.676063621022650295e+03
1.695533624727990627e+03
1.681423995089761320e+03
1.676492755217304193e+03
1.674942861012984622e+03
1.674300084132825532e+03
1.673887838320231594e+03
1.673533457995961271e+03
1.673193558561136115e+03
1.672857280255573642e+03
1.672522211306165673e+03
1.672187142356757704e+03
1.671852073407349735e+03
1.691679658558018900e+03
1.677598544342388550e+03
1.672683837015553308e+03
1.671138597172485561e+03
1.690608404039455309e+03
1.676498933351521146e+03
1.671567730528542370e+03
1.670017846933719056e+03
1.689486261294698124e+03
1.675376680251049947e+03
1.670445413014376982e+03
1.668895511281181825e+03
1.688363920202762074e+03
1.688197103373148821e+03
1.688030286543535567e+03
1.687863469713922314e+03
1.693481438933254594e+03
1.690586161011595550e+03
1.688405102912541679e+03
1.687653734977577187e+03
1.693061357066720575e+03
1.690183621592972713e+03
1.687996402125221039e+03
1.687242855806471880e+03
1.666864635706761419e+03
1.682785381274500878e+03
1.685471139602533640e+03
1.685939511376825976e+03
1.665764305958485465e+03
1.665429241474040509e+03
1.665094176989595553e+03
1.664759112505150597e+03
1.684586300218724091e+03
1.670505502535691221e+03
1.665590869024293852e+03
1.664045650334323454e+03
1.683515063522438595e+03
1.669405910736625628e+03
1.664474782013138793e+03
1.662924919637476023e+03
1.682392940334338618e+03
1.668283677198162877e+03
1.663352484062091889e+03
1.661802603548315119e+03
1.681270618805836193e+03
1.681103807647081794e+03
1.680936996488327395e+03
1.680770185329572996e+03
1.686387695973422069e+03
1.683492775373650829e+03
1.681311808139218101e+03
1.680560466875477687e+03
1.680242512857369320e+03
1.680037603706319260e+03
1.679861248545958460e+03
1.679692050168048354e+03
1.679524642128336382e+03
1.679357681744582123e+03
1.679190833279280241e+03
1.679024012793870497e+03
1.658746416208210348e+03
1.658411923656604813e+03
1.658077431104999278e+03
1.657742938553393742e+03
1.677519229097028983e+03
1.663478965630001085e+03
1.658573786651577393e+03
1.657031277485978308e+03
1.676450275001025375e+03
1.662381831769399923e+03
1.657460193958629588e+03
1.655913049569243640e+03
1.623931585232207226e+03
1.647795600218864138e+03
1.652681254549401956e+03
1.653591782345734600e+03
1.673726526627708154e+03
1.673558995463325800e+03
1.673391464298943447e+03
1.673223933134561094e+03
1.678899676336418679e+03
1.675959379227190766e+03
1.673766874716174016e+03
1.673012147078426096e+03
1.672692809082707981e+03
1.672487014100640181e+03
1.672309897488839397e+03
1.672139968744507769e+03
1.677814881308197982e+03
1.674874651607776741e+03
1.672682122836267354e+03
1.671927386647040521e+03
1.671608046360348453e+03
1.671441238059098396e+03
1.671274429757848338e+03
1.671107621456598281e+03
1.676724901028057047e+03
1.673830160479746155e+03
1.671649239031302386e+03
1.670897911206994422e+03
1.670579962681500092e+03
1.670375057046067923e+03
1.670198704907698129e+03
1.670029509428411529e+03
1.649751723439305806e+03
1.665758125391562544e+03
1.668456575611487551e+03
1.668927518991506531e+03
1.674758448902119426e+03
1.674783951709982375e+03
1.674809454517845325e+03
1.674834957325708274e+03
1.665495571980011619e+03
1.674143093236742288e+03
1.675006433087162577e+03
1.675157075864048466e+03
1.669424492481756715e+03
1.675020912750797152e+03
1.675108199997486054e+03
1.675065118414971039e+03
1.675068226360001745e+03
1.675087802517519549e+03
1.675111803168900224e+03
1.675136929156806673e+03
1.675162337679628536e+03
1.675187837507022550e+03
1.675213337334416565e+03
1.675238837161810579e+03
1.665899674918729261e+03
1.674547025707123112e+03
1.675410318920590498e+03
1.675560947755282086e+03
1.669828128333049108e+03
1.675424716845227067e+03
1.675512044873129526e+03
1.675468971246265255e+03
1.669569635445160657e+03
1.675264829375057161e+03
1.675356176544114078e+03
1.675312787032616825e+03
1.666009412623081971e+03
1.666223368449198915e+03
1.666437324275315859e+03
1.666651280101432803e+03
1.643766492888691801e+03
1.662649626523179904e+03
1.666426721256918881e+03
1.667456552027863154e+03
1.644722762267967482e+03
1.663700105482894514e+03
1.667492663515587765e+03
1.668525780532535691e+03
1.645792586954498802e+03
1.664770298460162167e+03
1.668562916919477402e+03
1.669596046774831620e+03
1.646862855525726900e+03
1.647233979950874073e+03
1.647605104376021700e+03
1.647976228801168872e+03
1.614941673128491402e+03
1.641251510620759063e+03
1.647386987680290531e+03
1.649145216996442741e+03
1.616423044477947087e+03
1.642846714860047086e+03
1.649005802236689078e+03
1.650769522681552644e+03
1.651485264655102583e+03
1.651942320735186286e+03
1.652334914121977363e+03
1.652711404915040930e+03
1.653083870877628897e+03
1.653454997318342521e+03
1.653826123759056145e+03
1.654197250199769769e+03
1.621162575258096012e+03
1.647472497452213020e+03
1.653608004075476856e+03
1.655366242686824307e+03
1.622643953051514700e+03
1.649067708306028408e+03
1.655226825345628413e+03
1.656990555113621213e+03
1.624269490501516202e+03
1.650693690553326178e+03
1.656852899837060704e+03
1.658616651055983084e+03
1.682528079852397468e+03
1.682743429256352783e+03
1.682958778660308099e+03
1.683174128064263414e+03
1.660193799767910150e+03
1.679148149468909423e+03
1.682946501939961763e+03
1.683982814646238467e+03
1.661154872759450427e+03
1.680203647313709325e+03
1.684017537995560133e+03
1.685057156672142582e+03
1.662229816384014157e+03
1.681278960068907054e+03
1.685092911469961109e+03
1.686132543061995648e+03
1.696030684310931065e+03
1.696057725033982024e+03
1.696084765757032983e+03
1.696111806480083942e+03
1.686657336004691160e+03
1.695392784370379786e+03
1.696280186576204869e+03
1.696438023344926705e+03
1.690827272881170529e+03
1.696336846632767902e+03
1.696403088792582821e+03
1.696355901993531688e+03
1.696359137753498089e+03
1.696379899351912172e+03
1.696405349803207628e+03
1.696431991677691940e+03
1.690734282437587353e+03
1.690568200295211227e+03
1.690402118152835101e+03
1.690236036010458974e+03
1.695794604039057958e+03
1.692945609722882864e+03
1.690776322982818101e+03
1.690028410394049388e+03
1.689711857667414961e+03
1.689507845432648310e+03
1.689332261253026900e+03
1.689163802381920732e+03
1.668938267035045783e+03
1.684907680259762174e+03
1.687596410686106765e+03
1.688065420114466406e+03
1.688053135801846565e+03
1.687886330424304106e+03
1.687719525046761646e+03
1.687552719669219186e+03
1.693169762815045942e+03
1.690275206489381617e+03
1.688094331887688895e+03
1.687343017814180030e+03
1.687025074908553734e+03
1.686820172870190390e+03
1.686643823823825869e+03
1.686474631310318273e+03
1.692090846375279170e+03
1.689196358156406404e+03
1.687015459463455272e+03
1.686264136879690568e+03
1.691670840057467558e+03
1.691697877823904946e+03
1.691724915590342334e+03
1.691751953356779723e+03
1.682297704062778848e+03
1.691032983455669637e+03
1.691920339406288349e+03
1.692078162344979319e+03
1.692132613226608782e+03
1.692166173907231268e+03
1.692194821752086909e+03
1.692222260747460268e+03
1.682767884884259729e+03
1.691503401204462079e+03
1.692390777122981490e+03
1.692548602487059497e+03
1.683063717286027440e+03
1.683280450138213837e+03
1.683497182990400233e+03
1.683713915842586630e+03
1.660638818497078091e+03
1.679663791564261601e+03
1.683483242408082788e+03
1.684525989606733447e+03
1.694541843236534532e+03
1.688795535556417462e+03
1.686232276235868540e+03
1.685676804908325494e+03
1.685695729430409983e+03
1.685862713992282124e+03
1.686066991276669341e+03
1.686280609081233251e+03
1.663204919746162204e+03
1.663577584232810068e+03
1.663950248719457932e+03
1.664322913206105795e+03
1.631197343447275671e+03
1.657571786645603197e+03
1.663729845536487346e+03
1.665495176665259805e+03
1.632683635397740773e+03
1.659172040937336305e+03
1.665353785905652558e+03
1.667124629503271535e+03
1.691183148968113528e+03
1.675099190510466769e+03
1.670307207067150784e+03
1.669330078995594249e+03
1.692605537436875011e+03
1.692821578866643449e+03
1.693037620296411887e+03
1.693253661726180326e+03
1.670225918556418719e+03
1.689215604709065019e+03
1.693024511572534038e+03
1.694064042969052025e+03
1.671189376160513348e+03
1.690273593850303541e+03
1.694098076110410148e+03
1.695140923271055271e+03
1.695558879991486947e+03
1.695825099925001268e+03
1.696053667192489911e+03
1.696272838907140340e+03
1.696489662834715546e+03
1.696705706976979855e+03
1.696921751119244163e+03
1.697137795261508472e+03
1.674109866280363576e+03
1.693099690902502289e+03
1.696908639133064980e+03
1.697948183145546409e+03
1.675073333230279104e+03
1.694157689807440875e+03
1.697982213580378357e+03
1.699025073395373965e+03
1.676150827780034660e+03
1.695235553905690267e+03
1.699060138543635730e+03
1.700103011312489116e+03
1.710060769824926638e+03
1.710088579468709440e+03
1.710116389112492243e+03
1.710144198756275046e+03
1.700632214913560119e+03
1.709411599146432309e+03
1.710311030301178334e+03
1.710472463781855367e+03
1.700930577302695156e+03
1.709770868431055533e+03
1.710675461966308376e+03
1.710837527850009337e+03
1.701295531516068650e+03
1.710136060949050716e+03
1.711040674676550225e+03
1.711202743032259605e+03
1.701660746269304809e+03
1.701878178201566243e+03
1.702095610133827677e+03
1.702313042066089110e+03
1.679190085800016277e+03
1.698250717519639238e+03
1.702080827888971044e+03
1.703126826422320391e+03
1.713202708415362167e+03
1.707412705326022206e+03
1.704839618149354010e+03
1.704282265757335153e+03
1.681008663624845440e+03
1.699975063153565998e+03
1.703789596233784323e+03
1.704832273116448505e+03
1.681863172723640218e+03
1.682236864165698989e+03
1.682610555607757306e+03
1.682984247049816076e+03
1.649798118398497536e+03
1.676215514938139222e+03
1.682388623780063654e+03
1.684158690037012548e+03
1.708314021967452163e+03
1.692156485732045894e+03
1.687349418664094173e+03
1.686369474122967858e+03
1.686401225941730445e+03
1.686689213768052923e+03
1.687041465667511602e+03
1.687409796371983930e+03
1.687782147576407624e+03
1.688155837035674722e+03
1.688529526494941820e+03
1.688903215954208918e+03
1.655717204124331147e+03
1.682134517831075073e+03
1.688307597621747846e+03
1.690077654736792056e+03
1.657206767431876415e+03
1.683738128656560548e+03
1.689934944882807258e+03
1.691710528665285210e+03
1.715867212175242230e+03
1.699709978856097678e+03
1.694903015235212024e+03
1.693923096538213940e+03
1.717295056450022457e+03
1.717512485715959201e+03
1.717729914981895945e+03
1.717947344247832689e+03
1.694824570480250259e+03
1.713885066232561030e+03
1.717715135948311172e+03
1.718761122081074291e+03
1.695792808794064513e+03
1.714948049599638125e+03
1.718793769258880047e+03
1.719843090795137641e+03
1.720263714274805807e+03
1.720531642223314748e+03
1.720761677399565087e+03
1.720982256970273056e+03
1.730798524228674523e+03
1.730827102692169547e+03
1.730855681155664570e+03
1.730884259619159593e+03
1.721314787593077654e+03
1.730138084865889141e+03
1.731049542287735676e+03
1.731214571933475099e+03
1.725725714102212805e+03
1.731148384443455825e+03
1.731193579768411155e+03
1.731142287982138669e+03
1.731145651533139699e+03
1.731167598438530604e+03
1.731194498525398103e+03
1.731222656114328629e+03
1.731251129279157794e+03
1.731279704763178188e+03
1.731308280247198581e+03
1.731336855731218975e+03
1.721767606460123261e+03
1.730590733585790076e+03
1.731502144403312059e+03
1.731667160112659985e+03
1.726178066035149413e+03
1.731600904822115808e+03
1.731646140930720549e+03
1.731594857098364173e+03
1.722058194894159442e+03
1.730820696101683097e+03
1.731726934944056666e+03
1.731891310628400106e+03
1.726401867029202776e+03
1.726237959948746720e+03
1.726074052868290664e+03
1.725910145787834608e+03
1.731292966759704996e+03
1.728580888159727238e+03
1.726446443867413109e+03
1.725708760455108859e+03
1.705543272389420736e+03
1.721316521903324883e+03
1.723963534656112870e+03
1.724424208002502610e+03
1.730017237284677094e+03
1.727287191956313563e+03
1.725158725379905945e+03
1.724423170520295798e+03
1.704258053167879780e+03
1.703926425557461698e+03
1.703594797947043617e+03
1.703263170336625535e+03
1.722784859349825410e+03
1.708947298531642446e+03
1.704089457336230225e+03
1.702560519299152020e+03
1.701925563141792281e+03
1.701517855086896589e+03
1.701167191873676529e+03
1.700830804394758843e+03
1.700497986756735372e+03
1.700166061635635970e+03
1.699834359647311203e+03
1.699502713442401728e+03
1.719024397020745482e+03
1.718861211931206753e+03
1.718698026841668025e+03
1.718534841752129296e+03
1.723859362030625334e+03
1.721192695631217248e+03
1.719069814652009882e+03
1.718335526561135566e+03
1.723452982541233723e+03
1.720804750568589952e+03
1.718675924886265875e+03
1.717939511210279534e+03
1.723056164872532236e+03
1.720408005341869739e+03
1.718279156464384641e+03
1.717542734486942663e+03
1.722659385015241014e+03
1.722690254455371587e+03
1.722721123895502160e+03
1.722751993335632733e+03
1.713011319024953309e+03
1.721965369926999756e+03
1.722912657431153775e+03
1.723088402711352501e+03
1.717781281062572816e+03
1.723074355935303629e+03
1.723088187307467706e+03
1.723030779335237867e+03
1.713320520942883149e+03
1.722213487536044113e+03
1.723155473425307946e+03
1.723330545896271815e+03
1.713562973456046166e+03
1.713783156001079533e+03
1.714003338546112900e+03
1.714223521091146267e+03
1.690912451559910096e+03
1.710113199436841796e+03
1.713985238885504941e+03
1.715044029362243236e+03
1.725356301670524772e+03
1.719394190826876184e+03
1.716782423446642042e+03
1.716217669135100095e+03
1.716236877408887040e+03
1.716406521273316230e+03
1.716614050721699186e+03
1.716831068841196611e+03
1.693519393904371555e+03
1.693894604271150683e+03
1.694269814637929812e+03
1.694645025004708941e+03
1.661369522374666303e+03
1.687850259665102840e+03
1.694045615981259743e+03
1.695822684931769345e+03
1.720123687776205770e+03
1.703857376531270575e+03
1.699028098175345349e+03
1.698044017410028118e+03
1.664455396847339671e+03
1.690822474747017395e+03
1.696994120961533326e+03
1.698765664402265656e+03
1.699486529505833687e+03
1.699862244412186328e+03
1.700237959318538969e+03
1.700613674224891611e+03
1.667308536629655464e+03
1.693810263155786970e+03
1.700013006123821242e+03
1.701792400930848999e+03
1.668804556108187171e+03
1.695420496134485120e+03
1.701647074899464087e+03
1.703432024421885444e+03
1.727783017092316868e+03
1.711480688338774144e+03
1.706644103989330233e+03
1.705658669685745281e+03
1.729221658371265221e+03
1.729441838257901509e+03
1.729662018144537797e+03
1.729882198031174084e+03
1.706571310157248035e+03
1.725771922759995505e+03
1.729643921694605751e+03
1.730702699808887246e+03
1.707549017425133115e+03
1.726844796534529223e+03
1.730732593048972376e+03
1.731794745483700808e+03
1.708641683492026914e+03
1.727937834625598725e+03
1.731825692872252603e+03
1.732887858489417340e+03
1.709734798921246011e+03
1.710110517796689464e+03
1.710486236672132918e+03
1.710861955547576372e+03
1.677556584925334391e+03
1.704058476467991341e+03
1.710261277538525292e+03
1.712040690642065101e+03
1.736390516582738428e+03
1.720087739417030207e+03
1.715251022021234121e+03
1.714265556344868401e+03
1.680646521268328797e+03
1.707034711883231239e+03
1.713213778005774657e+03
1.714987658585552936e+03
1.681998345744933431e+03
1.682471958223612091e+03
1.682945570702290752e+03
1.683419183180969412e+03
1.645229160595638177e+03
1.674966333504726663e+03
1.682548266945800606e+03
1.684775305647899359e+03
1.647013988892199677e+03
1.676866900279009542e+03
1.684477051093369937e+03
1.686710972767897829e+03
1.648951333010925964e+03
1.678804696463438404e+03
1.686414957507884310e+03
1.688648906069522809e+03
1.723302314393446977e+03
1.723679043641161797e+03
1.724055772888876618e+03
1.724432502136591438e+03
1.691067865268534433e+03
1.717611712027471185e+03
1.723829300357426519e+03
1.725613370799178483e+03
1.692567113762188910e+03
1.719225255963240897e+03
1.725466729773633006e+03
1.727256368972177142e+03
1.727982862297544898e+03
1.728446814055471805e+03
1.728845335242113379e+03
1.729227511618524431e+03
1.729605602594903530e+03
1.729982333820199983e+03
1.730359065045496436e+03
1.730735796270792889e+03
1.697371043506262367e+03
1.723914972282525014e+03
1.730132589548779606e+03
1.731916669105807387e+03
1.756363776247583019e+03
1.739988326490341024e+03
1.735136794617241094e+03
1.734148571562493089e+03
1.700469065677480785e+03
1.726899211421956124e+03
1.733093044313711516e+03
1.734871577385872797e+03
1.701823963123717476e+03
1.702298066083241338e+03
1.702772169042765199e+03
1.703246272002289061e+03
1.665040781540690432e+03
1.694785451105774200e+03
1.702373731746086378e+03
1.704602975216713503e+03
1.666826817012068432e+03
1.696687165658163167e+03
1.704303681281175386e+03
1.706539814096217697e+03
1.707452785879994508e+03
1.708036501067034578e+03
1.708538000482303005e+03
1.709018952142567741e+03
1.743266270632985425e+03
1.743643505719453060e+03
1.744020740805920695e+03
1.744397975892388331e+03
1.711003707597312996e+03
1.737568520386282216e+03
1.743793509399348068e+03
1.745579911349821487e+03
1.770075478299278529e+03
1.753663820634112881e+03
1.748804913043396027e+03
1.747815317467588557e+03
1.747847356208990732e+03
1.748138076139865916e+03
1.748493668964098788e+03
1.748865492643408970e+03
1.749241374825494859e+03
1.749618607953222636e+03
1.749995841080949958e+03
1.750373074208677735e+03
1.716978920602525704e+03
1.743543652255575807e+03
1.749768612614491303e+03
1.751555005536971066e+03
1.776050384047128773e+03
1.759638867187528831e+03
1.754779988272641958e+03
1.753790398032628445e+03
1.720080951249700774e+03
1.746531859458101735e+03
1.752733010956817225e+03
1.754513850474033461e+03
1.779007682419513230e+03
1.779231298981906548e+03
1.779454915544299865e+03
1.779678532106693183e+03
1.756133047428656710e+03
1.775508302370209549e+03
1.779432661168817049e+03
1.780507419977618383e+03
1.791115269809078200e+03
1.784937877369949092e+03
1.782277793890628573e+03
1.781703797146647048e+03
1.791784058034276541e+03
1.785611954174809171e+03
1.782932560667273947e+03
1.782352519676796874e+03
1.792430744170271282e+03
1.792465431486437183e+03
1.792500118802603083e+03
1.792534806118768984e+03
1.782509174132743965e+03
1.791680786987657484e+03
1.792687762995418780e+03
1.792881364240732182e+03
1.787877466330406833e+03
1.792954242699315500e+03
1.792915786101257481e+03
1.792848184431467644e+03
1.782849352084158454e+03
1.791959120295026651e+03
1.792960579092634589e+03
1.793153452976133849e+03
1.783104538103984623e+03
1.783328149327847314e+03
1.783551760551710004e+03
1.783775371775572694e+03
1.760230251141591452e+03
1.779605235160026041e+03
1.783529512646496187e+03
1.784604246632490685e+03
1.795211636563912634e+03
1.789034579160145540e+03
1.786374570815338302e+03
1.785800588440933552e+03
1.762098655732092084e+03
1.781378465374769576e+03
1.785286835310335391e+03
1.786358160568051517e+03
1.786789027829124279e+03
1.787013322136089755e+03
1.787237616443055231e+03
1.787461910750020706e+03
1.763870219053398159e+03
1.783279859306844173e+03
1.787214540356822681e+03
1.788292450464661670e+03
1.798958696193345531e+03
1.792738760777834386e+03
1.790069138152796313e+03
1.789493317109935560e+03
1.765744130926382468e+03
1.785058493365177128e+03
1.788977230402061423e+03
1.790051722158735402e+03
1.766620712487917444e+03
1.766999442090625280e+03
1.767378171693333115e+03
1.767756901296040951e+03
1.734275243512215411e+03
1.760901848724668298e+03
1.767148693444884202e+03
1.768941983245679239e+03
1.793581452280985104e+03
1.777062248386851024e+03
1.772181454244211636e+03
1.771187787067426370e+03
1.795035933491987635e+03
1.778431482363054101e+03
1.773512003633235963e+03
1.772507740686614852e+03
1.796352813609871646e+03
1.796577102582359657e+03
1.796801391554847669e+03
1.797025680527335680e+03
1.773434352448226718e+03
1.792843722129516891e+03
1.796778321938473937e+03
1.797856207242985647e+03
1.808521993264136881e+03
1.802302392771807035e+03
1.799632845233054468e+03
1.799057038549366325e+03
1.775308221313166086e+03
1.794622313987047164e+03
1.798540970067622084e+03
1.799615437096115329e+03
1.800047601756924223e+03
1.800272573292925244e+03
1.800497544828926266e+03
1.800722516364927287e+03
1.777084671874799142e+03
1.796528652827428004e+03
1.800473647084983440e+03
1.801554706014303520e+03
1.812279323124036182e+03
1.806016859028552972e+03
1.803337703393877291e+03
1.802760059375651736e+03
1.812954694804079736e+03
1.806696810359850588e+03
1.803998180653901500e+03
1.803414452941989339e+03
1.813607042590160063e+03
1.813643242166552682e+03
1.813679441742945301e+03
1.813715641319337919e+03
1.803577258094759372e+03
1.812834930665935417e+03
1.813865541755621280e+03
1.814066215238357017e+03
1.809182549893823534e+03
1.814173536383941610e+03
1.814114361455035350e+03
1.814042721657727498e+03
1.803929704697638954e+03
1.813125232345990071e+03
1.814150240885905987e+03
1.814350165402310495e+03
1.809466122770830225e+03
1.809309452576186459e+03
1.809152782381542693e+03
1.808996112186898927e+03
1.813795380437080894e+03
1.811537693390648428e+03
1.809519102570636960e+03
1.808815448728516003e+03
1.808516986768147262e+03
1.808324554080369126e+03
1.808158923615923868e+03
1.808000012126125739e+03
1.812798488065757283e+03
1.810540878816853819e+03
1.808522266265198823e+03
1.807818604488241135e+03
1.812416703175206521e+03
1.812454429569924741e+03
1.812492155964642961e+03
1.812529882359361181e+03
1.802277731883395973e+03
1.811622225487878268e+03
1.812676694850565127e+03
1.812884508360335758e+03
1.808122305444796666e+03
1.813026610454008960e+03
1.812946513669637852e+03
1.812870796637441799e+03
1.812874920215997918e+03
1.812903918461820240e+03
1.812939442357035887e+03
1.812976616848034155e+03
1.813014205186895424e+03
1.813051928605767216e+03
1.813089652024639008e+03
1.813127375443510800e+03
1.802875446637824552e+03
1.812219771089368123e+03
1.813274193955311148e+03
1.813481993549093204e+03
1.808719553826313586e+03
1.813624027846392210e+03
1.813543971843762847e+03
1.813468262758533001e+03
1.803240255309863869e+03
1.812522132771257020e+03
1.813570867127321662e+03
1.813777895986945623e+03
1.803505561605332787e+03
1.803731891379218723e+03
1.803958221153104660e+03
1.804184550926990596e+03
1.780454200909350902e+03
1.799966999147804472e+03
1.803932673779197557e+03
1.805020047682774702e+03
1.805456944365925892e+03
1.805735621258635092e+03
1.805975019380269032e+03
1.806204615088799756e+03
1.782474896937348149e+03
1.801988070294579757e+03
1.805953807900012634e+03
1.807041195322803560e+03
1.807478095242906875e+03
1.807705108673306086e+03
1.807932122103705296e+03
1.808159135534104507e+03
1.784382252912268996e+03
1.803929661445939701e+03
1.807905743528235917e+03
1.808996295892689204e+03
1.819897027817422895e+03
1.813506226963282870e+03
1.810798321814093697e+03
1.810215181003904036e+03
1.810234950954370561e+03
1.810409860634201550e+03
1.810623829840535109e+03
1.810847581072308230e+03
1.811073778881642511e+03
1.811300789653015045e+03
1.811527800424387578e+03
1.811754811195760112e+03
1.787978109520759517e+03
1.807525383477217702e+03
1.811501425082947435e+03
1.812591965085194488e+03
1.823492467548592231e+03
1.817101833926580412e+03
1.814393966222684639e+03
1.813810832570992488e+03
1.824177754589978804e+03
1.817790631556111293e+03
1.815063042761181578e+03
1.814473766039678594e+03
1.824838628160795679e+03
1.824877107424510996e+03
1.824915586688226313e+03
1.824954065951941629e+03
1.814645842914281502e+03
1.824033122825562032e+03
1.825099355017534663e+03
1.825310689142331967e+03
1.820608405744734000e+03
1.825469944081221456e+03
1.825379529291896006e+03
1.825301801702443981e+03
1.815016783122821607e+03
1.824341466405315032e+03
1.825401967462465564e+03
1.825612520056795120e+03
1.815284608079995223e+03
1.815511613533290074e+03
1.815738618986584925e+03
1.815965624439879775e+03
1.792189284661090596e+03
1.811736289461034630e+03
1.815712250113207119e+03
1.816802765390924833e+03
1.817240957895011888e+03
1.817520465731290642e+03
1.817760578362616343e+03
1.817990859459015837e+03
1.794215154191435431e+03
1.813762534508680801e+03
1.817738558276166486e+03
1.818829087110415458e+03
1.795216777193337066e+03
1.795597485283949709e+03
1.795978193374562352e+03
1.796358901465174995e+03
1.762761921806655891e+03
1.789469974619428740e+03
1.795745729678676753e+03
1.797548136285181727e+03
1.822378490457533871e+03
1.805716565847975289e+03
1.800806776042878937e+03
1.799807717517111541e+03
1.823843567571101858e+03
1.807095072805461086e+03
1.802146340615591271e+03
1.801136627624178573e+03
1.825169391618481313e+03
1.825396394423152742e+03
1.825623397227824171e+03
1.825850400032495600e+03
1.802074240493475372e+03
1.821621111241881408e+03
1.825597031575796336e+03
1.826687534539670878e+03
1.837587349516584027e+03
1.831197216936507175e+03
1.828489461422224394e+03
1.827906349218076912e+03
1.838272597804487987e+03
1.831885979994063973e+03
1.829158504354098568e+03
1.828569249312124612e+03
1.828587408534293218e+03
1.828813725023459483e+03
1.829040041512625749e+03
1.829266358001792014e+03
1.805536912393293733e+03
1.825049037901580959e+03
1.829014510284697280e+03
1.830101822424040620e+03
1.840942422225380824e+03
1.834595443955393876e+03
1.831897352767479788e+03
1.831316088193215592e+03
1.831335800848792360e+03
1.831510173267293794e+03
1.831723485437832551e+03
1.831946549703822939e+03
1.808216474797750607e+03
1.808596180849765005e+03
1.808975886901779404e+03
1.809355592953793803e+03
1.775816967270932082e+03
1.802483820592232860e+03
1.808744936817339749e+03
1.810542726286148536e+03
1.835276348439299909e+03
1.818686757081027508e+03
1.813791655714702074e+03
1.812795327906010471e+03
1.778938745014782853e+03
1.805491578645760001e+03
1.811728765553199310e+03
1.813520967531361748e+03
1.780302660795108977e+03
1.780778188910137487e+03
1.781253717025165997e+03
1.781729245140194507e+03
1.743480097991307730e+03
1.773245304668251720e+03
1.780851947484653465e+03
1.783087591765216985e+03
1.817978798460733742e+03
1.793648644177045981e+03
1.787297869580981342e+03
1.786037485928267643e+03
1.747360034618510099e+03
1.777010173981403113e+03
1.784588644627778649e+03
1.786817408316760748e+03
1.821706792428604786e+03
1.822087490845814273e+03
1.822468189263023760e+03
1.822848887680233247e+03
1.789252470833777807e+03
1.815960126422191706e+03
1.822235740194747223e+03
1.824038102230881805e+03
1.848867522035479851e+03
1.832206296204498130e+03
1.827296648228113099e+03
1.826297616065684679e+03
1.792382171476964231e+03
1.818975729985059161e+03
1.825227366189518307e+03
1.827024127062552679e+03
1.827755479776103812e+03
1.828136673043195742e+03
1.828517866310287673e+03
1.828899059577379603e+03
1.795273864777848985e+03
1.822001827987223123e+03
1.828284668563308060e+03
1.830089310573484227e+03
1.854966542301327763e+03
1.838269557543660540e+03
1.833352653448482215e+03
1.832352272606449333e+03
1.798407515914389251e+03
1.825021343747995616e+03
1.831280182714717057e+03
1.833079216745174790e+03
1.857954889618117022e+03
1.858183924257618401e+03
1.858412958897119779e+03
1.858641993536621158e+03
1.834727653616253519e+03
1.854377275248804153e+03
1.858384119455338805e+03
1.859484068355320233e+03
1.870559310754562830e+03
1.864041310080264338e+03
1.861304936545263899e+03
1.860716354048467565e+03
1.871254447117423297e+03
1.864738893483213360e+03
1.861982553537594413e+03
1.861387769032627830e+03
1.837309937227036471e+03
1.837691126631620818e+03
1.838072316036205166e+03
1.838453505440789513e+03
1.804828535161386299e+03
1.831556339961701951e+03
1.837839124136080727e+03
1.839643748350555597e+03
1.864520606778439742e+03
1.847823901232125536e+03
1.842907053780035767e+03
1.841906683465352671e+03
1.841939042173549296e+03
1.842232810850292481e+03
1.842592131788379675e+03
1.842967853246546156e+03
1.843347675612671537e+03
1.843728863085981629e+03
1.844110050559291722e+03
1.844491238032601814e+03
1.810866380015059121e+03
1.837594105609417056e+03
1.843876861582606807e+03
1.845681476899134850e+03
1.870558148675709845e+03
1.853861582735964475e+03
1.848944763605681601e+03
1.847944398554726831e+03
1.872025796361979246e+03
1.855242338785320953e+03
1.850286514746859439e+03
1.849275481004828407e+03
1.815328575220701623e+03
1.815804334282418040e+03
1.816280093344134457e+03
1.816755852405850874e+03
1.778499818635749989e+03
1.808268171511395622e+03
1.815877778177381515e+03
1.818114458917405727e+03
1.853034807043287628e+03
1.828681767305875610e+03
1.822327222073409757e+03
1.821066186980281373e+03
1.821106079976721958e+03
1.821472770801197157e+03
1.821921256485178674e+03
1.822390196808171595e+03
1.822864251160573758e+03
1.823340009304316709e+03
1.823815767448059660e+03
1.824291525591802611e+03
1.786035519087657349e+03
1.815803859561403897e+03
1.823413454453291706e+03
1.825650131074018873e+03
1.860570363255864322e+03
1.836217414585717961e+03
1.829862884347180398e+03
1.828601851843777013e+03
1.789917240595753810e+03
1.819570544103880820e+03
1.827151958769090697e+03
1.829381751832660029e+03
1.791555523227043977e+03
1.792053861176436840e+03
1.792552199125829702e+03
1.793050537075222564e+03
1.755974360302559717e+03
1.784257395593842375e+03
1.792040975295499265e+03
1.794371169915116980e+03
1.834074003740058515e+03
1.805728743864675380e+03
1.798896758254591532e+03
1.797565800968479380e+03
1.760016648373636372e+03
1.788201315464005575e+03
1.795956810819267275e+03
1.798279888522079773e+03
1.799234897110187148e+03
1.799733172235241454e+03
1.800231447360295761e+03
1.800729722485350067e+03
1.763669596563394180e+03
1.791938059285864256e+03
1.799719946858072035e+03
1.802049799723526803e+03
1.841759497933887133e+03
1.813407038548724358e+03
1.806575246302927098e+03
1.805244418541906953e+03
1.767711285162759850e+03
1.795881476128561644e+03
1.803635288338648479e+03
1.805958025539008304e+03
1.806912909875398555e+03
1.807411121012731201e+03
1.807909332150063847e+03
1.808407543287396493e+03
1.771363554744892781e+03
1.799617378896761011e+03
1.807397556170208418e+03
1.809727061841711702e+03
1.849443531722469515e+03
1.821083939025433210e+03
1.814252356094931656e+03
1.812921660966247828e+03
1.775404634435929893e+03
1.803560283504821882e+03
1.811312394465973512e+03
1.813634785740705638e+03
1.814589543595895293e+03
1.815087689582272560e+03
1.815585835568649827e+03
1.816083981555027094e+03
1.779056216883043135e+03
1.807295336496699065e+03
1.815073785306067748e+03
1.817402938344641598e+03
1.857126087164964702e+03
1.828759427370616322e+03
1.821928069705930966e+03
1.820597510316517400e+03
1.783096678230554744e+03
1.811237719664147562e+03
1.818988111276575637e+03
1.821310151203313580e+03
1.822264780348114073e+03
1.822762860020454582e+03
1.823260939692795091e+03
1.823759019365135600e+03
1.786747565016859426e+03
1.814971914159024891e+03
1.822748616343032609e+03
1.825077411310522621e+03
1.864807146323984625e+03
1.836433485663385682e+03
1.829602369214511555e+03
1.828271948670985921e+03
1.790787398587094003e+03
1.818913766681104562e+03
1.826662420849035016e+03
1.828984104006231746e+03
1.829938602211755551e+03
1.830436614407132538e+03
1.830934626602509525e+03
1.831432638797886511e+03
1.794437581188423565e+03
1.822647093960306847e+03
1.830422031361749077e+03
1.832750462820836674e+03
1.872486691265634590e+03
1.844106095986192486e+03
1.837275236702560505e+03
1.835944958111216238e+03
1.798476777549094550e+03
1.826588406633499062e+03
1.834335305265214402e+03
1.836656626232156441e+03
1.837610991269821170e+03
1.838108934825465440e+03
1.838606878381109709e+03
1.839104821936753979e+03
1.802126247442927024e+03
1.830320857980376559e+03
1.838094012446169245e+03
1.840422074960384862e+03
1.880164704059553515e+03
1.851777240424866477e+03
1.844946654255308204e+03
1.843616520722106998e+03
1.806164797163235107e+03
1.834261621602423247e+03
1.842006746610305299e+03
1.844327699967124545e+03
1.845281929608659311e+03
1.845779803361962195e+03
1.846277677115265078e+03
1.846775550868567962e+03
1.809813545828714496e+03
1.837993188302373028e+03
1.845764541683594871e+03
1.848092229817330008e+03
1.887841166778960542e+03
1.859446901068663692e+03
1.852616603961371766e+03
1.851286618591936985e+03
1.813851439479370811e+03
1.841933393672297825e+03
1.849676726972868892e+03
1.851997307300555576e+03
1.815508247243260939e+03
1.815950238701048875e+03
1.816392230158836810e+03
1.816834221616624745e+03
1.786883328249360602e+03
1.809130638545335387e+03
1.815850862907747796e+03
1.817905212009062552e+03
1.788397505304504193e+03
1.810710477938728445e+03
1.817454292212106566e+03
1.819514886106839413e+03
1.857790281027230776e+03
1.829872993350079469e+03
1.823641393689928464e+03
1.822451085829173735e+03
1.859947288343965283e+03
1.860445162095111755e+03
1.860943035846258226e+03
1.861440909597404698e+03
1.824478905066508332e+03
1.852658547080585322e+03
1.860429900406349816e+03
1.862757588528532096e+03
1.902506525681993253e+03
1.874112259764318196e+03
1.867281962666126674e+03
1.865951977301278475e+03
1.904773372026011657e+03
1.876163170649361746e+03
1.869275425584587992e+03
1.867931115418822401e+03
1.830492232020602842e+03
1.830934938551785081e+03
1.831377645082967319e+03
1.831820351614149558e+03
1.801795248406948531e+03
1.824103468326388793e+03
1.830836174191709461e+03
1.832893955550993269e+03
1.803312560896497416e+03
1.825686741085733274e+03
1.832443087445871697e+03
1.834507124510295853e+03
1.872817574185329931e+03
1.844879507033785558e+03
1.838639337583496626e+03
1.837447190610512962e+03
1.874976774793142795e+03
1.875474787516012611e+03
1.875972800238882428e+03
1.876470812961752245e+03
1.839475627927203504e+03
1.867685255950703095e+03
1.875460207100976504e+03
1.877788641398563868e+03
1.917524819868837767e+03
1.889144278085569795e+03
1.882313416747290375e+03
1.880983137043715033e+03
1.919791148757308065e+03
1.891194947969724126e+03
1.884306644004748705e+03
1.882962036784616203e+03
1.845490024654571698e+03
1.845933442092352607e+03
1.846376859530133515e+03
1.846820276967914424e+03
1.816721246519874057e+03
1.839090166095714267e+03
1.845835290095081746e+03
1.847896484344302962e+03
1.886240106532552318e+03
1.858281065286213106e+03
1.852032279512890000e+03
1.850838279373388104e+03
1.888400885995443787e+03
1.860207992811044278e+03
1.853905405980582827e+03
1.852698489617206405e+03
1.822151935160726453e+03
1.822473772676183671e+03
1.822795610191640890e+03
1.823117447707098108e+03
1.804461467082193394e+03
1.817610528372193812e+03
1.822306876379890582e+03
1.823789457284860873e+03
1.805480071154806410e+03
1.818653476313542114e+03
1.823365481022653739e+03
1.824852510101278540e+03
1.856012214269448123e+03
1.832698716102003800e+03
1.827976057861365234e+03
1.827098727023648053e+03
1.857741555837963460e+03
1.858185680008856480e+03
1.858629804179749499e+03
1.859073928350642518e+03
1.828901253956670871e+03
1.851330662650534123e+03
1.858088141298206665e+03
1.860152729037210975e+03
1.898530681214289871e+03
1.870551386605944117e+03
1.864294148467720561e+03
1.863098331636916328e+03
1.900693613139478657e+03
1.872480471954911309e+03
1.866169371010159011e+03
1.864960618809579046e+03
1.834339914717710599e+03
1.834662924652721358e+03
1.834985934587732118e+03
1.835308944522742877e+03
1.816549633293949455e+03
1.829780814563373269e+03
1.834496480872870734e+03
1.835984611861579197e+03
1.817572889772691269e+03
1.830828766861848635e+03
1.835560163963985815e+03
1.837052760441074042e+03
1.868289076038317489e+03
1.844924139984252179e+03
1.840186354048591966e+03
1.839305946148088651e+03
1.870022937003041079e+03
1.870467763726907833e+03
1.870912590450774587e+03
1.871357417174641341e+03
1.841111382822790119e+03
1.863601069526970832e+03
1.870370839220923244e+03
1.872438801017616242e+03
1.842638015811656487e+03
1.865194552844137888e+03
1.871988113447529713e+03
1.874062363330846438e+03
1.912475812477675163e+03
1.884476985407195116e+03
1.878211459304740856e+03
1.877013862387378367e+03
1.914641470941509624e+03
1.915139872450482017e+03
1.915638273959454409e+03
1.916136675468426802e+03
1.879044039368707217e+03
1.907342031234001524e+03
1.915127336654361443e+03
1.917457877958446034e+03
1.957153536873187704e+03
1.928815769685864780e+03
1.921983601401798751e+03
1.920652513816840610e+03
1.959418185430093672e+03
1.930865600770744550e+03
1.923976009123346557e+03
1.922630586684120317e+03
1.885061305729875130e+03
1.885506830819964307e+03
1.885952355910053484e+03
1.886397881000142661e+03
1.856078771368933985e+03
1.878628524408383782e+03
1.885410521430906101e+03
1.887481837821437239e+03
1.925927366005762678e+03
1.897908354892815396e+03
1.891634388784934572e+03
1.890434972353939656e+03
1.928094541762321342e+03
1.899841701399717067e+03
1.893513750507988107e+03
1.892301360780841378e+03
1.861533222728234250e+03
1.861858568370745843e+03
1.862183914013257436e+03
1.862509259655769029e+03
1.843543817883303063e+03
1.856938864740453482e+03
1.861693034319258913e+03
1.863192223404050992e+03
1.844576350237644419e+03
1.857996796115897496e+03
1.862766844224916213e+03
1.864270533301287287e+03
1.895659189040943602e+03
1.872192037434637314e+03
1.867424130028358150e+03
1.866537592890613496e+03
1.897402039797912494e+03
1.897848259060900318e+03
1.898294478323888143e+03
1.898740697586875967e+03
1.868348798042623912e+03
1.890958405176944325e+03
1.897752565695242538e+03
1.899827217184186566e+03
1.938305990750897536e+03
1.910267516869170777e+03
1.903985275313978036e+03
1.902784076007975273e+03
1.940475257836586024e+03
1.912202966669764919e+03
1.905866680103943509e+03
1.904652488721670125e+03
1.942340580931751219e+03
1.942839218620548309e+03
1.943337856309345398e+03
1.943836493998142487e+03
1.906680513494058232e+03
1.935036194747276568e+03
1.942828049168242842e+03
1.945159887921433665e+03
1.984826607619529341e+03
1.956518749987099227e+03
1.949686031101960225e+03
1.948354466686240130e+03
1.987090026891642083e+03
1.958567924045939662e+03
1.951677797374658894e+03
1.950331893879721292e+03
1.912699412745840846e+03
1.913146324668874286e+03
1.913593236591907726e+03
1.914040148514941166e+03
1.883575462448313374e+03
1.906244943433104481e+03
1.913051250638946385e+03
1.915129230612808669e+03
1.953641015137555314e+03
1.925583267908771859e+03
1.919292778055873896e+03
1.918089800282556553e+03
1.955812361184590372e+03
1.927520810895634440e+03
1.921176216081724533e+03
1.919960227501657300e+03
1.957679692485955457e+03
1.958178441409668267e+03
1.958677190333381077e+03
1.959175939257093887e+03
1.921988752655755661e+03
1.950372932027063143e+03
1.958167956622959537e+03
1.960500412232410099e+03
2.000152070374532968e+03
1.971859599003287940e+03
1.965026701374116783e+03
1.963694916998962071e+03
2.002414841639498945e+03
1.973908414787948459e+03
1.967018117992227417e+03
1.965671992625013672e+03
1.965709844572853171e+03
1.966208647339956542e+03
1.966707450107059913e+03
1.967206252874163283e+03
1.930003595486751237e+03
1.958401922966716711e+03
1.966198504923748487e+03
1.968531260664759202e+03
2.008175246972374225e+03
1.979890569381904925e+03
1.973057606686373674e+03
1.971725717068751237e+03
2.010437686184325457e+03
1.981939198741282098e+03
1.975048841393180282e+03
1.973702609878090925e+03
1.973740467469402574e+03
1.974239322897013380e+03
1.974738178324624187e+03
1.975237033752234993e+03
1.938018993802772002e+03
1.966431402046348921e+03
1.974229522875358271e+03
1.976562573215929433e+03
2.016198793675538582e+03
1.987921976941377125e+03
1.981088965383474488e+03
1.979756973681886393e+03
2.018460895469227125e+03
1.989970415017260621e+03
1.983080013456875577e+03
1.981733678986422774e+03
2.020433956456411806e+03
2.020907531690077121e+03
2.021381106923742436e+03
2.021854682157407751e+03
1.983665843066090929e+03
2.013402438071695315e+03
2.020983888975686114e+03
2.023210760219441681e+03
2.057857712259894925e+03
2.033719112213801054e+03
2.027400100239023004e+03
2.026145218176715389e+03
2.026184942476281776e+03
2.026549948925996432e+03
2.026996375374474837e+03
2.027463163000627446e+03
1.989272658376468144e+03
1.989771565478799175e+03
1.990270472581130207e+03
1.990769379683461239e+03
1.953535986324865689e+03
1.981962462137111288e+03
1.989762109202161582e+03
1.992095449719226963e+03
1.993053373504964156e+03
1.993667057641237534e+03
1.994194660389455066e+03
1.994700741489321217e+03
2.033863856544500777e+03
2.005488411924650109e+03
1.998626730913167876e+03
1.997287482156666556e+03
1.997327145166102355e+03
1.997826102364827193e+03
1.998325059563552031e+03
1.998824016762276869e+03
1.961575476736940118e+03
1.990015844127732635e+03
1.997816987195980573e+03
2.000150610132623569e+03
2.039771017051225726e+03
2.011510123059520765e+03
2.004677062389395132e+03
2.003344875997772988e+03
2.003386332053777778e+03
2.003770934393561674e+03
2.004241304195294788e+03
2.004733114627772466e+03
2.043884522214874096e+03
2.044357848929242664e+03
2.044831175643611232e+03
2.045304502357979800e+03
2.007123591997607491e+03
2.036856300140389294e+03
2.044434529303154250e+03
2.046660283038203943e+03
2.081276416849863381e+03
2.057161952987038148e+03
2.050846968136076157e+03
2.049592785339267721e+03
2.049632490403647807e+03
2.049997305174872508e+03
2.050443497284220939e+03
2.050910039934241468e+03
2.051381670606713669e+03
2.051854996359355937e+03
2.052328322111997750e+03
2.052801647864640017e+03
2.014620768293968240e+03
2.044353461291850181e+03
2.051931677980357563e+03
2.054157427390392058e+03
2.055067208474845756e+03
2.055649542369337723e+03
2.056150113512302141e+03
2.056630250196587440e+03
2.057105278656134942e+03
2.057579030083877569e+03
2.058052462255192950e+03
2.058525814612497015e+03
2.020344941568472450e+03
2.020843899151693449e+03
2.021342856734914449e+03
2.021841814318135448e+03
1.984593156993995763e+03
2.013033632016627507e+03
2.020834786632261967e+03
2.023168411740924284e+03
2.062788756757560805e+03
2.034527924881032959e+03
2.027694864146774535e+03
2.026362677026560050e+03
2.026404133126295164e+03
2.026788735761479529e+03
2.027259105925190852e+03
2.027750916736519912e+03
1.990500413769366560e+03
1.990949042723858611e+03
1.991397671678350662e+03
1.991846300632842713e+03
1.961200497034951013e+03
1.984019064053785314e+03
1.990855524572902596e+03
1.992941758410775265e+03
2.031534656458631162e+03
2.003429783537167395e+03
1.997118887377889223e+03
1.995911503283047750e+03
1.995948399291496116e+03
1.996294239276687449e+03
1.996717180042515110e+03
1.997159387516271863e+03
1.966511837896842508e+03
1.966841840576797722e+03
1.967171843256752936e+03
1.967501845936708150e+03
1.948124302117578281e+03
1.961847145204136496e+03
1.966678153658626343e+03
1.968199395548569782e+03
1.999889603723298478e+03
1.976219273733790942e+03
1.971391290104567815e+03
1.970492516813081011e+03
2.001649788411788904e+03
1.977760898285186386e+03
1.972890048322603889e+03
1.971981492829322406e+03
1.952246445283152752e+03
1.952408309155143797e+03
1.952570173027134842e+03
1.952732036899125887e+03
1.947514157385567614e+03
1.950097766959637966e+03
1.952199490452466534e+03
1.952927565426629371e+03
1.972943757557026174e+03
1.957274483587324085e+03
1.954654723319320510e+03
1.954199463477456675e+03
1.974022767655028701e+03
1.958183157894859050e+03
1.955538364317106698e+03
1.955078065854954502e+03
1.955089419169561552e+03
1.955252011361179939e+03
1.955414603552798326e+03
1.955577195744416713e+03
1.950300538211756702e+03
1.952929925432102436e+03
1.955043311491045642e+03
1.955774811406559593e+03
1.975844238928968025e+03
1.960137886040123931e+03
1.957508410397064381e+03
1.957051220807345999e+03
1.976926328267977624e+03
1.961049393041141684e+03
1.958394804451398386e+03
1.957932555550363986e+03
1.952445221583850298e+03
1.952415263317232757e+03
1.952385305050615216e+03
1.952355346783997675e+03
1.962027948811460419e+03
1.953125883452128164e+03
1.952192845214455929e+03
1.952021361706659718e+03
1.957400783540391558e+03
1.952056147838869265e+03
1.952029841208003290e+03
1.952084816570877592e+03
1.957639099991097737e+03
1.952197756532731091e+03
1.952167942917601749e+03
1.952223362305845512e+03
1.957778301149370009e+03
1.957942348821781479e+03
1.958106396494192950e+03
1.958270444166604420e+03
1.952876268274995027e+03
1.955597191973012286e+03
1.957733888101209004e+03
1.958472232687173346e+03
1.953285901125899500e+03
1.955988601939605587e+03
1.958131294211347267e+03
1.958871776921434275e+03
1.959184992989360808e+03
1.959386648124355361e+03
1.959560117358906382e+03
1.959726521652668225e+03
1.954333167316610798e+03
1.954303974674006895e+03
1.954274782031402992e+03
1.954245589388799090e+03
1.963860973741386260e+03
1.955002608365782407e+03
1.954081544434995749e+03
1.953913642011239062e+03
1.959353794919372376e+03
1.953965852779073430e+03
1.953929064793439011e+03
1.953981996192786028e+03
1.959595578283251598e+03
1.954110601889946793e+03
1.954070218930656210e+03
1.954123572348080643e+03
1.963706689232263216e+03
1.963489396636373840e+03
1.963272104040484464e+03
1.963054811444595089e+03
1.986168230346633436e+03
1.967114704359574034e+03
1.963286718482816013e+03
1.962241367978964263e+03
1.985200462730743311e+03
1.966052212691036175e+03
1.962208584210269237e+03
1.961159900236841622e+03
1.984118385833070988e+03
1.964969765495401134e+03
1.961126075887705838e+03
1.960077378891410717e+03
1.983035862108029505e+03
1.982662269497233410e+03
1.982288676886437315e+03
1.981915084275641220e+03
2.015095389536034418e+03
1.988682122229531615e+03
1.982510461463062711e+03
1.980740850881849838e+03
2.013606135214557526e+03
1.987078828404628894e+03
1.980883435958683322e+03
1.979108300051502738e+03
1.978387823389717823e+03
1.977927730656311724e+03
1.977532526852034152e+03
1.977153532308183003e+03
1.976778589268213182e+03
1.976404994658419128e+03
1.976031400048625073e+03
1.975657805438831019e+03
2.008838228495092380e+03
1.982424877659707590e+03
1.976253187603311972e+03
1.974483567805390521e+03
2.007348967795742738e+03
1.980821577291437052e+03
1.974626155457392315e+03
1.972851010305814043e+03
1.948703415393701562e+03
1.964853863752512780e+03
1.969659440868481397e+03
1.970639101310107435e+03
1.947276076215145849e+03
1.947058775492649374e+03
1.946841474770152900e+03
1.946624174047656425e+03
1.969738149225321195e+03
1.950684208784981820e+03
1.946856098998691095e+03
1.945810710699297033e+03
1.968770353620457627e+03
1.949621687878584680e+03
1.945777935051858094e+03
1.944729213167893704e+03
1.944308836686285076e+03
1.944041066936518746e+03
1.943811167720126377e+03
1.943590718547125107e+03
1.943372630785317142e+03
1.943155327353967323e+03
1.942938023922617504e+03
1.942720720491267684e+03
1.965834881092468777e+03
1.946780802502415327e+03
1.942952651413223975e+03
1.941907250515391752e+03
1.964867076158018108e+03
1.945718271850142173e+03
1.941874477575040601e+03
1.940825743054306713e+03
1.963784959499232627e+03
1.944635784886897454e+03
1.940791929482594696e+03
1.939743181938394400e+03
1.939322797140718876e+03
1.939104800491354354e+03
1.938886803841989831e+03
1.938668807192625309e+03
1.961830409406087028e+03
1.942740986648103672e+03
1.938902266416985185e+03
1.937853641515632717e+03
1.960860217213950818e+03
1.941675962279461828e+03
1.937821561639027095e+03
1.936769593305804165e+03
1.959775557109491047e+03
1.940590931455196142e+03
1.936736469540178632e+03
1.935684488145174100e+03
1.958690449558551563e+03
1.958316337655902998e+03
1.957942225753254434e+03
1.957568113850605869e+03
1.990779006054584215e+03
1.964344053105390685e+03
1.958164784366931826e+03
1.956392779562681881e+03
1.989288095276499234e+03
1.962739059933576300e+03
1.956536034019281487e+03
1.954758496696606699e+03
1.954037023910816743e+03
1.953576292286466469e+03
1.953180539266166306e+03
1.952801017947895843e+03
1.986010677330986937e+03
1.985538097042684058e+03
1.985065516754381179e+03
1.984592936466078299e+03
2.022749706507474002e+03
1.993028988350386726e+03
1.985460456062824278e+03
1.983238060134794978e+03
1.982329699619423764e+03
1.981748281405349417e+03
1.981248498370675406e+03
1.980769117817336564e+03
1.946709594890565086e+03
1.970831649909697944e+03
1.977160339264135928e+03
1.978419122264065209e+03
1.944826546803896917e+03
1.944452942191537659e+03
1.944079337579178400e+03
1.943705732966819141e+03
1.976886745442735673e+03
1.950472976652282114e+03
1.944301140035640174e+03
1.942531474119273526e+03
1.975397452830012753e+03
1.948869643542583162e+03
1.942674074657059464e+03
1.940898883248487437e+03
1.940178383564773412e+03
1.939718276065688542e+03
1.939323059568256213e+03
1.938944052849908530e+03
1.938569097765139759e+03
1.938195491153863486e+03
1.937821884542587213e+03
1.937448277931310940e+03
1.970629408195887208e+03
1.944215555882290118e+03
1.938043689977062513e+03
1.936274014844371550e+03
1.969140109205614863e+03
1.942612216229571914e+03
1.936416617957294875e+03
1.934641417304710785e+03
1.967506276326638044e+03
1.940977937745417421e+03
1.934782246752798756e+03
1.933007024515062994e+03
1.908858273637208640e+03
1.908639576161907826e+03
1.908420878686607011e+03
1.908202181211306197e+03
1.931411725805232436e+03
1.912286590231466562e+03
1.908437186107353682e+03
1.907385301903640766e+03
1.930439120685450462e+03
1.911219045456211461e+03
1.907353923300450106e+03
1.906298685748871776e+03
1.929351889908950852e+03
1.910131443540581131e+03
1.906266259963296989e+03
1.905211009311203952e+03
1.895025373601956517e+03
1.894994622681409282e+03
1.894963871760862048e+03
1.894933120840314814e+03
1.904664942148833461e+03
1.895717651834898334e+03
1.894772217695964173e+03
1.894597026753762748e+03
1.904355956979067741e+03
1.895347170025621381e+03
1.894396406626602129e+03
1.894220541080289649e+03
1.903979570248957543e+03
1.894970542688364048e+03
1.894019758445250773e+03
1.893843890262082596e+03
1.899160057408565763e+03
1.899321898414368661e+03
1.899483739420171560e+03
1.899645580425974458e+03
1.894429545995093576e+03
1.897011718633998953e+03
1.899113075989876279e+03
1.899841043436484370e+03
1.919855563884186267e+03
1.904187454322518533e+03
1.901567999094311745e+03
1.901112799839467243e+03
1.920934477291759094e+03
1.905096039684618745e+03
1.902451553647211313e+03
1.901991316421706870e+03
1.921812214143314577e+03
1.922143354052932864e+03
1.922474493962551151e+03
1.922805633872169437e+03
1.903327227620334952e+03
1.917130338565222019e+03
1.921980125057088571e+03
1.923506753117746939e+03
1.955270607873735116e+03
1.931550983043035558e+03
1.926708362724325980e+03
1.925806606795059224e+03
1.957035143630889934e+03
1.933096707480200621e+03
1.928211104972316889e+03
1.927299535043086507e+03
1.907462668690232022e+03
1.907625965973913708e+03
1.907789263257595394e+03
1.907952560541277080e+03
1.902618981800112124e+03
1.905292703887443167e+03
1.907417381678357515e+03
1.908152197381844417e+03
1.928273144007580413e+03
1.912530911516306332e+03
1.909892031382224559e+03
1.909432973647814606e+03
1.909445629183690926e+03
1.909571576098498099e+03
1.909725555182732023e+03
1.909886524128810379e+03
1.910049239403860611e+03
1.910212539508243935e+03
1.910375839612627260e+03
1.910539139717010585e+03
1.905205333229015650e+03
1.907879232710718952e+03
1.910003955676092573e+03
1.910738784644446923e+03
1.930859937334357028e+03
1.915117561340926386e+03
1.912478643586493035e+03
1.912019578378738970e+03
1.912032234151258763e+03
1.912158183240108656e+03
1.912312164983339699e+03
1.912473136709690834e+03
1.912635854795335490e+03
1.912799157720414769e+03
1.912962460645494048e+03
1.913125763570573326e+03
1.907791729335938498e+03
1.910465806211918789e+03
1.912590574351675741e+03
1.913325416584871846e+03
1.933446775338238695e+03
1.917704255843211968e+03
1.915065300468521400e+03
1.914606227787439821e+03
1.934531868663204932e+03
1.918618526500217513e+03
1.915954380481621001e+03
1.915490228298812326e+03
1.935415078239841705e+03
1.935747374854291820e+03
1.936079671468741935e+03
1.936411968083192050e+03
1.916830878490316309e+03
1.930715722474769109e+03
1.935584614430125157e+03
1.937116721295164552e+03
1.968955386151510993e+03
1.945185710960726055e+03
1.940328208794776856e+03
1.939423419464690141e+03
1.919485699515624219e+03
1.933342933567109412e+03
1.938195558881771831e+03
1.939723080330336188e+03
1.920496055417156185e+03
1.920659363983609637e+03
1.920822672550063089e+03
1.920985981116516541e+03
1.915651491389172179e+03
1.918325923053420638e+03
1.920450781541717561e+03
1.921185650304518276e+03
1.941307421182648341e+03
1.925564614686112463e+03
1.922925584071189178e+03
1.922466496443500773e+03
1.942392538347874279e+03
1.926478907276828522e+03
1.923814685401351653e+03
1.923350518111681367e+03
1.943275769038075168e+03
1.943608070112350561e+03
1.943940371186625953e+03
1.944272672260901345e+03
1.924691186575370693e+03
1.938576345869905708e+03
1.943445311500331854e+03
1.944977439490386359e+03
1.976816392595078014e+03
1.953046524602623322e+03
1.948188965068570724e+03
1.947284164043431701e+03
1.978585366259084140e+03
1.954596431864148826e+03
1.949695771934763798e+03
1.948781124447527873e+03
1.980080204928660805e+03
1.980530516295031930e+03
1.980980827661403055e+03
1.981431139027774179e+03
1.950606883384944013e+03
1.973572484730366341e+03
1.980438552225627745e+03
1.982532877669875006e+03
2.021204224773398437e+03
1.993054110271762966e+03
1.986723277152492528e+03
1.985511578895795992e+03
1.954238441289158118e+03
1.977134943273590579e+03
1.983976914789983766e+03
1.986064892669299979e+03
1.955688075775655307e+03
1.956020381309708682e+03
1.956352686843762058e+03
1.956684992377815433e+03
1.937103110602419974e+03
1.950988585205058143e+03
1.955857624509860671e+03
1.957389773624712006e+03
1.989229014973211633e+03
1.965458954182474599e+03
1.960601337281010728e+03
1.959696524560949001e+03
1.959723439209870094e+03
1.959979641831235313e+03
1.960292936965064655e+03
1.960620490857486175e+03
1.960951608541039604e+03
1.961283916304964123e+03
1.961616224068888641e+03
1.961948531832813160e+03
1.942366452013531898e+03
1.956252084269479838e+03
1.961121160411210212e+03
1.962653320088378223e+03
1.994492705557080171e+03
1.970722548368472189e+03
1.965864902783562229e+03
1.964960084216087353e+03
1.945021364747754660e+03
1.958879383682706930e+03
1.963732192478504885e+03
1.965259766574961304e+03
1.965894854378647096e+03
1.966226590900588008e+03
1.966558327422528919e+03
1.966890063944469830e+03
1.947358706887918061e+03
1.961203963147143895e+03
1.966063603232522155e+03
1.967593057134611172e+03
1.999395510256204261e+03
1.975650058932132197e+03
1.970799762067744723e+03
1.969896441512549018e+03
2.001162326832906274e+03
1.977197932950396307e+03
1.972304593150750406e+03
1.971391441915711766e+03
1.971415911449518262e+03
1.971748223673149823e+03
1.972080535896781385e+03
1.972412848120412946e+03
1.952830372215452826e+03
1.966716319776536011e+03
1.971585469591601850e+03
1.973117650393239273e+03
2.004957324098943673e+03
1.981186974117134014e+03
1.976329271165851196e+03
1.975424440903646882e+03
2.006726340351840463e+03
1.982736921525110347e+03
1.977836117043927970e+03
1.976921440007954970e+03
2.008221217630881256e+03
2.008671535482077161e+03
2.009121853333273066e+03
2.009572171184468971e+03
1.978747225752436179e+03
2.001713395724710381e+03
2.008579577461294775e+03
2.010673934102708472e+03
2.049345581553017837e+03
2.021195294514285933e+03
2.014864384662816065e+03
2.013652669783820329e+03
1.982378837896274263e+03
2.005275905695968277e+03
2.012117990989023156e+03
2.014205999966433637e+03
2.015068075593930189e+03
2.015518060901702029e+03
2.015968046209473869e+03
2.016418031517245709e+03
1.985628439102190441e+03
2.008565468657679730e+03
2.015425793292108892e+03
2.017518550217545226e+03
2.056174775418873651e+03
2.028033354632457986e+03
2.021706380774683339e+03
2.020495518357057335e+03
2.020532532716201786e+03
2.020879417727705913e+03
2.021303636901037635e+03
2.021747181234504978e+03
2.022195556333666218e+03
2.022645542942460224e+03
2.023095529551254231e+03
2.023545516160048237e+03
1.992755785509476254e+03
2.015692928997206536e+03
2.022553276541761079e+03
2.024646039725500486e+03
2.063302325344678593e+03
2.035160869797154419e+03
2.028833880535894878e+03
2.027623014782891005e+03
2.027660029255599511e+03
2.028006915269495721e+03
2.028431135669082323e+03
2.028874681284873077e+03
2.067131196790832291e+03
2.067630344883649741e+03
2.068129492976467191e+03
2.068628641069284640e+03
2.031319650051651251e+03
2.059815597017388427e+03
2.067622611496950867e+03
2.069957322136925086e+03
2.109544685455536182e+03
2.081316727429788898e+03
2.074483764941353002e+03
2.073151224268224723e+03
2.111804637278683913e+03
2.083363908123350939e+03
2.076473586581462314e+03
2.075126698603030036e+03
2.113776461101123459e+03
2.114248525394052649e+03
2.114720589686981839e+03
2.115192653979911029e+03
2.077052850527152259e+03
2.106765010532186352e+03
2.114326822073429412e+03
2.116546895614226742e+03
2.117454272745338130e+03
2.118035057132569818e+03
2.118534294652530207e+03
2.119013151826819012e+03
2.153009517900192805e+03
2.128937367033331157e+03
2.122617049149876948e+03
2.121359724328678112e+03
2.082794441287880545e+03
2.083293676703635811e+03
2.083792912119391076e+03
2.084292147535146341e+03
2.046953780081920968e+03
2.075476819074550804e+03
2.083286627083095937e+03
2.085621842555004605e+03
2.048757480016794489e+03
2.077380800536639526e+03
2.085218945501294002e+03
2.087561324709903147e+03
2.127133601779175024e+03
2.098922758283460553e+03
2.092090054130491353e+03
2.090757385270826944e+03
2.090798880641727919e+03
2.091298157708481540e+03
2.091797434775235160e+03
2.092296711841988781e+03
2.054943873323385560e+03
2.083480278847858699e+03
2.091291447996861734e+03
2.093626906198858705e+03
2.056748026106447469e+03
2.085384806052764816e+03
2.093224319998067585e+03
2.095566942890984592e+03
2.096527402439017806e+03
2.097141994061593323e+03
2.097670100908707809e+03
2.098176585491232345e+03
2.098677664441336219e+03
2.099176941346397598e+03
2.099676218251458977e+03
2.100175495156520356e+03
2.062822713438776645e+03
2.091359066470524340e+03
2.099170230296543650e+03
2.101505687553616099e+03
2.102464352694064019e+03
2.103078495444925920e+03
2.103606489944047553e+03
2.104112946317762635e+03
2.066762016213825063e+03
2.095298761525424652e+03
2.103110036077388031e+03
2.105445521321653359e+03
2.145007465200817933e+03
2.145479278154792610e+03
2.145951091108767287e+03
2.146422904062741964e+03
2.108291445286135968e+03
2.137999358936253429e+03
2.145557891813762581e+03
2.147776833791641366e+03
2.148683731893431286e+03
2.149264207543275916e+03
2.149763179344954551e+03
2.150241781583599732e+03
2.150715291832028925e+03
2.151187529107947739e+03
2.151659448142303972e+03
2.152131287616367445e+03
2.186095164601963006e+03
2.186467726185996526e+03
2.186840287770030045e+03
2.187212849354063565e+03
2.154093353536498398e+03
2.180463487088461989e+03
2.186620037584626061e+03
2.188384894221159811e+03
2.155579316902259961e+03
2.182063404200737750e+03
2.188243635715792607e+03
2.190014003395515374e+03
2.214062673717482085e+03
2.197986066203319297e+03
2.193195586359750450e+03
2.192218738434753050e+03
2.192250403939235184e+03
2.192622455567991892e+03
2.192994507196748600e+03
2.193366558825505308e+03
2.160277179300367607e+03
2.186625940397213071e+03
2.192775014754362928e+03
2.194537519880188029e+03
2.161761513880619532e+03
2.188224186014660063e+03
2.194396916314519331e+03
2.196164925417903760e+03
2.196882446058481946e+03
2.197340642896806457e+03
2.197734216918835500e+03
2.198111648276100368e+03
2.221719344151914811e+03
2.221935249113006648e+03
2.222151154074098486e+03
2.222367059035190323e+03
2.199348664626980735e+03
2.218331383853735588e+03
2.222138209468701461e+03
2.223177106140452452e+03
2.200311652022203816e+03
2.219388881759266951e+03
2.223211275438498433e+03
2.224253485943065698e+03
2.224671180434337657e+03
2.224937232415185463e+03
2.225165655340269495e+03
2.225384688617640222e+03
2.225601375584377820e+03
2.225817283258358657e+03
2.226033190932339494e+03
2.226249098606320331e+03
2.203230518344815209e+03
2.222213376075626002e+03
2.226020243064617716e+03
2.227059152354223897e+03
2.204193515087612923e+03
2.223270883746783056e+03
2.227093318945805549e+03
2.228135542106621415e+03
2.238081584344095063e+03
2.232386812242864835e+03
2.229835188018259487e+03
2.229281948362925050e+03
2.229300807995411560e+03
2.229516026334275466e+03
2.229731244673139372e+03
2.229946463012003278e+03
2.206975116957052251e+03
2.225922772060318948e+03
2.229719125463388082e+03
2.230754828561923205e+03
2.207935738260788185e+03
2.226977797995873971e+03
2.230789682565939529e+03
2.231828689779827073e+03
2.209010200567809534e+03
2.228052629354634519e+03
2.231864574616392929e+03
2.232903594738486390e+03
2.210085107874569985e+03
2.210457167540730552e+03
2.210829227206891119e+03
2.211201286873051686e+03
2.178111432483970020e+03
2.204460530626628497e+03
2.210609722827752194e+03
2.212372265016578694e+03
2.179595792740861725e+03
2.206058802595354337e+03
2.212231651134509320e+03
2.213999697412262776e+03
2.181224454039378543e+03
2.207687908997250361e+03
2.213860849959860388e+03
2.215628917739056760e+03
2.182853679166646543e+03
2.183325498097847685e+03
2.183797317029048827e+03
2.184269135960249969e+03
2.146137478131631269e+03
2.175845493349798744e+03
2.183404104236630701e+03
2.185623073127355838e+03
2.147917844124936892e+03
2.177741801595522247e+03
2.185328564593550254e+03
2.187554393099567733e+03
2.149850832273216838e+03
2.179675242610261648e+03
2.187262115583735067e+03
2.189487970885641971e+03
2.223920155174273532e+03
2.224293241863573257e+03
2.224666328552872983e+03
2.225039415242172709e+03
2.191888935617547759e+03
2.218281050257095558e+03
2.224445297297675097e+03
2.226212575189977542e+03
2.193376575433458129e+03
2.219882687595245898e+03
2.226070641462760250e+03
2.227843437672936489e+03
2.228562943849200110e+03
2.229022414140296860e+03
2.229417082869179467e+03
2.229795564201579054e+03
2.230169999497471508e+03
2.230543088189185255e+03
2.230916176880899002e+03
2.231289265572612749e+03
2.198138667848639216e+03
2.224530866258667174e+03
2.230695142645613487e+03
2.232462429770806466e+03
2.199626314056043157e+03
2.226132510154849115e+03
2.232320493467118922e+03
2.234093298937926193e+03
2.234812808955344735e+03
2.235272281710042080e+03
2.235666952556728575e+03
2.236045435920395903e+03
2.236419873225916035e+03
2.236792963920030616e+03
2.237166054614145196e+03
2.237539145308259776e+03
2.204388429486136829e+03
2.230780711665689978e+03
2.236945017398779783e+03
2.238712313756800540e+03
2.205876082084980226e+03
2.232382362119845311e+03
2.238570374876647747e+03
2.240343189608021021e+03
2.241062703466568109e+03
2.241522178684849223e+03
2.241916851649326418e+03
2.242295337044247390e+03
2.242669776359381558e+03
2.243042869055883330e+03
2.243415961752385101e+03
2.243789054448886873e+03
2.210638220529815044e+03
2.237030586477938414e+03
2.243194921556948429e+03
2.244962227147731937e+03
2.212125879520043327e+03
2.238632243490008932e+03
2.244820285691119807e+03
2.246593109682994964e+03
2.270692626397806180e+03
2.254578067575737350e+03
2.249779826515745299e+03
2.248801532628679070e+03
2.215339859213984255e+03
2.215811683122509294e+03
2.216283507031034333e+03
2.216755330939559371e+03
2.178623507379725197e+03
2.208331607153506411e+03
2.215890282998453131e+03
2.218109274299806202e+03
2.180403885856649595e+03
2.210227927345347325e+03
2.217814755484414036e+03
2.220040606465996916e+03
2.182336886223285092e+03
2.212161380576329520e+03
2.219748318691555596e+03
2.221974196469281196e+03
2.184270482743014327e+03
2.184769672775941672e+03
2.185268862808869017e+03
2.185768052841796361e+03
2.148445106525082338e+03
2.176953916616785591e+03
2.184762263180975879e+03
2.187097215636451892e+03
2.150248322263700175e+03
2.178857315244044912e+03
2.186693990388781003e+03
2.189036105552121626e+03
2.228617332881973653e+03
2.200397665639143270e+03
2.193564876532938797e+03
2.192232288367892579e+03
2.230877494108981864e+03
2.231349320008317136e+03
2.231821145907652408e+03
2.232292971806987680e+03
2.194161081964326058e+03
2.223869215552827882e+03
2.231427917379105111e+03
2.233646917644147379e+03
2.195941465434247220e+03
2.225765540522634637e+03
2.233352394716195249e+03
2.235578254687440676e+03
2.197874470687734629e+03
2.227698998639623824e+03
2.235285962809628927e+03
2.237511849577118483e+03
2.199808072093895589e+03
2.200307261784523234e+03
2.200806451475150880e+03
2.201305641165778525e+03
2.163982809865454328e+03
2.192491513891032355e+03
2.200299849513356094e+03
2.202634799990505144e+03
2.165786021986570631e+03
2.194394908166467303e+03
2.202231572306789076e+03
2.204573685484083398e+03
2.167726758999410777e+03
2.196336036319205505e+03
2.204172811113476200e+03
2.206514952269928017e+03
2.169668033017748712e+03
2.170117999920715192e+03
2.170567966823681672e+03
2.171017933726648153e+03
2.140230296784022812e+03
2.163165714669268709e+03
2.170025715211548231e+03
2.172118383604686642e+03
2.141779685513879485e+03
2.164784156081819219e+03
2.171668315080698903e+03
2.173767350253603581e+03
2.174631964020653413e+03
2.175185738960291928e+03
2.175661666979592610e+03
2.176118124730248383e+03
2.176569714380665573e+03
2.177019679972160702e+03
2.177469645563655831e+03
2.177919611155150960e+03
2.147132113548989764e+03
2.170067416595933082e+03
2.176927394044668290e+03
2.179020056129280420e+03
2.148681496442264233e+03
2.171685851601419472e+03
2.178569987412423416e+03
2.180669016256687883e+03
2.219325877999134264e+03
2.191185441395893577e+03
2.184858807349652579e+03
2.183648021099542348e+03
2.152411888089823151e+03
2.152744741465922289e+03
2.153077594842021426e+03
2.153410448218120564e+03
2.133779899725691394e+03
2.147704117410639356e+03
2.152582207597537945e+03
2.154116951741724279e+03
2.154754267353580872e+03
2.155163483877496674e+03
2.155515443487201537e+03
2.155853074386685421e+03
2.136223921219951535e+03
2.150148247432197877e+03
2.155026401526129121e+03
2.156561163683220002e+03
2.157198483920623858e+03
2.157530764558016926e+03
2.157863045195409995e+03
2.158195325832803064e+03
2.138615655206517204e+03
2.152499369622730683e+03
2.157367997642288174e+03
2.158900028828275026e+03
2.190737661040076091e+03
2.166968676560721178e+03
2.162111379913247220e+03
2.161206632480022563e+03
2.161233545013501498e+03
2.161489728448089409e+03
2.161803000113638518e+03
2.162130529466551252e+03
2.162461622342736064e+03
2.162793905210132380e+03
2.163126188077528695e+03
2.163458470944925011e+03
2.143878602266965117e+03
2.157762474342011046e+03
2.162631139200432699e+03
2.164163180949345588e+03
2.196000957294012551e+03
2.172231876407332493e+03
2.167374551074480223e+03
2.166469797793482485e+03
2.146533310217321286e+03
2.160389576536671484e+03
2.165241975623937833e+03
2.166769432158876043e+03
2.167404472129542683e+03
2.167736183721148336e+03
2.168067895312753990e+03
2.168399606904359644e+03
2.148870462980379216e+03
2.162713957646943527e+03
2.167573185953720895e+03
2.169102521771686497e+03
2.169737639581774602e+03
2.170145450986643027e+03
2.170496203020170924e+03
2.170832675689864118e+03
2.202367135962441807e+03
2.178513555353878473e+03
2.173642105795553107e+03
2.172733945559616586e+03
2.203997214375303884e+03
2.204447181247652225e+03
2.204897148120000566e+03
2.205347114992348907e+03
2.174559481302702807e+03
2.197494896506908390e+03
2.204354896510041726e+03
2.206447564755899748e+03
2.176108869896297165e+03
2.199113337769877489e+03
2.205997496227408647e+03
2.208096531252564091e+03
2.177759587157793703e+03
2.200764324438232052e+03
2.207648577250480230e+03
2.209747637145091176e+03
2.179410699889201169e+03
2.179742409221504658e+03
2.180074118553808148e+03
2.180405827886111638e+03
2.160876884524268462e+03
2.174720219549260946e+03
2.179579410538892262e+03
2.181108735655537203e+03
2.181743849116763613e+03
2.182151657741260806e+03
2.182502407385302376e+03
2.182838877763152141e+03
2.183171777417311205e+03
2.183503784333857766e+03
2.183835568062458606e+03
2.184167295993850530e+03
2.184499009975927038e+03
2.184830719299473458e+03
2.185162428623019878e+03
2.185494137946566298e+03
2.165965195362097347e+03
2.179808529768323751e+03
2.184667720613314486e+03
2.186197045688481467e+03
2.186832159132851757e+03
2.187239967746572347e+03
2.187590717381352079e+03
2.187927187750318808e+03
2.168399636737572564e+03
2.182243078307412816e+03
2.187102332775607920e+03
2.188631675797587832e+03
2.220432373926364562e+03
2.220881668495541817e+03
2.221330963064719072e+03
2.221780257633896326e+03
2.191063972128014484e+03
2.213940595101342751e+03
2.220788761610853726e+03
2.222878196237696102e+03
2.223739901492138415e+03
2.224292444827130112e+03
2.224767560681289524e+03
2.225223311139473481e+03
2.263451536162565844e+03
2.235212016646040865e+03
2.228866126286516192e+03
2.227650510361388115e+03
2.265478157367270796e+03
2.265977257044637099e+03
2.266476356722003402e+03
2.266975456399369705e+03
2.229682249454072917e+03
2.258163662556147756e+03
2.265969159644830597e+03
2.268303592508801103e+03
2.231484526831301082e+03
2.260065933608414525e+03
2.267899743066842802e+03
2.270241336620556922e+03
2.271201439002205461e+03
2.271815810367893391e+03
2.272343729238558353e+03
2.272850033793042712e+03
2.235558686453867722e+03
2.236008315722046063e+03
2.236457944990224405e+03
2.236907574258402747e+03
2.206155788854744969e+03
2.229061661529178309e+03
2.235915717965842759e+03
2.238006762331075151e+03
2.207703675511536403e+03
2.230678454150584002e+03
2.237556644768197202e+03
2.239654050735533929e+03
2.278295268842362020e+03
2.250163839688087137e+03
2.243841188822583717e+03
2.242631264849162562e+03
2.280475287995009239e+03
2.280974432740432803e+03
2.281473577485856367e+03
2.281972722231279931e+03
2.244664833447674937e+03
2.273159764973055644e+03
2.280966673858230479e+03
2.283301365246913065e+03
2.246467574826005603e+03
2.275062593274023584e+03
2.282897822541489404e+03
2.285239675621761762e+03
2.286199868585281365e+03
2.286814295890902031e+03
2.287342262515928269e+03
2.287848612808067173e+03
2.326970703995822987e+03
2.327443041283768707e+03
2.327915378571714427e+03
2.328387715859660148e+03
2.290238908096742762e+03
2.319955622897414287e+03
2.327520991891665744e+03
2.329742294243549622e+03
2.292020571253031449e+03
2.321853171510515494e+03
2.329446711613388743e+03
2.331674880339905940e+03
2.332584481401060657e+03
2.333166026197626252e+03
2.333665658545731731e+03
2.334144819172033294e+03
2.334618862267890108e+03
2.335091200542399292e+03
2.335563538816908476e+03
2.336035877091417660e+03
2.297887036901381634e+03
2.327603768052957548e+03
2.335169149896252293e+03
2.337390456688401628e+03
2.299668702520813440e+03
2.329501319019515904e+03
2.337094872007486174e+03
2.339323045187127263e+03
2.340232648131922815e+03
2.340814194141218650e+03
2.341313827532547748e+03
2.341792989159585431e+03
2.342267033245550010e+03
2.342739372506606287e+03
2.343211711767662564e+03
2.343684051028718841e+03
2.305535178412944333e+03
2.335251925914348703e+03
2.342817320606413432e+03
2.345038631838747733e+03
2.307316846495455138e+03
2.337149479234295541e+03
2.344743045107088619e+03
2.346971222739772202e+03
2.309251108124013626e+03
2.339084193505232633e+03
2.346677869427878250e+03
2.348906073882950750e+03
2.349815685366284470e+03
2.350288276624772607e+03
2.350760867883260744e+03
2.351233459141748881e+03
2.313076330827460424e+03
2.342797228571394044e+03
2.350365903591116876e+03
2.352588348883358776e+03
2.314858627346514368e+03
2.344695382108856847e+03
2.352292237505454523e+03
2.354521552481512117e+03
2.355431638437929905e+03
2.356013495425816927e+03
2.356513396330238720e+03
2.356992814575436569e+03
2.357467112554044434e+03
2.357939704794685440e+03
2.358412297035326446e+03
2.358884889275967453e+03
2.320727728890766230e+03
2.350448642708141506e+03
2.358017330506260350e+03
2.360239780218023498e+03
2.322510027856326360e+03
2.352346798581342682e+03
2.359943666792126805e+03
2.362172986200499963e+03
2.396700194233334059e+03
2.372657075022590561e+03
2.366354074410969133e+03
2.365101983428495259e+03
2.398697832155514334e+03
2.399071463081442744e+03
2.399445094007371154e+03
2.399818724933299563e+03
2.366636161929963237e+03
2.393051030180587077e+03
2.399223252347626840e+03
2.400993039586758186e+03
2.425142572851596015e+03
2.408989365764864033e+03
2.404183183340952837e+03
2.403203403576555047e+03
2.369709418795984675e+03
2.396010757918401396e+03
2.402159347238004557e+03
2.403923630758233685e+03
2.371054899088722777e+03
2.371527491337006722e+03
2.372000083585290668e+03
2.372472675833574613e+03
2.334315515198799403e+03
2.364036429141256122e+03
2.371605117038816388e+03
2.373827566784972078e+03
2.408352952531983647e+03
2.384309519424679365e+03
2.378006417573489216e+03
2.376754300296272504e+03
2.338172636236078233e+03
2.367778128327528975e+03
2.375318749007125462e+03
2.377534356149838459e+03
2.339802938127500511e+03
2.340301990097383168e+03
2.340801042067265826e+03
2.341300094037148483e+03
2.304022124605584395e+03
2.332489521858982698e+03
2.340293543474863782e+03
2.342627703956654841e+03
2.382232313342507496e+03
2.353987219556724995e+03
2.347154173457392972e+03
2.345821809221662079e+03
2.308071378886391358e+03
2.336439168731074460e+03
2.344214994623061102e+03
2.346542023358384995e+03
2.309736393541082180e+03
2.310185344377389811e+03
2.310634295213697442e+03
2.311083246050005073e+03
2.280403377656834436e+03
2.303250001081984010e+03
2.310092121248777858e+03
2.312179902861545997e+03
2.281948249343556199e+03
2.304863484830018479e+03
2.311729690457852030e+03
2.313823823272732170e+03
2.314686471526470541e+03
2.315238994426245881e+03
2.315713847472452017e+03
2.316169274435270381e+03
2.285491166627612984e+03
2.285821712982699410e+03
2.286152259337785836e+03
2.286482805692872262e+03
2.267057053933087445e+03
2.280818259685279827e+03
2.285658244643331727e+03
2.287182061450871061e+03
2.268110275666313100e+03
2.281898456150658149e+03
2.286754649237986087e+03
2.288283042904306967e+03
2.269212634676490325e+03
2.283000920117498026e+03
2.287857176495801468e+03
2.289385588039180220e+03
2.270315185192366243e+03
2.270476276952897479e+03
2.270637368713428714e+03
2.270798460473959949e+03
2.265642872839106076e+03
2.268177971923810219e+03
2.270267332881258426e+03
2.270991777067506973e+03
2.266041359914813256e+03
2.268557512007025707e+03
2.270652692883578766e+03
2.271379232228490764e+03
2.291339328148945697e+03
2.275709713959751753e+03
2.273100303191698458e+03
2.272647099010561760e+03
2.272659571826936372e+03
2.272821386644121958e+03
2.272983201461307544e+03
2.273145016278493131e+03
2.267931094996012234e+03
2.270511621936627762e+03
2.272612559957713529e+03
2.273340404253241559e+03
2.268332307727458556e+03
2.270894064591607275e+03
2.273000865625062033e+03
2.273730815588306541e+03
2.274039731775896144e+03
2.274238637808199201e+03
2.274409745157646739e+03
2.274573884340715722e+03
2.269360776705383614e+03
2.269329226655980619e+03
2.269297676606577625e+03
2.269266126557174630e+03
2.279057631902843696e+03
2.270064765576135869e+03
2.269106835464311189e+03
2.268927906882998741e+03
2.278745761769135697e+03
2.269691238904687907e+03
2.268727934214015932e+03
2.268548319564187750e+03
2.268485074521887327e+03
2.268445933488939772e+03
2.268412506494190893e+03
2.268380488508527378e+03
2.268348821556314761e+03
2.268317268505146785e+03
2.268285715453978810e+03
2.268254162402810834e+03
2.278045891903496795e+03
2.269052854414532248e+03
2.268094877366369474e+03
2.267915934745526556e+03
2.267852814144491731e+03
2.267813699386065764e+03
2.267780276547061476e+03
2.267748257338912026e+03
2.267716587829122545e+03
2.267685005668338363e+03
2.267653445340080907e+03
2.267621890469659775e+03
2.267590336963679874e+03
2.267558783900831713e+03
2.267527230837983552e+03
2.267495677775135391e+03
2.277287408148019040e+03
2.268294369993054261e+03
2.267336392762259948e+03
2.267157450086788685e+03
2.267094329463327540e+03
2.267055214690534285e+03
2.267021791839178604e+03
2.266989772619180712e+03
2.266958103097669664e+03
2.266926520925194836e+03
2.266894960585254921e+03
2.266863405703153603e+03
2.272207121518530585e+03
2.272368930621770232e+03
2.272530739725009880e+03
2.272692548828249528e+03
2.267479088598451654e+03
2.270059256476571136e+03
2.272160103005574456e+03
2.272887920431479415e+03
2.273196259790470776e+03
2.273395014876964524e+03
2.273566080051333302e+03
2.273730204395602414e+03
2.273892592385549051e+03
2.274054546215244045e+03
2.274216391500396185e+03
2.274378209649132714e+03
2.274540021013747719e+03
2.274701830105913814e+03
2.274863639198079909e+03
2.275025448290246004e+03
2.269811988953962100e+03
2.272392156136223548e+03
2.274493002487916328e+03
2.275220819861748168e+03
2.270213180102291062e+03
2.272774575806764460e+03
2.274881284829587457e+03
2.275611207787924741e+03
2.275920112950739622e+03
2.276119011934378250e+03
2.276290113227976690e+03
2.276454246603323554e+03
2.276616636843333254e+03
2.276778443089591292e+03
2.276940249335849330e+03
2.277102055582107369e+03
2.271888825878937041e+03
2.274468814225666847e+03
2.276569615008514120e+03
2.277297418999567981e+03
2.272290006298305798e+03
2.274851222470653738e+03
2.276957885755001371e+03
2.277687795289196401e+03
2.277996694971593570e+03
2.278195590451340195e+03
2.278366688734574836e+03
2.278530819222902210e+03
2.278693206606725653e+03
2.278855010007069268e+03
2.279016813407412883e+03
2.279178616807756498e+03
2.273965616737887558e+03
2.276545426248992953e+03
2.278646181462918321e+03
2.279373972071166918e+03
2.274366786428281102e+03
2.276927823068411271e+03
2.279034440614207142e+03
2.279764336724233544e+03
2.280073230926202086e+03
2.280272122902049432e+03
2.280443218174913909e+03
2.280607345776215425e+03
2.280769730303847155e+03
2.280931530858270889e+03
2.281093331412694624e+03
2.281255131967118359e+03
2.276042361530739981e+03
2.278621992206127288e+03
2.280722701851055263e+03
2.281450479076473130e+03
2.276443520492144216e+03
2.279004377599964300e+03
2.281110949407132011e+03
2.281840832092962955e+03
2.282149720814491502e+03
2.282348609286432293e+03
2.282519701548920693e+03
2.282683826263190895e+03
2.282846207934624545e+03
2.283008005643122488e+03
2.283169803351620430e+03
2.283331601060118373e+03
2.278119060257419733e+03
2.280698512096995728e+03
2.282799176172849457e+03
2.283526940015410219e+03
2.278520208489819652e+03
2.281080886065235973e+03
2.283187412133700036e+03
2.283917281395308692e+03
2.284226164636386784e+03
2.284425049604413289e+03
2.284596138856519701e+03
2.284760260683752676e+03
2.284922639498982790e+03
2.285084434361549029e+03
2.285246229224115268e+03
2.285408024086681507e+03
2.280195712917850415e+03
2.282774985921521420e+03
2.284875604428225415e+03
2.285603354887902242e+03
2.280596850421231466e+03
2.283157348464152165e+03
2.285263828793836183e+03
2.285993684631197084e+03
2.286302562391812444e+03
2.286501443855918296e+03
2.286672530097635899e+03
2.286836649037825282e+03
2.286999024996845947e+03
2.287160817013474571e+03
2.287322609030103195e+03
2.287484401046731818e+03
2.282272319511956994e+03
2.284851413679630241e+03
2.286951986617108105e+03
2.287679723693875530e+03
2.282673446286305534e+03
2.285233764796637388e+03
2.287340199387464509e+03
2.288070041800550825e+03
2.288378914080692994e+03
2.288577792040870463e+03
2.288748875272193345e+03
2.288912991325333678e+03
2.289075364428138982e+03
2.289237153598824079e+03
2.289398942769509176e+03
2.289560731940194273e+03
2.284348880039663982e+03
2.286927795371245793e+03
2.289028322739421583e+03
2.289756046433252322e+03
2.284749996084964550e+03
2.287310135062615245e+03
2.289416523914509526e+03
2.290146352903295337e+03
2.290455219702952036e+03
2.290654094159194756e+03
2.290825174380116550e+03
2.290989287546201012e+03
2.291151657792785500e+03
2.291313444117521612e+03
2.291475230442257725e+03
2.291637016766993838e+03
2.286425394500897255e+03
2.289004130996294407e+03
2.291104612795092635e+03
2.291832323105960768e+03
2.286826499817135755e+03
2.289386459262012522e+03
2.291492802374898019e+03
2.292222617939356496e+03
2.292531479258517720e+03
2.292730350210817960e+03
2.292901427421332755e+03
2.293065537700355890e+03
2.293227905090713193e+03
2.293389688569493956e+03
2.293551472048274718e+03
2.293713255527055480e+03
2.288501862895581326e+03
2.291080420554700595e+03
2.293180856784044863e+03
2.293908553711924014e+03
2.288902957482743204e+03
2.291462737394753731e+03
2.293569034768554047e+03
2.294298836908658359e+03
2.294607692747312740e+03
2.294806560195663224e+03
2.294977634395764653e+03
2.295141741787720548e+03
2.295304106321845211e+03
2.295465886954665166e+03
2.295627667587485121e+03
2.295789448220305076e+03
2.290578285223641615e+03
2.293156664046389324e+03
2.295257054706204144e+03
2.295984738251067938e+03
2.290979369081712321e+03
2.293538969460763383e+03
2.295645221095402576e+03
2.296375009811127256e+03
2.296683860169263426e+03
2.296882724113656877e+03
2.297053795303338575e+03
2.297217899808221773e+03
2.292007550337590146e+03
2.291975964232040042e+03
2.291944378126489937e+03
2.291912792020939833e+03
2.301706989819967475e+03
2.292712067569698775e+03
2.291753573676217002e+03
2.291574476457081346e+03
2.291511292389669961e+03
2.291472136972412954e+03
2.291438679177826543e+03
2.291406626439989395e+03
2.291374923756991393e+03
2.291343308512118256e+03
2.291311715122052192e+03
2.291280127195392652e+03
2.291248540634566325e+03
2.291216954517336035e+03
2.291185368400105745e+03
2.291153782282875454e+03
2.300947980954086233e+03
2.291953058037830488e+03
2.290994563961718541e+03
2.290815466687954995e+03
2.290752282598117290e+03
2.290713127166492995e+03
2.290679669359555191e+03
2.290647616609870056e+03
2.300441924972240031e+03
2.291446761564624467e+03
2.290488246512532442e+03
2.290309146558462089e+03
2.290245961959610213e+03
2.290213610409704870e+03
2.290181258859799527e+03
2.290148907309894184e+03
2.300000254667967056e+03
2.290961695600356052e+03
2.289991233627075417e+03
2.289808556394926200e+03
2.289743902632007121e+03
2.289703805673622355e+03
2.289669538408427798e+03
2.289636709219544173e+03
2.289604238340510165e+03
2.289571856963361370e+03
2.289539497956960076e+03
2.289507144542950300e+03
2.289474792527019872e+03
2.289442440965435708e+03
2.289410089403851543e+03
2.289377737842267379e+03
2.299229086072170503e+03
2.290190526338896689e+03
2.289220064183020895e+03
2.289037386896250155e+03
2.288972733110907029e+03
2.288932636138156795e+03
2.288898368860611754e+03
2.288865539659881506e+03
2.288833068769126839e+03
2.288800687380288309e+03
2.288768328362205921e+03
2.288735974936516413e+03
2.288703622908907619e+03
2.288671271335644633e+03
2.288638919762381647e+03
2.288606568189118661e+03
2.298457917290851128e+03
2.289419356891914958e+03
2.288448894553443552e+03
2.288266217212050833e+03
2.288201563404283661e+03
2.288161466417167503e+03
2.288127199127271524e+03
2.288094369914695108e+03
2.288061899012219783e+03
2.288029517611691972e+03
2.287997158581927579e+03
2.287964805144559250e+03
2.287932453105271179e+03
2.287900101520329372e+03
2.287867749935387565e+03
2.287835398350445757e+03
2.297686748324008931e+03
2.288648187259409497e+03
2.287677724738342931e+03
2.287495047342328235e+03
2.287430393512137471e+03
2.287390296510655844e+03
2.287356029208409382e+03
2.287323199983985887e+03
2.287290729069789904e+03
2.287258347657572813e+03
2.287225988616127324e+03
2.287193635167079265e+03
2.287161283116111917e+03
2.287128931519491289e+03
2.287096579922870660e+03
2.287064228326250031e+03
2.296915579171643003e+03
2.287877017441380758e+03
2.286906554737719034e+03
2.286723877287082360e+03
2.286659223434467549e+03
2.286619126418620453e+03
2.286584859104023508e+03
2.286552029867752935e+03
2.286519558941836294e+03
2.286487177517929922e+03
2.286454818464802884e+03
2.286422465004075093e+03
2.286390112941428924e+03
2.286357761333129474e+03
2.286325409724830024e+03
2.286293058116530574e+03
2.296144409833753798e+03
2.287105847437828743e+03
2.286135384551570951e+03
2.285952707046313208e+03
2.285888053171274350e+03
2.285847956141061331e+03
2.285813688814114357e+03
2.285780859565997162e+03
2.285748388628359407e+03
2.285716007192763755e+03
2.285683648127955166e+03
2.285651294655548099e+03
2.285618942581223109e+03
2.285586590961244838e+03
2.285554239341266566e+03
2.285521887721288294e+03
2.295373240310340861e+03
2.286334677248753451e+03
2.285364214179900500e+03
2.285181536620020779e+03
2.285116882722558330e+03
2.285076785677979842e+03
2.285042518338682385e+03
2.285009689078718111e+03
2.294861148516445610e+03
2.285822344365419212e+03
2.284851860151036817e+03
2.284669179867953972e+03
2.284604525450733036e+03
2.284571408474215332e+03
2.284538291497697628e+03
2.284505174521179924e+03
2.294413652613086015e+03
2.285331474671347223e+03
2.284349045989197293e+03
2.284162788900841861e+03
2.284096665482453318e+03
2.284055627005477618e+03
2.284020550288566938e+03
2.283986944666664385e+03
2.293895526764769784e+03
2.284813107136135386e+03
2.283830657138972128e+03
2.283644397284528168e+03
2.283578273335639096e+03
2.283544391080512014e+03
2.283510508825384932e+03
2.283476626570257849e+03
2.293442206848698788e+03
2.284316435398704925e+03
2.283322043415077133e+03
2.283132207236541035e+03
2.283064614452825481e+03
2.283022634640024080e+03
2.282986748628042278e+03
2.282952366723281102e+03
2.282918359636345031e+03
2.282884446178303278e+03
2.282850556122762100e+03
2.282816671917551503e+03
2.292782252591267479e+03
2.292560047566526919e+03
2.292337842541786358e+03
2.292115637517045798e+03
2.315564825782598291e+03
2.296261244215417264e+03
2.292358387374114045e+03
2.291290192029152422e+03
2.290861205948882343e+03
2.290587601646945586e+03
2.290352565320657504e+03
2.290127153628179258e+03
2.289904147008861855e+03
2.289681741589999547e+03
2.289459486467010720e+03
2.289237268917725942e+03
2.289015060761850691e+03
2.288792855726625930e+03
2.288570650691401170e+03
2.288348445656176409e+03
2.311797634637272040e+03
2.292494052537444077e+03
2.288591195536417217e+03
2.287523000142704404e+03
2.287094014042327217e+03
2.286820409727497463e+03
2.286585373390122641e+03
2.286359961687009218e+03
2.286136955057170326e+03
2.285914549627814267e+03
2.285692294494339421e+03
2.285470076934569988e+03
2.285247868768210083e+03
2.285025663722501122e+03
2.284803458676792161e+03
2.284581253631083200e+03
2.308030443327722423e+03
2.288726860695247069e+03
2.284824003534496569e+03
2.283755808092032566e+03
2.283326821971548270e+03
2.283053217643824610e+03
2.282818181295363502e+03
2.282592769581615812e+03
2.282369762941254521e+03
2.282147357501405622e+03
2.281925102357444302e+03
2.281702884787189760e+03
2.281480676610345654e+03
2.281258471554152493e+03
2.281036266497959332e+03
2.280814061441766171e+03
2.304263251853948532e+03
2.284959668688826696e+03
2.281056811368352101e+03
2.279988615877136908e+03
2.279559629736545503e+03
2.279286025395928846e+03
2.279050989036380997e+03
2.278825577311998586e+03
2.278602570661115351e+03
2.278380165210772702e+03
2.278157910056324909e+03
2.277935692475585711e+03
2.277713484288257405e+03
2.277491279221580498e+03
2.277269074154903592e+03
2.277046869088226686e+03
2.300496060215952184e+03
2.281192476518183867e+03
2.277289619037985176e+03
2.276221423498019249e+03
2.275792437337320280e+03
2.275518832983810171e+03
2.275283796613175582e+03
2.275058384878157995e+03
2.274835378216752815e+03
2.274612972755916417e+03
2.274390717590982149e+03
2.274168499999758296e+03
2.273946291801945790e+03
2.273724086724784684e+03
2.273501881647623577e+03
2.273279676570462470e+03
2.296728868413731107e+03
2.277425284183315853e+03
2.273522426543393067e+03
2.272454230954676405e+03
2.272025244773870327e+03
2.271751640407466766e+03
2.271516604025745437e+03
2.271291192280093128e+03
2.271068185608166914e+03
2.270845780136836765e+03
2.270623524961416024e+03
2.270401307359707516e+03
2.270179099151410355e+03
2.269956894063765048e+03
2.269734688976119742e+03
2.269512483888474435e+03
2.292961676447286209e+03
2.273658091684224473e+03
2.269755233884578047e+03
2.268687038247109740e+03
2.268258052046196553e+03
2.267984447666899541e+03
2.267749411274091926e+03
2.267523999517804896e+03
2.267300992835356737e+03
2.267078587353532839e+03
2.266856332167625169e+03
2.266634114555432461e+03
2.266411906336651100e+03
2.266189701238521593e+03
2.265967496140392086e+03
2.265745291042262579e+03
2.289194484316617491e+03
2.269890899020908819e+03
2.265988041061538752e+03
2.264919845375319255e+03
2.264490859154298960e+03
2.264217254762108951e+03
2.263982218358214595e+03
2.263756806591292843e+03
2.263533799898322741e+03
2.263311394406005093e+03
2.263089139209611858e+03
2.262866921586934041e+03
2.262644713357668479e+03
2.262422508249054772e+03
2.262200303140441065e+03
2.261978098031827358e+03
2.285427292021725407e+03
2.266123706193369799e+03
2.262220848074275636e+03
2.261152652339305405e+03
2.260723666098178001e+03
2.260450061693094540e+03
2.260215025278113444e+03
2.259989613500556516e+03
2.259766606797064469e+03
2.259544201294253980e+03
2.259321946087373817e+03
2.259099728454211345e+03
2.258877520214461583e+03
2.258655315095363676e+03
2.258433109976265769e+03
2.258210904857167861e+03
2.281660099562608593e+03
2.262356513201607413e+03
2.258453654922788701e+03
2.257385459139067279e+03
2.256956472877832766e+03
2.256682868459855854e+03
2.256447832033788018e+03
2.256222420245596368e+03
2.255999413531582832e+03
2.255777008018278593e+03
2.255554752800911956e+03
2.255332535157264829e+03
2.255110326907030867e+03
2.254888121777449214e+03
2.254665916647867562e+03
2.254443711518285909e+03
2.277892906939269778e+03
2.258589320045621662e+03
2.254686461607079309e+03
2.253618265774606698e+03
2.253189279493265076e+03
2.252915675062395167e+03
2.252680638625241045e+03
2.252455226826414673e+03
2.252232220101879193e+03
2.252009814578081659e+03
2.251787559350228548e+03
2.251565341696096311e+03
2.251343133435378149e+03
2.251120928295312297e+03
2.250898723155246444e+03
2.250676518015180591e+03
2.274125714151707598e+03
2.254822126725412545e+03
2.250919268127146552e+03
2.249851072245922751e+03
2.249422085944473565e+03
2.249148481500709750e+03
2.248913445052468887e+03
2.248688033243007794e+03
2.248465026507950370e+03
2.248242620973659086e+03
2.248020365735319501e+03
2.247798148070702155e+03
2.247575939799499793e+03
2.247353734648949739e+03
2.247131529498399686e+03
2.246909324347849633e+03
2.270358521199919778e+03
2.251054933240978244e+03
2.247152074482988155e+03
2.246083878553013164e+03
2.245654892231457325e+03
2.245381287774800512e+03
2.245146251315472455e+03
2.244920839495376640e+03
2.244697832749797726e+03
2.244475427205012693e+03
2.244253171956186179e+03
2.244030954281084632e+03
2.243808745999397615e+03
2.243586540838363362e+03
2.243364335677329109e+03
2.243142130516294856e+03
2.266591328083908138e+03
2.247287739592319667e+03
2.243384880674605938e+03
2.242316684695880213e+03
2.241887698354216809e+03
2.241614093884666545e+03
2.241379057414251747e+03
2.241153645583521211e+03
2.240930638827420353e+03
2.240708233272141570e+03
2.240485978012829037e+03
2.240263760327243290e+03
2.240041552035072073e+03
2.239819346863553619e+03
2.239597141692035166e+03
2.239374936520516712e+03
2.262824134803673132e+03
2.243520545779438180e+03
2.239617686702000356e+03
2.238549490674523440e+03
2.238120504312752928e+03
2.237846899830309667e+03
2.237611863348808583e+03
2.237386451507443326e+03
2.237163444740820978e+03
2.236941039175049355e+03
2.236718783905250348e+03
2.236496566209179491e+03
2.236274357906523619e+03
2.236052152724520965e+03
2.235829947542518312e+03
2.235607742360515658e+03
2.259056941359215216e+03
2.239753351802333782e+03
2.235850492565171862e+03
2.234782296488943757e+03
2.234353310107065681e+03
2.234079705611728514e+03
2.233844669119141145e+03
2.233619257267140711e+03
2.233396250489996419e+03
2.233173844913731045e+03
2.232951589633445565e+03
2.232729371926890053e+03
2.232507163613749981e+03
2.232284958421263127e+03
2.232062753228776273e+03
2.231840548036289420e+03
2.255289747750531660e+03
2.235986157661003745e+03
2.232083298264118184e+03
2.231015102139138889e+03
2.230586115737153705e+03
2.230312511228923540e+03
2.230077474725248976e+03
2.229852062862614275e+03
2.229629056074948494e+03
2.229406650488189371e+03
2.229184395197416961e+03
2.228962177480376795e+03
2.228739969156752977e+03
2.228517763953782378e+03
2.228295558750811779e+03
2.228073353547841180e+03
2.251522553977626558e+03
2.232218963355451706e+03
2.228316103798842050e+03
2.227247907625112020e+03
2.226818921203020182e+03
2.226545316681896111e+03
2.226310280167134806e+03
2.226084868293865384e+03
2.225861861495677203e+03
2.225639455898424330e+03
2.225417200597165902e+03
2.225194982869640626e+03
2.224972774535532608e+03
2.224750569322077808e+03
2.224528364108623009e+03
2.224306158895168210e+03
2.247755360040496271e+03
2.228451768885675392e+03
2.224548909169342096e+03
2.223480712946860876e+03
2.223051726504661929e+03
2.222778121970644861e+03
2.222543085444797271e+03
2.222317673560892672e+03
2.222094666752183002e+03
2.221872261144436834e+03
2.221650005832691477e+03
2.221427788094681546e+03
2.221205579750089328e+03
2.220983374526150328e+03
2.220761169302211329e+03
2.220538964078272329e+03
2.243988165939143528e+03
2.224684574251675713e+03
2.220781714375618321e+03
2.219713518104385457e+03
2.219284531642078946e+03
2.219010927095168881e+03
2.218775890558234551e+03
2.218550478663695685e+03
2.218327471844464071e+03
2.218105066226224608e+03
2.217882810903992777e+03
2.217660593155498646e+03
2.217438384800421773e+03
2.217216179565998573e+03
2.216993974331575373e+03
2.216771769097152173e+03
2.240220971673566055e+03
2.220917379453451758e+03
2.217014519417670726e+03
2.215946323097687127e+03
2.215517336615273507e+03
2.215243732055469536e+03
2.215008695507448465e+03
2.214783283602274423e+03
2.214560276772521320e+03
2.214337871143788107e+03
2.214115615811070256e+03
2.213893398052091015e+03
2.213671189686529942e+03
2.213448984441622542e+03
2.213226779196715142e+03
2.213004573951807743e+03
2.236453777243764762e+03
2.217150184491003984e+03
2.213247324295498856e+03
2.212179127926764068e+03
2.211750141424243338e+03
2.211476536851546371e+03
2.211241500292438559e+03
2.211016088376630250e+03
2.210793081536355203e+03
2.210570675897128240e+03
2.210348420553923916e+03
2.210126202784460020e+03
2.209903994408414292e+03
