9.000000000000000000e+02
9.000000000000000000e+02
9.000000000000000000e+02
9.000000000000000000e+02
9.000000000000000000e+02
9.000000000000000000e+02
9.000000000000000000e+02
9.000000000000000000e+02
9.000000000000000000e+02
9.000000000000000000e+02
9.000000000000000000e+02
9.000000000000000000e+02
9.000000000000000000e+02
9.000000000000000000e+02
9.000000000000000000e+02
9.000000000000000000e+02
9.000000000000000000e+02
9.000000000000000000e+02
9.000000000000000000e+02
9.000000000000000000e+02
9.000000000000000000e+02
9.000000000000000000e+02
9.000000000000000000e+02
9.000000000000000000e+02
9.000000000000000000e+02
9.000000000000000000e+02
9.000000000000000000e+02
9.000000000000000000e+02
9.000000000000000000e+02
9.000000000000000000e+02
9.000000000000000000e+02
9.000000000000000000e+02
9.000000000000000000e+02
9.000000000000000000e+02
9.000000000000000000e+02
9.000000000000000000e+02
9.000000000000000000e+02
9.000000000000000000e+02
9.000000000000000000e+02
9.000000000000000000e+02
9.000000000000000000e+02
9.000000000000000000e+02
9.000000000000000000e+02
9.000000000000000000e+02
9.000000000000000000e+02
9.000000000000000000e+02
9.000000000000000000e+02
9.000000000000000000e+02
9.000000000000000000e+02
9.000000000000000000e+02
9.000000000000000000e+02
9.000000000000000000e+02
9.000000000000000000e+02
9.000000000000000000e+02
9.000000000000000000e+02
9.000000000000000000e+02
9.000000000000000000e+02
9.000000000000000000e+02
9.000000000000000000e+02
9.000000000000000000e+02
9.000000000000000000e+02
9.000000000000000000e+02
9.000000000000000000e+02
9.000000000000000000e+02
9.000000000000000000e+02
9.000000000000000000e+02
9.000000000000000000e+02
9.000000000000000000e+02
9.000000000000000000e+02
9.000000000000000000e+02
9.000000000000000000e+02
9.000000000000000000e+02
9.000000000000000000e+02
9.000000000000000000e+02
9.000000000000000000e+02
9.000000000000000000e+02
9.000000000000000000e+02
9.000000000000000000e+02
9.000000000000000000e+02
9.000000000000000000e+02
9.000000000000000000e+02
9.000000000000000000e+02
9.000000000000000000e+02
9.000000000000000000e+02
9.000000000000000000e+02
9.000000000000000000e+02
9.000000000000000000e+02
9.000000000000000000e+02
9.000000000000000000e+02
9.000000000000000000e+02
9.000000000000000000e+02
9.000000000000000000e+02
9.000000000000000000e+02
9.000000000000000000e+02
9.000000000000000000e+02
9.000000000000000000e+02
9.000000000000000000e+02
9.000000000000000000e+02
9.000000000000000000e+02
9.000000000000000000e+02
9.000000000000000000e+02
9.000000000000000000e+02
9.000000000000000000e+02
9.000000000000000000e+02
9.000000000000000000e+02
9.000000000000000000e+02
9.000000000000000000e+02
9.000000000000000000e+02
9.000000000000000000e+02
9.000000000000000000e+02
9.000000000000000000e+02
9.000000000000000000e+02
9.000000000000000000e+02
9.000000000000000000e+02
9.000000000000000000e+02
9.000000000000000000e+02
9.000000000000000000e+02
9.000000000000000000e+02
9.000000000000000000e+02
9.000000000000000000e+02
9.000000000000000000e+02
9.000000000000000000e+02
9.000000000000000000e+02
9.000000000000000000e+02
9.000000000000000000e+02
9.000000000000000000e+02
9.000000000000000000e+02
9.000000000000000000e+02
9.000000000000000000e+02
9.000000000000000000e+02
9.000000000000000000e+02
9.000000000000000000e+02
9.000000000000000000e+02
9.000000000000000000e+02
9.000000000000000000e+02
9.000000000000000000e+02
9.000000000000000000e+02
9.000000000000000000e+02
9.000000000000000000e+02
9.000000000000000000e+02
9.000000000000000000e+02
9.000000000000000000e+02
9.000000000000000000e+02
9.000000000000000000e+02
9.000000000000000000e+02
9.000000000000000000e+02
9.000000000000000000e+02
9.000000000000000000e+02
9.000000000000000000e+02
9.000000000000000000e+02
9.000000000000000000e+02
9.000000000000000000e+02
9.000000000000000000e+02
9.000000000000000000e+02
9.000000000000000000e+02
9.000000000000000000e+02
9.000000000000000000e+02
9.000000000000000000e+02
9.000000000000000000e+02
9.000000000000000000e+02
9.000000000000000000e+02
9.000000000000000000e+02
9.000000000000000000e+02
9.000000000000000000e+02
9.000000000000000000e+02
9.000000000000000000e+02
9.000000000000000000e+02
9.000000000000000000e+02
9.000000000000000000e+02
9.000000000000000000e+02
9.000000000000000000e+02
9.000000000000000000e+02
9.000000000000000000e+02
9.000000000000000000e+02
9.000000000000000000e+02
9.000000000000000000e+02
9.000000000000000000e+02
9.000000000000000000e+02
9.000000000000000000e+02
9.000000000000000000e+02
9.000000000000000000e+02
9.000000000000000000e+02
9.000000000000000000e+02
9.000000000000000000e+02
9.000000000000000000e+02
9.000000000000000000e+02
9.000000000000000000e+02
9.000000000000000000e+02
9.000000000000000000e+02
9.000000000000000000e+02
9.000000000000000000e+02
9.000000000000000000e+02
9.000000000000000000e+02
9.000000000000000000e+02
9.000000000000000000e+02
9.000000000000000000e+02
9.000000000000000000e+02
9.000000000000000000e+02
9.000000000000000000e+02
9.000000000000000000e+02
9.078033888882924884e+02
9.007218776523128554e+02
9.002827390394131726e+02
9.002575713216120903e+02
9.002565734947182818e+02
9.002566549409096979e+02
9.002566959839712126e+02
9.002567075373315220e+02
9.002567105064587167e+02
9.002567135025150264e+02
9.002567164985713362e+02
9.002567194946276459e+02
9.076771984000924931e+02
9.004978435780753898e+02
9.000342107587273404e+02
9.000029211807965339e+02
9.077453594861336796e+02
9.007183330418948799e+02
9.002826224110175417e+02
9.002576548681987560e+02
9.002566680552216667e+02
9.002567519218109737e+02
9.002567956557554680e+02
9.002568101188001037e+02
9.002568160617606736e+02
9.002568220421699152e+02
9.002568280225791568e+02
9.002568340029883984e+02
9.076770872527449683e+02
9.004979053100380497e+02
9.000343193297811695e+02
9.000030437217575354e+02
9.077457160142721477e+02
9.007185232499236918e+02
9.002827719175105585e+02
9.002577964162827584e+02
9.002568098516429700e+02
9.002568960185766400e+02
9.002569425658720093e+02
9.002569599705188921e+02
9.002569688871449216e+02
9.002569778519072088e+02
9.002569868166694960e+02
9.002569957814317831e+02
9.076770233752158674e+02
9.004980143120747016e+02
9.000344751709257025e+02
9.000032135328104914e+02
9.077461198122267660e+02
9.007187607280189923e+02
9.002829686940856391e+02
9.002579852344498477e+02
9.002569989181473602e+02
9.002570873854255069e+02
9.002571367460715237e+02
9.002571570923209947e+02
9.002571689826123702e+02
9.002571809317275893e+02
9.002571928808428083e+02
9.002572048299580274e+02
9.076770067675051905e+02
9.004981705841856865e+02
9.000346782821609395e+02
9.000034306139551745e+02
9.077465708799971935e+02
9.007190454761805540e+02
9.002832127407423286e+02
9.002582213226993417e+02
9.002572352547342689e+02
9.002573260223567786e+02
9.002573781963535566e+02
9.002574014842055021e+02
9.002574163481621099e+02
9.002574312816302609e+02
9.002574462150984118e+02
9.002574611485665628e+02
9.076770374296124828e+02
9.004983741263702086e+02
9.000349286634861983e+02
9.000036949651911300e+02
9.077470692175829754e+02
9.007193774944078086e+02
9.002835040574805134e+02
9.002585046810312406e+02
9.002575188614035824e+02
9.002576119293705688e+02
9.002576669167181080e+02
9.002576931461724143e+02
9.002577109837942544e+02
9.002577289016153372e+02
9.002577468194364201e+02
9.002577647372575029e+02
9.076771153615379717e+02
9.004986249386288364e+02
9.000352263149021610e+02
9.000040065865186989e+02
9.077476148249845664e+02
9.007197567827010971e+02
9.002838426443001936e+02
9.002588353094455442e+02
9.002578497381553007e+02
9.002579451064666500e+02
9.002580029071650642e+02
9.002580320782217314e+02
9.002580528895090310e+02
9.002580737916831595e+02
9.002580946938572879e+02
9.002581155960314163e+02
9.076772405632821119e+02
9.004989230209616835e+02
9.000355712364088276e+02
9.000043654779383360e+02
9.077482077022023077e+02
9.007201833410609879e+02
9.002842285012019374e+02
9.002592132079427074e+02
9.002582278849898785e+02
9.002583255536457045e+02
9.002583861676948800e+02
9.002584182803540216e+02
9.002584420653066672e+02
9.002584659518337276e+02
9.002584898383607879e+02
9.002585137248878482e+02
9.076774130348442213e+02
9.004992683733685226e+02
9.000359634280058572e+02
9.000047716394493591e+02
9.077488478492355171e+02
9.007206571694867989e+02
9.002846616281851766e+02
9.002596383765222754e+02
9.002586533019069748e+02
9.002587532709072775e+02
9.002588166983072142e+02
9.002588517525687166e+02
9.002588785111867082e+02
9.002589053820667004e+02
9.002589322529466926e+02
9.002589591238266848e+02
9.076776327762246410e+02
9.004996609958491263e+02
9.000364028896933632e+02
9.000052250710517683e+02
9.077495352660844219e+02
9.007211782679785301e+02
9.002851420252499111e+02
9.002601108151842482e+02
9.002591259889065896e+02
9.002592282582513690e+02
9.002592944990021806e+02
9.002593324948660438e+02
9.002593622271492677e+02
9.002593920823821918e+02
9.002594219376151159e+02
9.002594517928480400e+02
9.076778997874233710e+02
9.005001008884038356e+02
9.000368896214713459e+02
9.000057257727460183e+02
9.077502699527490222e+02
9.007217466365366363e+02
9.002856696923963682e+02
9.002606305239289668e+02
9.002596459459888365e+02
9.002597505156779789e+02
9.002598195697795518e+02
9.002598605072457758e+02
9.002598932131944593e+02
9.002599260527804290e+02
9.002599588923663987e+02
9.002599917319523684e+02
9.076782140684405249e+02
9.005005880510327643e+02
9.000374236233401462e+02
9.000062737445319954e+02
9.077510519092296590e+02
9.007223622751608900e+02
9.002862446296246617e+02
9.002611975027564313e+02
9.002602131731538293e+02
9.002603200431874484e+02
9.002603919106396688e+02
9.002604357897084810e+02
9.002604714693223968e+02
9.002605072932612984e+02
9.002605431172002000e+02
9.002605789411391015e+02
9.076785756192759891e+02
9.005011224837355712e+02
9.000380048952991956e+02
9.000068689864095859e+02
9.077518811355259913e+02
9.007230251838512913e+02
9.002868668369346778e+02
9.002618117516663006e+02
9.002608276704014543e+02
9.002609368407793227e+02
9.002610115215824180e+02
9.002610583422535910e+02
9.002610969955328528e+02
9.002611358038246863e+02
9.002611746121165197e+02
9.002612134204083532e+02
9.076789844399296499e+02
9.005017041865123701e+02
9.000386334373488353e+02
9.000075114983786762e+02
9.077527576316379054e+02
9.007237353626077265e+02
9.002875363143260756e+02
9.002624732706585746e+02
9.002614894377313703e+02
9.002616009084537154e+02
9.002616784026075720e+02
9.002617281648811058e+02
9.002617697918255999e+02
9.002618115844704789e+02
9.002618533771151306e+02
9.002618951697600096e+02
9.076794405304013935e+02
9.005023331593629337e+02
9.000393092494887242e+02
9.000082012804391525e+02
9.077536813975650603e+02
9.007244928114298546e+02
9.002882530617989687e+02
9.002631820597331398e+02
9.002621984751435775e+02
9.002623122462103993e+02
9.002623925537150171e+02
9.002624452575910254e+02
9.002624898582008655e+02
9.002625346351986764e+02
9.002625794121964873e+02
9.002626241891942982e+02
9.076799438906916748e+02
9.005030094022877165e+02
9.000400323317193170e+02
9.000089383325914696e+02
9.077546524333083653e+02
9.007252975303184712e+02
9.002890170793536981e+02
9.002639381188904508e+02
9.002629547826387579e+02
9.002630708540499427e+02
9.002631539749053218e+02
9.002632096203836909e+02
9.002632571946589906e+02
9.002633049560097334e+02
9.002633527173604762e+02
9.002634004787112190e+02
9.076804945208002664e+02
9.005037329152863776e+02
9.000408026840403863e+02
9.000097226548354001e+02
9.077556707388671384e+02
9.007261495192730081e+02
9.002898283669900366e+02
9.002647414481303940e+02
9.002637583602164568e+02
9.002638767319720046e+02
9.002639626661781449e+02
9.002640212532589885e+02
9.002640718011994068e+02
9.002641225469030815e+02
9.002641732926067561e+02
9.002642240383104308e+02
9.076810924207269409e+02
9.005045036983589171e+02
9.000416203064515912e+02
9.000105542471704894e+02
9.077567363142411523e+02
9.007270487782932378e+02
9.002906869247074155e+02
9.002655920474521736e+02
9.002646092078759921e+02
9.002647298799759028e+02
9.002648186275329181e+02
9.002648801562160088e+02
9.002649336778218867e+02
9.002649874078784933e+02
9.002650411379350999e+02
9.002650948679917065e+02
9.076817375904712435e+02
9.005053217515047663e+02
9.000424851989527042e+02
9.000114331095967373e+02
9.077578491594305206e+02
9.007279953073791603e+02
9.002915927525061761e+02
9.002664899168562442e+02
9.002655073256180458e+02
9.002656302980623195e+02
9.002657218589698687e+02
9.002657863292554339e+02
9.002658428245265441e+02
9.002658995389360825e+02
9.002659562533456210e+02
9.002660129677551595e+02
9.076824300300337427e+02
9.005061870747244939e+02
9.000433973615442937e+02
9.000123592421143712e+02
9.077590092744352432e+02
9.007289891065310030e+02
9.002925458503863183e+02
9.002674350563424923e+02
9.002664527134421633e+02
9.002665779862309137e+02
9.002666723604893377e+02
9.002667397723772638e+02
9.002667992413137199e+02
9.002668589400761903e+02
9.002669186388386606e+02
9.002669783376011310e+02
9.076831697394143248e+02
9.005070996680178723e+02
9.000443567942259051e+02
9.000133326447233912e+02
9.077602166592553203e+02
9.007300301757486523e+02
9.002935462183478421e+02
9.002684274659111452e+02
9.002674453713486855e+02
9.002675729444817989e+02
9.002676701320909842e+02
9.002677404855812711e+02
9.002678029281829595e+02
9.002678656112983617e+02
9.002679282944137640e+02
9.002679909775291662e+02
9.076839567186131035e+02
9.005080595313850154e+02
9.000453634969978793e+02
9.000143533174235699e+02
9.077614713138906382e+02
9.007311185150318806e+02
9.002945938563905202e+02
9.002694671455618618e+02
9.002684852993372715e+02
9.002686151728148616e+02
9.002687151737748081e+02
9.002687884688676832e+02
9.002688538851346038e+02
9.002689195526029380e+02
9.002689852200712721e+02
9.002690508875396063e+02
9.076847909676298514e+02
9.005090666648260367e+02
9.000464174698599891e+02
9.000154212602151347e+02
9.077627732383413104e+02
9.007322541243810292e+02
9.002956887645146935e+02
9.002705540952947558e+02
9.081363870284419590e+02
9.009965491346183626e+02
9.005530385087768082e+02
9.005274855827631200e+02
9.005264819729214878e+02
9.005273176147693448e+02
9.005281532566172018e+02
9.005289888984650588e+02
9.078864987531718498e+02
9.007553878335348827e+02
9.003048239388532465e+02
9.002774320612661541e+02
9.080851429793453917e+02
9.010117223024768691e+02
9.005646563907488371e+02
9.005374684561413687e+02
9.084622087987924033e+02
9.012791511151734767e+02
9.008250520908065937e+02
9.007974238056370950e+02
9.007964787435533935e+02
9.007980843577989845e+02
9.007996899720445754e+02
9.008012955862901663e+02
9.081005577676904750e+02
9.010140771422512671e+02
9.005755996163411510e+02
9.005518121357699783e+02
9.084198634782521822e+02
9.013035580126970672e+02
9.008459926092991736e+02
9.008167514737785950e+02
9.088003804328546948e+02
9.015741199936602470e+02
9.011094336476384115e+02
9.010797300688319638e+02
9.010788435567474153e+02
9.010812191395830268e+02
9.010835947224186384e+02
9.010859703052542500e+02
9.083269675035555792e+02
9.012851339775068027e+02
9.008587438601932718e+02
9.008385608330487457e+02
9.087669339412900626e+02
9.016077605629690197e+02
9.011396967529919948e+02
9.011084024859020474e+02
9.011076131143513521e+02
9.011095257740294073e+02
9.011118061460664421e+02
9.011141592087052459e+02
9.011165292416480952e+02
9.011189078088029873e+02
9.011212863759578795e+02
9.011236649431127717e+02
9.083644362780827350e+02
9.013227758327328729e+02
9.008964325671138340e+02
9.008762635106053267e+02
9.088048703841008091e+02
9.016455308865682809e+02
9.011774263878546662e+02
9.011461241631527628e+02
9.011453350399644933e+02
9.011472499999586034e+02
9.011495331853134303e+02
9.011518891895209435e+02
9.011542621960954875e+02
9.011566437475695466e+02
9.011590252990436056e+02
9.011614068505176647e+02
9.084019523218984205e+02
9.013604649574982659e+02
9.009341685435889531e+02
9.009140134577172603e+02
9.088428540961845101e+02
9.016833484796956100e+02
9.012152032922622311e+02
9.011838931099491674e+02
9.011831042351234373e+02
9.011850214954336025e+02
9.011873074941062214e+02
9.011896664398825578e+02
9.011920424200886828e+02
9.011944269558816814e+02
9.011968114916749073e+02
9.011991960274679059e+02
9.084395156350014986e+02
9.013982013518019585e+02
9.009719517896174921e+02
9.009518106743832959e+02
9.088808850775398014e+02
9.017212133423495288e+02
9.012530274662128704e+02
9.012217093262900107e+02
9.012209206998268201e+02
9.012228402604530402e+02
9.012251290724433375e+02
9.012274909597883834e+02
9.012298699136259756e+02
9.012322574337381411e+02
9.012346449538503066e+02
9.012370324739624721e+02
9.084771262173908326e+02
9.014359850156427001e+02
9.010097823051983141e+02
9.009896551606021831e+02
9.089189633281655460e+02
9.017591254745289007e+02
9.012908989097057884e+02
9.012595728121741558e+02
9.012587844340733909e+02
9.012607062950154386e+02
9.012629979203233006e+02
9.012653627492369424e+02
9.012677446767058882e+02
9.012701351811368795e+02
9.012725256855678708e+02
9.012749161899988621e+02
9.085147840690641488e+02
9.014738159490183307e+02
9.010476600903291455e+02
9.010275469163718753e+02
9.089570888480595841e+02
9.017970848762316791e+02
9.013288176227388249e+02
9.012974835675995564e+02
9.012966954378612172e+02
9.012986195991193199e+02
9.013009140377446329e+02
9.013032818082267568e+02
9.013056667093270562e+02
9.013080601980768733e+02
9.013104536868266905e+02
9.013128471755765077e+02
9.085524891900207649e+02
9.015116941519280545e+02
9.010855851450094178e+02
9.010654859416916906e+02
9.010675505708844639e+02
9.010701927485077931e+02
9.010726690908500132e+02
9.010750845855810667e+02
9.010774836566126851e+02
9.010798785459820692e+02
9.010822723852023728e+02
9.010846659615895078e+02
9.010870594722499618e+02
9.010894529492966285e+02
9.010918464263432952e+02
9.010942399033899619e+02
9.083338828035783763e+02
9.012930870867324984e+02
9.008669778960813801e+02
9.008468786379768289e+02
9.087766534167859618e+02
9.016164839784642027e+02
9.011481761958815468e+02
9.011168342143420205e+02
9.011160463319924929e+02
9.011179727845454863e+02
9.011202700254556248e+02
9.011226407259706548e+02
9.011250285890408804e+02
9.011274250504062593e+02
9.011298215117716381e+02
9.011322179731370170e+02
9.083716350084473561e+02
9.013310123738044695e+02
9.009049500349387927e+02
9.008848647474746940e+02
9.008869350852901334e+02
9.008895809195273614e+02
9.008920604054842443e+02
9.008944789155805211e+02
9.008968809699149460e+02
9.008992788345717599e+02
9.009016756470755354e+02
9.009040721962452380e+02
9.009064686795628631e+02
9.009088651292249779e+02
9.009112615788870926e+02
9.009136580285492073e+02
9.081530759496047267e+02
9.011124526362076494e+02
9.006863901136094910e+02
9.006663047713584547e+02
9.085963123970086599e+02
9.014359774924464546e+02
9.009676291807904818e+02
9.009362792728518343e+02
9.009354916378908911e+02
9.009374203817387752e+02
9.009397204249337392e+02
9.009420940554815616e+02
9.009444848805215997e+02
9.009468843145024266e+02
9.009492837484832535e+02
9.009516831824640803e+02
9.081908752383848196e+02
9.011504250074405036e+02
9.007244093366430207e+02
9.007043379650331190e+02
9.007064140114712245e+02
9.007090635023221239e+02
9.007115461318933285e+02
9.007139676573548286e+02
9.007163726949922875e+02
9.007187735349363038e+02
9.007211733207234374e+02
9.007235728426754804e+02
9.007259722986503903e+02
9.007283717209279530e+02
9.007307711432055157e+02
9.007331705654830785e+02
9.079723635071497938e+02
9.009319125974502640e+02
9.005058967429202994e+02
9.004858253165234601e+02
9.084160657887343859e+02
9.012555654181845739e+02
9.007871765774718824e+02
9.007558187431351371e+02
9.007550313555628918e+02
9.007569623907056666e+02
9.007592652361852288e+02
9.007616417967657299e+02
9.087510237690893291e+02
9.089445828159005032e+02
9.091381418627116773e+02
9.093317009095228514e+02
9.015382717710202769e+02
9.061311047265180605e+02
9.087414642559882623e+02
9.096186609770644509e+02
9.319331638953914307e+02
9.146669801383917502e+02
9.116254593651972300e+02
9.110862796434472557e+02
9.111014761893316063e+02
9.112507470369290559e+02
9.114332529515679653e+02
9.116240498979373115e+02
9.118169184935545672e+02
9.120104802920257043e+02
9.122040420904968414e+02
9.123976038889679785e+02
9.046039495433682305e+02
9.091969584873398844e+02
9.118073622751704761e+02
9.126845719492349644e+02
9.130539497091443764e+02
9.132917709861239928e+02
9.134964167311933352e+02
9.136927507083731825e+02
9.138870056260212777e+02
9.140807407089428125e+02
9.142743458288175589e+02
9.144679184576577882e+02
9.146614829637223920e+02
9.148550447514027155e+02
9.150486065390830390e+02
9.152421683267633625e+02
9.074485148643282173e+02
9.120415231181492572e+02
9.146519267324177918e+02
9.155291363556863189e+02
9.158985140948503840e+02
9.161363353585535378e+02
9.163409810922107681e+02
9.165373150584445057e+02
9.167315699652630201e+02
9.169253050373840779e+02
9.171189101464656233e+02
9.173124827645143569e+02
9.395008325384713999e+02
9.398560826972337736e+02
9.402113328559961474e+02
9.405665830147585211e+02
9.189270478948374148e+02
9.344539253194697039e+02
9.397032444369172026e+02
9.413441599637272930e+02
9.420245935470551331e+02
9.424613731267147614e+02
9.428370202089763552e+02
9.431973705086687687e+02
9.435538957595348393e+02
9.439094646948774425e+02
9.442647945480071030e+02
9.446200646303752819e+02
9.449753197700399596e+02
9.453305699205666315e+02
9.456858200710935307e+02
9.460410702216202026e+02
9.244015358478263806e+02
9.399284126759837363e+02
9.451777316564631519e+02
9.468186471442013499e+02
9.255537599645829232e+02
9.411152992900824756e+02
9.463824051733711258e+02
9.480282635015132655e+02
9.487099624238328488e+02
9.491470601628342365e+02
9.495227868928304815e+02
9.498831571054041660e+02
9.502396873287591461e+02
9.505949353627283926e+02
9.509501833966976392e+02
9.513054314306668857e+02
9.296660888119459969e+02
9.451928123457998936e+02
9.504420961253840687e+02
9.520830015716182970e+02
9.308183043909473326e+02
9.463796897479641075e+02
9.516467602940874713e+02
9.532926085493037363e+02
9.539743033885270052e+02
9.544113985207571886e+02
9.547871230117314099e+02
9.551474910771369196e+02
9.555040191762819859e+02
9.558592650936808468e+02
9.562145110110797077e+02
9.565697569284785686e+02
9.349306060656139152e+02
9.504571763046025126e+02
9.557064248831017039e+02
9.573473202877726180e+02
9.360828131068185485e+02
9.516440444947894548e+02
9.569110797035569931e+02
9.585569178857880388e+02
9.592386086418899822e+02
9.596757011673331590e+02
9.600514234192719414e+02
9.604117893374963160e+02
9.607683153124186219e+02
9.611235591132341369e+02
9.614788029140496519e+02
9.618340467148651669e+02
9.401950876086395965e+02
9.557215045522010541e+02
9.609707179294250636e+02
9.626116032924733190e+02
9.413472861120055768e+02
9.569083635303676374e+02
9.621753634015885837e+02
9.638211915107747245e+02
9.645028781837308998e+02
9.649399681023712674e+02
9.653156881152608548e+02
9.656760518862911340e+02
9.660325757369778330e+02
9.663878174211972691e+02
9.667430591054167053e+02
9.670983007896361414e+02
9.454595334408327290e+02
9.609857970884054339e+02
9.662349752641645182e+02
9.678758505855305430e+02
9.466117234063185606e+02
9.621726468545084572e+02
9.674396113879923860e+02
9.690854294240739364e+02
9.697671120138595597e+02
9.702041993256813157e+02
9.705799170995080658e+02
9.709402787233311756e+02
9.712968004497693073e+02
9.716520400173797043e+02
9.720072795849901013e+02
9.723625191526004983e+02
9.507239435620024324e+02
9.662500539130240895e+02
9.714991968871282779e+02
9.731400621667528412e+02
9.518761249895663923e+02
9.674368944670211476e+02
9.727038236625772925e+02
9.743496316254949079e+02
9.750313101320854230e+02
9.754683948370725375e+02
9.758441103718228078e+02
9.762044698484255605e+02
9.765609894506022783e+02
9.769162269015909033e+02
9.772714643525795282e+02
9.776267018035681531e+02
9.559883179719582813e+02
9.715142750258673914e+02
9.767633827981264858e+02
9.784042380359503568e+02
9.571404908615585327e+02
9.727011063677150560e+02
9.779680002251531050e+02
9.796137981148472136e+02
9.802954725382180641e+02
9.807325546363548483e+02
9.811082679320153375e+02
9.814686252613846591e+02
9.818251427392870028e+02
9.821803780736408953e+02
9.825356134079947878e+02
9.828908487423486804e+02
9.612526566705100777e+02
9.767784604267446866e+02
9.820275329969690574e+02
9.836683781929325505e+02
9.624048210221050113e+02
9.779652825564002114e+02
9.832321410755293982e+02
9.848779288919404280e+02
9.855595992320667165e+02
9.859966787233374816e+02
9.863723897798943199e+02
9.867327449620172501e+02
9.870892603156323730e+02
9.874444935333388003e+02
9.877997267510452275e+02
9.881549599687516547e+02
9.665169596574672823e+02
9.820426101154655498e+02
9.872916474834649989e+02
9.889324826375088833e+02
9.676691154710149476e+02
9.832294230328857338e+02
9.884962462135154055e+02
9.901420239565838983e+02
9.908236902134408410e+02
9.912607670978296710e+02
9.916364759152693296e+02
9.919968289501330219e+02
9.923533421794479636e+02
9.927085732804939653e+02
9.930638043815399669e+02
9.934190354825859686e+02
9.717812269326389014e+02
9.873067240918392145e+02
9.925557262574238848e+02
9.941965513694888159e+02
9.729333742080981438e+02
9.884935277969814251e+02
9.937603156389209289e+02
9.954060833085870854e+02
9.960877454821504671e+02
9.965248197596416730e+02
9.969005263379506232e+02
9.972608772255420035e+02
1.030269952305357947e+03
1.030732795845053715e+03
1.031195639384749484e+03
1.031658482924445252e+03
9.994687624893267639e+02
1.023564624035828274e+03
1.030653493071745743e+03
1.032808245003250249e+03
1.001076363148760151e+03
1.025247131807140249e+03
1.032361101893191517e+03
1.034522419161133485e+03
1.002792323241414465e+03
1.026963384194021728e+03
1.034077452318285395e+03
1.036238795231392942e+03
1.037128336947578418e+03
1.037590888655833623e+03
1.038053440364088829e+03
1.038515992072344034e+03
1.006358913120964075e+03
1.030427637740035607e+03
1.037511265723318729e+03
1.039664606966304518e+03
1.007965171450016442e+03
1.032108664058387149e+03
1.039217371312003252e+03
1.041377273364245639e+03
1.009679623010445312e+03
1.033823407369130791e+03
1.040932212575845369e+03
1.043092140255566392e+03
1.043981116859141139e+03
1.044443375638973748e+03
1.044905634418806358e+03
1.045367893198638967e+03
1.013243531994349269e+03
1.037285062604885525e+03
1.044363432736085088e+03
1.046515358183713261e+03
1.014848444183637412e+03
1.038964603483574365e+03
1.046068031045828093e+03
1.048226512759972366e+03
1.016561383145867012e+03
1.040677833651514902e+03
1.047781359081520804e+03
1.049939866405396288e+03
1.050828275788073370e+03
1.051290240543195750e+03
1.051752205298318131e+03
1.052214170053440512e+03
1.020122602781999831e+03
1.044136882367388353e+03
1.051209977859524315e+03
1.053360482408313601e+03
1.021726165025332421e+03
1.045814933823234242e+03
1.052913064847720761e+03
1.055070121104736472e+03
1.023437587326977109e+03
1.047526646785295270e+03
1.054624875591955060e+03
1.056781957440894303e+03
1.057669797495732610e+03
1.058131467130554711e+03
1.058593136765376812e+03
1.059054806400198913e+03
1.026996109169592273e+03
1.050983080777848727e+03
1.058050884856450921e+03
1.060199963406290181e+03
1.028598317663980197e+03
1.052659638831205257e+03
1.059752456484079403e+03
1.061908082168318060e+03
1.062795344331465003e+03
1.063363541087216845e+03
1.063851850525209329e+03
1.064320180611650130e+03
1.032263278225953854e+03
1.032616330841650097e+03
1.032969383457346339e+03
1.033322436073042581e+03
1.011881788924006173e+03
1.027249704129199927e+03
1.032462488224353365e+03
1.034092978892111887e+03
1.013025154077022535e+03
1.028427033326772062e+03
1.033657462939512925e+03
1.035292863830129590e+03
1.035970323511120114e+03
1.036404714754937686e+03
1.036778116801842771e+03
1.037136257698262853e+03
1.037490582441815377e+03
1.037843632927689896e+03
1.038196683413564415e+03
1.038549733899438934e+03
1.017109279312227727e+03
1.032477040644558883e+03
1.037689789342895665e+03
1.039320269907887223e+03
1.018252635884499568e+03
1.033654360585922177e+03
1.038884754664912634e+03
1.040520145421156258e+03
1.041197600993597689e+03
1.041631989614323857e+03
1.042005389408177962e+03
1.042363528143974690e+03
1.042717850750005255e+03
1.043070899106045090e+03
1.043423947462084925e+03
1.043776995818124760e+03
1.022336733793514441e+03
1.037704341252426957e+03
1.042917054553758589e+03
1.044547525015924066e+03
1.023480081785000834e+03
1.038881651937539118e+03
1.044112010482589994e+03
1.045747391104401231e+03
1.046424842568268787e+03
1.046859228565888088e+03
1.047232626106678026e+03
1.047590762681837987e+03
1.047945083150334085e+03
1.048298129376526731e+03
1.048651175602719377e+03
1.049004221828912023e+03
1.027564152367678616e+03
1.042931605952616565e+03
1.048144283856754100e+03
1.049774744216034833e+03
1.028707491778337953e+03
1.044108907381434847e+03
1.049339230392356967e+03
1.050974600879676473e+03
1.051652048234946051e+03
1.052086431609442570e+03
1.052459826897154699e+03
1.052817961311665385e+03
1.053172279642613830e+03
1.053525323738946327e+03
1.053878367835278823e+03
1.054231411931611319e+03
1.032791535034530625e+03
1.048158834744937849e+03
1.053371477251692795e+03
1.055001927508029667e+03
1.033934865864321637e+03
1.049336126917419506e+03
1.054566414394023241e+03
1.056201774746792353e+03
1.056879217993439170e+03
1.057313598744796764e+03
1.057686991779417440e+03
1.058045124033265665e+03
1.058399440226653951e+03
1.058752482193113565e+03
1.059105524159573179e+03
1.059458566126032792e+03
1.038018881793880610e+03
1.053386027629201180e+03
1.058598634738385044e+03
1.060229074891719165e+03
1.060905256688156669e+03
1.061339318638776604e+03
1.061712630261104550e+03
1.062070740557311410e+03
1.062425049663436766e+03
1.062778408418389517e+03
1.063131529582195981e+03
1.063484591348006234e+03
1.063837638264304360e+03
1.064190680222476431e+03
1.064543722180648501e+03
1.064896764138820572e+03
1.043457080555949915e+03
1.058824225792533753e+03
1.064036832763983284e+03
1.065667272878006088e+03
1.066343454658486507e+03
1.066777516598907141e+03
1.067150828212470060e+03
1.067508938500270006e+03
1.067863247598078033e+03
1.068216606344735737e+03
1.068569727500252839e+03
1.068922789257775094e+03
1.101795423799886294e+03
1.102257086495808835e+03
1.102718749191731376e+03
1.103180411887653918e+03
1.071122486949475615e+03
1.095108817023208303e+03
1.102176496723995115e+03
1.104325541747923580e+03
1.072724663629058568e+03
1.096785339982315691e+03
1.103878032741359903e+03
1.106033624792164346e+03
1.106920873519997485e+03
1.107489061723860686e+03
1.107977363820401706e+03
1.108445686867348286e+03
1.108909014682321640e+03
1.109370676223200462e+03
1.109832337764079284e+03
1.110293999304958106e+03
1.078236202919519656e+03
1.102222426206291175e+03
1.109290085203397666e+03
1.111439124646639584e+03
1.079838374303300498e+03
1.103898943323720914e+03
1.110991615293190534e+03
1.113147201745410484e+03
1.114034448236812750e+03
1.114602635017135299e+03
1.115090935891624213e+03
1.115559257766782139e+03
1.116022584422525824e+03
1.116484244808344101e+03
1.116945905194162378e+03
1.117407565579980655e+03
1.085349897748441890e+03
1.109336014247383901e+03
1.116403652540554504e+03
1.118552686403032340e+03
1.086952063836362640e+03
1.111012525523075283e+03
1.118105176702713834e+03
1.120260757556271301e+03
1.088661917785222158e+03
1.112722669569277741e+03
1.119815418442591636e+03
1.121971024869643543e+03
1.161142264185423073e+03
1.161642261939122136e+03
1.162142259692821199e+03
1.162642257446520262e+03
1.124858266597507509e+03
1.153800837928836927e+03
1.161646853572991404e+03
1.163987274250691371e+03
1.126675067961777813e+03
1.155720966557796828e+03
1.163595549822730845e+03
1.165943157377661919e+03
1.128632794120951530e+03
1.157679096163597023e+03
1.165553791017920730e+03
1.167901426646541722e+03
1.130591070589177434e+03
1.131052137381974944e+03
1.131513204174772454e+03
1.131974270967569964e+03
1.099982575981119453e+03
1.123913902374301188e+03
1.130970906519405844e+03
1.133117072778553847e+03
1.101582022937524698e+03
1.125587414671729675e+03
1.132669387605524207e+03
1.134822091660555998e+03
1.103288823032242817e+03
1.127294503769716584e+03
1.134376574224856540e+03
1.136529303817459322e+03
1.175676002997777914e+03
1.176175993763723454e+03
1.176675984529668995e+03
1.177175975295614535e+03
1.139415368284547640e+03
1.168335422167574279e+03
1.176179900024503240e+03
1.178520191578342519e+03
1.141231535693856358e+03
1.170254745270005060e+03
1.178127779326970312e+03
1.180475256939977953e+03
1.143188444716921822e+03
1.172212057068274589e+03
1.180085202669934233e+03
1.182432708353431053e+03
1.183394669574840691e+03
1.183894655068246266e+03
1.184394640561651840e+03
1.184894626055057415e+03
1.147145845305801004e+03
1.176054537571593301e+03
1.183898218628178711e+03
1.186238437294695814e+03
1.148961689276448169e+03
1.177973451082512838e+03
1.185845682527170993e+03
1.188193086818261236e+03
1.150918182769498799e+03
1.179930347013622622e+03
1.187802689980230980e+03
1.190150122340109874e+03
1.152875225494354481e+03
1.153335393698442431e+03
1.153795561902530380e+03
1.154255730106618330e+03
1.122363563224568452e+03
1.146212278957975059e+03
1.153253206390440255e+03
1.155395033079499399e+03
1.123958903042594557e+03
1.147881263030341643e+03
1.154947092660844191e+03
1.157095443236733672e+03
1.125661092006510444e+03
1.149583739351278609e+03
1.156649666242897183e+03
1.158798042302018303e+03
1.159682403983112863e+03
1.160142270474022098e+03
1.160602136964931333e+03
1.161062003455840568e+03
1.129203163983856030e+03
1.153024229624791815e+03
1.160059764739696675e+03
1.162200134741744478e+03
1.130797127184439432e+03
1.154691696367735858e+03
1.161752111365607789e+03
1.163899000587176261e+03
1.132497771026101191e+03
1.156392627016305141e+03
1.163453139188088471e+03
1.165600053874654577e+03
1.204696558942791171e+03
1.205196521504082511e+03
1.205696484065373852e+03
1.206196446626665193e+03
1.168483681696988242e+03
1.197357877862574924e+03
1.205199056914016637e+03
1.207539023619113095e+03
1.170298529516164990e+03
1.199275535297663509e+03
1.207145246895084711e+03
1.209492397818724157e+03
1.172253748583184915e+03
1.201231155785585315e+03
1.209100978835137084e+03
1.211448157822065241e+03
1.174209515793039827e+03
1.174668775586467746e+03
1.175128035379895664e+03
1.175587295173323582e+03
1.143795337110403580e+03
1.167560933150825576e+03
1.174585633587259508e+03
1.176723074990522264e+03
1.145386535738701696e+03
1.169225353374898987e+03
1.176274888887198358e+03
1.178418840128990496e+03
1.179301436788157389e+03
1.179866663580596878e+03
1.180352423384028043e+03
1.180818308695617816e+03
1.181279224900805730e+03
1.181738483505031127e+03
1.182197742109256524e+03
1.182657000713481921e+03
1.150865173571627338e+03
1.174630661053869289e+03
1.181655340263907192e+03
1.183792775927488492e+03
1.152456366785674390e+03
1.176295075312342760e+03
1.183344589510502601e+03
1.185488534994230804e+03
1.186371129351319496e+03
1.186936354678177622e+03
1.187422113223426550e+03
1.187887997328575921e+03
1.156097958705607425e+03
1.156446603290619123e+03
1.156795247875630821e+03
1.157143892460642519e+03
1.136100983044712393e+03
1.151151207883368215e+03
1.156290782316474406e+03
1.157900366962085627e+03
1.137226610231346513e+03
1.152309407094321386e+03
1.157466344024047885e+03
1.159080773503032106e+03
1.159749730113874875e+03
1.160178692453965823e+03
1.160547431432724352e+03
1.160901100550400088e+03
1.161251001326959795e+03
1.161599643756033402e+03
1.161948286185107008e+03
1.162296928614180615e+03
1.141254213341262584e+03
1.156304283174929878e+03
1.161443821825916757e+03
1.163053396248169065e+03
1.142379831862703213e+03
1.157462473042749025e+03
1.162619374052119383e+03
1.164233793275775497e+03
1.164902745727957381e+03
1.165331705412824022e+03
1.165700442110910217e+03
1.166054109041469701e+03
1.166404007654297175e+03
1.166752647927419957e+03
1.167101288200542740e+03
1.167449928473665523e+03
1.146407407344520834e+03
1.161457322172655267e+03
1.166596825041336615e+03
1.168206389240171802e+03
1.147533017200727045e+03
1.162615502697297870e+03
1.167772367786125869e+03
1.169386776754395214e+03
1.170055725047891656e+03
1.170484682077518073e+03
1.170853416494918520e+03
1.171207081238349019e+03
1.171556977687431527e+03
1.171905615804590980e+03
1.172254253921750433e+03
1.172602892038909886e+03
1.151560565054300241e+03
1.166610324876357026e+03
1.171749791962547079e+03
1.173359345937906937e+03
1.152686166245232016e+03
1.167768496057781931e+03
1.172925325225880670e+03
1.174539723938705265e+03
1.175208668073491708e+03
1.175637622447862896e+03
1.176006354584564406e+03
1.176360017140852960e+03
1.208960336603411179e+03
1.209419589261373631e+03
1.209878841919336082e+03
1.210338094577298534e+03
1.178546922058027576e+03
1.202311866736470392e+03
1.209336439810713728e+03
1.211473846774728372e+03
1.180138088199955064e+03
1.203976251166039219e+03
1.211025658789675163e+03
1.213169575481921129e+03
1.214052158328139740e+03
1.214617376326784324e+03
1.215103128580858083e+03
1.215569006653552833e+03
1.216029915697420165e+03
1.216489167166080051e+03
1.216948418634739937e+03
1.217407670103399823e+03
1.185616628512096895e+03
1.209381464627200103e+03
1.216406016473521731e+03
1.218543417697391078e+03
1.187207789239427711e+03
1.211045843090807239e+03
1.218095229398772972e+03
1.220239140332490024e+03
1.188905288214755728e+03
1.212743627755686475e+03
1.219793111060062984e+03
1.221937047421625493e+03
1.261007545694249075e+03
1.261507486715977166e+03
1.262007427737705257e+03
1.262507368759433348e+03
1.224819398476036213e+03
1.253669933816083585e+03
1.261509327289577413e+03
1.263849095443223860e+03
1.226633551179689903e+03
1.255586719240800676e+03
1.263454632858062268e+03
1.265801584193254257e+03
1.266763419031706235e+03
1.267378839639532998e+03
1.267907650898908059e+03
1.268414809500709907e+03
1.268916554918737575e+03
1.269416495894260379e+03
1.269916436869783183e+03
1.270416377845305988e+03
1.232728455689747307e+03
1.261578945169701001e+03
1.269418335129062825e+03
1.271758102878134650e+03
1.234542607037013340e+03
1.263495728896231640e+03
1.271363638975197091e+03
1.273710589903748996e+03
1.236496939515650183e+03
1.265450462102204483e+03
1.273318483584675732e+03
1.275665462572452043e+03
1.276627304326651483e+03
1.277127232878311133e+03
1.277627161429970784e+03
1.278127089981630434e+03
1.240451533599793038e+03
1.269290248377564012e+03
1.277128729373626129e+03
1.279468390764819333e+03
1.242265335547219593e+03
1.271206595080255966e+03
1.279073589975798541e+03
1.281420434009112796e+03
1.244219224526204243e+03
1.273160884443688246e+03
1.281027990718397632e+03
1.283374862808835132e+03
1.284336676735207220e+03
1.284836591677379147e+03
1.285336506619551074e+03
1.285836421561723000e+03
1.248173320304515300e+03
1.277000191986545587e+03
1.284837745429658298e+03
1.287177294914259392e+03
1.249986768550510533e+03
1.278916097120613586e+03
1.286782158175460154e+03
1.289128889747789117e+03
1.290090666545900604e+03
1.290706054112937181e+03
1.291234837616760387e+03
1.291741969724026376e+03
1.254080721642355684e+03
1.254539052404383938e+03
1.254997383166412192e+03
1.255455713928440446e+03
1.223765829530703286e+03
1.247446815630688889e+03
1.254454946332353529e+03
1.256587904633729295e+03
1.225352803878510713e+03
1.249106582372348157e+03
1.256139479701695336e+03
1.258278933487275253e+03
1.227045606583510107e+03
1.250799669104037093e+03
1.257832663164709402e+03
1.259972142322559193e+03
1.260852947028082781e+03
1.261310969505871071e+03
1.261768991983659362e+03
1.262227014461447652e+03
1.230570912259013767e+03
1.254223908318995655e+03
1.261226546199871791e+03
1.263358017232243355e+03
1.232156487225059209e+03
1.255882133919949183e+03
1.262909515758143471e+03
1.265047477514269985e+03
1.265927679081749829e+03
1.266491381012990360e+03
1.266975831733150017e+03
1.267440461794616340e+03
1.306050494685506692e+03
1.306550394712346360e+03
1.307050294739186029e+03
1.307550194766025697e+03
1.269899736308366300e+03
1.298714603203247634e+03
1.306551203041183726e+03
1.308890634131299294e+03
1.271712823738399720e+03
1.300630058721868636e+03
1.308495159766267307e+03
1.310841772368153215e+03
1.273665808262265045e+03
1.302583442938858525e+03
1.310448655312759229e+03
1.312795295967347329e+03
1.352146518171658272e+03
1.352612471531474739e+03
1.353078424891291206e+03
1.353544378251107673e+03
1.315620860572301126e+03
1.345216814815051976e+03
1.352698073390974514e+03
1.354890578145594191e+03
1.317386173446987414e+03
1.347098607845144898e+03
1.354607796775025690e+03
1.356807084216258772e+03
1.319304319335104537e+03
1.349017208715553807e+03
1.356526506755526498e+03
1.358725820692200841e+03
1.359623234212265061e+03
1.360089466296272803e+03
1.360555698380280546e+03
1.361021930464288289e+03
1.323087990552654674e+03
1.352689784192824391e+03
1.360174751670547039e+03
1.362368516208779965e+03
1.324854032888492611e+03
1.354572285081263772e+03
1.362085193706945347e+03
1.364285744604034562e+03
1.326772902433527179e+03
1.356491609523536454e+03
1.364004627301434084e+03
1.366205204708306383e+03
1.367103150831841504e+03
1.367569660534329842e+03
1.368036170236818180e+03
1.368502679939306518e+03
1.330558407758533804e+03
1.360165970592855501e+03
1.367654629221116920e+03
1.369849648340256408e+03
1.332325175367198199e+03
1.362049174875123754e+03
1.369565785379080125e+03
1.371767594513224594e+03
1.334244764018380920e+03
1.363969218337412485e+03
1.371485938035449863e+03
1.373687773693656936e+03
1.336164949614783836e+03
1.336664778569076589e+03
1.337164607523369341e+03
1.337664436477662093e+03
1.300065051207952592e+03
1.328831587036965630e+03
1.336664215903709419e+03
1.339003121521591765e+03
1.301876663504541739e+03
1.330745212548187965e+03
1.338606316522084171e+03
1.340952401195198036e+03
1.303827790512884803e+03
1.332696737861006795e+03
1.340557953062289471e+03
1.342904065778499216e+03
1.305779462312336591e+03
1.306235925862500153e+03
1.306692389412663715e+03
1.307148852962827277e+03
1.275662919826257621e+03
1.299175015054167488e+03
1.306149918170109913e+03
1.308273871185822372e+03
1.277241435998307907e+03
1.300825469931260386e+03
1.307825002683728371e+03
1.309955422371351005e+03
1.278924755953681597e+03
1.302509070575891428e+03
1.309508699524345730e+03
1.311639144471675991e+03
1.312516335124813168e+03
1.312972483880122127e+03
1.313428632635431086e+03
1.313884781390740045e+03
1.282433079984458345e+03
1.305916849384034322e+03
1.312886160167133539e+03
1.315008595617669471e+03
1.284010174248236808e+03
1.307565739564519163e+03
1.314559656962267582e+03
1.316688554232015122e+03
1.317565129262310847e+03
1.318126522082454358e+03
1.318608990409080207e+03
1.319071719591312103e+03
1.319529513486723317e+03
1.319985661010261992e+03
1.320441808533800668e+03
1.320897956057339343e+03
1.289446388513026022e+03
1.312930047157273066e+03
1.319899336063237797e+03
1.322021765576002963e+03
1.291023477215223693e+03
1.314578931218084335e+03
1.321572826648656473e+03
1.323701717961647773e+03
1.292705197506256809e+03
1.316260931637977365e+03
1.323254923174218675e+03
1.325383839727885061e+03
1.294387326178332614e+03
1.294729830113774597e+03
1.295072334049216579e+03
1.295414837984658561e+03
1.274923401929845568e+03
1.289533579692319563e+03
1.294571331099597273e+03
1.296151803373571965e+03
1.276024388273774548e+03
1.290665218239208571e+03
1.295719939131319961e+03
1.297305165228819533e+03
1.297962277448580608e+03
1.298383677108439088e+03
1.298745920174525281e+03
1.299093359842149312e+03
1.278603356237032585e+03
1.278780386530102987e+03
1.278957416823173389e+03
1.279134447116243791e+03
1.272688699992407464e+03
1.276229333128098006e+03
1.278574158799795669e+03
1.279373570629341657e+03
1.279711168214854297e+03
1.279928650152315868e+03
1.280115812705653752e+03
1.280295377272884025e+03
1.280473041210059137e+03
1.280650229918878495e+03
1.280827299816181039e+03
1.281004340010327951e+03
1.281181372778668447e+03
1.281358403060793535e+03
1.281535433342918623e+03
1.281712463625043711e+03
1.275266717390305303e+03
1.278807349832456339e+03
1.281152175328526937e+03
1.281951587106578472e+03
1.282289184671051316e+03
1.282506666595046681e+03
1.282693829136809200e+03
1.282873393692936816e+03
1.283051057619127278e+03
1.283228246316991317e+03
1.283405316203346501e+03
1.283582356386547644e+03
1.283759389143942826e+03
1.283936419415122600e+03
1.284113449686302374e+03
1.284290479957482148e+03
1.277844734611841659e+03
1.281385366360452963e+03
1.283730191680896951e+03
1.284529603407453578e+03
1.284867200950886399e+03
1.285084682861415558e+03
1.285271845391602938e+03
1.285451409936627670e+03
1.285629073851833482e+03
1.285806262538742658e+03
1.285983332414150027e+03
1.286160372586405174e+03
1.286337405332855042e+03
1.286514435593089729e+03
1.286691465853324416e+03
1.286868496113559104e+03
1.280422751657016533e+03
1.283963382712088105e+03
1.286308207856905256e+03
1.287107619531967657e+03
1.287445217054360455e+03
1.287662698951423408e+03
1.287849861470035421e+03
1.288029426003957497e+03
1.288207089908178659e+03
1.288384278584132744e+03
1.288561348448592526e+03
1.288738388609901676e+03
1.288915421345406230e+03
1.289092451594695603e+03
1.289269481843984977e+03
1.289446512093274350e+03
1.283000768525829926e+03
1.286541398887361538e+03
1.288886223856551851e+03
1.289685635480119572e+03
1.290023232981472347e+03
1.290240714865069094e+03
1.290427877372105741e+03
1.290607441894925159e+03
1.284162562382603028e+03
1.287703134520897038e+03
1.290047985968777311e+03
1.290847406683563577e+03
1.284621226692600430e+03
1.284605067608784339e+03
1.284588908524968247e+03
1.284572749441152155e+03
1.293211412262463909e+03
1.285099563650518576e+03
1.284382511113066130e+03
1.284275582382313814e+03
1.284242020320523352e+03
1.284221841189861379e+03
1.284204697764370621e+03
1.284188293887034433e+03
1.284172073685582518e+03
1.284155899327403858e+03
1.284139736425312776e+03
1.284123576386947661e+03
1.284107417064495394e+03
1.284091257968982063e+03
1.284075098873468733e+03
1.284058939777955402e+03
1.292697603478114388e+03
1.284585754193997673e+03
1.283868701473309557e+03
1.283761772687825442e+03
1.283728210603573871e+03
1.283708031458523465e+03
1.283690888020662896e+03
1.283674484131461213e+03
1.290221812463359129e+03
1.284048109780443156e+03
1.283830517154808376e+03
1.283848686443089719e+03
1.292442853215888363e+03
1.292237381370489402e+03
1.292031909525090441e+03
1.291826437679691480e+03
1.314127906802382995e+03
1.295679948318708739e+03
1.292032373333249780e+03
1.291042011075415303e+03
1.281990295270693196e+03
1.287035301200444110e+03
1.289440408847597610e+03
1.289965588469246541e+03
1.281409304799524079e+03
1.286439634897875294e+03
1.288861862578686896e+03
1.289392558606160492e+03
1.289376015688746975e+03
1.289171246042460780e+03
1.288966476396174585e+03
1.288761706749888390e+03
1.311014768665666679e+03
1.292602951807875115e+03
1.288966104823990463e+03
1.287979009819257499e+03
1.278987240941553409e+03
1.283988673499850847e+03
1.286383929096230531e+03
1.286907220386744484e+03
1.278409634960129097e+03
1.283396032287876096e+03
1.285808323412026311e+03
1.286337110695780439e+03
1.277841430653038742e+03
1.277827577444519648e+03
1.277813724236000553e+03
1.277799871027481458e+03
1.286265207700050723e+03
1.278285940694200235e+03
1.277605014389834196e+03
1.277508875242090426e+03
1.284161948418262455e+03
1.277909837427364209e+03
1.277663269392997108e+03
1.277675261941121335e+03
1.284473006974103328e+03
1.278117374508985449e+03
1.277865452055785681e+03
1.277877425907860015e+03
1.284675708375332988e+03
1.284854896988216069e+03
1.285034085601099150e+03
1.285213274213982231e+03
1.278592118790489167e+03
1.282269594825592776e+03
1.284649058112916919e+03
1.285458624659431507e+03
1.285800371204986050e+03
1.286020508582087132e+03
1.286209953701250015e+03
1.286391707647671865e+03
1.286571537669371310e+03
1.286750886639172904e+03
1.286930115341580176e+03
1.287109313976862722e+03
1.287288505095346864e+03
1.287467693697303957e+03
1.287646882299261051e+03
1.287826070901218145e+03
1.281204916366116549e+03
1.284882391708071054e+03
1.287261854820023473e+03
1.288071421315130692e+03
1.288413167839681819e+03
1.288633305203340569e+03
1.288822750310948777e+03
1.289004504246287297e+03
1.282384221345351079e+03
1.286061640564357276e+03
1.288441130659864484e+03
1.289250706368883812e+03
1.282851058757112241e+03
1.282837208508402910e+03
1.282823358259693578e+03
1.282809508010984246e+03
1.291274622101436762e+03
1.283295525374914178e+03
1.282614645448343026e+03
1.282518520150481663e+03
1.282489391577857305e+03
1.282472052496303149e+03
1.282457350712382549e+03
1.282443288871951381e+03
1.290908578361563741e+03
1.282929255142463035e+03
1.282248358177373120e+03
1.282152231193666466e+03
1.290660481013199615e+03
1.290455716780102875e+03
1.290250952547006136e+03
1.290046188313909397e+03
1.312298876987992116e+03
1.293887338815208295e+03
1.290250574537197053e+03
1.289263504719738421e+03
1.288867969873785569e+03
1.288615814460239562e+03
1.288399221291211006e+03
1.288191501003097073e+03
1.287985997829935513e+03
1.287781048866428137e+03
1.287576238451016479e+03
1.287371462672359030e+03
1.287166695552873080e+03
1.286961931309099327e+03
1.286757167065325575e+03
1.286552402821551823e+03
1.308805092231814797e+03
1.290393553509353524e+03
1.286756789068213948e+03
1.285769719201075986e+03
1.276778411459293238e+03
1.281779508847757825e+03
1.284174688649761265e+03
1.284697965412265148e+03
1.284680025851806704e+03
1.284522267621590117e+03
1.284329273604596210e+03
1.284127453087466392e+03
1.275386272552370883e+03
1.275371658583842645e+03
1.275357044615314408e+03
1.275342430646786170e+03
1.283864968974358362e+03
1.275841943420261941e+03
1.275149097169324705e+03
1.275049398222314949e+03
1.281642488686365141e+03
1.275433079967414642e+03
1.275196906299067905e+03
1.275210928656671058e+03
1.275208725942552974e+03
1.275197542992616036e+03
1.275183807290424738e+03
1.275169414170442678e+03
1.283691780542703327e+03
1.283487021744178719e+03
1.283282262945654111e+03
1.283077504147129503e+03
1.305329818104010883e+03
1.286918559718191773e+03
1.283281878472825383e+03
1.282294833942138666e+03
1.281899309520275438e+03
1.281647160790305861e+03
1.281430573368201749e+03
1.281222858592754164e+03
1.272480207686421863e+03
1.277473571770934996e+03
1.279877182143910204e+03
1.280403187120952452e+03
1.302794072171453081e+03
1.302430864916337441e+03
1.302067657661221801e+03
1.301704450406106162e+03
1.334267501750816791e+03
1.308293290429898207e+03
1.302274128427804044e+03
1.300552423472289320e+03
1.277396114113526437e+03
1.292808700929200086e+03
1.297462820475185708e+03
1.298414236050881073e+03
1.298383334086285458e+03
1.298103429354127456e+03
1.297761061837432862e+03
1.297403065398185390e+03
1.329967294541534329e+03
1.329500234953257859e+03
1.329033175364981389e+03
1.328566115776704919e+03
1.366530707803408177e+03
1.336911858588626274e+03
1.329415897900934397e+03
1.327218394416302772e+03
1.293362348536311401e+03
1.316883653091407496e+03
1.323098043717006476e+03
1.324334647600300059e+03
1.291401324582037887e+03
1.315076741862667632e+03
1.321341948815244677e+03
1.322591806302867326e+03
1.322555932572184247e+03
1.322089148388789908e+03
1.321622364205395570e+03
1.321155580022001232e+03
1.359110019424883831e+03
1.329496799303762145e+03
1.322004494257825627e+03
1.319808234940380771e+03
1.285984915974957858e+03
1.309480766851838325e+03
1.315690774892928403e+03
1.316926608457027896e+03
1.284025663790180943e+03
1.307675356345467662e+03
1.313936139312024807e+03
1.315185217978961191e+03
1.315149363738729107e+03
1.314682856067169723e+03
1.314216348395610339e+03
1.313749840724050955e+03
1.351694037496281226e+03
1.322086516694916554e+03
1.314597885058318070e+03
1.312402875116365976e+03
1.278612363275621874e+03
1.302082704755189297e+03
1.308288315485084013e+03
1.309523375799279393e+03
1.276654887506598243e+03
1.300278799252618228e+03
1.306535143386058508e+03
1.307783440270188294e+03
1.274918544266778326e+03
1.274556930454262101e+03
1.274195316641745876e+03
1.273833702829229651e+03
1.306301150355368691e+03
1.280395172475093432e+03
1.274399464695708275e+03
1.272685113767039184e+03
1.249679696755330497e+03
1.264979919354781941e+03
1.269610846266210729e+03
1.270557928902387630e+03
1.248316046663443103e+03
1.263690315976747115e+03
1.268357712771408842e+03
1.269314884332767178e+03
1.247075965980793171e+03
1.246874725454943018e+03
1.246673484929093320e+03
1.246472244403243167e+03
1.268481729735157614e+03
1.250251835501644791e+03
1.246668923620533633e+03
1.245698250442196240e+03
1.237007459831220558e+03
1.241790176468145091e+03
1.244135934603074020e+03
1.244649736476151247e+03
1.236446849013841302e+03
1.241212728434843257e+03
1.243575097659013863e+03
1.244094292951858961e+03
1.235893286249463017e+03
1.235883293685975559e+03
1.235873301122488101e+03
1.235863308559000643e+03
1.244038097716329503e+03
1.236281149590848372e+03
1.235660730255394583e+03
1.235582657214972869e+03
1.242539849397654280e+03
1.236071287267154503e+03
1.235771986283557681e+03
1.235773679005781560e+03
1.243898339359988086e+03
1.236198261135702296e+03
1.235581960823138843e+03
1.235504262048636292e+03
1.235482593703342218e+03
1.235471837298344326e+03
1.235461080893346434e+03
1.235450324488348542e+03
1.243682634576777218e+03
1.235881665925332982e+03
1.235249272888643873e+03
1.235167625260350860e+03
1.235144437656906348e+03
1.235130904257008069e+03
1.235119474279563292e+03
1.235108550773735260e+03
1.235097752674297681e+03
1.235086985850738074e+03
1.235076226841415064e+03
1.235065469785355617e+03
1.242033854454283073e+03
1.242215214260538005e+03
1.242396574066792937e+03
1.242577933873047868e+03
1.235780152442613371e+03
1.239595453483774918e+03
1.242009771700783176e+03
1.242829554256605434e+03
1.243175474567674883e+03
1.243398283230085326e+03
1.243590024530979917e+03
1.243773980915696711e+03
1.243955989941863436e+03
1.244137512057802041e+03
1.244318912441772000e+03
1.244500282392473991e+03
1.244681644734841711e+03
1.244863004530190210e+03
1.245044364325538709e+03
1.245225724120887207e+03
1.238427943578112945e+03
1.242243243926533523e+03
1.244657561968431310e+03
1.245477344472934874e+03
1.245823264763038651e+03
1.246046073412030410e+03
1.246237814701390789e+03
1.246421771075044262e+03
1.246603780090265218e+03
1.246785302195287841e+03
1.246966702568349092e+03
1.247148072508144196e+03
1.240350295400049390e+03
1.240339538959949550e+03
1.240328782519849710e+03
1.240318026079749870e+03
1.248550338811122401e+03
1.240749368137124975e+03
1.240116974550216128e+03
1.240035326757656549e+03
1.240012139086806883e+03
1.239998605643730343e+03
1.239987175629164767e+03
1.239976252087730245e+03
1.248208751650972090e+03
1.240407556954135771e+03
1.239775147017353447e+03
1.239693497712537692e+03
1.246590551712301931e+03
1.246771196515639076e+03
1.246951841318976221e+03
1.247132486122313367e+03
1.240392889038430667e+03
1.244162784038896916e+03
1.246565622872751419e+03
1.247382041080183626e+03
1.247726586908136824e+03
1.247948515879913202e+03
1.248139501017416478e+03
1.248322732109813842e+03
1.269592329616388952e+03
1.252884571596681553e+03
1.250001130183543410e+03
1.249493348796223700e+03
1.242527665863533457e+03
1.242516909400032318e+03
1.242506152936531180e+03
1.242495396473030041e+03
1.250727710966365294e+03
1.242926738943998771e+03
1.242294344990276613e+03
1.242212697088205914e+03
1.250491073412611968e+03
1.242632651555045641e+03
1.241996065217563000e+03
1.241914029748874327e+03
1.248810797446433526e+03
1.242385235229469117e+03
1.242096377490334362e+03
1.242100108312642533e+03
1.250283014262706274e+03
1.250082478756853334e+03
1.249881943251000394e+03
1.249681407745147453e+03
1.271642175347501279e+03
1.253448680217020410e+03
1.249876546686159372e+03
1.248909154375770413e+03
1.248521730798618819e+03
1.248274775996913377e+03
1.248062654604001636e+03
1.247859223810201684e+03
1.269819460096280864e+03
1.251625605464444561e+03
1.248053414378849538e+03
1.247086009975545949e+03
1.268909123910061908e+03
1.268548044277764575e+03
1.268186964645467242e+03
1.267825885013169909e+03
1.300261231267401399e+03
1.274378177437873774e+03
1.268390335581710588e+03
1.266678450208444701e+03
1.243723564226069129e+03
1.258986166881698637e+03
1.263609321790368767e+03
1.264554952039603677e+03
1.297288310724605026e+03
1.271517686923384190e+03
1.265552859859046066e+03
1.263846304770083407e+03
1.295981135737398745e+03
1.295514908884717670e+03
1.295048682032036595e+03
1.294582455179355520e+03
1.332516199926432819e+03
1.302914515450944464e+03
1.295429617556937274e+03
1.293235876661475004e+03
1.259478630948881801e+03
1.282923112893942744e+03
1.289124260745410311e+03
1.290358535932972245e+03
1.257522956757740531e+03
1.281120734063907548e+03
1.287372573196847725e+03
1.288620076291327223e+03
1.255788087970154947e+03
1.255427012466597262e+03
1.255065936963039576e+03
1.254704861459481890e+03
1.287139959499509359e+03
1.261257082949155119e+03
1.255269301895844819e+03
1.253557435579558387e+03
1.230602940053115617e+03
1.245865252034439436e+03
1.250488346878275934e+03
1.251433965902182536e+03
1.229242123975800268e+03
1.244578137053557612e+03
1.249237632548101601e+03
1.250193324581746765e+03
1.250165171883411631e+03
1.249804629426615975e+03
1.249444086969820319e+03
1.249083544513024663e+03
1.281486583689536246e+03
1.255626607418873618e+03
1.249646677204615798e+03
1.247937271320603031e+03
1.225033172783839518e+03
1.240257968987428740e+03
1.244873309828828951e+03
1.245817479634020401e+03
1.223675161729168849e+03
1.238973317167469759e+03
1.243624990127769024e+03
1.244579217184273602e+03
1.244551103896272252e+03
1.244191095341244818e+03
1.243831086786217384e+03
1.243471078231189949e+03
1.275841981702189514e+03
1.250004967036706603e+03
1.244032901842571164e+03
1.242325960444592738e+03
1.219472313213297866e+03
1.234659557534399028e+03
1.239267133428340458e+03
1.240209851775770630e+03
1.240179209372106016e+03
1.239901770749920843e+03
1.239562418923216455e+03
1.239207575440126675e+03
1.216737802449947367e+03
1.216537983446563885e+03
1.216338164443180403e+03
1.216138345439796922e+03
1.238049582195158564e+03
1.219893098015844544e+03
1.216331919608092221e+03
1.215367861683226010e+03
1.206798162160865786e+03
1.211492909661503745e+03
1.213818738330304768e+03
1.214328718344397885e+03
1.206244390097249379e+03
1.210921576555267848e+03
1.213263845477892346e+03
1.213779177603024436e+03
1.205696720189301459e+03
1.205688279154842121e+03
1.205679838120382783e+03
1.205671397085923445e+03
1.213729295316139542e+03
1.206061814110946671e+03
1.205465719312598367e+03
1.205394907266326300e+03
1.205376165828442481e+03
1.205365480531884941e+03
1.205356499110114328e+03
1.205347924271226702e+03
1.212496090549498604e+03
1.205887970753027730e+03
1.205564510464827208e+03
1.205561977828116824e+03
1.212776007436445980e+03
1.212960236624011941e+03
1.213144465811577902e+03
1.213328694999143863e+03
1.206297224759812025e+03
1.210294927794052455e+03
1.212755325780190560e+03
1.213588610614223171e+03
1.206783177311620193e+03
1.210767663327659648e+03
1.213235264648606062e+03
1.214070981215394340e+03
1.214423064242338342e+03
1.214649567291699213e+03
1.214844384329396235e+03
1.215031261690795191e+03
1.208000684239148768e+03
1.207993007076322328e+03
1.207985329913495889e+03
1.207977652750669449e+03
1.215977975255734691e+03
1.208354567131043041e+03
1.207770449788167980e+03
1.207703212692308625e+03
1.207685938115682120e+03
1.207676192447838275e+03
1.207668018837511909e+03
1.207660218855243102e+03
1.214867750055464967e+03
1.208216726972404103e+03
1.207882794448452387e+03
1.207878213227993001e+03
1.215826015795198373e+03
1.215628308095547482e+03
1.215430600395896590e+03
1.215232892696245699e+03
1.236998062995206510e+03
1.218950749407750436e+03
1.215421859424240211e+03
1.214467627352231375e+03
1.206077627458387951e+03
1.210641855573701378e+03
1.212938092610429067e+03
1.213442396725177105e+03
1.205534005368266207e+03
1.210079599498994185e+03
1.212392023192020361e+03
1.212901618072439760e+03
1.204995082797294117e+03
1.204988942440614892e+03
1.204982802083935667e+03
1.204976661727256442e+03
1.212861097188274243e+03
1.205326408911486396e+03
1.204766391864868638e+03
1.204706347305922691e+03
1.211966533433565701e+03
1.205282411075087794e+03
1.204930518305541000e+03
1.204921935198307665e+03
1.212312291404272628e+03
1.205521424650791459e+03
1.205163295263612099e+03
1.205154472012289034e+03
1.212545308986553209e+03
1.212731678037175698e+03
1.212918047087798186e+03
1.213104416138420675e+03
1.205898472795011003e+03
1.210032394966751781e+03
1.212527169658051662e+03
1.213370524754091548e+03
1.213726074746916993e+03
1.213955046462097016e+03
1.214152085377733101e+03
1.214341123094296563e+03
1.207136076561664140e+03
1.211269949633387341e+03
1.213764752990146235e+03
1.214608117708428153e+03
1.236404621116005274e+03
1.236753808092457803e+03
1.237102995068910332e+03
1.237452182045362861e+03
1.216360418163524628e+03
1.231449650727272683e+03
1.236598227979414787e+03
1.238210384670365784e+03
1.217488225658983765e+03
1.232610200892302828e+03
1.237776175424417715e+03
1.239393184991980434e+03
1.240063187843906462e+03
1.240492818186485238e+03
1.240862130937440497e+03
1.241216350290369746e+03
1.241566795419237451e+03
1.241915980242930573e+03
1.242265165066623695e+03
1.242614349890316817e+03
1.221522779959556601e+03
1.236611857655608901e+03
1.241760399172496591e+03
1.243372545654764735e+03
1.222650578800087260e+03
1.237772398488066983e+03
1.242938337146849335e+03
1.244555336473803891e+03
1.277475597388464166e+03
1.252986285303870545e+03
1.247912253692704098e+03
1.246963233988371258e+03
1.279309080288924861e+03
1.279768935872767315e+03
1.280228791456609770e+03
1.280688647040452224e+03
1.248831011529738589e+03
1.272651078419694841e+03
1.279686418652360771e+03
1.281826735998061395e+03
1.250424924987338500e+03
1.274318490339103391e+03
1.281378709648441372e+03
1.283525546044963676e+03
1.284409296074582471e+03
1.284975257126606039e+03
1.285461647279828640e+03
1.285928137018056759e+03
1.286389651172488584e+03
1.286849505575489275e+03
1.287309359978489965e+03
1.287769214381490656e+03
1.255911709212839014e+03
1.279731667977489224e+03
1.286766987111659319e+03
1.288907298756592354e+03
1.257505617285161634e+03
1.281399073961606291e+03
1.288459272085157636e+03
1.290606102762648334e+03
1.291489850506256516e+03
1.292055810102988744e+03
1.292542199006872579e+03
1.293008687547141790e+03
1.293470200516453133e+03
1.293930053738595461e+03
1.294389906960737790e+03
1.294849760182880118e+03
1.262992385357443482e+03
1.286812235995925903e+03
1.293847534031345504e+03
1.295987839975433417e+03
1.296869938782808504e+03
1.297435484234339583e+03
1.297921768652635819e+03
1.298388230181893960e+03
1.266532638478450735e+03
1.290352776529705807e+03
1.297388171761364219e+03
1.299528503171050033e+03
1.268126958185245940e+03
1.268476136542208451e+03
1.268825314899170962e+03
1.269174493256133474e+03
1.248083505937870314e+03
1.263172118424954078e+03
1.268320552595911067e+03
1.269932668412056955e+03
1.249211278779693657e+03
1.264332631223131102e+03
1.269498462121206558e+03
1.271115430686138552e+03
1.304035282253086734e+03
1.279546241887509950e+03
1.274472292972516925e+03
1.273523290197765618e+03
1.305868740863662651e+03
1.306328592900335025e+03
1.306788444937007398e+03
1.307248296973679771e+03
1.275391052999789508e+03
1.299210795090512647e+03
1.306246071944829509e+03
1.308386372165812190e+03
1.276984950280429985e+03
1.300878189180770505e+03
1.307938344849544137e+03
1.310085164066485049e+03
1.310968907229081651e+03
1.311534863909507294e+03
1.312021250309798916e+03
1.312487736449438671e+03
1.351173454306630674e+03
1.351673425270070084e+03
1.352173396233509493e+03
1.352673367196948902e+03
1.314949130897604846e+03
1.343834297668227009e+03
1.351676285677285250e+03
1.354016337424235417e+03
1.316764297780704510e+03
1.345752356564805268e+03
1.353622882825437955e+03
1.355970119251942606e+03
1.318719924196249394e+03
1.347708384723694735e+03
1.355579022458784266e+03
1.357926286950380927e+03
1.320676099100109695e+03
1.321135647095707554e+03
1.321595195091305413e+03
1.322054743086903272e+03
1.290231036330473671e+03
1.314022960786839576e+03
1.321052806676275623e+03
1.323191639170715462e+03
1.291823547632561713e+03
1.315688827453215708e+03
1.322743529692689663e+03
1.324888876481252964e+03
1.325772031053835690e+03
1.326337613029366139e+03
1.326823677752242247e+03
1.327289855443573288e+03
1.365963112414718353e+03
1.366463074450003660e+03
1.366963036485288967e+03
1.367462998520574274e+03
1.329750909036355779e+03
1.358624459718283561e+03
1.366465590794367017e+03
1.368805552355672489e+03
1.331565738018016646e+03
1.360542093475337424e+03
1.368411756760802064e+03
1.370758902513130124e+03
1.371720785519101128e+03
1.372336232916486551e+03
1.372865066570136605e+03
1.373372246526719891e+03
1.373874013043363675e+03
1.374373975041575704e+03
1.374873937039787734e+03
1.375373899037999763e+03
1.337661856993001493e+03
1.366535362342021472e+03
1.374376490047181278e+03
1.376716451246651559e+03
1.339476684651418054e+03
1.368452994435908295e+03
1.376322654326806060e+03
1.378669799715364888e+03
1.379631682634677645e+03
1.380247129984599496e+03
1.380775963598704038e+03
1.381283143517603548e+03
1.381784909997022169e+03
1.382284871958142958e+03
1.382784833919263747e+03
1.383284795880384536e+03
1.345572801275970960e+03
1.374446261291038581e+03
1.382287385624990748e+03
1.384627346462541709e+03
1.347387627611078187e+03
1.376363891721689470e+03
1.384233548217735233e+03
1.386580693242439793e+03
1.387542576075059515e+03
1.388158023377495510e+03
1.388686856952035214e+03
1.389194036833233213e+03
1.389695803275408025e+03
1.390195765199419156e+03
1.390695727123430288e+03
1.391195689047441419e+03
1.353483741884977462e+03
1.382357156565047489e+03
1.390198277527508253e+03
1.392538238003054857e+03
1.355298566896708962e+03
1.384274785332392639e+03
1.392144438433301730e+03
1.394491583094066982e+03
1.433788383580436175e+03
1.405838777175370069e+03
1.399014871987753395e+03
1.397681337513194194e+03
1.397722935732122551e+03
1.398222906500749332e+03
1.398722877269376113e+03
1.399222848038002894e+03
1.361498894289768941e+03
1.390383790658744374e+03
1.398225758875564907e+03
1.400565808580808380e+03
1.363314053333696620e+03
1.392301839682297214e+03
1.400172346010409683e+03
1.402519580383998118e+03
1.403481484040646819e+03
1.404096942647211790e+03
1.404625785621693240e+03
1.405132974456523925e+03
1.443947221599862814e+03
1.444411204466473691e+03
1.444875187333084568e+03
1.445339170199695445e+03
1.407490681209055992e+03
1.437044049752443925e+03
1.444499003396951139e+03
1.446682596192723395e+03
1.409250801161751497e+03
1.438920792561098551e+03
1.446403599599913832e+03
1.448593949078401010e+03
1.449487590254776478e+03
1.450058864354653224e+03
1.450549662281441897e+03
1.451020348428227408e+03
1.484054475817302546e+03
1.484411835728788901e+03
1.484769195640275257e+03
1.485126555551761612e+03
1.452915446730513395e+03
1.478638190807420870e+03
1.484571215027157905e+03
1.486265928739718902e+03
1.454352573373657833e+03
1.480187918946188347e+03
1.486143871544463764e+03
1.487843885341467512e+03
1.488533219376234456e+03
1.488973340291723389e+03
1.489351375891111047e+03
1.489713903813908473e+03
1.511938916823188947e+03
1.512135250614815050e+03
1.512331584406441152e+03
1.512527918198067255e+03
1.490857890837802870e+03
1.508834074053329232e+03
1.512341946960132191e+03
1.513289784577727687e+03
1.491753241272139576e+03
1.509820862583460439e+03
1.513343248320617477e+03
1.514294122558929985e+03
1.492758107128699976e+03
1.510826085917091177e+03
1.514348528368627740e+03
1.515299414470275906e+03
1.523573526523818146e+03
1.523579711996566402e+03
1.523585897469314659e+03
1.523592082942062916e+03
1.515704244382150819e+03
1.523241538177080201e+03
1.523802262799325263e+03
1.523862518514031535e+03
1.515924297889624086e+03
1.523518103942357811e+03
1.524082760238787387e+03
1.524143337847225212e+03
1.516886966402740654e+03
1.523568358529249963e+03
1.523919623365854932e+03
1.523928085669707571e+03
1.516541191423406872e+03
1.516354869802090434e+03
1.516168548180773996e+03
1.515982226559457558e+03
1.523184300928445964e+03
1.519053399785720785e+03
1.516559387156870343e+03
1.515716255272379385e+03
1.522690412909203133e+03
1.518572203458643344e+03
1.516070861923477878e+03
1.515225267838046193e+03
1.514869154765985513e+03
1.514640075432593676e+03
1.514443045033287490e+03
1.514254045008345429e+03
1.492579645293203839e+03
1.492229948438083056e+03
1.491880251582962273e+03
1.491530554727841491e+03
1.512668266290072779e+03
1.497542343245672100e+03
1.492385301476920176e+03
1.490770726826095370e+03
1.511538408602639265e+03
1.496379582310824389e+03
1.491205110553306895e+03
1.489585675464088581e+03
1.510351916681715920e+03
1.495192962267518624e+03
1.490018422445287570e+03
1.488398968371219780e+03
1.487727977121968934e+03
1.487378831027193200e+03
1.487029684932417467e+03
1.486680538837641734e+03
1.507768619582635438e+03
1.492682327950287117e+03
1.487534429319508263e+03
1.485922466494857417e+03
1.506640976445682554e+03
1.491521955011977525e+03
1.486356661723351408e+03
1.484739846628357554e+03
1.484069922635057992e+03
1.483640342641872849e+03
1.483271073137862913e+03
1.482916895257823171e+03
1.504003521879629034e+03
1.503817920603490620e+03
1.503632319327352207e+03
1.503446718051213793e+03
1.510590041609631271e+03
1.506505013215128656e+03
1.504022573970617032e+03
1.503182832127483380e+03
1.510098885956912682e+03
1.506026730240610505e+03
1.503537005328097166e+03
1.502694811773632409e+03
1.509609984235187540e+03
1.505537879236469280e+03
1.503048125890327583e+03
1.502205922760450449e+03
1.501851194540147162e+03
1.501666308467093586e+03
1.501481422394040010e+03
1.501296536320986434e+03
1.508381547487045964e+03
1.504342045969560559e+03
1.501871096304975026e+03
1.501034720223527074e+03
1.507893104189421138e+03
1.503866654902552909e+03
1.501388462490450365e+03
1.500549645111804466e+03
1.507407150223877807e+03
1.503380752355947607e+03
1.500902531677885918e+03
1.500063704764508657e+03
1.478373839273104750e+03
1.478025799341261290e+03
1.477677759409417831e+03
1.477329719477574372e+03
1.498318194313816548e+03
1.483311427903758840e+03
1.478181887987301934e+03
1.476575170517140350e+03
1.497194996972037188e+03
1.482155848563459585e+03
1.477008984913079303e+03
1.475397431575197970e+03
1.496015822890217351e+03
1.480976548396090720e+03
1.475829617096132324e+03
1.474218044869386404e+03
1.473550249748705255e+03
1.473202763060594407e+03
1.472855276372483559e+03
1.472507789684372710e+03
1.493446483826021904e+03
1.478479456019964573e+03
1.473359095849878940e+03
1.471755001670881256e+03
1.492325509052252301e+03
1.477326272925661669e+03
1.472188624476238374e+03
1.470579702632081080e+03
1.491148776684391805e+03
1.476149415150914365e+03
1.471011699190433319e+03
1.469402758489454300e+03
1.468736030533520761e+03
1.468389097913237947e+03
1.468042165292955133e+03
1.467695232672672319e+03
1.488584096461767103e+03
1.473656842755337948e+03
1.468545674475009946e+03
1.466944207391427199e+03
1.487465346914498241e+03
1.472506058641907202e+03
1.467377637577827954e+03
1.465771351043094683e+03
1.486291059051321554e+03
1.471331646050803784e+03
1.466203157614346992e+03
1.464596852254880105e+03
1.485116554671327094e+03
1.484934533778372042e+03
1.484752512885416991e+03
1.484570491992461939e+03
1.491422086945319279e+03
1.487564787656198178e+03
1.485139854639376608e+03
1.484316961360175583e+03
1.490944504587566598e+03
1.487100975424927810e+03
1.484668971513275437e+03
1.483843678651060145e+03
1.483495848757982458e+03
1.483272064637772701e+03
1.483079583517180708e+03
1.482894946353754221e+03
1.489745656291204796e+03
1.489755706274571594e+03
1.489765756257938392e+03
1.489775806241305190e+03
1.481596692489141788e+03
1.489356950330615291e+03
1.489978269796818040e+03
1.490056611550503249e+03
1.481830767936379743e+03
1.489648331005352475e+03
1.490273802580288475e+03
1.490352521751638506e+03
1.490374405770297699e+03
1.490387080857171441e+03
1.490397766277646497e+03
1.490407973817853645e+03
1.483384909007360420e+03
1.483202893717168763e+03
1.483020878426977106e+03
1.482838863136785449e+03
1.489690001948261624e+03
1.485833058662922895e+03
1.483408215611601918e+03
1.482585348696317851e+03
1.489212440820825577e+03
1.485369269063585989e+03
1.482937355453343571e+03
1.482112089036606449e+03
1.488738312404003636e+03
1.484895194875356765e+03
1.482463253671811799e+03
1.481637977883611484e+03
1.481290156286376032e+03
1.481108858378020614e+03
1.480927560469665195e+03
1.480746262561309777e+03
1.487539006224102650e+03
1.483727636706834573e+03
1.481314312307874616e+03
1.480494821007273458e+03
1.487064163188134671e+03
1.483266744592096529e+03
1.480846392639695523e+03
1.480024512280520867e+03
1.486592988228702325e+03
1.482795624561983459e+03
1.480375245184281084e+03
1.479553355494436573e+03
1.458122969103384321e+03
1.457777707969074982e+03
1.457432446834765642e+03
1.457087185700456303e+03
1.477825871020684190e+03
1.463018463339503796e+03
1.457935015512248128e+03
1.456341473105692785e+03
1.476713830507823332e+03
1.461874911337284175e+03
1.456774317736620560e+03
1.455175980653926445e+03
1.422504733729922691e+03
1.446828597385914009e+03
1.451852416946387621e+03
1.452791162555096889e+03
1.452763141382095000e+03
1.452417328053876417e+03
1.452071514725657835e+03
1.451725701397439252e+03
1.472513975455192622e+03
1.457666998902805290e+03
1.452574394840359901e+03
1.450978234531812632e+03
1.471399719187727669e+03
1.456521058523263036e+03
1.451411273347116094e+03
1.449810310178495911e+03
1.470230366986659646e+03
1.455351582963693545e+03
1.450241730695181332e+03
1.448640748766639717e+03
1.447977248542719508e+03
1.447631991759527182e+03
1.447286734976334856e+03
1.446941478193142530e+03
1.467679772864579036e+03
1.452872676881836242e+03
1.447789301196936549e+03
1.446195779418237180e+03
1.466567749808645885e+03
1.451729143696049505e+03
1.446628622516167297e+03
1.445030306125813013e+03
1.465400850492911331e+03
1.450562121701660772e+03
1.445461533568574623e+03
1.443863198450520940e+03
1.464233737247291174e+03
1.464053881003644847e+03
1.463874024759998520e+03
1.463694168516352192e+03
1.470369617173232655e+03
1.466649778415912579e+03
1.464259598564248336e+03
1.463446890724982723e+03
1.469900234948851676e+03
1.466194707200174207e+03
1.463797586192226390e+03
1.462982510278812697e+03
1.469434993344783379e+03
1.465729521931957834e+03
1.463332373836219858e+03
1.462517288674108386e+03
1.462173625330679670e+03
1.461994487756979424e+03
1.461815350183279179e+03
1.461636212609578934e+03
1.468253218081478281e+03
1.464578979953395901e+03
1.462200335886500170e+03
1.461391009483397056e+03
1.467786557316284643e+03
1.464126809489175002e+03
1.461741267321297983e+03
1.460929583303892969e+03
1.460587306536875985e+03
1.460367072448613271e+03
1.460177641279017962e+03
1.459995929089875972e+03
1.459816147786289548e+03
1.459637013020685117e+03
1.459457878255080686e+03
1.459278743489476255e+03
1.465895520640294535e+03
1.462221460654118346e+03
1.459842861659275968e+03
1.459033548468475601e+03
1.465428870507813599e+03
1.461769301522893329e+03
1.459383804595283436e+03
1.458572133831050223e+03
1.464966597252971042e+03
1.461307085306967792e+03
1.458921561460420207e+03
1.458109881488508563e+03
1.436836161628755008e+03
1.436492581573343386e+03
1.436149001517931765e+03
1.435805421462520144e+03
1.456393287453747689e+03
1.441706199759082665e+03
1.436650617665522304e+03
1.435065044484548253e+03
1.455287988594095623e+03
1.440569913843594577e+03
1.435497293494530822e+03
1.433906950547676843e+03
1.454128474134684438e+03
1.439410278749468489e+03
1.434337591866181583e+03
1.432747230288687433e+03
1.452968748326854211e+03
1.452791052177263737e+03
1.452613356027673262e+03
1.452435659878082788e+03
1.458935503597628667e+03
1.455352670970330109e+03
1.452997160485003405e+03
1.452194615931603494e+03
1.458474299705842895e+03
1.454906316560668529e+03
1.452543994302281135e+03
1.451739113111933193e+03
1.458017943336058124e+03
1.454450018630052000e+03
1.452087669789309757e+03
1.451282779473068331e+03
1.457561606363111423e+03
1.457577056581780653e+03
1.457592506800449883e+03
1.457607957019119112e+03
1.449022560768860330e+03
1.457093667825899729e+03
1.457799615598306900e+03
1.457903227499351487e+03
1.449276210574407969e+03
1.457405725417313079e+03
1.458116132973560070e+03
1.458220199857625857e+03
1.449593027308184901e+03
1.457722770698298973e+03
1.458433195702372132e+03
1.458537264365402280e+03
1.452010433405463345e+03
1.451834177557574321e+03
1.451657921709685297e+03
1.451481665861796273e+03
1.457864514490293459e+03
1.454372943209867572e+03
1.452040543579247696e+03
1.451244775276464907e+03
1.457408761214342803e+03
1.453932397756042747e+03
1.451593272576687696e+03
1.450795188595607897e+03
1.429730253245081258e+03
1.446128584020322251e+03
1.448940068563604655e+03
1.449433438852070822e+03
1.449419693243380379e+03
1.449242722660891332e+03
1.449065752078402284e+03
1.448888781495913236e+03
1.455329678302279262e+03
1.451792828638633409e+03
1.449448961076818023e+03
1.448649830170485529e+03
1.454871220465935039e+03
1.451349400871979242e+03
1.448998764978048939e+03
1.448197307993204276e+03
1.454417847295055708e+03
1.450896086845653826e+03
1.448545424539070609e+03
1.447743958469577365e+03
1.426627158682729032e+03
1.426285264902369363e+03
1.425943371122009694e+03
1.425601477341650025e+03
1.446038277603461665e+03
1.431471669166224729e+03
1.426444025205677917e+03
1.424866444955765019e+03
1.444939735383393554e+03
1.430342664308936492e+03
1.425298089837143834e+03
1.423715764801706655e+03
1.443787640245176590e+03
1.429190450585188728e+03
1.424145810000124811e+03
1.422563466431631923e+03
1.442635336347896100e+03
1.442459806911360602e+03
1.442284277474825103e+03
1.442108748038289605e+03
1.448432619103367415e+03
1.444987047585336086e+03
1.442666302055048845e+03
1.441873951211327494e+03
1.447979614067929333e+03
1.444549430887317158e+03
1.442222003281492107e+03
1.441427347329004078e+03
1.447532164271469810e+03
1.444102041634824218e+03
1.441774587953307446e+03
1.440979922998085385e+03
1.447084736636297521e+03
1.447102501585016171e+03
1.447120266533734821e+03
1.447138031482453471e+03
1.438378753693395311e+03
1.446582844865616380e+03
1.447325050713243627e+03
1.447439493165335534e+03
1.438640786688787330e+03
1.446903756266700611e+03
1.447650553650529446e+03
1.447765484324539784e+03
1.447802210648695791e+03
1.447824382694729593e+03
1.447843228588281818e+03
1.447861262471341661e+03
1.439101823133270045e+03
1.439309459452588499e+03
1.439517095771906952e+03
1.439724732091225405e+03
1.417274173247221825e+03
1.435833417712438177e+03
1.439514053319634741e+03
1.440514486116527678e+03
1.418208633559640020e+03
1.436861104143825514e+03
1.440556862874500439e+03
1.441560492442296891e+03
1.441962297981113579e+03
1.442218173647124104e+03
1.442437850850652922e+03
1.442648496206221125e+03
1.442856884710547547e+03
1.443064523766012144e+03
1.443272162821476741e+03
1.443479801876941337e+03
1.421029054682881451e+03
1.439588439713631942e+03
1.443269117106001659e+03
1.444269562632732459e+03
1.444670611639443905e+03
1.444926302576982835e+03
1.445145935797735319e+03
1.445356572218924384e+03
1.445564960542340941e+03
1.445772786910200921e+03
1.445980472793477247e+03
1.446188123555877155e+03
1.446395765538074329e+03
1.446603404604185471e+03
1.446811043670296613e+03
1.447018682736407754e+03
1.424567934809469534e+03
1.443127320387166492e+03
1.446807997942124302e+03
1.447808443518387094e+03
1.425502404610430858e+03
1.444155016737123788e+03
1.447850817563584087e+03
1.448854459949651982e+03
1.458092308758541321e+03
1.452912679676692278e+03
1.450477192217193760e+03
1.449946195087142769e+03
1.458683774103854830e+03
1.458700781555581443e+03
1.458717789007308056e+03
1.458734796459034669e+03
1.450032403986072723e+03
1.458192992982109672e+03
1.458923334445574483e+03
1.459034232666403113e+03
1.450291694043783082e+03
1.458511007565384716e+03
1.459245897457456977e+03
1.459357273023302696e+03
1.459392542076593372e+03
1.459413781663057762e+03
1.459431826317842933e+03
1.459449091768397466e+03
1.459466163638459648e+03
1.459483174096205175e+03
1.459500184553950703e+03
1.459517195011696231e+03
1.450814576763745436e+03
1.458975338424592337e+03
1.459705726972281354e+03
1.459816639258028772e+03
1.451073877707310430e+03
1.459293364504624151e+03
1.460028301652003393e+03
1.460139691325932517e+03
1.451396779921447205e+03
1.459616496505036594e+03
1.460351451447167619e+03
1.460462842987580871e+03
1.451719930997835490e+03
1.451927578272339815e+03
1.452135225546844140e+03
1.452342872821348465e+03
1.429891559849125088e+03
1.448451367119386759e+03
1.452132170029063218e+03
1.453132653794621774e+03
1.430826058005180585e+03
1.449479093109498990e+03
1.453175019733026375e+03
1.454178700424641193e+03
1.431872676323730957e+03
1.450526075888369633e+03
1.454222061612208108e+03
1.455225754793333408e+03
1.464464309097455498e+03
1.464482858576962371e+03
1.464501408056469245e+03
1.464519957535976118e+03
1.455701782278141764e+03
1.463950910742072892e+03
1.464705403269797216e+03
1.464823516364932630e+03
1.455966655623083398e+03
1.464274821730657777e+03
1.465033950431940866e+03
1.465152563013509507e+03
1.465190798609903823e+03
1.465213936392688083e+03
1.465233612119740428e+03
1.465252441859341843e+03
1.465271061322509922e+03
1.465289613807705564e+03
1.465308166292901205e+03
1.465326718778096847e+03
1.456508317907901301e+03
1.464757618884325893e+03
1.465512158482491941e+03
1.465630285640420425e+03
1.456773202133832683e+03
1.465081541363710130e+03
1.465840717306432225e+03
1.465959343993949460e+03
1.465997585372644608e+03
1.466020726855350858e+03
1.466040405761655165e+03
1.466059238550336431e+03
1.459698610877039300e+03
1.459524543999669504e+03
1.459350477122299708e+03
1.459176410244929912e+03
1.465381593520561864e+03
1.462028582121845602e+03
1.459731297383692890e+03
1.458945827020017759e+03
1.464934120262049419e+03
1.461596860220317694e+03
1.459292980907822766e+03
1.458505226714294167e+03
1.464492679199324357e+03
1.461155481119528304e+03
1.458851576073164324e+03
1.458063812960024052e+03
1.437157832685589256e+03
1.436818208250464068e+03
1.436478583815338880e+03
1.436138959380213691e+03
1.456372801720371854e+03
1.441967999852812454e+03
1.436977932911211838e+03
1.435411107896173235e+03
1.455283343293286862e+03
1.440848781988674318e+03
1.435841929370134721e+03
1.434270393176734615e+03
1.454141221052913352e+03
1.439706543910534265e+03
1.434699625744583500e+03
1.433128071149412563e+03
1.452998893527539167e+03
1.452826271135198112e+03
1.452653648742857058e+03
1.452481026350516004e+03
1.458569064216970446e+03
1.455307395898703362e+03
1.453033277299951351e+03
1.452254602069021757e+03
1.458127052360040125e+03
1.454881493369063946e+03
1.452600866579355625e+03
1.451819928532147969e+03
1.451490199290240980e+03
1.451277986849443550e+03
1.451095447375944786e+03
1.450920344490476054e+03
1.450747101898429264e+03
1.450574482328911699e+03
1.450401862759394135e+03
1.450229243189876570e+03
1.456317052203310141e+03
1.453055562317342265e+03
1.450781488985448505e+03
1.450002827033309586e+03
1.455875051017137366e+03
1.452629671157462099e+03
1.450349089803387869e+03
1.449568165076033210e+03
1.455439553408391248e+03
1.452194236911624330e+03
1.449913630161795709e+03
1.449132696597076119e+03
1.428331914611883803e+03
1.427993424215238292e+03
1.427654933818592781e+03
1.427316443421947270e+03
1.447449008842444755e+03
1.433124924440960740e+03
1.428153626427726749e+03
1.426592175411670723e+03
1.446364085903985142e+03
1.432010592387284760e+03
1.427022581003714095e+03
1.425456435598924145e+03
1.445226942303994292e+03
1.430873334318408070e+03
1.425885257669923703e+03
1.424319093928950906e+03
1.423669717977387336e+03
1.423331794701080526e+03
1.422993871424773715e+03
1.422655948148466905e+03
1.442737902045326791e+03
1.428454148776707143e+03
1.423492234653637979e+03
1.421933470964446769e+03
1.441655246297903204e+03
1.427342258838510816e+03
1.422363667487508792e+03
1.420800217804765225e+03
1.440520591219186372e+03
1.426207489974423197e+03
1.421228833499713573e+03
1.419665365513582401e+03
1.387463158217039336e+03
1.387010256576427309e+03
1.386557354935815283e+03
1.386104453295203257e+03
1.417205476787737553e+03
1.394011544564203632e+03
1.387099767395982553e+03
1.384992975436802226e+03
1.415642985018103445e+03
1.392378711706435070e+03
1.385442564226215836e+03
1.383329360427420170e+03
1.344537772631692860e+03
1.372755172475228392e+03
1.379116475493234702e+03
1.380334783348703695e+03
1.380297507840743037e+03
1.379844283030644192e+03
1.379391058220545347e+03
1.378937833410446501e+03
1.410073566845354662e+03
1.386850973643296129e+03
1.379933482389571282e+03
1.377825134317069342e+03
1.339020493875646480e+03
1.367246632403976264e+03
1.373611846577483220e+03
1.374831007452016820e+03
1.406417628205503433e+03
1.383265409169154964e+03
1.376372223407016463e+03
1.374270267458636226e+03
1.404956512997389154e+03
1.404619157660111796e+03
1.404281802322834437e+03
1.403944446985557079e+03
1.423975740191974182e+03
1.409732353158945671e+03
1.404779834979449788e+03
1.403223762395728272e+03
1.422895354272236318e+03
1.408622908047530473e+03
1.403653748823157684e+03
1.402092998652433607e+03
1.421763190481497077e+03
1.407490631155225856e+03
1.402521406948510503e+03
1.400960638507238855e+03
1.400313451702786324e+03
1.399976665087354831e+03
1.399639878471923339e+03
1.399303091856491847e+03
1.419283678405718092e+03
1.405080690161214306e+03
1.400137579385191884e+03
1.398584201515556515e+03
1.418205564806938355e+03
1.403973692433450879e+03
1.399013976833974084e+03
1.397455929794724625e+03
1.396809844531897397e+03
1.396395486082862817e+03
1.396039291089106655e+03
1.395697651415792052e+03
1.415676824254387384e+03
1.415507101411409622e+03
1.415337378568431859e+03
1.415167655725454097e+03
1.421020770694223984e+03
1.417942238983156358e+03
1.415714608216012493e+03
1.414949572064766926e+03
1.420589715624892733e+03
1.417528010122097157e+03
1.415294044454508366e+03
1.414526787660945274e+03
1.420166105794577561e+03
1.417104466452104816e+03
1.414870476065059165e+03
1.414103210598715805e+03
1.419742525508125027e+03
1.419766472122882988e+03
1.419790418737640948e+03
1.419814365352398909e+03
1.410591504649488343e+03
1.419149984385272546e+03
1.419988971419651079e+03
1.420132334402431070e+03
1.410875904802400783e+03
1.419494513955616412e+03
1.420338444004375333e+03
1.420482383951597058e+03
1.411225830177123044e+03
1.419844674599442442e+03
1.420688623983581238e+03
1.420832566186255235e+03
1.411576011926830915e+03
1.411789954066676955e+03
1.412003896206522995e+03
1.412217838346369035e+03
1.389333989826426205e+03
1.408216423675716214e+03
1.411993309613859083e+03
1.413023076724345856e+03
1.390290212019298679e+03
1.409266853331955872e+03
1.413059201833159932e+03
1.414092254995926623e+03
1.414506177831472314e+03
1.414769814155225504e+03
1.414996161011064942e+03
1.415213203152753294e+03
1.392329940387613306e+03
1.392700540232553976e+03
1.393071140077494647e+03
1.393441739922435318e+03
1.360438239327441352e+03
1.386726018782810115e+03
1.392853800604636490e+03
1.394609610654723383e+03
1.361917933180470300e+03
1.388319501032604421e+03
1.394470867339996175e+03
1.396232161248173043e+03
1.363541706609035373e+03
1.389943719084644727e+03
1.396095177534913319e+03
1.397856492865511882e+03
1.398571233765668012e+03
1.398942350058869351e+03
1.399313466352070691e+03
1.399684582645272030e+03
1.366650508175951927e+03
1.392960003928617880e+03
1.399095361710905536e+03
1.400853553524911149e+03
1.368131853526670966e+03
1.394555181480985084e+03
1.400714149180046888e+03
1.402477832010062457e+03
1.403193558383862637e+03
1.403650604459025317e+03
1.404043189245250915e+03
1.404419671789190261e+03
1.404792129590535978e+03
1.405163247899357657e+03
1.405534366208179335e+03
1.405905484517001014e+03
1.372871290773862029e+03
1.399180871232218578e+03
1.405316258579134001e+03
1.407074459688591560e+03
1.374352642568760075e+03
1.400776055399345751e+03
1.406935052762264831e+03
1.408698744915667021e+03
1.375978152785245129e+03
1.402402010410448611e+03
1.408561100015939019e+03
1.410324813619830820e+03
1.377604226274596158e+03
1.378075577677858973e+03
1.378546929081121789e+03
1.379018280484384604e+03
1.340902279762680791e+03
1.370602265742554891e+03
1.378154769405161687e+03
1.380371632851612503e+03
1.342681470761196806e+03
1.372497448814119480e+03
1.380078087362268661e+03
1.382301804321545205e+03
1.416676776764731130e+03
1.392752676416945405e+03
1.386469690246114169e+03
1.385221085278190003e+03
1.418666198436537115e+03
1.419037320776559454e+03
1.419408443116581793e+03
1.419779565456604132e+03
1.386745133169413293e+03
1.413054883036294541e+03
1.419190329511799746e+03
1.420948549211970203e+03
1.388226497852508601e+03
1.414650080432768618e+03
1.420809137122733546e+03
1.422572847922717528e+03
1.389852021569418639e+03
1.416276048945624325e+03
1.422435197878935469e+03
1.424198930129627115e+03
1.391478108561581166e+03
1.391949461971789560e+03
1.392420815381997954e+03
1.392892168792206348e+03
1.354776100483256641e+03
1.384476121294181894e+03
1.392028651196636247e+03
1.394245523682663134e+03
1.395151545890138550e+03
1.395731457044501440e+03
1.396229943010517900e+03
1.396708079129050475e+03
1.397181128189415858e+03
1.397652905510480650e+03
1.398124364898297927e+03
1.398595744802901891e+03
1.432503670105055335e+03
1.432875308010711478e+03
1.433246945916367622e+03
1.433618583822023766e+03
1.400553656459333297e+03
1.426885059825367762e+03
1.433028067654987353e+03
1.434788664936578016e+03
1.402036669110806088e+03
1.428481948722634115e+03
1.434648592141658355e+03
1.436414687667915814e+03
1.460374999096628244e+03
1.444364330603394137e+03
1.439587344651776675e+03
1.438613011229900394e+03
1.405238804221230112e+03
1.405709902203565662e+03
1.406181000185901212e+03
1.406652098168236762e+03
1.368544657578860551e+03
1.398240220452088579e+03
1.405789409148518644e+03
1.408005131041428967e+03
1.408910666376222935e+03
1.409490263764497286e+03
1.409988479688294774e+03
1.410466356723506578e+03
1.372360575857443564e+03
1.402056591958682702e+03
1.409605890514069870e+03
1.411821639165064198e+03
1.412727181137751586e+03
1.413198535559215998e+03
1.413669889980680409e+03
1.414141244402144821e+03
1.376025142038677359e+03
1.405725180399028432e+03
1.413277723523093073e+03
1.415494600563959921e+03
1.416400624698961792e+03
1.416980537095541422e+03
1.417479024130672542e+03
1.417957161274933242e+03
1.451867018569707852e+03
1.427863179294616202e+03
1.421554357033644692e+03
1.420299037056335010e+03
1.381758365959871071e+03
1.382257715143099631e+03
1.382757064326328191e+03
1.383256413509556751e+03
1.345877716762199725e+03
1.374438041997791061e+03
1.382251618023390165e+03
1.384587499884202771e+03
1.424133767723615392e+03
1.395946210912832385e+03
1.389113705627456056e+03
1.387780812017329936e+03
1.387822314061897487e+03
1.388207217439278111e+03
1.388677956210824505e+03
1.389170152856760978e+03
1.389667713909778286e+03
1.390167063245216696e+03
1.390666412580655106e+03
1.391165761916093516e+03
1.353787009425357837e+03
1.382347386274951759e+03
1.390160967453433386e+03
1.392496850213346761e+03
1.432043083835950711e+03
1.403855560429056368e+03
1.397023055664793901e+03
1.395690161797549990e+03
1.434301193989982494e+03
1.405901619575435916e+03
1.399011783790579329e+03
1.397664539903885043e+03
1.359809979357147085e+03
1.360261889640799382e+03
1.360713799924451678e+03
1.361165710208103974e+03
1.330170910589557707e+03
1.353277166573391014e+03
1.360171430956013637e+03
1.362273450436684243e+03
1.331728966512190709e+03
1.354905125667928587e+03
1.361823688623228918e+03
1.363932104710904241e+03
1.333389376986620618e+03
1.356565808874038339e+03
1.363484466731600151e+03
1.365592907805258619e+03
1.335050186941088441e+03
1.335385249116003706e+03
1.335720311290918971e+03
1.336055373465834236e+03
1.316228391328477983e+03
1.330309025283624806e+03
1.335223620613568073e+03
1.336768828361971146e+03
1.317299618806095395e+03
1.331408607155632126e+03
1.336339697550736219e+03
1.337889548950659673e+03
1.338532308460211425e+03
1.338944543180342180e+03
1.339298913976618451e+03
1.339638804274249196e+03
1.339975073540297672e+03
1.340310133482700849e+03
1.340645193425104026e+03
1.340980253367507203e+03
1.321153469950517092e+03
1.335233945638073692e+03
1.340148504059847482e+03
1.341693701231559999e+03
1.322224688516897231e+03
1.336333517914079266e+03
1.341264571258984915e+03
1.342814412049186330e+03
1.323346791810783543e+03
1.337455731552884572e+03
1.342386849309245690e+03
1.343936708237298262e+03
1.375954745461975335e+03
1.376405993325367490e+03
1.376857241188759645e+03
1.377308489052151799e+03
1.346384459551485179e+03
1.369432332096702794e+03
1.376314907523880493e+03
1.378413738934144476e+03
1.347939557004612652e+03
1.371057041657797754e+03
1.377963867822157908e+03
1.380069085667601939e+03
1.349596658090098117e+03
1.372714414337117887e+03
1.379621335216810849e+03
1.381726578008499928e+03
1.420442697837621608e+03
1.420941966101480602e+03
1.421441234365339596e+03
1.421940502629198591e+03
1.384590749253892227e+03
1.413124303944795201e+03
1.420935183749928228e+03
1.423270590538550323e+03
1.462834327615511711e+03
1.434629667081044317e+03
1.427796925353568213e+03
1.426464170760755678e+03
1.426505663035736234e+03
1.426890504291182651e+03
1.427361166905836171e+03
1.427853283826967072e+03
1.466947083696311211e+03
1.467418694470131868e+03
1.467890305243952525e+03
1.468361916017773183e+03
1.430237207354785141e+03
1.459941668851919985e+03
1.467497561985396715e+03
1.469715593561696323e+03
1.470622106313581526e+03
1.471202333609737252e+03
1.471701091664076102e+03
1.472179488829283628e+03
1.506120536931902052e+03
1.482092073713046602e+03
1.475779102890652894e+03
1.474523059074248977e+03
1.474560945787777655e+03
1.475032301243907114e+03
1.475503656700036572e+03
1.475975012156166031e+03
1.437858874950722338e+03
1.467558931265920364e+03
1.475111487917600016e+03
1.477328369618740226e+03
1.478234395725886998e+03
1.478814309393438634e+03
1.479312797522432220e+03
1.479790935716164768e+03
1.441676459511420035e+03
1.471376968950267837e+03
1.478929635498140442e+03
1.481146543970503899e+03
1.443456257014265930e+03
1.443955525438248515e+03
1.444454793862231099e+03
1.444954062286213684e+03
1.407604252923204058e+03
1.436137859343993341e+03
1.443948744404089894e+03
1.446284152127363313e+03
1.447242800185599208e+03
1.447856932409029014e+03
1.448384917921980332e+03
1.448891365688749829e+03
1.411543407979454969e+03
1.440077406605581018e+03
1.447888402385345671e+03
1.450223838095050723e+03
1.413348004235741428e+03
1.413798589267431453e+03
1.414249174299121478e+03
1.414699759330811503e+03
1.383846380720656271e+03
1.406835991444661659e+03
1.413706880852647373e+03
1.415802522900710073e+03
1.454486531073699325e+03
1.426329147906326170e+03
1.419995077398844842e+03
1.418782677711058113e+03
1.418819744427792784e+03
1.419167091504876680e+03
1.419591875936544056e+03
1.420036011374347254e+03
1.389180881378959612e+03
1.389514229815871431e+03
1.389847578252783251e+03
1.390180926689695070e+03
1.370506381782146264e+03
1.384465627729781090e+03
1.389351897953739353e+03
1.390888987189824320e+03
1.371570771570604393e+03
1.385557847057608569e+03
1.390460503372760286e+03
1.392002210907361587e+03
1.423909862435824834e+03
1.400095182147895230e+03
1.395224236890715474e+03
1.394316708810347791e+03
1.425683371721711183e+03
1.426134288677062841e+03
1.426585205632414500e+03
1.427036122587766158e+03
1.396147384612999986e+03
1.419166151332187155e+03
1.426042891440011317e+03
1.428140130527372321e+03
1.397701005811652976e+03
1.420789239695558535e+03
1.427690206674173169e+03
1.429793827117363662e+03
1.430660278812304568e+03
1.431215224459933552e+03
1.431692157613360905e+03
1.432149579181701029e+03
1.432602122325507480e+03
1.433053037981249645e+03
1.433503953636991810e+03
1.433954869292733974e+03
1.403066269842360271e+03
1.426084922328307130e+03
1.432961639523454096e+03
1.435058872357455812e+03
1.404619885245286923e+03
1.427708004327294930e+03
1.434608948299537587e+03
1.436712562469422892e+03
1.406275328780643576e+03
1.429363718887644154e+03
1.436264757481590323e+03
1.438368396577799103e+03
1.477069225770657340e+03
1.477568451795332294e+03
1.478067677820007248e+03
1.478566903844682201e+03
1.441231756161269914e+03
1.469751823025496378e+03
1.477561326825547440e+03
1.479896487750455890e+03
1.443035355137911210e+03
1.471655682904641253e+03
1.479493521913818313e+03
1.481835846361629592e+03
1.444976565128006996e+03
1.473597284342745297e+03
1.481435234032042672e+03
1.483777586462227418e+03
1.446918312460549942e+03
1.447368560564191739e+03
1.447818808667833537e+03
1.448269056771475334e+03
1.417451529572110758e+03
1.440411584447856967e+03
1.447276537511343577e+03
1.449370558614898300e+03
1.488038974852491947e+03
1.459890544292080904e+03
1.453560459780844894e+03
1.452348923685724913e+03
1.421082558347799250e+03
1.443973541285144165e+03
1.450814402902386064e+03
1.452902077407480192e+03
1.422531944197746725e+03
1.422864140986009488e+03
1.423196337774272251e+03
1.423528534562535015e+03
1.403956310511487118e+03
1.417834097133124487e+03
1.422701340010862850e+03
1.424232974027171394e+03
1.456065186510625608e+03
1.432299827233089218e+03
1.427443609183789931e+03
1.426539081630320879e+03
1.426565987039272613e+03
1.426822105854966367e+03
1.427135298482005055e+03
1.427462745188634017e+03
1.427793754516412037e+03
1.428125953535123244e+03
1.428458152553834452e+03
1.428790351572545660e+03
1.409217929443603680e+03
1.423095873742664935e+03
1.427963153465788082e+03
1.429494798047074255e+03
1.410277736282893557e+03
1.424183158976021787e+03
1.429066751757563452e+03
1.430602997636606233e+03
1.462436395612659908e+03
1.438671368190955491e+03
1.433815205738263558e+03
1.432910691596774768e+03
1.464205515413625335e+03
1.464655764804867886e+03
1.465106014196110436e+03
1.465556263587352987e+03
1.434738599456866496e+03
1.457698767207223000e+03
1.464563742952091388e+03
1.466657770249900523e+03
1.436289245758075594e+03
1.459318589178801176e+03
1.466207743706050451e+03
1.468308142116595718e+03
1.469173302360811704e+03
1.469727425396996296e+03
1.470203652282307303e+03
1.470660396614151523e+03
1.508931906480311227e+03
1.509431089083598181e+03
1.509930271686885135e+03
1.510429454290172089e+03
1.473109000189125709e+03
1.501615512193998711e+03
1.509423621528101421e+03
1.511758531061665508e+03
1.551339362937330861e+03
1.523117865366169781e+03
1.516284952010892312e+03
1.514952349087539460e+03
1.514993831198747330e+03
1.515378606677703829e+03
1.515849188665916472e+03
1.516341221188952431e+03
1.516838616276781522e+03
1.517337799050636022e+03
1.517836981824490522e+03
1.518336164598345022e+03
1.481015653380598906e+03
1.509522218048630748e+03
1.517330332822815535e+03
1.519665243341351697e+03
1.559246042454933558e+03
1.531024577250599805e+03
1.524191664165201473e+03
1.522859060935726802e+03
1.485066227862921096e+03
1.513472916925693426e+03
1.521252812904876237e+03
1.523580588786540829e+03
1.563159568111399267e+03
1.563631939225012729e+03
1.564104310338626192e+03
1.564576681452239654e+03
1.526426762349428145e+03
1.556144037310566773e+03
1.563709846822320742e+03
1.565931301412699213e+03
1.600429459382858795e+03
1.576407326285213912e+03
1.570107796856383175e+03
1.568856301164583101e+03
1.530282162404076644e+03
1.559883991121673716e+03
1.567421741470381676e+03
1.569636356328402599e+03
1.604132698708278440e+03
1.604506895351780713e+03
1.604881091995282986e+03
1.605255288638785260e+03
1.572039407689483596e+03
1.598477896905992566e+03
1.604658406992166192e+03
1.606430802487725032e+03
1.607151081375587637e+03
1.607611579854534057e+03
1.608007338255323475e+03
1.608386924481312235e+03
1.608762468466876044e+03
1.609137001942546249e+03
1.609511282793881037e+03
1.609885500489328479e+03
1.576669624338311678e+03
1.577142245356202466e+03
1.577614866374093253e+03
1.578087487391984041e+03
1.539929387688642464e+03
1.569650772107317152e+03
1.577219834291845473e+03
1.579442413494821722e+03
1.541711758327536927e+03
1.571548996405621665e+03
1.579146240051318273e+03
1.581375689325756866e+03
1.543646706270328878e+03
1.573484396866694851e+03
1.581081750602356578e+03
1.583311226713521592e+03
1.545582250189816932e+03
1.546081296357687279e+03
1.546580342525557626e+03
1.547079388693427973e+03
1.509803252183060522e+03
1.538268964432922303e+03
1.546072807869948065e+03
1.548406935310854124e+03
1.588012544409396469e+03
1.559766453756343026e+03
1.552933404932335407e+03
1.551601051479458647e+03
1.513852448331530468e+03
1.542218564669404486e+03
1.549994213380011161e+03
1.552321209200973044e+03
1.515517417376531739e+03
1.515966326773696210e+03
1.516415236170860680e+03
1.516864145568025151e+03
1.486188664700137451e+03
1.509031674186955797e+03
1.515873065603410168e+03
1.517960647946761128e+03
1.556566694780143962e+03
1.528454215112265274e+03
1.522139991589956935e+03
1.520931888131530059e+03
1.520968808603408434e+03
1.521314864661185311e+03
1.521738069753731907e+03
1.522180553639708705e+03
1.491503325978774228e+03
1.491833806206112286e+03
1.492164286433450343e+03
1.492494766660788400e+03
1.473074879588915564e+03
1.486831418179827324e+03
1.491670311247564314e+03
1.493193814860634120e+03
1.524914960379296872e+03
1.501223919936299353e+03
1.496389789394090258e+03
1.495489763591126575e+03
1.475714761028249541e+03
1.489444240769055114e+03
1.494266982031986345e+03
1.495785926981107878e+03
1.496417503628256327e+03
1.496747410144021615e+03
1.497077316659786902e+03
1.497407223175552190e+03
1.478038204126341725e+03
1.491754263785825287e+03
1.496583684628704759e+03
1.498104471081374641e+03
1.479088877769127748e+03
1.492831717549381892e+03
1.497677305922460391e+03
1.499202659773827918e+03
1.530887667914376379e+03
1.507221937541218040e+03
1.502395275666778389e+03
1.501496773736787645e+03
1.532648018849189612e+03
1.533096929550243658e+03
1.533545840251297705e+03
1.533994750952351751e+03
1.503319132039353008e+03
1.526162255230536402e+03
1.533003669576672337e+03
1.535091258190029976e+03
1.504863825498300685e+03
1.527775543401387495e+03
1.534641040328783447e+03
1.536734979529160455e+03
1.506509294631942339e+03
1.529421280151635983e+03
1.536286871137259141e+03
1.538380835143833110e+03
1.508155157073892497e+03
1.508485059069393174e+03
1.508814961064894305e+03
1.509144863060394982e+03
1.489776244707983096e+03
1.503491985523178528e+03
1.508321331740268533e+03
1.509842096784860360e+03
1.541525780107990386e+03
1.517859818570919970e+03
1.513033131055518425e+03
1.512134621846120808e+03
1.492411370638765220e+03
1.506100227676241047e+03
1.510913458622244889e+03
1.512429673517814763e+03
1.493413106994501959e+03
1.493573391803638060e+03
1.493733676612774161e+03
1.493893961421910262e+03
1.488803454168386679e+03
1.491287875393405784e+03
1.493364317374358507e+03
1.494084967034912324e+03
1.489198899911295030e+03
1.491664176861357873e+03
1.493746390678545367e+03
1.494469123770045371e+03
1.489583848698985321e+03
1.492049050434445235e+03
1.494131286771495070e+03
1.494854027999783057e+03
1.514755093959730857e+03
1.515083841695717183e+03
1.515412589431703509e+03
1.515741337167689835e+03
1.496474990969487635e+03
1.510109359333531756e+03
1.514919652605708052e+03
1.516434951247154459e+03
1.497521051836773495e+03
1.511181848413024909e+03
1.516008235723631742e+03
1.517528084633395565e+03
1.518158666751771761e+03
1.518563125020496045e+03
1.518910816108106019e+03
1.519244300663968033e+03
1.519574232666289845e+03
1.519902978136048205e+03
1.520231723605806565e+03
1.520560469075564924e+03
1.501294323583328378e+03
1.514928532272103439e+03
1.519738788142169824e+03
1.521254076051478478e+03
1.552862757843986628e+03
1.529247023173286834e+03
1.524435226624967299e+03
1.523539751001216018e+03
1.503919938540147996e+03
1.517527613097053745e+03
1.522321826733860235e+03
1.523832581522729242e+03
1.504917514628540630e+03
1.505076342786531313e+03
1.505235170944521997e+03
1.505393999102512680e+03
1.500420912761518139e+03
1.502813909609061739e+03
1.504867034770614282e+03
1.505580835066613190e+03
1.500810870039653537e+03
1.503184366920396769e+03
1.505243177150167412e+03
1.505959039708879800e+03
1.506262204485605935e+03
1.506457433339112640e+03
1.506625381441486752e+03
1.506786490821021061e+03
1.526488996918973044e+03
1.526817164086035518e+03
1.527145331253097993e+03
1.527473498420160468e+03
1.508258558029860069e+03
1.521852031571798307e+03
1.526652743788995622e+03
1.528165293089100032e+03
1.559736435166733827e+03
1.536145848665541507e+03
1.531341500159968518e+03
1.530447541550741789e+03
1.530474104646852311e+03
1.530727118001547524e+03
1.531036512192924420e+03
1.531359987083825672e+03
1.531686981242339471e+03
1.532015150661001371e+03
1.532343320079663272e+03
1.532671489498325172e+03
1.513456349787799581e+03
1.527049981887051217e+03
1.531850731259291933e+03
1.533363291221877489e+03
1.564934579505784768e+03
1.541343895048654076e+03
1.536539517541776149e+03
1.535645553025960680e+03
1.516077227720635165e+03
1.529644499586107031e+03
1.534429243087728764e+03
1.535937278410519411e+03
1.567507545942691650e+03
1.567954754655736679e+03
1.568401963368781708e+03
1.568849172081826737e+03
1.538353250380021564e+03
1.561048432630847628e+03
1.567859947442174871e+03
1.569939353803809354e+03
1.608465232563607742e+03
1.580399272728928281e+03
1.574105251484829068e+03
1.572901511838324723e+03
1.610637466977907252e+03
1.582337710887537014e+03
1.575989559040001723e+03
1.574772800563840974e+03
1.612505657083785081e+03
1.613004452422673921e+03
1.613503247761562761e+03
1.614002043100451601e+03
1.576801535140921487e+03
1.605197896159332913e+03
1.612994262320881035e+03
1.615326976592221172e+03
1.654972037040712621e+03
1.626686269939767044e+03
1.619853315335191155e+03
1.618521440186046448e+03
1.580848246674526081e+03
1.609145482123684815e+03
1.616913694953095955e+03
1.619239282961735398e+03
1.582511311687457919e+03
1.582958523069874218e+03
1.583405734452290517e+03
1.583852945834706816e+03
1.553356743062926625e+03
1.576052156602533387e+03
1.582863718260062569e+03
1.584943137451387429e+03
1.623469142838713196e+03
1.595403109263955912e+03
1.589109056265793242e+03
1.587905309767339077e+03
1.556962385801889241e+03
1.579590031527041219e+03
1.586377718521378483e+03
1.588450837455024612e+03
1.589306926797383994e+03
1.589753795977192794e+03
1.590200665157001595e+03
1.590647534336810395e+03
1.560187344382416086e+03
1.582853126228189012e+03
1.589658683592584566e+03
1.591736458150451654e+03
1.630246210348003160e+03
1.602189648152757172e+03
1.595899667025757481e+03
1.594696798984255565e+03
1.563790127968356956e+03
1.586388287506331608e+03
1.593169994542328141e+03
1.595241474058447466e+03
1.565226272079485398e+03
1.565552713326929279e+03
1.565879154574373160e+03
1.566205595821817042e+03
1.547143337791534577e+03
1.560615371650924317e+03
1.565387609809969490e+03
1.566891986426467611e+03
1.598350949821972108e+03
1.574835546753071185e+03
1.570053434659518416e+03
1.569164003976189179e+03
1.600097479079577397e+03
1.576364311075002888e+03
1.571539696015285244e+03
1.570640582744341827e+03
1.601571983737186201e+03
1.602018855594456682e+03
1.602465727451727162e+03
1.602912599308997642e+03
1.572452127733033421e+03
1.595118141278061103e+03
1.601923745611879895e+03
1.604001533037055879e+03
1.642511412559231985e+03
1.614454776116054063e+03
1.608164763121117630e+03
1.606961888205888499e+03
1.576054933688375286e+03
1.598653323788238822e+03
1.605435077603329773e+03
1.607506569945952378e+03
1.608362005077749927e+03
1.608808533697201483e+03
1.609255062316653039e+03
1.609701590936104594e+03
1.579277202741322299e+03
1.601913532085148745e+03
1.608713116360160711e+03
1.610789254338533055e+03
1.649282791459861755e+03
1.621235691391554610e+03
1.614949764839063619e+03
1.613747771167334577e+03
1.651452988025757577e+03
1.623172076740772809e+03
1.616832078384483339e+03
1.615617084269975521e+03
1.653319208697646445e+03
1.653817896566627724e+03
1.654316584435609002e+03
1.654815272304590280e+03
1.617645334522050689e+03
1.646013755345446270e+03
1.653807032370353909e+03
1.656139148891291370e+03
1.695799199635889408e+03
1.667498169042564541e+03
1.660665362454791421e+03
1.659333698406275516e+03
1.621690995984278288e+03
1.649960479216012118e+03
1.657725619767182707e+03
1.660050612263644553e+03
1.699708848772599595e+03
1.700183669212461155e+03
1.700658489652322714e+03
1.701133310092184274e+03
1.662905596147598544e+03
1.692660841914500452e+03
1.700258382115546056e+03
1.702490849043491608e+03
1.703403477914546329e+03
1.703987647725314446e+03
1.704489799047277529e+03
1.704971451803257196e+03
1.666745416216569311e+03
1.696501113544233476e+03
1.704098764132314500e+03
1.706331258007638780e+03
1.668533802292193286e+03
1.669032376979819446e+03
1.669530951667445606e+03
1.670029526355071766e+03
1.632890806670833172e+03
1.661230747403377791e+03
1.669020832150560864e+03
1.671352323274082210e+03
1.711027141933437406e+03
1.682710961556037319e+03
1.675878368194563109e+03
1.674546929750735217e+03
1.674588343216244539e+03
1.674972651604913835e+03
1.675442661259253327e+03
1.675934094785539628e+03
1.676430884188902155e+03
1.676929459101697148e+03
1.677428034014492141e+03
1.677926608927287134e+03
1.640787828051639053e+03
1.669127824558213433e+03
1.676917915599075286e+03
1.679249407962932764e+03
1.718924198197392570e+03
1.690608047092851166e+03
1.683775453253424530e+03
1.682444014357687593e+03
1.644832393529863111e+03
1.673073642824335820e+03
1.680835614644481666e+03
1.683159985306004046e+03
1.646493874108002956e+03
1.646939715821453774e+03
1.647385557534904592e+03
1.647831399248355410e+03
1.617479108112321001e+03
1.640056143045052295e+03
1.646843686836665256e+03
1.648916524338188765e+03
1.649771563686009358e+03
1.650319855484788604e+03
1.650791319099778548e+03
1.651243566874297358e+03
1.620893020841802127e+03
1.643470318919891952e+03
1.650257955941501223e+03
1.652330818067275004e+03
1.653185863646654980e+03
1.653631357644839454e+03
1.654076851643023929e+03
1.654522345641208403e+03
1.624206492660404137e+03
1.646753568325912283e+03
1.653535020772105554e+03
1.655606187799239478e+03
1.694050223172318965e+03
1.666032087202351704e+03
1.659758491961891878e+03
1.658559155397720133e+03
1.658595778178665341e+03
1.658939202755193492e+03
1.659359188708583133e+03
1.659798306278055861e+03
1.660242206205476577e+03
1.660687701558629442e+03
1.661133196911782306e+03
1.661578692264935171e+03
1.631262697367450755e+03
1.653809889705290516e+03
1.660591365883427670e+03
1.662662539419711266e+03
1.701106639855368940e+03
1.673088465741089976e+03
1.666814854338052328e+03
1.665615514293305978e+03
1.703273725850833671e+03
1.675021722024967630e+03
1.668694128421285541e+03
1.667481815885081460e+03
1.705136944397752814e+03
1.705635461545164844e+03
1.706133978692576875e+03
1.706632495839988906e+03
1.669509300571098720e+03
1.697835097599878509e+03
1.705623581079859832e+03
1.707954755719735203e+03
1.747636720680031203e+03
1.719313166457587613e+03
1.712480701843409406e+03
1.711149379260221622e+03
1.673553308315468712e+03
1.701780452921362894e+03
1.709540825837280863e+03
1.711864879951514240e+03
1.675214384753886634e+03
1.675659882816928985e+03
1.676105380879971335e+03
1.676550878943013686e+03
1.646234600215408591e+03
1.668782025895501647e+03
1.675563549536801929e+03
1.677634736091162722e+03
1.678489112078320659e+03
1.679036980745609981e+03
1.679508080867854915e+03
1.679959980033127067e+03
1.649645445449084946e+03
1.672193133705517312e+03
1.678974750481232149e+03
1.681045961639318648e+03
1.651175424475150294e+03
1.651499556160954398e+03
1.651823687846758503e+03
1.652147819532562607e+03
1.633289557497281066e+03
1.646599392823028211e+03
1.651333547915699228e+03
1.652826989490963797e+03
1.684135507883520404e+03
1.660721013503025461e+03
1.655968676014178754e+03
1.655085305502581605e+03
1.685873158335173684e+03
1.662241421540942611e+03
1.657446817160961928e+03
1.656553828686839552e+03
1.687339626141018016e+03
1.687785125553667740e+03
1.688230624966317464e+03
1.688676124378967188e+03
1.658359704294443191e+03
1.680907246186930479e+03
1.687688793466386869e+03
1.689759986504150902e+03
1.728204281864198265e+03
1.700185993472544169e+03
1.693912333646493835e+03
1.692712983173928478e+03
1.730371380114106159e+03
1.702119262073681739e+03
1.695791619694328801e+03
1.694579296620453306e+03
1.694612713041563893e+03
1.695058561498700783e+03
1.695504409955837673e+03
1.695950258412974563e+03
1.665597260203908036e+03
1.688174876543929713e+03
1.694962538496611160e+03
1.697035408397386163e+03
1.735496443331571982e+03
1.707468347684005266e+03
1.701190525491570497e+03
1.699990278478088157e+03
1.700026932130507930e+03
1.700370629810931405e+03
1.700790949855901090e+03
1.701230416790695699e+03
1.670875680252995380e+03
1.671200985208481143e+03
1.671526290163966905e+03
1.671851595119452668e+03
1.652889747201299542e+03
1.666281936543919983e+03
1.671035435215513417e+03
1.672534431659719303e+03
1.703919424051730857e+03
1.680453624739660199e+03
1.675686158939937513e+03
1.674799709676698967e+03
1.655487072554972656e+03
1.668853763884038472e+03
1.673591437339227014e+03
1.675085951303810134e+03
1.656472282627053119e+03
1.656626791564714949e+03
1.656781300502376780e+03
1.656935809440038611e+03
1.652310462799074230e+03
1.654432790042261786e+03
1.656416803920444863e+03
1.657110296504893995e+03
1.676587809374668041e+03
1.661293958606441038e+03
1.658772369907206894e+03
1.658336601107680735e+03
1.653509498679993158e+03
1.655652078125871185e+03
1.657630671805319935e+03
1.658322171870061766e+03
1.677799350097991919e+03
1.678123493145324801e+03
1.678447636192657683e+03
1.678771779239990565e+03
1.659912514560648560e+03
1.673223146943034408e+03
1.677957489324279322e+03
1.679450984689053712e+03
1.710760244093078654e+03
1.687345252472369566e+03
1.682592768460181560e+03
1.681709368133545013e+03
1.662500287572114985e+03
1.675785770506408880e+03
1.680504360873608221e+03
1.681993390855171810e+03
1.682612792798296823e+03
1.682936353755650771e+03
1.683259914713004719e+03
1.683583475670358666e+03
1.664775568719825969e+03
1.678045375957563238e+03
1.682770123601685555e+03
1.684260863192965417e+03
1.715532146406492984e+03
1.692142640665860654e+03
1.687397664200487725e+03
1.686515791437804864e+03
1.667358556491631361e+03
1.680603388652290505e+03
1.685312420938756532e+03
1.686798703710680456e+03
1.718068985042077429e+03
1.718513443289732322e+03
1.718957901537387215e+03
1.719402359785042108e+03
1.689194820405950168e+03
1.711652873998057430e+03
1.718416196074500021e+03
1.720482388159310176e+03
1.758876512945004833e+03
1.730887694713455858e+03
1.724626464210186214e+03
1.723429788797581296e+03
1.761040459681378024e+03
1.732817798189834775e+03
1.726502675740367295e+03
1.725293055910588237e+03
1.694637248220489937e+03
1.694960813728281892e+03
1.695284379236073846e+03
1.695607944743865801e+03
1.676799636396873893e+03
1.690069762696370617e+03
1.694794585341011953e+03
1.696285346474940752e+03
1.727556926656001224e+03
1.704167221598251444e+03
1.699422186438107246e+03
1.698540301733529077e+03
1.698566474105019552e+03
1.698815941137765094e+03
1.699120997666552284e+03
1.699439936907494030e+03
1.699762345909698752e+03
1.700085913692692429e+03
1.700409481475686107e+03
1.700733049258679785e+03
1.681924540214463377e+03
1.695194826044130878e+03
1.699919686188778996e+03
1.701410458093952457e+03
1.732682186757108184e+03
1.709292382042049667e+03
1.704547317534773583e+03
1.703665426859294939e+03
1.734417666607126648e+03
1.710810747862847393e+03
1.706023474155673966e+03
1.705131981299607332e+03
1.685971393697076337e+03
1.686125190040318330e+03
1.686278986383560323e+03
1.686432782726802316e+03
1.681864744926260755e+03
1.683942476506471849e+03
1.685915092128969036e+03
1.686605234564344983e+03
1.706030452684837201e+03
1.690773069739624361e+03
1.688260998397748608e+03
1.687827118353765627e+03
1.687838977015604087e+03
1.687957601107204027e+03
1.688102623910814600e+03
1.688254228089551816e+03
1.688407476467946026e+03
1.688561275650851258e+03
1.688715074833756489e+03
1.688868874016661721e+03
1.684300607877185939e+03
1.686378517135904531e+03
1.688351178177870906e+03
1.689041333963324178e+03
1.708466760512759038e+03
1.693209232211685276e+03
1.690697122941442558e+03
1.690263235370719713e+03
1.685493852784325554e+03
1.687592185926556567e+03
1.689559468814316460e+03
1.690247642349495436e+03
1.685877174009885266e+03
1.685836439648532632e+03
1.685795705287179999e+03
1.685754970925827365e+03
1.696231048678905154e+03
1.686715707583577114e+03
1.685614248082236372e+03
1.685392368951612752e+03
1.689915067098796953e+03
1.685181725637858790e+03
1.685303052311485089e+03
1.685386802542605437e+03
1.695841815554326331e+03
1.686389516790219204e+03
1.685293915548505765e+03
1.685072850156463801e+03
1.684992263833762081e+03
1.684950768053830643e+03
1.684909272273899205e+03
1.684867776493967767e+03
1.695400494842763010e+03
1.685841948051712734e+03
1.684728596436698126e+03
1.684503157000852298e+03
1.688965183480332598e+03
1.684275159429057567e+03
1.684406925313831152e+03
1.684492709165259839e+03
1.695005085509798846e+03
1.685509731284118516e+03
1.684402280835097372e+03
1.684177666011614292e+03
1.684095620518855867e+03
1.684053363417230685e+03
1.684011106315605502e+03
1.683968849213980320e+03
1.694558183566485241e+03
1.684956453397204314e+03
1.683831212267991987e+03
1.683602213053284913e+03
1.688003557447029607e+03
1.683356861755782575e+03
1.683499066544053676e+03
1.683586883815500642e+03
1.694156598948344936e+03
1.684618211431039981e+03
1.683498914360408889e+03
1.683270750629920030e+03
1.683187246158666539e+03
1.683144227834010508e+03
1.683101209509354476e+03
1.683058191184698444e+03
1.693704116816716805e+03
1.684059225687522940e+03
1.682922097671349093e+03
1.682689539212452701e+03
1.687030191244112302e+03
1.682426834762093904e+03
1.682579478121839884e+03
1.682669328608267733e+03
1.693296357851028915e+03
1.683714959312522751e+03
1.682583818233639704e+03
1.682352106128866581e+03
1.682267142874086176e+03
1.682223363426839342e+03
1.682179583979592508e+03
1.682135804532345674e+03
1.692838296587550758e+03
1.683150267017534588e+03
1.682001254769389334e+03
1.681765137609285830e+03
1.686045087144217177e+03
1.681485080619438577e+03
1.681648162194264614e+03
1.681740045685888617e+03
1.692424364226359558e+03
1.682799977037499048e+03
1.681656994591375678e+03
1.681421734653324393e+03
1.681335312813390829e+03
1.681290772345770392e+03
1.681246231878149956e+03
1.681201691410529520e+03
1.691960724900523019e+03
1.682229579509495125e+03
1.681068685712115666e+03
1.680829010402096401e+03
1.685048247447384483e+03
1.680531601526643271e+03
1.680705120935783043e+03
1.680799037218071589e+03
1.691540620110285545e+03
1.681873266742288024e+03
1.680718445597583468e+03
1.680479638375543573e+03
1.680391758152236207e+03
1.680346456768236067e+03
1.680301155384235926e+03
1.680255854000235786e+03
1.691071403804604415e+03
1.681297165313043706e+03
1.680124392676909110e+03
1.679881159776572531e+03
1.684039674481056181e+03
1.679566399709910456e+03
1.679750356548227273e+03
1.679846305401902555e+03
1.690645127566190695e+03
1.680934830590591901e+03
1.679768173443606202e+03
1.679525819495150017e+03
1.679436481093653356e+03
1.679390418899044334e+03
1.679344356704435313e+03
1.679298294509826292e+03
1.690170335376201592e+03
1.680353026605201649e+03
1.679168377868525113e+03
1.678921587945776992e+03
1.683019370600070260e+03
1.678589477422813843e+03
1.678783871260801561e+03
1.678881852461840481e+03
1.689737888684889867e+03
1.679984670773491416e+03
1.678806180348159387e+03
1.678560280239139956e+03
1.689444813309831488e+03
1.689211053708440204e+03
1.688977294107048920e+03
1.688743534505657635e+03
1.712978531424763105e+03
1.693090620874808792e+03
1.689011906552381106e+03
1.687889994308116911e+03
1.711954198847194220e+03
1.691969075356617850e+03
1.687873836798978346e+03
1.686748358247221176e+03
1.675263379858469079e+03
1.682079373229562634e+03
1.684882296470584379e+03
1.685483589811230104e+03
1.674545157345075495e+03
1.674499095127159308e+03
1.674453032909243120e+03
1.674406970691326933e+03
1.685279013288018632e+03
1.675461703197834140e+03
1.674277054097354494e+03
1.674030264065639358e+03
1.678128044859150350e+03
1.673698153011125669e+03
1.673892547168862620e+03
1.673990528432162819e+03
1.678293234730030463e+03
1.673773562395221006e+03
1.673966304114289642e+03
1.674065192526968303e+03
1.684921091360558876e+03
1.684688688849280197e+03
1.684456286338001519e+03
1.684223883826722840e+03
1.708366880048468147e+03
1.688547315838469785e+03
1.684489237754423584e+03
1.683373633348154954e+03
1.707347197650439057e+03
1.687430622403453526e+03
1.683356092533684205e+03
1.682236940995170471e+03
1.670869442123443832e+03
1.677599755691132032e+03
1.680383547754332540e+03
1.680981186507832490e+03
1.670157840494432094e+03
1.670113305925164241e+03
1.670068771355896388e+03
1.670024236786628535e+03
1.680782832114355415e+03
1.671052020831417167e+03
1.669891219118806930e+03
1.669651571386246360e+03
1.673871279058588698e+03
1.669354297004492764e+03
1.669527735510391039e+03
1.669621636037139069e+03
1.674043422632724287e+03
1.669435998043793688e+03
1.669607607873606639e+03
1.669702371598263653e+03
1.680443360217400141e+03
1.680212316983628170e+03
1.679981273749856200e+03
1.679750230516084230e+03
1.703800998804316350e+03
1.684049967477877544e+03
1.680012563827226131e+03
1.678903277759126922e+03
1.667654435607763617e+03
1.674299004169705995e+03
1.677063678453819875e+03
1.677657669249655555e+03
1.666949515645230349e+03
1.673592695209229760e+03
1.676377579532155778e+03
1.676977830839324270e+03
1.701194117516433607e+03
1.700811468050676467e+03
1.700428818584919327e+03
1.700046169119162187e+03
1.733755892880852571e+03
1.706968321347766732e+03
1.700664224156594855e+03
1.698852873507460345e+03
1.732237856278181880e+03
1.705335527285452827e+03
1.699007255687369479e+03
1.697190254397111403e+03
1.672170593706882528e+03
1.688972781662032503e+03
1.693910970820173588e+03
1.694915299992342625e+03
1.670694822084104317e+03
1.670465140302439750e+03
1.670235458520775182e+03
1.670005776739110615e+03
1.693964090725734422e+03
1.674281778181421714e+03
1.670265086964588136e+03
1.669162129675362849e+03
1.658030975244876799e+03
1.664589736713953243e+03
1.667335227274797944e+03
1.667925552190275084e+03
1.657332687676728028e+03
1.663889342717690624e+03
1.666654878165435093e+03
1.667251423936970014e+03
1.691373882570137084e+03
1.690992222273689549e+03
1.690610561977242014e+03
1.690228901680794479e+03
1.723881231932762830e+03
1.697134126600334412e+03
1.690844467049722198e+03
1.689037673349725537e+03
1.722366327459700187e+03
1.695504539892481716e+03
1.689190754082075273e+03
1.687378323414143779e+03
1.662454375636726354e+03
1.679184960805005858e+03
1.684108638033187617e+03
1.685110270906854794e+03
1.660983916423351729e+03
1.660755598255581390e+03
1.660527280087811050e+03
1.660298961920040711e+03
1.684164596107149691e+03
1.664551187596741102e+03
1.660555246619201171e+03
1.659458628489987632e+03
1.683158921656297480e+03
1.663449113290624837e+03
1.659436938802166196e+03
1.658336831266042509e+03
1.647322408469271522e+03
1.653795305777353633e+03
1.656521547820701699e+03
1.657108189200424931e+03
1.646630709429794251e+03
1.646590760263919719e+03
1.646550811098045187e+03
1.646510861932170656e+03
1.656928512163392043e+03
1.647457743565220653e+03
1.646368548671341159e+03
1.646150341100763853e+03
1.650735586523416941e+03
1.645957592213466569e+03
1.646068154758352193e+03
1.646149807926315589e+03
1.650928581224211939e+03
1.646058163367682482e+03
1.646166368634137143e+03
1.646248753098508587e+03
1.656644408834037449e+03
1.656417456429113145e+03
1.656190504024188840e+03
1.655963551619264535e+03
1.679736281381263325e+03
1.660191961508006216e+03
1.656216808379932445e+03
1.655126539732204037e+03
1.644231073937218071e+03
1.650618036833726819e+03
1.653325082606389060e+03
1.653908059127123806e+03
1.643546070812396692e+03
1.649929492486679919e+03
1.652656252277980229e+03
1.653245370168942600e+03
1.677179492470926789e+03
1.676799821280422748e+03
1.676420150089918707e+03
1.676040478899414666e+03
1.709577072458413340e+03
1.682911654382877714e+03
1.676651047573541973e+03
1.674853418745907447e+03
1.708068474990222967e+03
1.681288528367085064e+03
1.675003892272970688e+03
1.673200653982816675e+03
1.648468834887583171e+03
1.665055742748008925e+03
1.669950257226954136e+03
1.670946469246696324e+03
1.647009041963184927e+03
1.646783457457204122e+03
1.646557872951223317e+03
1.646332288445242511e+03
1.670011890030961013e+03
1.650536842747833361e+03
1.646582514883741169e+03
1.645498605979209060e+03
1.634721138880522403e+03
1.641022111914313882e+03
1.643709896983908720e+03
1.644289191059423274e+03
1.634042787679609546e+03
1.640339502140739341e+03
1.643046835515736802e+03
1.643632231131671915e+03
1.633387877776774758e+03
1.633350993426283139e+03
1.633314109075791521e+03
1.633277224725299902e+03
1.643466640898289597e+03
1.634170020968753761e+03
1.633128708965747137e+03
1.632924833162819823e+03
1.637754031921847854e+03
1.632801913683061684e+03
1.632870471503865474e+03
1.632943939901531621e+03
1.637960945525699117e+03
1.632915084837405175e+03
1.632980932398396135e+03
1.633055043951189418e+03
1.643219535738719742e+03
1.642995326610782058e+03
1.642771117482844375e+03
1.642546908354906691e+03
1.666132793795739644e+03
1.646727474078492833e+03
1.642794090264924762e+03
1.641716576208343895e+03
1.631057670777625844e+03
1.637272258393432821e+03
1.639940682075818131e+03
1.640516273837027484e+03
1.630386003907178747e+03
1.636595612838020543e+03
1.639283418280178239e+03
1.639865071538648635e+03
1.629736842108295377e+03
1.629701493684069419e+03
1.629666145259843461e+03
1.629630796835617502e+03
1.639705728192383049e+03
1.630496484853986658e+03
1.629479175877071611e+03
1.629282482857764080e+03
1.634233828012537742e+03
1.629194548054436837e+03
1.629242061498788189e+03
1.629311428470476358e+03
1.634447711726918442e+03
1.629314029911328589e+03
1.629358656298814140e+03
1.629428622259731583e+03
1.629424928400720773e+03
1.629390348066278648e+03
1.629355767731836522e+03
1.629321187397394397e+03
1.639338840439954993e+03
1.630173318207752118e+03
1.629168014376851943e+03
1.628974913453282625e+03
1.633987314265580835e+03
1.628904471321710844e+03
1.628941462396345969e+03
1.629008778405863723e+03
1.634204682278538030e+03
1.629027108108601169e+03
1.629061123738008973e+03
1.629129016651650545e+03
1.629125381087086225e+03
1.629091568924432977e+03
1.629057756761780183e+03
1.629023944599126935e+03
1.638984295571178563e+03
1.629862516180693092e+03
1.628869219879829416e+03
1.628679711509926392e+03
1.633753156093120424e+03
1.628626762217159467e+03
1.628653230834356464e+03
1.628718495722067246e+03
1.633974007889178438e+03
1.628752553643222200e+03
1.628775958433885990e+03
1.628841778139247026e+03
1.634097973896773283e+03
1.634258368716074983e+03
1.634418763535376684e+03
1.634579158354678384e+03
1.629479780154957325e+03
1.631971108901033404e+03
1.634049312018035607e+03
1.634770478973487798e+03
1.654679233996542507e+03
1.639084803368797338e+03
1.636484642758230848e+03
1.636033275492729672e+03
1.636045687545321925e+03
1.636169397397512512e+03
1.636320640408599274e+03
1.636478748490651469e+03
1.631378567918058479e+03
1.631345526985207243e+03
1.631312486052356007e+03
1.631279445119504771e+03
1.641182248165632473e+03
1.632104402917767402e+03
1.631123163056268822e+03
1.630937261616460773e+03
1.630871284205258007e+03
1.630830339266317651e+03
1.630795342966877342e+03
1.630761814482105592e+03
1.635988423855946621e+03
1.630770824213636843e+03
1.630785163202781632e+03
1.630848635092829909e+03
1.630845008375164753e+03
1.630812732783140063e+03
1.630780457191115374e+03
1.630748181599090685e+03
1.640593858576686898e+03
1.631559628995526282e+03
1.630590354610295662e+03
1.630408032632808045e+03
1.635603527591507373e+03
1.630390069086977519e+03
1.630395492785884699e+03
1.630456655001712306e+03
1.630452984246185906e+03
1.630428187550937537e+03
1.630397802161008940e+03
1.630366000399335917e+03
1.635653378081869732e+03
1.635814504806732884e+03
1.635975631531596036e+03
1.636136758256459188e+03
1.630978350244340163e+03
1.633515645643881498e+03
1.635605566398780411e+03
1.636330174999898190e+03
1.656292466756978229e+03
1.640660739040652516e+03
1.638050813012917388e+03
1.637597506371825830e+03
1.637609979819152386e+03
1.637734253784883549e+03
1.637886186743317239e+03
1.638045016240740097e+03
1.638205568734631925e+03
1.638366698284640279e+03
1.638527827834648633e+03
1.638688957384656987e+03
1.633530321482003956e+03
1.636067794347291510e+03
1.638157760334374643e+03
1.638882382220348973e+03
1.639189415404940291e+03
1.639387334435011553e+03
1.639557680939914007e+03
1.639721115952491573e+03
1.639882821944629086e+03
1.640044095609950318e+03
1.640205261189085377e+03
1.640366399746394109e+03
1.635207767000334115e+03
1.635175497352890488e+03
1.635143227705446407e+03
1.635110958058002780e+03
1.644956191255601880e+03
1.635922300513766231e+03
1.634953119071463789e+03
1.634770824896784688e+03
1.639966791892848050e+03
1.634752996688251187e+03
1.634758338978037955e+03
1.634819485322185756e+03
1.634815815060567274e+03
1.634791022947475085e+03
1.634760643161536564e+03
1.634728847259297709e+03
1.644573973668597773e+03
1.644353220274079149e+03
1.644132466879560525e+03
1.643911713485041901e+03
1.667261784384414568e+03
1.648031994976952319e+03
1.644151256184443127e+03
1.643089811090424291e+03
1.632728438954974081e+03
1.638726304980254326e+03
1.641346102148917907e+03
1.641912392751163679e+03
1.641893137528854140e+03
1.641723053606906433e+03
1.641514985995528150e+03
1.641297405197448370e+03
1.664648083723898253e+03
1.664272453278882949e+03
1.663896822833867645e+03
1.663521192388852342e+03
1.696821370837382801e+03
1.670323156198089464e+03
1.664121649661949505e+03
1.662342644202097745e+03
1.638001310670348857e+03
1.654297744543336648e+03
1.659133168166358701e+03
1.660118392998149830e+03
1.636563385114822722e+03
1.652943006274837899e+03
1.657816711445403143e+03
1.658812440151211604e+03
1.692428633093617464e+03
1.691955557954824371e+03
1.691482482816031279e+03
1.691009407677238187e+03
1.729182236005098275e+03
1.699453516506654751e+03
1.691878552192228653e+03
1.689653929944317724e+03
1.655068935150902917e+03
1.679159018837998474e+03
1.685469930315456850e+03
1.686723405434896449e+03
1.653068530879452055e+03
1.677318846825270839e+03
1.683681491588155495e+03
1.684948406765143773e+03
1.684912109150937567e+03
1.684439283835176184e+03
1.683966458519414800e+03
1.683493633203653417e+03
1.721658381001186399e+03
1.691933675379534861e+03
1.684361956593750165e+03
1.682138458181899068e+03
1.647584328310286310e+03
1.671650253551588548e+03
1.677957123249044116e+03
1.679209895805305223e+03
1.645585588031202406e+03
1.669811483032819069e+03
1.676170047404341176e+03
1.677436252242996943e+03
1.716029123288444907e+03
1.715530021593134961e+03
1.715030919897825015e+03
1.714531818202515069e+03
1.751825676399068243e+03
1.723343663938805776e+03
1.715538104019608454e+03
1.713203659605951316e+03
1.673607805871042956e+03
1.701844185738279066e+03
1.708677197921738070e+03
1.710009653965345024e+03
1.671347477286488356e+03
1.699796780304217918e+03
1.706687157115099808e+03
1.708033959784888339e+03
1.669375432594367112e+03
1.668903110287910749e+03
1.668430787981454387e+03
1.667958465674998024e+03
1.706106780914555657e+03
1.676390314508235861e+03
1.668825140639719166e+03
1.666603905716015788e+03
1.704325155165064189e+03
1.674492801637043158e+03
1.666899457207450951e+03
1.664671356104373217e+03
1.663761783647329366e+03
1.663180257266712715e+03
1.662680640760510187e+03
1.662201495330913986e+03
1.700348138251273440e+03
1.699848991189158596e+03
1.699349844127043752e+03
1.698850697064928909e+03
1.736159348513598161e+03
1.707663714386232641e+03
1.699856732431562705e+03
1.697522027720041706e+03
1.657934472243634445e+03
1.686162620576134714e+03
1.692995584368095024e+03
1.694328123172644837e+03
1.655674511879870806e+03
1.684115434769105605e+03
1.691005757741520256e+03
1.692352643836478592e+03
1.730137355035252085e+03
1.729687039670455761e+03
1.729236724305659436e+03
1.728786408940863112e+03
1.759611089893391636e+03
1.736645137944717590e+03
1.729779000010443269e+03
1.727684655330597252e+03
1.758060149783192173e+03
1.735024993410245997e+03
1.728134671944622141e+03
1.726033955139969294e+03
1.756407697850145041e+03
1.733372271477097911e+03
1.726481855558763527e+03
1.724381113863771816e+03
1.754754849731247987e+03
1.754422541800017598e+03
1.754090233868787209e+03
1.753757925937556820e+03
1.773340020615946514e+03
1.759454376531367416e+03
1.754585297625787234e+03
1.753053137156136017e+03
1.772279779629304585e+03
1.758366623908148313e+03
1.753481225025915819e+03
1.751944461647736489e+03
1.751307013814856646e+03
1.750898171055975354e+03
1.750546713830000044e+03
1.750209617601281025e+03
1.749876112534822823e+03
1.749543806850952024e+03
1.749211501167081224e+03
1.748879195483210424e+03
1.768461090564478582e+03
1.754575605369670257e+03
1.749706563589922780e+03
1.748174413765425697e+03
1.767400858536494070e+03
1.753487862391115868e+03
1.748602500777474916e+03
1.747065748077687658e+03
1.715225455289107003e+03
1.738995094215539666e+03
1.743852628734401378e+03
1.744757422580529919e+03
1.713455927947540431e+03
1.713005616504201043e+03
1.712555305060861656e+03
1.712104993617522268e+03
1.742929257447378404e+03
1.719963649353004485e+03
1.713097580501817447e+03
1.711003254687290791e+03
1.741378334802305744e+03
1.718343523993114331e+03
1.711453271892876728e+03
1.709352574013701997e+03
1.708487293727592260e+03
1.707933094227472566e+03
1.707456801692460886e+03
1.706999994409453620e+03
1.706548058970784496e+03
1.706097748834629783e+03
1.705647438698475071e+03
1.705197128562320358e+03
1.736021253349054632e+03
1.713055759874442856e+03
1.706189714051448163e+03
1.704095394525513029e+03
1.734470336525803305e+03
1.711435640906197023e+03
1.704545411928253316e+03
1.702444720357723327e+03
1.732817910630252754e+03
1.709782945019455610e+03
1.702892621590271801e+03
1.700791905129716497e+03
1.699926621077001982e+03
1.699476646121181375e+03
1.699026671165360767e+03
1.698576696209540160e+03
1.729365188736320988e+03
1.706429065693937673e+03
1.699568923349033867e+03
1.697476216219460866e+03
1.727815764167615043e+03
1.704810584939498540e+03
1.697926283558761497e+03
1.695827209525914895e+03
1.726165006686547031e+03
1.703159558037827082e+03
1.696275162300101101e+03
1.694176063397314692e+03
1.724513853718977543e+03
1.724182130514639084e+03
1.723850407310300625e+03
1.723518684105962166e+03
1.743048858917827147e+03
1.729204543693797859e+03
1.724345123577874119e+03
1.722815732755482031e+03
1.741990948507829444e+03
1.728119300045247201e+03
1.723243597090350931e+03
1.721709612006990255e+03
1.721073291820932582e+03
1.720665169173746335e+03
1.720314330499240668e+03
1.719977827452205702e+03
1.739506605210856378e+03
1.739343302206880480e+03
1.739179999202904582e+03
1.739016696198928685e+03
1.744350736803791278e+03
1.741676654965972148e+03
1.739551885562657617e+03
1.738817042958434968e+03
1.738505832142131112e+03
1.738305239102667656e+03
1.738132594035685543e+03
1.737966954294036896e+03
1.717941572290872045e+03
1.733769258952401742e+03
1.736420779830118590e+03
1.736882387100106143e+03
1.716957135283904336e+03
1.716624840845756808e+03
1.716292546407609279e+03
1.715960251969461751e+03
1.735541148277837010e+03
1.721656458157678117e+03
1.716787602154198794e+03
1.715255505597727279e+03
1.734480961078573955e+03
1.720568763440566045e+03
1.715683588317550857e+03
1.714146889052109827e+03
1.713509467240757203e+03
1.713100641099092172e+03
1.712749198146733306e+03
1.712412115606199222e+03
1.712078624081597354e+03
1.711746331890881493e+03
1.711414039700165631e+03
1.711081747509449769e+03
1.730662444216449330e+03
1.716777912989078004e+03
1.711909094112489129e+03
1.710377008201504850e+03
1.729602265976074023e+03
1.715690227916866888e+03
1.710805090063504167e+03
1.709268401476789222e+03
1.728492275918874839e+03
1.714580130823871059e+03
1.709694929246461697e+03
1.708158222681836151e+03
1.676318797972112861e+03
1.675869163215563731e+03
1.675419528459014600e+03
1.674969893702465470e+03
1.705722261561035793e+03
1.682815908932705042e+03
1.675961755892802785e+03
1.673870685129800904e+03
1.704174350496160059e+03
1.681199089520675670e+03
1.674320801905371809e+03
1.672223369456110504e+03
1.702525284990445016e+03
1.679549755172289679e+03
1.672671373295580906e+03
1.670573915996761343e+03
1.631932436211363438e+03
1.631433382726368563e+03
1.630934329241373689e+03
1.630435275756378815e+03
1.667713724532921788e+03
1.639245886583992160e+03
1.631441818395279370e+03
1.629107649282367447e+03
1.665911915012285590e+03
1.637344176804008612e+03
1.629511804318172381e+03
1.627170475533252329e+03
1.663972889269056395e+03
1.635404761023811261e+03
1.627572277978761576e+03
1.625230921226520650e+03
1.585624741132027111e+03
1.585151658170126439e+03
1.584678575208225766e+03
1.584205492246325093e+03
1.622378572734833369e+03
1.592649728392827001e+03
1.585074662500833711e+03
1.582850005064152583e+03
1.548264042832200630e+03
1.572354883862609086e+03
1.578665921958322542e+03
1.579919419081197930e+03
1.546263586409333129e+03
1.570514667931426629e+03
1.576877440522486495e+03
1.578144377946435725e+03
1.544492170238691642e+03
1.544117541942565822e+03
1.543742913646440002e+03
1.543368285350314181e+03
1.576609566599008531e+03
1.550153075340878559e+03
1.543966242791952709e+03
1.542191857242442211e+03
1.517946706318969291e+03
1.534171307290324421e+03
1.538992072373477640e+03
1.539974567993162509e+03
1.516514123475796623e+03
1.532821248773833076e+03
1.537680165276773550e+03
1.538673135066880832e+03
1.572229345563443530e+03
1.571756763298496935e+03
1.571284181033550340e+03
1.570811598768603744e+03
1.608968433372355548e+03
1.579247682849394323e+03
1.571679124843411273e+03
1.569456720020744797e+03
1.534932564431566561e+03
1.558975035082053637e+03
1.565277975600262153e+03
1.566530064812397995e+03
1.566490417411004273e+03
1.566126176816736006e+03
1.565680686677763106e+03
1.565214877862971207e+03
1.564743988986720296e+03
1.564271407696455526e+03
1.563798826406190756e+03
1.563326245115925985e+03
1.601483047884434882e+03
1.571762313320664362e+03
1.564193767996392808e+03
1.561971367559664941e+03
1.527447332067115212e+03
1.551489708756417713e+03
1.557792633523814402e+03
1.559044719995947162e+03
1.559005072670091295e+03
1.558640832827569511e+03
1.558195343607660334e+03
1.557729535753653181e+03
1.557258647848609826e+03
1.556786067533043706e+03
1.556313487217477586e+03
1.555840906901911467e+03
1.593997677833818443e+03
1.564276959230296825e+03
1.556708426588006432e+03
1.554486030537296074e+03
1.519962115142604716e+03
1.544004397869865898e+03
1.550307306886226343e+03
1.551559390618311681e+03
1.517965004099887210e+03
1.542166999927301504e+03
1.548521565800685948e+03
1.549787074193047147e+03
1.516196310210621505e+03
1.515822707533938001e+03
1.515449104857254497e+03
1.515075502180570993e+03
1.548256400593996204e+03
1.521842712684585194e+03
1.515670904429931852e+03
1.513901247438308474e+03
1.489754420888496043e+03
1.505905607226144184e+03
1.510711376701048948e+03
1.511691079547236995e+03
1.545183369419664132e+03
1.518883208291578967e+03
1.512735031501519416e+03
1.510970877838983597e+03
1.543837975018682982e+03
1.543365396652564868e+03
1.542892818286446754e+03
1.542420239920328640e+03
1.580576947174953375e+03
1.550856260495106426e+03
1.543287753217588033e+03
1.541065365939150297e+03
1.506541690743865502e+03
1.530583785544474495e+03
1.536886663058088971e+03
1.538138741309945090e+03
1.504544592654496000e+03
1.528746398516066620e+03
1.535100932585989767e+03
1.536366435437485052e+03
1.502775909308592645e+03
1.502402310598697341e+03
1.502028711888802036e+03
1.501655113178906731e+03
1.534835777842436755e+03
1.508422255684008860e+03
1.502250505551763808e+03
1.500480866849657559e+03
1.476334420372820887e+03
1.492485322960915482e+03
1.497291034449473955e+03
1.498270726494749169e+03
1.474907321141203056e+03
1.491140068518711132e+03
1.495983797836509893e+03
1.496973933541368524e+03
1.473613569008015475e+03
1.473396268126017503e+03
1.473178967244019532e+03
1.472961666362021560e+03
1.496075652457711385e+03
1.477021703882901193e+03
1.473193591664633004e+03
1.472148202623424140e+03
1.462083575185694599e+03
1.467865385657653405e+03
1.470436630405645701e+03
1.470993630166315825e+03
1.494258131491346830e+03
1.475298395000620985e+03
1.471485853059186638e+03
1.470443783821396210e+03
1.493404044260725414e+03
1.493030449517671514e+03
1.492656854774617614e+03
1.492283260031563714e+03
1.525463690940470087e+03
1.499050334536789478e+03
1.492878642527832199e+03
1.491109022115494554e+03
1.466962955715074941e+03
1.483113574551314969e+03
1.487919228052841845e+03
1.488898909297064847e+03
1.488867165310247856e+03
1.488579252037424112e+03
1.488227091305055410e+03
1.487858855916887933e+03
1.487486601065811556e+03
1.487113008306198253e+03
1.486739415546584951e+03
1.486365822786971648e+03
1.519546136816793251e+03
1.493132863291897820e+03
1.486961200344914459e+03
1.485191589077555818e+03
1.461045712716634625e+03
1.477196189676084259e+03
1.482001814183838860e+03
1.482981490027483460e+03
1.516473184873059608e+03
1.490173437305461675e+03
1.484025405337607253e+03
1.482261297262488824e+03
1.481543523593164991e+03
1.481169423499592995e+03
1.480795323406020998e+03
1.480421223312449001e+03
1.513631420250975907e+03
1.487196960155019269e+03
1.481017864408413516e+03
1.479245914049264684e+03
1.455051414928383110e+03
1.471238194107854497e+03
1.476051235543936173e+03
1.477032292817100597e+03
1.453621645987217107e+03
1.469890600676146278e+03
1.474741724984261282e+03
1.475733240774296974e+03
1.475704126233859370e+03
1.475330537441167507e+03
1.474956948648475645e+03
1.474583359855783783e+03
1.507763440123889268e+03
1.481350332359387039e+03
1.475178727537010445e+03
1.473409134559798986e+03
1.449263638280456007e+03
1.465413831484598632e+03
1.470219398004294817e+03
1.471199063046677566e+03
1.447836591841891959e+03
1.464068623297696604e+03
1.468912206360348364e+03
1.469902314768456563e+03
1.446542884320542726e+03
1.446325596877522230e+03
1.446108309434501734e+03
1.445891021991481239e+03
1.469004088172290949e+03
1.449950824980570587e+03
1.446122917671695859e+03
1.445077591133015858e+03
1.435014117789261945e+03
1.440795088159869465e+03
1.443366143972310965e+03
1.443923107571380342e+03
1.467186675585241801e+03
1.448227622415394762e+03
1.444415284664238015e+03
1.443373277739541436e+03
1.442954516266573592e+03
1.442736540986347791e+03
1.442518565706121990e+03
1.442300590425896189e+03
1.465460730496307406e+03
1.446372396975044012e+03
1.442534002530047019e+03
1.441485477010596014e+03
1.431362924691854914e+03
1.437186902276867158e+03
1.439767628791080369e+03
1.440326443254250762e+03
1.440307416529815328e+03
1.440139474204429462e+03
1.439934025633538340e+03
1.439719183184780377e+03
1.439501991184550661e+03
1.439284018590158894e+03
1.439066045995767126e+03
1.438848073401375359e+03
1.462008029697351049e+03
1.442919833080811941e+03
1.439081479583143619e+03
1.438032966554761970e+03
1.427910644963842060e+03
1.433734454580885313e+03
1.436315143331206173e+03
1.436873950567084876e+03
1.436854924063577755e+03
1.436686983808649302e+03
1.436481537769801434e+03
1.436266697968432936e+03
1.426406266935693566e+03
1.426377091921780448e+03
1.426347916907867329e+03
1.426318741893954211e+03
1.435932808588773696e+03
1.427075449615905882e+03
1.426154661409505707e+03
1.425986841442004788e+03
1.431428392483921016e+03
1.426039453396725776e+03
1.426002424087279451e+03
1.426055308424529812e+03
1.431670255664009574e+03
1.426184274809184217e+03
1.426143648500295740e+03
1.426196954348911959e+03
1.431812551283925586e+03
1.431977339946585062e+03
1.432142128609244537e+03
1.432306917271904013e+03
1.426852883741459436e+03
1.429620436682892205e+03
1.431769001836630878e+03
1.432510831188540351e+03
1.432824897646484715e+03
1.433027318501849550e+03
1.433201534745538083e+03
1.433368681524044177e+03
1.453501096187395888e+03
1.437597613674289505e+03
1.434926199486628775e+03
1.434460635090852747e+03
1.428794770975692472e+03
1.428767130431995838e+03
1.428739489888299204e+03
1.428711849344602570e+03
1.438211186431694159e+03
1.429441463056737120e+03
1.428544677198909085e+03
1.428384034696249728e+03
1.437913434977074530e+03
1.429082838670627098e+03
1.428180900030327393e+03
1.428019627551117992e+03
1.433582493040665440e+03
1.428106999807730972e+03
1.428048974145690636e+03
1.428097761391562017e+03
1.428094475437214214e+03
1.428067597739883922e+03
1.428040720042553630e+03
1.428013842345223338e+03
1.437456116635322132e+03
1.428729985694797506e+03
1.427845133994903790e+03
1.427688059806615456e+03
1.437161121518139453e+03
1.428374270943819056e+03
1.427484309765337912e+03
1.427326616547172080e+03
1.427272359599117863e+03
1.427238970045621045e+03
1.427210485196385207e+03
1.427183207011872810e+03
1.427156229274047291e+03
1.427129348573306743e+03
1.427102467872566194e+03
1.427075587171825646e+03
1.436518086158474944e+03
1.427791783556809605e+03
1.426906884868692941e+03
1.426749796631413801e+03
1.426695647332621547e+03
1.426662279852907432e+03
1.426633798107908888e+03
1.426606518436794204e+03
1.436049144575147011e+03
1.427322605169564895e+03
1.426437686548380043e+03
1.426280595894518228e+03
1.431904025332581796e+03
1.432069532240176613e+03
1.432235039147771431e+03
1.432400546055366249e+03
1.426888473783135851e+03
1.429701242526837405e+03
1.431861313531400810e+03
1.432606520759431987e+03
1.432921967793083468e+03
1.433125272311173603e+03
1.433300248143878662e+03
1.433468123502691469e+03
1.433634222599333725e+03
1.433799877558955586e+03
1.433965421479855195e+03
1.434130937640794855e+03
1.454314678168618684e+03
1.454648141609047116e+03
1.454981605049475547e+03
1.455315068489903979e+03
1.435630300623440917e+03
1.449597686130397960e+03
1.454485856748668084e+03
1.456023490764415783e+03
1.436695149091254279e+03
1.450690399309661643e+03
1.455594963328829863e+03
1.457137217344245755e+03
1.489052292789047442e+03
1.465232649472675803e+03
1.460360225446811683e+03
1.459452395828266617e+03
1.459479413584059557e+03
1.459813445896178337e+03
1.460147478208297116e+03
1.460481510520415895e+03
1.440746160211700726e+03
1.454753822047629683e+03
1.459651393951683531e+03
1.461191722811162208e+03
1.441813277936068744e+03
1.455848978568224311e+03
1.460762980037800844e+03
1.462307937312234344e+03
1.462948710665428735e+03
1.463359677065724554e+03
1.463712958423553346e+03
1.464051803966889565e+03
1.495733727294853452e+03
1.496184709609114179e+03
1.496635691923374907e+03
1.497086674237635634e+03
1.466190968904460533e+03
1.489215481325064502e+03
1.496093373788776034e+03
1.498190927368384337e+03
1.467744881598415304e+03
1.490838889788172082e+03
1.497741013835070135e+03
1.499844949773649205e+03
1.500711527913104192e+03
1.501266554100152916e+03
1.501743556401931073e+03
1.502201044276185030e+03
1.502653653015629288e+03
1.503104634031101341e+03
1.503555615046573394e+03
1.504006596062045446e+03
1.473111029197025346e+03
1.496135427426298747e+03
1.503013296989852734e+03
1.505110844319920034e+03
1.474664936098082535e+03
1.497758829527977468e+03
1.504660930581067760e+03
1.506764860250171296e+03
1.545468695056458955e+03
1.517301297455710255e+03
1.510962651950883128e+03
1.509749263155548306e+03
1.509786370803879208e+03
1.510237681192211539e+03
1.510688991580543870e+03
1.511140301968876201e+03
1.480209599590980815e+03
1.503262976079816553e+03
1.510146654373007323e+03
1.512245786671264796e+03
1.481764976103147774e+03
1.504887992120844501e+03
1.511795925662960826e+03
1.513901445356282238e+03
1.483422389314842121e+03
1.506545677033568836e+03
1.513453705308648523e+03
1.515559249951965057e+03
1.485080200764100709e+03
1.485414224123787790e+03
1.485748247483474870e+03
1.486082270843161950e+03
1.466347716739365978e+03
1.480354744565315286e+03
1.485252168508449358e+03
1.486792454957947484e+03
1.467414798747251780e+03
1.481449862628483515e+03
1.486363715567924146e+03
1.487908630299938750e+03
1.468532363142810709e+03
1.482567536127744006e+03
1.487481453221069160e+03
1.489026386031025822e+03
1.469650124299810841e+03
1.469815614167054719e+03
1.469981104034298596e+03
1.470146593901542474e+03
1.464635898808597176e+03
1.467447594603931293e+03
1.469607392619162965e+03
1.470352519706240173e+03
1.465050972673916476e+03
1.467844799708996106e+03
1.470010679901793537e+03
1.470757966079422658e+03
1.465457229516464622e+03
1.468250986319031426e+03
1.470416890244029901e+03
1.471164184853997767e+03
1.491445600483103590e+03
1.491778476319215997e+03
1.492111352155328404e+03
1.492444227991440812e+03
1.472811683840882779e+03
1.486737490327451269e+03
1.491615951604108204e+03
1.493150802139268308e+03
1.473874188975886455e+03
1.487827680538071263e+03
1.492722497871875930e+03
1.494261959715073090e+03
1.494900502761498956e+03
1.495310044916132711e+03
1.495662102898641251e+03
1.495999775243837803e+03
1.496333850267994649e+03
1.496666723859790864e+03
1.496999597451587078e+03
1.497332471043383293e+03
1.477700126310530777e+03
1.491625774034572260e+03
1.496504198229993563e+03
1.498039038134031898e+03
1.478762622496589302e+03
1.492715954610491963e+03
1.497610734720452228e+03
1.499150185899331518e+03
1.499788724617542584e+03
1.500198264008216711e+03
1.500550319616581419e+03
1.500887989685009870e+03
1.501222062456738058e+03
1.501554933804206030e+03
1.501887805151674002e+03
1.502220676499141973e+03
1.482588531184705516e+03
1.496514020145715904e+03
1.501392407259725360e+03
1.502927236532585994e+03
1.483651018421780236e+03
1.497604191086895980e+03
1.502498933972834720e+03
1.504038374487340434e+03
1.504676908877313508e+03
1.505086445504012772e+03
1.505438498738221142e+03
1.505776166529869670e+03
1.506110237049156922e+03
1.506443106152284599e+03
1.506775975255412277e+03
1.507108844358539955e+03
1.487476898463229873e+03
1.501402228660704850e+03
1.506280578693126017e+03
1.507815397334753470e+03
1.488539376751282362e+03
1.502492389967106419e+03
1.507387095628846055e+03
1.508926525478922940e+03
1.540803223535882580e+03
1.517009238773894822e+03
1.512144457612355836e+03
1.511238186375137957e+03
1.491249138547731491e+03
1.491414614223720946e+03
1.491580089899710401e+03
1.491745565575699857e+03
1.486236017393867314e+03
1.489046819642233913e+03
1.491206390311640007e+03
1.491951450657129271e+03
1.486651037709868888e+03
1.489443967710724792e+03
1.491609619710946163e+03
1.492356838940665511e+03
1.487057236412595557e+03
1.489850096167317588e+03
1.492015771896431943e+03
1.492762999557683997e+03
1.487463400195214945e+03
1.487434951802889373e+03
1.487406503410564255e+03
1.487378055018238683e+03
1.496937802264164247e+03
1.488121933129270474e+03
1.487212510269080894e+03
1.487048089027848164e+03
1.496637132372435190e+03
1.487760228105755232e+03
1.486845606613725749e+03
1.486680543804092622e+03
1.492179364401692965e+03
1.486749530372228719e+03
1.486702561770085367e+03
1.486753505535740032e+03
1.492424711851489292e+03
1.492590181850935096e+03
1.492755651850380900e+03
1.492921121849826704e+03
1.487412032433834611e+03
1.490222477262701887e+03
1.492381956993230688e+03
1.493126990641895873e+03
1.487827031330003592e+03
1.490619602516462464e+03
1.492785163239104577e+03
1.493532355689470478e+03
1.488233206776698808e+03
1.491025707711575251e+03
1.493191292161787260e+03
1.493938493043363906e+03
1.488639347296114011e+03
1.488610892898016118e+03
1.488582438499918226e+03
1.488553984101820333e+03
1.498114180380862308e+03
1.489297968256011472e+03
1.488388451453368589e+03
1.488224002120244450e+03
1.497813488794596651e+03
1.488936240332659736e+03
1.488021524557355178e+03
1.487856433569655792e+03
1.497446027707540907e+03
1.488568540435604518e+03
1.487653804325120745e+03
1.487488710829274623e+03
1.497078305386832653e+03
1.496860292116055462e+03
1.496642278845278270e+03
1.496424265574501078e+03
1.519587005063935294e+03
1.500496735084767806e+03
1.496657761450439921e+03
1.495609059247589812e+03
1.518616755638485984e+03
1.499431650932020830e+03
1.495576995995980042e+03
1.494524950126075964e+03
1.494103204475656185e+03
1.493834557791233692e+03
1.493603904915574049e+03
1.493382732915647011e+03
1.493163930035841076e+03
1.492945914058283279e+03
1.492727898080725481e+03
1.492509882103167683e+03
1.515672806795807446e+03
1.496582398848536059e+03
1.492743383947811708e+03
1.491694669156493546e+03
1.514702548049997631e+03
1.495517304960042566e+03
1.491662608612280110e+03
1.490610550115608476e+03
1.480483476247633689e+03
1.486310014213065188e+03
1.488891276436165299e+03
1.489450188899278146e+03
1.512764339438321713e+03
1.512391232710937629e+03
1.512018125983553546e+03
1.511645019256169462e+03
1.544796680678376561e+03
1.518403727768356475e+03
1.512239187060921495e+03
1.510471816775500656e+03
1.509753624733666811e+03
1.509294466216711498e+03
1.508899860294254722e+03
1.508521379628108207e+03
1.541671817241733152e+03
1.515278419156014252e+03
1.509113785855636252e+03
1.507346394014285124e+03
1.506628196689033075e+03
1.506254579802351373e+03
1.505880962915669670e+03
1.505507346028987968e+03
1.538689081778228910e+03
1.512274800121189855e+03
1.506102783658775024e+03
1.504333061149717196e+03
1.480184873072604887e+03
1.496337075882408499e+03
1.501143053079250649e+03
1.502122794616974033e+03
1.502091048836666232e+03
1.501803118491434816e+03
1.501450936882221640e+03
1.501082679667058301e+03
1.500710402751508354e+03
1.500336787848118774e+03
1.499963172944729195e+03
1.499589558041339615e+03
1.532771176924693009e+03
1.506356978135933105e+03
1.500184990733037012e+03
1.498415277368254465e+03
1.474267279321036312e+03
1.490419340260473746e+03
1.495225288465454923e+03
1.496205024602989397e+03
1.529698048067460832e+03
1.503397377075866189e+03
1.497249021736083932e+03
1.495484811869107261e+03
1.494766995879858314e+03
1.494392873680577850e+03
1.494018751481297386e+03
1.493644629282016922e+03
1.526856127693903318e+03
1.500420745024739063e+03
1.494241325451045213e+03
1.492469273174787531e+03
1.491749136822852051e+03
1.491288729866781750e+03
1.490893050183354489e+03
1.490513539470090109e+03
1.466709236462247873e+03
1.482938712595272136e+03
1.487771087902576255e+03
1.488757425014561704e+03
1.465346213833927777e+03
1.465128200499957074e+03
1.464910187165986827e+03
1.464692173832016124e+03
1.487854917645270234e+03
1.468764644445049498e+03
1.464925669847302061e+03
1.463876967350557379e+03
1.486884668002224544e+03
1.467699560065008427e+03
1.463844904162155444e+03
1.462792857997462534e+03
1.485799946689580565e+03
1.466614468022569099e+03
1.462759750841634514e+03
1.461707691614237774e+03
1.484714777915792411e+03
1.484340653713337133e+03
1.483966529510881855e+03
1.483592405308426578e+03
1.516804021654762437e+03
1.490368555386240132e+03
1.484189106468138789e+03
1.482417044956367590e+03
1.481696904769015873e+03
1.481236495350210816e+03
1.480840813548625192e+03
1.480461300803434142e+03
1.480085829518868195e+03
1.479711368549233612e+03
1.479337160155192805e+03
1.478963014904854163e+03
1.478588885440428612e+03
1.478214761230208978e+03
1.477840637019989344e+03
1.477466512809769711e+03
1.510678129613213514e+03
1.484242663020664622e+03
1.478063213988825510e+03
1.476291152441257964e+03
1.475571012239040328e+03
1.475110602810690125e+03
1.474714921000894492e+03
1.474335408247827900e+03
1.507545796975792882e+03
1.481109884877310151e+03
1.474930343057272012e+03
1.473158259898717688e+03
1.448961442738903770e+03
1.448742047228220827e+03
1.448522651717537883e+03
1.448303256206854940e+03
1.471560532356211297e+03
1.452399845448259839e+03
1.448539801217535341e+03
1.447484670773440939e+03
1.447061073024938651e+03
1.446790923862261934e+03
1.446558858513646783e+03
1.446336296704708502e+03
1.436352818455333136e+03
1.442262026598346438e+03
1.444872112316256107e+03
1.445437703896100857e+03
1.435714231883259117e+03
1.435684240016812964e+03
1.435654248150366811e+03
1.435624256283920658e+03
1.445299368939675787e+03
1.436395386170299389e+03
1.435461822458654751e+03
1.435290181794716773e+03
1.444993124528586350e+03
1.436027797130748695e+03
1.435088947213647089e+03
1.434916642835639777e+03
1.434856395208534195e+03
1.434819172233831068e+03
1.434787393394931541e+03
1.434756956085699812e+03
1.444432184802204574e+03
1.444213476043355286e+03
1.443994767284505997e+03
1.443776058525656708e+03
1.466986374845208957e+03
1.447860664440860319e+03
1.444011088312484844e+03
1.442959151633528336e+03
1.466013730880790945e+03
1.446793079091739401e+03
1.442927784326061328e+03
1.441872494139593528e+03
1.431685892737626091e+03
1.437555765872679331e+03
1.440146769356352024e+03
1.440707546017261166e+03
1.431040880615814785e+03
1.431011648388461026e+03
1.430982416161107267e+03
1.430953183933753508e+03
1.440571527017488734e+03
1.431710901824407301e+03
1.430789218764067982e+03
1.430621131187158426e+03
1.440268025935701417e+03
1.431346208370500563e+03
1.430419282200815132e+03
1.430250541808810794e+03
1.430191755478537516e+03
1.430155467588956299e+03
1.430124492252566824e+03
1.430094825548400649e+03
1.435620180869178967e+03
1.435784185400873184e+03
1.435948189932567402e+03
1.436112194464261620e+03
1.430721502909899073e+03
1.433439712413214920e+03
1.435575717559733675e+03
1.436313859263892027e+03
1.431130973032514703e+03
1.433830949066928497e+03
1.435972947783980771e+03
1.436713226985123583e+03
1.437026359975028299e+03
1.437227961994884481e+03
1.437401385595735746e+03
1.437567746125573649e+03
1.437732339733728850e+03
1.437896341424066122e+03
1.438060343114403395e+03
1.438224344804740667e+03
1.432833882735365478e+03
1.435551913477160724e+03
1.437687873114017520e+03
1.438426001455875394e+03
1.433243342140344794e+03
1.435943138716126896e+03
1.438085091754053337e+03
1.438825357551590741e+03
1.439138485069767057e+03
1.439340083591325538e+03
1.439513504186625823e+03
1.439679861834060603e+03
1.439844452590597484e+03
1.440008451439571900e+03
1.440172450288546315e+03
1.440336449137520731e+03
1.434946216553327986e+03
1.437664068533503723e+03
1.439799982660621481e+03
1.440538097640152046e+03
1.435355665240655753e+03
1.438055282357708393e+03
1.440197189716431240e+03
1.440937442110336860e+03
1.435755814907396598e+03
1.438455360361953353e+03
1.440597291105412296e+03
1.441337551846982478e+03
1.441650676134424430e+03
1.441813947388479392e+03
1.441977218642534353e+03
1.442140489896589315e+03
1.436809012805461634e+03
1.439481097898230701e+03
1.441605358816987973e+03
1.442340052111428577e+03
1.437215717246008353e+03
1.439869389034504820e+03
1.441999599794262167e+03
1.442736419926315875e+03
1.443048140813892132e+03
1.443248840017850625e+03
1.443421487967054418e+03
1.443587104626411701e+03
1.443750962308758744e+03
1.443914230719929037e+03
1.444077499131099330e+03
1.444240767542269623e+03
1.438909519986180612e+03
1.441581426292267224e+03
1.443705641681475072e+03
1.444440321606739644e+03
1.439316213705280688e+03
1.441969706010154823e+03
1.444099871070843392e+03
1.444836677792396358e+03
1.464955884793652558e+03
1.449215454828064594e+03
1.446577009014833266e+03
1.446118037712368050e+03
1.466041226617714756e+03
1.466373491468684279e+03
1.466705756319653801e+03
1.467038021170623324e+03
1.447459752562396034e+03
1.461342350905305466e+03
1.466210718139382834e+03
1.467742674549373078e+03
1.499579286419231266e+03
1.475810984426829691e+03
1.470953890846692047e+03
1.470049184810487759e+03
1.450114312320677982e+03
1.463969310382334470e+03
1.468821412984834524e+03
1.470348784446238824e+03
1.451124553838239535e+03
1.451287822227286142e+03
1.451451090616332749e+03
1.451614359005379356e+03
1.446283113235555902e+03
1.448955018150306159e+03
1.451079233185198063e+03
1.451813913006422354e+03
1.471932748740171064e+03
1.456191986268059964e+03
1.453553491509366722e+03
1.453094510330272215e+03
1.447553629893699963e+03
1.450243657578302191e+03
1.452361932832554430e+03
1.453094493348840388e+03
1.447969587685760644e+03
1.447938812186478572e+03
1.447908036687196500e+03
1.447877261187914428e+03
1.457610918477218547e+03
1.448662226110980328e+03
1.447716407616766446e+03
1.447541101715133436e+03
1.452855678617909234e+03
1.447557286803291390e+03
1.447542169180303290e+03
1.447599326349700050e+03
1.457302478784239156e+03
1.448414851977899843e+03
1.447474329791115224e+03
1.447299695356251050e+03
1.457060339688647218e+03
1.456840241650085773e+03
1.456620143611524327e+03
1.456400045572962881e+03
1.479705340347841911e+03
1.460508892772372064e+03
1.456638141213786412e+03
1.455579743721683371e+03
1.478727914721332581e+03
1.459436313146833299e+03
1.455549768399361028e+03
1.454487997744691938e+03
1.454062246232490907e+03
1.453791033824871647e+03
1.453558175900130664e+03
1.453334889059444549e+03
1.476639573962473378e+03
1.476264421850472218e+03
1.475889269738471057e+03
1.475514117626469897e+03
1.508786196878201281e+03
1.482307884664349785e+03
1.476113381325827049e+03
1.474336580928775447e+03
1.507291970200466949e+03
1.480699490292787004e+03
1.474481178745720172e+03
1.472698831425407434e+03
1.505652978920383703e+03
1.479060052913236404e+03
1.472841648349674415e+03
1.471059279360609480e+03
1.504013422004823724e+03
1.503540083389571464e+03
1.503066744774319204e+03
1.502593406159066944e+03
1.540774697458676201e+03
1.511041801971033465e+03
1.503463418449817937e+03
1.501237611195154614e+03
1.538990545717852456e+03
1.509141879292732483e+03
1.501535288276230631e+03
1.499302601609953854e+03
1.464683168400435989e+03
1.488798472196585180e+03
1.495113548479816018e+03
1.496367738439542791e+03
1.496328025819963159e+03
1.495854933899783646e+03
1.495381841979604133e+03
1.494908750059424619e+03
1.533082119232532250e+03
1.503353131995205786e+03
1.495777949790354569e+03
1.493553252059117995e+03
1.531298578448609305e+03
1.501453791458613523e+03
1.493850410684034841e+03
1.491618836750544233e+03
1.490707794957394754e+03
1.490125322541621699e+03
1.489624892223225061e+03
1.489144966124469420e+03
1.527316659116399023e+03
1.526817655514826129e+03
1.526318651913253234e+03
1.525819648311680339e+03
1.563082465062860138e+03
1.534628991519576630e+03
1.526826447325149047e+03
1.524492561750256527e+03
1.561281152651452430e+03
1.532727877455664157e+03
1.524897037534510901e+03
1.522555993377079858e+03
1.521596083785271958e+03
1.520981831634797572e+03
1.520454014559829602e+03
1.519947807507054222e+03
1.519447003037512786e+03
1.518947999625738930e+03
1.518448996213965074e+03
1.517949992802191218e+03
1.555212750651707438e+03
1.526759331205699709e+03
1.518956792773860343e+03
1.516622908275358213e+03
1.515664792004859237e+03
1.515050988499809137e+03
1.514523283738854389e+03
1.514017104907568410e+03
1.513516307635787825e+03
1.513016855758691918e+03
1.512517740230567597e+03
1.512018708789704760e+03
1.511519698370658716e+03
1.511020694959623370e+03
1.510521691548588024e+03
1.510022688137552677e+03
1.547285445757876687e+03
1.518832026522366277e+03
1.511029488112949821e+03
1.508695603618636369e+03
1.507737487349614639e+03
1.507123683845480173e+03
1.506595979085307818e+03
1.506089800254771035e+03
1.505589002983731916e+03
1.505089551107375428e+03
1.504590435579989617e+03
1.504091404139865517e+03
1.464945867703744398e+03
1.464472773829224025e+03
1.463999679954703652e+03
1.463526586080183279e+03
1.501700018223476263e+03
1.471970999821095802e+03
1.464395792241978597e+03
1.462171085720108522e+03
1.461261746488706649e+03
1.460679697416263934e+03
1.460179371415520791e+03
1.459699469927139035e+03
1.459224674175268547e+03
1.458751154833043074e+03
1.458277954591698290e+03
1.457804834125478237e+03
1.457331733603033399e+03
1.456858639724725663e+03
1.456385545846417926e+03
1.455912451968110190e+03
1.494085884233433035e+03
1.464356865770658942e+03
1.456781658142368087e+03
1.454556951603462267e+03
1.492302338594461389e+03
1.462457520606168373e+03
1.454854114337201963e+03
1.452622531570561478e+03
1.451711486039204146e+03
1.451129011216460412e+03
1.450628578827486081e+03
1.450148650742474729e+03
1.449673848338810785e+03
1.449200753487145676e+03
1.448727658635480566e+03
1.448254563783815456e+03
1.486428027410112918e+03
1.456698993426831294e+03
1.449123773160995825e+03
1.446899062243930530e+03
1.484644479357800719e+03
1.454799645961922351e+03
1.447196227020144761e+03
1.444964639862678951e+03
1.444053592473113213e+03
1.443471116453899413e+03
1.442970683035671073e+03
1.442490753963320913e+03
1.442015950582804180e+03
1.441542854757799205e+03
1.441069758932794230e+03
1.440596663107789254e+03
1.478770158093680038e+03
1.449041108590966815e+03
1.441465875687860489e+03
1.439241160392716893e+03
1.476986607628091861e+03
1.447141758825708166e+03
1.439538327211394744e+03
1.437306735663184327e+03
1.436395686415442924e+03
1.435813209199779976e+03
1.435312774752315590e+03
1.434832844692643903e+03
1.434358040335291207e+03
1.433884943536963192e+03
1.433411846738635177e+03
1.432938749940307162e+03
1.471112276284409973e+03
1.441383211263340627e+03
1.433807965723237885e+03
1.431583246050095795e+03
1.469328723405609708e+03
1.439483859197800484e+03
1.431880414911225898e+03
1.429648818972351592e+03
1.428737767866467948e+03
1.428155289454376998e+03
1.427654853977694756e+03
1.427174922930719049e+03
1.426700117596547670e+03
1.426227019824913896e+03
1.425753922053280121e+03
1.425280824281646346e+03
1.463454381982579434e+03
1.433725301444230126e+03
1.426150043267404726e+03
1.423925319216345315e+03
1.461670826690632111e+03
1.431825947078477611e+03
1.424222490119917438e+03
1.421990889790460187e+03
1.421079836826466817e+03
1.420497357217969011e+03
1.419996920712086876e+03
1.419516988677824429e+03
1.419042182366851648e+03
1.418569083621929167e+03
1.418095984877006686e+03
1.417622886132084204e+03
1.455796475188466502e+03
1.426067379133912482e+03
1.418492108320639090e+03
1.416267379891742394e+03
1.454012917483436468e+03
1.424168022468016943e+03
1.416564552837745850e+03
1.414332948117786600e+03
1.413421893295716472e+03
1.412839412490832729e+03
1.412338974955769118e+03
1.411859041934237439e+03
1.411384234646480309e+03
1.410911134928286401e+03
1.410438035210092494e+03
1.409964935491898586e+03
1.448138555902348799e+03
1.418409444332666226e+03
1.410834160883218829e+03
1.408609428076565337e+03
1.446354995784300854e+03
1.416510085366695648e+03
1.408906603064989213e+03
1.406674993954608226e+03
1.405763937274494538e+03
1.405181455273246229e+03
1.404681016709019104e+03
1.404201082700235474e+03
1.403726274435711048e+03
1.403253173744262540e+03
1.402780073052814032e+03
1.402306972361365524e+03
1.440480624124502128e+03
1.410751497040766480e+03
1.403176200955418835e+03
1.400951463771089038e+03
1.438697061593500166e+03
1.408852135774789303e+03
1.401248640801922193e+03
1.399017027301200642e+03
1.398105968763076362e+03
1.397523485565484179e+03
1.397023045972111504e+03
1.396543110976093203e+03
1.396068301734818988e+03
1.395595200070133160e+03
1.395122098405447332e+03
1.394648996740761504e+03
1.432822679855203205e+03
1.403093537258490414e+03
1.395518228537516961e+03
1.393293486975591577e+03
1.431039114911312026e+03
1.401194173692575987e+03
1.393590666048823550e+03
1.391359048157842153e+03
1.390447987761740023e+03
1.389865503367825340e+03
1.389365062745325304e+03
1.388885126762089840e+03
1.388410316544082889e+03
1.387937213906177021e+03
1.387464111268271154e+03
1.386991008630365286e+03
1.425164723094730562e+03
1.395435564986116560e+03
1.387860243629791512e+03
1.385635497690351031e+03
1.423381155738015195e+03
1.393536199120333549e+03
1.385932678805971136e+03
1.383701056524810383e+03
1.382789994270763600e+03
1.382207508680547335e+03
1.381707067028938127e+03
1.381227130058502780e+03
1.380752318863780147e+03
1.380279215252671293e+03
1.379806111641561984e+03
1.379333008030453129e+03
1.417506753843360684e+03
1.387777580223921177e+03
1.380202246232518519e+03
1.377977495915643203e+03
1.415723184073885250e+03
1.385878212058338249e+03
1.378274679073640755e+03
1.376043052402381363e+03
1.375131988290422896e+03
1.374549501503926194e+03
1.374049058823226005e+03
1.373569120865608056e+03
1.411741190438550575e+03
1.411242189117974931e+03
1.410743187797399287e+03
1.410244186476823643e+03
1.447506295631295870e+03
1.419053471954901624e+03
1.411250996997473521e+03
1.408917124357418061e+03
1.407959012270188623e+03
1.407345211357483095e+03
1.406817508811646121e+03
1.406311332102452752e+03
1.405810536929589034e+03
1.405311087145620832e+03
1.404811973709176982e+03
1.404312944359633093e+03
1.403813936031815501e+03
1.403314934711979276e+03
1.402815933392143052e+03
1.402316932072306827e+03
1.439579040997529091e+03
1.411126217531676275e+03
1.403323742596683132e+03
1.400989869960819760e+03
1.400031757875069161e+03
1.399417956963280176e+03
1.398890254418226277e+03
1.398384077709783242e+03
1.435644333904833275e+03
1.407191120408874895e+03
1.399388534940763520e+03
1.397054634341731116e+03
1.396096515252331983e+03
1.395597562972831611e+03
1.395098610693331239e+03
1.394599658413830866e+03
1.431846699160672188e+03
1.403407707416419498e+03
1.395606711995093065e+03
1.393273116841096453e+03
1.392315102807269113e+03
1.391701362682243143e+03
1.391173712082473457e+03
1.390667585138624418e+03
1.390166839187779260e+03
1.389667438490114364e+03
1.389168374106052170e+03
1.388669393800410035e+03
1.388170434514373937e+03
1.387671482235630720e+03
1.387172529956887502e+03
1.386673577678144284e+03
1.423920618194398230e+03
1.395481626661708333e+03
1.387680631263097212e+03
1.385347036113376589e+03
1.384389022081062421e+03
1.383775281956975050e+03
1.383247631358007311e+03
1.382741504414926567e+03
1.382240758464841520e+03
1.381741357767934460e+03
1.381242293384629647e+03
1.380743313079744667e+03
1.380244353794465724e+03
1.379745401516479660e+03
1.379246449238493597e+03
1.378747496960507533e+03
1.415994537246173877e+03
1.387555545925046772e+03
1.379754550549151190e+03
1.377420955403706330e+03
1.376462941372905561e+03
1.375849201249756788e+03
1.375321550651590996e+03
1.374815423709278775e+03
1.374314677759953838e+03
1.373815277063804615e+03
1.373316212681257412e+03
1.372817232377129812e+03
1.372318273092608479e+03
1.371819320815379797e+03
1.371320368538151115e+03
1.370821416260922433e+03
1.408068456316001402e+03
1.379629465206437089e+03
1.371828469853256593e+03
1.369494874712087721e+03
1.368536860682800352e+03
1.367923120560589950e+03
1.367395469963226333e+03
1.366889343021682635e+03
1.366388597073117580e+03
1.365889196377726194e+03
1.365390131995936372e+03
1.364891151692565927e+03
1.364392192408801748e+03
1.363893240132330220e+03
1.363394287855858693e+03
1.362895335579387165e+03
1.400142375403878532e+03
1.371703384505877011e+03
1.363902389175412054e+03
1.361568794038518945e+03
1.360610780010744975e+03
1.359997039889473172e+03
1.359469389292911728e+03
1.358963262352136326e+03
1.358462516404331382e+03
1.357963115709698059e+03
1.357464051328665619e+03
1.356965071026052783e+03
1.356466111743045758e+03
1.355967159467331385e+03
1.355468207191617012e+03
1.354969254915902638e+03
1.392216294509806403e+03
1.363777303823367674e+03
1.355976308515618030e+03
1.353642713383000910e+03
1.352684699356740111e+03
1.352070959236406679e+03
1.351543308640647410e+03
1.351037181700640531e+03
1.350536435753595470e+03
1.350037035059720210e+03
1.349537970679445152e+03
1.349038990377589471e+03
1.348540031095339600e+03
1.348041078820382609e+03
1.347542126545425617e+03
1.347043174270468626e+03
1.384290213633785015e+03
1.355851223158909306e+03
1.348050227873874746e+03
1.345716632745533389e+03
1.344758618720785989e+03
1.344144878601391156e+03
1.343617228006433834e+03
1.343111101067195250e+03
1.380356287534237481e+03
1.351916907398663852e+03
1.344115801612821315e+03
1.341782178525455947e+03
1.340824157497849001e+03
1.340325255437453961e+03
1.339826353377058922e+03
1.339327451316663883e+03
1.376559334845012245e+03
1.348134243019602536e+03
1.340334745606972319e+03
1.338001433452343235e+03
1.337043519734093707e+03
1.336429841845828150e+03
1.335902244437919308e+03
1.335396168454386043e+03
1.372626198924734126e+03
1.344200717808917034e+03
1.336401109928046253e+03
1.334067769818603438e+03
1.333109849098299946e+03
1.332610998426467631e+03
1.332112147754635316e+03
1.331613297082803001e+03
1.368829937163286104e+03
1.340418810876374664e+03
1.332620829689680249e+03
1.330287805999440479e+03
1.329329994841821645e+03
1.328716380628772640e+03
1.328188837649437801e+03
1.327682813812491759e+03
1.327182169843876181e+03
1.326682870847504319e+03
1.326183908094515573e+03
1.325685029402392956e+03
1.362901662243749115e+03
1.362453750503581432e+03
1.362005838763413749e+03
1.361557927023246066e+03
1.392127955790863098e+03
1.369371779923034637e+03
1.362547922181153581e+03
1.360465136541942229e+03
1.359606101070611658e+03
1.359055260446564716e+03
1.358581607275746137e+03
1.358127259602893218e+03
1.357677738843624411e+03
1.357229424846435904e+03
1.356781412541872896e+03
1.356333475660597287e+03
1.355885557635152281e+03
1.355437645900185771e+03
1.354989734165219261e+03
1.354541822430252751e+03
1.385111850649002008e+03
1.362355675233006423e+03
1.355531817582478197e+03
1.353449031968269992e+03
1.352589996506980242e+03
1.352039155889337735e+03
1.351565502724020689e+03
1.351111155056443977e+03
1.350661634302394987e+03
1.350213320310412428e+03
1.349765308011051275e+03
1.349317371134977293e+03
1.348869453114733233e+03
1.348421541384967668e+03
1.347973629655202103e+03
1.347525717925436538e+03
1.378095745595318022e+03
1.355339570631155539e+03
1.348515713071980144e+03
1.346432927482774630e+03
1.345573892031526384e+03
1.345023051420287857e+03
1.344549398260472117e+03
1.344095050598171838e+03
1.343645529849342665e+03
1.343197215862565827e+03
1.342749203568407211e+03
1.342301266697534629e+03
1.341853348682491742e+03
1.341405436957927350e+03
1.340957525233362958e+03
1.340509613508798566e+03
1.371079640629812047e+03
1.348323466117482667e+03
1.341499608649660331e+03
1.339416823085457963e+03
1.338557787644250539e+03
1.338006947039416218e+03
1.337533293885102012e+03
1.337078946228077484e+03
1.336629425484468356e+03
1.336181111502897011e+03
1.335733099213940704e+03
1.335285162348269523e+03
1.334837244338427581e+03
1.334389332619064135e+03
1.333941420899700688e+03
1.333493509180337242e+03
1.364063535752482949e+03
1.341307361691986443e+03
1.334483504315516939e+03
1.332400718776317490e+03
1.331541683345151114e+03
1.330990842746721000e+03
1.330517189597908100e+03
1.330062841946159779e+03
1.329613321207770468e+03
1.329165007231405070e+03
1.328716994947650846e+03
1.328269058087181065e+03
1.327821140082540524e+03
1.327373228368378250e+03
1.326925316654215976e+03
1.326477404940053702e+03
1.357047430963331180e+03
1.334291257354667550e+03
1.327467400069551331e+03
1.325384614555354574e+03
1.324525579134229702e+03
1.323974738542203795e+03
1.323501085398892201e+03
1.323046737752420313e+03
1.322597217019250820e+03
1.322148903048091142e+03
1.321700890769539228e+03
1.321252953914270847e+03
1.320805035914831478e+03
1.320357124205870377e+03
1.319909212496909277e+03
1.319461300787948176e+03
1.350031326262357652e+03
1.327275153105527124e+03
1.320451295911763737e+03
1.318368510422569898e+03
1.317509475011486074e+03
1.316958634425864147e+03
1.316484981288054314e+03
1.316030633646858632e+03
1.315581112918908957e+03
1.315132798952955000e+03
1.314684786679605395e+03
1.314236849829538414e+03
1.313788931835300218e+03
1.313341020131540063e+03
1.312893108427779907e+03
1.312445196724019752e+03
1.343015221649561227e+03
1.320259048944563801e+03
1.313435191842153472e+03
1.311352406377962552e+03
1.310493370976919778e+03
1.309942530397702058e+03
1.309468877265393530e+03
1.309014529629473827e+03
1.308565008906743969e+03
1.308116694945995960e+03
1.307668682677848437e+03
1.307220745832982857e+03
1.306772827843945834e+03
1.306324916145386851e+03
1.305877004446827868e+03
1.305429092748268886e+03
1.335999117124942586e+03
1.313242944871778036e+03
1.306419087860720538e+03
1.304336302421532764e+03
1.303477267030531266e+03
1.302926426457717980e+03
1.302452773330910986e+03
1.301998425700267489e+03
1.301548904982757449e+03
1.301100591027215387e+03
1.300652578764270174e+03
1.300204641924605767e+03
1.299756723940769916e+03
1.299308812247411879e+03
1.298860900554053842e+03
1.298412988860695805e+03
1.328983012688501276e+03
1.306226840887169828e+03
1.299402983967465389e+03
1.297320198553280534e+03
1.296461163172320084e+03
1.295910322605910778e+03
1.295436669484605318e+03
1.294982321859237800e+03
1.294532801146947577e+03
1.294084487196611008e+03
1.293636474938868332e+03
1.293188538104405325e+03
1.292740620125770647e+03
1.292292708437613783e+03
1.291844796749456918e+03
1.291396885061300054e+03
1.321966908340237524e+03
1.299210736990739179e+03
1.292386880162387797e+03
1.290304094773205634e+03
1.289445059402286461e+03
1.288894218842281362e+03
1.288420565726477207e+03
1.287966218106385668e+03
1.287516697399315262e+03
1.287068383454184641e+03
1.286620371201644048e+03
1.286172434372382440e+03
1.285724516398948936e+03
1.285276604715993244e+03
1.284828693033037553e+03
1.284380781350081861e+03
1.314950804080151329e+03
1.292194633182486086e+03
1.285370776445487536e+03
1.283287991081308519e+03
1.282428955720430395e+03
1.281878115166829502e+03
1.281404462056526654e+03
1.280950114441711548e+03
1.280500593739860960e+03
1.280052279799936059e+03
1.279604267552597776e+03
1.279156330728537569e+03
1.278708412760305009e+03
1.278260501082550263e+03
1.277812589404795517e+03
1.277364677727040771e+03
1.307934699908242237e+03
1.285178529462410097e+03
1.278354672816764378e+03
1.276271887477588280e+03
1.275412852126751432e+03
1.274862011579554746e+03
1.274388358474753431e+03
1.273934010865214304e+03
1.273484490168583761e+03
1.273036176233864353e+03
1.272588163991728152e+03
1.272140227172869572e+03
1.271692309209838186e+03
1.271244397537284613e+03
1.270796485864731039e+03
1.270348574192177466e+03
1.300918595824510930e+03
1.278162425830511665e+03
1.271338569276219459e+03
1.269255783962046053e+03
1.268396748621250254e+03
1.267845908080457775e+03
1.267372254981157766e+03
1.266917907376894846e+03
1.266468386685484120e+03
1.266020072755970887e+03
1.265572060519036995e+03
1.265124123705379361e+03
1.264676205747549375e+03
1.264228294080196974e+03
1.263780382412844574e+03
1.263332470745492174e+03
1.293902491828957409e+03
1.271146322286791474e+03
1.264322465823852099e+03
1.262239680534681611e+03
1.261380645203927088e+03
1.260829804669538589e+03
1.260356151575740114e+03
1.259901803976753399e+03
1.259452283290562491e+03
1.259003969366254978e+03
1.258555957134523396e+03
1.258108020326067390e+03
1.257660102373438349e+03
1.257212190711286894e+03
1.256764279049135439e+03
1.256316367386983984e+03
1.286886387921581218e+03
1.264130218831248385e+03
1.257306362459661841e+03
1.255223577195494272e+03
1.254364541874780798e+03
1.253813701346796734e+03
1.253340048258499564e+03
1.252885700664789056e+03
1.252436179983817965e+03
1.251987866064716400e+03
1.251539853838186900e+03
1.251091917034932294e+03
1.250643999087504653e+03
1.250196087430554371e+03
1.249748175773604089e+03
1.249300264116653807e+03
1.279870284102382584e+03
1.257114115463882854e+03
1.250290259183649596e+03
1.248207473944484946e+03
1.247348438633812520e+03
1.246797598112232436e+03
1.246323945029436800e+03
1.245869597441002497e+03
1.245420076765251224e+03
1.244971762851355152e+03
1.244523750630028189e+03
1.244075813831974756e+03
1.243627895889748061e+03
1.243179984237998724e+03
1.242732072586249387e+03
1.242284160934500051e+03
1.272854180371360826e+03
1.250098012184694198e+03
1.243274155995813999e+03
1.241191370781652495e+03
1.240332335481021119e+03
1.239781494965845241e+03
1.239307841888550911e+03
1.238853494305392815e+03
1.238403973634861586e+03
1.237955659726171234e+03
1.237507647510046581e+03
1.237059710717194548e+03
1.236611792780169253e+03
1.236163881133621089e+03
1.235715969487072925e+03
1.235268057840524762e+03
1.265838076728517308e+03
1.243081908993683783e+03
1.236258052896156414e+03
1.234175267706998056e+03
1.233316232416407956e+03
1.232765391907636285e+03
1.232291738835843489e+03
1.231837391257961144e+03
1.231387870592649961e+03
1.230939556689165556e+03
1.230491544478242986e+03
1.230043607690592353e+03
1.229595689758768231e+03
1.229147778117421240e+03
1.228699866476074249e+03
1.228251954834727258e+03
1.258821973173851802e+03
1.236065805890851607e+03
1.229241949884677297e+03
1.227159164720521630e+03
1.226300129439972807e+03
1.225749288937605115e+03
1.225275635871313852e+03
1.224821288298707714e+03
1.224371767638616120e+03
1.223923453740337209e+03
1.223475441534616948e+03
1.223027504752167715e+03
1.222579586825544538e+03
1.222131675189398493e+03
1.221683763553252447e+03
1.221235851917106402e+03
1.251805869707362717e+03
1.229049702876195624e+03
1.222225846961374373e+03
1.220143061822221853e+03
1.219284026551713850e+03
1.218733186055750593e+03
1.218259532994960409e+03
1.217805185427630704e+03
1.217355664772758701e+03
1.216907350879685964e+03
1.216459338679168013e+03
1.216011401901920181e+03
1.215563483980498177e+03
1.215115572349553304e+03
1.214667660718608431e+03
1.214219749087663558e+03
1.244789766329051645e+03
1.222033599949717654e+03
1.215209744126249461e+03
1.213126959012099633e+03
1.212267923751633134e+03
1.211717083262074084e+03
1.211243430206785433e+03
1.210789082644731707e+03
1.210339561995079748e+03
1.209891248107212732e+03
1.209443235911896863e+03
1.208995299139850658e+03
1.208547381223629827e+03
