1.000000000000000000e+02
1.007500000000000000e+02
1.015000000000000000e+02
1.022500000000000000e+02
1.030000000000000000e+02
1.037500000000000000e+02
1.045000000000000000e+02
1.052500000000000000e+02
1.060000000000000000e+02
1.067500000000000000e+02
1.075000000000000000e+02
1.082500000000000000e+02
1.090000000000000000e+02
1.097500000000000000e+02
1.105000000000000000e+02
1.112500000000000000e+02
1.120000000000000000e+02
1.127500000000000000e+02
1.135000000000000000e+02
1.142500000000000000e+02
1.150000000000000000e+02
1.157500000000000000e+02
1.165000000000000000e+02
1.172500000000000000e+02
1.180000000000000000e+02
1.187500000000000000e+02
1.195000000000000000e+02
1.202500000000000000e+02
1.210000000000000000e+02
1.217500000000000000e+02
1.225000000000000000e+02
1.232500000000000000e+02
1.240000000000000000e+02
1.247500000000000000e+02
1.255000000000000000e+02
1.262500000000000000e+02
1.270000000000000000e+02
1.277500000000000000e+02
1.285000000000000000e+02
1.292500000000000000e+02
1.300000000000000000e+02
1.307500000000000000e+02
1.315000000000000000e+02
1.322500000000000000e+02
1.330000000000000000e+02
1.337500000000000000e+02
1.345000000000000000e+02
1.352500000000000000e+02
1.360000000000000000e+02
1.367500000000000000e+02
1.375000000000000000e+02
1.382500000000000000e+02
1.390000000000000000e+02
1.397500000000000000e+02
1.405000000000000000e+02
1.412500000000000000e+02
1.420000000000000000e+02
1.427500000000000000e+02
1.435000000000000000e+02
1.442500000000000000e+02
1.450000000000000000e+02
1.457500000000000000e+02
1.465000000000000000e+02
1.472500000000000000e+02
1.480000000000000000e+02
1.487500000000000000e+02
1.495000000000000000e+02
1.502500000000000000e+02
1.510000000000000000e+02
1.517500000000000000e+02
1.525000000000000000e+02
1.532500000000000000e+02
1.540000000000000000e+02
1.547500000000000000e+02
1.555000000000000000e+02
1.562500000000000000e+02
1.570000000000000000e+02
1.577500000000000000e+02
1.585000000000000000e+02
1.592500000000000000e+02
1.600000000000000000e+02
1.607500000000000000e+02
1.615000000000000000e+02
1.622500000000000000e+02
1.630000000000000000e+02
1.637500000000000000e+02
1.645000000000000000e+02
1.652500000000000000e+02
1.660000000000000000e+02
1.667500000000000000e+02
1.675000000000000000e+02
1.682500000000000000e+02
1.690000000000000000e+02
1.697500000000000000e+02
1.705000000000000000e+02
1.712500000000000000e+02
1.720000000000000000e+02
1.727500000000000000e+02
1.735000000000000000e+02
1.742500000000000000e+02
1.750000000000000000e+02
1.757500000000000000e+02
1.765000000000000000e+02
1.772500000000000000e+02
1.780000000000000000e+02
1.787500000000000000e+02
1.795000000000000000e+02
1.802500000000000000e+02
1.810000000000000000e+02
1.817500000000000000e+02
1.825000000000000000e+02
1.832500000000000000e+02
1.840000000000000000e+02
1.847500000000000000e+02
1.855000000000000000e+02
1.862500000000000000e+02
1.870000000000000000e+02
1.877500000000000000e+02
1.885000000000000000e+02
1.892500000000000000e+02
1.900000000000000000e+02
1.907500000000000000e+02
1.915000000000000000e+02
1.922500000000000000e+02
1.930000000000000000e+02
1.937500000000000000e+02
1.945000000000000000e+02
1.952500000000000000e+02
1.960000000000000000e+02
1.967500000000000000e+02
1.975000000000000000e+02
1.982500000000000000e+02
1.990000000000000000e+02
1.997500000000000000e+02
2.005000000000000000e+02
2.012500000000000000e+02
2.020000000000000000e+02
2.027500000000000000e+02
2.035000000000000000e+02
2.042500000000000000e+02
2.050000000000000000e+02
2.057500000000000000e+02
2.065000000000000000e+02
2.072500000000000000e+02
2.080000000000000000e+02
2.087500000000000000e+02
2.095000000000000000e+02
2.102500000000000000e+02
2.110000000000000000e+02
2.117500000000000000e+02
2.125000000000000000e+02
2.132500000000000000e+02
2.140000000000000000e+02
2.147500000000000000e+02
2.155000000000000000e+02
2.162500000000000000e+02
2.170000000000000000e+02
2.177500000000000000e+02
2.185000000000000000e+02
2.192500000000000000e+02
2.200000000000000000e+02
2.207500000000000000e+02
2.215000000000000000e+02
2.222500000000000000e+02
2.230000000000000000e+02
2.237500000000000000e+02
2.245000000000000000e+02
2.252500000000000000e+02
2.260000000000000000e+02
2.267500000000000000e+02
2.275000000000000000e+02
2.282500000000000000e+02
2.290000000000000000e+02
2.297500000000000000e+02
2.305000000000000000e+02
2.312500000000000000e+02
2.320000000000000000e+02
2.327500000000000000e+02
2.335000000000000000e+02
2.342500000000000000e+02
2.350000000000000000e+02
2.357500000000000000e+02
2.365000000000000000e+02
2.372500000000000000e+02
2.380000000000000000e+02
2.387500000000000000e+02
2.395000000000000000e+02
2.402500000000000000e+02
2.410000000000000000e+02
2.417500000000000000e+02
2.425000000000000000e+02
2.432500000000000000e+02
2.440000000000000000e+02
2.447500000000000000e+02
2.455000000000000000e+02
2.462500000000000000e+02
2.470000000000000000e+02
2.477500000000000000e+02
2.485000000000000000e+02
2.492500000000000000e+02
2.500000000000000000e+02
2.507500000000000000e+02
2.515000000000000000e+02
2.522500000000000000e+02
2.530000000000000000e+02
2.537500000000000000e+02
2.545000000000000000e+02
2.552500000000000000e+02
2.560000000000000000e+02
2.567500000000000000e+02
2.575000000000000000e+02
2.582500000000000000e+02
2.590000000000000000e+02
2.597500000000000000e+02
2.605000000000000000e+02
2.612500000000000000e+02
2.620000000000000000e+02
2.627500000000000000e+02
2.635000000000000000e+02
2.642500000000000000e+02
2.650000000000000000e+02
2.657500000000000000e+02
2.665000000000000000e+02
2.672500000000000000e+02
2.680000000000000000e+02
2.687500000000000000e+02
2.695000000000000000e+02
2.702500000000000000e+02
2.710000000000000000e+02
2.717500000000000000e+02
2.725000000000000000e+02
2.732500000000000000e+02
2.740000000000000000e+02
2.747500000000000000e+02
2.755000000000000000e+02
2.762500000000000000e+02
2.770000000000000000e+02
2.777500000000000000e+02
2.785000000000000000e+02
2.792500000000000000e+02
2.800000000000000000e+02
2.807500000000000000e+02
2.815000000000000000e+02
2.822500000000000000e+02
2.830000000000000000e+02
2.837500000000000000e+02
2.845000000000000000e+02
2.852500000000000000e+02
2.860000000000000000e+02
2.867500000000000000e+02
2.875000000000000000e+02
2.882500000000000000e+02
2.890000000000000000e+02
2.897500000000000000e+02
2.905000000000000000e+02
2.912500000000000000e+02
2.920000000000000000e+02
2.927500000000000000e+02
2.935000000000000000e+02
2.942500000000000000e+02
2.950000000000000000e+02
2.957500000000000000e+02
2.965000000000000000e+02
2.972500000000000000e+02
2.980000000000000000e+02
2.987500000000000000e+02
2.995000000000000000e+02
3.002500000000000000e+02
3.010000000000000000e+02
3.017500000000000000e+02
3.025000000000000000e+02
3.032500000000000000e+02
3.040000000000000000e+02
3.047500000000000000e+02
3.055000000000000000e+02
3.062500000000000000e+02
3.070000000000000000e+02
3.077500000000000000e+02
3.085000000000000000e+02
3.092500000000000000e+02
3.100000000000000000e+02
3.107500000000000000e+02
3.115000000000000000e+02
3.122500000000000000e+02
3.130000000000000000e+02
3.137500000000000000e+02
3.145000000000000000e+02
3.152500000000000000e+02
3.160000000000000000e+02
3.167500000000000000e+02
3.175000000000000000e+02
3.182500000000000000e+02
3.190000000000000000e+02
3.197500000000000000e+02
3.205000000000000000e+02
3.212500000000000000e+02
3.220000000000000000e+02
3.227500000000000000e+02
3.235000000000000000e+02
3.242500000000000000e+02
3.250000000000000000e+02
3.257500000000000000e+02
3.265000000000000000e+02
3.272500000000000000e+02
3.280000000000000000e+02
3.287500000000000000e+02
3.295000000000000000e+02
3.302500000000000000e+02
3.310000000000000000e+02
3.317500000000000000e+02
3.325000000000000000e+02
3.332500000000000000e+02
3.340000000000000000e+02
3.347500000000000000e+02
3.355000000000000000e+02
3.362500000000000000e+02
3.370000000000000000e+02
3.377500000000000000e+02
3.385000000000000000e+02
3.392500000000000000e+02
3.400000000000000000e+02
3.407500000000000000e+02
3.415000000000000000e+02
3.422500000000000000e+02
3.430000000000000000e+02
3.437500000000000000e+02
3.445000000000000000e+02
3.452500000000000000e+02
3.460000000000000000e+02
3.467500000000000000e+02
3.475000000000000000e+02
3.482500000000000000e+02
3.490000000000000000e+02
3.497500000000000000e+02
3.505000000000000000e+02
3.512500000000000000e+02
3.520000000000000000e+02
3.527500000000000000e+02
3.535000000000000000e+02
3.542500000000000000e+02
3.550000000000000000e+02
3.557500000000000000e+02
3.565000000000000000e+02
3.572500000000000000e+02
3.580000000000000000e+02
3.587500000000000000e+02
3.595000000000000000e+02
3.602500000000000000e+02
3.610000000000000000e+02
3.617500000000000000e+02
3.625000000000000000e+02
3.632500000000000000e+02
3.640000000000000000e+02
3.647500000000000000e+02
3.655000000000000000e+02
3.662500000000000000e+02
3.670000000000000000e+02
3.677500000000000000e+02
3.685000000000000000e+02
3.692500000000000000e+02
3.700000000000000000e+02
3.707500000000000000e+02
3.715000000000000000e+02
3.722500000000000000e+02
3.730000000000000000e+02
3.737500000000000000e+02
3.745000000000000000e+02
3.752500000000000000e+02
3.760000000000000000e+02
3.767500000000000000e+02
3.775000000000000000e+02
3.782500000000000000e+02
3.790000000000000000e+02
3.797500000000000000e+02
3.805000000000000000e+02
3.812500000000000000e+02
3.820000000000000000e+02
3.827500000000000000e+02
3.835000000000000000e+02
3.842500000000000000e+02
3.850000000000000000e+02
3.857500000000000000e+02
3.865000000000000000e+02
3.872500000000000000e+02
3.880000000000000000e+02
3.887500000000000000e+02
3.895000000000000000e+02
3.902500000000000000e+02
3.910000000000000000e+02
3.917500000000000000e+02
3.925000000000000000e+02
3.932500000000000000e+02
3.940000000000000000e+02
3.947500000000000000e+02
3.955000000000000000e+02
3.962500000000000000e+02
3.970000000000000000e+02
3.977500000000000000e+02
3.985000000000000000e+02
3.992500000000000000e+02
4.000000000000000000e+02
4.007500000000000000e+02
4.015000000000000000e+02
4.022500000000000000e+02
4.030000000000000000e+02
4.037500000000000000e+02
4.045000000000000000e+02
4.052500000000000000e+02
4.060000000000000000e+02
4.067500000000000000e+02
4.075000000000000000e+02
4.082500000000000000e+02
4.090000000000000000e+02
4.097500000000000000e+02
4.105000000000000000e+02
4.112500000000000000e+02
4.120000000000000000e+02
4.127500000000000000e+02
4.135000000000000000e+02
4.142500000000000000e+02
4.150000000000000000e+02
4.157500000000000000e+02
4.165000000000000000e+02
4.172500000000000000e+02
4.180000000000000000e+02
4.187500000000000000e+02
4.195000000000000000e+02
4.202500000000000000e+02
4.210000000000000000e+02
4.217500000000000000e+02
4.225000000000000000e+02
4.232500000000000000e+02
4.240000000000000000e+02
4.247500000000000000e+02
4.255000000000000000e+02
4.262500000000000000e+02
4.270000000000000000e+02
4.277500000000000000e+02
4.285000000000000000e+02
4.292500000000000000e+02
4.300000000000000000e+02
4.307500000000000000e+02
4.315000000000000000e+02
4.322500000000000000e+02
4.330000000000000000e+02
4.337500000000000000e+02
4.345000000000000000e+02
4.352500000000000000e+02
4.360000000000000000e+02
4.367500000000000000e+02
4.375000000000000000e+02
4.382500000000000000e+02
4.390000000000000000e+02
4.397500000000000000e+02
4.405000000000000000e+02
4.412500000000000000e+02
4.420000000000000000e+02
4.427500000000000000e+02
4.435000000000000000e+02
4.442500000000000000e+02
4.450000000000000000e+02
4.457500000000000000e+02
4.465000000000000000e+02
4.472500000000000000e+02
4.480000000000000000e+02
4.487500000000000000e+02
4.495000000000000000e+02
4.502500000000000000e+02
4.510000000000000000e+02
4.517500000000000000e+02
4.525000000000000000e+02
4.532500000000000000e+02
4.540000000000000000e+02
4.547500000000000000e+02
4.555000000000000000e+02
4.562500000000000000e+02
4.570000000000000000e+02
4.577500000000000000e+02
4.585000000000000000e+02
4.592500000000000000e+02
4.600000000000000000e+02
4.607500000000000000e+02
4.615000000000000000e+02
4.622500000000000000e+02
4.630000000000000000e+02
4.637500000000000000e+02
4.645000000000000000e+02
4.652500000000000000e+02
4.660000000000000000e+02
4.667500000000000000e+02
4.675000000000000000e+02
4.682500000000000000e+02
4.690000000000000000e+02
4.697500000000000000e+02
4.705000000000000000e+02
4.712500000000000000e+02
4.720000000000000000e+02
4.727500000000000000e+02
4.735000000000000000e+02
4.742500000000000000e+02
4.750000000000000000e+02
4.757500000000000000e+02
4.765000000000000000e+02
4.772500000000000000e+02
4.780000000000000000e+02
4.787500000000000000e+02
4.795000000000000000e+02
4.802500000000000000e+02
4.810000000000000000e+02
4.817500000000000000e+02
4.825000000000000000e+02
4.832500000000000000e+02
4.840000000000000000e+02
4.847500000000000000e+02
4.855000000000000000e+02
4.862500000000000000e+02
4.870000000000000000e+02
4.877500000000000000e+02
4.885000000000000000e+02
4.892500000000000000e+02
4.900000000000000000e+02
4.907500000000000000e+02
4.915000000000000000e+02
4.922500000000000000e+02
4.930000000000000000e+02
4.937500000000000000e+02
4.945000000000000000e+02
4.952500000000000000e+02
4.960000000000000000e+02
4.967500000000000000e+02
4.975000000000000000e+02
4.982500000000000000e+02
4.990000000000000000e+02
4.997500000000000000e+02
5.005000000000000000e+02
5.012500000000000000e+02
5.020000000000000000e+02
5.027500000000000000e+02
5.035000000000000000e+02
5.042500000000000000e+02
5.050000000000000000e+02
5.057500000000000000e+02
5.065000000000000000e+02
5.072500000000000000e+02
5.080000000000000000e+02
5.087500000000000000e+02
5.095000000000000000e+02
5.102500000000000000e+02
5.110000000000000000e+02
5.117500000000000000e+02
5.125000000000000000e+02
5.132500000000000000e+02
5.140000000000000000e+02
5.147500000000000000e+02
5.155000000000000000e+02
5.162500000000000000e+02
5.170000000000000000e+02
5.177500000000000000e+02
5.185000000000000000e+02
5.192500000000000000e+02
5.200000000000000000e+02
5.207500000000000000e+02
5.215000000000000000e+02
5.222500000000000000e+02
5.230000000000000000e+02
5.237500000000000000e+02
5.245000000000000000e+02
5.252500000000000000e+02
5.260000000000000000e+02
5.267500000000000000e+02
5.275000000000000000e+02
5.282500000000000000e+02
5.290000000000000000e+02
5.297500000000000000e+02
5.305000000000000000e+02
5.312500000000000000e+02
5.320000000000000000e+02
5.327500000000000000e+02
5.335000000000000000e+02
5.342500000000000000e+02
5.350000000000000000e+02
5.357500000000000000e+02
5.365000000000000000e+02
5.372500000000000000e+02
5.380000000000000000e+02
5.387500000000000000e+02
5.395000000000000000e+02
5.402500000000000000e+02
5.410000000000000000e+02
5.417500000000000000e+02
5.425000000000000000e+02
5.432500000000000000e+02
5.440000000000000000e+02
5.447500000000000000e+02
5.455000000000000000e+02
5.462500000000000000e+02
5.470000000000000000e+02
5.477500000000000000e+02
5.485000000000000000e+02
5.492500000000000000e+02
5.500000000000000000e+02
5.507500000000000000e+02
5.515000000000000000e+02
5.522500000000000000e+02
5.530000000000000000e+02
5.537500000000000000e+02
5.545000000000000000e+02
5.552500000000000000e+02
5.560000000000000000e+02
5.567500000000000000e+02
5.575000000000000000e+02
5.582500000000000000e+02
5.590000000000000000e+02
5.597500000000000000e+02
5.605000000000000000e+02
5.612500000000000000e+02
5.620000000000000000e+02
5.627500000000000000e+02
5.635000000000000000e+02
5.642500000000000000e+02
5.650000000000000000e+02
5.657500000000000000e+02
5.665000000000000000e+02
5.672500000000000000e+02
5.680000000000000000e+02
5.687500000000000000e+02
5.695000000000000000e+02
5.702500000000000000e+02
5.710000000000000000e+02
5.717500000000000000e+02
5.725000000000000000e+02
5.732500000000000000e+02
5.740000000000000000e+02
5.747500000000000000e+02
5.755000000000000000e+02
5.762500000000000000e+02
5.770000000000000000e+02
5.777500000000000000e+02
5.785000000000000000e+02
5.792500000000000000e+02
5.800000000000000000e+02
5.807500000000000000e+02
5.815000000000000000e+02
5.822500000000000000e+02
5.830000000000000000e+02
5.837500000000000000e+02
5.845000000000000000e+02
5.852500000000000000e+02
5.860000000000000000e+02
5.867500000000000000e+02
5.875000000000000000e+02
5.882500000000000000e+02
5.890000000000000000e+02
5.897500000000000000e+02
5.905000000000000000e+02
5.912500000000000000e+02
5.920000000000000000e+02
5.927500000000000000e+02
5.935000000000000000e+02
5.942500000000000000e+02
5.950000000000000000e+02
5.957500000000000000e+02
5.965000000000000000e+02
5.972500000000000000e+02
5.980000000000000000e+02
5.987500000000000000e+02
5.995000000000000000e+02
6.002500000000000000e+02
6.010000000000000000e+02
6.017500000000000000e+02
6.025000000000000000e+02
6.032500000000000000e+02
6.040000000000000000e+02
6.047500000000000000e+02
6.055000000000000000e+02
6.062500000000000000e+02
6.070000000000000000e+02
6.077500000000000000e+02
6.085000000000000000e+02
6.092500000000000000e+02
6.100000000000000000e+02
6.107500000000000000e+02
6.115000000000000000e+02
6.122500000000000000e+02
6.130000000000000000e+02
6.137500000000000000e+02
6.145000000000000000e+02
6.152500000000000000e+02
6.160000000000000000e+02
6.167500000000000000e+02
6.175000000000000000e+02
6.182500000000000000e+02
6.190000000000000000e+02
6.197500000000000000e+02
6.205000000000000000e+02
6.212500000000000000e+02
6.220000000000000000e+02
6.227500000000000000e+02
6.235000000000000000e+02
6.242500000000000000e+02
6.250000000000000000e+02
6.257500000000000000e+02
6.265000000000000000e+02
6.272500000000000000e+02
6.280000000000000000e+02
6.287500000000000000e+02
6.295000000000000000e+02
6.302500000000000000e+02
6.310000000000000000e+02
6.317500000000000000e+02
6.325000000000000000e+02
6.332500000000000000e+02
6.340000000000000000e+02
6.347500000000000000e+02
6.355000000000000000e+02
6.362500000000000000e+02
6.370000000000000000e+02
6.377500000000000000e+02
6.385000000000000000e+02
6.392500000000000000e+02
6.400000000000000000e+02
6.407500000000000000e+02
6.415000000000000000e+02
6.422500000000000000e+02
6.430000000000000000e+02
6.437500000000000000e+02
6.445000000000000000e+02
6.452500000000000000e+02
6.460000000000000000e+02
6.467500000000000000e+02
6.475000000000000000e+02
6.482500000000000000e+02
6.490000000000000000e+02
6.497500000000000000e+02
6.505000000000000000e+02
6.512500000000000000e+02
6.520000000000000000e+02
6.527500000000000000e+02
6.535000000000000000e+02
6.542500000000000000e+02
6.550000000000000000e+02
6.557500000000000000e+02
6.565000000000000000e+02
6.572500000000000000e+02
6.580000000000000000e+02
6.587500000000000000e+02
6.595000000000000000e+02
6.602500000000000000e+02
6.610000000000000000e+02
6.617500000000000000e+02
6.625000000000000000e+02
6.632500000000000000e+02
6.640000000000000000e+02
6.647500000000000000e+02
6.655000000000000000e+02
6.662500000000000000e+02
6.670000000000000000e+02
6.677500000000000000e+02
6.685000000000000000e+02
6.692500000000000000e+02
6.700000000000000000e+02
6.707500000000000000e+02
6.715000000000000000e+02
6.722500000000000000e+02
6.730000000000000000e+02
6.737500000000000000e+02
6.745000000000000000e+02
6.752500000000000000e+02
6.760000000000000000e+02
6.767500000000000000e+02
6.775000000000000000e+02
6.782500000000000000e+02
6.790000000000000000e+02
6.797500000000000000e+02
6.805000000000000000e+02
6.812500000000000000e+02
6.820000000000000000e+02
6.827500000000000000e+02
6.835000000000000000e+02
6.842500000000000000e+02
6.850000000000000000e+02
6.857500000000000000e+02
6.865000000000000000e+02
6.872500000000000000e+02
6.880000000000000000e+02
6.887500000000000000e+02
6.895000000000000000e+02
6.902500000000000000e+02
6.910000000000000000e+02
6.917500000000000000e+02
6.925000000000000000e+02
6.932500000000000000e+02
6.940000000000000000e+02
6.947500000000000000e+02
6.955000000000000000e+02
6.962500000000000000e+02
6.970000000000000000e+02
6.977500000000000000e+02
6.985000000000000000e+02
6.992500000000000000e+02
7.000000000000000000e+02
7.007500000000000000e+02
7.015000000000000000e+02
7.022500000000000000e+02
7.030000000000000000e+02
7.037500000000000000e+02
7.045000000000000000e+02
7.052500000000000000e+02
7.060000000000000000e+02
7.067500000000000000e+02
7.075000000000000000e+02
7.082500000000000000e+02
7.090000000000000000e+02
7.097500000000000000e+02
7.105000000000000000e+02
7.112500000000000000e+02
7.120000000000000000e+02
7.127500000000000000e+02
7.135000000000000000e+02
7.142500000000000000e+02
7.150000000000000000e+02
7.157500000000000000e+02
7.165000000000000000e+02
7.172500000000000000e+02
7.180000000000000000e+02
7.187500000000000000e+02
7.195000000000000000e+02
7.202500000000000000e+02
7.210000000000000000e+02
7.217500000000000000e+02
7.225000000000000000e+02
7.232500000000000000e+02
7.240000000000000000e+02
7.247500000000000000e+02
7.255000000000000000e+02
7.262500000000000000e+02
7.270000000000000000e+02
7.277500000000000000e+02
7.285000000000000000e+02
7.292500000000000000e+02
7.300000000000000000e+02
7.307500000000000000e+02
7.315000000000000000e+02
7.322500000000000000e+02
7.330000000000000000e+02
7.337500000000000000e+02
7.345000000000000000e+02
7.352500000000000000e+02
7.360000000000000000e+02
7.367500000000000000e+02
7.375000000000000000e+02
7.382500000000000000e+02
7.390000000000000000e+02
7.397500000000000000e+02
7.405000000000000000e+02
7.412500000000000000e+02
7.420000000000000000e+02
7.427500000000000000e+02
7.435000000000000000e+02
7.442500000000000000e+02
7.450000000000000000e+02
7.457500000000000000e+02
7.465000000000000000e+02
7.472500000000000000e+02
7.480000000000000000e+02
7.487500000000000000e+02
7.495000000000000000e+02
7.502500000000000000e+02
7.510000000000000000e+02
7.517500000000000000e+02
7.525000000000000000e+02
7.532500000000000000e+02
7.540000000000000000e+02
7.547500000000000000e+02
7.555000000000000000e+02
7.562500000000000000e+02
7.570000000000000000e+02
7.577500000000000000e+02
7.585000000000000000e+02
7.592500000000000000e+02
7.600000000000000000e+02
7.607500000000000000e+02
7.615000000000000000e+02
7.622500000000000000e+02
7.630000000000000000e+02
7.637500000000000000e+02
7.645000000000000000e+02
7.652500000000000000e+02
7.660000000000000000e+02
7.667500000000000000e+02
7.675000000000000000e+02
7.682500000000000000e+02
7.690000000000000000e+02
7.697500000000000000e+02
7.705000000000000000e+02
7.712500000000000000e+02
7.720000000000000000e+02
7.727500000000000000e+02
7.735000000000000000e+02
7.742500000000000000e+02
7.750000000000000000e+02
7.757500000000000000e+02
7.765000000000000000e+02
7.772500000000000000e+02
7.780000000000000000e+02
7.787500000000000000e+02
7.795000000000000000e+02
7.802500000000000000e+02
7.810000000000000000e+02
7.817500000000000000e+02
7.825000000000000000e+02
7.832500000000000000e+02
7.840000000000000000e+02
7.847500000000000000e+02
7.855000000000000000e+02
7.862500000000000000e+02
7.870000000000000000e+02
7.877500000000000000e+02
7.885000000000000000e+02
7.892500000000000000e+02
7.900000000000000000e+02
7.907500000000000000e+02
7.915000000000000000e+02
7.922500000000000000e+02
7.930000000000000000e+02
7.937500000000000000e+02
7.945000000000000000e+02
7.952500000000000000e+02
7.960000000000000000e+02
7.967500000000000000e+02
7.975000000000000000e+02
7.982500000000000000e+02
7.990000000000000000e+02
7.997500000000000000e+02
8.005000000000000000e+02
8.012500000000000000e+02
8.020000000000000000e+02
8.027500000000000000e+02
8.035000000000000000e+02
8.042500000000000000e+02
8.050000000000000000e+02
8.057500000000000000e+02
8.065000000000000000e+02
8.072500000000000000e+02
8.080000000000000000e+02
8.087500000000000000e+02
8.095000000000000000e+02
8.102500000000000000e+02
8.110000000000000000e+02
8.117500000000000000e+02
8.125000000000000000e+02
8.132500000000000000e+02
8.140000000000000000e+02
8.147500000000000000e+02
8.155000000000000000e+02
8.162500000000000000e+02
8.170000000000000000e+02
8.177500000000000000e+02
8.185000000000000000e+02
8.192500000000000000e+02
8.200000000000000000e+02
8.207500000000000000e+02
8.215000000000000000e+02
8.222500000000000000e+02
8.230000000000000000e+02
8.237500000000000000e+02
8.245000000000000000e+02
8.252500000000000000e+02
8.260000000000000000e+02
8.267500000000000000e+02
8.275000000000000000e+02
8.282500000000000000e+02
8.290000000000000000e+02
8.297500000000000000e+02
8.305000000000000000e+02
8.312500000000000000e+02
8.320000000000000000e+02
8.327500000000000000e+02
8.335000000000000000e+02
8.342500000000000000e+02
8.350000000000000000e+02
8.357500000000000000e+02
8.365000000000000000e+02
8.372500000000000000e+02
8.380000000000000000e+02
8.387500000000000000e+02
8.395000000000000000e+02
8.402500000000000000e+02
8.410000000000000000e+02
8.417500000000000000e+02
8.425000000000000000e+02
8.432500000000000000e+02
8.440000000000000000e+02
8.447500000000000000e+02
8.455000000000000000e+02
8.462500000000000000e+02
8.470000000000000000e+02
8.477500000000000000e+02
8.485000000000000000e+02
8.492500000000000000e+02
8.500000000000000000e+02
8.507500000000000000e+02
8.515000000000000000e+02
8.522500000000000000e+02
8.530000000000000000e+02
8.537500000000000000e+02
8.545000000000000000e+02
8.552500000000000000e+02
8.560000000000000000e+02
8.567500000000000000e+02
8.575000000000000000e+02
8.582500000000000000e+02
8.590000000000000000e+02
8.597500000000000000e+02
8.605000000000000000e+02
8.612500000000000000e+02
8.620000000000000000e+02
8.627500000000000000e+02
8.635000000000000000e+02
8.642500000000000000e+02
8.650000000000000000e+02
8.657500000000000000e+02
8.665000000000000000e+02
8.672500000000000000e+02
8.680000000000000000e+02
8.687500000000000000e+02
8.695000000000000000e+02
8.702500000000000000e+02
8.710000000000000000e+02
8.717500000000000000e+02
8.725000000000000000e+02
8.732500000000000000e+02
8.740000000000000000e+02
8.747500000000000000e+02
8.755000000000000000e+02
8.762500000000000000e+02
8.770000000000000000e+02
8.777500000000000000e+02
8.785000000000000000e+02
8.792500000000000000e+02
8.800000000000000000e+02
8.807500000000000000e+02
8.815000000000000000e+02
8.822500000000000000e+02
8.830000000000000000e+02
8.837500000000000000e+02
8.845000000000000000e+02
8.852500000000000000e+02
8.860000000000000000e+02
8.867500000000000000e+02
8.875000000000000000e+02
8.882500000000000000e+02
8.890000000000000000e+02
8.897500000000000000e+02
8.905000000000000000e+02
8.912500000000000000e+02
8.920000000000000000e+02
8.927500000000000000e+02
8.935000000000000000e+02
8.942500000000000000e+02
8.950000000000000000e+02
8.957500000000000000e+02
8.965000000000000000e+02
8.972500000000000000e+02
8.980000000000000000e+02
8.987500000000000000e+02
8.995000000000000000e+02
9.002500000000000000e+02
9.010000000000000000e+02
9.017500000000000000e+02
9.025000000000000000e+02
9.032500000000000000e+02
9.040000000000000000e+02
9.047500000000000000e+02
9.055000000000000000e+02
9.062500000000000000e+02
9.070000000000000000e+02
9.077500000000000000e+02
9.085000000000000000e+02
9.092500000000000000e+02
9.100000000000000000e+02
9.107500000000000000e+02
9.115000000000000000e+02
9.122500000000000000e+02
9.130000000000000000e+02
9.137500000000000000e+02
9.145000000000000000e+02
9.152500000000000000e+02
9.160000000000000000e+02
9.167500000000000000e+02
9.175000000000000000e+02
9.182500000000000000e+02
9.190000000000000000e+02
9.197500000000000000e+02
9.205000000000000000e+02
9.212500000000000000e+02
9.220000000000000000e+02
9.227500000000000000e+02
9.235000000000000000e+02
9.242500000000000000e+02
9.250000000000000000e+02
9.257500000000000000e+02
9.265000000000000000e+02
9.272500000000000000e+02
9.280000000000000000e+02
9.287500000000000000e+02
9.295000000000000000e+02
9.302500000000000000e+02
9.310000000000000000e+02
9.317500000000000000e+02
9.325000000000000000e+02
9.332500000000000000e+02
9.340000000000000000e+02
9.347500000000000000e+02
9.355000000000000000e+02
9.362500000000000000e+02
9.370000000000000000e+02
9.377500000000000000e+02
9.385000000000000000e+02
9.392500000000000000e+02
9.400000000000000000e+02
9.407500000000000000e+02
9.415000000000000000e+02
9.422500000000000000e+02
9.430000000000000000e+02
9.437500000000000000e+02
9.445000000000000000e+02
9.452500000000000000e+02
9.460000000000000000e+02
9.467500000000000000e+02
9.475000000000000000e+02
9.482500000000000000e+02
9.490000000000000000e+02
9.497500000000000000e+02
9.505000000000000000e+02
9.512500000000000000e+02
9.520000000000000000e+02
9.527500000000000000e+02
9.535000000000000000e+02
9.542500000000000000e+02
9.550000000000000000e+02
9.557500000000000000e+02
9.565000000000000000e+02
9.572500000000000000e+02
9.580000000000000000e+02
9.587500000000000000e+02
9.595000000000000000e+02
9.602500000000000000e+02
9.610000000000000000e+02
9.617500000000000000e+02
9.625000000000000000e+02
9.632500000000000000e+02
9.640000000000000000e+02
9.647500000000000000e+02
9.655000000000000000e+02
9.662500000000000000e+02
9.670000000000000000e+02
9.677500000000000000e+02
9.685000000000000000e+02
9.692500000000000000e+02
9.700000000000000000e+02
9.707500000000000000e+02
9.715000000000000000e+02
9.722500000000000000e+02
9.730000000000000000e+02
9.737500000000000000e+02
9.745000000000000000e+02
9.752500000000000000e+02
9.760000000000000000e+02
9.767500000000000000e+02
9.775000000000000000e+02
9.782500000000000000e+02
9.790000000000000000e+02
9.797500000000000000e+02
9.805000000000000000e+02
9.812500000000000000e+02
9.820000000000000000e+02
9.827500000000000000e+02
9.835000000000000000e+02
9.842500000000000000e+02
9.850000000000000000e+02
9.857500000000000000e+02
9.865000000000000000e+02
9.872500000000000000e+02
9.880000000000000000e+02
9.887500000000000000e+02
9.895000000000000000e+02
9.902500000000000000e+02
9.910000000000000000e+02
9.917500000000000000e+02
9.925000000000000000e+02
9.932500000000000000e+02
9.940000000000000000e+02
9.947500000000000000e+02
9.955000000000000000e+02
9.962500000000000000e+02
9.970000000000000000e+02
9.977500000000000000e+02
9.985000000000000000e+02
9.992500000000000000e+02
1.000000000000000000e+03
1.000750000000000000e+03
1.001500000000000000e+03
1.002250000000000000e+03
1.003000000000000000e+03
1.003750000000000000e+03
1.004500000000000000e+03
1.005250000000000000e+03
1.006000000000000000e+03
1.006750000000000000e+03
1.007500000000000000e+03
1.008250000000000000e+03
1.009000000000000000e+03
1.009750000000000000e+03
1.010500000000000000e+03
1.011250000000000000e+03
1.012000000000000000e+03
1.012750000000000000e+03
1.013500000000000000e+03
1.014250000000000000e+03
1.015000000000000000e+03
1.015750000000000000e+03
1.016500000000000000e+03
1.017250000000000000e+03
1.018000000000000000e+03
1.018750000000000000e+03
1.019500000000000000e+03
1.020250000000000000e+03
1.021000000000000000e+03
1.021750000000000000e+03
1.022500000000000000e+03
1.023250000000000000e+03
1.024000000000000000e+03
1.024750000000000000e+03
1.025500000000000000e+03
1.026250000000000000e+03
1.027000000000000000e+03
1.027750000000000000e+03
1.028500000000000000e+03
1.029250000000000000e+03
1.030000000000000000e+03
1.030750000000000000e+03
1.031500000000000000e+03
1.032250000000000000e+03
1.033000000000000000e+03
1.033750000000000000e+03
1.034500000000000000e+03
1.035250000000000000e+03
1.036000000000000000e+03
1.036750000000000000e+03
1.037500000000000000e+03
1.038250000000000000e+03
1.039000000000000000e+03
1.039750000000000000e+03
1.040500000000000000e+03
1.041250000000000000e+03
1.042000000000000000e+03
1.042750000000000000e+03
1.043500000000000000e+03
1.044250000000000000e+03
1.045000000000000000e+03
1.045750000000000000e+03
1.046500000000000000e+03
1.047250000000000000e+03
1.048000000000000000e+03
1.048750000000000000e+03
1.049500000000000000e+03
1.050250000000000000e+03
1.051000000000000000e+03
1.051750000000000000e+03
1.052500000000000000e+03
1.053250000000000000e+03
1.054000000000000000e+03
1.054750000000000000e+03
1.055500000000000000e+03
1.056250000000000000e+03
1.057000000000000000e+03
1.057750000000000000e+03
1.058500000000000000e+03
1.059250000000000000e+03
1.060000000000000000e+03
1.060750000000000000e+03
1.061500000000000000e+03
1.062250000000000000e+03
1.063000000000000000e+03
1.063750000000000000e+03
1.064500000000000000e+03
1.065250000000000000e+03
1.066000000000000000e+03
1.066750000000000000e+03
1.067500000000000000e+03
1.068250000000000000e+03
1.069000000000000000e+03
1.069750000000000000e+03
1.070500000000000000e+03
1.071250000000000000e+03
1.072000000000000000e+03
1.072750000000000000e+03
1.073500000000000000e+03
1.074250000000000000e+03
1.075000000000000000e+03
1.075750000000000000e+03
1.076500000000000000e+03
1.077250000000000000e+03
1.078000000000000000e+03
1.078750000000000000e+03
1.079500000000000000e+03
1.080250000000000000e+03
1.081000000000000000e+03
1.081750000000000000e+03
1.082500000000000000e+03
1.083250000000000000e+03
1.084000000000000000e+03
1.084750000000000000e+03
1.085500000000000000e+03
1.086250000000000000e+03
1.087000000000000000e+03
1.087750000000000000e+03
1.088500000000000000e+03
1.089250000000000000e+03
1.090000000000000000e+03
1.090750000000000000e+03
1.091500000000000000e+03
1.092250000000000000e+03
1.093000000000000000e+03
1.093750000000000000e+03
1.094500000000000000e+03
1.095250000000000000e+03
1.096000000000000000e+03
1.096750000000000000e+03
1.097500000000000000e+03
1.098250000000000000e+03
1.099000000000000000e+03
1.099750000000000000e+03
1.100500000000000000e+03
1.101250000000000000e+03
1.102000000000000000e+03
1.102750000000000000e+03
1.103500000000000000e+03
1.104250000000000000e+03
1.105000000000000000e+03
1.105750000000000000e+03
1.106500000000000000e+03
1.107250000000000000e+03
1.108000000000000000e+03
1.108750000000000000e+03
1.109500000000000000e+03
1.110250000000000000e+03
1.111000000000000000e+03
1.111750000000000000e+03
1.112500000000000000e+03
1.113250000000000000e+03
1.114000000000000000e+03
1.114750000000000000e+03
1.115500000000000000e+03
1.116250000000000000e+03
1.117000000000000000e+03
1.117750000000000000e+03
1.118500000000000000e+03
1.119250000000000000e+03
1.120000000000000000e+03
1.120750000000000000e+03
1.121500000000000000e+03
1.122250000000000000e+03
1.123000000000000000e+03
1.123750000000000000e+03
1.124500000000000000e+03
1.125250000000000000e+03
1.126000000000000000e+03
1.126750000000000000e+03
1.127500000000000000e+03
1.128250000000000000e+03
1.129000000000000000e+03
1.129750000000000000e+03
1.130500000000000000e+03
1.131250000000000000e+03
1.132000000000000000e+03
1.132750000000000000e+03
1.133500000000000000e+03
1.134250000000000000e+03
1.135000000000000000e+03
1.135750000000000000e+03
1.136500000000000000e+03
1.137250000000000000e+03
1.138000000000000000e+03
1.138750000000000000e+03
1.139500000000000000e+03
1.140250000000000000e+03
1.141000000000000000e+03
1.141750000000000000e+03
1.142500000000000000e+03
1.143250000000000000e+03
1.144000000000000000e+03
1.144750000000000000e+03
1.145500000000000000e+03
1.146250000000000000e+03
1.147000000000000000e+03
1.147750000000000000e+03
1.148500000000000000e+03
1.149250000000000000e+03
1.150000000000000000e+03
1.150750000000000000e+03
1.151500000000000000e+03
1.152250000000000000e+03
1.153000000000000000e+03
1.153750000000000000e+03
1.154500000000000000e+03
1.155250000000000000e+03
1.156000000000000000e+03
1.156750000000000000e+03
1.157500000000000000e+03
1.158250000000000000e+03
1.159000000000000000e+03
1.159750000000000000e+03
1.160500000000000000e+03
1.161250000000000000e+03
1.162000000000000000e+03
1.162750000000000000e+03
1.163500000000000000e+03
1.164250000000000000e+03
1.165000000000000000e+03
1.165750000000000000e+03
1.166500000000000000e+03
1.167250000000000000e+03
1.168000000000000000e+03
1.168750000000000000e+03
1.169500000000000000e+03
1.170250000000000000e+03
1.171000000000000000e+03
1.171750000000000000e+03
1.172500000000000000e+03
1.173250000000000000e+03
1.174000000000000000e+03
1.174750000000000000e+03
1.175500000000000000e+03
1.176250000000000000e+03
1.177000000000000000e+03
1.177750000000000000e+03
1.178500000000000000e+03
1.179250000000000000e+03
1.180000000000000000e+03
1.180750000000000000e+03
1.181500000000000000e+03
1.182250000000000000e+03
1.183000000000000000e+03
1.183750000000000000e+03
1.184500000000000000e+03
1.185250000000000000e+03
1.186000000000000000e+03
1.186750000000000000e+03
1.187500000000000000e+03
1.188250000000000000e+03
1.189000000000000000e+03
1.189750000000000000e+03
1.190500000000000000e+03
1.191250000000000000e+03
1.192000000000000000e+03
1.192750000000000000e+03
1.193500000000000000e+03
1.194250000000000000e+03
1.195000000000000000e+03
1.195750000000000000e+03
1.196500000000000000e+03
1.197250000000000000e+03
1.198000000000000000e+03
1.198750000000000000e+03
1.199500000000000000e+03
1.200250000000000000e+03
1.201000000000000000e+03
1.201750000000000000e+03
1.202500000000000000e+03
1.203250000000000000e+03
1.204000000000000000e+03
1.204750000000000000e+03
1.205500000000000000e+03
1.206250000000000000e+03
1.207000000000000000e+03
1.207750000000000000e+03
1.208500000000000000e+03
1.209250000000000000e+03
1.210000000000000000e+03
1.210750000000000000e+03
1.211500000000000000e+03
1.212250000000000000e+03
1.213000000000000000e+03
1.213750000000000000e+03
1.214500000000000000e+03
1.215250000000000000e+03
1.216000000000000000e+03
1.216750000000000000e+03
1.217500000000000000e+03
1.218250000000000000e+03
1.219000000000000000e+03
1.219750000000000000e+03
1.220500000000000000e+03
1.221250000000000000e+03
1.222000000000000000e+03
1.222750000000000000e+03
1.223500000000000000e+03
1.224250000000000000e+03
1.225000000000000000e+03
1.225750000000000000e+03
1.226500000000000000e+03
1.227250000000000000e+03
1.228000000000000000e+03
1.228750000000000000e+03
1.229500000000000000e+03
1.230250000000000000e+03
1.231000000000000000e+03
1.231750000000000000e+03
1.232500000000000000e+03
1.233250000000000000e+03
1.234000000000000000e+03
1.234750000000000000e+03
1.235500000000000000e+03
1.236250000000000000e+03
1.237000000000000000e+03
1.237750000000000000e+03
1.238500000000000000e+03
1.239250000000000000e+03
1.240000000000000000e+03
1.240750000000000000e+03
1.241500000000000000e+03
1.242250000000000000e+03
1.243000000000000000e+03
1.243750000000000000e+03
1.244500000000000000e+03
1.245250000000000000e+03
1.246000000000000000e+03
1.246750000000000000e+03
1.247500000000000000e+03
1.248250000000000000e+03
1.249000000000000000e+03
1.249750000000000000e+03
1.250500000000000000e+03
1.251250000000000000e+03
1.252000000000000000e+03
1.252750000000000000e+03
1.253500000000000000e+03
1.254250000000000000e+03
1.255000000000000000e+03
1.255750000000000000e+03
1.256500000000000000e+03
1.257250000000000000e+03
1.258000000000000000e+03
1.258750000000000000e+03
1.259500000000000000e+03
1.260250000000000000e+03
1.261000000000000000e+03
1.261750000000000000e+03
1.262500000000000000e+03
1.263250000000000000e+03
1.264000000000000000e+03
1.264750000000000000e+03
1.265500000000000000e+03
1.266250000000000000e+03
1.267000000000000000e+03
1.267750000000000000e+03
1.268500000000000000e+03
1.269250000000000000e+03
1.270000000000000000e+03
1.270750000000000000e+03
1.271500000000000000e+03
1.272250000000000000e+03
1.273000000000000000e+03
1.273750000000000000e+03
1.274500000000000000e+03
1.275250000000000000e+03
1.276000000000000000e+03
1.276750000000000000e+03
1.277500000000000000e+03
1.278250000000000000e+03
1.279000000000000000e+03
1.279750000000000000e+03
1.280500000000000000e+03
1.281250000000000000e+03
1.282000000000000000e+03
1.282750000000000000e+03
1.283500000000000000e+03
1.284250000000000000e+03
1.285000000000000000e+03
1.285750000000000000e+03
1.286500000000000000e+03
1.287250000000000000e+03
1.288000000000000000e+03
1.288750000000000000e+03
1.289500000000000000e+03
1.290250000000000000e+03
1.291000000000000000e+03
1.291750000000000000e+03
1.292500000000000000e+03
1.293250000000000000e+03
1.294000000000000000e+03
1.294750000000000000e+03
1.295500000000000000e+03
1.296250000000000000e+03
1.297000000000000000e+03
1.297750000000000000e+03
1.298500000000000000e+03
1.299250000000000000e+03
1.300000000000000000e+03
1.300750000000000000e+03
1.301500000000000000e+03
1.302250000000000000e+03
1.303000000000000000e+03
1.303750000000000000e+03
1.304500000000000000e+03
1.305250000000000000e+03
1.306000000000000000e+03
1.306750000000000000e+03
1.307500000000000000e+03
1.308250000000000000e+03
1.309000000000000000e+03
1.309750000000000000e+03
1.310500000000000000e+03
1.311250000000000000e+03
1.312000000000000000e+03
1.312750000000000000e+03
1.313500000000000000e+03
1.314250000000000000e+03
1.315000000000000000e+03
1.315750000000000000e+03
1.316500000000000000e+03
1.317250000000000000e+03
1.318000000000000000e+03
1.318750000000000000e+03
1.319500000000000000e+03
1.320250000000000000e+03
1.321000000000000000e+03
1.321750000000000000e+03
1.322500000000000000e+03
1.323250000000000000e+03
1.324000000000000000e+03
1.324750000000000000e+03
1.325500000000000000e+03
1.326250000000000000e+03
1.327000000000000000e+03
1.327750000000000000e+03
1.328500000000000000e+03
1.329250000000000000e+03
1.330000000000000000e+03
1.330750000000000000e+03
1.331500000000000000e+03
1.332250000000000000e+03
1.333000000000000000e+03
1.333750000000000000e+03
1.334500000000000000e+03
1.335250000000000000e+03
1.336000000000000000e+03
1.336750000000000000e+03
1.337500000000000000e+03
1.338250000000000000e+03
1.339000000000000000e+03
1.339750000000000000e+03
1.340500000000000000e+03
1.341250000000000000e+03
1.342000000000000000e+03
1.342750000000000000e+03
1.343500000000000000e+03
1.344250000000000000e+03
1.345000000000000000e+03
1.345750000000000000e+03
1.346500000000000000e+03
1.347250000000000000e+03
1.348000000000000000e+03
1.348750000000000000e+03
1.349500000000000000e+03
1.350250000000000000e+03
1.351000000000000000e+03
1.351750000000000000e+03
1.352500000000000000e+03
1.353250000000000000e+03
1.354000000000000000e+03
1.354750000000000000e+03
1.355500000000000000e+03
1.356250000000000000e+03
1.357000000000000000e+03
1.357750000000000000e+03
1.358500000000000000e+03
1.359250000000000000e+03
1.360000000000000000e+03
1.360750000000000000e+03
1.361500000000000000e+03
1.362250000000000000e+03
1.363000000000000000e+03
1.363750000000000000e+03
1.364500000000000000e+03
1.365250000000000000e+03
1.366000000000000000e+03
1.366750000000000000e+03
1.367500000000000000e+03
1.368250000000000000e+03
1.369000000000000000e+03
1.369750000000000000e+03
1.370500000000000000e+03
1.371250000000000000e+03
1.372000000000000000e+03
1.372750000000000000e+03
1.373500000000000000e+03
1.374250000000000000e+03
1.375000000000000000e+03
1.375750000000000000e+03
1.376500000000000000e+03
1.377250000000000000e+03
1.378000000000000000e+03
1.378750000000000000e+03
1.379500000000000000e+03
1.380250000000000000e+03
1.381000000000000000e+03
1.381750000000000000e+03
1.382500000000000000e+03
1.383250000000000000e+03
1.384000000000000000e+03
1.384750000000000000e+03
1.385500000000000000e+03
1.386250000000000000e+03
1.387000000000000000e+03
1.387750000000000000e+03
1.388500000000000000e+03
1.389250000000000000e+03
1.390000000000000000e+03
1.390750000000000000e+03
1.391500000000000000e+03
1.392250000000000000e+03
1.393000000000000000e+03
1.393750000000000000e+03
1.394500000000000000e+03
1.395250000000000000e+03
1.396000000000000000e+03
1.396750000000000000e+03
1.397500000000000000e+03
1.398250000000000000e+03
1.399000000000000000e+03
1.399750000000000000e+03
1.400500000000000000e+03
1.401250000000000000e+03
1.402000000000000000e+03
1.402750000000000000e+03
1.403500000000000000e+03
1.404250000000000000e+03
1.405000000000000000e+03
1.405750000000000000e+03
1.406500000000000000e+03
1.407250000000000000e+03
1.408000000000000000e+03
1.408750000000000000e+03
1.409500000000000000e+03
1.410250000000000000e+03
1.411000000000000000e+03
1.411750000000000000e+03
1.412500000000000000e+03
1.413250000000000000e+03
1.414000000000000000e+03
1.414750000000000000e+03
1.415500000000000000e+03
1.416250000000000000e+03
1.417000000000000000e+03
1.417750000000000000e+03
1.418500000000000000e+03
1.419250000000000000e+03
1.420000000000000000e+03
1.420750000000000000e+03
1.421500000000000000e+03
1.422250000000000000e+03
1.423000000000000000e+03
1.423750000000000000e+03
1.424500000000000000e+03
1.425250000000000000e+03
1.426000000000000000e+03
1.426750000000000000e+03
1.427500000000000000e+03
1.428250000000000000e+03
1.429000000000000000e+03
1.429750000000000000e+03
1.430500000000000000e+03
1.431250000000000000e+03
1.432000000000000000e+03
1.432750000000000000e+03
1.433500000000000000e+03
1.434250000000000000e+03
1.435000000000000000e+03
1.435750000000000000e+03
1.436500000000000000e+03
1.437250000000000000e+03
1.438000000000000000e+03
1.438750000000000000e+03
1.439500000000000000e+03
1.440250000000000000e+03
1.441000000000000000e+03
1.441750000000000000e+03
1.442500000000000000e+03
1.443250000000000000e+03
1.444000000000000000e+03
1.444750000000000000e+03
1.445500000000000000e+03
1.446250000000000000e+03
1.447000000000000000e+03
1.447750000000000000e+03
1.448500000000000000e+03
1.449250000000000000e+03
1.450000000000000000e+03
1.450750000000000000e+03
1.451500000000000000e+03
1.452250000000000000e+03
1.453000000000000000e+03
1.453750000000000000e+03
1.454500000000000000e+03
1.455250000000000000e+03
1.456000000000000000e+03
1.456750000000000000e+03
1.457500000000000000e+03
1.458250000000000000e+03
1.459000000000000000e+03
1.459750000000000000e+03
1.460500000000000000e+03
1.461250000000000000e+03
1.462000000000000000e+03
1.462750000000000000e+03
1.463500000000000000e+03
1.464250000000000000e+03
1.465000000000000000e+03
1.465750000000000000e+03
1.466500000000000000e+03
1.467250000000000000e+03
1.468000000000000000e+03
1.468750000000000000e+03
1.469500000000000000e+03
1.470250000000000000e+03
1.471000000000000000e+03
1.471750000000000000e+03
1.472500000000000000e+03
1.473250000000000000e+03
1.474000000000000000e+03
1.474750000000000000e+03
1.475500000000000000e+03
1.476250000000000000e+03
1.477000000000000000e+03
1.477750000000000000e+03
1.478500000000000000e+03
1.479250000000000000e+03
1.480000000000000000e+03
1.480750000000000000e+03
1.481500000000000000e+03
1.482250000000000000e+03
1.483000000000000000e+03
1.483750000000000000e+03
1.484500000000000000e+03
1.485250000000000000e+03
1.486000000000000000e+03
1.486750000000000000e+03
1.487500000000000000e+03
1.488250000000000000e+03
1.489000000000000000e+03
1.489750000000000000e+03
1.490500000000000000e+03
1.491250000000000000e+03
1.492000000000000000e+03
1.492750000000000000e+03
1.493500000000000000e+03
1.494250000000000000e+03
1.495000000000000000e+03
1.495750000000000000e+03
1.496500000000000000e+03
1.497250000000000000e+03
1.498000000000000000e+03
1.498750000000000000e+03
1.499500000000000000e+03
1.500250000000000000e+03
1.501000000000000000e+03
1.501750000000000000e+03
1.502500000000000000e+03
1.503250000000000000e+03
1.504000000000000000e+03
1.504750000000000000e+03
1.505500000000000000e+03
1.506250000000000000e+03
1.507000000000000000e+03
1.507750000000000000e+03
1.508500000000000000e+03
1.509250000000000000e+03
1.510000000000000000e+03
1.510750000000000000e+03
1.511500000000000000e+03
1.512250000000000000e+03
1.513000000000000000e+03
1.513750000000000000e+03
1.514500000000000000e+03
1.515250000000000000e+03
1.516000000000000000e+03
1.516750000000000000e+03
1.517500000000000000e+03
1.518250000000000000e+03
1.519000000000000000e+03
1.519750000000000000e+03
1.520500000000000000e+03
1.521250000000000000e+03
1.522000000000000000e+03
1.522750000000000000e+03
1.523500000000000000e+03
1.524250000000000000e+03
1.525000000000000000e+03
1.525750000000000000e+03
1.526500000000000000e+03
1.527250000000000000e+03
1.528000000000000000e+03
1.528750000000000000e+03
1.529500000000000000e+03
1.530250000000000000e+03
1.531000000000000000e+03
1.531750000000000000e+03
1.532500000000000000e+03
1.533250000000000000e+03
1.534000000000000000e+03
1.534750000000000000e+03
1.535500000000000000e+03
1.536250000000000000e+03
1.537000000000000000e+03
1.537750000000000000e+03
1.538500000000000000e+03
1.539250000000000000e+03
1.540000000000000000e+03
1.540750000000000000e+03
1.541500000000000000e+03
1.542250000000000000e+03
1.543000000000000000e+03
1.543750000000000000e+03
1.544500000000000000e+03
1.545250000000000000e+03
1.546000000000000000e+03
1.546750000000000000e+03
1.547500000000000000e+03
1.548250000000000000e+03
1.549000000000000000e+03
1.549750000000000000e+03
1.550500000000000000e+03
1.551250000000000000e+03
1.552000000000000000e+03
1.552750000000000000e+03
1.553500000000000000e+03
1.554250000000000000e+03
1.555000000000000000e+03
1.555750000000000000e+03
1.556500000000000000e+03
1.557250000000000000e+03
1.558000000000000000e+03
1.558750000000000000e+03
1.559500000000000000e+03
1.560250000000000000e+03
1.561000000000000000e+03
1.561750000000000000e+03
1.562500000000000000e+03
1.563250000000000000e+03
1.564000000000000000e+03
1.564750000000000000e+03
1.565500000000000000e+03
1.566250000000000000e+03
1.567000000000000000e+03
1.567750000000000000e+03
1.568500000000000000e+03
1.569250000000000000e+03
1.570000000000000000e+03
1.570750000000000000e+03
1.571500000000000000e+03
1.572250000000000000e+03
1.573000000000000000e+03
1.573750000000000000e+03
1.574500000000000000e+03
1.575250000000000000e+03
1.576000000000000000e+03
1.576750000000000000e+03
1.577500000000000000e+03
1.578250000000000000e+03
1.579000000000000000e+03
1.579750000000000000e+03
1.580500000000000000e+03
1.581250000000000000e+03
1.582000000000000000e+03
1.582750000000000000e+03
1.583500000000000000e+03
1.584250000000000000e+03
1.585000000000000000e+03
1.585750000000000000e+03
1.586500000000000000e+03
1.587250000000000000e+03
1.588000000000000000e+03
1.588750000000000000e+03
1.589500000000000000e+03
1.590250000000000000e+03
1.591000000000000000e+03
1.591750000000000000e+03
1.592500000000000000e+03
1.593250000000000000e+03
1.594000000000000000e+03
1.594750000000000000e+03
1.595500000000000000e+03
1.596250000000000000e+03
1.597000000000000000e+03
1.597750000000000000e+03
1.598500000000000000e+03
1.599250000000000000e+03
1.600000000000000000e+03
1.600750000000000000e+03
1.601500000000000000e+03
1.602250000000000000e+03
1.603000000000000000e+03
1.603750000000000000e+03
1.604500000000000000e+03
1.605250000000000000e+03
1.606000000000000000e+03
1.606750000000000000e+03
1.607500000000000000e+03
1.608250000000000000e+03
1.609000000000000000e+03
1.609750000000000000e+03
1.610500000000000000e+03
1.611250000000000000e+03
1.612000000000000000e+03
1.612750000000000000e+03
1.613500000000000000e+03
1.614250000000000000e+03
1.615000000000000000e+03
1.615750000000000000e+03
1.616500000000000000e+03
1.617250000000000000e+03
1.618000000000000000e+03
1.618750000000000000e+03
1.619500000000000000e+03
1.620250000000000000e+03
1.621000000000000000e+03
1.621750000000000000e+03
1.622500000000000000e+03
1.623250000000000000e+03
1.624000000000000000e+03
1.624750000000000000e+03
1.625500000000000000e+03
1.626250000000000000e+03
1.627000000000000000e+03
1.627750000000000000e+03
1.628500000000000000e+03
1.629250000000000000e+03
1.630000000000000000e+03
1.630750000000000000e+03
1.631500000000000000e+03
1.632250000000000000e+03
1.633000000000000000e+03
1.633750000000000000e+03
1.634500000000000000e+03
1.635250000000000000e+03
1.636000000000000000e+03
1.636750000000000000e+03
1.637500000000000000e+03
1.638250000000000000e+03
1.639000000000000000e+03
1.639750000000000000e+03
1.640500000000000000e+03
1.641250000000000000e+03
1.642000000000000000e+03
1.642750000000000000e+03
1.643500000000000000e+03
1.644250000000000000e+03
1.645000000000000000e+03
1.645750000000000000e+03
1.646500000000000000e+03
1.647250000000000000e+03
1.648000000000000000e+03
1.648750000000000000e+03
1.649500000000000000e+03
1.650250000000000000e+03
1.651000000000000000e+03
1.651750000000000000e+03
1.652500000000000000e+03
1.653250000000000000e+03
1.654000000000000000e+03
1.654750000000000000e+03
1.655500000000000000e+03
1.656250000000000000e+03
1.657000000000000000e+03
1.657750000000000000e+03
1.658500000000000000e+03
1.659250000000000000e+03
1.660000000000000000e+03
1.660750000000000000e+03
1.661500000000000000e+03
1.662250000000000000e+03
1.663000000000000000e+03
1.663750000000000000e+03
1.664500000000000000e+03
1.665250000000000000e+03
1.666000000000000000e+03
1.666750000000000000e+03
1.667500000000000000e+03
1.668250000000000000e+03
1.669000000000000000e+03
1.669750000000000000e+03
1.670500000000000000e+03
1.671250000000000000e+03
1.672000000000000000e+03
1.672750000000000000e+03
1.673500000000000000e+03
1.674250000000000000e+03
1.675000000000000000e+03
1.675750000000000000e+03
1.676500000000000000e+03
1.677250000000000000e+03
1.678000000000000000e+03
1.678750000000000000e+03
1.679500000000000000e+03
1.680250000000000000e+03
1.681000000000000000e+03
1.681750000000000000e+03
1.682500000000000000e+03
1.683250000000000000e+03
1.684000000000000000e+03
1.684750000000000000e+03
1.685500000000000000e+03
1.686250000000000000e+03
1.687000000000000000e+03
1.687750000000000000e+03
1.688500000000000000e+03
1.689250000000000000e+03
1.690000000000000000e+03
1.690750000000000000e+03
1.691500000000000000e+03
1.692250000000000000e+03
1.693000000000000000e+03
1.693750000000000000e+03
1.694500000000000000e+03
1.695250000000000000e+03
1.696000000000000000e+03
1.696750000000000000e+03
1.697500000000000000e+03
1.698250000000000000e+03
1.699000000000000000e+03
1.699750000000000000e+03
1.700500000000000000e+03
1.701250000000000000e+03
1.702000000000000000e+03
1.702750000000000000e+03
1.703500000000000000e+03
1.704250000000000000e+03
1.705000000000000000e+03
1.705750000000000000e+03
1.706500000000000000e+03
1.707250000000000000e+03
1.708000000000000000e+03
1.708750000000000000e+03
1.709500000000000000e+03
1.710250000000000000e+03
1.711000000000000000e+03
1.711750000000000000e+03
1.712500000000000000e+03
1.713250000000000000e+03
1.714000000000000000e+03
1.714750000000000000e+03
1.715500000000000000e+03
1.716250000000000000e+03
1.717000000000000000e+03
1.717750000000000000e+03
1.718500000000000000e+03
1.719250000000000000e+03
1.720000000000000000e+03
1.720750000000000000e+03
1.721500000000000000e+03
1.722250000000000000e+03
1.723000000000000000e+03
1.723750000000000000e+03
1.724500000000000000e+03
1.725250000000000000e+03
1.726000000000000000e+03
1.726750000000000000e+03
1.727500000000000000e+03
1.728250000000000000e+03
1.729000000000000000e+03
1.729750000000000000e+03
1.730500000000000000e+03
1.731250000000000000e+03
1.732000000000000000e+03
1.732750000000000000e+03
1.733500000000000000e+03
1.734250000000000000e+03
1.735000000000000000e+03
1.735750000000000000e+03
1.736500000000000000e+03
1.737250000000000000e+03
1.738000000000000000e+03
1.738750000000000000e+03
1.739500000000000000e+03
1.740250000000000000e+03
1.741000000000000000e+03
1.741750000000000000e+03
1.742500000000000000e+03
1.743250000000000000e+03
1.744000000000000000e+03
1.744750000000000000e+03
1.745500000000000000e+03
1.746250000000000000e+03
1.747000000000000000e+03
1.747750000000000000e+03
1.748500000000000000e+03
1.749250000000000000e+03
1.750000000000000000e+03
1.750750000000000000e+03
1.751500000000000000e+03
1.752250000000000000e+03
1.753000000000000000e+03
1.753750000000000000e+03
1.754500000000000000e+03
1.755250000000000000e+03
1.756000000000000000e+03
1.756750000000000000e+03
1.757500000000000000e+03
1.758250000000000000e+03
1.759000000000000000e+03
1.759750000000000000e+03
1.760500000000000000e+03
1.761250000000000000e+03
1.762000000000000000e+03
1.762750000000000000e+03
1.763500000000000000e+03
1.764250000000000000e+03
1.765000000000000000e+03
1.765750000000000000e+03
1.766500000000000000e+03
1.767250000000000000e+03
1.768000000000000000e+03
1.768750000000000000e+03
1.769500000000000000e+03
1.770250000000000000e+03
1.771000000000000000e+03
1.771750000000000000e+03
1.772500000000000000e+03
1.773250000000000000e+03
1.774000000000000000e+03
1.774750000000000000e+03
1.775500000000000000e+03
1.776250000000000000e+03
1.777000000000000000e+03
1.777750000000000000e+03
1.778500000000000000e+03
1.779250000000000000e+03
1.780000000000000000e+03
1.780750000000000000e+03
1.781500000000000000e+03
1.782250000000000000e+03
1.783000000000000000e+03
1.783750000000000000e+03
1.784500000000000000e+03
1.785250000000000000e+03
1.786000000000000000e+03
1.786750000000000000e+03
1.787500000000000000e+03
1.788250000000000000e+03
1.789000000000000000e+03
1.789750000000000000e+03
1.790500000000000000e+03
1.791250000000000000e+03
1.792000000000000000e+03
1.792750000000000000e+03
1.793500000000000000e+03
1.794250000000000000e+03
1.795000000000000000e+03
1.795750000000000000e+03
1.796500000000000000e+03
1.797250000000000000e+03
1.798000000000000000e+03
1.798750000000000000e+03
1.799500000000000000e+03
1.800250000000000000e+03
1.801000000000000000e+03
1.801750000000000000e+03
1.802500000000000000e+03
1.803250000000000000e+03
1.804000000000000000e+03
1.804750000000000000e+03
1.805500000000000000e+03
1.806250000000000000e+03
1.807000000000000000e+03
1.807750000000000000e+03
1.808500000000000000e+03
1.809250000000000000e+03
1.810000000000000000e+03
1.810750000000000000e+03
1.811500000000000000e+03
1.812250000000000000e+03
1.813000000000000000e+03
1.813750000000000000e+03
1.814500000000000000e+03
1.815250000000000000e+03
1.816000000000000000e+03
1.816750000000000000e+03
1.817500000000000000e+03
1.818250000000000000e+03
1.819000000000000000e+03
1.819750000000000000e+03
1.820500000000000000e+03
1.821250000000000000e+03
1.822000000000000000e+03
1.822750000000000000e+03
1.823500000000000000e+03
1.824250000000000000e+03
1.825000000000000000e+03
1.825750000000000000e+03
1.826500000000000000e+03
1.827250000000000000e+03
1.828000000000000000e+03
1.828750000000000000e+03
1.829500000000000000e+03
1.830250000000000000e+03
1.831000000000000000e+03
1.831750000000000000e+03
1.832500000000000000e+03
1.833250000000000000e+03
1.834000000000000000e+03
1.834750000000000000e+03
1.835500000000000000e+03
1.836250000000000000e+03
1.837000000000000000e+03
1.837750000000000000e+03
1.838500000000000000e+03
1.839250000000000000e+03
1.840000000000000000e+03
1.840750000000000000e+03
1.841500000000000000e+03
1.842250000000000000e+03
1.843000000000000000e+03
1.843750000000000000e+03
1.844500000000000000e+03
1.845250000000000000e+03
1.846000000000000000e+03
1.846750000000000000e+03
1.847500000000000000e+03
1.848250000000000000e+03
1.849000000000000000e+03
1.849750000000000000e+03
1.850500000000000000e+03
1.851250000000000000e+03
1.852000000000000000e+03
1.852750000000000000e+03
1.853500000000000000e+03
1.854250000000000000e+03
1.855000000000000000e+03
1.855750000000000000e+03
1.856500000000000000e+03
1.857250000000000000e+03
1.858000000000000000e+03
1.858750000000000000e+03
1.859500000000000000e+03
1.860250000000000000e+03
1.861000000000000000e+03
1.861750000000000000e+03
1.862500000000000000e+03
1.863250000000000000e+03
1.864000000000000000e+03
1.864750000000000000e+03
1.865500000000000000e+03
1.866250000000000000e+03
1.867000000000000000e+03
1.867750000000000000e+03
1.868500000000000000e+03
1.869250000000000000e+03
1.870000000000000000e+03
1.870750000000000000e+03
1.871500000000000000e+03
1.872250000000000000e+03
1.873000000000000000e+03
1.873750000000000000e+03
1.874500000000000000e+03
1.875250000000000000e+03
1.876000000000000000e+03
1.876750000000000000e+03
1.877500000000000000e+03
1.878250000000000000e+03
1.879000000000000000e+03
1.879750000000000000e+03
1.880500000000000000e+03
1.881250000000000000e+03
1.882000000000000000e+03
1.882750000000000000e+03
1.883500000000000000e+03
1.884250000000000000e+03
1.885000000000000000e+03
1.885750000000000000e+03
1.886500000000000000e+03
1.887250000000000000e+03
1.888000000000000000e+03
1.888750000000000000e+03
1.889500000000000000e+03
1.890250000000000000e+03
1.891000000000000000e+03
1.891750000000000000e+03
1.892500000000000000e+03
1.893250000000000000e+03
1.894000000000000000e+03
1.894750000000000000e+03
1.895500000000000000e+03
1.896250000000000000e+03
1.897000000000000000e+03
1.897750000000000000e+03
1.898500000000000000e+03
1.899250000000000000e+03
1.900000000000000000e+03
1.900750000000000000e+03
1.901500000000000000e+03
1.902250000000000000e+03
1.903000000000000000e+03
1.903750000000000000e+03
1.904500000000000000e+03
1.905250000000000000e+03
1.906000000000000000e+03
1.906750000000000000e+03
1.907500000000000000e+03
1.908250000000000000e+03
1.909000000000000000e+03
1.909750000000000000e+03
1.910500000000000000e+03
1.911250000000000000e+03
1.912000000000000000e+03
1.912750000000000000e+03
1.913500000000000000e+03
1.914250000000000000e+03
1.915000000000000000e+03
1.915750000000000000e+03
1.916500000000000000e+03
1.917250000000000000e+03
1.918000000000000000e+03
1.918750000000000000e+03
1.919500000000000000e+03
1.920250000000000000e+03
1.921000000000000000e+03
1.921750000000000000e+03
1.922500000000000000e+03
1.923250000000000000e+03
1.924000000000000000e+03
1.924750000000000000e+03
1.925500000000000000e+03
1.926250000000000000e+03
1.927000000000000000e+03
1.927750000000000000e+03
1.928500000000000000e+03
1.929250000000000000e+03
1.930000000000000000e+03
1.930750000000000000e+03
1.931500000000000000e+03
1.932250000000000000e+03
1.933000000000000000e+03
1.933750000000000000e+03
1.934500000000000000e+03
1.935250000000000000e+03
1.936000000000000000e+03
1.936750000000000000e+03
1.937500000000000000e+03
1.938250000000000000e+03
1.939000000000000000e+03
1.939750000000000000e+03
1.940500000000000000e+03
1.941250000000000000e+03
1.942000000000000000e+03
1.942750000000000000e+03
1.943500000000000000e+03
1.944250000000000000e+03
1.945000000000000000e+03
1.945750000000000000e+03
1.946500000000000000e+03
1.947250000000000000e+03
1.948000000000000000e+03
1.948750000000000000e+03
1.949500000000000000e+03
1.950250000000000000e+03
1.951000000000000000e+03
1.951750000000000000e+03
1.952500000000000000e+03
1.953250000000000000e+03
1.954000000000000000e+03
1.954750000000000000e+03
1.955500000000000000e+03
1.956250000000000000e+03
1.957000000000000000e+03
1.957750000000000000e+03
1.958500000000000000e+03
1.959250000000000000e+03
1.960000000000000000e+03
1.960750000000000000e+03
1.961500000000000000e+03
1.962250000000000000e+03
1.963000000000000000e+03
1.963750000000000000e+03
1.964500000000000000e+03
1.965250000000000000e+03
1.966000000000000000e+03
1.966750000000000000e+03
1.967500000000000000e+03
1.968250000000000000e+03
1.969000000000000000e+03
1.969750000000000000e+03
1.970500000000000000e+03
1.971250000000000000e+03
1.972000000000000000e+03
1.972750000000000000e+03
1.973500000000000000e+03
1.974250000000000000e+03
1.975000000000000000e+03
1.975750000000000000e+03
1.976500000000000000e+03
1.977250000000000000e+03
1.978000000000000000e+03
1.978750000000000000e+03
1.979500000000000000e+03
1.980250000000000000e+03
1.981000000000000000e+03
1.981750000000000000e+03
1.982500000000000000e+03
1.983250000000000000e+03
1.984000000000000000e+03
1.984750000000000000e+03
1.985500000000000000e+03
1.986250000000000000e+03
1.987000000000000000e+03
1.987750000000000000e+03
1.988500000000000000e+03
1.989250000000000000e+03
1.990000000000000000e+03
1.990750000000000000e+03
1.991500000000000000e+03
1.992250000000000000e+03
1.993000000000000000e+03
1.993750000000000000e+03
1.994500000000000000e+03
1.995250000000000000e+03
1.996000000000000000e+03
1.996750000000000000e+03
1.997500000000000000e+03
1.998250000000000000e+03
1.999000000000000000e+03
1.999750000000000000e+03
2.000500000000000000e+03
2.001250000000000000e+03
2.002000000000000000e+03
2.002750000000000000e+03
2.003500000000000000e+03
2.004250000000000000e+03
2.005000000000000000e+03
2.005750000000000000e+03
2.006500000000000000e+03
2.007250000000000000e+03
2.008000000000000000e+03
2.008750000000000000e+03
2.009500000000000000e+03
2.010250000000000000e+03
2.011000000000000000e+03
2.011750000000000000e+03
2.012500000000000000e+03
2.013250000000000000e+03
2.014000000000000000e+03
2.014750000000000000e+03
2.015500000000000000e+03
2.016250000000000000e+03
2.017000000000000000e+03
2.017750000000000000e+03
2.018500000000000000e+03
2.019250000000000000e+03
2.020000000000000000e+03
2.020750000000000000e+03
2.021500000000000000e+03
2.022250000000000000e+03
2.023000000000000000e+03
2.023750000000000000e+03
2.024500000000000000e+03
2.025250000000000000e+03
2.026000000000000000e+03
2.026750000000000000e+03
2.027500000000000000e+03
2.028250000000000000e+03
2.029000000000000000e+03
2.029750000000000000e+03
2.030500000000000000e+03
2.031250000000000000e+03
2.032000000000000000e+03
2.032750000000000000e+03
2.033500000000000000e+03
2.034250000000000000e+03
2.035000000000000000e+03
2.035750000000000000e+03
2.036500000000000000e+03
2.037250000000000000e+03
2.038000000000000000e+03
2.038750000000000000e+03
2.039500000000000000e+03
2.040250000000000000e+03
2.041000000000000000e+03
2.041750000000000000e+03
2.042500000000000000e+03
2.043250000000000000e+03
2.044000000000000000e+03
2.044750000000000000e+03
2.045500000000000000e+03
2.046250000000000000e+03
2.047000000000000000e+03
2.047750000000000000e+03
2.048500000000000000e+03
2.049250000000000000e+03
2.050000000000000000e+03
2.050750000000000000e+03
2.051500000000000000e+03
2.052250000000000000e+03
2.053000000000000000e+03
2.053750000000000000e+03
2.054500000000000000e+03
2.055250000000000000e+03
2.056000000000000000e+03
2.056750000000000000e+03
2.057500000000000000e+03
2.058250000000000000e+03
2.059000000000000000e+03
2.059750000000000000e+03
2.060500000000000000e+03
2.061250000000000000e+03
2.062000000000000000e+03
2.062750000000000000e+03
2.063500000000000000e+03
2.064250000000000000e+03
2.065000000000000000e+03
2.065750000000000000e+03
2.066500000000000000e+03
2.067250000000000000e+03
2.068000000000000000e+03
2.068750000000000000e+03
2.069500000000000000e+03
2.070250000000000000e+03
2.071000000000000000e+03
2.071750000000000000e+03
2.072500000000000000e+03
2.073250000000000000e+03
2.074000000000000000e+03
2.074750000000000000e+03
2.075500000000000000e+03
2.076250000000000000e+03
2.077000000000000000e+03
2.077750000000000000e+03
2.078500000000000000e+03
2.079250000000000000e+03
2.080000000000000000e+03
2.080750000000000000e+03
2.081500000000000000e+03
2.082250000000000000e+03
2.083000000000000000e+03
2.083750000000000000e+03
2.084500000000000000e+03
2.085250000000000000e+03
2.086000000000000000e+03
2.086750000000000000e+03
2.087500000000000000e+03
2.088250000000000000e+03
2.089000000000000000e+03
2.089750000000000000e+03
2.090500000000000000e+03
2.091250000000000000e+03
2.092000000000000000e+03
2.092750000000000000e+03
2.093500000000000000e+03
2.094250000000000000e+03
2.095000000000000000e+03
2.095750000000000000e+03
2.096500000000000000e+03
2.097250000000000000e+03
2.098000000000000000e+03
2.098750000000000000e+03
2.099500000000000000e+03
2.100250000000000000e+03
2.101000000000000000e+03
2.101750000000000000e+03
2.102500000000000000e+03
2.103250000000000000e+03
2.104000000000000000e+03
2.104750000000000000e+03
2.105500000000000000e+03
2.106250000000000000e+03
2.107000000000000000e+03
2.107750000000000000e+03
2.108500000000000000e+03
2.109250000000000000e+03
2.110000000000000000e+03
2.110750000000000000e+03
2.111500000000000000e+03
2.112250000000000000e+03
2.113000000000000000e+03
2.113750000000000000e+03
2.114500000000000000e+03
2.115250000000000000e+03
2.116000000000000000e+03
2.116750000000000000e+03
2.117500000000000000e+03
2.118250000000000000e+03
2.119000000000000000e+03
2.119750000000000000e+03
2.120500000000000000e+03
2.121250000000000000e+03
2.122000000000000000e+03
2.122750000000000000e+03
2.123500000000000000e+03
2.124250000000000000e+03
2.125000000000000000e+03
2.125750000000000000e+03
2.126500000000000000e+03
2.127250000000000000e+03
2.128000000000000000e+03
2.128750000000000000e+03
2.129500000000000000e+03
2.130250000000000000e+03
2.131000000000000000e+03
2.131750000000000000e+03
2.132500000000000000e+03
2.133250000000000000e+03
2.134000000000000000e+03
2.134750000000000000e+03
2.135500000000000000e+03
2.136250000000000000e+03
2.137000000000000000e+03
2.137750000000000000e+03
2.138500000000000000e+03
2.139250000000000000e+03
2.140000000000000000e+03
2.140750000000000000e+03
2.141500000000000000e+03
2.142250000000000000e+03
2.143000000000000000e+03
2.143750000000000000e+03
2.144500000000000000e+03
2.145250000000000000e+03
2.146000000000000000e+03
2.146750000000000000e+03
2.147500000000000000e+03
2.148250000000000000e+03
2.149000000000000000e+03
2.149750000000000000e+03
2.150500000000000000e+03
2.151250000000000000e+03
2.152000000000000000e+03
2.152750000000000000e+03
2.153500000000000000e+03
2.154250000000000000e+03
2.155000000000000000e+03
2.155750000000000000e+03
2.156500000000000000e+03
2.157250000000000000e+03
2.158000000000000000e+03
2.158750000000000000e+03
2.159500000000000000e+03
2.160250000000000000e+03
2.161000000000000000e+03
2.161750000000000000e+03
2.162500000000000000e+03
2.163250000000000000e+03
2.164000000000000000e+03
2.164750000000000000e+03
2.165500000000000000e+03
2.166250000000000000e+03
2.167000000000000000e+03
2.167750000000000000e+03
2.168500000000000000e+03
2.169250000000000000e+03
2.170000000000000000e+03
2.170750000000000000e+03
2.171500000000000000e+03
2.172250000000000000e+03
2.173000000000000000e+03
2.173750000000000000e+03
2.174500000000000000e+03
2.175250000000000000e+03
2.176000000000000000e+03
2.176750000000000000e+03
2.177500000000000000e+03
2.178250000000000000e+03
2.179000000000000000e+03
2.179750000000000000e+03
2.180500000000000000e+03
2.181250000000000000e+03
2.182000000000000000e+03
2.182750000000000000e+03
2.183500000000000000e+03
2.184250000000000000e+03
2.185000000000000000e+03
2.185750000000000000e+03
2.186500000000000000e+03
2.187250000000000000e+03
2.188000000000000000e+03
2.188750000000000000e+03
2.189500000000000000e+03
2.190250000000000000e+03
2.191000000000000000e+03
2.191750000000000000e+03
2.192500000000000000e+03
2.193250000000000000e+03
2.194000000000000000e+03
2.194750000000000000e+03
2.195500000000000000e+03
2.196250000000000000e+03
2.197000000000000000e+03
2.197750000000000000e+03
2.198500000000000000e+03
2.199250000000000000e+03
2.200000000000000000e+03
2.200750000000000000e+03
2.201500000000000000e+03
2.202250000000000000e+03
2.203000000000000000e+03
2.203750000000000000e+03
2.204500000000000000e+03
2.205250000000000000e+03
2.206000000000000000e+03
2.206750000000000000e+03
2.207500000000000000e+03
2.208250000000000000e+03
2.209000000000000000e+03
2.209750000000000000e+03
2.210500000000000000e+03
2.211250000000000000e+03
2.212000000000000000e+03
2.212750000000000000e+03
2.213500000000000000e+03
2.214250000000000000e+03
2.215000000000000000e+03
2.215750000000000000e+03
2.216500000000000000e+03
2.217250000000000000e+03
2.218000000000000000e+03
2.218750000000000000e+03
2.219500000000000000e+03
2.220250000000000000e+03
2.221000000000000000e+03
2.221750000000000000e+03
2.222500000000000000e+03
2.223250000000000000e+03
2.224000000000000000e+03
2.224750000000000000e+03
2.225500000000000000e+03
2.226250000000000000e+03
2.227000000000000000e+03
2.227750000000000000e+03
2.228500000000000000e+03
2.229250000000000000e+03
2.230000000000000000e+03
2.230750000000000000e+03
2.231500000000000000e+03
2.232250000000000000e+03
2.233000000000000000e+03
2.233750000000000000e+03
2.234500000000000000e+03
2.235250000000000000e+03
2.236000000000000000e+03
2.236750000000000000e+03
2.237500000000000000e+03
2.238250000000000000e+03
2.239000000000000000e+03
2.239750000000000000e+03
2.240500000000000000e+03
2.241250000000000000e+03
2.242000000000000000e+03
2.242750000000000000e+03
2.243500000000000000e+03
2.244250000000000000e+03
2.245000000000000000e+03
2.245750000000000000e+03
2.246500000000000000e+03
2.247250000000000000e+03
2.248000000000000000e+03
2.248750000000000000e+03
2.249500000000000000e+03
2.250250000000000000e+03
2.251000000000000000e+03
2.251750000000000000e+03
2.252500000000000000e+03
2.253250000000000000e+03
2.254000000000000000e+03
2.254750000000000000e+03
2.255500000000000000e+03
2.256250000000000000e+03
2.257000000000000000e+03
2.257750000000000000e+03
2.258500000000000000e+03
2.259250000000000000e+03
2.260000000000000000e+03
2.260750000000000000e+03
2.261500000000000000e+03
2.262250000000000000e+03
2.263000000000000000e+03
2.263750000000000000e+03
2.264500000000000000e+03
2.265250000000000000e+03
2.266000000000000000e+03
2.266750000000000000e+03
2.267500000000000000e+03
2.268250000000000000e+03
2.269000000000000000e+03
2.269750000000000000e+03
2.270500000000000000e+03
2.271250000000000000e+03
2.272000000000000000e+03
2.272750000000000000e+03
2.273500000000000000e+03
2.274250000000000000e+03
2.275000000000000000e+03
2.275750000000000000e+03
2.276500000000000000e+03
2.277250000000000000e+03
2.278000000000000000e+03
2.278750000000000000e+03
2.279500000000000000e+03
2.280250000000000000e+03
2.281000000000000000e+03
2.281750000000000000e+03
2.282500000000000000e+03
2.283250000000000000e+03
2.284000000000000000e+03
2.284750000000000000e+03
2.285500000000000000e+03
2.286250000000000000e+03
2.287000000000000000e+03
2.287750000000000000e+03
2.288500000000000000e+03
2.289250000000000000e+03
2.290000000000000000e+03
2.290750000000000000e+03
2.291500000000000000e+03
2.292250000000000000e+03
2.293000000000000000e+03
2.293750000000000000e+03
2.294500000000000000e+03
2.295250000000000000e+03
2.296000000000000000e+03
2.296750000000000000e+03
2.297500000000000000e+03
2.298250000000000000e+03
2.299000000000000000e+03
2.299750000000000000e+03
2.300500000000000000e+03
2.301250000000000000e+03
2.302000000000000000e+03
2.302750000000000000e+03
2.303500000000000000e+03
2.304250000000000000e+03
2.305000000000000000e+03
2.305750000000000000e+03
2.306500000000000000e+03
2.307250000000000000e+03
2.308000000000000000e+03
2.308750000000000000e+03
2.309500000000000000e+03
2.310250000000000000e+03
2.311000000000000000e+03
2.311750000000000000e+03
2.312500000000000000e+03
2.313250000000000000e+03
2.314000000000000000e+03
2.314750000000000000e+03
2.315500000000000000e+03
2.316250000000000000e+03
2.317000000000000000e+03
2.317750000000000000e+03
2.318500000000000000e+03
2.319250000000000000e+03
2.320000000000000000e+03
2.320750000000000000e+03
2.321500000000000000e+03
2.322250000000000000e+03
2.323000000000000000e+03
2.323750000000000000e+03
2.324500000000000000e+03
2.325250000000000000e+03
2.326000000000000000e+03
2.326750000000000000e+03
2.327500000000000000e+03
2.328250000000000000e+03
2.329000000000000000e+03
2.329750000000000000e+03
2.330500000000000000e+03
2.331250000000000000e+03
2.332000000000000000e+03
2.332750000000000000e+03
2.333500000000000000e+03
2.334250000000000000e+03
2.335000000000000000e+03
2.335750000000000000e+03
2.336500000000000000e+03
2.337250000000000000e+03
2.338000000000000000e+03
2.338750000000000000e+03
2.339500000000000000e+03
2.340250000000000000e+03
2.341000000000000000e+03
2.341750000000000000e+03
2.342500000000000000e+03
2.343250000000000000e+03
2.344000000000000000e+03
2.344750000000000000e+03
2.345500000000000000e+03
2.346250000000000000e+03
2.347000000000000000e+03
2.347750000000000000e+03
2.348500000000000000e+03
2.349250000000000000e+03
2.350000000000000000e+03
2.350750000000000000e+03
2.351500000000000000e+03
2.352250000000000000e+03
2.353000000000000000e+03
2.353750000000000000e+03
2.354500000000000000e+03
2.355250000000000000e+03
2.356000000000000000e+03
2.356750000000000000e+03
2.357500000000000000e+03
2.358250000000000000e+03
2.359000000000000000e+03
2.359750000000000000e+03
2.360500000000000000e+03
2.361250000000000000e+03
2.362000000000000000e+03
2.362750000000000000e+03
2.363500000000000000e+03
2.364250000000000000e+03
2.365000000000000000e+03
2.365750000000000000e+03
2.366500000000000000e+03
2.367250000000000000e+03
2.368000000000000000e+03
2.368750000000000000e+03
2.369500000000000000e+03
2.370250000000000000e+03
2.371000000000000000e+03
2.371750000000000000e+03
2.372500000000000000e+03
2.373250000000000000e+03
2.374000000000000000e+03
2.374750000000000000e+03
2.375500000000000000e+03
2.376250000000000000e+03
2.377000000000000000e+03
2.377750000000000000e+03
2.378500000000000000e+03
2.379250000000000000e+03
2.380000000000000000e+03
2.380750000000000000e+03
2.381500000000000000e+03
2.382250000000000000e+03
2.383000000000000000e+03
2.383750000000000000e+03
2.384500000000000000e+03
2.385250000000000000e+03
2.386000000000000000e+03
2.386750000000000000e+03
2.387500000000000000e+03
2.388250000000000000e+03
2.389000000000000000e+03
2.389750000000000000e+03
2.390500000000000000e+03
2.391250000000000000e+03
2.392000000000000000e+03
2.392750000000000000e+03
2.393500000000000000e+03
2.394250000000000000e+03
2.395000000000000000e+03
2.395750000000000000e+03
2.396500000000000000e+03
2.397250000000000000e+03
2.398000000000000000e+03
2.398750000000000000e+03
2.399500000000000000e+03
2.400250000000000000e+03
2.401000000000000000e+03
2.401750000000000000e+03
2.402500000000000000e+03
2.403250000000000000e+03
2.404000000000000000e+03
2.404750000000000000e+03
2.405500000000000000e+03
2.406250000000000000e+03
2.407000000000000000e+03
2.407750000000000000e+03
2.408500000000000000e+03
2.409250000000000000e+03
2.410000000000000000e+03
2.410750000000000000e+03
2.411500000000000000e+03
2.412250000000000000e+03
2.413000000000000000e+03
2.413750000000000000e+03
2.414500000000000000e+03
2.415250000000000000e+03
2.416000000000000000e+03
2.416750000000000000e+03
2.417500000000000000e+03
2.418250000000000000e+03
2.419000000000000000e+03
2.419750000000000000e+03
2.420500000000000000e+03
2.421250000000000000e+03
2.422000000000000000e+03
2.422750000000000000e+03
2.423500000000000000e+03
2.424250000000000000e+03
2.425000000000000000e+03
2.425750000000000000e+03
2.426500000000000000e+03
2.427250000000000000e+03
2.428000000000000000e+03
2.428750000000000000e+03
2.429500000000000000e+03
2.430250000000000000e+03
2.431000000000000000e+03
2.431750000000000000e+03
2.432500000000000000e+03
2.433250000000000000e+03
2.434000000000000000e+03
2.434750000000000000e+03
2.435500000000000000e+03
2.436250000000000000e+03
2.437000000000000000e+03
2.437750000000000000e+03
2.438500000000000000e+03
2.439250000000000000e+03
2.440000000000000000e+03
2.440750000000000000e+03
2.441500000000000000e+03
2.442250000000000000e+03
2.443000000000000000e+03
2.443750000000000000e+03
2.444500000000000000e+03
2.445250000000000000e+03
2.446000000000000000e+03
2.446750000000000000e+03
2.447500000000000000e+03
2.448250000000000000e+03
2.449000000000000000e+03
2.449750000000000000e+03
2.450500000000000000e+03
2.451250000000000000e+03
2.452000000000000000e+03
2.452750000000000000e+03
2.453500000000000000e+03
2.454250000000000000e+03
2.455000000000000000e+03
2.455750000000000000e+03
2.456500000000000000e+03
2.457250000000000000e+03
2.458000000000000000e+03
2.458750000000000000e+03
2.459500000000000000e+03
2.460250000000000000e+03
2.461000000000000000e+03
2.461750000000000000e+03
2.462500000000000000e+03
2.463250000000000000e+03
2.464000000000000000e+03
2.464750000000000000e+03
2.465500000000000000e+03
2.466250000000000000e+03
2.467000000000000000e+03
2.467750000000000000e+03
2.468500000000000000e+03
2.469250000000000000e+03
2.470000000000000000e+03
2.470750000000000000e+03
2.471500000000000000e+03
2.472250000000000000e+03
2.473000000000000000e+03
2.473750000000000000e+03
2.474500000000000000e+03
2.475250000000000000e+03
2.476000000000000000e+03
2.476750000000000000e+03
2.477500000000000000e+03
2.478250000000000000e+03
2.479000000000000000e+03
2.479750000000000000e+03
2.480500000000000000e+03
2.481250000000000000e+03
2.482000000000000000e+03
2.482750000000000000e+03
2.483500000000000000e+03
2.484250000000000000e+03
2.485000000000000000e+03
2.485750000000000000e+03
2.486500000000000000e+03
2.487250000000000000e+03
2.488000000000000000e+03
2.488750000000000000e+03
2.489500000000000000e+03
2.490250000000000000e+03
2.491000000000000000e+03
2.491750000000000000e+03
2.492500000000000000e+03
2.493250000000000000e+03
2.494000000000000000e+03
2.494750000000000000e+03
2.495500000000000000e+03
2.496250000000000000e+03
2.497000000000000000e+03
2.497750000000000000e+03
2.498500000000000000e+03
2.499250000000000000e+03
2.500000000000000000e+03
2.500750000000000000e+03
2.501500000000000000e+03
2.502250000000000000e+03
2.503000000000000000e+03
2.503750000000000000e+03
2.504500000000000000e+03
2.505250000000000000e+03
2.506000000000000000e+03
2.506750000000000000e+03
2.507500000000000000e+03
2.508250000000000000e+03
2.509000000000000000e+03
2.509750000000000000e+03
2.510500000000000000e+03
2.511250000000000000e+03
2.512000000000000000e+03
2.512750000000000000e+03
2.513500000000000000e+03
2.514250000000000000e+03
2.515000000000000000e+03
2.515750000000000000e+03
2.516500000000000000e+03
2.517250000000000000e+03
2.518000000000000000e+03
2.518750000000000000e+03
2.519500000000000000e+03
2.520250000000000000e+03
2.521000000000000000e+03
2.521750000000000000e+03
2.522500000000000000e+03
2.523250000000000000e+03
2.524000000000000000e+03
2.524750000000000000e+03
2.525500000000000000e+03
2.526250000000000000e+03
2.527000000000000000e+03
2.527750000000000000e+03
2.528500000000000000e+03
2.529250000000000000e+03
2.530000000000000000e+03
2.530750000000000000e+03
2.531500000000000000e+03
2.532250000000000000e+03
2.533000000000000000e+03
2.533750000000000000e+03
2.534500000000000000e+03
2.535250000000000000e+03
2.536000000000000000e+03
2.536750000000000000e+03
2.537500000000000000e+03
2.538250000000000000e+03
2.539000000000000000e+03
2.539750000000000000e+03
2.540500000000000000e+03
2.541250000000000000e+03
2.542000000000000000e+03
2.542750000000000000e+03
2.543500000000000000e+03
2.544250000000000000e+03
2.545000000000000000e+03
2.545750000000000000e+03
2.546500000000000000e+03
2.547250000000000000e+03
2.548000000000000000e+03
2.548750000000000000e+03
2.549500000000000000e+03
2.550250000000000000e+03
2.551000000000000000e+03
2.551750000000000000e+03
2.552500000000000000e+03
2.553250000000000000e+03
2.554000000000000000e+03
2.554750000000000000e+03
2.555500000000000000e+03
2.556250000000000000e+03
2.557000000000000000e+03
2.557750000000000000e+03
2.558500000000000000e+03
2.559250000000000000e+03
2.560000000000000000e+03
2.560750000000000000e+03
2.561500000000000000e+03
2.562250000000000000e+03
2.563000000000000000e+03
2.563750000000000000e+03
2.564500000000000000e+03
2.565250000000000000e+03
2.566000000000000000e+03
2.566750000000000000e+03
2.567500000000000000e+03
2.568250000000000000e+03
2.569000000000000000e+03
2.569750000000000000e+03
2.570500000000000000e+03
2.571250000000000000e+03
2.572000000000000000e+03
2.572750000000000000e+03
2.573500000000000000e+03
2.574250000000000000e+03
2.575000000000000000e+03
2.575750000000000000e+03
2.576500000000000000e+03
2.577250000000000000e+03
2.578000000000000000e+03
2.578750000000000000e+03
2.579500000000000000e+03
2.580250000000000000e+03
2.581000000000000000e+03
2.581750000000000000e+03
2.582500000000000000e+03
2.583250000000000000e+03
2.584000000000000000e+03
2.584750000000000000e+03
2.585500000000000000e+03
2.586250000000000000e+03
2.587000000000000000e+03
2.587750000000000000e+03
2.588500000000000000e+03
2.589250000000000000e+03
2.590000000000000000e+03
2.590750000000000000e+03
2.591500000000000000e+03
2.592250000000000000e+03
2.593000000000000000e+03
2.593750000000000000e+03
2.594500000000000000e+03
2.595250000000000000e+03
2.596000000000000000e+03
2.596750000000000000e+03
2.597500000000000000e+03
2.598250000000000000e+03
2.599000000000000000e+03
2.599750000000000000e+03
2.600500000000000000e+03
2.601250000000000000e+03
2.602000000000000000e+03
2.602750000000000000e+03
2.603500000000000000e+03
2.604250000000000000e+03
2.605000000000000000e+03
2.605750000000000000e+03
2.606500000000000000e+03
2.607250000000000000e+03
2.608000000000000000e+03
2.608750000000000000e+03
2.609500000000000000e+03
2.610250000000000000e+03
2.611000000000000000e+03
2.611750000000000000e+03
2.612500000000000000e+03
2.613250000000000000e+03
2.614000000000000000e+03
2.614750000000000000e+03
2.615500000000000000e+03
2.616250000000000000e+03
2.617000000000000000e+03
2.617750000000000000e+03
2.618500000000000000e+03
2.619250000000000000e+03
2.620000000000000000e+03
2.620750000000000000e+03
2.621500000000000000e+03
2.622250000000000000e+03
2.623000000000000000e+03
2.623750000000000000e+03
2.624500000000000000e+03
2.625250000000000000e+03
2.626000000000000000e+03
2.626750000000000000e+03
2.627500000000000000e+03
2.628250000000000000e+03
2.629000000000000000e+03
2.629750000000000000e+03
2.630500000000000000e+03
2.631250000000000000e+03
2.632000000000000000e+03
2.632750000000000000e+03
2.633500000000000000e+03
2.634250000000000000e+03
2.635000000000000000e+03
2.635750000000000000e+03
2.636500000000000000e+03
2.637250000000000000e+03
2.638000000000000000e+03
2.638750000000000000e+03
2.639500000000000000e+03
2.640250000000000000e+03
2.641000000000000000e+03
2.641750000000000000e+03
2.642500000000000000e+03
2.643250000000000000e+03
2.644000000000000000e+03
2.644750000000000000e+03
2.645500000000000000e+03
2.646250000000000000e+03
2.647000000000000000e+03
2.647750000000000000e+03
2.648500000000000000e+03
2.649250000000000000e+03
2.650000000000000000e+03
2.650750000000000000e+03
2.651500000000000000e+03
2.652250000000000000e+03
2.653000000000000000e+03
2.653750000000000000e+03
2.654500000000000000e+03
2.655250000000000000e+03
2.656000000000000000e+03
2.656750000000000000e+03
2.657500000000000000e+03
2.658250000000000000e+03
2.659000000000000000e+03
2.659750000000000000e+03
2.660500000000000000e+03
2.661250000000000000e+03
2.662000000000000000e+03
2.662750000000000000e+03
2.663500000000000000e+03
2.664250000000000000e+03
2.665000000000000000e+03
2.665750000000000000e+03
2.666500000000000000e+03
2.667250000000000000e+03
2.668000000000000000e+03
2.668750000000000000e+03
2.669500000000000000e+03
2.670250000000000000e+03
2.671000000000000000e+03
2.671750000000000000e+03
2.672500000000000000e+03
2.673250000000000000e+03
2.674000000000000000e+03
2.674750000000000000e+03
2.675500000000000000e+03
2.676250000000000000e+03
2.677000000000000000e+03
2.677750000000000000e+03
2.678500000000000000e+03
2.679250000000000000e+03
2.680000000000000000e+03
2.680750000000000000e+03
2.681500000000000000e+03
2.682250000000000000e+03
2.683000000000000000e+03
2.683750000000000000e+03
2.684500000000000000e+03
2.685250000000000000e+03
2.686000000000000000e+03
2.686750000000000000e+03
2.687500000000000000e+03
2.688250000000000000e+03
2.689000000000000000e+03
2.689750000000000000e+03
2.690500000000000000e+03
2.691250000000000000e+03
2.692000000000000000e+03
2.692750000000000000e+03
2.693500000000000000e+03
2.694250000000000000e+03
2.695000000000000000e+03
2.695750000000000000e+03
2.696500000000000000e+03
2.697250000000000000e+03
2.698000000000000000e+03
2.698750000000000000e+03
2.699500000000000000e+03
2.700250000000000000e+03
2.701000000000000000e+03
2.701750000000000000e+03
2.702500000000000000e+03
2.703250000000000000e+03
2.704000000000000000e+03
2.704750000000000000e+03
2.705500000000000000e+03
2.706250000000000000e+03
2.707000000000000000e+03
2.707750000000000000e+03
2.708500000000000000e+03
2.709250000000000000e+03
2.710000000000000000e+03
2.710750000000000000e+03
2.711500000000000000e+03
2.712250000000000000e+03
2.713000000000000000e+03
2.713750000000000000e+03
2.714500000000000000e+03
2.715250000000000000e+03
2.716000000000000000e+03
2.716750000000000000e+03
2.717500000000000000e+03
2.718250000000000000e+03
2.719000000000000000e+03
2.719750000000000000e+03
2.720500000000000000e+03
2.721250000000000000e+03
2.722000000000000000e+03
2.722750000000000000e+03
2.723500000000000000e+03
2.724250000000000000e+03
2.725000000000000000e+03
2.725750000000000000e+03
2.726500000000000000e+03
2.727250000000000000e+03
2.728000000000000000e+03
2.728750000000000000e+03
2.729500000000000000e+03
2.730250000000000000e+03
2.731000000000000000e+03
2.731750000000000000e+03
2.732500000000000000e+03
2.733250000000000000e+03
2.734000000000000000e+03
2.734750000000000000e+03
2.735500000000000000e+03
2.736250000000000000e+03
2.737000000000000000e+03
2.737750000000000000e+03
2.738500000000000000e+03
2.739250000000000000e+03
2.740000000000000000e+03
2.740750000000000000e+03
2.741500000000000000e+03
2.742250000000000000e+03
2.743000000000000000e+03
2.743750000000000000e+03
2.744500000000000000e+03
2.745250000000000000e+03
2.746000000000000000e+03
2.746750000000000000e+03
2.747500000000000000e+03
2.748250000000000000e+03
2.749000000000000000e+03
2.749750000000000000e+03
2.750500000000000000e+03
2.751250000000000000e+03
2.752000000000000000e+03
2.752750000000000000e+03
2.753500000000000000e+03
2.754250000000000000e+03
2.755000000000000000e+03
2.755750000000000000e+03
2.756500000000000000e+03
2.757250000000000000e+03
2.758000000000000000e+03
2.758750000000000000e+03
2.759500000000000000e+03
2.760250000000000000e+03
2.761000000000000000e+03
2.761750000000000000e+03
2.762500000000000000e+03
2.763250000000000000e+03
2.764000000000000000e+03
2.764750000000000000e+03
2.765500000000000000e+03
2.766250000000000000e+03
2.767000000000000000e+03
2.767750000000000000e+03
2.768500000000000000e+03
2.769250000000000000e+03
2.770000000000000000e+03
2.770750000000000000e+03
2.771500000000000000e+03
2.772250000000000000e+03
2.773000000000000000e+03
2.773750000000000000e+03
2.774500000000000000e+03
2.775250000000000000e+03
2.776000000000000000e+03
2.776750000000000000e+03
2.777500000000000000e+03
2.778250000000000000e+03
2.779000000000000000e+03
2.779750000000000000e+03
2.780500000000000000e+03
2.781250000000000000e+03
2.782000000000000000e+03
2.782750000000000000e+03
2.783500000000000000e+03
2.784250000000000000e+03
2.785000000000000000e+03
2.785750000000000000e+03
2.786500000000000000e+03
2.787250000000000000e+03
2.788000000000000000e+03
2.788750000000000000e+03
2.789500000000000000e+03
2.790250000000000000e+03
2.791000000000000000e+03
2.791750000000000000e+03
2.792500000000000000e+03
2.793250000000000000e+03
2.794000000000000000e+03
2.794750000000000000e+03
2.795500000000000000e+03
2.796250000000000000e+03
2.797000000000000000e+03
2.797750000000000000e+03
2.798500000000000000e+03
2.799250000000000000e+03
2.800000000000000000e+03
2.800750000000000000e+03
2.801500000000000000e+03
2.802250000000000000e+03
2.803000000000000000e+03
2.803750000000000000e+03
2.804500000000000000e+03
2.805250000000000000e+03
2.806000000000000000e+03
2.806750000000000000e+03
2.807500000000000000e+03
2.808250000000000000e+03
2.809000000000000000e+03
2.809750000000000000e+03
2.810500000000000000e+03
2.811250000000000000e+03
2.812000000000000000e+03
2.812750000000000000e+03
2.813500000000000000e+03
2.814250000000000000e+03
2.815000000000000000e+03
2.815750000000000000e+03
2.816500000000000000e+03
2.817250000000000000e+03
2.818000000000000000e+03
2.818750000000000000e+03
2.819500000000000000e+03
2.820250000000000000e+03
2.821000000000000000e+03
2.821750000000000000e+03
2.822500000000000000e+03
2.823250000000000000e+03
2.824000000000000000e+03
2.824750000000000000e+03
2.825500000000000000e+03
2.826250000000000000e+03
2.827000000000000000e+03
2.827750000000000000e+03
2.828500000000000000e+03
2.829250000000000000e+03
2.830000000000000000e+03
2.830750000000000000e+03
2.831500000000000000e+03
2.832250000000000000e+03
2.833000000000000000e+03
2.833750000000000000e+03
2.834500000000000000e+03
2.835250000000000000e+03
2.836000000000000000e+03
2.836750000000000000e+03
2.837500000000000000e+03
2.838250000000000000e+03
2.839000000000000000e+03
2.839750000000000000e+03
2.840500000000000000e+03
2.841250000000000000e+03
2.842000000000000000e+03
2.842750000000000000e+03
2.843500000000000000e+03
2.844250000000000000e+03
2.845000000000000000e+03
2.845750000000000000e+03
2.846500000000000000e+03
2.847250000000000000e+03
2.848000000000000000e+03
2.848750000000000000e+03
2.849500000000000000e+03
2.850250000000000000e+03
2.851000000000000000e+03
2.851750000000000000e+03
2.852500000000000000e+03
2.853250000000000000e+03
2.854000000000000000e+03
2.854750000000000000e+03
2.855500000000000000e+03
2.856250000000000000e+03
2.857000000000000000e+03
2.857750000000000000e+03
2.858500000000000000e+03
2.859250000000000000e+03
2.860000000000000000e+03
2.860750000000000000e+03
2.861500000000000000e+03
2.862250000000000000e+03
2.863000000000000000e+03
2.863750000000000000e+03
2.864500000000000000e+03
2.865250000000000000e+03
2.866000000000000000e+03
2.866750000000000000e+03
2.867500000000000000e+03
2.868250000000000000e+03
2.869000000000000000e+03
2.869750000000000000e+03
2.870500000000000000e+03
2.871250000000000000e+03
2.872000000000000000e+03
2.872750000000000000e+03
2.873500000000000000e+03
2.874250000000000000e+03
2.875000000000000000e+03
2.875750000000000000e+03
2.876500000000000000e+03
2.877250000000000000e+03
2.878000000000000000e+03
2.878750000000000000e+03
2.879500000000000000e+03
2.880250000000000000e+03
2.881000000000000000e+03
2.881750000000000000e+03
2.882500000000000000e+03
2.883250000000000000e+03
2.884000000000000000e+03
2.884750000000000000e+03
2.885500000000000000e+03
2.886250000000000000e+03
2.887000000000000000e+03
2.887750000000000000e+03
2.888500000000000000e+03
2.889250000000000000e+03
2.890000000000000000e+03
2.890750000000000000e+03
2.891500000000000000e+03
2.892250000000000000e+03
2.893000000000000000e+03
2.893750000000000000e+03
2.894500000000000000e+03
2.895250000000000000e+03
2.896000000000000000e+03
2.896750000000000000e+03
2.897500000000000000e+03
2.898250000000000000e+03
2.899000000000000000e+03
2.899750000000000000e+03
2.900500000000000000e+03
2.901250000000000000e+03
2.902000000000000000e+03
2.902750000000000000e+03
2.903500000000000000e+03
2.904250000000000000e+03
2.905000000000000000e+03
2.905750000000000000e+03
2.906500000000000000e+03
2.907250000000000000e+03
2.908000000000000000e+03
2.908750000000000000e+03
2.909500000000000000e+03
2.910250000000000000e+03
2.911000000000000000e+03
2.911750000000000000e+03
2.912500000000000000e+03
2.913250000000000000e+03
2.914000000000000000e+03
2.914750000000000000e+03
2.915500000000000000e+03
2.916250000000000000e+03
2.917000000000000000e+03
2.917750000000000000e+03
2.918500000000000000e+03
2.919250000000000000e+03
2.920000000000000000e+03
2.920750000000000000e+03
2.921500000000000000e+03
2.922250000000000000e+03
2.923000000000000000e+03
2.923750000000000000e+03
2.924500000000000000e+03
2.925250000000000000e+03
2.926000000000000000e+03
2.926750000000000000e+03
2.927500000000000000e+03
2.928250000000000000e+03
2.929000000000000000e+03
2.929750000000000000e+03
2.930500000000000000e+03
2.931250000000000000e+03
2.932000000000000000e+03
2.932750000000000000e+03
2.933500000000000000e+03
2.934250000000000000e+03
2.935000000000000000e+03
2.935750000000000000e+03
2.936500000000000000e+03
2.937250000000000000e+03
2.938000000000000000e+03
2.938750000000000000e+03
2.939500000000000000e+03
2.940250000000000000e+03
2.941000000000000000e+03
2.941750000000000000e+03
2.942500000000000000e+03
2.943250000000000000e+03
2.944000000000000000e+03
2.944750000000000000e+03
2.945500000000000000e+03
2.946250000000000000e+03
2.947000000000000000e+03
2.947750000000000000e+03
2.948500000000000000e+03
2.949250000000000000e+03
2.950000000000000000e+03
2.950750000000000000e+03
2.951500000000000000e+03
2.952250000000000000e+03
2.953000000000000000e+03
2.953750000000000000e+03
2.954500000000000000e+03
2.955250000000000000e+03
2.956000000000000000e+03
2.956750000000000000e+03
2.957500000000000000e+03
2.958250000000000000e+03
2.959000000000000000e+03
2.959750000000000000e+03
2.960500000000000000e+03
2.961250000000000000e+03
2.962000000000000000e+03
2.962750000000000000e+03
2.963500000000000000e+03
2.964250000000000000e+03
2.965000000000000000e+03
2.965750000000000000e+03
2.966500000000000000e+03
2.967250000000000000e+03
2.968000000000000000e+03
2.968750000000000000e+03
2.969500000000000000e+03
2.970250000000000000e+03
2.971000000000000000e+03
2.971750000000000000e+03
2.972500000000000000e+03
2.973250000000000000e+03
2.974000000000000000e+03
2.974750000000000000e+03
2.975500000000000000e+03
2.976250000000000000e+03
2.977000000000000000e+03
2.977750000000000000e+03
2.978500000000000000e+03
2.979250000000000000e+03
2.980000000000000000e+03
2.980750000000000000e+03
2.981500000000000000e+03
2.982250000000000000e+03
2.983000000000000000e+03
2.983750000000000000e+03
2.984500000000000000e+03
2.985250000000000000e+03
2.986000000000000000e+03
2.986750000000000000e+03
2.987500000000000000e+03
2.988250000000000000e+03
2.989000000000000000e+03
2.989750000000000000e+03
2.990500000000000000e+03
2.991250000000000000e+03
2.992000000000000000e+03
2.992750000000000000e+03
2.993500000000000000e+03
2.994250000000000000e+03
2.995000000000000000e+03
2.995750000000000000e+03
2.996500000000000000e+03
2.997250000000000000e+03
2.998000000000000000e+03
2.998750000000000000e+03
2.999500000000000000e+03
3.000250000000000000e+03
3.001000000000000000e+03
3.001750000000000000e+03
3.002500000000000000e+03
3.003250000000000000e+03
3.004000000000000000e+03
3.004750000000000000e+03
3.005500000000000000e+03
3.006250000000000000e+03
3.007000000000000000e+03
3.007750000000000000e+03
3.008500000000000000e+03
3.009250000000000000e+03
3.010000000000000000e+03
3.010750000000000000e+03
3.011500000000000000e+03
3.012250000000000000e+03
3.013000000000000000e+03
3.013750000000000000e+03
3.014500000000000000e+03
3.015250000000000000e+03
3.016000000000000000e+03
3.016750000000000000e+03
3.017500000000000000e+03
3.018250000000000000e+03
3.019000000000000000e+03
3.019750000000000000e+03
3.020500000000000000e+03
3.021250000000000000e+03
3.022000000000000000e+03
3.022750000000000000e+03
3.023500000000000000e+03
3.024250000000000000e+03
3.025000000000000000e+03
3.025750000000000000e+03
3.026500000000000000e+03
3.027250000000000000e+03
3.028000000000000000e+03
3.028750000000000000e+03
3.029500000000000000e+03
3.030250000000000000e+03
3.031000000000000000e+03
3.031750000000000000e+03
3.032500000000000000e+03
3.033250000000000000e+03
3.034000000000000000e+03
3.034750000000000000e+03
3.035500000000000000e+03
3.036250000000000000e+03
3.037000000000000000e+03
3.037750000000000000e+03
3.038500000000000000e+03
3.039250000000000000e+03
3.040000000000000000e+03
3.040750000000000000e+03
3.041500000000000000e+03
3.042250000000000000e+03
3.043000000000000000e+03
3.043750000000000000e+03
3.044500000000000000e+03
3.045250000000000000e+03
3.046000000000000000e+03
3.046750000000000000e+03
3.047500000000000000e+03
3.048250000000000000e+03
3.049000000000000000e+03
3.049750000000000000e+03
3.050500000000000000e+03
3.051250000000000000e+03
3.052000000000000000e+03
3.052750000000000000e+03
3.053500000000000000e+03
3.054250000000000000e+03
3.055000000000000000e+03
3.055750000000000000e+03
3.056500000000000000e+03
3.057250000000000000e+03
3.058000000000000000e+03
3.058750000000000000e+03
3.059500000000000000e+03
3.060250000000000000e+03
3.061000000000000000e+03
3.061750000000000000e+03
3.062500000000000000e+03
3.063250000000000000e+03
3.064000000000000000e+03
3.064750000000000000e+03
3.065500000000000000e+03
3.066250000000000000e+03
3.067000000000000000e+03
3.067750000000000000e+03
3.068500000000000000e+03
3.069250000000000000e+03
3.070000000000000000e+03
3.070750000000000000e+03
3.071500000000000000e+03
3.072250000000000000e+03
3.073000000000000000e+03
3.073750000000000000e+03
3.074500000000000000e+03
3.075250000000000000e+03
3.076000000000000000e+03
3.076750000000000000e+03
3.077500000000000000e+03
3.078250000000000000e+03
3.079000000000000000e+03
3.079750000000000000e+03
3.080500000000000000e+03
3.081250000000000000e+03
3.082000000000000000e+03
3.082750000000000000e+03
3.083500000000000000e+03
3.084250000000000000e+03
3.085000000000000000e+03
3.085750000000000000e+03
3.086500000000000000e+03
3.087250000000000000e+03
3.088000000000000000e+03
3.088750000000000000e+03
3.089500000000000000e+03
3.090250000000000000e+03
3.091000000000000000e+03
3.091750000000000000e+03
3.092500000000000000e+03
3.093250000000000000e+03
3.094000000000000000e+03
3.094750000000000000e+03
3.095500000000000000e+03
3.096250000000000000e+03
3.097000000000000000e+03
3.097750000000000000e+03
3.098500000000000000e+03
3.099250000000000000e+03
3.100000000000000000e+03
3.100750000000000000e+03
3.101500000000000000e+03
3.102250000000000000e+03
3.103000000000000000e+03
3.103750000000000000e+03
3.104500000000000000e+03
3.105250000000000000e+03
3.106000000000000000e+03
3.106750000000000000e+03
3.107500000000000000e+03
3.108250000000000000e+03
3.109000000000000000e+03
3.109750000000000000e+03
3.110500000000000000e+03
3.111250000000000000e+03
3.112000000000000000e+03
3.112750000000000000e+03
3.113500000000000000e+03
3.114250000000000000e+03
3.115000000000000000e+03
3.115750000000000000e+03
3.116500000000000000e+03
3.117250000000000000e+03
3.118000000000000000e+03
3.118750000000000000e+03
3.119500000000000000e+03
3.120250000000000000e+03
3.121000000000000000e+03
3.121750000000000000e+03
3.122500000000000000e+03
3.123250000000000000e+03
3.124000000000000000e+03
3.124750000000000000e+03
3.125500000000000000e+03
3.126250000000000000e+03
3.127000000000000000e+03
3.127750000000000000e+03
3.128500000000000000e+03
3.129250000000000000e+03
3.130000000000000000e+03
3.130750000000000000e+03
3.131500000000000000e+03
3.132250000000000000e+03
3.133000000000000000e+03
3.133750000000000000e+03
3.134500000000000000e+03
3.135250000000000000e+03
3.136000000000000000e+03
3.136750000000000000e+03
3.137500000000000000e+03
3.138250000000000000e+03
3.139000000000000000e+03
3.139750000000000000e+03
3.140500000000000000e+03
3.141250000000000000e+03
3.142000000000000000e+03
3.142750000000000000e+03
3.143500000000000000e+03
3.144250000000000000e+03
3.145000000000000000e+03
3.145750000000000000e+03
3.146500000000000000e+03
3.147250000000000000e+03
3.148000000000000000e+03
3.148750000000000000e+03
3.149500000000000000e+03
3.150250000000000000e+03
3.151000000000000000e+03
3.151750000000000000e+03
3.152500000000000000e+03
3.153250000000000000e+03
3.154000000000000000e+03
3.154750000000000000e+03
3.155500000000000000e+03
3.156250000000000000e+03
3.157000000000000000e+03
3.157750000000000000e+03
3.158500000000000000e+03
3.159250000000000000e+03
3.160000000000000000e+03
3.160750000000000000e+03
3.161500000000000000e+03
3.162250000000000000e+03
3.163000000000000000e+03
3.163750000000000000e+03
3.164500000000000000e+03
3.165250000000000000e+03
3.166000000000000000e+03
3.166750000000000000e+03
3.167500000000000000e+03
3.168250000000000000e+03
3.169000000000000000e+03
3.169750000000000000e+03
3.170500000000000000e+03
3.171250000000000000e+03
3.172000000000000000e+03
3.172750000000000000e+03
3.173500000000000000e+03
3.174250000000000000e+03
3.175000000000000000e+03
3.175750000000000000e+03
3.176500000000000000e+03
3.177250000000000000e+03
3.178000000000000000e+03
3.178750000000000000e+03
3.179500000000000000e+03
3.180250000000000000e+03
3.181000000000000000e+03
3.181750000000000000e+03
3.182500000000000000e+03
3.183250000000000000e+03
3.184000000000000000e+03
3.184750000000000000e+03
3.185500000000000000e+03
3.186250000000000000e+03
3.187000000000000000e+03
3.187750000000000000e+03
3.188500000000000000e+03
3.189250000000000000e+03
3.190000000000000000e+03
3.190750000000000000e+03
3.191500000000000000e+03
3.192250000000000000e+03
3.193000000000000000e+03
3.193750000000000000e+03
3.194500000000000000e+03
3.195250000000000000e+03
3.196000000000000000e+03
3.196750000000000000e+03
3.197500000000000000e+03
3.198250000000000000e+03
3.199000000000000000e+03
3.199750000000000000e+03
3.200500000000000000e+03
3.201250000000000000e+03
3.202000000000000000e+03
3.202750000000000000e+03
3.203500000000000000e+03
3.204250000000000000e+03
3.205000000000000000e+03
3.205750000000000000e+03
3.206500000000000000e+03
3.207250000000000000e+03
3.208000000000000000e+03
3.208750000000000000e+03
3.209500000000000000e+03
3.210250000000000000e+03
3.211000000000000000e+03
3.211750000000000000e+03
3.212500000000000000e+03
3.213250000000000000e+03
3.214000000000000000e+03
3.214750000000000000e+03
3.215500000000000000e+03
3.216250000000000000e+03
3.217000000000000000e+03
3.217750000000000000e+03
3.218500000000000000e+03
3.219250000000000000e+03
3.220000000000000000e+03
3.220750000000000000e+03
3.221500000000000000e+03
3.222250000000000000e+03
3.223000000000000000e+03
3.223750000000000000e+03
3.224500000000000000e+03
3.225250000000000000e+03
3.226000000000000000e+03
3.226750000000000000e+03
3.227500000000000000e+03
3.228250000000000000e+03
3.229000000000000000e+03
3.229750000000000000e+03
3.230500000000000000e+03
3.231250000000000000e+03
3.232000000000000000e+03
3.232750000000000000e+03
3.233500000000000000e+03
3.234250000000000000e+03
3.235000000000000000e+03
3.235750000000000000e+03
3.236500000000000000e+03
3.237250000000000000e+03
3.238000000000000000e+03
3.238750000000000000e+03
3.239500000000000000e+03
3.240250000000000000e+03
3.241000000000000000e+03
3.241750000000000000e+03
3.242500000000000000e+03
3.243250000000000000e+03
3.244000000000000000e+03
3.244750000000000000e+03
3.245500000000000000e+03
3.246250000000000000e+03
3.247000000000000000e+03
3.247750000000000000e+03
3.248500000000000000e+03
3.249250000000000000e+03
3.250000000000000000e+03
3.250750000000000000e+03
3.251500000000000000e+03
3.252250000000000000e+03
3.253000000000000000e+03
3.253750000000000000e+03
3.254500000000000000e+03
3.255250000000000000e+03
3.256000000000000000e+03
3.256750000000000000e+03
3.257500000000000000e+03
3.258250000000000000e+03
3.259000000000000000e+03
3.259750000000000000e+03
3.260500000000000000e+03
3.261250000000000000e+03
3.262000000000000000e+03
3.262750000000000000e+03
3.263500000000000000e+03
3.264250000000000000e+03
3.265000000000000000e+03
3.265750000000000000e+03
3.266500000000000000e+03
3.267250000000000000e+03
3.268000000000000000e+03
3.268750000000000000e+03
3.269500000000000000e+03
3.270250000000000000e+03
3.271000000000000000e+03
3.271750000000000000e+03
3.272500000000000000e+03
3.273250000000000000e+03
3.274000000000000000e+03
3.274750000000000000e+03
3.275500000000000000e+03
3.276250000000000000e+03
3.277000000000000000e+03
3.277750000000000000e+03
3.278500000000000000e+03
3.279250000000000000e+03
3.280000000000000000e+03
3.280750000000000000e+03
3.281500000000000000e+03
3.282250000000000000e+03
3.283000000000000000e+03
3.283750000000000000e+03
3.284500000000000000e+03
3.285250000000000000e+03
3.286000000000000000e+03
3.286750000000000000e+03
3.287500000000000000e+03
3.288250000000000000e+03
3.289000000000000000e+03
3.289750000000000000e+03
3.290500000000000000e+03
3.291250000000000000e+03
3.292000000000000000e+03
3.292750000000000000e+03
3.293500000000000000e+03
3.294250000000000000e+03
3.295000000000000000e+03
3.295750000000000000e+03
3.296500000000000000e+03
3.297250000000000000e+03
3.298000000000000000e+03
3.298750000000000000e+03
3.299500000000000000e+03
3.300250000000000000e+03
3.301000000000000000e+03
3.301750000000000000e+03
3.302500000000000000e+03
3.303250000000000000e+03
3.304000000000000000e+03
3.304750000000000000e+03
3.305500000000000000e+03
3.306250000000000000e+03
3.307000000000000000e+03
3.307750000000000000e+03
3.308500000000000000e+03
3.309250000000000000e+03
3.310000000000000000e+03
3.310750000000000000e+03
3.311500000000000000e+03
3.312250000000000000e+03
3.313000000000000000e+03
3.313750000000000000e+03
3.314500000000000000e+03
3.315250000000000000e+03
3.316000000000000000e+03
3.316750000000000000e+03
3.317500000000000000e+03
3.318250000000000000e+03
3.319000000000000000e+03
3.319750000000000000e+03
3.320500000000000000e+03
3.321250000000000000e+03
3.322000000000000000e+03
3.322750000000000000e+03
3.323500000000000000e+03
3.324250000000000000e+03
3.325000000000000000e+03
3.325750000000000000e+03
3.326500000000000000e+03
3.327250000000000000e+03
3.328000000000000000e+03
3.328750000000000000e+03
3.329500000000000000e+03
3.330250000000000000e+03
3.331000000000000000e+03
3.331750000000000000e+03
3.332500000000000000e+03
3.333250000000000000e+03
3.334000000000000000e+03
3.334750000000000000e+03
3.335500000000000000e+03
3.336250000000000000e+03
3.337000000000000000e+03
3.337750000000000000e+03
3.338500000000000000e+03
3.339250000000000000e+03
3.340000000000000000e+03
3.340750000000000000e+03
3.341500000000000000e+03
3.342250000000000000e+03
3.343000000000000000e+03
3.343750000000000000e+03
3.344500000000000000e+03
3.345250000000000000e+03
3.346000000000000000e+03
3.346750000000000000e+03
3.347500000000000000e+03
3.348250000000000000e+03
3.349000000000000000e+03
3.349750000000000000e+03
3.350500000000000000e+03
3.351250000000000000e+03
3.352000000000000000e+03
3.352750000000000000e+03
3.353500000000000000e+03
3.354250000000000000e+03
3.355000000000000000e+03
3.355750000000000000e+03
3.356500000000000000e+03
3.357250000000000000e+03
3.358000000000000000e+03
3.358750000000000000e+03
3.359500000000000000e+03
3.360250000000000000e+03
3.361000000000000000e+03
3.361750000000000000e+03
3.362500000000000000e+03
3.363250000000000000e+03
3.364000000000000000e+03
3.364750000000000000e+03
3.365500000000000000e+03
3.366250000000000000e+03
3.367000000000000000e+03
3.367750000000000000e+03
3.368500000000000000e+03
3.369250000000000000e+03
3.370000000000000000e+03
3.370750000000000000e+03
3.371500000000000000e+03
3.372250000000000000e+03
3.373000000000000000e+03
3.373750000000000000e+03
3.374500000000000000e+03
3.375250000000000000e+03
3.376000000000000000e+03
3.376750000000000000e+03
3.377500000000000000e+03
3.378250000000000000e+03
3.379000000000000000e+03
3.379750000000000000e+03
3.380500000000000000e+03
3.381250000000000000e+03
3.382000000000000000e+03
3.382750000000000000e+03
3.383500000000000000e+03
3.384250000000000000e+03
3.385000000000000000e+03
3.385750000000000000e+03
3.386500000000000000e+03
3.387250000000000000e+03
3.388000000000000000e+03
3.388750000000000000e+03
3.389500000000000000e+03
3.390250000000000000e+03
3.391000000000000000e+03
3.391750000000000000e+03
3.392500000000000000e+03
3.393250000000000000e+03
3.394000000000000000e+03
3.394750000000000000e+03
3.395500000000000000e+03
3.396250000000000000e+03
3.397000000000000000e+03
3.397750000000000000e+03
3.398500000000000000e+03
3.399250000000000000e+03
3.400000000000000000e+03
3.400750000000000000e+03
3.401500000000000000e+03
3.402250000000000000e+03
3.403000000000000000e+03
3.403750000000000000e+03
3.404500000000000000e+03
3.405250000000000000e+03
3.406000000000000000e+03
3.406750000000000000e+03
3.407500000000000000e+03
3.408250000000000000e+03
3.409000000000000000e+03
3.409750000000000000e+03
3.410500000000000000e+03
3.411250000000000000e+03
3.412000000000000000e+03
3.412750000000000000e+03
3.413500000000000000e+03
3.414250000000000000e+03
3.415000000000000000e+03
3.415750000000000000e+03
3.416500000000000000e+03
3.417250000000000000e+03
3.418000000000000000e+03
3.418750000000000000e+03
3.419500000000000000e+03
3.420250000000000000e+03
3.421000000000000000e+03
3.421750000000000000e+03
3.422500000000000000e+03
3.423250000000000000e+03
3.424000000000000000e+03
3.424750000000000000e+03
3.425500000000000000e+03
3.426250000000000000e+03
3.427000000000000000e+03
3.427750000000000000e+03
3.428500000000000000e+03
3.429250000000000000e+03
3.430000000000000000e+03
3.430750000000000000e+03
3.431500000000000000e+03
3.432250000000000000e+03
3.433000000000000000e+03
3.433750000000000000e+03
3.434500000000000000e+03
3.435250000000000000e+03
3.436000000000000000e+03
3.436750000000000000e+03
3.437500000000000000e+03
3.438250000000000000e+03
3.439000000000000000e+03
3.439750000000000000e+03
3.440500000000000000e+03
3.441250000000000000e+03
3.442000000000000000e+03
3.442750000000000000e+03
3.443500000000000000e+03
3.444250000000000000e+03
3.445000000000000000e+03
3.445750000000000000e+03
3.446500000000000000e+03
3.447250000000000000e+03
3.448000000000000000e+03
3.448750000000000000e+03
3.449500000000000000e+03
3.450250000000000000e+03
3.451000000000000000e+03
3.451750000000000000e+03
3.452500000000000000e+03
3.453250000000000000e+03
3.454000000000000000e+03
3.454750000000000000e+03
3.455500000000000000e+03
3.456250000000000000e+03
3.457000000000000000e+03
3.457750000000000000e+03
3.458500000000000000e+03
3.459250000000000000e+03
3.460000000000000000e+03
3.460750000000000000e+03
3.461500000000000000e+03
3.462250000000000000e+03
3.463000000000000000e+03
3.463750000000000000e+03
3.464500000000000000e+03
3.465250000000000000e+03
3.466000000000000000e+03
3.466750000000000000e+03
3.467500000000000000e+03
3.468250000000000000e+03
3.469000000000000000e+03
3.469750000000000000e+03
3.470500000000000000e+03
3.471250000000000000e+03
3.472000000000000000e+03
3.472750000000000000e+03
3.473500000000000000e+03
3.474250000000000000e+03
3.475000000000000000e+03
3.475750000000000000e+03
3.476500000000000000e+03
3.477250000000000000e+03
3.478000000000000000e+03
3.478750000000000000e+03
3.479500000000000000e+03
3.480250000000000000e+03
3.481000000000000000e+03
3.481750000000000000e+03
3.482500000000000000e+03
3.483250000000000000e+03
3.484000000000000000e+03
3.484750000000000000e+03
3.485500000000000000e+03
3.486250000000000000e+03
3.487000000000000000e+03
3.487750000000000000e+03
3.488500000000000000e+03
3.489250000000000000e+03
3.490000000000000000e+03
3.490750000000000000e+03
3.491500000000000000e+03
3.492250000000000000e+03
3.493000000000000000e+03
3.493750000000000000e+03
3.494500000000000000e+03
3.495250000000000000e+03
3.496000000000000000e+03
3.496750000000000000e+03
3.497500000000000000e+03
3.498250000000000000e+03
3.499000000000000000e+03
3.499750000000000000e+03
3.500500000000000000e+03
3.501250000000000000e+03
3.502000000000000000e+03
3.502750000000000000e+03
3.503500000000000000e+03
3.504250000000000000e+03
3.505000000000000000e+03
3.505750000000000000e+03
3.506500000000000000e+03
3.507250000000000000e+03
3.508000000000000000e+03
3.508750000000000000e+03
3.509500000000000000e+03
3.510250000000000000e+03
3.511000000000000000e+03
3.511750000000000000e+03
3.512500000000000000e+03
3.513250000000000000e+03
3.514000000000000000e+03
3.514750000000000000e+03
3.515500000000000000e+03
3.516250000000000000e+03
3.517000000000000000e+03
3.517750000000000000e+03
3.518500000000000000e+03
3.519250000000000000e+03
3.520000000000000000e+03
3.520750000000000000e+03
3.521500000000000000e+03
3.522250000000000000e+03
3.523000000000000000e+03
3.523750000000000000e+03
3.524500000000000000e+03
3.525250000000000000e+03
3.526000000000000000e+03
3.526750000000000000e+03
3.527500000000000000e+03
3.528250000000000000e+03
3.529000000000000000e+03
3.529750000000000000e+03
3.530500000000000000e+03
3.531250000000000000e+03
3.532000000000000000e+03
3.532750000000000000e+03
3.533500000000000000e+03
3.534250000000000000e+03
3.535000000000000000e+03
3.535750000000000000e+03
3.536500000000000000e+03
3.537250000000000000e+03
3.538000000000000000e+03
3.538750000000000000e+03
3.539500000000000000e+03
3.540250000000000000e+03
3.541000000000000000e+03
3.541750000000000000e+03
3.542500000000000000e+03
3.543250000000000000e+03
3.544000000000000000e+03
3.544750000000000000e+03
3.545500000000000000e+03
3.546250000000000000e+03
3.547000000000000000e+03
3.547750000000000000e+03
3.548500000000000000e+03
3.549250000000000000e+03
3.550000000000000000e+03
3.550750000000000000e+03
3.551500000000000000e+03
3.552250000000000000e+03
3.553000000000000000e+03
3.553750000000000000e+03
3.554500000000000000e+03
3.555250000000000000e+03
3.556000000000000000e+03
3.556750000000000000e+03
3.557500000000000000e+03
3.558250000000000000e+03
3.559000000000000000e+03
3.559750000000000000e+03
3.560500000000000000e+03
3.561250000000000000e+03
3.562000000000000000e+03
3.562750000000000000e+03
3.563500000000000000e+03
3.564250000000000000e+03
3.565000000000000000e+03
3.565750000000000000e+03
3.566500000000000000e+03
3.567250000000000000e+03
3.568000000000000000e+03
3.568750000000000000e+03
3.569500000000000000e+03
3.570250000000000000e+03
3.571000000000000000e+03
3.571750000000000000e+03
3.572500000000000000e+03
3.573250000000000000e+03
3.574000000000000000e+03
3.574750000000000000e+03
3.575500000000000000e+03
3.576250000000000000e+03
3.577000000000000000e+03
3.577750000000000000e+03
3.578500000000000000e+03
3.579250000000000000e+03
3.580000000000000000e+03
3.580750000000000000e+03
3.581500000000000000e+03
3.582250000000000000e+03
3.583000000000000000e+03
3.583750000000000000e+03
3.584500000000000000e+03
3.585250000000000000e+03
3.586000000000000000e+03
3.586750000000000000e+03
3.587500000000000000e+03
3.588250000000000000e+03
3.589000000000000000e+03
3.589750000000000000e+03
3.590500000000000000e+03
3.591250000000000000e+03
3.592000000000000000e+03
3.592750000000000000e+03
3.593500000000000000e+03
3.594250000000000000e+03
3.595000000000000000e+03
3.595750000000000000e+03
3.596500000000000000e+03
3.597250000000000000e+03
3.598000000000000000e+03
3.598750000000000000e+03
3.599500000000000000e+03
3.600250000000000000e+03
3.601000000000000000e+03
3.601750000000000000e+03
3.602500000000000000e+03
3.603250000000000000e+03
3.604000000000000000e+03
3.604750000000000000e+03
3.605500000000000000e+03
3.606250000000000000e+03
3.607000000000000000e+03
3.607750000000000000e+03
3.608500000000000000e+03
3.609250000000000000e+03
3.610000000000000000e+03
3.610750000000000000e+03
3.611500000000000000e+03
3.612250000000000000e+03
3.613000000000000000e+03
3.613750000000000000e+03
3.614500000000000000e+03
3.615250000000000000e+03
3.616000000000000000e+03
3.616750000000000000e+03
3.617500000000000000e+03
3.618250000000000000e+03
3.619000000000000000e+03
3.619750000000000000e+03
3.620500000000000000e+03
3.621250000000000000e+03
3.622000000000000000e+03
3.622750000000000000e+03
3.623500000000000000e+03
3.624250000000000000e+03
3.625000000000000000e+03
3.625750000000000000e+03
3.626500000000000000e+03
3.627250000000000000e+03
3.628000000000000000e+03
3.628750000000000000e+03
3.629500000000000000e+03
3.630250000000000000e+03
3.631000000000000000e+03
3.631750000000000000e+03
3.632500000000000000e+03
3.633250000000000000e+03
3.634000000000000000e+03
3.634750000000000000e+03
3.635500000000000000e+03
3.636250000000000000e+03
3.637000000000000000e+03
3.637750000000000000e+03
3.638500000000000000e+03
3.639250000000000000e+03
3.640000000000000000e+03
3.640750000000000000e+03
3.641500000000000000e+03
3.642250000000000000e+03
3.643000000000000000e+03
3.643750000000000000e+03
3.644500000000000000e+03
3.645250000000000000e+03
3.646000000000000000e+03
3.646750000000000000e+03
3.647500000000000000e+03
3.648250000000000000e+03
3.649000000000000000e+03
3.649750000000000000e+03
3.650500000000000000e+03
3.651250000000000000e+03
3.652000000000000000e+03
3.652750000000000000e+03
3.653500000000000000e+03
3.654250000000000000e+03
3.655000000000000000e+03
3.655750000000000000e+03
3.656500000000000000e+03
3.657250000000000000e+03
3.658000000000000000e+03
3.658750000000000000e+03
3.659500000000000000e+03
3.660250000000000000e+03
3.661000000000000000e+03
3.661750000000000000e+03
3.662500000000000000e+03
3.663250000000000000e+03
3.664000000000000000e+03
3.664750000000000000e+03
3.665500000000000000e+03
3.666250000000000000e+03
3.667000000000000000e+03
3.667750000000000000e+03
3.668500000000000000e+03
3.669250000000000000e+03
3.670000000000000000e+03
3.670750000000000000e+03
3.671500000000000000e+03
3.672250000000000000e+03
3.673000000000000000e+03
3.673750000000000000e+03
3.674500000000000000e+03
3.675250000000000000e+03
3.676000000000000000e+03
3.676750000000000000e+03
3.677500000000000000e+03
3.678250000000000000e+03
3.679000000000000000e+03
3.679750000000000000e+03
3.680500000000000000e+03
3.681250000000000000e+03
3.682000000000000000e+03
3.682750000000000000e+03
3.683500000000000000e+03
3.684250000000000000e+03
3.685000000000000000e+03
3.685750000000000000e+03
3.686500000000000000e+03
3.687250000000000000e+03
3.688000000000000000e+03
3.688750000000000000e+03
3.689500000000000000e+03
3.690250000000000000e+03
3.691000000000000000e+03
3.691750000000000000e+03
3.692500000000000000e+03
3.693250000000000000e+03
3.694000000000000000e+03
3.694750000000000000e+03
3.695500000000000000e+03
3.696250000000000000e+03
3.697000000000000000e+03
3.697750000000000000e+03
3.698500000000000000e+03
3.699250000000000000e+03
3.700000000000000000e+03
3.700750000000000000e+03
3.701500000000000000e+03
3.702250000000000000e+03
3.703000000000000000e+03
3.703750000000000000e+03
3.704500000000000000e+03
3.705250000000000000e+03
3.706000000000000000e+03
3.706750000000000000e+03
3.707500000000000000e+03
3.708250000000000000e+03
3.709000000000000000e+03
3.709750000000000000e+03
3.710500000000000000e+03
3.711250000000000000e+03
3.712000000000000000e+03
3.712750000000000000e+03
3.713500000000000000e+03
3.714250000000000000e+03
3.715000000000000000e+03
3.715750000000000000e+03
3.716500000000000000e+03
3.717250000000000000e+03
3.718000000000000000e+03
3.718750000000000000e+03
3.719500000000000000e+03
3.720250000000000000e+03
3.721000000000000000e+03
3.721750000000000000e+03
3.722500000000000000e+03
3.723250000000000000e+03
3.724000000000000000e+03
3.724750000000000000e+03
3.725500000000000000e+03
3.726250000000000000e+03
3.727000000000000000e+03
3.727750000000000000e+03
3.728500000000000000e+03
3.729250000000000000e+03
3.730000000000000000e+03
3.730750000000000000e+03
3.731500000000000000e+03
3.732250000000000000e+03
3.733000000000000000e+03
3.733750000000000000e+03
3.734500000000000000e+03
3.735250000000000000e+03
3.736000000000000000e+03
3.736750000000000000e+03
3.737500000000000000e+03
3.738250000000000000e+03
3.739000000000000000e+03
3.739750000000000000e+03
3.740500000000000000e+03
3.741250000000000000e+03
3.742000000000000000e+03
3.742750000000000000e+03
3.743500000000000000e+03
3.744250000000000000e+03
3.745000000000000000e+03
3.745750000000000000e+03
3.746500000000000000e+03
3.747250000000000000e+03
3.748000000000000000e+03
3.748750000000000000e+03
3.749500000000000000e+03
3.750250000000000000e+03
3.751000000000000000e+03
3.751750000000000000e+03
3.752500000000000000e+03
3.753250000000000000e+03
3.754000000000000000e+03
3.754750000000000000e+03
3.755500000000000000e+03
3.756250000000000000e+03
3.757000000000000000e+03
3.757750000000000000e+03
3.758500000000000000e+03
3.759250000000000000e+03
3.760000000000000000e+03
3.760750000000000000e+03
3.761500000000000000e+03
3.762250000000000000e+03
3.763000000000000000e+03
3.763750000000000000e+03
3.764500000000000000e+03
3.765250000000000000e+03
3.766000000000000000e+03
3.766750000000000000e+03
3.767500000000000000e+03
3.768250000000000000e+03
3.769000000000000000e+03
3.769750000000000000e+03
3.770500000000000000e+03
3.771250000000000000e+03
3.772000000000000000e+03
3.772750000000000000e+03
3.773500000000000000e+03
3.774250000000000000e+03
3.775000000000000000e+03
3.775750000000000000e+03
3.776500000000000000e+03
3.777250000000000000e+03
3.778000000000000000e+03
3.778750000000000000e+03
3.779500000000000000e+03
3.780250000000000000e+03
3.781000000000000000e+03
3.781750000000000000e+03
3.782500000000000000e+03
3.783250000000000000e+03
3.784000000000000000e+03
3.784750000000000000e+03
3.785500000000000000e+03
3.786250000000000000e+03
3.787000000000000000e+03
3.787750000000000000e+03
3.788500000000000000e+03
3.789250000000000000e+03
3.790000000000000000e+03
3.790750000000000000e+03
3.791500000000000000e+03
3.792250000000000000e+03
3.793000000000000000e+03
3.793750000000000000e+03
3.794500000000000000e+03
3.795250000000000000e+03
3.796000000000000000e+03
3.796750000000000000e+03
3.797500000000000000e+03
3.798250000000000000e+03
3.799000000000000000e+03
3.799750000000000000e+03
3.800500000000000000e+03
3.801250000000000000e+03
3.802000000000000000e+03
3.802750000000000000e+03
3.803500000000000000e+03
3.804250000000000000e+03
3.805000000000000000e+03
3.805750000000000000e+03
3.806500000000000000e+03
3.807250000000000000e+03
3.808000000000000000e+03
3.808750000000000000e+03
3.809500000000000000e+03
3.810250000000000000e+03
3.811000000000000000e+03
3.811750000000000000e+03
3.812500000000000000e+03
3.813250000000000000e+03
3.814000000000000000e+03
3.814750000000000000e+03
3.815500000000000000e+03
3.816250000000000000e+03
3.817000000000000000e+03
3.817750000000000000e+03
3.818500000000000000e+03
3.819250000000000000e+03
3.820000000000000000e+03
3.820750000000000000e+03
3.821500000000000000e+03
3.822250000000000000e+03
3.823000000000000000e+03
3.823750000000000000e+03
3.824500000000000000e+03
3.825250000000000000e+03
3.826000000000000000e+03
3.826750000000000000e+03
3.827500000000000000e+03
3.828250000000000000e+03
3.829000000000000000e+03
3.829750000000000000e+03
3.830500000000000000e+03
3.831250000000000000e+03
3.832000000000000000e+03
3.832750000000000000e+03
3.833500000000000000e+03
3.834250000000000000e+03
3.835000000000000000e+03
3.835750000000000000e+03
3.836500000000000000e+03
3.837250000000000000e+03
3.838000000000000000e+03
3.838750000000000000e+03
3.839500000000000000e+03
3.840250000000000000e+03
3.841000000000000000e+03
3.841750000000000000e+03
3.842500000000000000e+03
3.843250000000000000e+03
3.844000000000000000e+03
3.844750000000000000e+03
3.845500000000000000e+03
3.846250000000000000e+03
3.847000000000000000e+03
3.847750000000000000e+03
3.848500000000000000e+03
3.849250000000000000e+03
3.850000000000000000e+03
3.850750000000000000e+03
3.851500000000000000e+03
3.852250000000000000e+03
3.853000000000000000e+03
3.853750000000000000e+03
3.854500000000000000e+03
3.855250000000000000e+03
3.856000000000000000e+03
3.856750000000000000e+03
3.857500000000000000e+03
3.858250000000000000e+03
3.859000000000000000e+03
3.859750000000000000e+03
3.860500000000000000e+03
3.861250000000000000e+03
3.862000000000000000e+03
3.862750000000000000e+03
3.863500000000000000e+03
3.864250000000000000e+03
3.865000000000000000e+03
3.865750000000000000e+03
3.866500000000000000e+03
3.867250000000000000e+03
3.868000000000000000e+03
3.868750000000000000e+03
3.869500000000000000e+03
3.870250000000000000e+03
3.871000000000000000e+03
3.871750000000000000e+03
3.872500000000000000e+03
3.873250000000000000e+03
3.874000000000000000e+03
3.874750000000000000e+03
3.875500000000000000e+03
3.876250000000000000e+03
3.877000000000000000e+03
3.877750000000000000e+03
3.878500000000000000e+03
3.879250000000000000e+03
3.880000000000000000e+03
3.880750000000000000e+03
3.881500000000000000e+03
3.882250000000000000e+03
3.883000000000000000e+03
3.883750000000000000e+03
3.884500000000000000e+03
3.885250000000000000e+03
3.886000000000000000e+03
3.886750000000000000e+03
3.887500000000000000e+03
3.888250000000000000e+03
3.889000000000000000e+03
3.889750000000000000e+03
3.890500000000000000e+03
3.891250000000000000e+03
3.892000000000000000e+03
3.892750000000000000e+03
3.893500000000000000e+03
3.894250000000000000e+03
3.895000000000000000e+03
3.895750000000000000e+03
3.896500000000000000e+03
3.897250000000000000e+03
3.898000000000000000e+03
3.898750000000000000e+03
3.899500000000000000e+03
3.900250000000000000e+03
3.901000000000000000e+03
3.901750000000000000e+03
3.902500000000000000e+03
3.903250000000000000e+03
3.904000000000000000e+03
3.904750000000000000e+03
3.905500000000000000e+03
3.906250000000000000e+03
3.907000000000000000e+03
3.907750000000000000e+03
3.908500000000000000e+03
3.909250000000000000e+03
3.910000000000000000e+03
3.910750000000000000e+03
3.911500000000000000e+03
3.912250000000000000e+03
3.913000000000000000e+03
3.913750000000000000e+03
3.914500000000000000e+03
3.915250000000000000e+03
3.916000000000000000e+03
3.916750000000000000e+03
3.917500000000000000e+03
3.918250000000000000e+03
3.919000000000000000e+03
3.919750000000000000e+03
3.920500000000000000e+03
3.921250000000000000e+03
3.922000000000000000e+03
3.922750000000000000e+03
3.923500000000000000e+03
3.924250000000000000e+03
3.925000000000000000e+03
3.925750000000000000e+03
3.926500000000000000e+03
3.927250000000000000e+03
3.928000000000000000e+03
3.928750000000000000e+03
3.929500000000000000e+03
3.930250000000000000e+03
3.931000000000000000e+03
3.931750000000000000e+03
3.932500000000000000e+03
3.933250000000000000e+03
3.934000000000000000e+03
3.934750000000000000e+03
3.935500000000000000e+03
3.936250000000000000e+03
3.937000000000000000e+03
3.937750000000000000e+03
3.938500000000000000e+03
3.939250000000000000e+03
3.940000000000000000e+03
3.940750000000000000e+03
3.941500000000000000e+03
3.942250000000000000e+03
3.943000000000000000e+03
3.943750000000000000e+03
3.944500000000000000e+03
3.945250000000000000e+03
3.946000000000000000e+03
3.946750000000000000e+03
3.947500000000000000e+03
3.948250000000000000e+03
3.949000000000000000e+03
3.949750000000000000e+03
3.950500000000000000e+03
3.951250000000000000e+03
3.952000000000000000e+03
3.952750000000000000e+03
3.953500000000000000e+03
3.954250000000000000e+03
3.955000000000000000e+03
3.955750000000000000e+03
3.956500000000000000e+03
3.957250000000000000e+03
3.958000000000000000e+03
3.958750000000000000e+03
3.959500000000000000e+03
3.960250000000000000e+03
3.961000000000000000e+03
3.961750000000000000e+03
3.962500000000000000e+03
3.963250000000000000e+03
3.964000000000000000e+03
3.964750000000000000e+03
3.965500000000000000e+03
3.966250000000000000e+03
3.967000000000000000e+03
3.967750000000000000e+03
3.968500000000000000e+03
3.969250000000000000e+03
3.970000000000000000e+03
3.970750000000000000e+03
3.971500000000000000e+03
3.972250000000000000e+03
3.973000000000000000e+03
3.973750000000000000e+03
3.974500000000000000e+03
3.975250000000000000e+03
3.976000000000000000e+03
3.976750000000000000e+03
3.977500000000000000e+03
3.978250000000000000e+03
3.979000000000000000e+03
3.979750000000000000e+03
3.980500000000000000e+03
3.981250000000000000e+03
3.982000000000000000e+03
3.982750000000000000e+03
3.983500000000000000e+03
3.984250000000000000e+03
3.985000000000000000e+03
3.985750000000000000e+03
3.986500000000000000e+03
3.987250000000000000e+03
3.988000000000000000e+03
3.988750000000000000e+03
3.989500000000000000e+03
3.990250000000000000e+03
3.991000000000000000e+03
3.991750000000000000e+03
3.992500000000000000e+03
3.993250000000000000e+03
3.994000000000000000e+03
3.994750000000000000e+03
3.995500000000000000e+03
3.996250000000000000e+03
3.997000000000000000e+03
3.997750000000000000e+03
3.998500000000000000e+03
3.999250000000000000e+03
4.000000000000000000e+03
4.000750000000000000e+03
4.001500000000000000e+03
4.002250000000000000e+03
4.003000000000000000e+03
4.003750000000000000e+03
4.004500000000000000e+03
4.005250000000000000e+03
4.006000000000000000e+03
4.006750000000000000e+03
4.007500000000000000e+03
4.008250000000000000e+03
4.009000000000000000e+03
4.009750000000000000e+03
4.010500000000000000e+03
4.011250000000000000e+03
4.012000000000000000e+03
4.012750000000000000e+03
4.013500000000000000e+03
4.014250000000000000e+03
4.015000000000000000e+03
4.015750000000000000e+03
4.016500000000000000e+03
4.017250000000000000e+03
4.018000000000000000e+03
4.018750000000000000e+03
4.019500000000000000e+03
4.020250000000000000e+03
4.021000000000000000e+03
4.021750000000000000e+03
4.022500000000000000e+03
4.023250000000000000e+03
4.024000000000000000e+03
4.024750000000000000e+03
4.025500000000000000e+03
4.026250000000000000e+03
4.027000000000000000e+03
4.027750000000000000e+03
4.028500000000000000e+03
4.029250000000000000e+03
4.030000000000000000e+03
4.030750000000000000e+03
4.031500000000000000e+03
4.032250000000000000e+03
4.033000000000000000e+03
4.033750000000000000e+03
4.034500000000000000e+03
4.035250000000000000e+03
4.036000000000000000e+03
4.036750000000000000e+03
4.037500000000000000e+03
4.038250000000000000e+03
4.039000000000000000e+03
4.039750000000000000e+03
4.040500000000000000e+03
4.041250000000000000e+03
4.042000000000000000e+03
4.042750000000000000e+03
4.043500000000000000e+03
4.044250000000000000e+03
4.045000000000000000e+03
4.045750000000000000e+03
4.046500000000000000e+03
4.047250000000000000e+03
4.048000000000000000e+03
4.048750000000000000e+03
4.049500000000000000e+03
4.050250000000000000e+03
4.051000000000000000e+03
4.051750000000000000e+03
4.052500000000000000e+03
4.053250000000000000e+03
4.054000000000000000e+03
4.054750000000000000e+03
4.055500000000000000e+03
4.056250000000000000e+03
4.057000000000000000e+03
4.057750000000000000e+03
4.058500000000000000e+03
4.059250000000000000e+03
4.060000000000000000e+03
4.060750000000000000e+03
4.061500000000000000e+03
4.062250000000000000e+03
4.063000000000000000e+03
4.063750000000000000e+03
4.064500000000000000e+03
4.065250000000000000e+03
4.066000000000000000e+03
4.066750000000000000e+03
4.067500000000000000e+03
4.068250000000000000e+03
4.069000000000000000e+03
4.069750000000000000e+03
4.070500000000000000e+03
4.071250000000000000e+03
4.072000000000000000e+03
4.072750000000000000e+03
4.073500000000000000e+03
4.074250000000000000e+03
4.075000000000000000e+03
4.075750000000000000e+03
4.076500000000000000e+03
4.077250000000000000e+03
4.078000000000000000e+03
4.078750000000000000e+03
4.079500000000000000e+03
4.080250000000000000e+03
4.081000000000000000e+03
4.081750000000000000e+03
4.082500000000000000e+03
4.083250000000000000e+03
4.084000000000000000e+03
4.084750000000000000e+03
4.085500000000000000e+03
4.086250000000000000e+03
4.087000000000000000e+03
4.087750000000000000e+03
4.088500000000000000e+03
4.089250000000000000e+03
4.090000000000000000e+03
4.090750000000000000e+03
4.091500000000000000e+03
4.092250000000000000e+03
4.093000000000000000e+03
4.093750000000000000e+03
4.094500000000000000e+03
4.095250000000000000e+03
4.096000000000000000e+03
4.096750000000000000e+03
4.097500000000000000e+03
4.098250000000000000e+03
4.099000000000000000e+03
4.099750000000000000e+03
4.100500000000000000e+03
4.101250000000000000e+03
4.102000000000000000e+03
4.102750000000000000e+03
4.103500000000000000e+03
4.104250000000000000e+03
4.105000000000000000e+03
4.105750000000000000e+03
4.106500000000000000e+03
4.107250000000000000e+03
4.108000000000000000e+03
4.108750000000000000e+03
4.109500000000000000e+03
4.110250000000000000e+03
4.111000000000000000e+03
4.111750000000000000e+03
4.112500000000000000e+03
4.113250000000000000e+03
4.114000000000000000e+03
4.114750000000000000e+03
4.115500000000000000e+03
4.116250000000000000e+03
4.117000000000000000e+03
4.117750000000000000e+03
4.118500000000000000e+03
4.119250000000000000e+03
4.120000000000000000e+03
4.120750000000000000e+03
4.121500000000000000e+03
4.122250000000000000e+03
4.123000000000000000e+03
4.123750000000000000e+03
4.124500000000000000e+03
4.125250000000000000e+03
4.126000000000000000e+03
4.126750000000000000e+03
4.127500000000000000e+03
4.128250000000000000e+03
4.129000000000000000e+03
4.129750000000000000e+03
4.130500000000000000e+03
4.131250000000000000e+03
4.132000000000000000e+03
4.132750000000000000e+03
4.133500000000000000e+03
4.134250000000000000e+03
4.135000000000000000e+03
4.135750000000000000e+03
4.136500000000000000e+03
4.137250000000000000e+03
4.138000000000000000e+03
4.138750000000000000e+03
4.139500000000000000e+03
4.140250000000000000e+03
4.141000000000000000e+03
4.141750000000000000e+03
4.142500000000000000e+03
4.143250000000000000e+03
4.144000000000000000e+03
4.144750000000000000e+03
4.145500000000000000e+03
4.146250000000000000e+03
4.147000000000000000e+03
4.147750000000000000e+03
4.148500000000000000e+03
4.149250000000000000e+03
4.150000000000000000e+03
4.150750000000000000e+03
4.151500000000000000e+03
4.152250000000000000e+03
4.153000000000000000e+03
4.153750000000000000e+03
4.154500000000000000e+03
4.155250000000000000e+03
4.156000000000000000e+03
4.156750000000000000e+03
4.157500000000000000e+03
4.158250000000000000e+03
4.159000000000000000e+03
4.159750000000000000e+03
4.160500000000000000e+03
4.161250000000000000e+03
4.162000000000000000e+03
4.162750000000000000e+03
4.163500000000000000e+03
4.164250000000000000e+03
4.165000000000000000e+03
4.165750000000000000e+03
4.166500000000000000e+03
4.167250000000000000e+03
4.168000000000000000e+03
4.168750000000000000e+03
4.169500000000000000e+03
4.170250000000000000e+03
4.171000000000000000e+03
4.171750000000000000e+03
4.172500000000000000e+03
4.173250000000000000e+03
4.174000000000000000e+03
4.174750000000000000e+03
4.175500000000000000e+03
4.176250000000000000e+03
4.177000000000000000e+03
4.177750000000000000e+03
4.178500000000000000e+03
4.179250000000000000e+03
4.180000000000000000e+03
4.180750000000000000e+03
4.181500000000000000e+03
4.182250000000000000e+03
4.183000000000000000e+03
4.183750000000000000e+03
4.184500000000000000e+03
4.185250000000000000e+03
4.186000000000000000e+03
4.186750000000000000e+03
4.187500000000000000e+03
4.188250000000000000e+03
4.189000000000000000e+03
4.189750000000000000e+03
4.190500000000000000e+03
4.191250000000000000e+03
4.192000000000000000e+03
4.192750000000000000e+03
4.193500000000000000e+03
4.194250000000000000e+03
4.195000000000000000e+03
4.195750000000000000e+03
4.196500000000000000e+03
4.197250000000000000e+03
4.198000000000000000e+03
4.198750000000000000e+03
4.199500000000000000e+03
4.200250000000000000e+03
4.201000000000000000e+03
4.201750000000000000e+03
4.202500000000000000e+03
4.203250000000000000e+03
4.204000000000000000e+03
4.204750000000000000e+03
4.205500000000000000e+03
4.206250000000000000e+03
4.207000000000000000e+03
4.207750000000000000e+03
4.208500000000000000e+03
4.209250000000000000e+03
4.210000000000000000e+03
4.210750000000000000e+03
4.211500000000000000e+03
4.212250000000000000e+03
4.213000000000000000e+03
4.213750000000000000e+03
4.214500000000000000e+03
4.215250000000000000e+03
4.216000000000000000e+03
4.216750000000000000e+03
4.217500000000000000e+03
4.218250000000000000e+03
4.219000000000000000e+03
4.219750000000000000e+03
4.220500000000000000e+03
4.221250000000000000e+03
4.222000000000000000e+03
4.222750000000000000e+03
4.223500000000000000e+03
4.224250000000000000e+03
4.225000000000000000e+03
4.225750000000000000e+03
4.226500000000000000e+03
4.227250000000000000e+03
4.228000000000000000e+03
4.228750000000000000e+03
4.229500000000000000e+03
4.230250000000000000e+03
4.231000000000000000e+03
4.231750000000000000e+03
4.232500000000000000e+03
4.233250000000000000e+03
4.234000000000000000e+03
4.234750000000000000e+03
4.235500000000000000e+03
4.236250000000000000e+03
4.237000000000000000e+03
4.237750000000000000e+03
4.238500000000000000e+03
4.239250000000000000e+03
4.240000000000000000e+03
4.240750000000000000e+03
4.241500000000000000e+03
4.242250000000000000e+03
4.243000000000000000e+03
4.243750000000000000e+03
4.244500000000000000e+03
4.245250000000000000e+03
4.246000000000000000e+03
4.246750000000000000e+03
4.247500000000000000e+03
4.248250000000000000e+03
4.249000000000000000e+03
4.249750000000000000e+03
4.250500000000000000e+03
4.251250000000000000e+03
4.252000000000000000e+03
4.252750000000000000e+03
4.253500000000000000e+03
4.254250000000000000e+03
4.255000000000000000e+03
4.255750000000000000e+03
4.256500000000000000e+03
4.257250000000000000e+03
4.258000000000000000e+03
4.258750000000000000e+03
4.259500000000000000e+03
4.260250000000000000e+03
4.261000000000000000e+03
4.261750000000000000e+03
4.262500000000000000e+03
4.263250000000000000e+03
4.264000000000000000e+03
4.264750000000000000e+03
4.265500000000000000e+03
4.266250000000000000e+03
4.267000000000000000e+03
4.267750000000000000e+03
4.268500000000000000e+03
4.269250000000000000e+03
4.270000000000000000e+03
4.270750000000000000e+03
4.271500000000000000e+03
4.272250000000000000e+03
4.273000000000000000e+03
4.273750000000000000e+03
4.274500000000000000e+03
4.275250000000000000e+03
4.276000000000000000e+03
4.276750000000000000e+03
4.277500000000000000e+03
4.278250000000000000e+03
4.279000000000000000e+03
4.279750000000000000e+03
4.280500000000000000e+03
4.281250000000000000e+03
4.282000000000000000e+03
4.282750000000000000e+03
4.283500000000000000e+03
4.284250000000000000e+03
4.285000000000000000e+03
4.285750000000000000e+03
4.286500000000000000e+03
4.287250000000000000e+03
4.288000000000000000e+03
4.288750000000000000e+03
4.289500000000000000e+03
4.290250000000000000e+03
4.291000000000000000e+03
4.291750000000000000e+03
4.292500000000000000e+03
4.293250000000000000e+03
4.294000000000000000e+03
4.294750000000000000e+03
4.295500000000000000e+03
4.296250000000000000e+03
4.297000000000000000e+03
4.297750000000000000e+03
4.298500000000000000e+03
4.299250000000000000e+03
4.300000000000000000e+03
4.300750000000000000e+03
4.301500000000000000e+03
4.302250000000000000e+03
4.303000000000000000e+03
4.303750000000000000e+03
4.304500000000000000e+03
4.305250000000000000e+03
4.306000000000000000e+03
4.306750000000000000e+03
4.307500000000000000e+03
4.308250000000000000e+03
4.309000000000000000e+03
4.309750000000000000e+03
4.310500000000000000e+03
4.311250000000000000e+03
4.312000000000000000e+03
4.312750000000000000e+03
4.313500000000000000e+03
4.314250000000000000e+03
4.315000000000000000e+03
4.315750000000000000e+03
4.316500000000000000e+03
4.317250000000000000e+03
4.318000000000000000e+03
4.318750000000000000e+03
4.319500000000000000e+03
4.320250000000000000e+03
4.321000000000000000e+03
4.321750000000000000e+03
4.322500000000000000e+03
4.323250000000000000e+03
4.324000000000000000e+03
4.324750000000000000e+03
4.325500000000000000e+03
4.326250000000000000e+03
4.327000000000000000e+03
4.327750000000000000e+03
4.328500000000000000e+03
4.329250000000000000e+03
4.330000000000000000e+03
4.330750000000000000e+03
4.331500000000000000e+03
4.332250000000000000e+03
4.333000000000000000e+03
4.333750000000000000e+03
4.334500000000000000e+03
4.335250000000000000e+03
4.336000000000000000e+03
4.336750000000000000e+03
4.337500000000000000e+03
4.338250000000000000e+03
4.339000000000000000e+03
4.339750000000000000e+03
4.340500000000000000e+03
4.341250000000000000e+03
4.342000000000000000e+03
4.342750000000000000e+03
4.343500000000000000e+03
4.344250000000000000e+03
4.345000000000000000e+03
4.345750000000000000e+03
4.346500000000000000e+03
4.347250000000000000e+03
4.348000000000000000e+03
4.348750000000000000e+03
4.349500000000000000e+03
4.350250000000000000e+03
4.351000000000000000e+03
4.351750000000000000e+03
4.352500000000000000e+03
4.353250000000000000e+03
4.354000000000000000e+03
4.354750000000000000e+03
4.355500000000000000e+03
4.356250000000000000e+03
4.357000000000000000e+03
4.357750000000000000e+03
4.358500000000000000e+03
4.359250000000000000e+03
4.360000000000000000e+03
4.360750000000000000e+03
4.361500000000000000e+03
4.362250000000000000e+03
4.363000000000000000e+03
4.363750000000000000e+03
4.364500000000000000e+03
4.365250000000000000e+03
4.366000000000000000e+03
4.366750000000000000e+03
4.367500000000000000e+03
4.368250000000000000e+03
4.369000000000000000e+03
4.369750000000000000e+03
4.370500000000000000e+03
4.371250000000000000e+03
4.372000000000000000e+03
4.372750000000000000e+03
4.373500000000000000e+03
4.374250000000000000e+03
4.375000000000000000e+03
4.375750000000000000e+03
4.376500000000000000e+03
4.377250000000000000e+03
4.378000000000000000e+03
4.378750000000000000e+03
4.379500000000000000e+03
4.380250000000000000e+03
4.381000000000000000e+03
4.381750000000000000e+03
4.382500000000000000e+03
4.383250000000000000e+03
4.384000000000000000e+03
4.384750000000000000e+03
4.385500000000000000e+03
4.386250000000000000e+03
4.387000000000000000e+03
4.387750000000000000e+03
4.388500000000000000e+03
4.389250000000000000e+03
4.390000000000000000e+03
4.390750000000000000e+03
4.391500000000000000e+03
4.392250000000000000e+03
4.393000000000000000e+03
4.393750000000000000e+03
4.394500000000000000e+03
4.395250000000000000e+03
4.396000000000000000e+03
4.396750000000000000e+03
4.397500000000000000e+03
4.398250000000000000e+03
4.399000000000000000e+03
4.399750000000000000e+03
4.400500000000000000e+03
4.401250000000000000e+03
4.402000000000000000e+03
4.402750000000000000e+03
4.403500000000000000e+03
4.404250000000000000e+03
4.405000000000000000e+03
4.405750000000000000e+03
4.406500000000000000e+03
4.407250000000000000e+03
4.408000000000000000e+03
4.408750000000000000e+03
4.409500000000000000e+03
4.410250000000000000e+03
4.411000000000000000e+03
4.411750000000000000e+03
4.412500000000000000e+03
4.413250000000000000e+03
4.414000000000000000e+03
4.414750000000000000e+03
4.415500000000000000e+03
4.416250000000000000e+03
4.417000000000000000e+03
4.417750000000000000e+03
4.418500000000000000e+03
4.419250000000000000e+03
4.420000000000000000e+03
4.420750000000000000e+03
4.421500000000000000e+03
4.422250000000000000e+03
4.423000000000000000e+03
4.423750000000000000e+03
4.424500000000000000e+03
4.425250000000000000e+03
4.426000000000000000e+03
4.426750000000000000e+03
4.427500000000000000e+03
4.428250000000000000e+03
4.429000000000000000e+03
4.429750000000000000e+03
4.430500000000000000e+03
4.431250000000000000e+03
4.432000000000000000e+03
4.432750000000000000e+03
4.433500000000000000e+03
4.434250000000000000e+03
4.435000000000000000e+03
4.435750000000000000e+03
4.436500000000000000e+03
4.437250000000000000e+03
4.438000000000000000e+03
4.438750000000000000e+03
4.439500000000000000e+03
4.440250000000000000e+03
4.441000000000000000e+03
4.441750000000000000e+03
4.442500000000000000e+03
4.443250000000000000e+03
4.444000000000000000e+03
4.444750000000000000e+03
4.445500000000000000e+03
4.446250000000000000e+03
4.447000000000000000e+03
4.447750000000000000e+03
4.448500000000000000e+03
4.449250000000000000e+03
4.450000000000000000e+03
4.450750000000000000e+03
4.451500000000000000e+03
4.452250000000000000e+03
4.453000000000000000e+03
4.453750000000000000e+03
4.454500000000000000e+03
4.455250000000000000e+03
4.456000000000000000e+03
4.456750000000000000e+03
4.457500000000000000e+03
4.458250000000000000e+03
4.459000000000000000e+03
4.459750000000000000e+03
4.460500000000000000e+03
4.461250000000000000e+03
4.462000000000000000e+03
4.462750000000000000e+03
4.463500000000000000e+03
4.464250000000000000e+03
4.465000000000000000e+03
4.465750000000000000e+03
4.466500000000000000e+03
4.467250000000000000e+03
4.468000000000000000e+03
4.468750000000000000e+03
4.469500000000000000e+03
4.470250000000000000e+03
4.471000000000000000e+03
4.471750000000000000e+03
4.472500000000000000e+03
4.473250000000000000e+03
4.474000000000000000e+03
4.474750000000000000e+03
4.475500000000000000e+03
4.476250000000000000e+03
4.477000000000000000e+03
4.477750000000000000e+03
4.478500000000000000e+03
4.479250000000000000e+03
4.480000000000000000e+03
4.480750000000000000e+03
4.481500000000000000e+03
4.482250000000000000e+03
4.483000000000000000e+03
4.483750000000000000e+03
4.484500000000000000e+03
4.485250000000000000e+03
4.486000000000000000e+03
4.486750000000000000e+03
4.487500000000000000e+03
4.488250000000000000e+03
4.489000000000000000e+03
4.489750000000000000e+03
4.490500000000000000e+03
4.491250000000000000e+03
4.492000000000000000e+03
4.492750000000000000e+03
4.493500000000000000e+03
4.494250000000000000e+03
4.495000000000000000e+03
4.495750000000000000e+03
4.496500000000000000e+03
4.497250000000000000e+03
4.498000000000000000e+03
4.498750000000000000e+03
4.499500000000000000e+03
4.500250000000000000e+03
4.501000000000000000e+03
4.501750000000000000e+03
4.502500000000000000e+03
4.503250000000000000e+03
4.504000000000000000e+03
4.504750000000000000e+03
4.505500000000000000e+03
4.506250000000000000e+03
4.507000000000000000e+03
4.507750000000000000e+03
4.508500000000000000e+03
4.509250000000000000e+03
4.510000000000000000e+03
4.510750000000000000e+03
4.511500000000000000e+03
4.512250000000000000e+03
4.513000000000000000e+03
4.513750000000000000e+03
4.514500000000000000e+03
4.515250000000000000e+03
4.516000000000000000e+03
4.516750000000000000e+03
4.517500000000000000e+03
4.518250000000000000e+03
4.519000000000000000e+03
4.519750000000000000e+03
4.520500000000000000e+03
4.521250000000000000e+03
4.522000000000000000e+03
4.522750000000000000e+03
4.523500000000000000e+03
4.524250000000000000e+03
4.525000000000000000e+03
4.525750000000000000e+03
4.526500000000000000e+03
4.527250000000000000e+03
4.528000000000000000e+03
4.528750000000000000e+03
4.529500000000000000e+03
4.530250000000000000e+03
4.531000000000000000e+03
4.531750000000000000e+03
4.532500000000000000e+03
4.533250000000000000e+03
4.534000000000000000e+03
4.534750000000000000e+03
4.535500000000000000e+03
4.536250000000000000e+03
4.537000000000000000e+03
4.537750000000000000e+03
4.538500000000000000e+03
4.539250000000000000e+03
4.540000000000000000e+03
4.540750000000000000e+03
4.541500000000000000e+03
4.542250000000000000e+03
4.543000000000000000e+03
4.543750000000000000e+03
4.544500000000000000e+03
4.545250000000000000e+03
4.546000000000000000e+03
4.546750000000000000e+03
4.547500000000000000e+03
4.548250000000000000e+03
4.549000000000000000e+03
4.549750000000000000e+03
4.550500000000000000e+03
4.551250000000000000e+03
4.552000000000000000e+03
4.552750000000000000e+03
4.553500000000000000e+03
4.554250000000000000e+03
4.555000000000000000e+03
4.555750000000000000e+03
4.556500000000000000e+03
4.557250000000000000e+03
4.558000000000000000e+03
4.558750000000000000e+03
4.559500000000000000e+03
4.560250000000000000e+03
4.561000000000000000e+03
4.561750000000000000e+03
4.562500000000000000e+03
4.563250000000000000e+03
4.564000000000000000e+03
4.564750000000000000e+03
4.565500000000000000e+03
4.566250000000000000e+03
4.567000000000000000e+03
4.567750000000000000e+03
4.568500000000000000e+03
4.569250000000000000e+03
4.570000000000000000e+03
4.570750000000000000e+03
4.571500000000000000e+03
4.572250000000000000e+03
4.573000000000000000e+03
4.573750000000000000e+03
4.574500000000000000e+03
4.575250000000000000e+03
4.576000000000000000e+03
4.576750000000000000e+03
4.577500000000000000e+03
4.578250000000000000e+03
4.579000000000000000e+03
4.579750000000000000e+03
4.580500000000000000e+03
4.581250000000000000e+03
4.582000000000000000e+03
4.582750000000000000e+03
4.583500000000000000e+03
4.584250000000000000e+03
4.585000000000000000e+03
4.585750000000000000e+03
4.586500000000000000e+03
4.587250000000000000e+03
4.588000000000000000e+03
4.588750000000000000e+03
4.589500000000000000e+03
4.590250000000000000e+03
4.591000000000000000e+03
4.591750000000000000e+03
4.592500000000000000e+03
4.593250000000000000e+03
4.594000000000000000e+03
4.594750000000000000e+03
4.595500000000000000e+03
4.596250000000000000e+03
4.597000000000000000e+03
4.597750000000000000e+03
4.598500000000000000e+03
4.599250000000000000e+03
4.600000000000000000e+03
4.600750000000000000e+03
4.601500000000000000e+03
4.602250000000000000e+03
4.603000000000000000e+03
4.603750000000000000e+03
4.604500000000000000e+03
4.605250000000000000e+03
4.606000000000000000e+03
4.606750000000000000e+03
4.607500000000000000e+03
4.608250000000000000e+03
4.609000000000000000e+03
4.609750000000000000e+03
4.610500000000000000e+03
4.611250000000000000e+03
4.612000000000000000e+03
4.612750000000000000e+03
4.613500000000000000e+03
4.614250000000000000e+03
4.615000000000000000e+03
4.615750000000000000e+03
4.616500000000000000e+03
4.617250000000000000e+03
4.618000000000000000e+03
4.618750000000000000e+03
4.619500000000000000e+03
4.620250000000000000e+03
4.621000000000000000e+03
4.621750000000000000e+03
4.622500000000000000e+03
4.623250000000000000e+03
4.624000000000000000e+03
4.624750000000000000e+03
4.625500000000000000e+03
4.626250000000000000e+03
4.627000000000000000e+03
4.627750000000000000e+03
4.628500000000000000e+03
4.629250000000000000e+03
4.630000000000000000e+03
4.630750000000000000e+03
4.631500000000000000e+03
4.632250000000000000e+03
4.633000000000000000e+03
4.633750000000000000e+03
4.634500000000000000e+03
4.635250000000000000e+03
4.636000000000000000e+03
4.636750000000000000e+03
4.637500000000000000e+03
4.638250000000000000e+03
4.639000000000000000e+03
4.639750000000000000e+03
4.640500000000000000e+03
4.641250000000000000e+03
4.642000000000000000e+03
4.642750000000000000e+03
4.643500000000000000e+03
4.644250000000000000e+03
4.645000000000000000e+03
4.645750000000000000e+03
4.646500000000000000e+03
4.647250000000000000e+03
4.648000000000000000e+03
4.648750000000000000e+03
4.649500000000000000e+03
4.650250000000000000e+03
4.651000000000000000e+03
4.651750000000000000e+03
4.652500000000000000e+03
4.653250000000000000e+03
4.654000000000000000e+03
4.654750000000000000e+03
4.655500000000000000e+03
4.656250000000000000e+03
4.657000000000000000e+03
4.657750000000000000e+03
4.658500000000000000e+03
4.659250000000000000e+03
4.660000000000000000e+03
4.660750000000000000e+03
4.661500000000000000e+03
4.662250000000000000e+03
4.663000000000000000e+03
4.663750000000000000e+03
4.664500000000000000e+03
4.665250000000000000e+03
4.666000000000000000e+03
4.666750000000000000e+03
4.667500000000000000e+03
4.668250000000000000e+03
4.669000000000000000e+03
4.669750000000000000e+03
4.670500000000000000e+03
4.671250000000000000e+03
4.672000000000000000e+03
4.672750000000000000e+03
4.673500000000000000e+03
4.674250000000000000e+03
4.675000000000000000e+03
4.675750000000000000e+03
4.676500000000000000e+03
4.677250000000000000e+03
4.678000000000000000e+03
4.678750000000000000e+03
4.679500000000000000e+03
4.680250000000000000e+03
4.681000000000000000e+03
4.681750000000000000e+03
4.682500000000000000e+03
4.683250000000000000e+03
4.684000000000000000e+03
4.684750000000000000e+03
4.685500000000000000e+03
4.686250000000000000e+03
4.687000000000000000e+03
4.687750000000000000e+03
4.688500000000000000e+03
4.689250000000000000e+03
4.690000000000000000e+03
4.690750000000000000e+03
4.691500000000000000e+03
4.692250000000000000e+03
4.693000000000000000e+03
4.693750000000000000e+03
4.694500000000000000e+03
4.695250000000000000e+03
4.696000000000000000e+03
4.696750000000000000e+03
4.697500000000000000e+03
4.698250000000000000e+03
4.699000000000000000e+03
4.699750000000000000e+03
4.700500000000000000e+03
4.701250000000000000e+03
4.702000000000000000e+03
4.702750000000000000e+03
4.703500000000000000e+03
4.704250000000000000e+03
4.705000000000000000e+03
4.705750000000000000e+03
4.706500000000000000e+03
4.707250000000000000e+03
4.708000000000000000e+03
4.708750000000000000e+03
4.709500000000000000e+03
4.710250000000000000e+03
4.711000000000000000e+03
4.711750000000000000e+03
4.712500000000000000e+03
4.713250000000000000e+03
4.714000000000000000e+03
4.714750000000000000e+03
4.715500000000000000e+03
4.716250000000000000e+03
4.717000000000000000e+03
4.717750000000000000e+03
4.718500000000000000e+03
4.719250000000000000e+03
4.720000000000000000e+03
4.720750000000000000e+03
4.721500000000000000e+03
4.722250000000000000e+03
4.723000000000000000e+03
4.723750000000000000e+03
4.724500000000000000e+03
4.725250000000000000e+03
4.726000000000000000e+03
4.726750000000000000e+03
4.727500000000000000e+03
4.728250000000000000e+03
4.729000000000000000e+03
4.729750000000000000e+03
4.730500000000000000e+03
4.731250000000000000e+03
4.732000000000000000e+03
4.732750000000000000e+03
4.733500000000000000e+03
4.734250000000000000e+03
4.735000000000000000e+03
4.735750000000000000e+03
4.736500000000000000e+03
4.737250000000000000e+03
4.738000000000000000e+03
4.738750000000000000e+03
4.739500000000000000e+03
4.740250000000000000e+03
4.741000000000000000e+03
4.741750000000000000e+03
4.742500000000000000e+03
4.743250000000000000e+03
4.744000000000000000e+03
4.744750000000000000e+03
4.745500000000000000e+03
4.746250000000000000e+03
4.747000000000000000e+03
4.747750000000000000e+03
4.748500000000000000e+03
4.749250000000000000e+03
4.750000000000000000e+03
4.750750000000000000e+03
4.751500000000000000e+03
4.752250000000000000e+03
4.753000000000000000e+03
4.753750000000000000e+03
4.754500000000000000e+03
4.755250000000000000e+03
4.756000000000000000e+03
4.756750000000000000e+03
4.757500000000000000e+03
4.758250000000000000e+03
4.759000000000000000e+03
4.759750000000000000e+03
4.760500000000000000e+03
4.761250000000000000e+03
4.762000000000000000e+03
4.762750000000000000e+03
4.763500000000000000e+03
4.764250000000000000e+03
4.765000000000000000e+03
4.765750000000000000e+03
4.766500000000000000e+03
4.767250000000000000e+03
4.768000000000000000e+03
4.768750000000000000e+03
4.769500000000000000e+03
4.770250000000000000e+03
4.771000000000000000e+03
4.771750000000000000e+03
4.772500000000000000e+03
4.773250000000000000e+03
4.774000000000000000e+03
4.774750000000000000e+03
4.775500000000000000e+03
4.776250000000000000e+03
4.777000000000000000e+03
4.777750000000000000e+03
4.778500000000000000e+03
4.779250000000000000e+03
4.780000000000000000e+03
4.780750000000000000e+03
4.781500000000000000e+03
4.782250000000000000e+03
4.783000000000000000e+03
4.783750000000000000e+03
4.784500000000000000e+03
4.785250000000000000e+03
4.786000000000000000e+03
4.786750000000000000e+03
4.787500000000000000e+03
4.788250000000000000e+03
4.789000000000000000e+03
4.789750000000000000e+03
4.790500000000000000e+03
4.791250000000000000e+03
4.792000000000000000e+03
4.792750000000000000e+03
4.793500000000000000e+03
4.794250000000000000e+03
4.795000000000000000e+03
4.795750000000000000e+03
4.796500000000000000e+03
4.797250000000000000e+03
4.798000000000000000e+03
4.798750000000000000e+03
4.799500000000000000e+03
4.800250000000000000e+03
4.801000000000000000e+03
4.801750000000000000e+03
4.802500000000000000e+03
4.803250000000000000e+03
4.804000000000000000e+03
4.804750000000000000e+03
4.805500000000000000e+03
4.806250000000000000e+03
4.807000000000000000e+03
4.807750000000000000e+03
4.808500000000000000e+03
4.809250000000000000e+03
4.810000000000000000e+03
4.810750000000000000e+03
4.811500000000000000e+03
4.812250000000000000e+03
4.813000000000000000e+03
4.813750000000000000e+03
4.814500000000000000e+03
4.815250000000000000e+03
4.816000000000000000e+03
4.816750000000000000e+03
4.817500000000000000e+03
4.818250000000000000e+03
4.819000000000000000e+03
4.819750000000000000e+03
4.820500000000000000e+03
4.821250000000000000e+03
4.822000000000000000e+03
4.822750000000000000e+03
4.823500000000000000e+03
4.824250000000000000e+03
4.825000000000000000e+03
4.825750000000000000e+03
4.826500000000000000e+03
4.827250000000000000e+03
4.828000000000000000e+03
4.828750000000000000e+03
4.829500000000000000e+03
4.830250000000000000e+03
4.831000000000000000e+03
4.831750000000000000e+03
4.832500000000000000e+03
4.833250000000000000e+03
4.834000000000000000e+03
4.834750000000000000e+03
4.835500000000000000e+03
4.836250000000000000e+03
4.837000000000000000e+03
4.837750000000000000e+03
4.838500000000000000e+03
4.839250000000000000e+03
4.840000000000000000e+03
4.840750000000000000e+03
4.841500000000000000e+03
4.842250000000000000e+03
4.843000000000000000e+03
4.843750000000000000e+03
4.844500000000000000e+03
4.845250000000000000e+03
4.846000000000000000e+03
4.846750000000000000e+03
4.847500000000000000e+03
4.848250000000000000e+03
4.849000000000000000e+03
4.849750000000000000e+03
4.850500000000000000e+03
4.851250000000000000e+03
4.852000000000000000e+03
4.852750000000000000e+03
4.853500000000000000e+03
4.854250000000000000e+03
4.855000000000000000e+03
4.855750000000000000e+03
4.856500000000000000e+03
4.857250000000000000e+03
4.858000000000000000e+03
4.858750000000000000e+03
4.859500000000000000e+03
4.860250000000000000e+03
4.861000000000000000e+03
4.861750000000000000e+03
4.862500000000000000e+03
4.863250000000000000e+03
4.864000000000000000e+03
4.864750000000000000e+03
4.865500000000000000e+03
4.866250000000000000e+03
4.867000000000000000e+03
4.867750000000000000e+03
4.868500000000000000e+03
4.869250000000000000e+03
4.870000000000000000e+03
4.870750000000000000e+03
4.871500000000000000e+03
4.872250000000000000e+03
4.873000000000000000e+03
4.873750000000000000e+03
4.874500000000000000e+03
4.875250000000000000e+03
4.876000000000000000e+03
4.876750000000000000e+03
4.877500000000000000e+03
4.878250000000000000e+03
4.879000000000000000e+03
4.879750000000000000e+03
4.880500000000000000e+03
4.881250000000000000e+03
4.882000000000000000e+03
4.882750000000000000e+03
4.883500000000000000e+03
4.884250000000000000e+03
4.885000000000000000e+03
4.885750000000000000e+03
4.886500000000000000e+03
4.887250000000000000e+03
4.888000000000000000e+03
4.888750000000000000e+03
4.889500000000000000e+03
4.890250000000000000e+03
4.891000000000000000e+03
4.891750000000000000e+03
4.892500000000000000e+03
4.893250000000000000e+03
4.894000000000000000e+03
4.894750000000000000e+03
4.895500000000000000e+03
4.896250000000000000e+03
4.897000000000000000e+03
4.897750000000000000e+03
4.898500000000000000e+03
4.899250000000000000e+03
4.900000000000000000e+03
4.900750000000000000e+03
4.901500000000000000e+03
4.902250000000000000e+03
4.903000000000000000e+03
4.903750000000000000e+03
4.904500000000000000e+03
4.905250000000000000e+03
4.906000000000000000e+03
4.906750000000000000e+03
4.907500000000000000e+03
4.908250000000000000e+03
4.909000000000000000e+03
4.909750000000000000e+03
4.910500000000000000e+03
4.911250000000000000e+03
4.912000000000000000e+03
4.912750000000000000e+03
4.913500000000000000e+03
4.914250000000000000e+03
4.915000000000000000e+03
4.915750000000000000e+03
4.916500000000000000e+03
4.917250000000000000e+03
4.918000000000000000e+03
4.918750000000000000e+03
4.919500000000000000e+03
4.920250000000000000e+03
4.921000000000000000e+03
4.921750000000000000e+03
4.922500000000000000e+03
4.923250000000000000e+03
4.924000000000000000e+03
4.924750000000000000e+03
4.925500000000000000e+03
4.926250000000000000e+03
4.927000000000000000e+03
4.927750000000000000e+03
4.928500000000000000e+03
4.929250000000000000e+03
4.930000000000000000e+03
4.930750000000000000e+03
4.931500000000000000e+03
4.932250000000000000e+03
4.933000000000000000e+03
4.933750000000000000e+03
4.934500000000000000e+03
4.935250000000000000e+03
4.936000000000000000e+03
4.936750000000000000e+03
4.937500000000000000e+03
4.938250000000000000e+03
4.939000000000000000e+03
4.939750000000000000e+03
4.940500000000000000e+03
4.941250000000000000e+03
4.942000000000000000e+03
4.942750000000000000e+03
4.943500000000000000e+03
4.944250000000000000e+03
4.945000000000000000e+03
4.945750000000000000e+03
4.946500000000000000e+03
4.947250000000000000e+03
4.948000000000000000e+03
4.948750000000000000e+03
4.949500000000000000e+03
4.950250000000000000e+03
4.951000000000000000e+03
4.951750000000000000e+03
4.952500000000000000e+03
4.953250000000000000e+03
4.954000000000000000e+03
4.954750000000000000e+03
4.955500000000000000e+03
4.956250000000000000e+03
4.957000000000000000e+03
4.957750000000000000e+03
4.958500000000000000e+03
4.959250000000000000e+03
4.960000000000000000e+03
4.960750000000000000e+03
4.961500000000000000e+03
4.962250000000000000e+03
4.963000000000000000e+03
4.963750000000000000e+03
4.964500000000000000e+03
4.965250000000000000e+03
4.966000000000000000e+03
4.966750000000000000e+03
4.967500000000000000e+03
4.968250000000000000e+03
4.969000000000000000e+03
4.969750000000000000e+03
4.970500000000000000e+03
4.971250000000000000e+03
4.972000000000000000e+03
4.972750000000000000e+03
4.973500000000000000e+03
4.974250000000000000e+03
4.975000000000000000e+03
4.975750000000000000e+03
4.976500000000000000e+03
4.977250000000000000e+03
4.978000000000000000e+03
4.978750000000000000e+03
4.979500000000000000e+03
4.980250000000000000e+03
4.981000000000000000e+03
4.981750000000000000e+03
4.982500000000000000e+03
4.983250000000000000e+03
4.984000000000000000e+03
4.984750000000000000e+03
4.985500000000000000e+03
4.986250000000000000e+03
4.987000000000000000e+03
4.987750000000000000e+03
4.988500000000000000e+03
4.989250000000000000e+03
4.990000000000000000e+03
4.990750000000000000e+03
4.991500000000000000e+03
4.992250000000000000e+03
4.993000000000000000e+03
4.993750000000000000e+03
4.994500000000000000e+03
4.995250000000000000e+03
4.996000000000000000e+03
4.996750000000000000e+03
4.997500000000000000e+03
4.998250000000000000e+03
4.999000000000000000e+03
4.999750000000000000e+03
5.000500000000000000e+03
5.001250000000000000e+03
5.002000000000000000e+03
5.002750000000000000e+03
5.003500000000000000e+03
5.004250000000000000e+03
5.005000000000000000e+03
5.005750000000000000e+03
5.006500000000000000e+03
5.007250000000000000e+03
5.008000000000000000e+03
5.008750000000000000e+03
5.009500000000000000e+03
5.010250000000000000e+03
5.011000000000000000e+03
5.011750000000000000e+03
5.012500000000000000e+03
5.013250000000000000e+03
5.014000000000000000e+03
5.014750000000000000e+03
5.015500000000000000e+03
5.016250000000000000e+03
5.017000000000000000e+03
5.017750000000000000e+03
5.018500000000000000e+03
5.019250000000000000e+03
5.020000000000000000e+03
5.020750000000000000e+03
5.021500000000000000e+03
5.022250000000000000e+03
5.023000000000000000e+03
5.023750000000000000e+03
5.024500000000000000e+03
5.025250000000000000e+03
5.026000000000000000e+03
5.026750000000000000e+03
5.027500000000000000e+03
5.028250000000000000e+03
5.029000000000000000e+03
5.029750000000000000e+03
5.030500000000000000e+03
5.031250000000000000e+03
5.032000000000000000e+03
5.032750000000000000e+03
5.033500000000000000e+03
5.034250000000000000e+03
5.035000000000000000e+03
5.035750000000000000e+03
5.036500000000000000e+03
5.037250000000000000e+03
5.038000000000000000e+03
5.038750000000000000e+03
5.039500000000000000e+03
5.040250000000000000e+03
5.041000000000000000e+03
5.041750000000000000e+03
5.042500000000000000e+03
5.043250000000000000e+03
5.044000000000000000e+03
5.044750000000000000e+03
5.045500000000000000e+03
5.046250000000000000e+03
5.047000000000000000e+03
5.047750000000000000e+03
5.048500000000000000e+03
5.049250000000000000e+03
5.050000000000000000e+03
5.050750000000000000e+03
5.051500000000000000e+03
5.052250000000000000e+03
5.053000000000000000e+03
5.053750000000000000e+03
5.054500000000000000e+03
5.055250000000000000e+03
5.056000000000000000e+03
5.056750000000000000e+03
5.057500000000000000e+03
5.058250000000000000e+03
5.059000000000000000e+03
5.059750000000000000e+03
5.060500000000000000e+03
5.061250000000000000e+03
5.062000000000000000e+03
5.062750000000000000e+03
5.063500000000000000e+03
5.064250000000000000e+03
5.065000000000000000e+03
5.065750000000000000e+03
5.066500000000000000e+03
5.067250000000000000e+03
5.068000000000000000e+03
5.068750000000000000e+03
5.069500000000000000e+03
5.070250000000000000e+03
5.071000000000000000e+03
5.071750000000000000e+03
5.072500000000000000e+03
5.073250000000000000e+03
5.074000000000000000e+03
5.074750000000000000e+03
5.075500000000000000e+03
5.076250000000000000e+03
5.077000000000000000e+03
5.077750000000000000e+03
5.078500000000000000e+03
5.079250000000000000e+03
5.080000000000000000e+03
5.080750000000000000e+03
5.081500000000000000e+03
5.082250000000000000e+03
5.083000000000000000e+03
5.083750000000000000e+03
5.084500000000000000e+03
5.085250000000000000e+03
5.086000000000000000e+03
5.086750000000000000e+03
5.087500000000000000e+03
5.088250000000000000e+03
5.089000000000000000e+03
5.089750000000000000e+03
5.090500000000000000e+03
5.091250000000000000e+03
5.092000000000000000e+03
5.092750000000000000e+03
5.093500000000000000e+03
5.094250000000000000e+03
5.095000000000000000e+03
5.095750000000000000e+03
5.096500000000000000e+03
5.097250000000000000e+03
5.098000000000000000e+03
5.098750000000000000e+03
5.099500000000000000e+03
5.100250000000000000e+03
5.101000000000000000e+03
5.101750000000000000e+03
5.102500000000000000e+03
5.103250000000000000e+03
5.104000000000000000e+03
5.104750000000000000e+03
5.105500000000000000e+03
5.106250000000000000e+03
5.107000000000000000e+03
5.107750000000000000e+03
5.108500000000000000e+03
5.109250000000000000e+03
5.110000000000000000e+03
5.110750000000000000e+03
5.111500000000000000e+03
5.112250000000000000e+03
5.113000000000000000e+03
5.113750000000000000e+03
5.114500000000000000e+03
5.115250000000000000e+03
5.116000000000000000e+03
5.116750000000000000e+03
5.117500000000000000e+03
5.118250000000000000e+03
5.119000000000000000e+03
5.119750000000000000e+03
5.120500000000000000e+03
5.121250000000000000e+03
5.122000000000000000e+03
5.122750000000000000e+03
5.123500000000000000e+03
5.124250000000000000e+03
5.125000000000000000e+03
5.125750000000000000e+03
5.126500000000000000e+03
5.127250000000000000e+03
5.128000000000000000e+03
5.128750000000000000e+03
5.129500000000000000e+03
5.130250000000000000e+03
5.131000000000000000e+03
5.131750000000000000e+03
5.132500000000000000e+03
5.133250000000000000e+03
5.134000000000000000e+03
5.134750000000000000e+03
5.135500000000000000e+03
5.136250000000000000e+03
5.137000000000000000e+03
5.137750000000000000e+03
5.138500000000000000e+03
5.139250000000000000e+03
5.140000000000000000e+03
5.140750000000000000e+03
5.141500000000000000e+03
5.142250000000000000e+03
5.143000000000000000e+03
5.143750000000000000e+03
5.144500000000000000e+03
5.145250000000000000e+03
5.146000000000000000e+03
5.146750000000000000e+03
5.147500000000000000e+03
5.148250000000000000e+03
5.149000000000000000e+03
5.149750000000000000e+03
5.150500000000000000e+03
5.151250000000000000e+03
5.152000000000000000e+03
5.152750000000000000e+03
5.153500000000000000e+03
5.154250000000000000e+03
5.155000000000000000e+03
5.155750000000000000e+03
5.156500000000000000e+03
5.157250000000000000e+03
5.158000000000000000e+03
5.158750000000000000e+03
5.159500000000000000e+03
5.160250000000000000e+03
5.161000000000000000e+03
5.161750000000000000e+03
5.162500000000000000e+03
5.163250000000000000e+03
5.164000000000000000e+03
5.164750000000000000e+03
5.165500000000000000e+03
5.166250000000000000e+03
5.167000000000000000e+03
5.167750000000000000e+03
5.168500000000000000e+03
5.169250000000000000e+03
5.170000000000000000e+03
5.170750000000000000e+03
5.171500000000000000e+03
5.172250000000000000e+03
5.173000000000000000e+03
5.173750000000000000e+03
5.174500000000000000e+03
5.175250000000000000e+03
5.176000000000000000e+03
5.176750000000000000e+03
5.177500000000000000e+03
5.178250000000000000e+03
5.179000000000000000e+03
5.179750000000000000e+03
5.180500000000000000e+03
5.181250000000000000e+03
5.182000000000000000e+03
5.182750000000000000e+03
5.183500000000000000e+03
5.184250000000000000e+03
5.185000000000000000e+03
5.185750000000000000e+03
5.186500000000000000e+03
5.187250000000000000e+03
5.188000000000000000e+03
5.188750000000000000e+03
5.189500000000000000e+03
5.190250000000000000e+03
5.191000000000000000e+03
5.191750000000000000e+03
5.192500000000000000e+03
5.193250000000000000e+03
5.194000000000000000e+03
5.194750000000000000e+03
5.195500000000000000e+03
5.196250000000000000e+03
5.197000000000000000e+03
5.197750000000000000e+03
5.198500000000000000e+03
5.199250000000000000e+03
5.200000000000000000e+03
5.200750000000000000e+03
5.201500000000000000e+03
5.202250000000000000e+03
5.203000000000000000e+03
5.203750000000000000e+03
5.204500000000000000e+03
5.205250000000000000e+03
5.206000000000000000e+03
5.206750000000000000e+03
5.207500000000000000e+03
5.208250000000000000e+03
5.209000000000000000e+03
5.209750000000000000e+03
5.210500000000000000e+03
5.211250000000000000e+03
5.212000000000000000e+03
5.212750000000000000e+03
5.213500000000000000e+03
5.214250000000000000e+03
5.215000000000000000e+03
5.215750000000000000e+03
5.216500000000000000e+03
5.217250000000000000e+03
5.218000000000000000e+03
5.218750000000000000e+03
5.219500000000000000e+03
5.220250000000000000e+03
5.221000000000000000e+03
5.221750000000000000e+03
5.222500000000000000e+03
5.223250000000000000e+03
5.224000000000000000e+03
5.224750000000000000e+03
5.225500000000000000e+03
5.226250000000000000e+03
5.227000000000000000e+03
5.227750000000000000e+03
5.228500000000000000e+03
5.229250000000000000e+03
5.230000000000000000e+03
5.230750000000000000e+03
5.231500000000000000e+03
5.232250000000000000e+03
5.233000000000000000e+03
5.233750000000000000e+03
5.234500000000000000e+03
5.235250000000000000e+03
5.236000000000000000e+03
5.236750000000000000e+03
5.237500000000000000e+03
5.238250000000000000e+03
5.239000000000000000e+03
5.239750000000000000e+03
5.240500000000000000e+03
5.241250000000000000e+03
5.242000000000000000e+03
5.242750000000000000e+03
5.243500000000000000e+03
5.244250000000000000e+03
5.245000000000000000e+03
5.245750000000000000e+03
5.246500000000000000e+03
5.247250000000000000e+03
5.248000000000000000e+03
5.248750000000000000e+03
5.249500000000000000e+03
5.250250000000000000e+03
5.251000000000000000e+03
5.251750000000000000e+03
5.252500000000000000e+03
5.253250000000000000e+03
5.254000000000000000e+03
5.254750000000000000e+03
5.255500000000000000e+03
5.256250000000000000e+03
5.257000000000000000e+03
5.257750000000000000e+03
5.258500000000000000e+03
5.259250000000000000e+03
5.260000000000000000e+03
5.260750000000000000e+03
5.261500000000000000e+03
5.262250000000000000e+03
5.263000000000000000e+03
5.263750000000000000e+03
5.264500000000000000e+03
5.265250000000000000e+03
5.266000000000000000e+03
5.266750000000000000e+03
5.267500000000000000e+03
5.268250000000000000e+03
5.269000000000000000e+03
5.269750000000000000e+03
5.270500000000000000e+03
5.271250000000000000e+03
5.272000000000000000e+03
5.272750000000000000e+03
5.273500000000000000e+03
5.274250000000000000e+03
5.275000000000000000e+03
5.275750000000000000e+03
5.276500000000000000e+03
5.277250000000000000e+03
5.278000000000000000e+03
5.278750000000000000e+03
5.279500000000000000e+03
5.280250000000000000e+03
5.281000000000000000e+03
5.281750000000000000e+03
5.282500000000000000e+03
5.283250000000000000e+03
5.284000000000000000e+03
5.284750000000000000e+03
5.285500000000000000e+03
5.286250000000000000e+03
5.287000000000000000e+03
5.287750000000000000e+03
5.288500000000000000e+03
5.289250000000000000e+03
5.290000000000000000e+03
5.290750000000000000e+03
5.291500000000000000e+03
5.292250000000000000e+03
5.293000000000000000e+03
5.293750000000000000e+03
5.294500000000000000e+03
5.295250000000000000e+03
5.296000000000000000e+03
5.296750000000000000e+03
5.297500000000000000e+03
5.298250000000000000e+03
5.299000000000000000e+03
5.299750000000000000e+03
5.300500000000000000e+03
5.301250000000000000e+03
5.302000000000000000e+03
5.302750000000000000e+03
5.303500000000000000e+03
5.304250000000000000e+03
5.305000000000000000e+03
5.305750000000000000e+03
5.306500000000000000e+03
5.307250000000000000e+03
5.308000000000000000e+03
5.308750000000000000e+03
5.309500000000000000e+03
5.310250000000000000e+03
5.311000000000000000e+03
5.311750000000000000e+03
5.312500000000000000e+03
5.313250000000000000e+03
5.314000000000000000e+03
5.314750000000000000e+03
5.315500000000000000e+03
5.316250000000000000e+03
5.317000000000000000e+03
5.317750000000000000e+03
5.318500000000000000e+03
5.319250000000000000e+03
5.320000000000000000e+03
5.320750000000000000e+03
5.321500000000000000e+03
5.322250000000000000e+03
5.323000000000000000e+03
5.323750000000000000e+03
5.324500000000000000e+03
5.325250000000000000e+03
5.326000000000000000e+03
5.326750000000000000e+03
5.327500000000000000e+03
5.328250000000000000e+03
5.329000000000000000e+03
5.329750000000000000e+03
5.330500000000000000e+03
5.331250000000000000e+03
5.332000000000000000e+03
5.332750000000000000e+03
5.333500000000000000e+03
5.334250000000000000e+03
5.335000000000000000e+03
5.335750000000000000e+03
5.336500000000000000e+03
5.337250000000000000e+03
5.338000000000000000e+03
5.338750000000000000e+03
5.339500000000000000e+03
5.340250000000000000e+03
5.341000000000000000e+03
5.341750000000000000e+03
5.342500000000000000e+03
5.343250000000000000e+03
5.344000000000000000e+03
5.344750000000000000e+03
5.345500000000000000e+03
5.346250000000000000e+03
5.347000000000000000e+03
5.347750000000000000e+03
5.348500000000000000e+03
5.349250000000000000e+03
5.350000000000000000e+03
5.350750000000000000e+03
5.351500000000000000e+03
5.352250000000000000e+03
5.353000000000000000e+03
5.353750000000000000e+03
5.354500000000000000e+03
5.355250000000000000e+03
5.356000000000000000e+03
5.356750000000000000e+03
5.357500000000000000e+03
5.358250000000000000e+03
5.359000000000000000e+03
5.359750000000000000e+03
5.360500000000000000e+03
5.361250000000000000e+03
5.362000000000000000e+03
5.362750000000000000e+03
5.363500000000000000e+03
5.364250000000000000e+03
5.365000000000000000e+03
5.365750000000000000e+03
5.366500000000000000e+03
5.367250000000000000e+03
5.368000000000000000e+03
5.368750000000000000e+03
5.369500000000000000e+03
5.370250000000000000e+03
5.371000000000000000e+03
5.371750000000000000e+03
5.372500000000000000e+03
5.373250000000000000e+03
5.374000000000000000e+03
5.374750000000000000e+03
5.375500000000000000e+03
5.376250000000000000e+03
5.377000000000000000e+03
5.377750000000000000e+03
5.378500000000000000e+03
5.379250000000000000e+03
5.380000000000000000e+03
5.380750000000000000e+03
5.381500000000000000e+03
5.382250000000000000e+03
5.383000000000000000e+03
5.383750000000000000e+03
5.384500000000000000e+03
5.385250000000000000e+03
5.386000000000000000e+03
5.386750000000000000e+03
5.387500000000000000e+03
5.388250000000000000e+03
5.389000000000000000e+03
5.389750000000000000e+03
5.390500000000000000e+03
5.391250000000000000e+03
5.392000000000000000e+03
5.392750000000000000e+03
5.393500000000000000e+03
5.394250000000000000e+03
5.395000000000000000e+03
5.395750000000000000e+03
5.396500000000000000e+03
5.397250000000000000e+03
5.398000000000000000e+03
5.398750000000000000e+03
5.399500000000000000e+03
5.400250000000000000e+03
5.401000000000000000e+03
5.401750000000000000e+03
5.402500000000000000e+03
5.403250000000000000e+03
5.404000000000000000e+03
5.404750000000000000e+03
5.405500000000000000e+03
5.406250000000000000e+03
5.407000000000000000e+03
5.407750000000000000e+03
5.408500000000000000e+03
5.409250000000000000e+03
5.410000000000000000e+03
5.410750000000000000e+03
5.411500000000000000e+03
5.412250000000000000e+03
5.413000000000000000e+03
5.413750000000000000e+03
5.414500000000000000e+03
5.415250000000000000e+03
5.416000000000000000e+03
5.416750000000000000e+03
5.417500000000000000e+03
5.418250000000000000e+03
5.419000000000000000e+03
5.419750000000000000e+03
5.420500000000000000e+03
5.421250000000000000e+03
5.422000000000000000e+03
5.422750000000000000e+03
5.423500000000000000e+03
5.424250000000000000e+03
5.425000000000000000e+03
5.425750000000000000e+03
5.426500000000000000e+03
5.427250000000000000e+03
5.428000000000000000e+03
5.428750000000000000e+03
5.429500000000000000e+03
5.430250000000000000e+03
5.431000000000000000e+03
5.431750000000000000e+03
5.432500000000000000e+03
5.433250000000000000e+03
5.434000000000000000e+03
5.434750000000000000e+03
5.435500000000000000e+03
5.436250000000000000e+03
5.437000000000000000e+03
5.437750000000000000e+03
5.438500000000000000e+03
5.439250000000000000e+03
5.440000000000000000e+03
5.440750000000000000e+03
5.441500000000000000e+03
5.442250000000000000e+03
5.443000000000000000e+03
5.443750000000000000e+03
5.444500000000000000e+03
5.445250000000000000e+03
5.446000000000000000e+03
5.446750000000000000e+03
5.447500000000000000e+03
5.448250000000000000e+03
5.449000000000000000e+03
5.449750000000000000e+03
5.450500000000000000e+03
5.451250000000000000e+03
5.452000000000000000e+03
5.452750000000000000e+03
5.453500000000000000e+03
5.454250000000000000e+03
5.455000000000000000e+03
5.455750000000000000e+03
5.456500000000000000e+03
5.457250000000000000e+03
5.458000000000000000e+03
5.458750000000000000e+03
5.459500000000000000e+03
5.460250000000000000e+03
5.461000000000000000e+03
5.461750000000000000e+03
5.462500000000000000e+03
5.463250000000000000e+03
5.464000000000000000e+03
5.464750000000000000e+03
5.465500000000000000e+03
5.466250000000000000e+03
5.467000000000000000e+03
5.467750000000000000e+03
5.468500000000000000e+03
5.469250000000000000e+03
5.470000000000000000e+03
5.470750000000000000e+03
5.471500000000000000e+03
5.472250000000000000e+03
5.473000000000000000e+03
5.473750000000000000e+03
5.474500000000000000e+03
5.475250000000000000e+03
5.476000000000000000e+03
5.476750000000000000e+03
5.477500000000000000e+03
5.478250000000000000e+03
5.479000000000000000e+03
5.479750000000000000e+03
5.480500000000000000e+03
5.481250000000000000e+03
5.482000000000000000e+03
5.482750000000000000e+03
5.483500000000000000e+03
5.484250000000000000e+03
5.485000000000000000e+03
5.485750000000000000e+03
5.486500000000000000e+03
5.487250000000000000e+03
5.488000000000000000e+03
5.488750000000000000e+03
5.489500000000000000e+03
5.490250000000000000e+03
5.491000000000000000e+03
5.491750000000000000e+03
5.492500000000000000e+03
5.493250000000000000e+03
5.494000000000000000e+03
5.494750000000000000e+03
5.495500000000000000e+03
5.496250000000000000e+03
5.497000000000000000e+03
5.497750000000000000e+03
5.498500000000000000e+03
5.499250000000000000e+03
5.500000000000000000e+03
