4.000000000000000000e+03
3.999999999949167432e+03
4.000000000029490366e+03
4.000000000032045136e+03
4.000000000077975528e+03
4.000000000041720796e+03
4.000000000049516984e+03
4.000000000125658971e+03
4.000000000044206899e+03
3.999999999980343091e+03
3.999999999960858077e+03
3.999999999936368567e+03
3.999999999813004706e+03
3.999999999932772425e+03
3.999999999662879873e+03
3.999999999813378054e+03
3.999999999855994247e+03
3.999999999737905000e+03
3.999999999637034307e+03
4.000000000150186679e+03
4.000000000180588813e+03
4.000000000127574367e+03
4.000000000699764769e+03
4.000000000600832209e+03
4.000000000927475867e+03
4.000000001552841695e+03
4.000000000955207270e+03
4.000000001605278612e+03
4.000000001798586254e+03
4.000000001547352440e+03
4.000000003005939107e+03
4.000000002948106157e+03
4.000000002518958809e+03
4.000000002445177870e+03
4.000000003227376510e+03
4.000000004422773600e+03
4.000000003906665370e+03
4.000000004930952855e+03
4.000000004029593129e+03
4.000000004063427696e+03
4.000000002398761808e+03
4.000000002226319793e+03
4.000000001732439614e+03
4.000000001589475687e+03
3.999999999497303634e+03
4.000000000669112978e+03
3.999999999819930053e+03
3.999999997823016201e+03
3.999999997568966137e+03
3.999999997351967068e+03
3.999999997387029907e+03
3.999999997284111032e+03
3.999999993618775989e+03
3.999999993497945070e+03
3.999999995423834662e+03
3.999999993552115484e+03
3.999999991355323345e+03
3.999999990426772911e+03
3.999999991343229340e+03
3.999999993909487330e+03
3.999999995138122813e+03
3.999999995754095380e+03
3.999999996383764937e+03
3.999999999091283826e+03
3.999999999660775302e+03
3.999999999480452061e+03
4.000000000340904080e+03
4.000000002212151685e+03
4.000000001956143024e+03
4.000000000058390924e+03
3.999999996139402356e+03
3.999999991944734575e+03
3.999999987687902831e+03
3.999999986265038842e+03
3.999999984836838394e+03
3.999999985910391842e+03
3.999999987497897109e+03
3.999999996895759068e+03
3.999999993230337623e+03
3.999999989413937783e+03
3.999999991325718838e+03
3.999999992088668932e+03
4.000000000346313755e+03
4.000000001545672148e+03
4.000000006457870768e+03
4.000000011137875845e+03
4.000000014941959307e+03
4.000000026525805424e+03
4.000000026988016543e+03
4.000000022837186862e+03
4.000000021365242446e+03
4.000000026182919555e+03
4.000000030865357076e+03
4.000000038128619053e+03
4.000000040433519189e+03
4.000000039285467665e+03
4.000000036141616420e+03
4.000000034226355638e+03
4.000000036978163735e+03
4.000000038700614823e+03
4.000000041109023186e+03
4.000000027678483548e+03
4.000000030795056318e+03
4.000000022064682526e+03
4.000000015449789771e+03
4.000000010032874798e+03
3.999999997546434770e+03
4.000000008955893009e+03
4.000000000374056981e+03
4.000000005962741398e+03
4.000000015719933344e+03
4.000000018517474473e+03
4.000000012612046248e+03
4.000000010234748970e+03
4.000000000115644980e+03
3.999999991165303527e+03
3.999999997485662789e+03
3.999999997726939455e+03
4.000000009028968179e+03
4.000000006126168046e+03
4.000000002984806088e+03
3.999999999420907898e+03
3.999999999392282007e+03
4.000000002174170731e+03
3.999999993181902937e+03
4.000000000488656497e+03
4.000000014276021375e+03
4.000000014953913251e+03
4.000000031142637454e+03
4.000000012629201592e+03
4.000000011264669411e+03
3.999999997206095941e+03
4.000000023042750854e+03
4.000000008993064966e+03
4.000000017423139980e+03
4.000000023813132884e+03
4.000000030288358630e+03
4.000000034380500892e+03
4.000000058244807406e+03
4.000000076164526490e+03
4.000000066324326781e+03
4.000000059818863065e+03
4.000000069310217441e+03
4.000000074168684478e+03
4.000000081765633695e+03
4.000000092798327842e+03
4.000000080457084550e+03
4.000000067701500029e+03
4.000000057761678363e+03
4.000000047437166359e+03
4.000000037143765894e+03
4.000000015632207123e+03
4.000000010258929251e+03
4.000000003791459676e+03
3.999999979004300712e+03
3.999999968408946643e+03
3.999999988356970789e+03
3.999999975447717588e+03
3.999999975426392666e+03
3.999999976708767917e+03
3.999999979252188950e+03
3.999999995591816969e+03
3.999999994790600795e+03
4.000000002245864380e+03
3.999999990175808762e+03
3.999999995150177256e+03
4.000000022226660803e+03
4.000000045053664962e+03
4.000000018797946723e+03
4.000000019923939362e+03
4.000000020285439405e+03
4.000000036215167256e+03
4.000000001823546427e+03
3.999999949848566303e+03
3.999999943169289963e+03
3.999999927717120499e+03
3.999999927832321646e+03
3.999999939579226066e+03
3.999999905176347511e+03
3.999999910366275344e+03
3.999999860098962472e+03
3.999999842327226816e+03
3.999999826427566404e+03
3.999999835739850823e+03
3.999999845771583296e+03
3.999999872533882353e+03
3.999999846770081149e+03
3.999999821088682893e+03
3.999999822546654286e+03
3.999999819595214376e+03
3.999999834133797322e+03
3.999999861614214296e+03
3.999999837549600215e+03
3.999999832502101981e+03
3.999999839189718841e+03
3.999999810958790476e+03
3.999999862278137698e+03
3.999999894808545832e+03
3.999999932356106910e+03
3.999999939216263101e+03
3.999999944149932617e+03
3.999999921326987987e+03
3.999999895304647907e+03
3.999999892012198870e+03
3.999999886932912887e+03
3.999999902251664935e+03
3.999999928193514734e+03
3.999999950146911942e+03
3.999999969711692756e+03
3.999999964984187955e+03
3.999999930069343463e+03
3.999999928629714759e+03
3.999999950008656015e+03
3.999999951910838263e+03
3.999999956364507398e+03
3.999999911774979864e+03
3.999999911213496944e+03
3.999999914671391252e+03
3.999999904546273228e+03
3.999999868882115152e+03
3.999999861872962811e+03
3.999999827338443993e+03
3.999999764832091842e+03
3.999999725255298472e+03
3.999999704713170559e+03
3.999999659720453110e+03
3.999999668769101390e+03
3.999999682638076138e+03
3.999999657538251995e+03
3.999999677057614008e+03
3.999999627180817697e+03
3.999999578320773708e+03
3.999999581226967621e+03
3.999999505038571897e+03
3.999999543998156241e+03
3.999999484610637410e+03
3.999999470639100764e+03
3.999999440793405483e+03
3.999999417158106553e+03
3.999999377648690825e+03
3.999999443510078436e+03
3.999999443762755618e+03
3.999999487662064894e+03
3.999999476071761364e+03
3.999999483159137981e+03
3.999999484451851004e+03
3.999999432609135965e+03
3.999999422484856495e+03
3.999999395658902358e+03
3.999999289384953045e+03
3.999999287601616743e+03
3.999999328059020627e+03
3.999999362408013440e+03
3.999999323390372865e+03
3.999999341241792081e+03
3.999999293792250683e+03
3.999999296398021215e+03
3.999999272724427101e+03
3.999999218739197204e+03
3.999999179041985371e+03
3.999999145010103348e+03
3.999999159467283789e+03
3.999999162599075589e+03
3.999999137313211122e+03
3.999999121726255453e+03
3.999999097213023560e+03
3.999999183728266416e+03
3.999999069934563522e+03
3.999999092468071012e+03
3.999999112292686277e+03
3.999999166946975947e+03
3.999999218897558876e+03
3.999999235000082990e+03
3.999999148157179206e+03
3.999999120734844382e+03
3.999999118953783636e+03
3.999999042191661829e+03
3.999999090450216499e+03
3.999999106247386862e+03
3.999999000506002176e+03
3.999998952848186946e+03
3.999998978597775022e+03
3.999998940770509307e+03
3.999998907406648868e+03
3.999998928168795828e+03
3.999999049140528314e+03
3.999999092951685725e+03
3.999999106284536992e+03
3.999999050116162380e+03
3.999998908292674969e+03
3.999998920715484928e+03
3.999998958428806418e+03
3.999998914939190399e+03
3.999998790056405596e+03
3.999998816524851009e+03
3.999998929967984623e+03
3.999998955142596060e+03
3.999998984696231219e+03
3.999998870170098598e+03
3.999998785231653073e+03
3.999998726456040004e+03
3.999998702128958030e+03
3.999998615751450870e+03
3.999998605850375498e+03
3.999998565987062193e+03
3.999998617072984416e+03
3.999998722920541240e+03
3.999998622196550059e+03
3.999998626042378419e+03
3.999998664878824002e+03
3.999998601987671918e+03
3.999998597322636215e+03
3.999998632618926422e+03
3.999998452883932259e+03
3.999998502223480955e+03
3.999998537543514885e+03
3.999998441145872221e+03
3.999998471792504461e+03
3.999998389357275755e+03
3.999998393676699834e+03
3.999998543027066717e+03
3.999998658441922544e+03
3.999998661221786733e+03
3.999998612485073409e+03
3.999998509869612462e+03
3.999998578956235178e+03
3.999998487773018496e+03
3.999998539239448746e+03
3.999998591835578736e+03
3.999998652333323207e+03
3.999998739713502800e+03
3.999998710496199237e+03
3.999998700170599932e+03
3.999998804356105211e+03
3.999998639999096213e+03
3.999998589911824183e+03
3.999998626785648412e+03
3.999998573517688783e+03
3.999998553212853494e+03
3.999998453925471949e+03
3.999998399321095803e+03
3.999998388092988534e+03
3.999998288628201863e+03
3.999998127910023868e+03
3.999998159400955046e+03
3.999998147901688753e+03
3.999998253386246688e+03
3.999998215477728536e+03
3.999998281521749050e+03
3.999998235684697647e+03
3.999998272105364322e+03
3.999998139791506674e+03
3.999998048816511073e+03
3.999998077773364002e+03
3.999998055919872058e+03
3.999998112783887791e+03
3.999998101089472584e+03
3.999998047682642664e+03
3.999997959728465503e+03
3.999997901843480577e+03
3.999997790172863461e+03
3.999997769322334534e+03
3.999997758032076945e+03
3.999997736062065997e+03
3.999997717477196602e+03
3.999997730785703880e+03
3.999997619442217001e+03
3.999997619650481283e+03
3.999997805068015623e+03
3.999997787806692941e+03
3.999997733905914174e+03
3.999997743917702792e+03
3.999997811352342524e+03
3.999997772681101651e+03
3.999997783283822628e+03
3.999997655319546993e+03
3.999997560149635319e+03
3.999997432421600024e+03
3.999997439728580503e+03
3.999997432186472452e+03
3.999997583593016316e+03
3.999997498870337495e+03
3.999997558463891892e+03
3.999997427231700385e+03
3.999997470278573019e+03
3.999997374996508370e+03
3.999997424391387995e+03
3.999997213341916449e+03
3.999997067434095243e+03
3.999997064762833816e+03
3.999997024158237764e+03
3.999997051185656801e+03
3.999997033828886742e+03
3.999997016771635117e+03
3.999997006243129817e+03
3.999997156192483999e+03
3.999996923648851862e+03
3.999996849452832521e+03
3.999996735850429104e+03
3.999996874513213243e+03
3.999996680559189826e+03
3.999996596493565903e+03
3.999996445138066520e+03
3.999996383918450192e+03
3.999996230420386382e+03
3.999996213045094464e+03
3.999996283384384242e+03
3.999996353803662714e+03
3.999996026990181690e+03
3.999995996300959177e+03
3.999996005722873633e+03
3.999996063309024521e+03
3.999996057619618568e+03
3.999996010598478733e+03
3.999996075896580805e+03
3.999995906386617662e+03
3.999995869125295940e+03
3.999995727292627180e+03
3.999995760030446036e+03
3.999995841779900275e+03
3.999995818703641817e+03
3.999995690596611894e+03
3.999995707471256082e+03
3.999995578543866941e+03
3.999995448715673319e+03
3.999995544482551850e+03
3.999995477023661806e+03
3.999995419076512462e+03
3.999995595210612464e+03
3.999995506537766232e+03
3.999995545519592270e+03
3.999995381079846538e+03
3.999995341422057209e+03
3.999995385955117399e+03
3.999995377960926817e+03
3.999995448014507474e+03
3.999995484142546957e+03
3.999995478180457212e+03
3.999995496024403565e+03
3.999995538724182552e+03
3.999995484212704469e+03
3.999995420906713662e+03
3.999995465358404545e+03
3.999995418882360809e+03
3.999995469744553247e+03
3.999995406041086881e+03
3.999995443630693444e+03
3.999995224102028715e+03
3.999995302950307178e+03
3.999995445227096752e+03
3.999995398459280750e+03
3.999995390279717867e+03
3.999995488321716039e+03
3.999995297086109986e+03
3.999995015445545960e+03
3.999994814484151448e+03
3.999994824758904542e+03
3.999994900503405006e+03
3.999994708771935166e+03
3.999994340536223717e+03
3.999994452802876367e+03
3.999994393405714163e+03
3.999994388821228767e+03
3.999994469218777795e+03
3.999994509182778529e+03
3.999994259585797408e+03
3.999994480645289968e+03
3.999994530099228541e+03
3.999994752599922322e+03
3.999994635309467412e+03
3.999994727307279391e+03
3.999994708572628042e+03
3.999994681831982689e+03
3.999994814984107961e+03
3.999994929267753832e+03
3.999994852043400897e+03
3.999994844916132479e+03
3.999994908337387642e+03
3.999994826615064540e+03
3.999994759898679149e+03
3.999994743024203217e+03
3.999994806651310682e+03
3.999994987861651680e+03
3.999994930753708559e+03
3.999994646018923049e+03
3.999994594792711268e+03
3.999994681879923064e+03
3.999994578173570517e+03
3.999994557940266077e+03
3.999994729543442645e+03
3.999994896523829539e+03
3.999994708864036966e+03
3.999994680711713954e+03
3.999994531297289086e+03
3.999994555872963247e+03
3.999994600274600998e+03
3.999994473838095928e+03
3.999994353271196815e+03
3.999994453692508159e+03
3.999994663118131029e+03
3.999994792140791560e+03
3.999994881393217838e+03
3.999994899852668368e+03
3.999994639342808114e+03
3.999994728620845763e+03
3.999994745114784564e+03
3.999994824450360738e+03
3.999994770311589491e+03
3.999994646553291204e+03
3.999994407265151040e+03
3.999994332492669400e+03
3.999994327714715837e+03
3.999994340931179067e+03
3.999994538612397719e+03
3.999994329362849840e+03
3.999994440537265291e+03
3.999994471573797910e+03
3.999994314210435277e+03
3.999994338272273126e+03
3.999994217075902270e+03
3.999993748501019581e+03
3.999993890581973119e+03
3.999993995488032851e+03
3.999994174705627302e+03
3.999994157737487512e+03
3.999994400511517142e+03
3.999994273755374707e+03
3.999994330133516996e+03
3.999994307823241797e+03
3.999994347074503821e+03
3.999994305204242664e+03
3.999994169419507671e+03
3.999994447505718654e+03
3.999994260201628094e+03
3.999994049350616024e+03
3.999994224177670276e+03
3.999994198198627146e+03
3.999994385506827257e+03
3.999994239902744994e+03
3.999994211515611369e+03
3.999994256267862056e+03
3.999994481203525993e+03
3.999994383585009473e+03
3.999994416184314105e+03
3.999994198441211211e+03
3.999994536766556394e+03
3.999994579817312115e+03
3.999994733933654061e+03
3.999994882039634831e+03
3.999994710785909319e+03
3.999994828774494636e+03
3.999994766536104180e+03
3.999994817505860283e+03
3.999994804425817165e+03
3.999994867527029328e+03
3.999994769380905382e+03
3.999994858820474747e+03
3.999994702428853543e+03
3.999994933137793396e+03
3.999995077334513553e+03
3.999994995708664192e+03
3.999995075399195230e+03
3.999995028104031462e+03
3.999995141111485282e+03
3.999994949652550076e+03
3.999994726268487284e+03
3.999994862443686088e+03
3.999994878180691558e+03
3.999994984531575028e+03
3.999995014060735230e+03
3.999995129320453543e+03
3.999994835353680173e+03
3.999994819314724282e+03
3.999994852557078048e+03
3.999994684740397588e+03
3.999994481946263932e+03
3.999994566207926255e+03
3.999994508571408460e+03
3.999994546229638217e+03
3.999994317530703029e+03
3.999994306730447533e+03
3.999994554204794440e+03
3.999995139953306989e+03
3.999995132854698568e+03
3.999995347650190524e+03
3.999995282707051956e+03
3.999995261873682011e+03
3.999995497236700885e+03
3.999995405593254418e+03
3.999995661681563433e+03
3.999995805345203735e+03
3.999995918978996087e+03
3.999995677776102184e+03
3.999995651579779405e+03
3.999995350302989209e+03
3.999995688033436636e+03
3.999995343311240958e+03
3.999995965537048505e+03
3.999995936121168143e+03
3.999995730505642314e+03
3.999996085456930814e+03
3.999995840625234450e+03
3.999995819751189174e+03
3.999996052543463520e+03
3.999996133347265641e+03
3.999995710583872551e+03
3.999995527643528476e+03
3.999995622912550061e+03
3.999995241976769648e+03
3.999995248826949137e+03
3.999995031449106591e+03
3.999995506216077956e+03
3.999995627359762238e+03
3.999996223629550968e+03
3.999996178104761839e+03
3.999996080589807207e+03
3.999996287358461359e+03
3.999995970408266658e+03
3.999995871879508286e+03
3.999995751186663256e+03
3.999995578952524738e+03
3.999995152347444218e+03
3.999995027279860096e+03
3.999995497015700039e+03
3.999995385426978373e+03
3.999995235170964861e+03
3.999995130934220015e+03
3.999995222190607819e+03
3.999994906125880334e+03
3.999995024833237494e+03
3.999995186271423336e+03
3.999995449114971052e+03
3.999995471217147042e+03
3.999995613410940223e+03
3.999995744854144959e+03
3.999995695013424211e+03
3.999995484976835542e+03
3.999995458538971434e+03
3.999995698053197884e+03
3.999995399942664335e+03
3.999995438095589179e+03
3.999995539318032570e+03
3.999995518331490530e+03
3.999995366351075063e+03
3.999995240765897961e+03
3.999995204311391717e+03
3.999995292509443516e+03
3.999995177822328969e+03
3.999995068316522975e+03
3.999995525014397117e+03
3.999995919833553216e+03
3.999995595990931633e+03
3.999995924491314327e+03
3.999996291171962639e+03
3.999996423145212248e+03
3.999996335354119310e+03
3.999996314415001052e+03
3.999996351060706274e+03
3.999996530772039478e+03
3.999996456713804037e+03
3.999996275405724646e+03
3.999996185340941338e+03
3.999996597633677538e+03
3.999996495260245410e+03
3.999996416966610923e+03
3.999996260520764736e+03
3.999995987466786119e+03
3.999995794548079630e+03
3.999995718258918259e+03
3.999995590664588690e+03
3.999995286648221281e+03
3.999995563467960892e+03
3.999995705708827700e+03
3.999995718408135872e+03
3.999995418108655940e+03
3.999995190220491168e+03
3.999995071449152420e+03
3.999995197708199612e+03
3.999995321130911179e+03
3.999995808115664204e+03
3.999996202051584078e+03
3.999996387409486033e+03
3.999996581829542720e+03
3.999996712014967216e+03
3.999996959180937665e+03
3.999996820598178601e+03
3.999996888107913946e+03
3.999996901817502930e+03
3.999996569508042739e+03
3.999996425008581809e+03
3.999996489982750973e+03
3.999996941170532409e+03
3.999997064046755895e+03
3.999997065894402112e+03
3.999997152681346506e+03
3.999996907134384855e+03
3.999996612785508205e+03
3.999996607100013989e+03
3.999997019830733279e+03
3.999997051487722729e+03
3.999997103509147564e+03
3.999996798820994627e+03
3.999996466782209154e+03
3.999996416618493640e+03
3.999996443941646703e+03
3.999996399969167669e+03
3.999996369474500625e+03
3.999996490488971631e+03
3.999995949806811041e+03
3.999996382889351935e+03
3.999996372030843759e+03
3.999995909172616393e+03
3.999995797884083458e+03
3.999995638240648532e+03
3.999995598713348045e+03
3.999995362822837706e+03
3.999995398744769318e+03
3.999995658424174508e+03
3.999995552661464899e+03
3.999995942123568966e+03
3.999995970564029903e+03
3.999996148441568039e+03
3.999996081249502367e+03
3.999996074966684773e+03
3.999996158447363996e+03
3.999996406467299948e+03
3.999996607930620939e+03
3.999996727781088339e+03
3.999996406730967465e+03
3.999996386626157346e+03
3.999996183896059392e+03
3.999996095195388534e+03
3.999996175600245351e+03
3.999996124218220302e+03
3.999996255868746175e+03
3.999996194977217328e+03
3.999996221039237753e+03
3.999996128067931295e+03
3.999996240439957546e+03
3.999996384588810542e+03
3.999996664910485833e+03
3.999996839859393731e+03
3.999996677884631026e+03
3.999996255689933150e+03
3.999996130147053464e+03
3.999996102677357612e+03
3.999995745846726550e+03
3.999995951488861010e+03
3.999995871170473038e+03
3.999996169509154242e+03
3.999995756808435544e+03
3.999995698286093557e+03
3.999995497683851227e+03
3.999995627995886480e+03
3.999995732853962636e+03
3.999995605931580485e+03
3.999995654310028840e+03
3.999996344496361871e+03
3.999996340486665304e+03
3.999996293018004508e+03
3.999996353818383795e+03
3.999996521603794918e+03
3.999996068637004555e+03
3.999996098005702152e+03
3.999996170808613442e+03
3.999996419921342294e+03
3.999996079781702065e+03
3.999996464942618786e+03
3.999996010374928119e+03
3.999996222549138110e+03
3.999996520228380632e+03
3.999996117397396574e+03
3.999996245214430019e+03
3.999996082006741290e+03
3.999995933271607100e+03
3.999995875610400162e+03
3.999995892709407144e+03
3.999995482209873444e+03
3.999995600943697355e+03
3.999995294721280970e+03
3.999995196983124060e+03
3.999995334803174501e+03
3.999994976545410736e+03
3.999994924526960858e+03
3.999994902326624924e+03
3.999994691185951069e+03
3.999994630137687636e+03
3.999994440197126096e+03
3.999994689680610918e+03
3.999994686863465176e+03
3.999994530301645227e+03
3.999995002901557200e+03
3.999995060577457934e+03
3.999994412891887350e+03
3.999994212822339705e+03
3.999994498051258233e+03
3.999994336637393189e+03
3.999994224518441115e+03
3.999993875472324817e+03
3.999994188374286296e+03
3.999994111192248056e+03
3.999994403646282080e+03
3.999994922075685281e+03
3.999995042489866137e+03
3.999995026080150183e+03
3.999995125540196568e+03
3.999994657800588811e+03
3.999994178405800540e+03
3.999994322379656296e+03
3.999994934725479652e+03
3.999995331417455418e+03
3.999995148728657568e+03
3.999995008216984843e+03
3.999994227171875536e+03
3.999994195688190757e+03
3.999994312176489075e+03
3.999994492243700279e+03
3.999994337903518044e+03
3.999994081528451716e+03
3.999994514698247258e+03
3.999994978154044020e+03
3.999994990851093917e+03
3.999995090813591105e+03
3.999995393583631994e+03
3.999995894260683144e+03
3.999995715210612616e+03
3.999996198421490590e+03
3.999996234305069720e+03
3.999997127250156609e+03
3.999997043064000991e+03
3.999996823714795028e+03
3.999996831712278890e+03
3.999996663644143609e+03
3.999996743883942145e+03
3.999997005421192171e+03
3.999996669709693833e+03
3.999996930358422105e+03
3.999996596341135955e+03
3.999996399148432829e+03
3.999996214107789910e+03
3.999996536405053121e+03
3.999996275009719284e+03
3.999995608516294396e+03
3.999995723426624863e+03
3.999995548233737281e+03
3.999995205208128482e+03
3.999995758519598894e+03
3.999995654242192813e+03
3.999995913608890078e+03
3.999995936895222258e+03
3.999996245362891841e+03
3.999996310383844502e+03
3.999996382367422939e+03
3.999997118166241307e+03
3.999997238468194610e+03
3.999997086763707557e+03
3.999997544732220831e+03
3.999997474015116950e+03
3.999997209779808145e+03
3.999996816753289295e+03
3.999997479345271586e+03
3.999997846577665314e+03
3.999997283377047552e+03
3.999997088576576971e+03
3.999997065426956851e+03
3.999996849845727866e+03
3.999997166600833680e+03
3.999997019100263515e+03
3.999997226608846177e+03
3.999997284244972434e+03
3.999997004015955554e+03
3.999997388884059092e+03
3.999997230902027695e+03
3.999996940662859288e+03
3.999996770569125147e+03
3.999996573036324207e+03
3.999996486314231788e+03
3.999996862153023812e+03
3.999997075718155884e+03
3.999996863820722410e+03
3.999997147110797869e+03
3.999996834808045605e+03
3.999996629434938313e+03
3.999995691675425405e+03
3.999996095462120593e+03
3.999996927991000575e+03
3.999997031785367199e+03
3.999997595022776295e+03
3.999997403677512921e+03
3.999997504076688983e+03
3.999997512543719040e+03
3.999997475775664952e+03
3.999998358028795337e+03
3.999998640113484726e+03
3.999998972574899653e+03
3.999999358446916176e+03
3.999998890220302656e+03
3.999999184918724495e+03
3.999999028258802809e+03
3.999999149985793792e+03
3.999999032461834759e+03
3.999998749546845374e+03
3.999999209815639006e+03
3.999998745499778124e+03
3.999998557812723902e+03
3.999998470253464347e+03
3.999998436388077607e+03
3.999998870790293495e+03
3.999998404684805791e+03
3.999998885563318709e+03
3.999999347964468598e+03
4.000000332850346240e+03
4.000000754953872729e+03
4.000001195121908495e+03
4.000001332551056294e+03
4.000001365563539821e+03
4.000001631902800455e+03
4.000001739704967804e+03
4.000001389388062307e+03
4.000001638072046262e+03
4.000001333990829608e+03
4.000000729201959075e+03
4.000001036673881572e+03
4.000001053983774455e+03
4.000000730885878511e+03
4.000000360304999504e+03
4.000000653338568100e+03
4.000001641294275942e+03
4.000001620924549115e+03
4.000000981832069556e+03
4.000000667234703542e+03
4.000000882753574842e+03
4.000001114711400533e+03
4.000001009082034670e+03
4.000001647722625421e+03
4.000001040780392941e+03
4.000001155271030711e+03
4.000001301018059621e+03
4.000001530329949674e+03
4.000001683700734247e+03
4.000001400615008151e+03
4.000000962597904163e+03
4.000000577098372560e+03
4.000000932018296680e+03
3.999999966965593558e+03
4.000000091101552698e+03
4.000000377075806682e+03
4.000000980660245659e+03
4.000001087374280814e+03
4.000000823370204671e+03
4.000000329636981405e+03
3.999999659977359443e+03
3.999998808381992148e+03
3.999997604199015768e+03
3.999997441702237211e+03
3.999997706978475890e+03
3.999997523064814686e+03
3.999997159356527845e+03
3.999997594488489540e+03
3.999997824848503569e+03
3.999998508093859982e+03
3.999999478948519027e+03
4.000000054357853060e+03
4.000000042059997668e+03
4.000000380106393550e+03
4.000000235936508034e+03
4.000000459809966742e+03
4.000000678614071148e+03
4.000000556030001917e+03
4.000000750399900426e+03
4.000000490170146350e+03
4.000000659534924125e+03
4.000001186898945434e+03
4.000001045861043622e+03
4.000001249857069070e+03
4.000000918072853892e+03
4.000001222849316491e+03
4.000001827398386467e+03
4.000001882284844669e+03
4.000001818663083668e+03
4.000001749875632868e+03
4.000001695420059150e+03
4.000001343491541775e+03
4.000001430756805803e+03
4.000001889915416086e+03
4.000002030482547980e+03
4.000001888665396109e+03
4.000001720286917134e+03
4.000001659393167756e+03
4.000002282854780333e+03
4.000002176299312850e+03
4.000002273717330809e+03
4.000002250168545288e+03
4.000002677425862657e+03
4.000002820172764132e+03
4.000004251383028986e+03
4.000004735936862744e+03
4.000004667088506721e+03
4.000004658255164031e+03
4.000004547319479570e+03
4.000004094987698409e+03
4.000003926874060198e+03
4.000003365192470028e+03
4.000004201054820896e+03
4.000004278689363673e+03
4.000004912161880384e+03
4.000005099714469452e+03
4.000006177439124713e+03
4.000005913501369832e+03
4.000006839269558895e+03
4.000006513472893403e+03
4.000006742943506197e+03
4.000007441921721238e+03
4.000007503864651426e+03
4.000007387529873995e+03
4.000007510996679684e+03
4.000008035622317038e+03
4.000007981407614807e+03
4.000008335954363247e+03
4.000008678845288159e+03
4.000009386022957187e+03
4.000008717924729353e+03
4.000008790364431661e+03
4.000009665458745985e+03
4.000009672230693468e+03
4.000009064962620414e+03
4.000009195039534461e+03
4.000008839073489071e+03
4.000009423742828858e+03
4.000008682982065238e+03
4.000008905113320907e+03
4.000008881895972081e+03
4.000008448467926428e+03
4.000008967216275323e+03
4.000009287816118558e+03
4.000009928890119227e+03
4.000009677266149993e+03
4.000009452096491714e+03
4.000009856807223514e+03
4.000010139408238047e+03
4.000009998437751619e+03
4.000010398721499769e+03
4.000009603526986211e+03
4.000008977318694633e+03
4.000008285135972983e+03
4.000007699860378125e+03
4.000008935887977714e+03
4.000009709005874356e+03
4.000009970233964850e+03
4.000010163755870963e+03
4.000010640242055160e+03
4.000010801414808611e+03
4.000010319045988126e+03
4.000010367836195655e+03
4.000009904800155255e+03
4.000009457804016620e+03
4.000010029788064003e+03
4.000009829117610025e+03
4.000010130291848327e+03
4.000010022762136032e+03
4.000009865859573893e+03
4.000009434519872229e+03
4.000009981618604343e+03
4.000010211616287052e+03
4.000010007773452344e+03
4.000009270645661218e+03
4.000009184051965804e+03
4.000009342703673155e+03
4.000009411140129487e+03
4.000010607032148982e+03
4.000009993411489631e+03
4.000010124174475550e+03
4.000009614729041004e+03
4.000009287112192396e+03
4.000009979577326703e+03
4.000010238123236377e+03
4.000009669474528891e+03
4.000008808720691377e+03
4.000008741396356527e+03
4.000010260324109368e+03
4.000010655375398983e+03
4.000010005104359152e+03
4.000011618953478319e+03
4.000011451906910679e+03
4.000011875760446401e+03
4.000012390270194373e+03
4.000012969645426892e+03
4.000011195679824596e+03
4.000010685100622140e+03
4.000010367460425186e+03
4.000010090918921833e+03
4.000010714266868945e+03
4.000010187089081683e+03
4.000009627708150219e+03
4.000010248058445541e+03
4.000009531949272514e+03
4.000009249399393866e+03
4.000008695733094555e+03
4.000008546197935175e+03
4.000008424601096976e+03
4.000009158969471628e+03
4.000008720463740701e+03
4.000007665716189877e+03
4.000008690738379755e+03
4.000008403824028846e+03
4.000009143038952061e+03
4.000008744222949190e+03
4.000009190443541229e+03
4.000009541308014377e+03
4.000009206738800458e+03
4.000008893097868167e+03
4.000007584056516407e+03
4.000007725490751909e+03
4.000009142005666945e+03
4.000008802844085039e+03
4.000009626099820252e+03
4.000008547938572065e+03
4.000009184917500079e+03
4.000009867103722172e+03
4.000009450417228436e+03
4.000007892306250596e+03
4.000007971856559379e+03
4.000008024593569189e+03
4.000008731087913930e+03
4.000007761103252506e+03
4.000008219497985465e+03
4.000009064796315670e+03
4.000008904007901492e+03
4.000010401743152215e+03
4.000010997838515777e+03
4.000011210744493837e+03
4.000010404275698420e+03
4.000010838518928267e+03
4.000010856799669000e+03
4.000011190788898148e+03
4.000010964231764319e+03
4.000010939131717805e+03
4.000010951544488307e+03
4.000011016466825367e+03
4.000011993247005194e+03
4.000011584692968427e+03
4.000011630398790203e+03
4.000012013045719414e+03
4.000012306218462072e+03
4.000012736290901103e+03
4.000013836810545854e+03
4.000013579988572474e+03
4.000014216082872736e+03
4.000014387993624496e+03
4.000014251646213324e+03
4.000013974196503113e+03
4.000014279322077527e+03
4.000015358699778517e+03
4.000015477202844977e+03
4.000014914633717581e+03
4.000014010746477652e+03
4.000014586359609893e+03
4.000014839762876818e+03
4.000014240107149817e+03
4.000013968688374462e+03
4.000013361822546358e+03
4.000012816359035696e+03
4.000013251565643259e+03
4.000014571838756183e+03
4.000014748019754279e+03
4.000015577187897634e+03
4.000015207036497486e+03
4.000015617934342117e+03
4.000015822907973416e+03
4.000016945673802638e+03
4.000016774940316282e+03
4.000017115612902671e+03
4.000015937018937166e+03
4.000014970803433698e+03
4.000014715097597673e+03
4.000014538617030212e+03
4.000014031278899893e+03
4.000013297486844749e+03
4.000012059420210335e+03
4.000011701618152529e+03
4.000010698610846248e+03
4.000010431139020966e+03
4.000009436434941563e+03
4.000008245453903783e+03
4.000007058066358695e+03
4.000007535595911577e+03
4.000006620137116897e+03
4.000007436689056703e+03
4.000007514856607486e+03
4.000006857287502498e+03
4.000004693750365732e+03
4.000004449753893368e+03
4.000005396090691193e+03
4.000006229567427908e+03
4.000006918647052771e+03
4.000006236196904410e+03
4.000004694921711234e+03
4.000005995248914132e+03
4.000005588805325260e+03
4.000005346186182578e+03
4.000006810851949012e+03
4.000005903386605041e+03
4.000005711854201309e+03
4.000007088217745604e+03
4.000006767237675376e+03
4.000005631369138428e+03
4.000006796917611155e+03
4.000006077142358663e+03
4.000005134527093560e+03
4.000005578531573519e+03
4.000005345104328171e+03
4.000005902309013436e+03
4.000005538288871321e+03
4.000005735026676120e+03
4.000006524522121708e+03
4.000004695935549535e+03
4.000004418371109296e+03
4.000004275159767985e+03
4.000004433703632913e+03
4.000004909685612347e+03
4.000005742285564338e+03
4.000006050573978428e+03
4.000005349449870664e+03
4.000005249680826182e+03
4.000004604758514688e+03
4.000004785971967522e+03
4.000004648073421322e+03
4.000004515303441622e+03
4.000004580298307246e+03
4.000005344977375444e+03
4.000005441678901207e+03
4.000006701521760078e+03
4.000005447829345940e+03
4.000005086991472581e+03
4.000005758574547599e+03
4.000007000907528436e+03
4.000007300204579678e+03
4.000005989548036268e+03
4.000005301609296112e+03
4.000006512891178318e+03
4.000007813905075182e+03
4.000007443806110587e+03
4.000005459270784286e+03
4.000004807645330857e+03
4.000004626806008218e+03
4.000004869211516052e+03
4.000004451757499282e+03
4.000004069631947459e+03
4.000004069149102179e+03
4.000004657683169171e+03
4.000006272594403526e+03
4.000005633825210225e+03
4.000006152338785341e+03
4.000006731455280715e+03
4.000007548940823654e+03
4.000007354557226336e+03
4.000007632437780558e+03
4.000007522568377226e+03
4.000007725487325843e+03
4.000007405154301978e+03
4.000007923548552753e+03
4.000009160091974081e+03
4.000008890833522400e+03
4.000009093334863792e+03
4.000010912469859250e+03
4.000012571798331010e+03
4.000013926773441653e+03
4.000013482761779869e+03
4.000012399731301684e+03
4.000011953591822930e+03
4.000010447251136611e+03
4.000009949089310339e+03
4.000010700954673666e+03
4.000011303380846584e+03
4.000011743659528747e+03
4.000011440620147368e+03
4.000011449574261860e+03
4.000011998920485894e+03
4.000013170967613860e+03
4.000013067950673758e+03
4.000012695994772912e+03
4.000011506655154335e+03
4.000012052846114329e+03
4.000011001258663782e+03
4.000011407627169319e+03
4.000009885395782931e+03
4.000008719493730496e+03
4.000008861438212534e+03
4.000007159775808759e+03
4.000007608268264903e+03
4.000008383660033360e+03
4.000008111140215078e+03
4.000008435739242032e+03
4.000008970443994258e+03
4.000007513730584833e+03
4.000007821101503396e+03
4.000007311221660530e+03
4.000007412432108140e+03
4.000006946685869480e+03
4.000005508892076250e+03
4.000005527530162908e+03
4.000006383352434113e+03
4.000007847864541418e+03
4.000009139858311755e+03
4.000009252218419078e+03
4.000010712046475874e+03
4.000010138830769392e+03
4.000011504963631069e+03
4.000011910874684872e+03
4.000012699036885351e+03
4.000012755548520090e+03
4.000014470577437805e+03
4.000014482330725968e+03
4.000015674222823236e+03
4.000017016610457631e+03
4.000016791435139112e+03
4.000016188933817375e+03
4.000016566274926390e+03
4.000016450760234875e+03
4.000013887636111122e+03
4.000011974573176758e+03
4.000011734846714262e+03
4.000011273097537924e+03
4.000010767862670491e+03
4.000012097435654141e+03
4.000011257217493949e+03
4.000010688571640003e+03
4.000010560252020696e+03
4.000012230372448357e+03
4.000011305378809993e+03
4.000012332900568708e+03
4.000011818874495930e+03
4.000011403798772335e+03
4.000010513736857774e+03
4.000009750010785410e+03
4.000009586518578089e+03
4.000008383859443256e+03
4.000008859152395871e+03
4.000008354155594134e+03
4.000009366996472636e+03
4.000008847146229982e+03
4.000007785257921114e+03
4.000008299395221911e+03
4.000008166841513230e+03
4.000008945953466537e+03
4.000009691919246052e+03
4.000010275821874075e+03
4.000010519991978981e+03
4.000011004536233941e+03
4.000011540302903995e+03
4.000011187991020961e+03
4.000012195805997635e+03
4.000010814570799539e+03
4.000011487982351355e+03
4.000010140192101971e+03
4.000010721844107593e+03
4.000011300405845304e+03
4.000013535530302761e+03
4.000012894631289782e+03
4.000011799238902768e+03
4.000010367275330736e+03
4.000010022596396539e+03
4.000009690986973965e+03
4.000009987413091039e+03
4.000008845723095874e+03
4.000008636574944376e+03
4.000009233054593096e+03
4.000009244206297353e+03
4.000010188514697802e+03
4.000010344525248911e+03
4.000008854943449023e+03
4.000007896166662249e+03
4.000007547952330242e+03
4.000006964254927425e+03
4.000007872990535816e+03
4.000008191263827939e+03
4.000006125984137725e+03
4.000006613645538437e+03
4.000008222846676290e+03
4.000008336702579982e+03
4.000008234832855578e+03
4.000007155644479553e+03
4.000007227520268771e+03
4.000008447099702153e+03
4.000007911063783467e+03
4.000008418175081715e+03
4.000008440363258615e+03
4.000008352032360108e+03
4.000008079983884727e+03
4.000008583572133375e+03
4.000008280313570594e+03
4.000009300194302341e+03
4.000009637550159823e+03
4.000009948666352102e+03
4.000010463901745879e+03
4.000010447281666529e+03
4.000010777842207517e+03
4.000011397547477372e+03
4.000010296278450824e+03
4.000007320264431200e+03
4.000008257861502898e+03
4.000007243997406931e+03
4.000009341064219825e+03
4.000011072712435180e+03
4.000012413343495155e+03
4.000013003996704356e+03
4.000012241537486261e+03
4.000012483033202898e+03
4.000012749521501974e+03
4.000012961857015853e+03
4.000014748546033388e+03
4.000015640988076029e+03
4.000015682612588989e+03
4.000017297292789863e+03
4.000018134564203592e+03
4.000018284268165189e+03
4.000016776081438366e+03
4.000017194795914747e+03
4.000017595223659555e+03
4.000019153577363795e+03
4.000019532198305114e+03
4.000020119753487961e+03
4.000021556170762778e+03
4.000020958270247320e+03
4.000022598568768444e+03
4.000022522006561303e+03
4.000021078190951357e+03
4.000019314349817250e+03
4.000020050834386439e+03
4.000019923933552491e+03
4.000017045071958364e+03
4.000018361619204825e+03
4.000019683337207880e+03
4.000021585661535937e+03
4.000022173791879140e+03
4.000021974232168759e+03
4.000020735019021686e+03
4.000021664025377049e+03
4.000019840853455662e+03
4.000019303019692870e+03
4.000018816708105078e+03
4.000019915595682050e+03
4.000018813223047346e+03
4.000018601778734592e+03
4.000018670170787573e+03
4.000017018267820731e+03
4.000018074323836117e+03
4.000017305678728917e+03
4.000017384519305779e+03
4.000017125335386936e+03
4.000017821892558914e+03
4.000017587560520042e+03
4.000018084685303620e+03
4.000018421551741085e+03
4.000018128453624740e+03
4.000016705096980331e+03
4.000017457806995026e+03
4.000017121835534908e+03
4.000014505004961848e+03
4.000014788655341363e+03
4.000014931652860014e+03
4.000015734216866804e+03
4.000014636544473433e+03
4.000013190330144880e+03
4.000013598831318632e+03
4.000014505499506413e+03
4.000015528891607573e+03
4.000015932239878111e+03
4.000016836809779761e+03
4.000017599235141006e+03
4.000016206039245390e+03
4.000015582002897645e+03
4.000014128776572306e+03
4.000015394588854178e+03
4.000015590078432069e+03
4.000014178011806052e+03
4.000015583340634748e+03
4.000014788171114105e+03
4.000015603973452926e+03
4.000013613407682442e+03
4.000018000446432325e+03
4.000016780885805019e+03
4.000015951496492107e+03
4.000013931695513747e+03
4.000011387524693419e+03
4.000010294843051270e+03
4.000011787405799623e+03
4.000011058365113058e+03
4.000011660194702472e+03
4.000012315595138261e+03
4.000012030105386202e+03
4.000011520739991283e+03
4.000012248117678155e+03
4.000011633878341854e+03
4.000014082013328334e+03
4.000012730545298382e+03
4.000012228408431383e+03
4.000013046957667029e+03
4.000014209165173270e+03
4.000015054257368320e+03
4.000014522866497373e+03
4.000014938480452201e+03
4.000014490207885501e+03
4.000015610105510859e+03
4.000015983097261596e+03
4.000015516178318194e+03
4.000015027691861178e+03
4.000014086123262132e+03
4.000013997509657202e+03
4.000015392286484712e+03
4.000015690686455855e+03
4.000017640755471803e+03
4.000018710946152169e+03
4.000020200602127261e+03
4.000020138360604960e+03
4.000021032102113168e+03
4.000018786312292832e+03
4.000019254466415532e+03
4.000017289218778842e+03
4.000017576692595412e+03
4.000017064155661956e+03
4.000018994172373368e+03
4.000018829159744655e+03
4.000018505346826714e+03
4.000017975944675527e+03
4.000016887923739887e+03
4.000015641015418623e+03
4.000014434881038142e+03
4.000012704951679552e+03
4.000012095438044071e+03
4.000010500818533274e+03
4.000011762548850129e+03
4.000011237297463595e+03
4.000010044277273209e+03
4.000010698148411393e+03
4.000012942271699558e+03
4.000013512745282242e+03
4.000014126178455172e+03
4.000013402993660748e+03
4.000012753815888118e+03
4.000012644234087475e+03
4.000013090827875203e+03
4.000014219484323803e+03
4.000012222066151935e+03
4.000013277219798965e+03
4.000014037042973086e+03
4.000013893503732561e+03
4.000013476908973644e+03
4.000013371982388890e+03
4.000012245764511590e+03
4.000013849094168108e+03
4.000011677603080443e+03
4.000013325689326848e+03
4.000013565374871632e+03
4.000012641564083424e+03
4.000012127138274991e+03
4.000012224870962655e+03
4.000012327993278177e+03
4.000011657350176392e+03
4.000010560157015789e+03
4.000011282501953701e+03
4.000011999049325823e+03
4.000013856541599125e+03
4.000015377440107386e+03
4.000013683277872133e+03
4.000013643770581893e+03
4.000010873085403546e+03
4.000011165887785410e+03
4.000010199957330315e+03
4.000009632994856474e+03
4.000009873224848889e+03
4.000008461038585210e+03
4.000007856353007355e+03
4.000008680749640916e+03
4.000007789071272327e+03
4.000007995702152584e+03
4.000008837179320835e+03
4.000009019303645800e+03
4.000010507909217267e+03
4.000008444666780179e+03
4.000009083348086733e+03
4.000010009737205110e+03
4.000009871633621515e+03
4.000011939913157221e+03
4.000012459102421417e+03
4.000013333024564872e+03
4.000012580965626967e+03
4.000012340559512268e+03
4.000009770963835763e+03
4.000008761556802710e+03
4.000008485166851642e+03
4.000008671232863890e+03
4.000009698261369977e+03
4.000010552166177149e+03
4.000007854311482333e+03
4.000009105470864142e+03
4.000008317818731939e+03
4.000008763851889853e+03
4.000007728698071787e+03
4.000009190933955324e+03
4.000006663240772014e+03
4.000006987379251768e+03
4.000005937436342265e+03
4.000007065525770031e+03
4.000007493541492295e+03
4.000006477390300461e+03
4.000004556419653454e+03
4.000003236872252728e+03
4.000003067060945796e+03
4.000000849270617891e+03
4.000001897868753531e+03
3.999999922593370229e+03
4.000001184446613479e+03
4.000000185100911949e+03
3.999999991410687471e+03
4.000000258733008195e+03
4.000002110982027716e+03
4.000002962293097880e+03
4.000001287308314659e+03
4.000004043986899433e+03
4.000004510188699442e+03
4.000004215219965772e+03
4.000004491613009122e+03
4.000003347411306095e+03
4.000003153275450586e+03
4.000002547803290327e+03
4.000003082390202962e+03
4.000002670565266726e+03
4.000005284145725454e+03
4.000005636643104936e+03
4.000006385302828221e+03
4.000008592897698236e+03
4.000007457566981884e+03
4.000006273221865285e+03
4.000005795587527246e+03
4.000004163859816344e+03
4.000003191211771991e+03
4.000003910494478077e+03
4.000006504196053356e+03
4.000004707673844678e+03
4.000005657719758347e+03
4.000007924863289190e+03
4.000010175430608342e+03
4.000011924383188216e+03
4.000011997845295809e+03
4.000017254186127047e+03
4.000015535851561253e+03
4.000014453287690230e+03
4.000013564779516400e+03
4.000015768849884807e+03
4.000014782701320200e+03
4.000014106854051533e+03
4.000015350669677900e+03
4.000013150189417502e+03
4.000013635015285672e+03
4.000013946543223938e+03
4.000016397907594637e+03
4.000014068686833070e+03
4.000015822331026811e+03
4.000016940913602866e+03
4.000018104846998540e+03
4.000017862140891793e+03
4.000016892120343073e+03
4.000015674807796586e+03
4.000014257915424878e+03
4.000016857552145211e+03
4.000019265661961526e+03
4.000020401887571097e+03
4.000020102594295622e+03
4.000017251746483907e+03
4.000016665161764649e+03
4.000014971565335600e+03
4.000018541842146078e+03
4.000019289146131086e+03
4.000019184526437584e+03
4.000019317907595905e+03
4.000020007764955153e+03
4.000021637619297053e+03
4.000022467257527296e+03
4.000023075476745362e+03
4.000022347842510499e+03
4.000023944174218286e+03
4.000019374019604129e+03
4.000017537649257974e+03
4.000016979392321446e+03
4.000016923221898196e+03
4.000016012265425616e+03
4.000017419454882656e+03
4.000017668706410859e+03
4.000017084479484311e+03
4.000017142806005722e+03
4.000016379759790198e+03
4.000017201185683007e+03
4.000015189790417480e+03
4.000014197120917288e+03
4.000016201425400141e+03
4.000015848263453790e+03
4.000012339609307674e+03
4.000013424239272354e+03
4.000009582022663380e+03
4.000009733202640291e+03
4.000009108292062592e+03
4.000009232347970283e+03
4.000009028755559939e+03
4.000009983398603708e+03
4.000010825406652202e+03
4.000011103252831163e+03
4.000013321224613719e+03
4.000013930686967342e+03
4.000013560055432208e+03
4.000012195847992189e+03
4.000011747064108476e+03
4.000011856829788030e+03
4.000011296998045964e+03
4.000009088672474718e+03
4.000009895342575874e+03
4.000011082121273375e+03
4.000011034088636279e+03
4.000010308991990769e+03
4.000009906418124046e+03
4.000010795582543324e+03
4.000013260107672522e+03
4.000013552392339079e+03
4.000010307300117347e+03
4.000013169982082673e+03
4.000013642073547999e+03
4.000011221116239540e+03
4.000011640113513295e+03
4.000013043699511400e+03
4.000012177345252439e+03
4.000013705540317915e+03
4.000010173896283050e+03
4.000013167354790312e+03
4.000010776268356949e+03
4.000010368980966177e+03
4.000008550179745725e+03
4.000008815613173738e+03
4.000008683703998486e+03
4.000007415275444600e+03
4.000006359767807226e+03
4.000007080204654358e+03
4.000009308305074683e+03
4.000009741485517225e+03
4.000009849040978679e+03
4.000007963784886670e+03
4.000006224556653251e+03
4.000004929771313982e+03
4.000004176691996690e+03
4.000004071768031281e+03
4.000003324960708142e+03
4.000005015009585804e+03
4.000004708758221113e+03
4.000003768521431994e+03
4.000005103859541123e+03
4.000006918843021595e+03
4.000010109957840541e+03
4.000009860533181381e+03
4.000006176947808399e+03
4.000006679615606117e+03
4.000004426407895608e+03
4.000002055416087842e+03
4.000003168806318627e+03
4.000005809404795400e+03
4.000005618734345262e+03
4.000004722332221718e+03
4.000004338566554907e+03
4.000006425450476854e+03
4.000008685481171142e+03
4.000008750575463182e+03
4.000006732824328083e+03
4.000006680763137410e+03
4.000006853809069980e+03
4.000007773983641982e+03
4.000008856579794156e+03
4.000009074105596483e+03
4.000010514965293169e+03
4.000011855664652103e+03
4.000014147588117339e+03
4.000012443731958228e+03
4.000013702419142192e+03
4.000015099828435723e+03
4.000014585398966574e+03
4.000015178376215772e+03
4.000016202904816055e+03
4.000015740205067686e+03
4.000015187362140296e+03
4.000015513294480570e+03
4.000015833709528124e+03
4.000015571864410049e+03
4.000016452177384963e+03
4.000018129493192646e+03
4.000015051414103709e+03
4.000012962093666829e+03
4.000015044535759898e+03
4.000013274847919547e+03
4.000010767096332074e+03
4.000010460801611771e+03
4.000010804962319526e+03
4.000012624792029783e+03
4.000009071935232441e+03
4.000000608734585967e+03
3.999997210561755765e+03
3.999998338196423447e+03
3.999999861199443785e+03
3.999998519060697618e+03
3.999999816007510617e+03
4.000000336028952461e+03
4.000002566864000073e+03
4.000000786538562352e+03
4.000003253770527408e+03
4.000003934305225357e+03
4.000007467449707747e+03
4.000006279335512772e+03
4.000006378582561865e+03
4.000005081000771042e+03
4.000003753216732093e+03
4.000003001005284659e+03
4.000005441508647891e+03
4.000007048584053791e+03
4.000005490461411682e+03
4.000006238905569262e+03
4.000004881617442607e+03
4.000004536396747881e+03
4.000005984918764170e+03
4.000010616538329487e+03
4.000013448824365241e+03
4.000011925561719636e+03
4.000009647087679696e+03
4.000011587052841605e+03
4.000011396914407669e+03
4.000014520632257700e+03
4.000013967740333555e+03
4.000012498755849265e+03
4.000011894702333393e+03
4.000008300696788865e+03
4.000008063189204222e+03
4.000006007148519529e+03
4.000006364993314946e+03
4.000007813276025445e+03
4.000005539813192172e+03
4.000003274171904650e+03
4.000002322089168956e+03
4.000000495500019042e+03
3.999999442303627347e+03
4.000000073060899922e+03
3.999999842586312752e+03
3.999998535057064146e+03
3.999998148546786524e+03
3.999997610826387245e+03
3.999996237065387049e+03
3.999995911539837834e+03
3.999997421832947111e+03
3.999995664934507658e+03
3.999992508394827837e+03
3.999993141603646563e+03
3.999994078037450890e+03
3.999992763197371005e+03
3.999994235500604191e+03
3.999995679277131785e+03
3.999993641232698792e+03
3.999993528882967439e+03
3.999994874461308427e+03
3.999995569719974810e+03
3.999994386177066190e+03
3.999989795699157185e+03
3.999989587646471136e+03
3.999992050507597014e+03
3.999992596889129800e+03
3.999991447018597682e+03
3.999991308861061498e+03
3.999993178600257124e+03
3.999994324285785751e+03
3.999992610454943133e+03
3.999988714249934219e+03
3.999987685784675250e+03
3.999987124642060280e+03
3.999987562395559962e+03
3.999985378847834454e+03
3.999984656880161310e+03
3.999983724374831127e+03
3.999989694136978414e+03
3.999992126072935662e+03
3.999989803322529951e+03
3.999992997527706848e+03
3.999994689071999801e+03
3.999994749881827374e+03
3.999996061181061123e+03
3.999997232809906109e+03
3.999996900178928172e+03
3.999992889435977304e+03
3.999993127935179473e+03
3.999992146237708312e+03
3.999991474700535491e+03
3.999992915935793462e+03
3.999993190895060707e+03
3.999992639516112376e+03
3.999991046781731711e+03
3.999994151652600067e+03
3.999993553872080611e+03
3.999993291525617678e+03
3.999991760732593775e+03
3.999991331481761335e+03
3.999990959297323116e+03
3.999990647533021274e+03
3.999990452260499296e+03
3.999992749756776448e+03
3.999990002335053305e+03
3.999987043241474112e+03
3.999988154774107898e+03
3.999986261880922484e+03
3.999985011934345039e+03
3.999984387009983948e+03
3.999984899465640410e+03
3.999982512575107648e+03
3.999981296407951959e+03
3.999983352371587443e+03
3.999981964929481364e+03
3.999981450269603101e+03
3.999983733949283760e+03
3.999983151884054223e+03
3.999982815220911561e+03
3.999982842441040248e+03
3.999979113083832090e+03
3.999977960442449330e+03
3.999979006337161991e+03
3.999978934305364874e+03
3.999978975465111489e+03
3.999979848842629963e+03
3.999977487715058487e+03
3.999977878166555911e+03
3.999976837596485439e+03
3.999977710711425971e+03
3.999976156662460198e+03
3.999977274759485681e+03
3.999979228229894943e+03
3.999981076259910878e+03
3.999982988799256873e+03
3.999981937013924835e+03
3.999982462337169636e+03
3.999985104937387405e+03
3.999985275462710433e+03
3.999984159353286941e+03
3.999984098593924955e+03
3.999983777137631932e+03
3.999980631086927133e+03
3.999979349880037262e+03
3.999979465188415816e+03
3.999979486548456862e+03
3.999978932888814143e+03
3.999977987464687430e+03
3.999976715513113049e+03
3.999977708039956269e+03
3.999982102483960261e+03
3.999982282045678403e+03
3.999985548583184027e+03
3.999987010077501054e+03
3.999989579840854731e+03
3.999992769625281198e+03
3.999991758425559965e+03
3.999995956965511596e+03
3.999996908658598386e+03
3.999997603757021352e+03
4.000001193578449602e+03
3.999998828475218943e+03
3.999998038955975517e+03
3.999996004534732947e+03
3.999993771534663665e+03
3.999994968614269965e+03
3.999994447036607653e+03
3.999993152286644090e+03
3.999992628883569978e+03
3.999990805191365780e+03
3.999990773824993084e+03
3.999990349125204830e+03
3.999990553691896366e+03
3.999989499285601141e+03
3.999991325826462798e+03
3.999990974174523672e+03
3.999990428884117136e+03
3.999989973957296115e+03
3.999991579367887425e+03
3.999990517421460936e+03
3.999986241825215075e+03
3.999982944606146248e+03
3.999983704252518692e+03
3.999987191709826220e+03
3.999982036494056501e+03
3.999983755127827862e+03
3.999983143459526673e+03
3.999982652614844937e+03
3.999982319711433775e+03
3.999982886318573492e+03
3.999986101249605326e+03
3.999985419313430612e+03
3.999980014380139892e+03
3.999983625220327667e+03
3.999985241771751589e+03
3.999982847232761742e+03
3.999979713026147238e+03
3.999978925231569519e+03
3.999981523369926890e+03
3.999984812924081780e+03
3.999984732059501766e+03
3.999982836169419443e+03
3.999981397214331082e+03
3.999982036695457282e+03
3.999983128394737832e+03
3.999986412171668235e+03
3.999980858185672332e+03
3.999978625250442292e+03
3.999983334528390060e+03
3.999985671368963267e+03
3.999987425950998841e+03
3.999985495583134252e+03
3.999986130515674631e+03
3.999984331365336402e+03
3.999987571306247901e+03
3.999985408292779994e+03
3.999987166289579363e+03
3.999985508114818913e+03
3.999985400693206884e+03
3.999984067093017075e+03
3.999985642196724257e+03
3.999985675137155340e+03
3.999982573781186147e+03
3.999979288218952206e+03
3.999979057984154224e+03
3.999981009838914815e+03
3.999979834794512954e+03
3.999977294941366836e+03
3.999976538380891725e+03
3.999976156340405851e+03
3.999976077256459575e+03
3.999977072065970788e+03
3.999978456498657579e+03
3.999978865001432951e+03
3.999976275039663960e+03
3.999978076763465651e+03
3.999978173090105884e+03
3.999978091338572995e+03
3.999978692263327957e+03
3.999979524150619909e+03
3.999981904161230887e+03
3.999979952970840259e+03
3.999977967176695984e+03
3.999978877030697276e+03
3.999978876164384928e+03
3.999982226760690082e+03
3.999984335118995205e+03
3.999990394617259881e+03
3.999991536916477799e+03
3.999988261612684710e+03
3.999982248742052434e+03
3.999983126098686625e+03
3.999981936037109790e+03
3.999982286493487209e+03
3.999983309815712801e+03
3.999980291791256604e+03
3.999981200694666313e+03
3.999984814053355421e+03
3.999986436344725007e+03
3.999986531715309411e+03
3.999987825538796642e+03
3.999987128648652288e+03
3.999984247326264722e+03
3.999982245453904397e+03
3.999978593561964772e+03
3.999979543868922974e+03
3.999980702814074448e+03
3.999975518857279440e+03
3.999976347359186093e+03
3.999976206156699391e+03
3.999979072089247893e+03
3.999974431053512035e+03
3.999974834856679536e+03
3.999975106989636060e+03
3.999974528884326446e+03
3.999976599052583424e+03
3.999972426808251839e+03
3.999971752013948390e+03
3.999969278357913936e+03
3.999970031837559418e+03
3.999969988144345734e+03
3.999969948422575271e+03
3.999967969167333649e+03
3.999970132784968882e+03
3.999967680563083832e+03
3.999967461790382913e+03
3.999965904132960986e+03
3.999967341579304957e+03
3.999966613141195467e+03
3.999965353377323481e+03
3.999966320003413784e+03
3.999967118241677326e+03
3.999967708811953344e+03
3.999969721972973275e+03
3.999970424130327501e+03
3.999969539063649336e+03
3.999970354686978226e+03
3.999971330066444352e+03
3.999971510744412626e+03
3.999970050878422171e+03
3.999970010037754946e+03
3.999968604990929180e+03
3.999970444109997970e+03
3.999971105717318551e+03
3.999972539101516759e+03
3.999973921907846488e+03
3.999976009103293109e+03
3.999977034830435059e+03
3.999979472452264872e+03
3.999976501613182791e+03
3.999974989578782697e+03
3.999973149783257213e+03
3.999970277178567358e+03
3.999969108766132649e+03
3.999967022492973683e+03
3.999964245563734494e+03
3.999963835771262893e+03
3.999962774076431288e+03
3.999963068342919996e+03
3.999961793935767218e+03
3.999961342696492466e+03
3.999960568753881944e+03
3.999961873759978062e+03
3.999959277527667382e+03
3.999957653393629244e+03
3.999958172441825809e+03
3.999958258377148013e+03
3.999958950597578223e+03
3.999957179345673921e+03
3.999958200169174233e+03
3.999958051965690174e+03
3.999955802014054825e+03
3.999957277150313530e+03
3.999957807907548158e+03
3.999957396799713479e+03
3.999957644507424902e+03
3.999958655154038752e+03
3.999958870715667217e+03
3.999959986458345611e+03
3.999959902960531053e+03
3.999961368641608715e+03
3.999960920735989930e+03
3.999960953949905615e+03
3.999958084518353644e+03
3.999958567617326480e+03
3.999955648182126424e+03
3.999954970907484949e+03
3.999957766717887807e+03
3.999958189767076419e+03
3.999957867303981402e+03
3.999957057882781100e+03
3.999957691600384805e+03
3.999959844691885792e+03
3.999960938483201517e+03
3.999959579426629261e+03
3.999959996674884223e+03
3.999960487790058323e+03
3.999962051559254633e+03
3.999963431463663710e+03
3.999962798610070422e+03
3.999960677471256986e+03
3.999960161079094632e+03
3.999961249645037697e+03
3.999960646168112817e+03
3.999959104617050343e+03
3.999958954993929638e+03
3.999959605939623088e+03
3.999959336607152181e+03
3.999958403640707274e+03
3.999957640322351835e+03
3.999958060435041261e+03
3.999955320935347572e+03
3.999953335437732676e+03
3.999956766889205483e+03
3.999958183742346591e+03
3.999957308052947610e+03
3.999955387547760438e+03
3.999953715064396874e+03
3.999953560937899965e+03
3.999953952968206977e+03
3.999953803421255543e+03
3.999954674758322653e+03
3.999951977866089692e+03
3.999951054655524331e+03
3.999952652589581248e+03
3.999953784694926526e+03
3.999954321762641484e+03
3.999953072037092170e+03
3.999952902606152293e+03
3.999951311729612371e+03
3.999948141180213042e+03
3.999949883399609462e+03
3.999947965024027326e+03
3.999946269537055741e+03
3.999948134917614425e+03
3.999947551829076019e+03
3.999947924286017042e+03
3.999949037053032953e+03
3.999946425337728670e+03
3.999944374413646983e+03
3.999946484720381704e+03
3.999945009506498536e+03
3.999938583316222321e+03
3.999939467313943624e+03
3.999935349122552452e+03
3.999939425933585426e+03
3.999935757666411519e+03
3.999932915356890589e+03
3.999934070169221286e+03
3.999934161087016946e+03
3.999935099861749677e+03
3.999934732939640526e+03
3.999935511487392887e+03
3.999935376325151083e+03
3.999935520282959260e+03
3.999933174448885893e+03
3.999934440291460305e+03
3.999933108064673434e+03
3.999935001175147136e+03
3.999934366322203459e+03
3.999933906339317673e+03
3.999934521220004171e+03
3.999935749679169476e+03
3.999935385074888018e+03
3.999936364207688712e+03
3.999932959602284882e+03
3.999933060141657279e+03
3.999936496219867877e+03
3.999937193434666824e+03
3.999936168826725861e+03
3.999936071000090124e+03
3.999938818229237313e+03
3.999939676149762818e+03
3.999939848794556383e+03
3.999936706851292001e+03
3.999939205017267341e+03
3.999938476087729669e+03
3.999934350517407893e+03
3.999933756070015534e+03
3.999931675890826227e+03
3.999929287741221742e+03
3.999931611706682361e+03
3.999930769187545593e+03
3.999929161075916454e+03
3.999928439975790297e+03
3.999927738656467682e+03
3.999928458300673356e+03
3.999929820239130549e+03
3.999929459076809053e+03
3.999926511279283204e+03
3.999925472748415359e+03
3.999923970109528454e+03
3.999925264176682049e+03
3.999924512047742610e+03
3.999924925813941172e+03
3.999925080067906947e+03
3.999921793673830962e+03
3.999923216484211935e+03
3.999925107939775444e+03
3.999924758669128551e+03
3.999923857089816011e+03
3.999924524094481967e+03
3.999923303996282812e+03
3.999924302127852570e+03
3.999923196912789081e+03
3.999924217809531910e+03
3.999923338758036607e+03
3.999924427049796577e+03
3.999925495693589255e+03
3.999927601820386371e+03
3.999924422381305249e+03
3.999921792989126061e+03
3.999923895610274940e+03
3.999927360103731189e+03
3.999928528944903974e+03
3.999927837770375845e+03
3.999931913281264769e+03
3.999929612254048607e+03
3.999926783931605314e+03
3.999924745559853363e+03
3.999923966342931635e+03
3.999925619253213881e+03
3.999926266198044232e+03
3.999924570706577924e+03
3.999926232385459571e+03
3.999931075388631143e+03
3.999930389332063896e+03
3.999927879095718708e+03
3.999926855629693819e+03
3.999927181955636570e+03
3.999931952710266160e+03
3.999932317758323279e+03
3.999936838221716698e+03
3.999937372503405641e+03
3.999937874878640287e+03
3.999938467587498508e+03
3.999937894047482587e+03
3.999940657999896757e+03
3.999939824062397292e+03
3.999940978062356862e+03
3.999939810096084329e+03
3.999940966574048616e+03
3.999942415544794130e+03
3.999937844699300967e+03
3.999934490231831205e+03
3.999935555643706721e+03
3.999935413799843900e+03
3.999935349827897426e+03
3.999937843153346421e+03
3.999937599977954960e+03
3.999938223298772300e+03
3.999935289394864412e+03
3.999932479887513637e+03
3.999930728778865159e+03
3.999930051991687378e+03
3.999928274795153811e+03
3.999929358806796699e+03
3.999931349889892772e+03
3.999933327724639184e+03
3.999932681115414653e+03
3.999934042428898010e+03
3.999931495597860248e+03
3.999934387702601725e+03
3.999933685288447577e+03
3.999932943945114857e+03
3.999931562014792235e+03
3.999934650714729287e+03
3.999933898283804865e+03
3.999933047323894243e+03
3.999937137103007899e+03
3.999932816159330287e+03
3.999932430032315551e+03
3.999929384371719152e+03
3.999926084781546706e+03
3.999923862184164591e+03
3.999925038004068483e+03
3.999924843885092741e+03
3.999921169568413461e+03
3.999919464789958965e+03
3.999920641579702533e+03
3.999919138934958937e+03
3.999919122505803443e+03
3.999919673773141767e+03
3.999921922975373036e+03
3.999921461678114611e+03
3.999918767951250629e+03
3.999920040304883969e+03
3.999918458598629513e+03
3.999918605679863049e+03
3.999915943166330635e+03
3.999916348856781951e+03
3.999917003533019852e+03
3.999918660593441473e+03
3.999922287626581692e+03
3.999921621343980405e+03
3.999922001413066937e+03
3.999920487152830447e+03
3.999921249101442754e+03
3.999923975517310737e+03
3.999926080856384033e+03
3.999923740660808107e+03
3.999921253469327894e+03
3.999924068004818309e+03
3.999926590671481335e+03
3.999926215116352978e+03
3.999927556193656073e+03
3.999924173894930846e+03
3.999920877033733177e+03
3.999918276002527364e+03
3.999916069364960549e+03
3.999917581165414504e+03
3.999912978165934874e+03
3.999910628272536542e+03
3.999908425646999603e+03
3.999907734674766743e+03
3.999908921634198578e+03
3.999905182991709353e+03
3.999908380756877705e+03
3.999908529052247559e+03
3.999907259707802950e+03
3.999907425675420200e+03
3.999908647723919785e+03
3.999907227881368271e+03
3.999903881949733204e+03
3.999906428401335688e+03
3.999904820114629274e+03
3.999905115505191134e+03
3.999905839021745123e+03
3.999907751998959156e+03
3.999912222847353405e+03
3.999910653361906043e+03
3.999912882688985519e+03
3.999914266456510177e+03
3.999912713837949013e+03
3.999915446266031722e+03
3.999912140305449157e+03
3.999911218210575953e+03
3.999912699403450006e+03
3.999911840899960680e+03
3.999914330229781626e+03
3.999914719155585317e+03
3.999915370449387410e+03
3.999915079624267946e+03
3.999915661039739462e+03
3.999915194897532274e+03
3.999916206881947801e+03
3.999916100299461959e+03
3.999915309625940608e+03
3.999914468931746796e+03
3.999912271182230597e+03
3.999911081839699818e+03
3.999909205902786198e+03
3.999909655573442251e+03
3.999908665068880509e+03
3.999908560470417797e+03
3.999911060337983145e+03
3.999915827008332144e+03
3.999914828343897170e+03
3.999915095437836499e+03
3.999914298948350279e+03
3.999914115578726978e+03
3.999914973336140065e+03
3.999916468351817457e+03
3.999917458863391857e+03
3.999917962473000898e+03
3.999917922287430429e+03
3.999917427623291132e+03
3.999916972186829298e+03
3.999915143581602933e+03
3.999915151056128707e+03
3.999912947670211452e+03
3.999910917465741932e+03
3.999910176098518605e+03
3.999909250504647389e+03
3.999910480471519804e+03
3.999910359637717647e+03
3.999912750919736482e+03
3.999916464870948857e+03
3.999918901648304200e+03
3.999922969062990433e+03
3.999920910960473520e+03
3.999927080853330153e+03
3.999928985056087640e+03
3.999925565617118991e+03
3.999927058104336083e+03
3.999929882383852146e+03
3.999931739562654457e+03
3.999928888528478637e+03
3.999926183175343340e+03
3.999925786944864740e+03
3.999928441971142092e+03
3.999927455532210843e+03
3.999928442809450189e+03
3.999929699829081073e+03
3.999931361577836924e+03
3.999931256025973198e+03
3.999929023708808018e+03
3.999927212326058452e+03
3.999926387622298989e+03
3.999924842405492200e+03
3.999923026727146407e+03
3.999919087540777582e+03
3.999922520359961254e+03
3.999920421248107687e+03
3.999924613219619914e+03
3.999921720837204248e+03
3.999921237036272032e+03
3.999920620717240126e+03
3.999923375268553627e+03
3.999921827861002839e+03
3.999923013774023730e+03
3.999921715921419036e+03
3.999917461684323371e+03
3.999918304746738158e+03
3.999915327938265818e+03
3.999919260943925565e+03
3.999918331236899121e+03
3.999916740398330603e+03
3.999916475564784832e+03
3.999914544664435198e+03
3.999917257174289716e+03
3.999920406902607283e+03
3.999924140728410293e+03
3.999923122082811915e+03
3.999921321288378294e+03
3.999916794098921855e+03
3.999922078924606922e+03
3.999923152390183077e+03
3.999924846752955546e+03
3.999926912777028065e+03
3.999927660958952401e+03
3.999931270955199579e+03
3.999927689018988076e+03
3.999924207662796562e+03
3.999919885624384733e+03
3.999920739482067347e+03
3.999918390285696660e+03
3.999916448329370269e+03
3.999916646312737612e+03
3.999915478120723492e+03
3.999915888159934184e+03
3.999915466096421369e+03
3.999914681660412953e+03
3.999916759998378438e+03
3.999915873483589166e+03
3.999913490615694627e+03
3.999914935559681908e+03
3.999911298626419011e+03
3.999911736416414442e+03
3.999908737261716396e+03
3.999908462574578607e+03
3.999907508648805560e+03
3.999908973549791426e+03
3.999909805795271950e+03
3.999911278926760588e+03
3.999911728197966113e+03
3.999912627600970609e+03
3.999911073539409699e+03
3.999909395917728489e+03
3.999908300238352695e+03
3.999906779497398929e+03
3.999902133463108385e+03
3.999903963721225864e+03
3.999900575463296263e+03
3.999903075335391350e+03
3.999903725792268233e+03
3.999907192388047406e+03
3.999907473750202371e+03
3.999909823118253371e+03
3.999911759450068530e+03
3.999908018912833995e+03
3.999909109004061065e+03
3.999907045379773990e+03
3.999905496411775857e+03
3.999905332544997236e+03
3.999904365900941229e+03
3.999903773712508610e+03
3.999905181909188286e+03
3.999907645794229666e+03
3.999906176553019122e+03
3.999907840341327756e+03
3.999906925438207054e+03
3.999907547039350902e+03
3.999908548701246673e+03
3.999906509384720721e+03
3.999904553455248788e+03
3.999902018822108403e+03
3.999902008186839794e+03
3.999904688629985685e+03
3.999903500510723006e+03
3.999903292521976255e+03
3.999903687775367871e+03
3.999902486168953146e+03
3.999901672207836327e+03
3.999898568540007091e+03
3.999899072945063836e+03
3.999900238662131414e+03
3.999896903552762069e+03
3.999895264348778710e+03
3.999893694877579492e+03
3.999893900534860222e+03
3.999890566877671972e+03
3.999892646599126692e+03
3.999891383480341574e+03
3.999892801968700041e+03
3.999893235450650081e+03
3.999888925842988556e+03
3.999887623404344595e+03
3.999888430942464765e+03
3.999888011371920584e+03
3.999887714530139874e+03
3.999885620066002502e+03
3.999886940154904096e+03
3.999886480398715321e+03
3.999891028157960136e+03
3.999892216359494796e+03
3.999895456574126911e+03
3.999895105009288727e+03
3.999894602783955634e+03
3.999893553454810444e+03
3.999893299263207155e+03
3.999895841412142545e+03
3.999896555500647992e+03
3.999895142236187439e+03
3.999896111356974416e+03
3.999895555820225582e+03
3.999894931987946165e+03
3.999893768042617467e+03
3.999896019898621944e+03
3.999894619452836196e+03
3.999891984256125397e+03
3.999893891523837283e+03
3.999892680255939467e+03
3.999891235114029769e+03
3.999886859033233577e+03
3.999884727495161314e+03
3.999887981905523247e+03
3.999888898854117542e+03
3.999887755600770561e+03
3.999887964199177532e+03
3.999892345118050798e+03
3.999892811216390328e+03
3.999889974256064306e+03
3.999888755868985299e+03
3.999885854797390039e+03
3.999884081691953725e+03
3.999886478481535960e+03
3.999887446538644326e+03
3.999891001946095002e+03
3.999890200095323053e+03
3.999889683661349409e+03
3.999887066628961747e+03
3.999885554731455613e+03
3.999883008798261017e+03
3.999879732952721042e+03
3.999883117244790810e+03
3.999883788607056431e+03
3.999882184089839484e+03
3.999880846086365636e+03
3.999885649122064933e+03
3.999887335231873749e+03
3.999889914001147190e+03
3.999886731847218016e+03
3.999888699101959901e+03
3.999883752213520893e+03
3.999882285646215678e+03
3.999882047390062780e+03
3.999883702258537141e+03
3.999880063293430794e+03
3.999876861845646545e+03
3.999873620784950162e+03
3.999872998735902456e+03
3.999870047358363081e+03
3.999867913246379885e+03
3.999866397266931017e+03
3.999867961222051235e+03
3.999869542012159854e+03
3.999869664324638052e+03
3.999870191004620210e+03
3.999869520335186735e+03
3.999870506133324852e+03
3.999868944191925493e+03
3.999869271455997932e+03
3.999867525372821547e+03
3.999866984015201524e+03
3.999868167451409590e+03
3.999868196663335311e+03
3.999868743316846576e+03
3.999870603190342990e+03
3.999869076713563118e+03
3.999870033499009423e+03
3.999868938691504354e+03
3.999867757010198147e+03
3.999866692799758312e+03
3.999867261612087077e+03
3.999866906249775639e+03
3.999867102738276571e+03
3.999867118250046133e+03
3.999867224572732084e+03
3.999867127505818189e+03
3.999867252294054651e+03
3.999866677843708658e+03
3.999867413699825192e+03
3.999867241415758599e+03
3.999867378903176359e+03
3.999869137928647433e+03
3.999867027844801214e+03
3.999866208604738404e+03
3.999865598699260318e+03
3.999863499463576318e+03
3.999864423904904015e+03
3.999865921852192059e+03
3.999864239243272095e+03
3.999862724835549670e+03
3.999861571299499246e+03
3.999862559863922343e+03
3.999862568407097115e+03
3.999861479171438532e+03
3.999863273807609858e+03
3.999860180383188890e+03
3.999859794738286837e+03
3.999858828593326962e+03
3.999858007356684539e+03
3.999859671757873457e+03
3.999861526797314582e+03
3.999861411083406892e+03
3.999861443464934382e+03
3.999862651318968801e+03
3.999862845994254712e+03
3.999860361280432699e+03
3.999858825666360190e+03
3.999858575354520781e+03
3.999859928151424810e+03
3.999858264944431539e+03
3.999857716158455332e+03
3.999858284680704401e+03
3.999861042712182098e+03
3.999861844657246820e+03
3.999860224608896715e+03
3.999861024833982810e+03
3.999863582652322748e+03
3.999862221425438747e+03
3.999862511991342672e+03
3.999860921929394863e+03
3.999861042528078087e+03
3.999863802067828601e+03
3.999864335931358255e+03
3.999865988572993047e+03
3.999866011211066507e+03
3.999866334741416267e+03
3.999863584960733078e+03
3.999865093044862533e+03
3.999863169902618210e+03
3.999862039523038220e+03
3.999861219738403179e+03
3.999861924995807840e+03
3.999862173547460316e+03
3.999861673707281625e+03
3.999860599069942509e+03
3.999859107073443738e+03
3.999858600093633413e+03
3.999858153440874958e+03
3.999859718909321145e+03
3.999860748632280774e+03
3.999861305459702180e+03
3.999861238591000983e+03
3.999861052733018823e+03
3.999859569094679046e+03
3.999861700986331925e+03
3.999861958921441328e+03
3.999863994573670425e+03
3.999862953879647193e+03
3.999862082385676331e+03
3.999862018402488502e+03
3.999861736466933053e+03
3.999862924157123416e+03
3.999863584242188608e+03
3.999862069796277865e+03
3.999861984894323996e+03
3.999861939663759586e+03
3.999861495353610735e+03
3.999861092379330785e+03
3.999861231476824742e+03
3.999861732194052820e+03
3.999862917222522810e+03
3.999862411979638637e+03
3.999864290934745441e+03
3.999864423809826803e+03
3.999865618316492601e+03
3.999864965332090378e+03
3.999862780254732115e+03
3.999862382365337453e+03
3.999862216531705599e+03
3.999860788170332853e+03
3.999860372359307348e+03
3.999859256429467223e+03
3.999857544043379221e+03
3.999855713057331286e+03
3.999853027165654112e+03
3.999853854849971867e+03
3.999855078322447298e+03
3.999854077838111152e+03
3.999850687074256257e+03
3.999852192906231267e+03
3.999850873266561848e+03
3.999852395596192764e+03
3.999849987195913855e+03
3.999849132341130826e+03
3.999850110330831285e+03
3.999852798119435192e+03
3.999851727577723068e+03
3.999847943603864223e+03
3.999848492439187339e+03
3.999849315659790591e+03
3.999848274477973973e+03
3.999848730019676168e+03
3.999848161077166878e+03
3.999849232996681167e+03
3.999850851739822247e+03
3.999850888394581489e+03
3.999851519814430503e+03
3.999852513754283336e+03
3.999852130192910408e+03
3.999852309471628359e+03
3.999852648437955395e+03
3.999854497822491794e+03
3.999854914437739808e+03
3.999855873504893680e+03
3.999854517250989375e+03
3.999855480626619283e+03
3.999856755534994136e+03
3.999855133866911274e+03
3.999854111679907419e+03
3.999856660469283270e+03
3.999858399838741207e+03
3.999857971770828499e+03
3.999857228780594141e+03
3.999857813189035824e+03
3.999857816713838019e+03
3.999854857463994449e+03
3.999855848229415642e+03
3.999857534294040761e+03
3.999856904783871414e+03
3.999855196985998191e+03
3.999854506725620013e+03
3.999856791849209912e+03
3.999856038320514926e+03
3.999855596230403989e+03
3.999855173958091655e+03
3.999853664896743794e+03
3.999854296615297699e+03
3.999853758067226408e+03
3.999854193458208101e+03
3.999858395294252205e+03
3.999858550445079800e+03
3.999859004134790666e+03
3.999860906003735181e+03
3.999860185894522147e+03
3.999860092759791314e+03
3.999860184207296697e+03
3.999860065861644216e+03
3.999860302832639718e+03
3.999860652973386550e+03
3.999860414055999627e+03
3.999861366661504235e+03
3.999861470464040394e+03
3.999861657681442466e+03
3.999862252429215914e+03
3.999861764979668806e+03
3.999861255348858322e+03
3.999863103740814495e+03
3.999861643351559451e+03
3.999860450946388937e+03
3.999859719069805124e+03
3.999859349850080889e+03
3.999862039579100838e+03
3.999862128057669452e+03
3.999862546527321228e+03
3.999857511134609467e+03
3.999852087079888406e+03
3.999852184598214080e+03
3.999855171512326706e+03
3.999852828263095034e+03
3.999848358158142673e+03
3.999846822773642089e+03
3.999848732957446828e+03
3.999847633616373969e+03
3.999848843266066979e+03
3.999845720935029021e+03
3.999846349843597636e+03
3.999846761224819147e+03
3.999847490655596175e+03
3.999847824949779806e+03
3.999849048704555116e+03
3.999849390753910939e+03
3.999848808583794835e+03
3.999850156667831470e+03
3.999850944821029771e+03
3.999849254229374765e+03
3.999849449610042939e+03
3.999852227468696583e+03
3.999850700502883228e+03
3.999854550310818922e+03
3.999855341344336011e+03
3.999857425556023827e+03
3.999855302366811884e+03
3.999855500554697755e+03
3.999856683843779138e+03
3.999854636402174492e+03
3.999854355032092826e+03
3.999854536465550609e+03
3.999854851407534170e+03
3.999855095743021593e+03
3.999855781143689910e+03
3.999856571688485474e+03
3.999854804563604830e+03
3.999854169513716442e+03
3.999855790929949308e+03
3.999855730762305484e+03
3.999855019134836766e+03
3.999855520732417517e+03
3.999856630001946996e+03
3.999854162176985938e+03
3.999855278029307556e+03
3.999853499792394814e+03
3.999855091757445734e+03
3.999855381064323865e+03
3.999856664690386879e+03
3.999854761372050689e+03
3.999855352009787111e+03
3.999854511263259155e+03
3.999855999873971541e+03
3.999855517539231641e+03
3.999855425142185595e+03
3.999854591719898508e+03
3.999853566581852647e+03
3.999852217452012155e+03
3.999851684965138247e+03
3.999851723372367815e+03
3.999851856805730222e+03
3.999852258877111126e+03
3.999852260384301189e+03
3.999852312010264995e+03
3.999854481295482856e+03
3.999853870701611413e+03
3.999853797833487079e+03
3.999853758139008733e+03
3.999853364460931061e+03
3.999853333296600795e+03
3.999853792266015262e+03
3.999854886112670556e+03
3.999855504248661418e+03
3.999856448640187864e+03
3.999854485562720129e+03
3.999851026540172370e+03
3.999851938407538455e+03
3.999851952244340282e+03
3.999850630650509174e+03
3.999846410897736405e+03
3.999850339380072910e+03
3.999852335923407281e+03
3.999852027285854092e+03
3.999852036771384064e+03
3.999846936101066603e+03
3.999849234212755164e+03
3.999850300082101967e+03
3.999851539005328959e+03
3.999851040149249911e+03
3.999850138131047970e+03
3.999847587538612970e+03
3.999846303390067078e+03
3.999846316762892002e+03
3.999845920868771827e+03
3.999845219279734465e+03
3.999847548052358434e+03
3.999848178114540133e+03
3.999848090944635260e+03
3.999848575388428799e+03
3.999848251070430251e+03
3.999849566934657105e+03
3.999849604812098733e+03
3.999849150240920608e+03
3.999848067825370435e+03
3.999847511738412322e+03
3.999847434365106437e+03
3.999848554293210782e+03
3.999850261400592899e+03
3.999848906608483048e+03
3.999847618352253448e+03
3.999849349533519671e+03
3.999850415620171134e+03
3.999851087336527598e+03
3.999849944012697961e+03
3.999847801992336827e+03
3.999845994725357286e+03
3.999849050055257521e+03
3.999851168043875077e+03
3.999850878801726594e+03
3.999851501436415674e+03
3.999851036773515716e+03
3.999848438015314969e+03
3.999844087326917361e+03
3.999842957580984603e+03
3.999842743246086229e+03
3.999845588229870827e+03
3.999847719235200657e+03
3.999846542609870085e+03
3.999847585289193830e+03
3.999848733763801192e+03
3.999847809208363742e+03
3.999845910497189379e+03
3.999844562787450741e+03
3.999844325599609874e+03
3.999843989373262502e+03
3.999845402055849263e+03
3.999846511323514278e+03
3.999850445566077269e+03
3.999851510165548007e+03
3.999851406026271434e+03
3.999851691460765778e+03
3.999851235192521472e+03
3.999850438817978556e+03
3.999849865593019786e+03
3.999850531299210161e+03
3.999850303325575169e+03
3.999849346622951543e+03
3.999852309840464841e+03
3.999853862113378455e+03
3.999854260348967728e+03
3.999853061702914601e+03
3.999854716939524224e+03
3.999856843587292587e+03
3.999857143970948982e+03
3.999857785073184914e+03
3.999859954894921884e+03
3.999860431090558450e+03
3.999859113211088697e+03
3.999858197347743044e+03
3.999857833636260693e+03
3.999859770305341954e+03
3.999864895846847048e+03
3.999865129610801432e+03
3.999866135208520973e+03
3.999864326180585977e+03
3.999867651560860850e+03
3.999868511458355442e+03
3.999868035954650622e+03
3.999867356483471667e+03
3.999870896273256676e+03
3.999873615328690903e+03
3.999871637657906376e+03
3.999869118775643074e+03
3.999868241387934631e+03
3.999868757841670686e+03
3.999867621863885688e+03
3.999866155686754155e+03
3.999865839297981438e+03
3.999864933007174841e+03
3.999863779526352118e+03
3.999861797989665774e+03
3.999859883468120643e+03
3.999857213361919548e+03
3.999852433253606705e+03
3.999855072942482821e+03
3.999856352831087861e+03
3.999856295127764042e+03
3.999855050360919449e+03
3.999855669476757157e+03
3.999854528624459817e+03
3.999853334545479356e+03
3.999851132120699276e+03
3.999852238538547226e+03
3.999852807675917120e+03
3.999852434092838848e+03
3.999853682292926806e+03
3.999852802294432877e+03
3.999854505281724869e+03
3.999852618818153587e+03
3.999854604053365165e+03
3.999856331042210513e+03
3.999857350166140805e+03
3.999857393651982420e+03
3.999858267415103001e+03
3.999861216044330376e+03
3.999862212078521679e+03
3.999860866610635185e+03
3.999861777215686288e+03
3.999862153577858862e+03
3.999860199212533189e+03
3.999858637800710312e+03
3.999859953511775984e+03
3.999857256648724615e+03
3.999857776410708993e+03
3.999858294378676874e+03
3.999857175100095901e+03
3.999854990649392676e+03
3.999852649243369797e+03
3.999852216171966575e+03
3.999852134921256038e+03
3.999851895031225013e+03
3.999851371138613104e+03
3.999851065877591282e+03
3.999849911502428768e+03
3.999851258863896874e+03
3.999851411568343337e+03
3.999852421901991420e+03
3.999851846353333258e+03
3.999850099114644763e+03
3.999849764154836976e+03
3.999849759926190927e+03
3.999848415181363180e+03
3.999847116875670963e+03
3.999846161708074305e+03
3.999847073007684230e+03
3.999846168041501187e+03
3.999846610838823381e+03
3.999847736371595147e+03
3.999848761446406115e+03
3.999853897908881663e+03
3.999850147932710115e+03
3.999845025667017126e+03
3.999842520422681901e+03
3.999844499087425447e+03
3.999847219681269507e+03
3.999846258615951228e+03
3.999846575853113336e+03
3.999846189356980176e+03
3.999844864013607094e+03
3.999845964340308910e+03
3.999846625782443425e+03
3.999845705212099347e+03
3.999844387780075522e+03
3.999844198250750196e+03
3.999845959875604422e+03
3.999844041685552384e+03
3.999843138200469184e+03
3.999843721210958392e+03
3.999845635859029699e+03
3.999846026183260165e+03
3.999846766322812073e+03
3.999848754886112147e+03
3.999849292733377752e+03
3.999845942670524892e+03
3.999845795024935796e+03
3.999846752961182574e+03
3.999849014344844363e+03
3.999848951496010159e+03
3.999846908992555655e+03
3.999845982483806438e+03
3.999846062081039236e+03
3.999844323024155074e+03
3.999843146633319066e+03
3.999841563117582155e+03
3.999840231578828480e+03
3.999839673649484666e+03
3.999840463933396677e+03
3.999841552422030873e+03
3.999841479299894218e+03
3.999844327333997626e+03
3.999846544911809815e+03
3.999845660999841584e+03
3.999842721443658320e+03
3.999842030198260545e+03
3.999839300620917584e+03
3.999839668273192274e+03
3.999838011420538351e+03
3.999837966687684002e+03
3.999834600817903265e+03
3.999834287850722376e+03
3.999836040439702629e+03
3.999834574399561461e+03
3.999834163808255198e+03
3.999834056355402026e+03
3.999836096754108439e+03
3.999835155806531475e+03
3.999836213433278317e+03
3.999837542564818250e+03
3.999836604971039378e+03
3.999836532935616106e+03
3.999836763414242796e+03
3.999836730202533545e+03
3.999836345818885093e+03
3.999836606251911689e+03
3.999835462299471146e+03
3.999835359004799557e+03
3.999836041376639059e+03
3.999835927393341990e+03
3.999836687172195070e+03
3.999838781979985470e+03
3.999836795021758462e+03
3.999834591352570897e+03
3.999834372993992019e+03
3.999832640086427546e+03
3.999834491427972807e+03
3.999834110361216517e+03
3.999833779485522882e+03
3.999833014662043752e+03
3.999831446315822632e+03
3.999830333085056282e+03
3.999834032735461278e+03
3.999836161131366225e+03
3.999834168564245829e+03
3.999835574903909219e+03
3.999837417276339238e+03
3.999837259621823705e+03
3.999835770297884210e+03
3.999839219055957528e+03
3.999843037334001110e+03
3.999844197638011792e+03
3.999847860842904538e+03
3.999848452811519110e+03
3.999847179243408391e+03
3.999849349218858606e+03
3.999850677491945589e+03
3.999852855670274494e+03
3.999850804049458475e+03
3.999852887003102751e+03
3.999853189807171930e+03
3.999853015684966977e+03
3.999849050385703777e+03
3.999848479538954052e+03
3.999847662030989341e+03
3.999847559825268490e+03
3.999847777273157590e+03
3.999847361608489337e+03
3.999848967867770625e+03
3.999847419520582662e+03
3.999850015773274663e+03
3.999849531181864222e+03
3.999851008418856054e+03
3.999851716805767410e+03
3.999851825948223905e+03
3.999849443121569038e+03
3.999849595378016147e+03
3.999849983988682197e+03
3.999850407660030214e+03
3.999849698395060386e+03
3.999851428977652176e+03
3.999851078674054861e+03
3.999849743229501655e+03
3.999848287833094673e+03
3.999846268308320305e+03
3.999847180465847032e+03
3.999848205371479708e+03
3.999847673450979983e+03
3.999845899644410110e+03
3.999846816418212711e+03
3.999848039512386094e+03
3.999851342340401061e+03
3.999848353081660207e+03
3.999849701771416676e+03
3.999850004872216232e+03
3.999846012748096200e+03
3.999846250727752704e+03
3.999849691134899331e+03
3.999853043400543356e+03
3.999850941621517904e+03
3.999851777534297526e+03
3.999851780771066842e+03
3.999851690444577343e+03
3.999852206802988803e+03
3.999851939746498829e+03
3.999852257253318385e+03
3.999853151612105648e+03
3.999854256536038065e+03
3.999854059542191408e+03
3.999855299468918020e+03
3.999853186165229090e+03
3.999854175162568936e+03
3.999853005740239496e+03
3.999852960791176884e+03
3.999853169768254702e+03
3.999852580993267566e+03
3.999856818436688627e+03
3.999856061907901676e+03
3.999856159806641699e+03
3.999856798426294063e+03
3.999856508731214035e+03
3.999858970121111724e+03
3.999855982070575919e+03
3.999858413238245248e+03
3.999855798176398366e+03
3.999857592201512489e+03
3.999856788453102581e+03
3.999851935984534975e+03
3.999849406039656969e+03
3.999851506170329230e+03
3.999852383021818696e+03
3.999853235070549090e+03
3.999854525019745779e+03
3.999852775590132296e+03
3.999852082476373653e+03
3.999850796775134768e+03
3.999848647047923805e+03
3.999849748500058467e+03
3.999848928180301755e+03
3.999849504414339663e+03
3.999846907683362588e+03
3.999846494281117884e+03
3.999845666029701079e+03
3.999846684074002042e+03
3.999845656853832224e+03
3.999845762833134813e+03
3.999849223019929468e+03
3.999852187731361028e+03
3.999852403997951114e+03
3.999854445310226311e+03
3.999856538637379344e+03
3.999856995011177332e+03
3.999860018176825633e+03
3.999858110624594701e+03
3.999857167572470644e+03
3.999856043487528495e+03
3.999855831213116744e+03
3.999858274826870002e+03
3.999857583011210409e+03
3.999855566804352293e+03
3.999854241330557215e+03
3.999854166938398521e+03
3.999854938757288437e+03
3.999853881287572221e+03
3.999853934468239459e+03
3.999851257600881127e+03
3.999850971756090530e+03
3.999853988585014577e+03
3.999852879365940225e+03
3.999852779040124005e+03
3.999851681408077184e+03
3.999851657913753115e+03
3.999848260551882504e+03
3.999850143303538971e+03
3.999848034253082915e+03
3.999849457065617116e+03
3.999847171251622058e+03
3.999850073251373487e+03
3.999847818581175034e+03
3.999847312588823115e+03
3.999846293382573549e+03
3.999846337236957424e+03
3.999846292769609590e+03
3.999846017234121064e+03
3.999844977710189596e+03
3.999845587203034029e+03
3.999844692614730320e+03
3.999843267633163578e+03
3.999843596275690288e+03
3.999842878359058432e+03
3.999842874737116290e+03
3.999843090229286645e+03
3.999843614172742946e+03
3.999842585996281286e+03
3.999838761012874329e+03
3.999842348192003556e+03
3.999842690276024769e+03
3.999843677512528757e+03
3.999841250783925261e+03
3.999840146830409594e+03
3.999840124328462934e+03
3.999834403793371166e+03
3.999836911038956714e+03
3.999836323072847790e+03
3.999836626125937073e+03
3.999832615380945754e+03
3.999830524014647835e+03
3.999835041280009591e+03
3.999836930296176433e+03
3.999833375268582586e+03
3.999835002596624236e+03
3.999836139087025003e+03
3.999838639292079279e+03
3.999840373157066097e+03
3.999839214269898548e+03
3.999836597109522700e+03
3.999835519694915547e+03
3.999835285418131662e+03
3.999837137452678689e+03
3.999834711198625882e+03
3.999834901675042602e+03
3.999832005551460497e+03
3.999826737528606373e+03
3.999826423471706221e+03
3.999826080116431058e+03
3.999827084766297503e+03
3.999826242603382525e+03
3.999825842188754450e+03
3.999825620604840879e+03
3.999825998199283276e+03
3.999827903294962198e+03
3.999825749980359888e+03
3.999826557319862331e+03
3.999826295100304378e+03
3.999828307205932560e+03
3.999829209071175683e+03
3.999832404228347059e+03
3.999833947322269069e+03
3.999836723854441971e+03
3.999834139466223860e+03
3.999833662580171222e+03
3.999834178106804757e+03
3.999834263524961443e+03
3.999833887430923369e+03
3.999833179033364104e+03
3.999832166922938086e+03
3.999835409530374818e+03
3.999836756000507648e+03
3.999834416374260854e+03
3.999836260690596646e+03
3.999835070754377739e+03
3.999835960332165087e+03
3.999836676335984976e+03
3.999836816939144228e+03
3.999835948298989024e+03
3.999837908409135707e+03
3.999836990710902683e+03
3.999834865449304743e+03
3.999834782999016625e+03
3.999833222996281620e+03
3.999834523150389032e+03
3.999834954180544628e+03
3.999838457572957850e+03
3.999837964512129020e+03
3.999840303510345620e+03
3.999843923747979716e+03
3.999841913536818083e+03
3.999844503681246351e+03
3.999844082235707447e+03
3.999843828191364082e+03
3.999843577859600828e+03
3.999842514418685369e+03
3.999845155636844993e+03
3.999846316799067608e+03
3.999845591549347773e+03
3.999844426684489918e+03
3.999845142362094521e+03
3.999846024238338032e+03
3.999846044635573435e+03
3.999843951493508939e+03
3.999845988864708943e+03
3.999848068590897128e+03
3.999852919726268738e+03
3.999848938352440200e+03
3.999851685756810184e+03
3.999849390245334234e+03
3.999846720905074562e+03
3.999843225498719221e+03
3.999845521864473994e+03
3.999849934811189542e+03
3.999849149006104653e+03
3.999849604638575784e+03
3.999851452334085934e+03
3.999851833400999112e+03
3.999849283698593808e+03
3.999851090147103605e+03
3.999850712667437620e+03
3.999852966432163157e+03
3.999855305858385691e+03
3.999856597674919612e+03
3.999859060288048113e+03
3.999856120977528008e+03
3.999857559182310524e+03
3.999860488435163916e+03
3.999860499170288222e+03
3.999860648555096759e+03
3.999862320275502498e+03
3.999863083646175710e+03
3.999861563543950524e+03
3.999862152990743198e+03
3.999861482351014274e+03
3.999860561422581213e+03
3.999862716847190768e+03
3.999860696948263922e+03
3.999859557475555903e+03
3.999857821675141622e+03
3.999858732843882535e+03
3.999856666102083636e+03
3.999855859635451907e+03
3.999854344600848890e+03
3.999853766499674748e+03
3.999853881091613403e+03
3.999851221954886114e+03
3.999852842998921005e+03
3.999850984893672830e+03
3.999853809333162644e+03
3.999853394651758208e+03
3.999850545489252454e+03
3.999848897156891326e+03
3.999848106540442132e+03
3.999847902763868206e+03
3.999847947196064979e+03
3.999844568378104668e+03
3.999844957135928780e+03
3.999841682127989316e+03
3.999846856728700004e+03
3.999846574784694440e+03
3.999846161464691704e+03
3.999847083886937071e+03
3.999846270024196656e+03
3.999845620023948413e+03
3.999845595566987413e+03
3.999845880748814125e+03
3.999846237109364210e+03
3.999845632425905478e+03
3.999845112227100344e+03
3.999843212052471699e+03
3.999843989897723077e+03
3.999845475342283862e+03
3.999846350442953735e+03
3.999849730658015687e+03
3.999848253626224050e+03
3.999847550897010933e+03
3.999851624872919729e+03
3.999850450067232487e+03
3.999850827144067352e+03
3.999850829541172516e+03
3.999848320185836201e+03
3.999851563076142156e+03
3.999853201372390231e+03
3.999856125470620100e+03
3.999858505074338609e+03
3.999856750611977532e+03
3.999859267815187195e+03
3.999863738109104361e+03
3.999862396961903414e+03
3.999866524566303269e+03
3.999869716084729589e+03
3.999869357276094888e+03
3.999867773162506182e+03
3.999864473708884361e+03
3.999866837936093816e+03
3.999866339648416215e+03
3.999865409704080776e+03
3.999865570450792802e+03
3.999867151039404234e+03
3.999867825066677597e+03
3.999867495721144678e+03
3.999868308815603541e+03
3.999865785507203327e+03
3.999864141650048168e+03
3.999865282669748922e+03
3.999862328874497962e+03
3.999860546428438283e+03
3.999858609011627777e+03
3.999855028125726676e+03
3.999854375005250859e+03
3.999855216712530364e+03
3.999853061040222656e+03
3.999847754229696420e+03
3.999849516383984337e+03
3.999848093912712102e+03
3.999850847359016370e+03
3.999850680627469046e+03
3.999847302635309006e+03
3.999847849641110315e+03
3.999847953466074159e+03
3.999847582928595784e+03
3.999846050799828390e+03
3.999847182468154642e+03
3.999845458268165658e+03
3.999850115069983076e+03
3.999849502561254212e+03
3.999848606550858221e+03
3.999848044074241443e+03
3.999843956799054013e+03
3.999844056065647692e+03
3.999844574600605029e+03
3.999841597660677962e+03
3.999842564274566485e+03
3.999840462933896561e+03
3.999842248269044831e+03
3.999841231245143717e+03
3.999841459598856090e+03
3.999837993211508547e+03
3.999837566948847780e+03
3.999841581605620831e+03
3.999840436706776927e+03
3.999840133514258014e+03
3.999839561857502758e+03
3.999838508771045326e+03
3.999838472976971389e+03
3.999838874683332506e+03
3.999838480951234487e+03
3.999837537955444077e+03
3.999837953275694872e+03
3.999839203804806402e+03
3.999838015392183479e+03
3.999836473037202722e+03
3.999834589028331720e+03
3.999832682793950426e+03
3.999834981523631996e+03
3.999837011823301054e+03
3.999838547614195249e+03
3.999838548161315430e+03
3.999835891251975681e+03
3.999835482828791555e+03
3.999836015653266259e+03
3.999837010341077075e+03
3.999835728205395299e+03
3.999839575070142473e+03
3.999831782487975488e+03
3.999834383769317355e+03
3.999824796979636176e+03
3.999828071979260130e+03
3.999830533459642538e+03
3.999826517631748175e+03
3.999829602027482451e+03
3.999829022333962257e+03
3.999825947849742079e+03
3.999830562927778374e+03
3.999831031850483669e+03
3.999825233110921999e+03
3.999822775491456014e+03
3.999825436489889398e+03
3.999823145034799381e+03
3.999819517030478437e+03
3.999822571665818941e+03
3.999824371641399921e+03
3.999828213388928361e+03
3.999831442989782317e+03
3.999830920399643674e+03
3.999831197370917380e+03
3.999832658625557997e+03
3.999835247900115974e+03
3.999833320615804951e+03
3.999834611493107332e+03
3.999835065832452983e+03
3.999834890820086457e+03
3.999836177240314100e+03
3.999834791521742318e+03
3.999828744524397280e+03
3.999833484718402815e+03
3.999835594364758435e+03
3.999837089359836227e+03
3.999839033006468981e+03
3.999843575310642791e+03
3.999839755948004949e+03
3.999837955580487233e+03
3.999837326870275774e+03
3.999836375424355083e+03
3.999834341192599368e+03
3.999830862978830737e+03
3.999830470802474792e+03
3.999829978162273164e+03
3.999830895833166323e+03
3.999832128802320312e+03
3.999835753186589500e+03
3.999838160001980214e+03
3.999837024826321340e+03
3.999838444872180844e+03
3.999838654931374094e+03
3.999839860781224615e+03
3.999840849174153846e+03
3.999841439977943992e+03
3.999841759573905165e+03
3.999839672226435596e+03
3.999840299116598544e+03
3.999838690860045062e+03
3.999839968449276967e+03
3.999838719925246551e+03
3.999838594363124230e+03
3.999838624649909889e+03
3.999839482111191046e+03
3.999839574977525444e+03
3.999838759060868597e+03
3.999837777258710048e+03
3.999837220811028146e+03
3.999836842081837858e+03
3.999838697884307749e+03
3.999838552692247504e+03
3.999834134537249611e+03
3.999833135238980049e+03
3.999832852938253836e+03
3.999833278874309144e+03
3.999835950276642507e+03
3.999830947298876254e+03
3.999830378634440422e+03
3.999830761646445353e+03
3.999829470027478692e+03
3.999828369877896421e+03
3.999833817040676422e+03
3.999833710609590071e+03
3.999829655558540708e+03
3.999827140165680248e+03
3.999825318293605960e+03
3.999826696262528912e+03
3.999825600305552143e+03
3.999829420414296692e+03
3.999831207188204189e+03
3.999830225801814777e+03
3.999829314881412756e+03
3.999824415806262095e+03
3.999824967750042561e+03
3.999826778099678450e+03
3.999827889440355193e+03
3.999829060213160574e+03
3.999828244363362501e+03
3.999826374789275633e+03
3.999829086762118095e+03
3.999827785906393274e+03
3.999824355408621614e+03
3.999829803853500835e+03
3.999829103357713848e+03
3.999829570908338610e+03
3.999832167813518481e+03
3.999829106404552931e+03
3.999827400157807006e+03
3.999826822004378755e+03
3.999823237707511453e+03
3.999824545726460201e+03
3.999826715324912584e+03
3.999825851104242702e+03
3.999824819911312716e+03
3.999824026710138696e+03
3.999826914676558772e+03
3.999823516775995813e+03
3.999822698053442764e+03
3.999821871560392992e+03
3.999821254903391491e+03
3.999820365008556564e+03
3.999820308957455836e+03
3.999820345320818433e+03
3.999820602479046556e+03
3.999820781655489100e+03
3.999820604142398224e+03
3.999820518893806820e+03
3.999820780902823117e+03
3.999820736847073931e+03
3.999820647361543251e+03
3.999820446144509788e+03
3.999820436755443552e+03
3.999820622132641347e+03
3.999820785141550004e+03
3.999820772411090275e+03
3.999820599842842967e+03
3.999820397872643298e+03
3.999820391477472640e+03
3.999820518375542633e+03
3.999820513077856504e+03
3.999820449867154821e+03
3.999819712128240553e+03
3.999818505757134517e+03
3.999819318984870733e+03
3.999820269340203595e+03
3.999819073960834885e+03
3.999819384599664318e+03
3.999820827851486683e+03
3.999820804316630529e+03
3.999821255025091887e+03
3.999822733470452022e+03
3.999822086176744051e+03
3.999821721564243944e+03
3.999822393700422708e+03
3.999822891676300515e+03
3.999823318587602898e+03
3.999823275034271319e+03
3.999823303317982663e+03
3.999822916099052691e+03
3.999822856328947182e+03
3.999822930491390707e+03
3.999823228944363564e+03
3.999821053583311368e+03
3.999822450732567631e+03
3.999822237614178448e+03
3.999822367118608781e+03
3.999820531704467157e+03
3.999820457267518577e+03
3.999819637591248011e+03
3.999819128846763761e+03
3.999818837103663554e+03
3.999818668751419409e+03
3.999818656504718092e+03
3.999818470787881779e+03
3.999818561080602649e+03
3.999818600187321408e+03
3.999818624254975475e+03
3.999818797104861915e+03
3.999818860447685438e+03
3.999818935123880692e+03
3.999819036447648159e+03
3.999819079642719316e+03
3.999819177242172827e+03
3.999819077687430308e+03
3.999819224465290972e+03
3.999819174626959921e+03
3.999819085305865883e+03
3.999819247900520168e+03
3.999819358467249458e+03
3.999819396694869283e+03
3.999819455578144243e+03
3.999819409977503710e+03
3.999819796359050997e+03
3.999819793709624264e+03
3.999820037154708189e+03
3.999819999523893330e+03
3.999819979604067612e+03
3.999819828594386308e+03
3.999819837281224864e+03
3.999819716566899842e+03
3.999819698294493264e+03
3.999819637601474369e+03
3.999819299484473959e+03
3.999819524623174402e+03
3.999819653812885463e+03
3.999819587253542977e+03
3.999819648259157930e+03
3.999819445478502075e+03
3.999819148174513884e+03
3.999819071162487035e+03
3.999818930789353999e+03
3.999819155478358425e+03
3.999819272207168979e+03
3.999819246893978743e+03
3.999819469133212806e+03
3.999819728724586639e+03
3.999819475303547733e+03
3.999819544904119994e+03
3.999819465269963530e+03
3.999819381885842631e+03
3.999819443686375052e+03
3.999818216539460082e+03
3.999816884879514873e+03
3.999815835363066981e+03
3.999815125013048601e+03
3.999813682413916013e+03
3.999812271875486203e+03
3.999811602757074070e+03
3.999812090643263218e+03
3.999811680916156547e+03
3.999810661178042210e+03
3.999811073726002178e+03
3.999810996848727427e+03
3.999811165638581770e+03
3.999811308268893754e+03
3.999811258600757355e+03
3.999810750685779112e+03
3.999811221396378642e+03
3.999810846866349038e+03
3.999810478183614123e+03
3.999810549686699687e+03
3.999806036182062599e+03
3.999808640936972097e+03
3.999807031904172618e+03
3.999806358772635576e+03
3.999804951080231604e+03
3.999804272861762001e+03
3.999802983414712344e+03
3.999801612385098451e+03
3.999800882695085875e+03
3.999800190761380236e+03
3.999800786308228453e+03
3.999800725406722449e+03
3.999800984021538625e+03
3.999800811939638152e+03
3.999800661845571085e+03
3.999801026423740041e+03
3.999801108544800172e+03
3.999801115734092946e+03
3.999801026984945565e+03
3.999801014520608987e+03
3.999801067663978756e+03
3.999801076146471587e+03
3.999801097982768624e+03
3.999801127745429767e+03
3.999801081622417314e+03
3.999800923436544053e+03
3.999800808716026040e+03
3.999801025932863467e+03
3.999800864528018792e+03
3.999800949539511294e+03
3.999800914727179588e+03
3.999800987440059544e+03
3.999800939018126428e+03
3.999800924653957736e+03
3.999800765401138960e+03
3.999800674221298777e+03
3.999800760223496582e+03
3.999800673209061642e+03
3.999800510007706180e+03
3.999800239710453752e+03
3.999803058394711115e+03
3.999804572266200921e+03
3.999804507564305823e+03
3.999798222675750367e+03
3.999799143173538141e+03
3.999801874097982363e+03
3.999795571547615964e+03
3.999798636499991972e+03
3.999792854793594415e+03
3.999792430260409219e+03
3.999790160938450754e+03
3.999792649903162783e+03
3.999795706877668181e+03
3.999798814134446729e+03
3.999799244410802658e+03
3.999797921221740580e+03
3.999800462223240629e+03
3.999797633387931000e+03
3.999794956359705338e+03
3.999794288182320088e+03
3.999794244133957363e+03
3.999793787862939098e+03
3.999793683558610610e+03
3.999793763473595845e+03
3.999792788000228484e+03
3.999792876153304860e+03
3.999793056583758698e+03
3.999792449509454400e+03
3.999793880622944016e+03
3.999789787365979009e+03
3.999790908586883688e+03
3.999793599949025975e+03
3.999791759903999264e+03
3.999791055252692786e+03
3.999793430619487481e+03
3.999792342630268195e+03
3.999790572702971531e+03
3.999791655343944058e+03
3.999788560240403058e+03
3.999791851424040487e+03
3.999780740970261832e+03
3.999790996377117608e+03
3.999790723492922552e+03
3.999792498261625042e+03
3.999792588040989813e+03
3.999792278602484657e+03
3.999791666425696803e+03
3.999793141475783159e+03
3.999797833403198638e+03
3.999793356115109873e+03
3.999793766204247277e+03
3.999792409854679136e+03
3.999790102722699885e+03
3.999790598699734346e+03
3.999792208853995817e+03
3.999791984903164575e+03
3.999788840405778046e+03
3.999787065629722747e+03
3.999788667491056913e+03
3.999786808591314184e+03
3.999789803634746477e+03
3.999793766726204467e+03
3.999796205718563215e+03
3.999794213301088803e+03
3.999791548233276899e+03
3.999788353398290838e+03
3.999788761503424666e+03
3.999789973725953587e+03
3.999787661298257717e+03
3.999785662548030814e+03
3.999787479527130472e+03
3.999789560706669818e+03
3.999793257536644887e+03
3.999794062601714813e+03
3.999794107638428613e+03
3.999791341461575030e+03
3.999788047180284138e+03
3.999787142239594232e+03
3.999785160128226380e+03
3.999783918214123787e+03
3.999783753022097699e+03
3.999783454635689395e+03
3.999783531955293256e+03
3.999783578872032194e+03
3.999783363420014211e+03
3.999783374901259322e+03
3.999783167226118167e+03
3.999783355201511313e+03
3.999783238255718516e+03
3.999783340415960993e+03
3.999783311627465991e+03
3.999783298022605322e+03
3.999783274647699272e+03
3.999783387193491308e+03
3.999783293208055966e+03
3.999783229127719551e+03
3.999783079806665683e+03
3.999782932203034761e+03
3.999782825281025453e+03
3.999782766737320799e+03
3.999781978155637262e+03
3.999782036265900388e+03
3.999782925558763509e+03
3.999783608717189963e+03
3.999782539085251301e+03
3.999783069965684717e+03
3.999782492016341166e+03
3.999782705603898648e+03
3.999781621763669591e+03
3.999781819724442357e+03
3.999780885784943621e+03
3.999781109800642753e+03
3.999781194191552459e+03
3.999781164702951628e+03
3.999781770051433796e+03
3.999781699754442343e+03
3.999781695352614861e+03
3.999781317110692726e+03
3.999780988994168183e+03
3.999781280673117180e+03
3.999781886364807633e+03
3.999782985838467084e+03
3.999781919977107918e+03
3.999780578154136947e+03
3.999778716328315568e+03
3.999777230371505539e+03
3.999777726443447591e+03
3.999778304187360845e+03
3.999777604657477241e+03
3.999776483917422865e+03
3.999776419761637499e+03
3.999776251600845626e+03
3.999776138032441395e+03
3.999776049830912143e+03
3.999775875444037410e+03
3.999775299320354861e+03
3.999775485472823675e+03
3.999775643420463439e+03
3.999775548810213422e+03
3.999775453603092046e+03
3.999775331613472645e+03
3.999775108442179771e+03
3.999775226565607682e+03
3.999775199382504979e+03
3.999775367904111590e+03
3.999775369842316195e+03
3.999775305174647656e+03
3.999775387950010099e+03
3.999775334235622722e+03
3.999775474918877990e+03
3.999775552429427080e+03
3.999775547602150709e+03
3.999775391256964667e+03
3.999775332505131246e+03
3.999775105153481945e+03
3.999775030398452600e+03
3.999775008119529502e+03
3.999774802676748095e+03
3.999774913091847338e+03
3.999775194934938099e+03
3.999771418949281724e+03
3.999770576336918111e+03
3.999774025743831317e+03
3.999772647881626199e+03
3.999776439921231486e+03
3.999772824875838069e+03
3.999773833797573388e+03
3.999771713535695199e+03
3.999769702842969764e+03
3.999767503583710095e+03
3.999768246835832088e+03
3.999765745207697819e+03
3.999760458445385666e+03
3.999759622589532682e+03
3.999764475184229468e+03
3.999764670274316359e+03
3.999762727479801924e+03
3.999765336309768827e+03
3.999765570582042528e+03
3.999765917083273507e+03
3.999765871035219789e+03
3.999765523960256814e+03
3.999766008255913221e+03
3.999767626891714826e+03
3.999768125297782262e+03
3.999768530891213686e+03
3.999771757925811926e+03
3.999770474221461882e+03
3.999769015117045001e+03
3.999767047260054824e+03
3.999766759092175562e+03
3.999763716413334805e+03
3.999762759325546085e+03
3.999762900557018384e+03
3.999765825250939088e+03
3.999766396981308390e+03
3.999763444772844196e+03
3.999762493642940626e+03
3.999765471940742373e+03
3.999760939129660983e+03
3.999761431363333031e+03
3.999772372406778686e+03
3.999774530512587262e+03
3.999772299585218661e+03
3.999772646911173524e+03
3.999777608077388777e+03
3.999774516665749616e+03
3.999775368348931806e+03
3.999777272784247089e+03
3.999777624924458905e+03
3.999777187094151031e+03
3.999778519043467895e+03
3.999783617595267515e+03
3.999788681409162109e+03
3.999787090157125476e+03
3.999788442049212335e+03
3.999791791413951159e+03
3.999792167286667791e+03
3.999793653571879986e+03
3.999787139061495964e+03
3.999787766921807815e+03
3.999787646368594778e+03
3.999788099464943571e+03
3.999785777264686203e+03
3.999782122537191299e+03
3.999781267856334125e+03
3.999777529364532711e+03
3.999775126538316727e+03
3.999775601263500903e+03
3.999778357058153688e+03
3.999779215034392564e+03
3.999776503429580316e+03
3.999776377904464880e+03
3.999777132174875078e+03
3.999779180763269778e+03
3.999776108944433417e+03
3.999775074479322029e+03
3.999773941532958816e+03
3.999772177592914431e+03
3.999772769783116928e+03
3.999780654060610686e+03
3.999783719194835157e+03
3.999782087108529140e+03
3.999785017985555896e+03
3.999783098354882441e+03
3.999775711234598475e+03
3.999767648856234700e+03
3.999768861674906475e+03
3.999766162752390755e+03
3.999766932694672050e+03
3.999769009835908037e+03
3.999765661297051338e+03
3.999764292985282282e+03
3.999766818858582610e+03
3.999772147676460463e+03
3.999767776671783849e+03
3.999761841409287172e+03
3.999756670182367543e+03
3.999761091312284407e+03
3.999763723169723562e+03
3.999764307812882635e+03
3.999760380964260548e+03
3.999757720087398866e+03
3.999759992706085995e+03
3.999760780002175125e+03
3.999764669294205760e+03
3.999756621933135648e+03
3.999752987033005866e+03
3.999753089825322604e+03
3.999758661790574024e+03
3.999761458915227195e+03
3.999768570540082237e+03
3.999770357033843538e+03
3.999768045708327008e+03
3.999757983631471689e+03
3.999753097463279119e+03
3.999756891782330058e+03
3.999757071766983699e+03
3.999768592889965021e+03
3.999766353320856979e+03
3.999771289565049756e+03
3.999776182604333371e+03
3.999784473444111882e+03
3.999771303441015334e+03
3.999766270050869025e+03
3.999772756285529795e+03
3.999774289078891798e+03
3.999776533442496202e+03
3.999788218784950914e+03
3.999786349934528516e+03
3.999783434485539601e+03
3.999789419308607648e+03
3.999790809225268276e+03
3.999787536220744187e+03
3.999792560013519960e+03
3.999791714734945799e+03
3.999788783195559063e+03
3.999787650992077033e+03
3.999789890993926292e+03
3.999785304784379150e+03
3.999780659986902265e+03
3.999781863115121268e+03
3.999778244296363482e+03
3.999779664431143829e+03
3.999785222875883392e+03
3.999783089790873419e+03
3.999784376794314994e+03
3.999779379020478700e+03
3.999785113974412980e+03
3.999781668064285896e+03
3.999782277451501159e+03
3.999779778533581066e+03
3.999776589982273890e+03
3.999779363438796736e+03
3.999780792456895597e+03
3.999780018767345155e+03
3.999773887753505733e+03
3.999789545773376176e+03
3.999792241262171956e+03
3.999787333385580951e+03
3.999781407976389346e+03
3.999779901381933087e+03
3.999788809731355741e+03
3.999785691912542916e+03
3.999789826701444326e+03
3.999786839907754711e+03
3.999783676155075227e+03
3.999789220065310019e+03
3.999798025564010914e+03
3.999801178553083446e+03
3.999804452599748402e+03
3.999819202085551751e+03
3.999822965697456766e+03
3.999817819684344613e+03
3.999824030443970514e+03
3.999824095790747833e+03
3.999821937940262160e+03
3.999823770425008206e+03
3.999827799539817988e+03
3.999831499436851573e+03
3.999834931229199356e+03
3.999842403117333106e+03
3.999843382194078004e+03
3.999841108037101094e+03
3.999842291720586218e+03
3.999843881591681111e+03
3.999840519364430293e+03
3.999845866143176409e+03
3.999848024915913356e+03
3.999850176257235944e+03
3.999858725176280586e+03
3.999862689025562304e+03
3.999864736705238556e+03
3.999854358924804274e+03
3.999847050199832211e+03
3.999850417270136859e+03
3.999842806569507502e+03
3.999844980990017120e+03
3.999851822758771050e+03
3.999853411729025083e+03
3.999853847395277171e+03
3.999851252613988436e+03
3.999853457369592434e+03
3.999846074469831365e+03
3.999830281843489047e+03
3.999817620547422848e+03
3.999822204732785849e+03
3.999815928548188367e+03
3.999825195852165962e+03
3.999820645129683726e+03
3.999818867563096774e+03
3.999815088706091501e+03
3.999811965841620804e+03
3.999814404235057737e+03
3.999815124873574860e+03
3.999821055624726341e+03
3.999817534541787154e+03
3.999811592600886343e+03
3.999814991114453733e+03
3.999819499773092957e+03
3.999817800883592554e+03
3.999824954632355002e+03
3.999824870024830034e+03
3.999815172592192084e+03
3.999809879592261950e+03
3.999813456236874572e+03
3.999814129851688904e+03
3.999802578174620521e+03
3.999798431184804485e+03
3.999790890145181038e+03
3.999789316506170508e+03
3.999793995716736390e+03
3.999790547594413511e+03
3.999784546144958313e+03
3.999776942095962113e+03
3.999775470236687852e+03
3.999774079122997591e+03
3.999771805307666455e+03
3.999771359254727031e+03
3.999777133557301568e+03
3.999777149375008321e+03
3.999765518069711561e+03
3.999763845215167748e+03
3.999766039259861373e+03
3.999761093789765255e+03
3.999767127899865045e+03
3.999775156535040423e+03
3.999777202293687424e+03
3.999783612143811297e+03
3.999773213608955757e+03
3.999767338275878046e+03
3.999755524703953597e+03
3.999754935926779126e+03
3.999744318932638635e+03
3.999751642386297590e+03
3.999738440378375344e+03
3.999738230015836052e+03
3.999746503379208207e+03
3.999750856478808146e+03
3.999752384787596384e+03
3.999751133090301664e+03
3.999753019362987743e+03
3.999747629426374715e+03
3.999743397473129335e+03
3.999742866560183757e+03
3.999740878941883238e+03
3.999736040166512339e+03
3.999741464955388892e+03
3.999744172113148579e+03
3.999743588763219577e+03
3.999749829156706255e+03
3.999745420878261484e+03
3.999747126244465107e+03
3.999756029110311374e+03
3.999754969569691639e+03
3.999749970720556576e+03
3.999750110380746264e+03
3.999748158103431251e+03
3.999750236983106788e+03
3.999739126264362312e+03
3.999740166147643322e+03
3.999744381935611727e+03
3.999756769543071186e+03
3.999754873774340467e+03
3.999747085390093162e+03
3.999752745731110281e+03
3.999753367195216470e+03
3.999750303488795907e+03
3.999747373675100334e+03
3.999737319062823644e+03
3.999743349148670859e+03
3.999736337145224752e+03
3.999730841469393454e+03
3.999733490653335593e+03
3.999744280825875194e+03
3.999748698335468362e+03
3.999740158539927506e+03
3.999744620150915125e+03
3.999750129322537305e+03
3.999745700154235692e+03
3.999742323479247716e+03
3.999748887616169668e+03
3.999742845351255255e+03
3.999740754076388384e+03
3.999734306373168693e+03
3.999744298194270414e+03
3.999733153705761197e+03
3.999745145846220112e+03
3.999738786201394760e+03
3.999738203089780654e+03
3.999731545652350178e+03
3.999725644588185787e+03
3.999724306330350828e+03
3.999717869495599643e+03
3.999718954202900477e+03
3.999729984252115173e+03
3.999738683147209940e+03
3.999740021346612593e+03
3.999734493623024719e+03
3.999723356469190549e+03
3.999711827662653377e+03
3.999714071144466288e+03
3.999712748763959098e+03
3.999706651860255079e+03
3.999702555563897477e+03
3.999703386284775661e+03
3.999694437801729691e+03
3.999703641957804848e+03
3.999707798640559304e+03
3.999708855316600420e+03
3.999701193932946808e+03
3.999676063804537989e+03
3.999676434747576877e+03
3.999668186540952775e+03
3.999682269427502433e+03
3.999678899441928024e+03
3.999681444032940362e+03
3.999685770092555686e+03
3.999680104405057591e+03
3.999679249417398296e+03
3.999682235377150391e+03
3.999681737488140243e+03
3.999680170510300741e+03
3.999678396459448322e+03
3.999673517722110773e+03
3.999679761801117365e+03
3.999661847031528396e+03
3.999668673964922618e+03
3.999674149006875268e+03
3.999671996761517676e+03
3.999690524009203273e+03
3.999691654684631430e+03
3.999695137142947260e+03
3.999691014794665989e+03
3.999714234472623048e+03
3.999724212588238970e+03
3.999727980147044946e+03
3.999707626925822296e+03
3.999700450918830484e+03
3.999696223965427180e+03
3.999684893779508457e+03
3.999691473201447934e+03
3.999703751182923497e+03
3.999709848234455421e+03
3.999712467312319404e+03
3.999723217906473110e+03
3.999707068472964693e+03
3.999706466483146414e+03
3.999710885496245737e+03
3.999691483351788975e+03
3.999693717176968676e+03
3.999685349309994308e+03
3.999679465947494464e+03
3.999675464613831991e+03
3.999677625002192599e+03
3.999679659853871271e+03
3.999677278184303304e+03
3.999675199573156988e+03
3.999687135796987150e+03
3.999685261565512064e+03
3.999658171470894104e+03
3.999653754975326592e+03
3.999664984547717268e+03
3.999672308564622199e+03
3.999654431891952299e+03
3.999650943616017230e+03
3.999651370593529464e+03
3.999659164151674304e+03
3.999633484190497256e+03
3.999653040554332165e+03
3.999671668347784816e+03
3.999668806297224819e+03
3.999671330419599144e+03
3.999676612344149362e+03
3.999677067320949391e+03
3.999682298683841964e+03
3.999669360413849517e+03
3.999648184406697965e+03
3.999651649867147171e+03
3.999650337268692510e+03
3.999655338842443143e+03
3.999656925321921790e+03
3.999658430361657793e+03
3.999665610332875531e+03
3.999660191541138829e+03
3.999650611925667363e+03
3.999657898234277127e+03
3.999660868149736871e+03
3.999668791263806270e+03
3.999663569491886847e+03
3.999664424954052720e+03
3.999665697711838675e+03
3.999673542823520620e+03
3.999682174501562713e+03
3.999684262862266223e+03
3.999684054043491869e+03
3.999679077447667623e+03
3.999679223127423938e+03
3.999680872413963243e+03
3.999689200970164165e+03
3.999686386299317746e+03
3.999683519431716832e+03
3.999680235867319425e+03
3.999673951292925722e+03
3.999672126148677307e+03
3.999672308672049439e+03
3.999675874661595572e+03
3.999668653431704115e+03
3.999671604125029717e+03
3.999662080163693190e+03
3.999659729895280634e+03
3.999649643965934501e+03
3.999643600574479478e+03
3.999641581215551469e+03
3.999631135851705949e+03
3.999633586764324264e+03
3.999637444024853266e+03
3.999633686594550454e+03
3.999632533447224887e+03
3.999630084638370590e+03
3.999640591275305724e+03
3.999643948903144064e+03
3.999623705303563838e+03
3.999626617847207854e+03
3.999624528386275415e+03
3.999628758899413697e+03
3.999627528343130962e+03
3.999633546119220682e+03
3.999616583058405922e+03
3.999602255954597240e+03
3.999603862096420471e+03
3.999604526592926959e+03
3.999607541500879506e+03
3.999606537664912594e+03
3.999610889425989626e+03
3.999605034306030120e+03
3.999621890393339072e+03
3.999620907603663909e+03
3.999630803072716844e+03
3.999627771821508304e+03
3.999636737184824142e+03
3.999643415182284116e+03
3.999644089694316335e+03
3.999649770215488388e+03
3.999652787017706942e+03
3.999657833919221048e+03
3.999646266380339057e+03
3.999639116111134172e+03
3.999640901453086371e+03
3.999656795698727819e+03
3.999651062615032060e+03
3.999646456755940108e+03
3.999631333622602142e+03
3.999628049976567127e+03
3.999624809414644460e+03
3.999621860735326209e+03
3.999638609662785711e+03
3.999626428462348940e+03
3.999630215120566845e+03
3.999631828511758158e+03
3.999629625823649803e+03
3.999635213523791663e+03
3.999629724341978090e+03
3.999622271122246730e+03
3.999634119524907874e+03
3.999629671453893025e+03
3.999628708217650001e+03
3.999633090607791928e+03
3.999627242281411327e+03
3.999616672191826183e+03
3.999595598460487054e+03
3.999605192775449723e+03
3.999604167823950775e+03
3.999613163340452047e+03
3.999597435632931592e+03
3.999603375971311380e+03
3.999575651121342162e+03
3.999580804112410533e+03
3.999567906695338934e+03
3.999569531455678771e+03
3.999577114720349527e+03
3.999579599002184750e+03
3.999584393966024891e+03
3.999586970028829455e+03
3.999592018274245675e+03
3.999597006161819536e+03
3.999596894407901800e+03
3.999593159744576496e+03
3.999577169501706976e+03
3.999579226755133732e+03
3.999588223366596139e+03
3.999592948719873675e+03
3.999576216552649839e+03
3.999587541968044661e+03
3.999598341792223891e+03
3.999581418322930858e+03
3.999594039683101073e+03
3.999607703226219201e+03
3.999592975435512926e+03
3.999581612434908493e+03
3.999568428738839884e+03
3.999554521097306861e+03
3.999564500366341690e+03
3.999562219973223364e+03
3.999562306688251738e+03
3.999583677216999604e+03
3.999591979594224540e+03
3.999586948506641420e+03
3.999578700632018808e+03
3.999572332418394126e+03
3.999575327295347961e+03
3.999572765865179463e+03
3.999577120487193497e+03
3.999589983751538512e+03
3.999599273391211682e+03
3.999585142700531833e+03
3.999583300088124361e+03
3.999582750912441497e+03
3.999568129806326851e+03
3.999570663396106738e+03
3.999566941134225090e+03
3.999570514876981633e+03
3.999561221669617225e+03
3.999558490494106081e+03
3.999558437612912257e+03
3.999546781500759153e+03
3.999544662712301943e+03
3.999548295226863047e+03
3.999520478479385474e+03
3.999509966844975679e+03
3.999517415806389181e+03
3.999518145180906686e+03
3.999501883561160412e+03
3.999496395544194456e+03
3.999495465545146544e+03
3.999494751201854342e+03
3.999498049402521701e+03
3.999512454938458177e+03
3.999506736358052876e+03
3.999503158062364037e+03
3.999495237029975669e+03
3.999495024352688688e+03
3.999500650304188639e+03
3.999506256008014589e+03
3.999502466961942446e+03
3.999498713903049975e+03
3.999502286545968673e+03
3.999499917192303656e+03
3.999498953296356376e+03
3.999504819576334285e+03
3.999503193873722012e+03
3.999499213000342479e+03
3.999495443574673573e+03
3.999501735603785164e+03
3.999497382722051043e+03
3.999494203041895616e+03
3.999487667034981314e+03
3.999486238274696007e+03
3.999492544699082373e+03
3.999487075195037505e+03
3.999491817405595157e+03
3.999498767610743016e+03
3.999497560615659040e+03
3.999500921216186725e+03
3.999497108410179862e+03
3.999499602698365379e+03
3.999490522432659418e+03
3.999485377753148441e+03
3.999481062586344251e+03
3.999471062665899808e+03
3.999470755051125252e+03
3.999473127132355785e+03
3.999474136382636971e+03
3.999479298799660228e+03
3.999480055720867313e+03
3.999483048573728411e+03
3.999494069950823359e+03
3.999499590771434669e+03
3.999502016520093548e+03
3.999479336299707029e+03
3.999471870878417121e+03
3.999476706239506711e+03
3.999490002927424939e+03
3.999494363677763431e+03
3.999493830042616992e+03
3.999498770989890090e+03
3.999495023572548234e+03
3.999492739894090846e+03
3.999497043649157149e+03
3.999498689803409889e+03
3.999486032748367052e+03
3.999492510039679928e+03
3.999485010813026747e+03
3.999490106940596888e+03
3.999484732295863523e+03
3.999489039825920827e+03
3.999482887296703666e+03
3.999476807934332101e+03
3.999469376487318186e+03
3.999472000060716709e+03
3.999475311660696207e+03
3.999481938095557780e+03
3.999476290385100128e+03
3.999486028526091104e+03
3.999480056797461657e+03
3.999480462422231994e+03
3.999473459938747965e+03
3.999461538082853622e+03
3.999463646523155148e+03
3.999472422707856822e+03
3.999478736692798520e+03
3.999482221429429046e+03
3.999479942141469564e+03
3.999478890328879515e+03
3.999477103309285212e+03
3.999472821869897871e+03
3.999477813989557490e+03
3.999471462665683703e+03
3.999457676937523047e+03
3.999455736360364426e+03
3.999446047768736662e+03
3.999446436793338762e+03
3.999453580315790532e+03
3.999442613947511745e+03
3.999438865381810047e+03
3.999438856340269922e+03
3.999438349316500080e+03
3.999446463822157511e+03
3.999434434169826545e+03
3.999429350876512217e+03
3.999431866401337174e+03
3.999424561722422823e+03
3.999421341278620730e+03
3.999418676909055648e+03
3.999429122380656736e+03
3.999433620768374112e+03
3.999422902967221944e+03
3.999421821440098029e+03
3.999419112815005064e+03
3.999424622341475697e+03
3.999423135512707631e+03
3.999425745731653478e+03
3.999430656764463038e+03
3.999428503740722135e+03
3.999426805562138270e+03
3.999429764439808423e+03
3.999433815312469051e+03
3.999442372898770827e+03
3.999441019018309362e+03
3.999437853454232936e+03
3.999433012938767661e+03
3.999429056925338955e+03
3.999422144363271855e+03
3.999419781265902657e+03
3.999422730909589973e+03
3.999430633845166994e+03
3.999419874244581479e+03
3.999417265381792731e+03
3.999418498361135789e+03
3.999414852069220160e+03
3.999400618080947424e+03
3.999391721270857943e+03
3.999385699741915232e+03
3.999386503874416576e+03
3.999387097580624413e+03
3.999389825809266313e+03
3.999383986314531739e+03
3.999377166272100567e+03
3.999385509381867905e+03
3.999388286756483922e+03
3.999385010585110194e+03
3.999376982428540487e+03
3.999354938739141744e+03
3.999356059994804582e+03
3.999356288462169687e+03
3.999355375676454059e+03
3.999363764229279241e+03
3.999363967254090312e+03
3.999362474138025846e+03
3.999354909343435793e+03
3.999353603123876383e+03
3.999355526944896155e+03
3.999369452132193146e+03
3.999352965420039709e+03
3.999358414015881408e+03
3.999358283674951508e+03
3.999345405011288221e+03
3.999354824421914600e+03
3.999357216705688188e+03
3.999375494069154684e+03
3.999367213271786113e+03
3.999362086375833314e+03
3.999356162285002483e+03
3.999357999086043492e+03
3.999360073248105891e+03
3.999357588674709405e+03
3.999355314953937523e+03
3.999361250796361219e+03
3.999356328145595853e+03
3.999354480425031852e+03
3.999350525142678634e+03
3.999338938088607392e+03
3.999343264173388889e+03
3.999341093976412594e+03
3.999347545872639785e+03
3.999340360770094321e+03
3.999344032912338662e+03
3.999330293917880681e+03
3.999326280657747702e+03
3.999324676602587715e+03
3.999325183994342751e+03
3.999322595681610892e+03
3.999324965733392673e+03
3.999329388261985514e+03
3.999328845710393580e+03
3.999321724147975601e+03
3.999322492034218612e+03
3.999311951229622537e+03
3.999319812244606055e+03
3.999323398800921950e+03
3.999324368823929490e+03
3.999325441144232627e+03
3.999324011112158587e+03
3.999317279917411724e+03
3.999312973585680993e+03
3.999319883770690467e+03
3.999315147823997904e+03
3.999321839602137516e+03
3.999329267244578659e+03
3.999324652981684267e+03
3.999324930718516953e+03
3.999322194425878479e+03
3.999327400985848726e+03
3.999311617718095022e+03
3.999316255281385565e+03
3.999305228846422779e+03
3.999305404773488135e+03
3.999305016482310748e+03
3.999303936068956773e+03
3.999301128472333858e+03
3.999299657697431485e+03
3.999306525441853410e+03
3.999293123202573952e+03
3.999298456172216447e+03
3.999297784755886823e+03
3.999294409831054054e+03
3.999289315037008237e+03
3.999284033620692298e+03
3.999282732991147896e+03
3.999278786292954010e+03
3.999287505450268327e+03
3.999296366537298127e+03
3.999299948477922953e+03
3.999298591173449040e+03
3.999304334951004421e+03
3.999301354155524223e+03
3.999313864663663026e+03
3.999305469633901794e+03
3.999315758887744778e+03
3.999314270870287146e+03
3.999304786392040569e+03
3.999304408805094681e+03
3.999319632572033242e+03
3.999319332835994828e+03
3.999314767696411764e+03
3.999305784244863389e+03
3.999302029938600299e+03
3.999305648534740612e+03
3.999314212007863716e+03
3.999317201297726569e+03
3.999311980232738733e+03
3.999307332459679856e+03
3.999312407623688159e+03
3.999312199171663906e+03
3.999301151409983049e+03
3.999286660593871602e+03
3.999282935575772626e+03
3.999292339292084762e+03
3.999294339565305108e+03
3.999287634974461071e+03
3.999282647809501668e+03
3.999280885261643107e+03
3.999273296371029119e+03
3.999276980230254139e+03
3.999278828642851295e+03
3.999277597209140367e+03
3.999277672025560605e+03
3.999274328616063485e+03
3.999269680753356624e+03
3.999271800072234328e+03
3.999271978465847951e+03
3.999269770863953454e+03
3.999274217058427894e+03
3.999271727058380293e+03
3.999268262027916990e+03
3.999271490131164228e+03
3.999269949697257289e+03
3.999268074381482165e+03
3.999261394847401334e+03
3.999256112727953223e+03
3.999255769329963641e+03
3.999255222883838087e+03
3.999256864024166134e+03
3.999255729856984090e+03
3.999255468659094277e+03
3.999256554210093782e+03
3.999257844645642763e+03
3.999260055284958526e+03
3.999260257913545956e+03
3.999265110364238808e+03
3.999265095716967608e+03
3.999264256225319059e+03
3.999264788706444506e+03
3.999267432000939152e+03
3.999266966238147234e+03
3.999264534271338562e+03
3.999259776113324278e+03
3.999259022222548083e+03
3.999260850661938548e+03
3.999259823209270508e+03
3.999250340693317412e+03
3.999243622482206774e+03
3.999241021440318946e+03
3.999246228561599764e+03
3.999231854033781929e+03
3.999232066773133738e+03
3.999235732259267024e+03
3.999247036021278745e+03
3.999247044693152475e+03
3.999249878099120906e+03
3.999248501007173672e+03
3.999244915734130245e+03
3.999249852568236292e+03
3.999247965411900623e+03
3.999240963694274797e+03
3.999235446119134849e+03
3.999238926613335025e+03
3.999244793712989576e+03
3.999240481574997830e+03
3.999238675701348711e+03
3.999235986429426248e+03
3.999242908126341717e+03
3.999244676638094461e+03
3.999250635578468973e+03
3.999250669576969358e+03
3.999243735618945720e+03
3.999244590369688467e+03
3.999243332105492300e+03
3.999243928491323913e+03
3.999234409420703287e+03
3.999235658859365230e+03
3.999234302976584786e+03
3.999233489063765319e+03
3.999234773660246901e+03
3.999243905369885397e+03
3.999247426472507414e+03
3.999244018915201650e+03
3.999240538678398934e+03
3.999230038599253021e+03
3.999229969776970847e+03
3.999229810907258980e+03
3.999230124615984550e+03
3.999230129788330942e+03
3.999230031289254384e+03
3.999229274806223202e+03
3.999229221394741216e+03
3.999229411395013358e+03
3.999229250513214538e+03
3.999229197021168147e+03
3.999229341542534257e+03
3.999229793685871755e+03
3.999229591005328530e+03
3.999229920352042882e+03
3.999229897966453336e+03
3.999230085870779476e+03
3.999229956493562895e+03
3.999230044709204321e+03
3.999230003284521899e+03
3.999229821263455960e+03
3.999229684094448658e+03
3.999230664103424715e+03
3.999236333944347734e+03
3.999245006760929755e+03
3.999244001638003283e+03
3.999242309100608509e+03
3.999238343836088916e+03
3.999241113767829120e+03
3.999240718540072521e+03
3.999242188050016011e+03
3.999240844711815498e+03
3.999238454049399024e+03
3.999238726085524377e+03
3.999238358757808783e+03
3.999237872594324472e+03
3.999237432376550714e+03
3.999238101457978246e+03
3.999237939159677353e+03
3.999238108596691745e+03
3.999238234917690988e+03
3.999238707090702974e+03
3.999245698178738166e+03
3.999246961473125793e+03
3.999245278746370786e+03
3.999244596392228686e+03
3.999244396315325048e+03
3.999246436226508649e+03
3.999244960288226139e+03
3.999247216427978401e+03
3.999248348250426261e+03
3.999247928909117945e+03
3.999249225595656299e+03
3.999248614348709452e+03
3.999248780819864351e+03
3.999248682089332760e+03
3.999248740438604727e+03
3.999248684237026737e+03
3.999248410657326531e+03
3.999248430806939723e+03
3.999248407146013506e+03
3.999248372729995936e+03
3.999248487322031451e+03
3.999248570421570548e+03
3.999248399395480192e+03
3.999248121873311447e+03
3.999248102082155583e+03
3.999248487196404312e+03
3.999248297883703799e+03
3.999248483426586517e+03
3.999248445279755742e+03
3.999248419613418719e+03
3.999248681319611023e+03
3.999248959441112220e+03
3.999248970838251353e+03
3.999248848039632776e+03
3.999249240406230911e+03
3.999249366899359302e+03
3.999249397768352537e+03
3.999249589009705687e+03
3.999249827784679383e+03
3.999249889405301474e+03
3.999250158330668455e+03
3.999250102728677575e+03
3.999249985452297096e+03
3.999250149403860178e+03
3.999250039126842694e+03
3.999250240614860559e+03
3.999250221115195927e+03
3.999249968082769556e+03
3.999250034521218822e+03
3.999250421643538630e+03
3.999250381269434456e+03
3.999250510991980263e+03
3.999250273880029454e+03
3.999250441238427811e+03
3.999250453771005596e+03
3.999250179251482678e+03
3.999250219714221657e+03
3.999250119435186662e+03
3.999249864356451781e+03
3.999249915919705018e+03
3.999252349915258037e+03
3.999252212395382230e+03
3.999252849579619578e+03
3.999248827811539741e+03
3.999248273858628636e+03
3.999247253206955065e+03
3.999247058961558650e+03
3.999247390926458138e+03
3.999247092278167656e+03
3.999248877141949833e+03
3.999248564964885645e+03
3.999248396413776845e+03
3.999248446193954351e+03
3.999247870907737706e+03
3.999247497275345722e+03
3.999247393973607814e+03
3.999247644481381940e+03
3.999248071729407002e+03
3.999247677244062743e+03
3.999247946537317148e+03
