1.000000000000000000e+03
1.000000000000000000e+03
1.000000000000000000e+03
1.000000000000000000e+03
1.000000000000000000e+03
1.000000000000000000e+03
1.000000000000000000e+03
1.000000000000000000e+03
1.000000000000000000e+03
1.000000000000000000e+03
1.000000000000000000e+03
1.000000000000000000e+03
1.000000000000000000e+03
1.000000000000000000e+03
1.000000000000000000e+03
1.000000000000000000e+03
1.000000000000000000e+03
1.000000000000000000e+03
1.000000000000000000e+03
1.000000000000000000e+03
1.000000000000000000e+03
1.000000000000000000e+03
1.000000000000000000e+03
1.000000000000000000e+03
1.000000000000000000e+03
1.000000000000000000e+03
1.000000000000000000e+03
1.000000000000000000e+03
1.000000000000000000e+03
1.000000000000000000e+03
1.000000000000000000e+03
1.000000000000000000e+03
1.000000000000000000e+03
1.000000000000000000e+03
1.000000000000000000e+03
1.000000000000000000e+03
1.000000000000000000e+03
1.000000000000000000e+03
1.000000000000000000e+03
1.000000000000000000e+03
1.000000000000000000e+03
1.000000000000000000e+03
1.000000000000000000e+03
1.000000000000000000e+03
1.000000000000000000e+03
1.000000000000000000e+03
1.000000000000000000e+03
1.000000000000000000e+03
1.000000000000000000e+03
1.000000000000000000e+03
1.000000000000000000e+03
1.000000000000000000e+03
1.000000000000000000e+03
1.000000000000000000e+03
1.000000000000000000e+03
1.000000000000000000e+03
1.000000000000000000e+03
1.000000000000000000e+03
1.000000000000000000e+03
1.000000000000000000e+03
1.000000000000000000e+03
1.000000000000000000e+03
1.000000000000000000e+03
1.000000000000000000e+03
1.000000000000000000e+03
1.000000000000000000e+03
1.000000000000000000e+03
1.000000000000000000e+03
1.000000000000000000e+03
1.000000000000000000e+03
1.000000000000000000e+03
1.000000000000000000e+03
1.000000000000000000e+03
1.000000000000000000e+03
1.000000000000000000e+03
1.000000000000000000e+03
1.000000000000000000e+03
1.000000000000000000e+03
1.000000000000000000e+03
1.000000000000000000e+03
1.000000000000000000e+03
1.000000000000000000e+03
1.000000000000000000e+03
1.000000000000000000e+03
1.000000000000000000e+03
1.000000000000000000e+03
1.000000000000000000e+03
1.000000000000000000e+03
1.000000000000000000e+03
1.000000000000000000e+03
1.000000000000000000e+03
1.000000000000000000e+03
1.000000000000000000e+03
1.000000000000000000e+03
1.000000000000000000e+03
1.000000000000000000e+03
1.000000000000000000e+03
1.000000000000000000e+03
1.000000000000000000e+03
1.000000000000000000e+03
1.000000000000000000e+03
1.000000000000000000e+03
1.000000000000000000e+03
1.000000000000000000e+03
1.000000000000000000e+03
1.000000000000000000e+03
1.000000000000000000e+03
1.000000000000000000e+03
1.000000000000000000e+03
1.000000000000000000e+03
1.000000000000000000e+03
1.000000000000000000e+03
1.000000000000000000e+03
1.000000000000000000e+03
1.000000000000000000e+03
1.000000000000000000e+03
1.000000000000000000e+03
1.000000000000000000e+03
1.000000000000000000e+03
1.000000000000000000e+03
1.000000000000000000e+03
1.000000000000000000e+03
1.000000000000000000e+03
1.000000000000000000e+03
1.000000000000000000e+03
1.000000000000000000e+03
1.000000000000000000e+03
1.000000000000000000e+03
1.000000000000000000e+03
1.000000000000000000e+03
1.000000000000000000e+03
1.000000000000000000e+03
1.000000000000000000e+03
1.000000000000000000e+03
1.000000000000000000e+03
1.000000000000000000e+03
1.000000000000000000e+03
1.000000000000000000e+03
1.000000000000000000e+03
1.000000000000000000e+03
1.000000000000000000e+03
1.000000000000000000e+03
1.000000000000000000e+03
1.000000000000000000e+03
1.000000000000000000e+03
1.000000000000000000e+03
1.000000000000000000e+03
1.000000000000000000e+03
1.000000000000000000e+03
1.000000000000000000e+03
1.000000000000000000e+03
1.000000000000000000e+03
1.000000000000000000e+03
1.000000000000000000e+03
1.000000000000000000e+03
1.000000000000000000e+03
1.000000000000000000e+03
1.000000000000000000e+03
1.000000000000000000e+03
1.000000000000000000e+03
1.000000000000000000e+03
1.000000000000000000e+03
1.000000000000000000e+03
1.000000000000000000e+03
1.000000000000000000e+03
1.000000000000000000e+03
1.000000000000000000e+03
1.000000000000000000e+03
1.000000000000000000e+03
1.000000000000000000e+03
1.000000000000000000e+03
1.000000000000000000e+03
1.000000000000000000e+03
1.000000000000000000e+03
1.000000000000000000e+03
1.000000000000000000e+03
1.000000000000000000e+03
1.000000000000000000e+03
1.000000000000000000e+03
1.000000000000000000e+03
1.000000000000000000e+03
1.000000000000000000e+03
1.000000000000000000e+03
1.000000000000000000e+03
1.000000000000000000e+03
1.000000000000000000e+03
1.000000000000000000e+03
1.000000000000000000e+03
1.000000000000000000e+03
1.000000000000000000e+03
1.000000000000000000e+03
1.000000000000000000e+03
1.000000000000000000e+03
1.000000000000000000e+03
1.000000000000000000e+03
1.000000000000000000e+03
1.000000000000000000e+03
1.000000000000000000e+03
1.000000000000000000e+03
1.000000000000000000e+03
1.000191341721230515e+03
1.000240350292754670e+03
1.000252620907357482e+03
1.000255688849767466e+03
1.000256455839881937e+03
1.000256647587481098e+03
1.000256695524381939e+03
1.000256707508607178e+03
1.000256710504663488e+03
1.000256713500719798e+03
1.000256716496776107e+03
1.000256719492832417e+03
1.000065380539600369e+03
1.000016374949706574e+03
1.000004107330257852e+03
1.000001042383847903e+03
1.000191678043237630e+03
1.000240498768617044e+03
1.000252724455861085e+03
1.000255783410270851e+03
1.000256550400385322e+03
1.000256744395026544e+03
1.000256795140730219e+03
1.000256810074198370e+03
1.000256816054607611e+03
1.000256822035016853e+03
1.000256828015426095e+03
1.000256833995835336e+03
1.000065497799796162e+03
1.000016495179887443e+03
1.000004230543893527e+03
1.000001168581780462e+03
1.000191807000091217e+03
1.000240630695562459e+03
1.000252859366266989e+03
1.000255921304973754e+03
1.000256691279437632e+03
1.000256888258431559e+03
1.000256941988488165e+03
1.000256959906309248e+03
1.000256968871071535e+03
1.000256977835833823e+03
1.000256986800596110e+03
1.000256995765358397e+03
1.000065662326518918e+03
1.000016662676597093e+03
1.000004401024058438e+03
1.000001342046242485e+03
1.000191983223467560e+03
1.000240809889028924e+03
1.000253041543193490e+03
1.000256106466197252e+03
1.000256879425010538e+03
1.000257079388357170e+03
1.000257136102766708e+03
1.000257157004940836e+03
1.000257168954056056e+03
1.000257180903171275e+03
1.000257192852286494e+03
1.000257204801401713e+03
1.000065874119768750e+03
1.000016877439835525e+03
1.000004618770752586e+03
1.000001562777233744e+03
1.000192206713366318e+03
1.000241036349015985e+03
1.000253270986640132e+03
1.000256338893940665e+03
1.000257114837103359e+03
1.000257317784802694e+03
1.000257377483565165e+03
1.000257401370092225e+03
1.000257416303560376e+03
1.000257431237028527e+03
1.000257446170496678e+03
1.000257461103964829e+03
1.000066133179545091e+03
1.000017139469602171e+03
1.000004883783975288e+03
1.000001830774753785e+03
1.000192477469787036e+03
1.000241310075523302e+03
1.000253547696606688e+03
1.000256618588203992e+03
1.000257397515716093e+03
1.000257603447768133e+03
1.000257666130883536e+03
1.000257693001763528e+03
1.000257710919584611e+03
1.000257728837405693e+03
1.000257746755226776e+03
1.000257764673047859e+03
1.000066439505848280e+03
1.000017448765897484e+03
1.000005196063727112e+03
1.000002146038802948e+03
1.000192795492730056e+03
1.000241631068551214e+03
1.000253871673093386e+03
1.000256945548987346e+03
1.000257727460848741e+03
1.000257936377253486e+03
1.000258002044721820e+03
1.000258031899954744e+03
1.000258052802128873e+03
1.000258073704303001e+03
1.000258094606477130e+03
1.000258115508651258e+03
1.000066793098678659e+03
1.000017805328721693e+03
1.000005555610008287e+03
1.000002508569381689e+03
1.000193160782195832e+03
1.000241999328100178e+03
1.000254242916100566e+03
1.000257319776290956e+03
1.000258104672501645e+03
1.000258316573259094e+03
1.000258385225080360e+03
1.000258418064666330e+03
1.000258441951193390e+03
1.000258465837720451e+03
1.000258489724247511e+03
1.000258513610774571e+03
1.000067193958035659e+03
1.000018209158074342e+03
1.000005962422818357e+03
1.000002918366489325e+03
1.000193573338183796e+03
1.000242414854169510e+03
1.000254661425627773e+03
1.000257741270114593e+03
1.000258529150674576e+03
1.000258744035784730e+03
1.000258815671958928e+03
1.000258851495897829e+03
1.000258878366777822e+03
1.000258905237657814e+03
1.000258932108537806e+03
1.000258958979417798e+03
1.000067642083919509e+03
1.000018660253955431e+03
1.000006416502157322e+03
1.000003375430125971e+03
1.000194033160693948e+03
1.000242877646759325e+03
1.000255127201675009e+03
1.000258210030458145e+03
1.000259000895367421e+03
1.000259218764830280e+03
1.000259293385357523e+03
1.000259332193649357e+03
1.000259362048882281e+03
1.000259391904115205e+03
1.000259421759348129e+03
1.000259451614581053e+03
1.000068137476330207e+03
1.000019158616365303e+03
1.000006917848025410e+03
1.000003879760291852e+03
1.000194540249726515e+03
1.000243387705869850e+03
1.000255640244242613e+03
1.000258726057321951e+03
1.000259519906580408e+03
1.000259740760395971e+03
1.000259818365276033e+03
1.000259860157920798e+03
1.000259892997506768e+03
1.000259925837092737e+03
1.000259958676678707e+03
1.000259991516264677e+03
1.000068680135267982e+03
1.000019704245303842e+03
1.000007466460422734e+03
1.000004431356987084e+03
1.000195094605281724e+03
1.000243945031501198e+03
1.000256200553330473e+03
1.000259289350705899e+03
1.000260086184313536e+03
1.000260310022481804e+03
1.000260390611714797e+03
1.000260435388712608e+03
1.000260471212651510e+03
1.000260507036590411e+03
1.000260542860529313e+03
1.000260578684468214e+03
1.000069270060732492e+03
1.000020297140770936e+03
1.000008062339348953e+03
1.000005030220211438e+03
1.000195696227359235e+03
1.000244549623653143e+03
1.000256808128938587e+03
1.000259899910609988e+03
1.000260699728566806e+03
1.000260926551087664e+03
1.000261010124673589e+03
1.000261057886024332e+03
1.000261096694316166e+03
1.000261135502607999e+03
1.000261174310899833e+03
1.000261213119191666e+03
1.000069907252723851e+03
1.000020937302766583e+03
1.000008705484804182e+03
1.000005676349964801e+03
1.000196345115958934e+03
1.000245201482325569e+03
1.000257462971066616e+03
1.000260557737033878e+03
1.000261360539339762e+03
1.000261590346213325e+03
1.000261676904152182e+03
1.000261727649855857e+03
1.000261769442500622e+03
1.000261811235145387e+03
1.000261853027790153e+03
1.000261894820434918e+03
1.000070591711241718e+03
1.000021624731290558e+03
1.000009395896788192e+03
1.000006369746247060e+03
1.000197041271080707e+03
1.000245900607518251e+03
1.000258165079714558e+03
1.000261262829977568e+03
1.000262068616632632e+03
1.000262301407858786e+03
1.000262390950150575e+03
1.000262444680207182e+03
1.000262489457204993e+03
1.000262534234202803e+03
1.000262579011200614e+03
1.000262623788198425e+03
1.000071323436286661e+03
1.000022359426343314e+03
1.000010133575301438e+03
1.000007110409058669e+03
1.000197784692725122e+03
1.000246646999231871e+03
1.000258914454882984e+03
1.000262015189441627e+03
1.000262823960445758e+03
1.000263059736024616e+03
1.000263152262669337e+03
1.000263208977078875e+03
1.000263256738429618e+03
1.000263304499780361e+03
1.000263352261131104e+03
1.000263400022481846e+03
1.000072102427858454e+03
1.000023141387924625e+03
1.000010918520343694e+03
1.000007898338399400e+03
1.000198575380891725e+03
1.000247440657465972e+03
1.000259711096571550e+03
1.000262814815425713e+03
1.000263626570778911e+03
1.000263865330710360e+03
1.000263960841708013e+03
1.000264020540470483e+03
1.000264071286174158e+03
1.000264122031877832e+03
1.000264172777581507e+03
1.000264223523285182e+03
1.000072928685956867e+03
1.000023970616034262e+03
1.000011750731914617e+03
1.000008733534268799e+03
1.000199413335580289e+03
1.000248281582220216e+03
1.000260555004779690e+03
1.000263661707929259e+03
1.000264476447631409e+03
1.000264718191915449e+03
1.000264816687266034e+03
1.000264879370381436e+03
1.000264933100438043e+03
1.000264986830494649e+03
1.000265040560551256e+03
1.000265094290607863e+03
1.000073802210581448e+03
1.000024847110671885e+03
1.000012630210013981e+03
1.000009615996666867e+03
1.000200298556790813e+03
1.000249169773494714e+03
1.000261446179507743e+03
1.000264555866952605e+03
1.000265373591003822e+03
1.000265618319640453e+03
1.000265719799343856e+03
1.000265785466812190e+03
1.000265842181221728e+03
1.000265898895631267e+03
1.000265955610040805e+03
1.000266012324450344e+03
1.000074723001732650e+03
1.000025770871837949e+03
1.000013556954642240e+03
1.000010545725593943e+03
1.000201231044523411e+03
1.000250105231289581e+03
1.000262384620755597e+03
1.000265497292495638e+03
1.000266318000895808e+03
1.000266565713885143e+03
1.000266670177941478e+03
1.000266738829762744e+03
1.000266798528525214e+03
1.000266858227287685e+03
1.000266917926050155e+03
1.000266977624812625e+03
1.000075691059410474e+03
1.000026741899532226e+03
1.000014530965799167e+03
1.000011522721049801e+03
1.000202210798778083e+03
1.000251087955604817e+03
1.000263370328523479e+03
1.000266485984558585e+03
1.000267309677307594e+03
1.000267560374649520e+03
1.000267667823058787e+03
1.000267739459232985e+03
1.000267802142348387e+03
1.000267864825463789e+03
1.000267927508579191e+03
1.000267990191694594e+03
1.000076706383614805e+03
1.000027760193754830e+03
1.000015552243484876e+03
1.000012546983034440e+03
1.000203237819554715e+03
1.000252117946440194e+03
1.000264403302811047e+03
1.000267521943141105e+03
1.000268348620239067e+03
1.000268602301933583e+03
1.000268712734695782e+03
1.000268787355223026e+03
1.000268853022691360e+03
1.000268918690159694e+03
1.000268984357628028e+03
1.000269050025096362e+03
1.000077768974345759e+03
1.000028825754505760e+03
1.000016620787699253e+03
1.000013618511547975e+03
1.000204312106853422e+03
1.000253195203795940e+03
1.000265483543618529e+03
1.000268605168243425e+03
1.000460713133284344e+03
1.000509977128481182e+03
1.000522361125724274e+03
1.000525506671516496e+03
1.000526342313364353e+03
1.000527177955212210e+03
1.000528013597060067e+03
1.000528849238907924e+03
1.000338279817300531e+03
1.000290102932225182e+03
1.000278667724927459e+03
1.000276435412919227e+03
1.000467840558358489e+03
1.000517489883171834e+03
1.000530547950315395e+03
1.000534439530696659e+03
1.000727258141685979e+03
1.000777288306453215e+03
1.000790442027268227e+03
1.000794357528557498e+03
1.000795963142803089e+03
1.000797568757048680e+03
1.000799174371294271e+03
1.000800779985539862e+03
1.000610922645000528e+03
1.000563512208938619e+03
1.000552846788267630e+03
1.000551384445696272e+03
1.000743500687362598e+03
1.000793916122306086e+03
1.000807743885804030e+03
1.000812405412712906e+03
1.001005934212391935e+03
1.001056730428085757e+03
1.001070653841279409e+03
1.001075339288780356e+03
1.001077714871615967e+03
1.001080090454451579e+03
1.001082466037287190e+03
1.001084841620122802e+03
1.000895696810887557e+03
1.000849052936270141e+03
1.000839157327518365e+03
1.000838464957851784e+03
1.001031291840152335e+03
1.001082473265668682e+03
1.001097070692729289e+03
1.001102502155111210e+03
1.001105641720612311e+03
1.001108208299703961e+03
1.001110631631637261e+03
1.001113019151749427e+03
1.001115397718904319e+03
1.001117776286059211e+03
1.001120154853214103e+03
1.001122533420368995e+03
1.000933391373714699e+03
1.000886750470436937e+03
1.000876857845453742e+03
1.000876168460137251e+03
1.001068998095928464e+03
1.001120182490120442e+03
1.001134782900261598e+03
1.001140217346820350e+03
1.001143359896615493e+03
1.001145929460020739e+03
1.001148355776271842e+03
1.001150746280702833e+03
1.001153127832176892e+03
1.001155509383650951e+03
1.001157890935125010e+03
1.001160272486599069e+03
1.000971133202532542e+03
1.000924495270596026e+03
1.000914605629381867e+03
1.000913919228415580e+03
1.001106751617690634e+03
1.001157938980556423e+03
1.001172542373777674e+03
1.001177979804513029e+03
1.001181125338602101e+03
1.001183697886320829e+03
1.001186127186889735e+03
1.001188520675639552e+03
1.001190905211432664e+03
1.001193289747225776e+03
1.001195674283018889e+03
1.001198058818812001e+03
1.001008922297339950e+03
1.000962287336746385e+03
1.000952400679301491e+03
1.000951717262685406e+03
1.001144552405437366e+03
1.001195742736975149e+03
1.001210349113275925e+03
1.001215789528187656e+03
1.001218938046570656e+03
1.001221513578602867e+03
1.001223945863489462e+03
1.001226342336557991e+03
1.001228729856670157e+03
1.001231117376782322e+03
1.001233504896894488e+03
1.001235892417006653e+03
1.001046758658135786e+03
1.001000126668886764e+03
1.000990242995211588e+03
1.000989562562945594e+03
1.001182400459167638e+03
1.001233593759375481e+03
1.001248203118755328e+03
1.001253646517843208e+03
1.001256798020519909e+03
1.001259376536865375e+03
1.001261811806069545e+03
1.001264211263456787e+03
1.001266601767887778e+03
1.001268992272318769e+03
1.001271382776749761e+03
1.001273773281180752e+03
1.001084642284917777e+03
1.001038013267015003e+03
1.001028132577109773e+03
1.001027455129194095e+03
1.001220295778879290e+03
1.001271492047755487e+03
1.001286104390213836e+03
1.001291550773477752e+03
1.001294705260448040e+03
1.001297286761106761e+03
1.001299725014628507e+03
1.001302127456334233e+03
1.001304520945084050e+03
1.001306914433833867e+03
1.001309307922583685e+03
1.001311701411333502e+03
1.001122573177685240e+03
1.001075947131130420e+03
1.001066069424995590e+03
1.001065394961430115e+03
1.001067021466037318e+03
1.001069223209208985e+03
1.001071568761596154e+03
1.001073950266257384e+03
1.001076340758985225e+03
1.001078733498729548e+03
1.001081126800228049e+03
1.001083520242165037e+03
1.001085913719211703e+03
1.001088307196258370e+03
1.001090700673305037e+03
1.001093094150351703e+03
1.000903965905869654e+03
1.000857339847662502e+03
1.000847462129826681e+03
1.000846787654557829e+03
1.001039631046901491e+03
1.001090830272802350e+03
1.001105445586640258e+03
1.001110894942377399e+03
1.001114052401938125e+03
1.001116636875206837e+03
1.001119078101342780e+03
1.001121483515663840e+03
1.001123879977029219e+03
1.001126276438394598e+03
1.001128672899759977e+03
1.001131069361125355e+03
1.000941943879264613e+03
1.000895320792407006e+03
1.000885446058341813e+03
1.000884774567423278e+03
1.000886404044664346e+03
1.000888608760456805e+03
1.000890957285460900e+03
1.000893341762737919e+03
1.000895735228081321e+03
1.000898130940441206e+03
1.000900527214555154e+03
1.000902923629107704e+03
1.000905320078769819e+03
1.000907716528431934e+03
1.000910112978094048e+03
1.000912509427756163e+03
1.000723383935061634e+03
1.000676760836551694e+03
1.000666886090785511e+03
1.000666214588163598e+03
1.000859060723158905e+03
1.000910262906082721e+03
1.000924881191299846e+03
1.000930333519509873e+03
1.000933493951660921e+03
1.000936081397539510e+03
1.000938525596289651e+03
1.000940933983225818e+03
1.000943333417206645e+03
1.000945732851187472e+03
1.000948132285168299e+03
1.000950531719149126e+03
1.000761408989082724e+03
1.000714788861923921e+03
1.000704917099928821e+03
1.000704248581657225e+03
1.000705881031532044e+03
1.000708088719945181e+03
1.000710440217565974e+03
1.000712827667458782e+03
1.000715224105417747e+03
1.000717622790393079e+03
1.000720022037122476e+03
1.000722421424290360e+03
1.000724820846567923e+03
1.000727220268845485e+03
1.000729619691123048e+03
1.000732019113400611e+03
1.000542896372500309e+03
1.000496276233689173e+03
1.000486404459992968e+03
1.000485735930017995e+03
1.000678584807658126e+03
1.000729789947602967e+03
1.000744411204198627e+03
1.000749866504881425e+03
1.000753029909622683e+03
1.000755620328111036e+03
1.000758067499475260e+03
1.000760478859026534e+03
1.000954037905837708e+03
1.001147596952648883e+03
1.001341155999460057e+03
1.001534715046271231e+03
1.001537117452867392e+03
1.001684557079780689e+03
1.001866743953705623e+03
1.002057470621448374e+03
1.002412178546851806e+03
1.002649824246510320e+03
1.002854595141989876e+03
1.003050968259281490e+03
1.003245231505689503e+03
1.003438966644830884e+03
1.003632569717373599e+03
1.003826139770783243e+03
1.004019701569254380e+03
1.004213263367725517e+03
1.004406825166196654e+03
1.004600386964667791e+03
1.004602792355582437e+03
1.004750234834145317e+03
1.004932424487254025e+03
1.005123153913693727e+03
1.005316008298198540e+03
1.005509393285813417e+03
1.005702910884238236e+03
1.005896461632864543e+03
1.006090020668884904e+03
1.006283581776743972e+03
1.006477143402562206e+03
1.006670705157870088e+03
1.006864266945550412e+03
1.007057828733230735e+03
1.007251390520911059e+03
1.007444952308591382e+03
1.007447357687802764e+03
1.007594800155182725e+03
1.007776989797392730e+03
1.007967719213013993e+03
1.008160573586721057e+03
1.008353958563543415e+03
1.008547476151176966e+03
1.008741026889012346e+03
1.008934585914241893e+03
1.009128147011310148e+03
1.009321708626337568e+03
1.009515270370854637e+03
1.009870520529617011e+03
1.010225770688379384e+03
1.010581020847141758e+03
1.010936271005904132e+03
1.011129832782793642e+03
1.011448885135976298e+03
1.011795393506816140e+03
1.012148478076592710e+03
1.012503188088835600e+03
1.012858303289287733e+03
1.013213519713369919e+03
1.013568761438768433e+03
1.013924009489208970e+03
1.014279259120892107e+03
1.014634509147884728e+03
1.014989759273704749e+03
1.015345009424231534e+03
1.015700259574758320e+03
1.016055509725285106e+03
1.016410759875811891e+03
1.016604321641910587e+03
1.016923373986082197e+03
1.017269882348484884e+03
1.017622966909974934e+03
1.017815821262086502e+03
1.018134725946807066e+03
1.018481199748874360e+03
1.018834275824913902e+03
1.019188983717323708e+03
1.019544098382253651e+03
1.019899314666316855e+03
1.020254556350536291e+03
1.020609804384505537e+03
1.020965052418474784e+03
1.021320300452444030e+03
1.021675548486413277e+03
1.021869107479270269e+03
1.022188157507612686e+03
1.022534663701650402e+03
1.022887746133510291e+03
1.023080597710597317e+03
1.023399500078752908e+03
1.023745971712255482e+03
1.024099045658613932e+03
1.024453751431177807e+03
1.024808863978727686e+03
1.025164078146027578e+03
1.025519317713637975e+03
1.025874563631036835e+03
1.026229809548435696e+03
1.026585055465834557e+03
1.026940301383233418e+03
1.027133857602841772e+03
1.027452905315343514e+03
1.027799409341003866e+03
1.028152489643220861e+03
1.028345338445276411e+03
1.028664238496855432e+03
1.029010707961780781e+03
1.029363779778445405e+03
1.029718483431150389e+03
1.030073593861307245e+03
1.030428805911831205e+03
1.030784043362819830e+03
1.031139287163635345e+03
1.031494530964450860e+03
1.031849774765266375e+03
1.032205018566081890e+03
1.032398572012434443e+03
1.032717617409083914e+03
1.033064119266354282e+03
1.033417197438915537e+03
1.033610043465932677e+03
1.033928941200923646e+03
1.034275408497259150e+03
1.034628478184217101e+03
1.034983179717050461e+03
1.035338288029801561e+03
1.035693497963536629e+03
1.036048733297890521e+03
1.036403974982109958e+03
1.036759216666329394e+03
1.037114458350548830e+03
1.037469700034768266e+03
1.037663250707858197e+03
1.037982293788644029e+03
1.038328793477511908e+03
1.038681869520404689e+03
1.038874712772376142e+03
1.039193608190767463e+03
1.039540073318500617e+03
1.039893140875739164e+03
1.040247840288687939e+03
1.040602946484020322e+03
1.040958154300953538e+03
1.041313387518659965e+03
1.041668627086270362e+03
1.042023866653880759e+03
1.042379106221491156e+03
1.042734345789101553e+03
1.042927893688921813e+03
1.043246934453832182e+03
1.043593431974285068e+03
1.043946505887496642e+03
1.044139346364415815e+03
1.044458239466195892e+03
1.044804702425314190e+03
1.045157767852820598e+03
1.045512465145872056e+03
1.045867569223772762e+03
1.046222774923891166e+03
1.046578006024937167e+03
1.046933243475925792e+03
1.047288480926914417e+03
1.047643718377903042e+03
1.047998955828891667e+03
1.048192500955435207e+03
1.048511539404458745e+03
1.048858034756483903e+03
1.049211106540001538e+03
1.049403944241861154e+03
1.049722835027018618e+03
1.050069295817509555e+03
1.050422359115271092e+03
1.050777054288412501e+03
1.051132156248868796e+03
1.051487359832159882e+03
1.051842588816532498e+03
1.052197824150886390e+03
1.052553059485240283e+03
1.052908294819594175e+03
1.053263530153948068e+03
1.053457072507207840e+03
1.053776108640332950e+03
1.054122601823918103e+03
1.054475671477728838e+03
1.054668506404522077e+03
1.054987394873045332e+03
1.055333853494896402e+03
1.055686914662900108e+03
1.056041607716118506e+03
1.056396707559117658e+03
1.056751909025568239e+03
1.057107135893254735e+03
1.057462369110961163e+03
1.057817602328667590e+03
1.058172835546374017e+03
1.058528068764080444e+03
1.058721608344049400e+03
1.059040642161264486e+03
1.059387133176396901e+03
1.059740200700488003e+03
1.059933032852207816e+03
1.060251919004085266e+03
1.060598375457283737e+03
1.060951434495517105e+03
1.061306125428799533e+03
1.061661223154328582e+03
1.062016422503925924e+03
1.062371647254913569e+03
1.062726878355959570e+03
1.063082109457005572e+03
1.063437340558051574e+03
1.063792571659097575e+03
1.063986108465768893e+03
1.064305139967062587e+03
1.064651628813729758e+03
1.065004694208088495e+03
1.065197523584728060e+03
1.065516407419948109e+03
1.065862861704481475e+03
1.066215918612931546e+03
1.066570607426265497e+03
1.066925703034311709e+03
1.067280900267043080e+03
1.067636122901318913e+03
1.068098966441014682e+03
1.068561809980710450e+03
1.069024653520406218e+03
1.069487497060101987e+03
1.069842726044474603e+03
1.070284801406445240e+03
1.070742863693779782e+03
1.071204537948208326e+03
1.071559226753293387e+03
1.072001212497937786e+03
1.072459255565565400e+03
1.072920925218362981e+03
1.073275611911735268e+03
1.073717597306184643e+03
1.074175640298726876e+03
1.074637309933548977e+03
1.075099861641804182e+03
1.075562413350059387e+03
1.076024965058314592e+03
1.076487516766569797e+03
1.076842203451693194e+03
1.077283918545082543e+03
1.077741671601949520e+03
1.078203049658289274e+03
1.078557195326237434e+03
1.078998820541352188e+03
1.079456554310905631e+03
1.079917927748579132e+03
1.080272071301544202e+03
1.080713696165444389e+03
1.081171429859648470e+03
1.081632803279279869e+03
1.082095062059112479e+03
1.082557320838945088e+03
1.083019579618777698e+03
1.083481838398610307e+03
1.083835981943313755e+03
1.084277335720555584e+03
1.084734778461353017e+03
1.085195859225405457e+03
1.085549460916329053e+03
1.085990724554560757e+03
1.086448147940483750e+03
1.086909224068845333e+03
1.087262823641520299e+03
1.087704086927519256e+03
1.088161510237829134e+03
1.088622586348081995e+03
1.089084551103204376e+03
1.089546515858326757e+03
1.090008480613449137e+03
1.090470445368571518e+03
1.090824044932972129e+03
1.091265036347356727e+03
1.091722167687218871e+03
1.092182950065489877e+03
1.092536006940791367e+03
1.092976907955644265e+03
1.093434019873117222e+03
1.093894797598683908e+03
1.094247852352476457e+03
1.094688753014079111e+03
1.095145864855674972e+03
1.095606642563066544e+03
1.096068312197888645e+03
1.096529981832710746e+03
1.096991651467532847e+03
1.097453321102354948e+03
1.097806375847860181e+03
1.098247003853537763e+03
1.098703822708337157e+03
1.099164305608040877e+03
1.099516816830414655e+03
1.099957354176253148e+03
1.100414153541194537e+03
1.100874631771191616e+03
1.101336005195333428e+03
1.101797600880100845e+03
1.102259252033823941e+03
1.102720917048772208e+03
1.103073969664468450e+03
1.103427022280164692e+03
1.103780074895860935e+03
1.104133127511557177e+03
1.104323815199808450e+03
1.104640464462206182e+03
1.104984721838005498e+03
1.105335595376352330e+03
1.105525573819047167e+03
1.105842074663235280e+03
1.106186297272541196e+03
1.106537162272911473e+03
1.106889669237443741e+03
1.107242585518792566e+03
1.107595604055807144e+03
1.107948648152139640e+03
1.108301698638014159e+03
1.108654749123888678e+03
1.109007799609763197e+03
1.109360850095637716e+03
1.109551535003451590e+03
1.109868181938115413e+03
1.110212437132614014e+03
1.110563308528147672e+03
1.110753284188648649e+03
1.111069782704372756e+03
1.111414003132179232e+03
1.111764865989686086e+03
1.112117370821128588e+03
1.112470284971838055e+03
1.112823301378826272e+03
1.113176343345285886e+03
1.113529391701325721e+03
1.113882440057365557e+03
1.114235488413405392e+03
1.114588536769445227e+03
1.114779218896814655e+03
1.115095863503733199e+03
1.115440116516918579e+03
1.115790985769626559e+03
1.115980958647927082e+03
1.116297454835175586e+03
1.116641673081470344e+03
1.116992533796100815e+03
1.117345036494440592e+03
1.117697948514498194e+03
1.118050962791447546e+03
1.118404002628021317e+03
1.118757048854213963e+03
1.119110095080406609e+03
1.119463141306599255e+03
1.119816187532791901e+03
1.120006866879710060e+03
1.120323509158871957e+03
1.120667759990731611e+03
1.121018627100601179e+03
1.121208597196694200e+03
1.121525091055455732e+03
1.121869307120226495e+03
1.122220165691967850e+03
1.122572666257192395e+03
1.122925576146585172e+03
1.123278588293482699e+03
1.123631626000158121e+03
1.123984670096490618e+03
1.124337714192823114e+03
1.124690758289155610e+03
1.125043802385488107e+03
1.125234478951948176e+03
1.125551118903341830e+03
1.125895367553863480e+03
1.126246232520881904e+03
1.126436199834760373e+03
1.126752691365023338e+03
1.127096905248257372e+03
1.127447761677097105e+03
1.127800260109193459e+03
1.128153167867908451e+03
1.128506177884741419e+03
1.128859213461505533e+03
1.129212255427965147e+03
1.129565297394424761e+03
1.129918339360884374e+03
1.130271381327343988e+03
1.130462055113339147e+03
1.130778692736953190e+03
1.131122939206124329e+03
1.131473802030279103e+03
1.131826300454075408e+03
1.132179206612701137e+03
1.132532214632069099e+03
1.132885248112060026e+03
1.133238287956921340e+03
1.133591329392982516e+03
1.133944371226842577e+03
1.134297413160152246e+03
1.134650455118324317e+03
1.135003497076496387e+03
1.135356539034668458e+03
1.135709580992840529e+03
1.135900254768016794e+03
1.136216892382573405e+03
1.136561138843256686e+03
1.136912001659073439e+03
1.137264500074569469e+03
1.137617406224904698e+03
1.137970414235984435e+03
1.138323447707687592e+03
1.138676487544261363e+03
1.139029528972034996e+03
1.139382570797607514e+03
1.139735612722629639e+03
1.140197275418552181e+03
1.140658938114474722e+03
1.141120600810397264e+03
1.141582263506319805e+03
1.141935305456204333e+03
1.142375924921019987e+03
1.142832736429549641e+03
1.143293212288109771e+03
1.143645710695305752e+03
1.144086239494176198e+03
1.144543031511265099e+03
1.145003502699719547e+03
1.145464869159276304e+03
1.145926457898721310e+03
1.146388102111939133e+03
1.146849760187586298e+03
1.147311421728465120e+03
1.147773083269343942e+03
1.148234744810222764e+03
1.148696406351101587e+03
1.149049446171100499e+03
1.149490064214227232e+03
1.149946874499906698e+03
1.150407349186404645e+03
1.150759845460459474e+03
1.151200372836624638e+03
1.151657163630599825e+03
1.152117633646925697e+03
1.152578998947163427e+03
1.153040586530495602e+03
1.153502229588402315e+03
1.153963886508938913e+03
1.154425546894757190e+03
1.154887207280575467e+03
1.155348867666393744e+03
1.155810528052212021e+03
1.156163565742312358e+03
1.156604182363734026e+03
1.157060991426546707e+03
1.157521464940965870e+03
1.157873959081867042e+03
1.158314485035310781e+03
1.158771274606155657e+03
1.159231743450336353e+03
1.159584235466371183e+03
1.160024761065516259e+03
1.160481550560212554e+03
1.160942019386149695e+03
1.161442017139848758e+03
1.161942014893547821e+03
1.162442012647246884e+03
1.162942010400945946e+03
1.163403374537336731e+03
1.163900817760413474e+03
1.164400628142599089e+03
1.164900607287733237e+03
1.165361675244139406e+03
1.165859099064168277e+03
1.166358908123982701e+03
1.166858887159517280e+03
1.167319953956842483e+03
1.167817377700934685e+03
1.168317186755574539e+03
1.168817165790680519e+03
1.169278232583478029e+03
1.169739299376275540e+03
1.170200366169073050e+03
1.170661432961870560e+03
1.171013378451273638e+03
1.171453265055861493e+03
1.171909445831404582e+03
1.172369317044899617e+03
1.172720717320988570e+03
1.173160512737643103e+03
1.173616673886422404e+03
1.174076540395707980e+03
1.174427938540435207e+03
1.174867733600759948e+03
1.175323894672864071e+03
1.175783761163773306e+03
1.176283751929718846e+03
1.176783742695664387e+03
1.177283733461609927e+03
1.177783724227555467e+03
1.178244492583299234e+03
1.178741777907841652e+03
1.179241543511378950e+03
1.179741506219751955e+03
1.180201976217834499e+03
1.180699241551872092e+03
1.181199005685455404e+03
1.181698968247319726e+03
1.182159437077817756e+03
1.182656702333624025e+03
1.183156466461456375e+03
1.183656429022747716e+03
1.184156414516153291e+03
1.184656400009558865e+03
1.185156385502964440e+03
1.185656370996370015e+03
1.186116839822307156e+03
1.186614044428453781e+03
1.187113785864782358e+03
1.187613738576205833e+03
1.188073907956703579e+03
1.188571092278687729e+03
1.189070832171276152e+03
1.189570784717736842e+03
1.190030952926402279e+03
1.190528137169008232e+03
1.191027877055557383e+03
1.191527829601373014e+03
1.191987997805460964e+03
1.192448166009548913e+03
1.192908334213636863e+03
1.193368502417724812e+03
1.193718803349308700e+03
1.194157587106600658e+03
1.194612817339070489e+03
1.195071776923291964e+03
1.195421530155091887e+03
1.195860221946141110e+03
1.196315432350002993e+03
1.196774387179142423e+03
1.197124138269875630e+03
1.197562829701555074e+03
1.198018040027953248e+03
1.198476994838517612e+03
1.198936861329426847e+03
1.199396727820336082e+03
1.199856594311245317e+03
1.200316460802154552e+03
1.200666211884524046e+03
1.201104625943657084e+03
1.201559537168193856e+03
1.202018190698101080e+03
1.202367393254458648e+03
1.202805715088347597e+03
1.203260606417088866e+03
1.203719255174978798e+03
1.204068455587044582e+03
1.204506777060552395e+03
1.204961668311567564e+03
1.205420317050816493e+03
1.205920279612107834e+03
1.206420242173399174e+03
1.206920204734690515e+03
1.207420167295981855e+03
1.207879730983098398e+03
1.208376686359850282e+03
1.208876348183710206e+03
1.209376263790301891e+03
1.209835524772915960e+03
1.210332458984823688e+03
1.210832119043607690e+03
1.211332034429876785e+03
1.211791294227931985e+03
1.212288228357021353e+03
1.212787888408901608e+03
1.213287803794309411e+03
1.213747063587737330e+03
1.214206323381165248e+03
1.214665583174593166e+03
1.215124842968021085e+03
1.215473491864871221e+03
1.215911163409352639e+03
1.216365433382196215e+03
1.216823471540991250e+03
1.217171570263277999e+03
1.217609149065169731e+03
1.218063399007984344e+03
1.218521432360925928e+03
1.218980387176133945e+03
1.219439570827085845e+03
1.219898811591276171e+03
1.220358066627793505e+03
1.220817325232018902e+03
1.221276583836244299e+03
1.221735842440469696e+03
1.222195101044695093e+03
1.222543747785632377e+03
1.222981417875847001e+03
1.223435686592046522e+03
1.223893723544709701e+03
1.224241820107868762e+03
1.224679397454484388e+03
1.225133646140392784e+03
1.225591678287136574e+03
1.226050631908888818e+03
1.226509814369574542e+03
1.226969053944296093e+03
1.227428307791544285e+03
1.227776952376555982e+03
1.228125596961567680e+03
1.228474241546579378e+03
1.228822886131591076e+03
1.229007839906095569e+03
1.229319676821161920e+03
1.229659420947872604e+03
1.230005859899502411e+03
1.230190100869991966e+03
1.230501787875964965e+03
1.230841496830462575e+03
1.231187927140708098e+03
1.231536019393975494e+03
1.231884525973513973e+03
1.232233136062001222e+03
1.232581772023184612e+03
1.232930414452258219e+03
1.233279056881331826e+03
1.233627699310405433e+03
1.233976341739479039e+03
1.234161292719565154e+03
1.234473127283506074e+03
1.234812869203458376e+03
1.235159305986321897e+03
1.235343544160689817e+03
1.235655228814818429e+03
1.235994935562361661e+03
1.236341363703791103e+03
1.236689453797893293e+03
1.237037958220686505e+03
1.237386566153033755e+03
1.237735199958228577e+03
1.238083840231351360e+03
1.238432480504474142e+03
1.238781120777596925e+03
1.239129761050719708e+03
1.239314709236380850e+03
1.239626541449185197e+03
1.239966281162366613e+03
1.240312715776451341e+03
1.240496951154690805e+03
1.240808633456963662e+03
1.241148337997540239e+03
1.241494763970140866e+03
1.241842851905065118e+03
1.242191354171100102e+03
1.242539959947294847e+03
1.242888591596488368e+03
1.243237229713647821e+03
1.243585867830807274e+03
1.243934505947966727e+03
1.244283144065126180e+03
1.244468089456355756e+03
1.244779919318012162e+03
1.245119656824410640e+03
1.245466089269704071e+03
1.245650321851808712e+03
1.245962001802214445e+03
1.246301704135812088e+03
1.246648127939571623e+03
1.246996213715305203e+03
1.247344713824569681e+03
1.247693317444599188e+03
1.248041946937778903e+03
1.248501199595741355e+03
1.248960452253703806e+03
1.249419704911666258e+03
1.249878957569628710e+03
1.250227593530812101e+03
1.250665256349456058e+03
1.251119518782188152e+03
1.251577549703943532e+03
1.251925635471275655e+03
1.252363205541272691e+03
1.252817447942403760e+03
1.253275474057909605e+03
1.253734421712134008e+03
1.254193598221239199e+03
1.254652831848368351e+03
1.255112079749021404e+03
1.255571331217681291e+03
1.256030582686341177e+03
1.256489834155001063e+03
1.256949085623660949e+03
1.257297719428855771e+03
1.257735380793138120e+03
1.258189641969127251e+03
1.258647671684651414e+03
1.258995755292780359e+03
1.259433323907406248e+03
1.259887565051532647e+03
1.260345589960741108e+03
1.260693671418055828e+03
1.261131239670252171e+03
1.261585480736120871e+03
1.262043505626554179e+03
1.262543446648282270e+03
1.263043387670010361e+03
1.263543328691738452e+03
1.264043269713466543e+03
1.264502216169491248e+03
1.264998997115300426e+03
1.265498599099644707e+03
1.265998483589567059e+03
1.266457125142330369e+03
1.266953884328402182e+03
1.267453484398116871e+03
1.267953368630308205e+03
1.268453297233002331e+03
1.268953235261122472e+03
1.269453175541395467e+03
1.269953116378193954e+03
1.270453057353716758e+03
1.270952998329239563e+03
1.271452939304762367e+03
1.271952880280285171e+03
1.272411825542737915e+03
1.272908606147787168e+03
1.273408208012134537e+03
1.273908092437399318e+03
1.274366732792356743e+03
1.274863491636522667e+03
1.275363091585952589e+03
1.275862975753414275e+03
1.276321614915210375e+03
1.276818373674229633e+03
1.277317973616170320e+03
1.277817857782624287e+03
1.278317786334283937e+03
1.278817714885943587e+03
1.279317643437603238e+03
1.279817571989262888e+03
1.280276211146398055e+03
1.280772903924219463e+03
1.281272474474205637e+03
1.281772341751836620e+03
1.282230674918020895e+03
1.282727345641601914e+03
1.283226914202909256e+03
1.283726781204285999e+03
1.284185113173077980e+03
1.284681783810366596e+03
1.285181352363896622e+03
1.285681219364193794e+03
1.286181134306365720e+03
1.286681049248537647e+03
1.287180964190709574e+03
1.287680879132881500e+03
1.288139211096995950e+03
1.288635814869638807e+03
1.289135352920488231e+03
1.289635201865005911e+03
1.290093226755439218e+03
1.290589808180537148e+03
1.291089344168950902e+03
1.291589192818764104e+03
1.292089092966089538e+03
1.292589004320694357e+03
1.293088918372921171e+03
1.293588833093040876e+03
1.294047163855069130e+03
1.294505494617097384e+03
1.294963825379125637e+03
1.295422156141153891e+03
1.295769126070950961e+03
1.296205662862545296e+03
1.296658951455814986e+03
1.297116047442465288e+03
1.297462464705869024e+03
1.297898907971444032e+03
1.298352176331338342e+03
1.298809267460873571e+03
1.299155682563824939e+03
1.299592125463938146e+03
1.300045393744787816e+03
1.300502484855349394e+03
1.300960507333137684e+03
1.301418529810925975e+03
1.301876552288714265e+03
1.302334574766502556e+03
1.302680989861014723e+03
1.303117150692880841e+03
1.303570113778702989e+03
1.304026897157494886e+03
1.304372758767266077e+03
1.304808825815441196e+03
1.305261768600987352e+03
1.305718547105798052e+03
1.306176260217816207e+03
1.306634205455965457e+03
1.307092208630208006e+03
1.307550226282507765e+03
1.308050126309347434e+03
1.308550026336187102e+03
1.309049926363026771e+03
1.309549826389866439e+03
1.310007847661307551e+03
1.310504360541852975e+03
1.311003864641052360e+03
1.311503693909868161e+03
1.311961407017175816e+03
1.312457897254633735e+03
1.312957399217069451e+03
1.313457228172586611e+03
1.313914940074015931e+03
1.314411430222881108e+03
1.314910932176961069e+03
1.315410761131253821e+03
1.315876714491070288e+03
1.316342667850886755e+03
1.316808621210703222e+03
1.317274574570519690e+03
1.317774458607459792e+03
1.318255943587044385e+03
1.318726207138239488e+03
1.319193264463304331e+03
1.319693131394222746e+03
1.320174668035225068e+03
1.320644947869318685e+03
1.321112009472295767e+03
1.321611876334087356e+03
1.322093413176753302e+03
1.322563693074443563e+03
1.323030754694130792e+03
1.323496986778138535e+03
1.323963218862146277e+03
1.324429450946154020e+03
1.324895683030161763e+03
1.325395549891683231e+03
1.325877241898460170e+03
1.326347766474666287e+03
1.326815098114452439e+03
1.327314946689104545e+03
1.327796690072866795e+03
1.328267230862518772e+03
1.328734566762972463e+03
1.329234415263885239e+03
1.329716158848199939e+03
1.330186699701177304e+03
1.330654035618273610e+03
1.331120545320761948e+03
1.331587055023250286e+03
1.332053564725738624e+03
1.332520074428226962e+03
1.333019922928851656e+03
1.333501820820445801e+03
1.333972605305772277e+03
1.334440210151961537e+03
1.334940039184912166e+03
1.335421988168937332e+03
1.335892788798218589e+03
1.336360397887820454e+03
1.336860226842419252e+03
1.337342176025885237e+03
1.337812976718220398e+03
1.338280585824397576e+03
1.338780414778690329e+03
1.339280243732983081e+03
1.339780072687275833e+03
1.340279901641568586e+03
1.340736678904043174e+03
1.341232819243054564e+03
1.341732176724552573e+03
1.342231916028741125e+03
1.342688380806431269e+03
1.343184497329894157e+03
1.343683852379673681e+03
1.344183591296772647e+03
1.344640054851712648e+03
1.345136171282003033e+03
1.345635526322274700e+03
1.346135265237860949e+03
1.346591728788024511e+03
1.347048192338188073e+03
1.347504655888351635e+03
1.347961119438515198e+03
1.348304745874792161e+03
1.348739009919268938e+03
1.349190328075207844e+03
1.349645530935742045e+03
1.349988599812101029e+03
1.350422768786874258e+03
1.350874066308500232e+03
1.351329264210830615e+03
1.351672330907637388e+03
1.352106499510919321e+03
1.352557796951934279e+03
1.353012994834896290e+03
1.353469143590205249e+03
1.353925292345514208e+03
1.354381441100823167e+03
1.354837589856132126e+03
1.355180656544425119e+03
1.355614538432248992e+03
1.356065524642777746e+03
1.356520408402635894e+03
1.356862916720573594e+03
1.357296703282366707e+03
1.357747668791973410e+03
1.358202547576831648e+03
1.358658380460298304e+03
1.359114450349032950e+03
1.359570579394036258e+03
1.360026723222164946e+03
1.360482870745703622e+03
1.360939018269242297e+03
1.361395165792780972e+03
1.361851313316319647e+03
1.362194377816534143e+03
1.362628258209563228e+03
1.363079243121352192e+03
1.363534125632626456e+03
1.363876631759322436e+03
1.364310416825319862e+03
1.364761381035926888e+03
1.365216258572135757e+03
1.365558762516104252e+03
1.365992547209605391e+03
1.366443511339340375e+03
1.366898388856114934e+03
1.367240892791556917e+03
1.367583396726998899e+03
1.367925900662440881e+03
1.368268404597882864e+03
1.368445437703874404e+03
1.368750587896858178e+03
1.369084049096129093e+03
1.369424311478563823e+03
1.369600627071498138e+03
1.369905625345331600e+03
1.370239050823982325e+03
1.370579304425176815e+03
1.370921246992106717e+03
1.371263610661517532e+03
1.371606079535210256e+03
1.371948574705512556e+03
1.372125604998582958e+03
1.372302635291653360e+03
1.372479665584723762e+03
1.372656695877794164e+03
1.372641303460942027e+03
1.372771647386541190e+03
1.372937148606680694e+03
1.373111306358473030e+03
1.373287619136855710e+03
1.373464470090241548e+03
1.373641455550830642e+03
1.373818474635933171e+03
1.373995502127021155e+03
1.374172531719596464e+03
1.374349561837542979e+03
1.374526592086832352e+03
1.374703622368957440e+03
1.374880652651082528e+03
1.375057682933207616e+03
1.375234713215332704e+03
1.375219320786782873e+03
1.375349664701083384e+03
1.375515165910179121e+03
1.375689323651001132e+03
1.375865636418432359e+03
1.376042487360871519e+03
1.376219472810514844e+03
1.376396491884672059e+03
1.376573519364814729e+03
1.376750548946444724e+03
1.376927579053446152e+03
1.377104609291790439e+03
1.377281639562970213e+03
1.377458669834149987e+03
1.377635700105329761e+03
1.377812730376509535e+03
1.377797337936262011e+03
1.377927681839263869e+03
1.378093183037316066e+03
1.378267340767167525e+03
1.378443653523647072e+03
1.378620504455139326e+03
1.378797489893837110e+03
1.378974508957049011e+03
1.379151536426246366e+03
1.379328565996931275e+03
1.379505596092987389e+03
1.379682626320386362e+03
1.379859656580621049e+03
1.380036686840855737e+03
1.380213717101090424e+03
1.380390747361325111e+03
1.380375354909379666e+03
1.380505698801082872e+03
1.380671199988091530e+03
1.380845357706972663e+03
1.381021670452500757e+03
1.381198521373046106e+03
1.381375506800798348e+03
1.381552525853064935e+03
1.381729553311316977e+03
1.381906582871056571e+03
1.382083612956167599e+03
1.382260643172621258e+03
1.382437673421910631e+03
1.382614703671200004e+03
1.382791733920489378e+03
1.382968764169778751e+03
1.382953371706135613e+03
1.383083715586540166e+03
1.383249216762505057e+03
1.383423374470415638e+03
1.383599687204992051e+03
1.383776538114590721e+03
1.383953523531397195e+03
1.384130542572718468e+03
1.384115147114439196e+03
1.384245490271727931e+03
1.384410991270994828e+03
1.384585148935023653e+03
1.384568989851207562e+03
1.384552830767391470e+03
1.384536671683575378e+03
1.384520512599759286e+03
1.384314341782665906e+03
1.384249277538265005e+03
1.384220859116441716e+03
1.384201633997002091e+03
1.384184708342734893e+03
1.384168357612670889e+03
1.384152150617068855e+03
1.384135979555292352e+03
1.384119817476985418e+03
1.384103657644546502e+03
1.384087498373574817e+03
1.384071339242969771e+03
1.384055180147456440e+03
1.384039021051943109e+03
1.384022861956429779e+03
1.384006702860916448e+03
1.383800532033161062e+03
1.383735467777156373e+03
1.383707049343648805e+03
1.383687824212514442e+03
1.383670898546550688e+03
1.383654547804789672e+03
1.383638340797490628e+03
1.383622169724016885e+03
1.383798479633083844e+03
1.383831380571603177e+03
1.383827490360471757e+03
1.383814397862162878e+03
1.383608926016763917e+03
1.383403454171364956e+03
1.383197982325965995e+03
1.382992510480567034e+03
1.382628240516079359e+03
1.382379078883837792e+03
1.382162482285278656e+03
1.381954217385218499e+03
1.381938058278007929e+03
1.381778073346999918e+03
1.381583805851742909e+03
1.381381123841402768e+03
1.381366494992586013e+03
1.381206872732770535e+03
1.381012693409906660e+03
1.380810033267890958e+03
1.380605263621604763e+03
1.380400493975318568e+03
1.380195724329032373e+03
1.379990954682746178e+03
1.379627212585258803e+03
1.379378718809619613e+03
1.379162816446706984e+03
1.378955251794364131e+03
1.378939862278566352e+03
1.378780607032407943e+03
1.378587049248125368e+03
1.378385071354388174e+03
1.378371212167756539e+03
1.378212319780740245e+03
1.378018850225984806e+03
1.377816894215478214e+03
1.377803041006959120e+03
1.377789187798440025e+03
1.377775334589920931e+03
1.377761481381401836e+03
1.377557414419828319e+03
1.377494638160991371e+03
1.377468523220842599e+03
1.377451603508468452e+03
1.377629356401892210e+03
1.377664368383325836e+03
1.377662737314438345e+03
1.377651939149906411e+03
1.377831122179604790e+03
1.377866515957412958e+03
1.377864980574594028e+03
1.377854206326132271e+03
1.378033394939015352e+03
1.378212583551898433e+03
1.378391772164781514e+03
1.378570960777664595e+03
1.378557877264444869e+03
1.378690449766538677e+03
1.378858128849238255e+03
1.379034449928886943e+03
1.379212922286718822e+03
1.379391931875302816e+03
1.379571075734580518e+03
1.379750253159216527e+03
1.379929438975047333e+03
1.380108626888667914e+03
1.380287815326735426e+03
1.380467003895914559e+03
1.380646192497871652e+03
1.380825381099828746e+03
1.381004569701785840e+03
1.381183758303742934e+03
1.381170674778823923e+03
1.381303247269633403e+03
1.381470926341307404e+03
1.381647247410004638e+03
1.381825719756904164e+03
1.382004729334560579e+03
1.382183873182912066e+03
1.382363050596622088e+03
1.382349964076672904e+03
1.382482535845276288e+03
1.382650214740540378e+03
1.382826535765431572e+03
1.382812685516722240e+03
1.382798835268012908e+03
1.382784985019303576e+03
1.382771134770594244e+03
1.382567070512137434e+03
1.382504297190817852e+03
1.382478185207574370e+03
1.382461268454451101e+03
1.382446651526241794e+03
1.382432609604531535e+03
1.382418711437379898e+03
1.382404849209048052e+03
1.382200782215421896e+03
1.382138008151014674e+03
1.382111895980773170e+03
1.382094979180863220e+03
1.381890214947766481e+03
1.381685450714669742e+03
1.381480686481573002e+03
1.381275922248476263e+03
1.380912184222199585e+03
1.380663695595501167e+03
1.380447798584512157e+03
1.380240239330346640e+03
1.380034775615124090e+03
1.379829836466260076e+03
1.379625028501397310e+03
1.379420253335182679e+03
1.379215486368795382e+03
1.379010721452375265e+03
1.378805957048447681e+03
1.378601192772643117e+03
1.378396428528869365e+03
1.378191664285095612e+03
1.377986900041321860e+03
1.377782135797548108e+03
1.377418397763241501e+03
1.377169909126387211e+03
1.376954012104842150e+03
1.376746452840029178e+03
1.376731069243319325e+03
1.376571819610648618e+03
1.376378267286549317e+03
1.376176294810046329e+03
1.375972227795051595e+03
1.375767637813716874e+03
1.375562917132752773e+03
1.375358163779506413e+03
1.375343549810978175e+03
1.375328935842449937e+03
1.375314321873921699e+03
1.375299707905393461e+03
1.375094946384240757e+03
1.375031415152250247e+03
1.375004540212916254e+03
1.374986859887790843e+03
1.375163901224550273e+03
1.375198153965382289e+03
1.375195761834204859e+03
1.375184202791455618e+03
1.375170352507649795e+03
1.375155929457172988e+03
1.375141363217958769e+03
1.375126761181746360e+03
1.374922002383221752e+03
1.374717243584697144e+03
1.374512484786172536e+03
1.374307725987647927e+03
1.373943992048693644e+03
1.373695508591282533e+03
1.373479616953359937e+03
1.373272063118695542e+03
1.373066604834296641e+03
1.372861671119068660e+03
1.372656868588544057e+03
1.372452098856842895e+03
1.372437484876616281e+03
1.372278421966148244e+03
1.372084919173410071e+03
1.371882963077253862e+03
1.371519755822138222e+03
1.371156548567022583e+03
1.370793341311906943e+03
1.370430134056791303e+03
1.369963073403224598e+03
1.369567933614586764e+03
1.369196402686937972e+03
1.368831093804701368e+03
1.368626334995499747e+03
1.368298413384692140e+03
1.367943714796604581e+03
1.367582614553760550e+03
1.367219932782785691e+03
1.366856856819253380e+03
1.366493682382065572e+03
1.366130483331121241e+03
1.365663423742844770e+03
1.365196364154568300e+03
1.364729304566291830e+03
1.364262244978015360e+03
1.363762436597870192e+03
1.363280131866285728e+03
1.362808832813190293e+03
1.362340686880492513e+03
1.361976954981203562e+03
1.361529552935300444e+03
1.361066995947825035e+03
1.360601035942120689e+03
1.360238356225479492e+03
1.359791125191125957e+03
1.359328604543300344e+03
1.358862653213643171e+03
1.358395869030248832e+03
1.357929084846854494e+03
1.357462300663460155e+03
1.356995516480065817e+03
1.356495687377573176e+03
1.356013586246838713e+03
1.355542544869644644e+03
1.355074669924720865e+03
1.354711466771665073e+03
1.354264409018284596e+03
1.353802144930509485e+03
1.353336464719233390e+03
1.352974315460194930e+03
1.352527429245466465e+03
1.352065201633610741e+03
1.351599530132701375e+03
1.351133022461141991e+03
1.350666514789582607e+03
1.350200007118023223e+03
1.349733499446463838e+03
1.349233650806940432e+03
1.348751754420332190e+03
1.348280971836087474e+03
1.347813368988477123e+03
1.347450695442970300e+03
1.347003983042284744e+03
1.346542012950443677e+03
1.346076613637930450e+03
1.345714995695311245e+03
1.345268455359973586e+03
1.344806521880234413e+03
1.344341131312386779e+03
1.343979517499870553e+03
1.343617903687354328e+03
1.343256289874838103e+03
1.342894676062321878e+03
1.342428446008894298e+03
1.342034727669359199e+03
1.341664748562302293e+03
1.341301022806177798e+03
1.341098376251857871e+03
1.340772204151375945e+03
1.340419139511127923e+03
1.340059642927431241e+03
1.339858396926959813e+03
1.339532515014099545e+03
1.339179518134327964e+03
1.338820038176990693e+03
1.338618797651140767e+03
1.338417557125290841e+03
1.338216316599440916e+03
1.338015076073590990e+03
1.337653994441706800e+03
1.337408859109913010e+03
1.337196446325879606e+03
1.336992401106969737e+03
1.336980871934895504e+03
1.336825282032395990e+03
1.336635290642306472e+03
1.336436851386077251e+03
1.336426852843375627e+03
1.336271626729675972e+03
1.336081723852506002e+03
1.335883306553484317e+03
1.335873313989996859e+03
1.335863321426509401e+03
1.335853328863021943e+03
1.335843336299534485e+03
1.335642800868727363e+03
1.335583857638761856e+03
1.335561599920963999e+03
1.335548540215911089e+03
1.335729897251955435e+03
1.335768760424146649e+03
1.335770991097702790e+03
1.335764054068921268e+03
1.335564218726706258e+03
1.335505465167808552e+03
1.335483255152425045e+03
1.335470207380715010e+03
1.335459450975717118e+03
1.335448694570719226e+03
1.335437938165721334e+03
1.335427181760723442e+03
1.335225946698810276e+03
1.335166244859241260e+03
1.335143223919023740e+03
1.335129400484107691e+03
1.335117877279153163e+03
1.335106929171722641e+03
1.335096124840967150e+03
1.335085356454520479e+03
1.335074597054159767e+03
1.335063839900321227e+03
1.335053083308113173e+03
1.335042326856312684e+03
1.335223686662567616e+03
1.335405046468822547e+03
1.335586406275077479e+03
1.335767766081332411e+03
1.335757009664633870e+03
1.335891825168231207e+03
1.336061695387140844e+03
1.336240192768964334e+03
1.336420837605039878e+03
1.336602018708692640e+03
1.336783333841796548e+03
1.336964682479919929e+03
1.337146039494151637e+03
1.337327398602401217e+03
1.337508758234154811e+03
1.337690117996784238e+03
1.337871477792132737e+03
1.338052837587481235e+03
1.338234197382829734e+03
1.338415557178178233e+03
1.338404800749779042e+03
1.338539616242106604e+03
1.338709486450008853e+03
1.338887983820900217e+03
1.339068628646062962e+03
1.339249809738807699e+03
1.339431124861004719e+03
1.339612473488221667e+03
1.339793830491546942e+03
1.339975189588890316e+03
1.340156549209737477e+03
1.340337908961460698e+03
1.340327152521360858e+03
1.340316396081261018e+03
1.340305639641161179e+03
1.340294883201061339e+03
1.340093648107007311e+03
1.340033946232579638e+03
1.340010925257289273e+03
1.339997101787276733e+03
1.339985578547221394e+03
1.339974630404689378e+03
1.339963826038832167e+03
1.339953057617283775e+03
1.339751819780544338e+03
1.339692117162461273e+03
1.339669096000116042e+03
1.339655272483307954e+03
1.339835917286645099e+03
1.340016562089982244e+03
1.340197206893319390e+03
1.340377851696656535e+03
1.340366328444901001e+03
1.340500405172405863e+03
1.340669553789457723e+03
1.340847334478091398e+03
1.341027263886154969e+03
1.341207729880458601e+03
1.341388329984026996e+03
1.341568963612577591e+03
1.341914272768937508e+03
1.342139745271269703e+03
1.342331777274318483e+03
1.342515279347637033e+03
1.342504522884135895e+03
1.342493766420634756e+03
1.342483009957133618e+03
1.342472253493632479e+03
1.342271018378151211e+03
1.342211316480484129e+03
1.342188295481811792e+03
1.342174471988401365e+03
1.341972534981564650e+03
1.341912642712494062e+03
1.341889573827863614e+03
1.341875738354812938e+03
1.342056380353550139e+03
1.342094480980746766e+03
1.342095947407767881e+03
1.342088246349537030e+03
1.341887710843684090e+03
1.341687175337831150e+03
1.341486639831978209e+03
1.341286104326125269e+03
1.340925555674398538e+03
1.340681091648628581e+03
1.340469376081048495e+03
1.340266033970884109e+03
1.340064796102003811e+03
1.339864084961090839e+03
1.339663505543707060e+03
1.339462959059798550e+03
1.339102408332309096e+03
1.338857943653156326e+03
1.338646227915938198e+03
1.338442885763006643e+03
1.338081806130709310e+03
1.337720726498411977e+03
1.337359646866114645e+03
1.336998567233817312e+03
1.336532616952658600e+03
1.336139375474139115e+03
1.335769916679036442e+03
1.335406721665907526e+03
1.335204781896825580e+03
1.334879195958185846e+03
1.334526678992371217e+03
1.334167719992696220e+03
1.333702047366708939e+03
1.333308923879895247e+03
1.332939497259989594e+03
1.332576310451340987e+03
1.332110083598659912e+03
1.331643856745978837e+03
1.331177629893297762e+03
1.330711403040616688e+03
1.330211535845166964e+03
1.329729847721085662e+03
1.329259328043271580e+03
1.328792001551865951e+03
1.328429864582599293e+03
1.327983502585986571e+03
1.327521830987349631e+03
1.327056716928445212e+03
1.326695637288052239e+03
1.326249447889128305e+03
1.325787813040254832e+03
1.325322707760688445e+03
1.324961632257130759e+03
1.324600556753573073e+03
1.324239481250015388e+03
1.323878405746457702e+03
1.323412457630264726e+03
1.323019219838117579e+03
1.322649765064730218e+03
1.322286574153815536e+03
1.322084639844992807e+03
1.321759058436208079e+03
1.321406545703267057e+03
1.321047590858599051e+03
1.320847058065115561e+03
1.320521767232349475e+03
1.320169322365039989e+03
1.319810384173501461e+03
1.319449841716705805e+03
1.319089299259910149e+03
1.318728756803114493e+03
1.318368214346318837e+03
1.317902546071583856e+03
1.317509784298389832e+03
1.317140848775433369e+03
1.316778187491978542e+03
1.316576957808321367e+03
1.316251961148514738e+03
1.315899994885577144e+03
1.315541576473665373e+03
1.315341749252558202e+03
1.315017043552056066e+03
1.314665145258546545e+03
1.314306743526190303e+03
1.313946734971162869e+03
1.313586726416135434e+03
1.313226717861108000e+03
1.312866709306080566e+03
1.312401321977109774e+03
1.312009037154281486e+03
1.311640621756665723e+03
1.311278490960701674e+03
1.311077966379414875e+03
1.310753555239297611e+03
1.310402136281031744e+03
1.310044255151845391e+03
1.309684777195583365e+03
1.309324901211495899e+03
1.308964925794279225e+03
1.308604925523396787e+03
1.308405106520013305e+03
1.308205287516629824e+03
1.308005468513246342e+03
1.307805649509862860e+03
1.307445643025852405e+03
1.307201861369360358e+03
1.306990854406129074e+03
1.306788226864184480e+03
1.306778249125877892e+03
1.306624134718771984e+03
1.306435579640229207e+03
1.306238565683740262e+03
1.306230118669724334e+03
1.306076368418879611e+03
1.305887901965647643e+03
1.305690909995724269e+03
1.305682468961264931e+03
1.305674027926805593e+03
1.305665586892346255e+03
1.305657145857886917e+03
1.305458032906266453e+03
1.305400630930496391e+03
1.305379923572429334e+03
1.305368415191679560e+03
1.305359207286342325e+03
1.305350574532230894e+03
1.305342085567740924e+03
1.305333632550766652e+03
1.305517145717557241e+03
1.305557746169648453e+03
1.305561576356112482e+03
1.305556202938932984e+03
1.305740432126498945e+03
1.305924661314064906e+03
1.306108890501630867e+03
1.306293119689196828e+03
1.306285445533775601e+03
1.306423227070832809e+03
1.306595993465737138e+03
1.306777367090229291e+03
1.306768926044068166e+03
1.306906523247287851e+03
1.307079244657090385e+03
1.307260607113579908e+03
1.307444120269484074e+03
1.307628170490027742e+03
1.307812354938396993e+03
1.307996572941323620e+03
1.307988895778497181e+03
1.307981218615670741e+03
1.307973541452844302e+03
1.307965864290017862e+03
1.307767452351459951e+03
1.307710809362105010e+03
1.307690865343410451e+03
1.307680120744357737e+03
1.307671676690865752e+03
1.307663807803608961e+03
1.307656082709567954e+03
1.307648393563931222e+03
1.307832617170070762e+03
1.307873979022604999e+03
1.307878573152837362e+03
1.307873963668466786e+03
1.307676255968815894e+03
1.307478548269165003e+03
1.307280840569514112e+03
1.307083132869863221e+03
1.306724726943060205e+03
1.306482956769424618e+03
1.306274038026656399e+03
1.306073516136325452e+03
1.306065838961796999e+03
1.305913915076404237e+03
1.305727493030383357e+03
1.305532595928643332e+03
1.305526449592006429e+03
1.305374890401271387e+03
1.305188557145638242e+03
1.304993682073604532e+03
1.304987541716925307e+03
1.304981401360246082e+03
1.304975261003566857e+03
1.304969120646887632e+03
1.304772120405057649e+03
1.304717004740127550e+03
1.304698596543543317e+03
1.304689388591400757e+03
1.304874330557539452e+03
1.304917033600249624e+03
1.304923116848872269e+03
1.304920032334839561e+03
1.305106395836008232e+03
1.305149480213894776e+03
1.305155659141871638e+03
1.305152598549024333e+03
1.305338967599646821e+03
1.305525336650269310e+03
1.305711705700891798e+03
1.305898074751514287e+03
1.305892704318515371e+03
1.306032699104618132e+03
1.306207625672139557e+03
1.306391144358410884e+03
1.306576801471572708e+03
1.306762992578878084e+03
1.306949317146239764e+03
1.307135675076207690e+03
1.307130301647325496e+03
1.307270295714372196e+03
1.307445222106473693e+03
1.307628740749198869e+03
1.307977927725651398e+03
1.308327114702103927e+03
1.308676301678556456e+03
1.309025488655008985e+03
1.309211145757304166e+03
1.309523574247767101e+03
1.309863873571012391e+03
1.310210858146290775e+03
1.310395802874249512e+03
1.310708081636864335e+03
1.311048345837265742e+03
1.311395321783745430e+03
1.311743957241586259e+03
1.312093006415969512e+03
1.312442158946756081e+03
1.312791337312095266e+03
1.313140522135788387e+03
1.313489706959481509e+03
1.313838891783174631e+03
1.314188076606867753e+03
1.314373730916432805e+03
1.314686157058614072e+03
1.315026454178198719e+03
1.315373436587869492e+03
1.315558378521388249e+03
1.315870654935000857e+03
1.316210916931545171e+03
1.316557890712367453e+03
1.317017141903366792e+03
1.317399598602546121e+03
1.317757427183713617e+03
1.318108792715369191e+03
1.318568648299211645e+03
1.319028503883054100e+03
1.319488359466896554e+03
1.319948215050739009e+03
1.320297946277460596e+03
1.320736346977384073e+03
1.321191246671029376e+03
1.321649889137283026e+03
1.321999071808204235e+03
1.322437380273542203e+03
1.322892260068968426e+03
1.323350897762594059e+03
1.323810450507916130e+03
1.324270230484340118e+03
1.324730067172717554e+03
1.325189918033093136e+03
1.325649772436093826e+03
1.326109626839094517e+03
1.326569481242095208e+03
1.327029335645095898e+03
1.327379064722257453e+03
1.327817463975883584e+03
1.328272362421155094e+03
1.328731003689615818e+03
1.329080184207752382e+03
1.329518491225781872e+03
1.329973369772572141e+03
1.330432006268338455e+03
1.330891557828560053e+03
1.331351336623077259e+03
1.331811172130346677e+03
1.332271021809813874e+03
1.332730875031956202e+03
1.333190728254098531e+03
1.333650581476240859e+03
1.334110434698383187e+03
1.334460161625972205e+03
1.334898559433285300e+03
1.335353456630166647e+03
1.335812096700817619e+03
1.336271648256428080e+03
1.336731426163354627e+03
1.337191260563032984e+03
1.337651109079955631e+03
1.338000833866323546e+03
1.338439231313462869e+03
1.338894128432622892e+03
1.339352768484630815e+03
1.339701946841593326e+03
1.340051125198555837e+03
1.340400303555518349e+03
1.340749481912480860e+03
1.340935127832948638e+03
1.341247546921079675e+03
1.341587837421033555e+03
1.341934813325379992e+03
1.342119746864665331e+03
1.342432016222063339e+03
1.342772271598387533e+03
1.343119238873735185e+03
1.343578486492088132e+03
1.343960937371473619e+03
1.344318759642083478e+03
1.344670118745693117e+03
1.345129970782365490e+03
1.345589822819037863e+03
1.346049674855710236e+03
1.346509526892382610e+03
1.346859251662022189e+03
1.347297648017378606e+03
1.347752543960995581e+03
1.348211182829159497e+03
1.348560359033312125e+03
1.348998663151045321e+03
1.349453539195655367e+03
1.349912173290992541e+03
1.350371722476352261e+03
1.350831498902407247e+03
1.351291332042814702e+03
1.351751179355820341e+03
1.352251150319259750e+03
1.352751121282699160e+03
1.353251092246138569e+03
1.353751063209577978e+03
1.354210914065358565e+03
1.354707949368397976e+03
1.355207637509998222e+03
1.355707565998532118e+03
1.356167115179280245e+03
1.356664129595804525e+03
1.357163816042287635e+03
1.357663744327997165e+03
1.358123292328206617e+03
1.358620306662999610e+03
1.359119993102852050e+03
1.359619921387768727e+03
1.360079469383366586e+03
1.360539017378964445e+03
1.360998565374562304e+03
1.361458113370160163e+03
1.361807285268655050e+03
1.362245309386015606e+03
1.362699883938633320e+03
1.363158214410661685e+03
1.363506836915585154e+03
1.363944768535540334e+03
1.364399323121750740e+03
1.364857648803963002e+03
1.365316892854147454e+03
1.365776364965535095e+03
1.366235893996465620e+03
1.366695437251295743e+03
1.367195399286581051e+03
1.367695361321866358e+03
1.368195323357151665e+03
1.368695285392436972e+03
1.369154832202867738e+03
1.369651782857972876e+03
1.370151443104859254e+03
1.370651357922648458e+03
1.371110601968204946e+03
1.371607531442139589e+03
1.372107189919846178e+03
1.372607104516286199e+03
1.373107056470299085e+03
1.373607016096421830e+03
1.374106977536363729e+03
1.374606939423247468e+03
1.375106901421459497e+03
1.375606863419671527e+03
1.376106825417883556e+03
1.376606787416095585e+03
1.377066333041342887e+03
1.377563283364763493e+03
1.378062943500779284e+03
1.378562858263042017e+03
1.379022101119175659e+03
1.379519030260279578e+03
1.380018688626827498e+03
1.380518603167669198e+03
1.381018555079977205e+03
1.381518514667868658e+03
1.382018476070447832e+03
1.382518437920185761e+03
1.383018399881306550e+03
1.383518361842427339e+03
1.384018323803548128e+03
1.384518285764668917e+03
1.384977830204715929e+03
1.385474780196434267e+03
1.385974440221561508e+03
1.386474354928279809e+03
1.386933596594974006e+03
1.387430525403229240e+03
1.387930183658600299e+03
1.388430098143825262e+03
1.388930050014410426e+03
1.389430009564052625e+03
1.389929970929250885e+03
1.390429932741825269e+03
1.390929894665836400e+03
1.391429856589847532e+03
1.391929818513858663e+03
1.392429780437869795e+03
1.392889323692699918e+03
1.393386273352697799e+03
1.393885933266918073e+03
1.394385847918073750e+03
1.394845088395311905e+03
1.395342016870700490e+03
1.395841675014876500e+03
1.396341589444466763e+03
1.396806140671712910e+03
1.397304316418302051e+03
1.397804279778622231e+03
1.398304270077403544e+03
1.398804240846030325e+03
1.399304211614657106e+03
1.399804182383283887e+03
1.400304153151910668e+03
1.400763996921991293e+03
1.401261030262387294e+03
1.401760717766374455e+03
1.402260645949374066e+03
1.402720188018970703e+03
1.403217200465971928e+03
1.403716886273113005e+03
1.404216814252856011e+03
1.404716776102738550e+03
1.405216744752836803e+03
1.405716714998778798e+03
1.406216685637168666e+03
1.406680668503779543e+03
1.407144651370390420e+03
1.407608634237001297e+03
1.408072617103612174e+03
1.408572587839706785e+03
1.409052600307200009e+03
1.409521016265944581e+03
1.409986133714595780e+03
1.410486095564333709e+03
1.410966161669461826e+03
1.411434594393416546e+03
1.411899716239720874e+03
1.412363985503464164e+03
1.412828040072541853e+03
1.413292040871217068e+03
1.413756028221246879e+03
1.414113388132733235e+03
1.414470748044219590e+03
1.414828107955705946e+03
1.415185467867192301e+03
1.415649451854683093e+03
1.416039368108406052e+03
1.416405202591081206e+03
1.416764701527658872e+03
1.417228970795746818e+03
1.417619007052537199e+03
1.417984874210204680e+03
1.418344381475862747e+03
1.418702279500306986e+03
1.419059774019534416e+03
1.419417167587922449e+03
1.419774535913944646e+03
1.419970869705570749e+03
1.420167203497196851e+03
1.420363537288822954e+03
1.420559871080449057e+03
1.420917233095588699e+03
1.421157693712443006e+03
1.421365253416618089e+03
1.421564405039036956e+03
1.421922303071653687e+03
1.422162931788180231e+03
1.422370535102808844e+03
1.422569697717746521e+03
1.422927597842531213e+03
1.423168227215627894e+03
1.423375830700606002e+03
1.423574993358482971e+03
1.423581178831231227e+03
1.423587364303979484e+03
1.423593549776727741e+03
1.423599735249475998e+03
1.423796776960295119e+03
1.423851937469537461e+03
1.423870390754954769e+03
1.423879643818904924e+03
1.424077390219084464e+03
1.424132741301443730e+03
1.424151242491018593e+03
1.424160507537138983e+03
1.423975610274957035e+03
1.423932952933344041e+03
1.423926914988143153e+03
1.423930044667614084e+03
1.423743723046297646e+03
1.423557401424981208e+03
1.423371079803664770e+03
1.423184758182348332e+03
1.423190179723980009e+03
1.423050234005909260e+03
1.422875355320890549e+03
1.422691884179913814e+03
1.422698072660191656e+03
1.422558311036177201e+03
1.422383477261183771e+03
1.422200017268510010e+03
1.422014410395795949e+03
1.421828267420271459e+03
1.421641990457814927e+03
1.421455680001051633e+03
1.421105983145930850e+03
1.420756286290810067e+03
1.420406589435689284e+03
1.420056892580568501e+03
1.419870573750380345e+03
1.419557589002126861e+03
1.419216767726791204e+03
1.418869270225408172e+03
1.418683663363561209e+03
1.418370828172216761e+03
1.418030041973175003e+03
1.417682553088724262e+03
1.417496949008861066e+03
1.417184114401813531e+03
1.416843328339794652e+03
1.416495839489004084e+03
1.416146693394228350e+03
1.415797547299452617e+03
1.415448401204676884e+03
1.415099255109901151e+03
1.414913651040905279e+03
1.414601267144734265e+03
1.414261009669694431e+03
1.413914066220056611e+03
1.413729174557862279e+03
1.413416940403221588e+03
1.413076718054752064e+03
1.412729783234862680e+03
1.412381188720072714e+03
1.412032180442718982e+03
1.411683068797447959e+03
1.411333931314745087e+03
1.411148330038606673e+03
1.410962728762468259e+03
1.410777127486329846e+03
1.410591526210191432e+03
1.410597723713055984e+03
1.410458523160949198e+03
1.410284371687177781e+03
1.410101622648741568e+03
1.410108587075508012e+03
1.409969570700475970e+03
1.409795464162694088e+03
1.409612726279372055e+03
1.409619693701903998e+03
1.409480678046353887e+03
1.409306571684106302e+03
1.409123833844359297e+03
1.408938947771305720e+03
1.408754061698252144e+03
1.408569175625198568e+03
1.408384289552144992e+03
1.408391256986379176e+03
1.408252796155263923e+03
1.408079366670161789e+03
1.407897334571759302e+03
1.407905068913439436e+03
1.407766792341335304e+03
1.407593407817878870e+03
1.407411386881322642e+03
1.407419124218700517e+03
1.407280848366398004e+03
1.407107464018576138e+03
1.406925443125621086e+03
1.406577403193777627e+03
1.406229363261934168e+03
1.405881323330090709e+03
1.405533283398247249e+03
1.405349112966752273e+03
1.405037935350130510e+03
1.404698810105383018e+03
1.404352979398604475e+03
1.404169522247458417e+03
1.403858494741261666e+03
1.403519404723582966e+03
1.403173582672173779e+03
1.402990128308126486e+03
1.402679101388388290e+03
1.402340011508321595e+03
1.401994189490722874e+03
1.401646702802612026e+03
1.401299216114501178e+03
1.400951729426390330e+03
1.400604242738279481e+03
1.400420788385119295e+03
1.400110213841715904e+03
1.399771654817236140e+03
1.399426380629875439e+03
1.399243639990446127e+03
1.398933215741021058e+03
1.398594691993635934e+03
1.398249426474399115e+03
1.398066688623758409e+03
1.397756264961508577e+03
1.397417741351930772e+03
1.397072475866554214e+03
1.396725543246271400e+03
1.396378610625988586e+03
1.396031678005705771e+03
1.395684745385422957e+03
1.395502007545675951e+03
1.395192036812046126e+03
1.394854044810756704e+03
1.394509327961661938e+03
1.394327304267335194e+03
1.394017484010880253e+03
1.393679527336627643e+03
1.393334819168390823e+03
1.393152798264535477e+03
1.392842978595971545e+03
1.392505022059721341e+03
1.392160313925394576e+03
1.391978293032439524e+03
1.391796272139484472e+03
1.391614251246529420e+03
1.391432230353574369e+03
1.391442277329789022e+03
1.391306778648805448e+03
1.391136241214276879e+03
1.390957081176042493e+03
1.390967894975692616e+03
1.390832580877093960e+03
1.390662088505767997e+03
1.390482939656043527e+03
1.390301636130652241e+03
1.390119794539185932e+03
1.389937818469074728e+03
1.389755808781672613e+03
1.389765858765039411e+03
1.389775908748406209e+03
1.389785958731773007e+03
1.389796008715139806e+03
1.389996596754501979e+03
1.390055597015029662e+03
1.390077912107164366e+03
1.390091029223952773e+03
1.390292319590992520e+03
1.390351510255142557e+03
1.390373873236310146e+03
1.390387002333195369e+03
1.390397822135256320e+03
1.390408064575602339e+03
1.390418162673354800e+03
1.390428224685326768e+03
1.390246209395135111e+03
1.390064194104943454e+03
1.389882178814751796e+03
1.389700163524560139e+03
1.389710216515078855e+03
1.389574723624524040e+03
1.389404191844813340e+03
1.389225037422673722e+03
1.389235857236435322e+03
1.389100548928890248e+03
1.388930062212578832e+03
1.388750918979000517e+03
1.388761741788116751e+03
1.388626434201638176e+03
1.388455947661358778e+03
1.388276804471486003e+03
1.388095506563130584e+03
1.387914208654775166e+03
1.387732910746419748e+03
1.387551612838064329e+03
1.387562435658880986e+03
1.387427684116122919e+03
1.387257876367609015e+03
1.387079441030318321e+03
1.387091030648814467e+03
1.386956463768812455e+03
1.386786701108819443e+03
1.386608276966689573e+03
1.386619869580436898e+03
1.386485303421812432e+03
1.386315540937949436e+03
1.386137116839550799e+03
1.385791855705241460e+03
1.385446594570932120e+03
1.385101333436622781e+03
1.384756072302313441e+03
1.384575492205758337e+03
1.384267342043716553e+03
1.383931060367774535e+03
1.383588024809812396e+03
1.383408160146905857e+03
1.383100161010908096e+03
1.382763914811714130e+03
1.382420887972787568e+03
1.381963820298963810e+03
1.381584898809862352e+03
1.381230900173962254e+03
1.380883435113338919e+03
1.380537621785120336e+03
1.380191808456901754e+03
1.379845995128683171e+03
1.379500181800464588e+03
1.379318889498264525e+03
1.379010138051264676e+03
1.378673291390715576e+03
1.378329700409681891e+03
1.378149123117877480e+03
1.377840522516223700e+03
1.377503711283121447e+03
1.377160129008550484e+03
1.376979554510589651e+03
1.376670954498264337e+03
1.376334143403556482e+03
1.375990561162995618e+03
1.375645304379803292e+03
1.375300047596610966e+03
1.374954790813418640e+03
1.374609534030226314e+03
1.374428959543178962e+03
1.374120814118448379e+03
1.373784536894252824e+03
1.373441505712813068e+03
1.373261646662740077e+03
1.372953652265474830e+03
1.372617410518415454e+03
1.372274388056110411e+03
1.372094531801544008e+03
1.371786537994318678e+03
1.371450296385847878e+03
1.371107273957602274e+03
1.370927417713955947e+03
1.370747561470309620e+03
1.370567705226663293e+03
1.370387848983016966e+03
1.370400217399281928e+03
1.370266955307001581e+03
1.370098602491566226e+03
1.369921612217811116e+03
1.369934747374937615e+03
1.369801670104205868e+03
1.369633362427407519e+03
1.369456383361983399e+03
1.369469521514132111e+03
1.369336444965397959e+03
1.369168137464925621e+03
1.368991158443284121e+03
1.368812020869583876e+03
1.368632883295883630e+03
1.368453745722183385e+03
1.368274608148483139e+03
1.368287746312331137e+03
1.368155226523757847e+03
1.367987598945618856e+03
1.367811329024390716e+03
1.367825233898067381e+03
1.367692899009470921e+03
1.367525316594768810e+03
1.367349057888391144e+03
1.367170639398544608e+03
1.366991681556046615e+03
1.366812588912658612e+03
1.366633462571380733e+03
1.366454327805776302e+03
1.366275193040171871e+03
1.366096058274567440e+03
1.365916923508963009e+03
1.365930064679531824e+03
1.365797547791155694e+03
1.365629923046712520e+03
1.365453655940139470e+03
1.365467563820412124e+03
1.365335231832318414e+03
1.365167652251408754e+03
1.364991396359711416e+03
1.365005307234881002e+03
1.364872975969092295e+03
1.364705396564605508e+03
1.364529140716716483e+03
1.364185560661304862e+03
1.363841980605893241e+03
1.363498400550481620e+03
1.363154820495069998e+03
1.362976404825908276e+03
1.362670084224203265e+03
1.362335522323937766e+03
1.361994177614922137e+03
1.361816478653930062e+03
1.361510309624604133e+03
1.361175783350229722e+03
1.360834447398289285e+03
1.360656751237759636e+03
1.360350582800601615e+03
1.360016056665396945e+03
1.359674720747664196e+03
1.359497024598073722e+03
1.359319328448483247e+03
1.359141632298892773e+03
1.358963936149302299e+03
1.358978616719479305e+03
1.358847585382044599e+03
1.358681412306196535e+03
1.358506587160339677e+03
1.358522034372685312e+03
1.358391188091070489e+03
1.358225060228032817e+03
1.358050246310010607e+03
1.358065696516982143e+03
1.357934850958279412e+03
1.357768723271857425e+03
1.357593909397694006e+03
1.357609359616363236e+03
1.357624809835032465e+03
1.357640260053701695e+03
1.357655710272370925e+03
1.357861234762441427e+03
1.357925595752417621e+03
1.357953306072754913e+03
1.357971822477945807e+03
1.358178045924565595e+03
1.358242597062206414e+03
1.358270355245642804e+03
1.358288883626833012e+03
1.358495109802801380e+03
1.358559661683187869e+03
1.358587420053588858e+03
1.358605948481560290e+03
1.358429692633671266e+03
1.358253436785782242e+03
1.358077180937893218e+03
1.357900925090004193e+03
1.357917144920524379e+03
1.357787600377039780e+03
1.357622880546162378e+03
1.357449499019473706e+03
1.357466485417354761e+03
1.357337126083472185e+03
1.357172451514253453e+03
1.356999081228251725e+03
1.356657745301966997e+03
1.356436648227487694e+03
1.356249007138445450e+03
1.356069894837841730e+03
1.355892924255352682e+03
1.355715953672863634e+03
1.355538983090374586e+03
1.355362012507885538e+03
1.355377468739200367e+03
1.355247186451958214e+03
1.355081745479075835e+03
1.354907647575418650e+03
1.354923870412115093e+03
1.354793773258404144e+03
1.354628377523000836e+03
1.354454290853667999e+03
1.354470516684843005e+03
1.354340420254347237e+03
1.354175024695655793e+03
1.354000938070207212e+03
1.353659044289847543e+03
1.353317150509487874e+03
1.352975256729128205e+03
1.352633362948768536e+03
1.352457112730259723e+03
1.352152625892525066e+03
1.351819788720285715e+03
1.351480139995707304e+03
1.351304607742849157e+03
1.351000273019865972e+03
1.350667471621702589e+03
1.350327831692001837e+03
1.350152302244507837e+03
1.349847968115810545e+03
1.349515166857395570e+03
1.349175526962050071e+03
1.348999997525514573e+03
1.348824468088979074e+03
1.348648938652443576e+03
1.348473409215908077e+03
1.348490404631856563e+03
1.348361609759580915e+03
1.348197622820792049e+03
1.348024969366819278e+03
1.348042731309677038e+03
1.347914121723829339e+03
1.347750180071151135e+03
1.347577537864301348e+03
1.347595302801324124e+03
1.347466693939288689e+03
1.347302752463512434e+03
1.347130110300596925e+03
1.347147875249315575e+03
1.347165640198034225e+03
1.347183405146752875e+03
1.347201170095471525e+03
1.347408803678636104e+03
1.347475460712458244e+03
1.347505483177813176e+03
1.347526313797465491e+03
1.347734644866862936e+03
1.347801491931813189e+03
1.347831562247437432e+03
1.347852404840904228e+03
1.347870939268566644e+03
1.347888896591042339e+03
1.347906709633448145e+03
1.347924486605604216e+03
1.348132122924922669e+03
1.348339759244241122e+03
1.348547395563559576e+03
1.348755031882878029e+03
1.349120925817810758e+03
1.349372145262035247e+03
1.349590881586490696e+03
1.349801304895126805e+03
1.350167721128238327e+03
1.350419106341403676e+03
1.350637885771235460e+03
1.350848319951083113e+03
1.351056656478303012e+03
1.351264467895825419e+03
1.351472147992581085e+03
1.351679795256439093e+03
1.351887434311903689e+03
1.352095073367368286e+03
1.352302712422832883e+03
1.352510351478297480e+03
1.352876247463109621e+03
1.353127469507876867e+03
1.353346208537001303e+03
1.353556634574068084e+03
1.353764971111927025e+03
1.353972784583860175e+03
1.354180467246305625e+03
1.354388117203694492e+03
1.354595758984651184e+03
1.354803398721489430e+03
1.355011037947297382e+03
1.355218677045347931e+03
1.355426316111459073e+03
1.355633955177570215e+03
1.355841594243681357e+03
1.356049233309792498e+03
1.356415129302580681e+03
1.356666351357466738e+03
1.356885090397115164e+03
1.357095516444798250e+03
1.357461934732373265e+03
1.357713322555618106e+03
1.357932104700516220e+03
1.358142541619380381e+03
1.358161082070121665e+03
1.358323320562969002e+03
1.358519778836164051e+03
1.358724634078169629e+03
1.358741641529896242e+03
1.358758648981622855e+03
1.358775656433349468e+03
1.358792663885076081e+03
1.358999607718256811e+03
1.359065513485975544e+03
1.359094779329289395e+03
1.359114852627926211e+03
1.359322494430175993e+03
1.359388590267610425e+03
1.359417903965505275e+03
1.359437989238699856e+03
1.359455766210855927e+03
1.359472966046542524e+03
1.359490021594496511e+03
1.359507041070294690e+03
1.359524051528040218e+03
1.359541061985785745e+03
1.359558072443531273e+03
1.359575082901276801e+03
1.359782029472501563e+03
1.359847938221735376e+03
1.359877207067651625e+03
1.359897283371622734e+03
1.360104927910003425e+03
1.360171026728800598e+03
1.360200343429281020e+03
1.360220431707807165e+03
1.360428078971665173e+03
1.360494178532902652e+03
1.360523495420314475e+03
1.360543583745616161e+03
1.360751231020120485e+03
1.360958878294624810e+03
1.361166525569129135e+03
1.361374172843633460e+03
1.361740074985979845e+03
1.361991304842439376e+03
1.362210051996047014e+03
1.362420486228976415e+03
1.362786910655973088e+03
1.363038306279052222e+03
1.363257096537530970e+03
1.363467541641550270e+03
1.363833968107031524e+03
1.364085364377564019e+03
1.364304154804417294e+03
1.364514599950901584e+03
1.364533149430408457e+03
1.364551698909915331e+03
1.364570248389422204e+03
1.364588797868929078e+03
1.364797145354259328e+03
1.364864580346807770e+03
1.364895386407028809e+03
1.364917001367775129e+03
1.365126045837553193e+03
1.365193670820802481e+03
1.365224524726710797e+03
1.365246151660472833e+03
1.365265470574090841e+03
1.365284212416320997e+03
1.365302809986767670e+03
1.365321371489025751e+03
1.365339923974221392e+03
1.365358476459417034e+03
1.365377028944612675e+03
1.365395581429808317e+03
1.365603931649327706e+03
1.365671369622153634e+03
1.365702178684419550e+03
1.365723796650113400e+03
1.365932843852154974e+03
1.366000471815525998e+03
1.366031328723461456e+03
1.366052958662167839e+03
1.366072280581299083e+03
1.366091025429174806e+03
1.366109626005299333e+03
1.366128190513243453e+03
1.365954123635873657e+03
1.365780056758503861e+03
1.365605989881134064e+03
1.365431923003764268e+03
1.365450478494647996e+03
1.365323192630996118e+03
1.365160681204059074e+03
1.364989493630330344e+03
1.365008815561156325e+03
1.364881715137127003e+03
1.364719249045159359e+03
1.364548072731418415e+03
1.364567397656062440e+03
1.364440297956443374e+03
1.364277832041568445e+03
1.364106655771812029e+03
1.363767031336686841e+03
1.363427406901561653e+03
1.363087782466436465e+03
1.362748158031311277e+03
1.362574813190904479e+03
1.362272791923725435e+03
1.361942275279523528e+03
1.361604908825252323e+03
1.361432283610093691e+03
1.361130415178771273e+03
1.360799934505857209e+03
1.360462576896783958e+03
1.360289954493459163e+03
1.359988086659238888e+03
1.359657606126843575e+03
1.359320248552322255e+03
1.359147626159981201e+03
1.358975003767640146e+03
1.358802381375299092e+03
1.358629758982958037e+03
1.358649853318920577e+03
1.358524057316121571e+03
1.358363003041739148e+03
1.358193263201799709e+03
1.358214123884590435e+03
1.358088513470769612e+03
1.357927504579122797e+03
1.357757776011754913e+03
1.357585876465878755e+03
1.357413434746841631e+03
1.357240857520428790e+03
1.357068246419419893e+03
1.356895626849902328e+03
1.356723007280384763e+03
1.356550387710867199e+03
1.356377768141349634e+03
1.356397865482641464e+03
1.356272072390854873e+03
1.356111020963929604e+03
1.355941283953132370e+03
1.355962147641063439e+03
1.355836540138545161e+03
1.355675534094448494e+03
1.355505808356247144e+03
1.355526675037624727e+03
1.355401068260100828e+03
1.355240062393283779e+03
1.355070336699116297e+03
1.354731846302470785e+03
1.354393355905825274e+03
1.354054865509179763e+03
1.353716375112534251e+03
1.353544478402067398e+03
1.353243688271410520e+03
1.352914331002479230e+03
1.352578104985529535e+03
1.352406928715773120e+03
1.352106291777587103e+03
1.351776970577556085e+03
1.351440753430715858e+03
1.351269579975971737e+03
1.350968943636280528e+03
1.350639622577149566e+03
1.350303405464958587e+03
1.349965482188651777e+03
1.349627558912344966e+03
1.349289635636038156e+03
1.348951712359731346e+03
1.348780538915983470e+03
1.348480364225819130e+03
1.348151586688410589e+03
1.347815930976921891e+03
1.347645478378254893e+03
1.347345457057975636e+03
1.347016715638049845e+03
1.346681068809070666e+03
1.346510619026992345e+03
1.346210598305900703e+03
1.345881857027064598e+03
1.345546210232783096e+03
1.345093308592171070e+03
1.344640406951559044e+03
1.344187505310947017e+03
1.343734603670334991e+03
1.343397248315781781e+03
1.342967292378539241e+03
1.342519726184396632e+03
1.342068132952116002e+03
1.341731344096293697e+03
1.341301486066795633e+03
1.340853941245000215e+03
1.340402353157059224e+03
1.339902890499105297e+03
1.339431468957810239e+03
1.338973523998091878e+03
1.338519336031341027e+03
1.338066111221242181e+03
1.337612886411143336e+03
1.337159661601044490e+03
1.336706436790945645e+03
1.336368517948355702e+03
1.335938172543935707e+03
1.335490266288604289e+03
1.335038345645262098e+03
1.334538848026386859e+03
1.334067172199665038e+03
1.333608921014549196e+03
1.333154414095838774e+03
1.332815932545530131e+03
1.332385489929778714e+03
1.331937562455010720e+03
1.331485636704162062e+03
1.331148281366884703e+03
1.330810926029607344e+03
1.330473570692329986e+03
1.330136215355052627e+03
1.329965765605981233e+03
1.329666207086941313e+03
1.329338010078438629e+03
1.329002925485820924e+03
1.328833196984503502e+03
1.328533792012404092e+03
1.328205631169882508e+03
1.327870555472153228e+03
1.327700829788994042e+03
1.327401425416773691e+03
1.327073264715531423e+03
1.326738189052548250e+03
1.326401402437116758e+03
1.326064615821685265e+03
1.325727829206253773e+03
1.325391042590822281e+03
1.325221316918671619e+03
1.324922375262466176e+03
1.324594759543582768e+03
1.324260246847170038e+03
1.324091242823723860e+03
1.323792454891145326e+03
1.323464875386654285e+03
1.323130371597487738e+03
1.322794154493959013e+03
1.322457510181678344e+03
1.322120759137355662e+03
1.321783981414409027e+03
1.321614258571431264e+03
1.321444535728453502e+03
1.321274812885475740e+03
1.321105090042497977e+03
1.321128267514592153e+03
1.321005460653318778e+03
1.320847330982611311e+03
1.320680497119962638e+03
1.320704440730411989e+03
1.320581819752114370e+03
1.320423735558566477e+03
1.320256912993384049e+03
1.320280859596452046e+03
1.320158239344295225e+03
1.320000155328395294e+03
1.319833332807343822e+03
1.319857279422101783e+03
1.319881226036859744e+03
1.319905172651617704e+03
1.319929119266375665e+03
1.320142365202639667e+03
1.320215148840165966e+03
1.320251344776243059e+03
1.320278355362038610e+03
1.320492294783366560e+03
1.320565268120712744e+03
1.320601511867750787e+03
1.320628534420264486e+03
1.320842476549532648e+03
1.320915450627872588e+03
1.320951694561671502e+03
1.320978717160930046e+03
1.321192659300776086e+03
1.321406601440622126e+03
1.321620543580468166e+03
1.321834485720314206e+03
1.322205083546185506e+03
1.322462291086112145e+03
1.322687259383447781e+03
1.322903970405099926e+03
1.323275082667020115e+03
1.323532454619523605e+03
1.323757465726378086e+03
1.323974187548044711e+03
1.324188825373519649e+03
1.324402941482403094e+03
1.324616927117482192e+03
1.324830880131322147e+03
1.325201479976262817e+03
1.325572079821203488e+03
1.325942679666144159e+03
1.326313279511084829e+03
1.326784113872614171e+03
1.327185827877440715e+03
1.327564553179296581e+03
1.327937205510305603e+03
1.328408297441690820e+03
1.328810125583864192e+03
1.329188882181621238e+03
1.329561542502694465e+03
1.330032635438038824e+03
1.330434464025945317e+03
1.330813220745945273e+03
1.331185881098229174e+03
1.331556997391430514e+03
1.331928113684631853e+03
1.332299229977833193e+03
1.332670346271034532e+03
1.333141439210300632e+03
1.333543611196979100e+03
1.333922838775559512e+03
1.334296004040779508e+03
1.334767353437028305e+03
1.335169639323640013e+03
1.335548898142165399e+03
1.335922071383684852e+03
1.336293703237182172e+03
1.336664948503015466e+03
1.337036097044532426e+03
1.337407221400134858e+03
1.337778339708956537e+03
1.338149458017778215e+03
1.338520576326599894e+03
1.338891694635421572e+03
1.339362788582551502e+03
1.339764962356324986e+03
1.340144191895131598e+03
1.340517359162235834e+03
1.340988709562000167e+03
1.341390997234778979e+03
1.341770258013311604e+03
1.342143433256661638e+03
1.342614784656019765e+03
1.343017072773600603e+03
1.343396333674156494e+03
1.343769508948663315e+03
1.344240860351926131e+03
1.344712211755188946e+03
1.345183563158451761e+03
1.345654914561714577e+03
1.346154224512455130e+03
1.346639657138802477e+03
1.347114960469878042e+03
1.347587326568935850e+03
1.348086595650317122e+03
1.348572074188695296e+03
1.349047392397108752e+03
1.349519762424976079e+03
1.349891910973989525e+03
1.350344723449665935e+03
1.350811856162834601e+03
1.351282179207526497e+03
1.351653301547548836e+03
1.352024423887571174e+03
1.352395546227593513e+03
1.352766668567615852e+03
1.353237764530422055e+03
1.353639941878341915e+03
1.354019175337559318e+03
1.354392346608391790e+03
1.354863699015135808e+03
1.355265990260205172e+03
1.355645254958711121e+03
1.356018434205681615e+03
1.356489787611985548e+03
1.356892079301849662e+03
1.357271344122377286e+03
1.357644523400504340e+03
1.358115876810712734e+03
1.358587230220921128e+03
1.359058583631129522e+03
1.359529937041337917e+03
1.360029246676110688e+03
1.360514680743898452e+03
1.360989985942145267e+03
1.361462354013315235e+03
1.361933962753972992e+03
1.362405380100798993e+03
1.362876749501660925e+03
1.363348106909938906e+03
1.363819461319689935e+03
1.364290814979785637e+03
1.364762168452465858e+03
1.365233521878292095e+03
1.365605159783948238e+03
1.365976797689604382e+03
1.366348435595260526e+03
1.366720073500916669e+03
1.367191426915029524e+03
1.367594061286770739e+03
1.367973796120408224e+03
1.368347479437855100e+03
1.368819088182400492e+03
1.369221836213600454e+03
1.369601602230494336e+03
1.369975293510295160e+03
1.370191332060086779e+03
1.370528536579662159e+03
1.370891886757337716e+03
1.371261473362441620e+03
1.371732571344777170e+03
1.372203669327112721e+03
1.372674767309448271e+03
1.373145865291783821e+03
1.373645214476206320e+03
1.374130464918971029e+03
1.374605532436098429e+03
1.375077649502075701e+03
1.375549003919635652e+03
1.376020166114726635e+03
1.376491280156746825e+03
1.376962382154409624e+03
1.377461731186007682e+03
1.377946981809357339e+03
1.378422049384877710e+03
1.378894166466269326e+03
1.379365520887733737e+03
1.379836875309198149e+03
1.380308229730662561e+03
1.380779584152126972e+03
1.381278893627659045e+03
1.381764328421748814e+03
1.382239634560820605e+03
1.382712003625694251e+03
1.383183613373223579e+03
1.383655031730209885e+03
1.384126402142054076e+03
1.384597760561519635e+03
1.384969402491441542e+03
1.385422137457170720e+03
1.385889256301517889e+03
1.386359578349232834e+03
1.386858927532461394e+03
1.387358276715689954e+03
1.387857625898918513e+03
1.388356975082147073e+03
1.388808554067714567e+03
1.389302999035639687e+03
1.389801571953968732e+03
1.390300755254797878e+03
1.390772109680166750e+03
1.391271563073076777e+03
1.391771386460199437e+03
1.392270882187655388e+03
1.392770269755944128e+03
1.393269628644740123e+03
1.393768980261191928e+03
1.394268330053153250e+03
1.394767679388591660e+03
1.395267028724030069e+03
1.395766378059468479e+03
1.396265727394906889e+03
1.396717307661674113e+03
1.397211753073213231e+03
1.397710326216850717e+03
1.398209509688174649e+03
1.398680863117905574e+03
1.399180316371298659e+03
1.399680139837726983e+03
1.400179635699173559e+03
1.400650476149560518e+03
1.401149911362302191e+03
1.401649737362050018e+03
1.402149234296880422e+03
1.402601144580532718e+03
1.403053054864185015e+03
1.403504965147837311e+03
1.403956875431489607e+03
1.404292508739124287e+03
1.404721271612305600e+03
1.405167795050053201e+03
1.405618384018315965e+03
1.405953448425731494e+03
1.406382112624547744e+03
1.406828614490380687e+03
1.407279198263959643e+03
1.407614260447561719e+03
1.408042924260807467e+03
1.408489426042367086e+03
1.408940009795653623e+03
1.409275071970568888e+03
1.409610134145484153e+03
1.409945196320399418e+03
1.410280258495314683e+03
1.410447792406839653e+03
1.410744864609842807e+03
1.411070718020708455e+03
1.411403496711446223e+03
1.411570307772367187e+03
1.411867225719734734e+03
1.412193042770354850e+03
1.412525812516610131e+03
1.412860302772875457e+03
1.413195222042569640e+03
1.413530248495834712e+03
1.413865301740628411e+03
1.414200361683031588e+03
1.414535421625434765e+03
1.414870481567837942e+03
1.415205541510241119e+03
1.415373072587869956e+03
1.415670142371551037e+03
1.415995993501112480e+03
1.416328769947012688e+03
1.416495578172495016e+03
1.416792493699855186e+03
1.417118308468983059e+03
1.417451075970353031e+03
1.417617881371423437e+03
1.417914796296134227e+03
1.418240610923223358e+03
1.418573378389653271e+03
1.419024626253045426e+03
1.419475874116437581e+03
1.419927121979829735e+03
1.420378369843221890e+03
1.420712857855174889e+03
1.421140824903312705e+03
1.421586651920195891e+03
1.422036569929835423e+03
1.422370487456779756e+03
1.422798355323653823e+03
1.423244160636616698e+03
1.423694073418268772e+03
1.424027988715214406e+03
1.424455856194538228e+03
1.424901661422712095e+03
1.425351574183941693e+03
1.425850842447800687e+03
1.426350110711659681e+03
1.426849378975518675e+03
1.427348647239377669e+03
1.427799562930517823e+03
1.428293776626669342e+03
1.428792230907671183e+03
1.429291323854183702e+03
1.429763189826822099e+03
1.430262712842074507e+03
1.430762492928936581e+03
1.431261917138144099e+03
1.431761226137073891e+03
1.432260504693985695e+03
1.432759775537938140e+03
1.433259044447247334e+03
1.433730655221067991e+03
1.434202265994888648e+03
1.434673876768709306e+03
1.435145487542529963e+03
1.435644755967778337e+03
1.436130374703799589e+03
1.436605919297187711e+03
1.437078540253964547e+03
1.437550405239635211e+03
1.438022079670480480e+03
1.438493706365060007e+03
1.438965321119476812e+03
1.439337477773638284e+03
1.439790539032290326e+03
1.440257931972347023e+03
1.440728514823151727e+03
1.441199870279281186e+03
1.441671225735410644e+03
1.442142581191540103e+03
1.442613936647669561e+03
1.443113245960252698e+03
1.443598681497451935e+03
1.444073988599125641e+03
1.444546358680705225e+03
1.445017969458413290e+03
1.445489388848943236e+03
1.445960760295171895e+03
1.446432119749232243e+03
1.446931428904382528e+03
1.447416864621046670e+03
1.447892171780839135e+03
1.448364541877765078e+03
1.448863810301747662e+03
1.449363078725730247e+03
1.449862347149712832e+03
1.450361615573695417e+03
1.450812532544217447e+03
1.451306746689520423e+03
1.451805201203156457e+03
1.452304294327930847e+03
1.452803520689100878e+03
1.453302778707516609e+03
1.453802044536991161e+03
1.454301312312777100e+03
1.454752227988746654e+03
1.455246442020431914e+03
1.455744896519356416e+03
1.456243989641312737e+03
1.456694574673002762e+03
1.457145159704692787e+03
1.457595744736382812e+03
1.458046329768072837e+03
1.458379675980653928e+03
1.458806847787162269e+03
1.459251978220455612e+03
1.459701224922191614e+03
1.460200408045152471e+03
1.460670001108382621e+03
1.461125749608204842e+03
1.461577650877060250e+03
1.462028566547973014e+03
1.462479234338124343e+03
1.462929840065594362e+03
1.463380430271614614e+03
1.463713778708526434e+03
1.464047127145438253e+03
1.464380475582350073e+03
1.464713824019261892e+03
1.464879185287291875e+03
1.465174401051980340e+03
1.465498503445985989e+03
1.465829558981340824e+03
1.465994196224741700e+03
1.466289257210586584e+03
1.466613323100780008e+03
1.466944369654992670e+03
1.467394621687548351e+03
1.467762762238313599e+03
1.468105120849763125e+03
1.468440740720057192e+03
1.468891657675408851e+03
1.469342574630760510e+03
1.469793491586112168e+03
1.470244408541463827e+03
1.470578326007431770e+03
1.471005895910548588e+03
1.471451375135890203e+03
1.471900957997527712e+03
1.472234304192663103e+03
1.472661774662873086e+03
1.473107232118747561e+03
1.473556809735859815e+03
1.474007393458708066e+03
1.474458227206155243e+03
1.474909123365795949e+03
1.475360035122611407e+03
1.475810950778353572e+03
1.476261866434095737e+03
1.476712782089837901e+03
1.477163697745580066e+03
1.477497612972838169e+03
1.477925181316732278e+03
1.478370659176287745e+03
1.478820240721696564e+03
1.479153584675043248e+03
1.479581053585044401e+03
1.480026509674875797e+03
1.480476085975694559e+03
1.480809427695963677e+03
1.481236896217428011e+03
1.481682352222213467e+03
1.482131928502544952e+03
1.482631154527219906e+03
1.483130380551894859e+03
1.483629606576569813e+03
1.484128832601244767e+03
1.484579415015234645e+03
1.485073511308181878e+03
1.485571904492461272e+03
1.486070950482575654e+03
1.486521199894175425e+03
1.487015266771820279e+03
1.487513656113786283e+03
1.488012701363795713e+03
1.488462949472526816e+03
1.488957016235125593e+03
1.489455405562073565e+03
1.489954450809191485e+03
1.490404698912833283e+03
1.490854947016475080e+03
1.491305195120116878e+03
1.491755443223758675e+03
1.492088210629043715e+03
1.492514978608072852e+03
1.492959755058509927e+03
1.493408660549065416e+03
1.493907798728989292e+03
1.494377124728955550e+03
1.494832553490695773e+03
1.495284122110515227e+03
1.495617459347147133e+03
1.496044326811784458e+03
1.496489125073768719e+03
1.496938035821205858e+03
1.497270232609468621e+03
1.497602429397731385e+03
1.497934626185994148e+03
1.498266822974256911e+03
1.498430727258844399e+03
1.498724696261152076e+03
1.499047622150615780e+03
1.499377519757721075e+03
1.499827099976641875e+03
1.500194195155187572e+03
1.500535427702930519e+03
1.500869902257452168e+03
1.501202669654002193e+03
1.501535009167100952e+03
1.501867241641118198e+03
1.502199447351103572e+03
1.502531646369814780e+03
1.502863845388525988e+03
1.503196044407237196e+03
1.503528243425948403e+03
1.503692150529983110e+03
1.503986121946346429e+03
1.504309050114246929e+03
1.504638949963924688e+03
1.504802132267178195e+03
1.505095948556815756e+03
1.505418840125375255e+03
1.505748730969513872e+03
1.506198311183313081e+03
1.506565407879524173e+03
1.506906642471712530e+03
1.507241119209725639e+03
1.507691368600968190e+03
1.508141617992210740e+03
1.508591867383453291e+03
1.509042116774695842e+03
1.509374886389927042e+03
1.509801655911702255e+03
1.510246433714787145e+03
1.510695340509279276e+03
1.511027537280048364e+03
1.511454206864403204e+03
1.511898962766577824e+03
1.512347864283379522e+03
1.512797778305680822e+03
1.513247943954760785e+03
1.513698172416718535e+03
1.514148416576030968e+03
1.514647599179317922e+03
1.515146781782604876e+03
1.515645964385891830e+03
1.516145146989178784e+03
1.516595395072463134e+03
1.517089372795596546e+03
1.517587703703784882e+03
1.518086701555939499e+03
1.518559074626145502e+03
1.519058662528128707e+03
1.519558394570672817e+03
1.520057742519449675e+03
1.520556968207556338e+03
1.521056161691314628e+03
1.521555347021548414e+03
1.522054530306998913e+03
1.522553713080853413e+03
1.523052895854707913e+03
1.523552078628562413e+03
1.524051261402416912e+03
1.524501510783480853e+03
1.524995488968399968e+03
1.525493820120224427e+03
1.525992818161225159e+03
1.526465190253143192e+03
1.526964778033976472e+03
1.527464510174202587e+03
1.527963858275333450e+03
1.528414439360155939e+03
1.528908447062762662e+03
1.529406782110351060e+03
1.529905780906558221e+03
1.530378152020171683e+03
1.530850523133785146e+03
1.531322894247398608e+03
1.531795265361012071e+03
1.532294403888446368e+03
1.532780566109660867e+03
1.533256817435148378e+03
1.533730185371475500e+03
1.534104383994358841e+03
1.534558495085591630e+03
1.535026718267553179e+03
1.535498078771806377e+03
1.535997261544991943e+03
1.536483379106836082e+03
1.536959615888937606e+03
1.537432979981149856e+03
1.537807176624652129e+03
1.538181373268154402e+03
1.538555569911656676e+03
1.538929766555158949e+03
1.539402387569230314e+03
1.539807287544444762e+03
1.540189510036105958e+03
1.540565734464282286e+03
1.540940439377721759e+03
1.541314763171303866e+03
1.541688991607486059e+03
1.542063196199480899e+03
1.542437394830126323e+03
1.542811591970415748e+03
1.543185788738114752e+03
1.543559985412666265e+03
1.544032606430557053e+03
1.544505227448447840e+03
1.544977848466338628e+03
1.545450469484229416e+03
1.545949562599140108e+03
1.546435902753787559e+03
1.546912386189741483e+03
1.547385999595588601e+03
1.547885045949145479e+03
1.548371430581984896e+03
1.548847928544200386e+03
1.549321545791624203e+03
1.549820591960217143e+03
1.550306976766659091e+03
1.550783474785609087e+03
1.551257092048038658e+03
1.551756138215909004e+03
1.552255184383779351e+03
1.552754230551649698e+03
1.553253276719520045e+03
1.553702522034090634e+03
1.554196139423796694e+03
1.554694277714277405e+03
1.555193125076415072e+03
1.555666245487781907e+03
1.556165921286823959e+03
1.556665572938526793e+03
1.557164798456693916e+03
1.557614378634641753e+03
1.558108026409011927e+03
1.558606168813942531e+03
1.559105016986033434e+03
1.559553926383197904e+03
1.560002835780362375e+03
1.560451745177526846e+03
1.560900654574691316e+03
1.561231132562503035e+03
1.561656298674087338e+03
1.562099669317822190e+03
1.562547219249658156e+03
1.563046168556191105e+03
1.563514430803113555e+03
1.563968588498212057e+03
1.564418835248074856e+03
1.564868080557507710e+03
1.565317074031028596e+03
1.565766004453423875e+03
1.566214919107279911e+03
1.566545399334617969e+03
1.566875879561956026e+03
1.567206359789294083e+03
1.567536840016632141e+03
1.567698577138381324e+03
1.567990688964812989e+03
1.568311861534068157e+03
1.568640033292615271e+03
1.569088605724250783e+03
1.569454140844138919e+03
1.569793694474620452e+03
1.570126461783820560e+03
1.570288921636192072e+03
1.570581188454369794e+03
1.570902397618230452e+03
1.571230578383009743e+03
1.571560484898775030e+03
1.571890391414540318e+03
1.572220297930305605e+03
1.572550204446070893e+03
1.572711218448501995e+03
1.573002709872411742e+03
1.573323296520864233e+03
1.573650891482841871e+03
1.573811179163171346e+03
1.574102514773701614e+03
1.574423064634089087e+03
1.574750650542319363e+03
1.575198883633508785e+03
1.575563896531955834e+03
1.575902888818326801e+03
1.576235085475386541e+03
1.576683996176440587e+03
1.577132906877494634e+03
1.577581817578548680e+03
1.578030728279602727e+03
1.578361208489375940e+03
1.578786376159139536e+03
1.579229748171611391e+03
1.579677299423623936e+03
1.580007203679263057e+03
1.580432270412273965e+03
1.580875620263358769e+03
1.581323166171951016e+03
1.581653068176246279e+03
1.582078134514850262e+03
1.582521484279359129e+03
1.582969030167078245e+03
1.583298932162579149e+03
1.583628834158080053e+03
1.583958736153580958e+03
1.584288638149081862e+03
1.584449646456427899e+03
1.584741132992800431e+03
1.585061715024943624e+03
1.585389305442387922e+03
1.585837537195608547e+03
1.586202546494802391e+03
1.586541534496931263e+03
1.586873726693057279e+03
1.587035458111613707e+03
1.587327099811441258e+03
1.587647718485384985e+03
1.587975317921117494e+03
1.588135602730253595e+03
1.588295887539389696e+03
1.588456172348525797e+03
1.588616457157661898e+03
1.588583297357791480e+03
1.588696388209646102e+03
1.588845001711597661e+03
1.589002377471798809e+03
1.588968452409409110e+03
1.589081356474463064e+03
1.589229924205250654e+03
1.589387288590290382e+03
1.589353360538749257e+03
1.589466263874134711e+03
1.589614831426125875e+03
1.589772195766731102e+03
1.590100943502717428e+03
1.590429691238703754e+03
1.590758438974690080e+03
1.591087186710676406e+03
1.591246741968547440e+03
1.591536980769677257e+03
1.591856384094169698e+03
1.592182814074300268e+03
1.592341642254485350e+03
1.592631724898763650e+03
1.592951091340703442e+03
1.593277512242945704e+03
1.593605679436497667e+03
1.593934282109911919e+03
1.594262993584822652e+03
1.594591732255825491e+03
1.594920477725583851e+03
1.595249223195342211e+03
1.595577968665100570e+03
1.595906714134858930e+03
1.596066266542220546e+03
1.596356502894198002e+03
1.596675903904612596e+03
1.597002331606423468e+03
1.597449880165885133e+03
1.597813837306207461e+03
1.598151693875483033e+03
1.598482735754865871e+03
1.598643012027986515e+03
1.598933403885059761e+03
1.599252841631219326e+03
1.599579278375318381e+03
1.599738106533309065e+03
1.599896934691299748e+03
1.600055762849290431e+03
1.600214591007281115e+03
1.600179897738339378e+03
1.600291490877691331e+03
1.600438636130210853e+03
1.600594552257153737e+03
1.600559093887477275e+03
1.600670500107701628e+03
1.600817599545481244e+03
1.600973504285721674e+03
1.601131602149939226e+03
1.601290247769731195e+03
1.601449030295378179e+03
1.601607847045420840e+03
1.601936014212483315e+03
1.602264181379545789e+03
1.602592348546608264e+03
1.602920515713670738e+03
1.603079341019683170e+03
1.603368952466618111e+03
1.603687762983138327e+03
1.604013609301505767e+03
1.604460815345115861e+03
1.604824246140463401e+03
1.605161536896938969e+03
1.605492003563985008e+03
1.605820746758685345e+03
1.606149058004539938e+03
1.606477261195790561e+03
1.606805437369180709e+03
1.607133606787842609e+03
1.607461776206504510e+03
1.607789945625166411e+03
1.608118115043828311e+03
1.608276943179624595e+03
1.608566557059306888e+03
1.608885369874818480e+03
1.609211218456761571e+03
1.609658425835097205e+03
1.610021858680044033e+03
1.610359151639564061e+03
1.610689620546196011e+03
1.610849172920283308e+03
1.611138942474340411e+03
1.611457792072166512e+03
1.611783649708296252e+03
1.612230858421341281e+03
1.612678067134386310e+03
1.613125275847431340e+03
1.613572484560476369e+03
1.613900077179461277e+03
1.614323214203614725e+03
1.614764800400437252e+03
1.615210628609433570e+03
1.615709314965527028e+03
1.616176219935744712e+03
1.616628761400817893e+03
1.617077328486755050e+03
1.617576123410719447e+03
1.618043165179029302e+03
1.618495747325094271e+03
1.618944324978096574e+03
1.619443120316985414e+03
1.619941915655874254e+03
1.620440710994763094e+03
1.620939506333651934e+03
1.621387058874517379e+03
1.621880052425750591e+03
1.622377846267424047e+03
1.622876419379254230e+03
1.623350763533370582e+03
1.623850562462018388e+03
1.624350056689142093e+03
1.624849054717553599e+03
1.625296947366711265e+03
1.625789972744657689e+03
1.626287771064689423e+03
1.626786345077585793e+03
1.627233556460002092e+03
1.627680767842418391e+03
1.628127979224834689e+03
1.628575190607250988e+03
1.628902787735380571e+03
1.629325927939318717e+03
1.629767516935722369e+03
1.630213347846796069e+03
1.630712034635232158e+03
1.631178941740837445e+03
1.631631485743981784e+03
1.632080055466611611e+03
1.632408229379607747e+03
1.632831471304822799e+03
1.633273082695611265e+03
1.633718919010649415e+03
1.634165788190458215e+03
1.634612657370267016e+03
1.635059526550075816e+03
1.635506395729884616e+03
1.635833415299437320e+03
1.636256147994713047e+03
1.636697378127875254e+03
1.637142862651464156e+03
1.637641493521617122e+03
1.638108126752727685e+03
1.638560345353754656e+03
1.639008577055115666e+03
1.639336174174403823e+03
1.639759008837852662e+03
1.640200261429813736e+03
1.640645751373625217e+03
1.640972192621069098e+03
1.641298633868512979e+03
1.641625075115956861e+03
1.641951516363400742e+03
1.642108175200990217e+03
1.642395922550869500e+03
1.642712970990320400e+03
1.643037082251379616e+03
1.643483262549797246e+03
1.643845121589373093e+03
1.644180723476015373e+03
1.644509473390038465e+03
1.644956342564597207e+03
1.645318465629647335e+03
1.645654138439987719e+03
1.645982906377504378e+03
1.646429778234774858e+03
1.646876650092045338e+03
1.647323521949315818e+03
1.647770393806586299e+03
1.648097417891207215e+03
1.648520153773922175e+03
1.648961386714654282e+03
1.649406873948386192e+03
1.649905505259906477e+03
1.650372140634852030e+03
1.650824361782137203e+03
1.651272596128306077e+03
1.651600197756692069e+03
1.652023035605652012e+03
1.652464291004679808e+03
1.652909783658507422e+03
1.653356312277958978e+03
1.653802840897410533e+03
1.654249369516862089e+03
1.654695898136313644e+03
1.655022343904785430e+03
1.655444671299540005e+03
1.655885544354882541e+03
1.656330684169126016e+03
1.656829258407244424e+03
1.657295618826699410e+03
1.657747513524263923e+03
1.658195408810796152e+03
1.658694096246765184e+03
1.659160594547567825e+03
1.659612530188545634e+03
1.660060436107168016e+03
1.660559123976149294e+03
1.661057811845130573e+03
1.661556499714111851e+03
1.662055187583093129e+03
1.662502062117761625e+03
1.662994800489157342e+03
1.663492449780566176e+03
1.663990906145457302e+03
1.664465727520428800e+03
1.664965567142898180e+03
1.665464990900012026e+03
1.665963890703331799e+03
1.666411107419065274e+03
1.666903878188066301e+03
1.667401532101958537e+03
1.667899989404004373e+03
1.668374809843865933e+03
1.668849630283727492e+03
1.669324450723589052e+03
1.669799271163450612e+03
1.670297903136888408e+03
1.670785793551302959e+03
1.671264315863273850e+03
1.671740088675043353e+03
1.672215148885236658e+03
1.672690029372449999e+03
1.673164864830696615e+03
1.673639689025563484e+03
1.674138320777514537e+03
1.674626211355775922e+03
1.675104733722039100e+03
1.675580506548204085e+03
1.676079081235830245e+03
1.676577655923456405e+03
1.677076230611082565e+03
1.677574805298708725e+03
1.678020990979347289e+03
1.678513467060016865e+03
1.679010965734160436e+03
1.679509299551445793e+03
1.679984598417741381e+03
1.680484474471260228e+03
1.680983822404502007e+03
1.681482618360367496e+03
1.681981250111453392e+03
1.682479839174079189e+03
1.682978417462275956e+03
1.683476993050471037e+03
1.683975567963266030e+03
1.684474142876061023e+03
1.684972717788856016e+03
1.685471292701651009e+03
1.685917479729125716e+03
1.686409956325564053e+03
1.686907455297839533e+03
1.687405789358549100e+03
1.687881087298417242e+03
1.688380963285480902e+03
1.688880311371078506e+03
1.689379107533920433e+03
1.689825638828386673e+03
1.690318148397520417e+03
1.690815652137497182e+03
1.691313987171725557e+03
1.691759828885176375e+03
1.692205670598627194e+03
1.692651512312078012e+03
1.693097354025528830e+03
1.693422645400459260e+03
1.693844156066256346e+03
1.694284309089654244e+03
1.694728753676836504e+03
1.695174247680334702e+03
1.695620002564619426e+03
1.696065822576925257e+03
1.696511658865474146e+03
1.696836947965087575e+03
1.697258458228004429e+03
1.697698611162567886e+03
1.698143055728303807e+03
1.698588549726488282e+03
1.699034043724672756e+03
1.699479537722857231e+03
1.699925031721041705e+03
1.700249740224927791e+03
1.700670837839744536e+03
1.701110626474830042e+03
1.701554719158453963e+03
1.702053115429395120e+03
1.702518645532107257e+03
1.702969555832476772e+03
1.703416428996955347e+03
1.703862269348906921e+03
1.704307850033075738e+03
1.704753365708851334e+03
1.705198865126814553e+03
1.705644360479967418e+03
1.706089855833120282e+03
1.706535351186273147e+03
1.706980846539426011e+03
1.707305557312705332e+03
1.707726656536596238e+03
1.708166446591498016e+03
1.708610540646380286e+03
1.709108937156147022e+03
1.709574468347738730e+03
1.710025379937670778e+03
1.710472254440840743e+03
1.710970771127973649e+03
1.711436441831942147e+03
1.711887394760277402e+03
1.712334279993402561e+03
1.712832797140814591e+03
1.713331314288226622e+03
1.713829831435638653e+03
1.714328348583050683e+03
1.714774192992963890e+03
1.715266538016423056e+03
1.715763960691351940e+03
1.716262232349989063e+03
1.716737765065528492e+03
1.717237657360477897e+03
1.717736966174872350e+03
1.718235709193071216e+03
1.718681898903607134e+03
1.719174277184949005e+03
1.719671704699605016e+03
1.720169977349797819e+03
1.720615475412840169e+03
1.721060973475882520e+03
1.721506471538924870e+03
1.721951969601967221e+03
1.722276684913997997e+03
1.722697787355991977e+03
1.723137580250479004e+03
1.723581677047830681e+03
1.724026826364845647e+03
1.724472237339627327e+03
1.724917713636746385e+03
1.725363206258691662e+03
1.725687919292452989e+03
1.726109021330609949e+03
1.726548814136012879e+03
1.726992910911855233e+03
1.727317042597659338e+03
1.727641174283463442e+03
1.727965305969267547e+03
1.728289437655071652e+03
1.728443205601380441e+03
1.728728460585059111e+03
1.729043151603941851e+03
1.729364941207064248e+03
1.729809740725227357e+03
1.730169494408319906e+03
1.730502835788392758e+03
1.730829288276267334e+03
1.731274784973745909e+03
1.731634804362825662e+03
1.731968217055958803e+03
1.732294687662660408e+03
1.732740187075310132e+03
1.733185686487959856e+03
1.733631185900609580e+03
1.734076685313259304e+03
1.734401402885749121e+03
1.734822506930462396e+03
1.735262301239150929e+03
1.735706399402336501e+03
1.736204796627537462e+03
1.736670331081397762e+03
1.737121246534864440e+03
1.737568125048763477e+03
1.738066642424036900e+03
1.738532316383900479e+03
1.738983273174227179e+03
1.739430162417699194e+03
1.739876010874836084e+03
1.740321859331972973e+03
1.740767707789109863e+03
1.741213556246246753e+03
1.741538858935372900e+03
1.741960377614513845e+03
1.742400537705590068e+03
1.742844989117844989e+03
1.743343447354006003e+03
1.743809262175954927e+03
1.744260509792356743e+03
1.744707733149520436e+03
1.745153926895092809e+03
1.745599861771958786e+03
1.746045731840127701e+03
1.746491585700403903e+03
1.746816890655889665e+03
1.747142195611375428e+03
1.747467500566861190e+03
1.747792805522346953e+03
1.747948040892076051e+03
1.748234561712782579e+03
1.748550450239238899e+03
1.748873419238349925e+03
1.749318921360793865e+03
1.749679744873443269e+03
1.750014234677367540e+03
1.750341854288632931e+03
1.750497815716863215e+03
1.750784493045019417e+03
1.751100418583181636e+03
1.751423396695099882e+03
1.751577905632761713e+03
1.751732414570423543e+03
1.751886923508085374e+03
1.752041432445747205e+03
1.752002203354150879e+03
1.752109358381730772e+03
1.752252150739722083e+03
1.752403738983054382e+03
1.752727879758104564e+03
1.752928078908728821e+03
1.753094166141466758e+03
1.753251578581504418e+03
1.753213111174680762e+03
1.753320452755305951e+03
1.753463290873686219e+03
1.753614890492546010e+03
1.753939033539878892e+03
1.754263176587211774e+03
1.754587319634544656e+03
1.754911462681877538e+03
1.755065244826721482e+03
1.755350512065379462e+03
1.755665214679766223e+03
1.755987015703558427e+03
1.756431822036925041e+03
1.756791586082796357e+03
1.757124938584532629e+03
1.757451402374600775e+03
1.757605911301132210e+03
1.757891335381082172e+03
1.758206075099198870e+03
1.758527885259320556e+03
1.758851446216674503e+03
1.759175007174028451e+03
1.759498568131382399e+03
1.759822129088736347e+03
1.759975184081708676e+03
1.760259823529538608e+03
1.760573932085036859e+03
1.760895147993465798e+03
1.761339604874072393e+03
1.761698837925959197e+03
1.762031620608459889e+03
1.762357505343902631e+03
1.762511287477610495e+03
1.762796083933104455e+03
1.763110229638214378e+03
1.763431454694702097e+03
1.763875912942356990e+03
1.764320371190011883e+03
1.764764829437666776e+03
1.765209287685321669e+03
1.765532265797239916e+03
1.765952134535807545e+03
1.766390838129356325e+03
1.766833882680042052e+03
1.767332092053246242e+03
1.767796788695729447e+03
1.768246712964318931e+03
1.768692562751075457e+03
1.769190899242187697e+03
1.769655737016658350e+03
1.770105703015718973e+03
1.770551563629561770e+03
1.770875129137353724e+03
1.771198694645145679e+03
1.771522260152937633e+03
1.771845825660729588e+03
1.771998886335876023e+03
1.772283530690824136e+03
1.772597643890180507e+03
1.772918864372661801e+03
1.773363323987349304e+03
1.773722561190815213e+03
1.774055348327973434e+03
1.774381237590161845e+03
1.774705385173114564e+03
1.775029096270572609e+03
1.775352698180208336e+03
1.775676272788737833e+03
1.775999840571731511e+03
1.776323408354725188e+03
1.776646976137718866e+03
1.776970543920712544e+03
1.777123607436937846e+03
1.777408254245430044e+03
1.777722369766698648e+03
1.778043592536188953e+03
1.778488053517892922e+03
1.778847292797129285e+03
1.779180082161598648e+03
1.779505973687142614e+03
1.779951133865041356e+03
1.780310639257771982e+03
1.780643500029663301e+03
1.780969409697134552e+03
1.781123206040376544e+03
1.781277002383618537e+03
1.781430798726860530e+03
1.781584595070102523e+03
1.781544619247636092e+03
1.781651042475398526e+03
1.781793116785874645e+03
1.781943991031139149e+03
1.782267561089322953e+03
1.782467073598723118e+03
1.782632454095568619e+03
1.782789155366023124e+03
1.782943678483923122e+03
1.783097656554559308e+03
1.783251498331754874e+03
1.783405306033616853e+03
1.783559105216522084e+03
1.783712904399427316e+03
1.783866703582332548e+03
1.784020502765237779e+03
1.783980529917571403e+03
1.784086956061300498e+03
1.784229033233112659e+03
1.784379910323619470e+03
1.784703482656981805e+03
1.784902997902851212e+03
1.785068381216070975e+03
1.785225085320525068e+03
1.785185874068206886e+03
1.785292486825906963e+03
1.785434609778408912e+03
1.785585498249831289e+03
1.785544763888478656e+03
1.785504029527126022e+03
1.785463295165773388e+03
1.785422560804420755e+03
1.785194221479884618e+03
1.785104837603554415e+03
1.785051885684792524e+03
1.785008094345993868e+03
1.785160436042096308e+03
1.785168551768168527e+03
1.785140011642207128e+03
1.785102323841782663e+03
1.784874664457161316e+03
1.784785468509198836e+03
1.784732564071799743e+03
1.784688784624552909e+03
1.784647288844621471e+03
1.784605793064690033e+03
1.784564297284758595e+03
1.784522801504827157e+03
1.784293782763087847e+03
1.784203647292479900e+03
1.784149935726250760e+03
1.784105383368689672e+03
1.784256997206837241e+03
1.784264349018319308e+03
1.784235046165551012e+03
1.784196596576792444e+03
1.783968257241844640e+03
1.783878309647266860e+03
1.783824645554621611e+03
1.783780105087001175e+03
1.783737847985375993e+03
1.783695590883750810e+03
1.783653333782125628e+03
1.783611076680500446e+03
1.783381379056275591e+03
1.783290492201839925e+03
1.783236021113550350e+03
1.783190707841248695e+03
1.783341593467450139e+03
1.783348181347176705e+03
1.783318115836018478e+03
1.783278904548698392e+03
1.783049885796555600e+03
1.782959186765373943e+03
1.782904763142778393e+03
1.782859461758778252e+03
1.782816443434122220e+03
1.782773425109466189e+03
1.782730406784810157e+03
1.782687388460154125e+03
1.782457012489746376e+03
1.782365374463687431e+03
1.782310143980517751e+03
1.782264069899273636e+03
1.782414226961238228e+03
1.782420050893827920e+03
1.782389222794477291e+03
1.782349249900147242e+03
1.782119552265527091e+03
1.782028102009507393e+03
1.781972918984031139e+03
1.781926856789422118e+03
1.781883077342175284e+03
1.781839297894928450e+03
1.781795518447681616e+03
1.781751739000434782e+03
1.781520685221730673e+03
1.781428296238007079e+03
1.781372306488910453e+03
1.781325471706298913e+03
1.781474899853436909e+03
1.781479959825291644e+03
1.781448369209726707e+03
1.781407634801716313e+03
1.781177258820921452e+03
1.781085057553583738e+03
1.781029115254069211e+03
1.780982292356398148e+03
1.780937751888777711e+03
1.780893211421157275e+03
1.780848670953536839e+03
1.780804130485916403e+03
1.780572399438385219e+03
1.780479259712708426e+03
1.780422510828410850e+03
1.780374915453782478e+03
1.780523614337205800e+03
1.780527910336511695e+03
1.780495557278490878e+03
1.780454061451907364e+03
1.780223007662824557e+03
1.780130055599442358e+03
1.780073354156504820e+03
1.780025770665094569e+03
1.779980469281094429e+03
1.779935167897094288e+03
1.779889866513094148e+03
1.779844565129094008e+03
1.779612157353786188e+03
1.779518267103620701e+03
1.779460759216620772e+03
1.779412403361102179e+03
1.779560372633625775e+03
1.779563904650352470e+03
1.779530789225414310e+03
1.779488532077143191e+03
1.779256801019241493e+03
1.779163098376841162e+03
1.779105637922868254e+03
1.779057293948817914e+03
1.779011231754208893e+03
1.778965169559599872e+03
1.778919107364990850e+03
1.778873045170381829e+03
1.778639961209927606e+03
1.778545320654490524e+03
1.778487053899058765e+03
1.778437937675552348e+03
1.778585176991694425e+03
1.778587945017595075e+03
1.778554067303058218e+03
1.778511048931762389e+03
1.778278641146092241e+03
1.778184188143452502e+03
1.778125968812604015e+03
1.778076864468788244e+03
1.777843104867396960e+03
1.777609345266005676e+03
1.777375585664614391e+03
1.777141826063223107e+03
1.776756717540342606e+03
1.776480760815443546e+03
1.776236224604405152e+03
1.775999757394796234e+03
1.775614160152631939e+03
1.775338043549433905e+03
1.775093465526884529e+03
1.774856987758071000e+03
1.774809398313398106e+03
1.774619908916947224e+03
1.774397023654016039e+03
1.774165969792281658e+03
1.774119907574365470e+03
1.774073845356449283e+03
1.774027783138533096e+03
1.773981720920616908e+03
1.773748636939454855e+03
1.773653996361034160e+03
1.773595729582355261e+03
1.773546613335555321e+03
1.773693852629328603e+03
1.773696620631822952e+03
1.773662742893933228e+03
1.773619724499317499e+03
1.773768426198538691e+03
1.773771576940513114e+03
1.773737794669899813e+03
1.773694800108268055e+03
1.773462397596989376e+03
1.773229995085710698e+03
1.772997592574432019e+03
1.772765190063153341e+03
1.772381061681297751e+03
1.772106385422299809e+03
1.771863188343863612e+03
1.771628073811212289e+03
1.771243454898857408e+03
1.770968618437547775e+03
1.770725379475865338e+03
1.770490254366670797e+03
1.770444192137101027e+03
1.770256123162586618e+03
1.770034612064213206e+03
1.769804919637646435e+03
1.769760385068378582e+03
1.769715850499110729e+03
1.769671315929842876e+03
1.769626781360575023e+03
1.769395055560548144e+03
1.769301921653118370e+03
1.769245178652451614e+03
1.769197589172828202e+03
1.769346293710189684e+03
1.769350595631169199e+03
1.769318248482632953e+03
1.769276758557515905e+03
1.769426924103430110e+03
1.769431608755138541e+03
1.769399357093291655e+03
1.769357891007358830e+03
1.769126847773586860e+03
1.768895804539814890e+03
1.768664761306042919e+03
1.768433718072270949e+03
1.768050573446892713e+03
1.767777180239074596e+03
1.767535324582234580e+03
1.767301564939461059e+03
1.767257033342685418e+03
1.767070387255100968e+03
1.766850252574296974e+03
1.766621923786432035e+03
1.766578917296636064e+03
1.766392626342639687e+03
1.766172577579539848e+03
1.765944270073642201e+03
1.765561620607885061e+03
1.765178971142127921e+03
1.764796321676370781e+03
1.764413672210613640e+03
1.763936988314346081e+03
1.763524635816666660e+03
1.763134203309547047e+03
1.762749586289132594e+03
1.762272671467688269e+03
1.761860210554955756e+03
1.761469748103458414e+03
1.761085123425628581e+03
1.760854080181477684e+03
1.760504681149002408e+03
1.760130013349260707e+03
1.759749338044379101e+03
1.759519656262714534e+03
1.759289974481049967e+03
1.759060292699385400e+03
1.758830610917720833e+03
1.758448453655013282e+03
1.758176346071577882e+03
1.757935834112701968e+03
1.757703431559973978e+03
1.757660428031811762e+03
1.757475205893878410e+03
1.757256449534697367e+03
1.757029486493004697e+03
1.756988008475804918e+03
1.756803141907702638e+03
1.756584471595040668e+03
1.756357529868727624e+03
1.755975869572280089e+03
1.755594209275832554e+03
1.755212548979385019e+03
1.754830888682937484e+03
1.754354669994394499e+03
1.753943186985688953e+03
1.753553714577342816e+03
1.753170079513786050e+03
1.752693627657279876e+03
1.752282035748823091e+03
1.751892533281396936e+03
1.751508890532178384e+03
1.751279208740118520e+03
1.750930908619092861e+03
1.750557258352881036e+03
1.750177579364455141e+03
1.749949261196684802e+03
1.749720943028914462e+03
1.749492624861144122e+03
1.749264306693373783e+03
1.748883140390237031e+03
1.748612320992286186e+03
1.748373154995095774e+03
1.748142111719808099e+03
1.747760449480294938e+03
1.747489468917053500e+03
1.747250260823778490e+03
1.747019206920528859e+03
1.746977728880003042e+03
1.746793931738475749e+03
1.746576555591241913e+03
1.746350960390141609e+03
1.746311011224267077e+03
1.746271062058392545e+03
1.746231112892518013e+03
1.746191163726643481e+03
1.745963525504936797e+03
1.745874916813225354e+03
1.745822748293625182e+03
1.745779741745529236e+03
1.745932833560831114e+03
1.745941736936578309e+03
1.745913983325191111e+03
1.745877081094049800e+03
1.746031629644764280e+03
1.746040915703373685e+03
1.746013257631521128e+03
1.745976379256818518e+03
1.745749426851894214e+03
1.745522474446969909e+03
1.745295522042045604e+03
1.745068569637121300e+03
1.744688397881128367e+03
1.744418869217640122e+03
1.744181051433188031e+03
1.743951369609941594e+03
1.743911423418879849e+03
1.743729054396814263e+03
1.743513060844753227e+03
1.743288835691123268e+03
1.743250415775911051e+03
1.743068403186118303e+03
1.742852495935775551e+03
1.742628292163747119e+03
1.742248620973243078e+03
1.741868949782739037e+03
1.741489278592234996e+03
1.741109607401730955e+03
1.740634332570861716e+03
1.740224600150634160e+03
1.739837058928016631e+03
1.739455398601326806e+03
1.738979886123526512e+03
1.738570043837230742e+03
1.738182472326978768e+03
1.737800804258351718e+03
1.737573851842999147e+03
1.737227759369199475e+03
1.736856154710931378e+03
1.736478479066729051e+03
1.736252894560748246e+03
1.736027310054767440e+03
1.735801725548786635e+03
1.735576141042805830e+03
1.735196967412169215e+03
1.734928732019972358e+03
1.734692264686621911e+03
1.734463946477203763e+03
1.734425529525853108e+03
1.734244589643150448e+03
1.734029980550582877e+03
1.733807127513073738e+03
1.733770237198469886e+03
1.733589654174231100e+03
1.733375131509763150e+03
1.733152299886665105e+03
1.733115415536173487e+03
1.733078531185681868e+03
1.733041646835190249e+03
1.733004762484698631e+03
1.732779865401073948e+03
1.732694283617149267e+03
1.732645173193723622e+03
1.732605229954144079e+03
1.732761245132724753e+03
1.732773221740441841e+03
1.732748537802075816e+03
1.732714701772584476e+03
1.732872170763489066e+03
1.732884530004036151e+03
1.732859941635995710e+03
1.732826129473342689e+03
1.732601920345405006e+03
1.732377711217467322e+03
1.732153502089529638e+03
1.731929292961591955e+03
1.731551124945042375e+03
1.731284190415508419e+03
1.731049081047234040e+03
1.730822133939885816e+03
1.730785252565616474e+03
1.730605749117935147e+03
1.730392531924743025e+03
1.730171058473068570e+03
1.730135704083399787e+03
1.729956557918659200e+03
1.729743427279624029e+03
1.729521975275095201e+03
1.729486626850869243e+03
1.729451278426643285e+03
1.729415930002417326e+03
1.729380581578191368e+03
1.729157060937640153e+03
1.729072996781147367e+03
1.729025419091553658e+03
1.728987011066801870e+03
1.729144488566246991e+03
1.729158004622421686e+03
1.729134858870516155e+03
1.729102559418461169e+03
1.729261489245170878e+03
1.729275387903672936e+03
1.729252337736160598e+03
1.729220062155814730e+03
1.729185481821372605e+03
1.729150901486930479e+03
1.729116321152488354e+03
1.729081740818046228e+03
1.728858909194948183e+03
1.728775604152101323e+03
1.728728792999574125e+03
1.728691152719770116e+03
1.728849360820340507e+03
1.728863646553577610e+03
1.728841269978147466e+03
1.728809738930616277e+03
1.728969398610754524e+03
1.728984066929707069e+03
1.728961785945363999e+03
1.728930278771892517e+03
1.728896466609239496e+03
1.728862654446586475e+03
1.728828842283933454e+03
1.728795030121280433e+03
1.728572888044068122e+03
1.728490342312420580e+03
1.728444297807969861e+03
1.728407425362375534e+03
1.728566363688889396e+03
1.728581419065311366e+03
1.728559811719421532e+03
1.728529049151188019e+03
1.728689438306130796e+03
1.728704876250748612e+03
1.728683364502412815e+03
1.728652625810532982e+03
1.728813020629834682e+03
1.728973415449136382e+03
1.729133810268438083e+03
1.729294205087739783e+03
1.729261161177059421e+03
1.729374365160000707e+03
1.729523089553023510e+03
1.729680575549850573e+03
1.730009413052403488e+03
1.730215279292827972e+03
1.730387202909374764e+03
1.730550489185267679e+03
1.730711607434661119e+03
1.730872183146659381e+03
1.731032623191330458e+03
1.731193029317111723e+03
1.731159988384260487e+03
1.731126947451409251e+03
1.731093906518558015e+03
1.731060865585706779e+03
1.730839416256860432e+03
1.730757632976323748e+03
1.730712358201233656e+03
1.730676256653852988e+03
1.730642450446244993e+03
1.730609218187345277e+03
1.730576129422525355e+03
1.730543076531653469e+03
1.730703471339870475e+03
1.730719490208338357e+03
1.730698702833258039e+03
1.730668723712179599e+03
1.730636448120154910e+03
1.730604172528130221e+03
1.730571896936105531e+03
1.730539621344080842e+03
1.730318859926895584e+03
1.730237833391554432e+03
1.730193322497357258e+03
1.730157985969010042e+03
1.730318383603855409e+03
1.730334978146015828e+03
1.730314909399410226e+03
1.730285683995121644e+03
1.730254170841448286e+03
1.730222085852016335e+03
1.730189857910199407e+03
1.730157594230699033e+03
1.730318720955562185e+03
1.730479847680425337e+03
1.730640974405288489e+03
1.730802101130151641e+03
1.730769828516256212e+03
1.730883785239584768e+03
1.731033247416701670e+03
1.731191466830198124e+03
1.731520886202266865e+03
1.731727456587082770e+03
1.731900105815323741e+03
1.732064122464178354e+03
1.732225972238544500e+03
1.732387279761117270e+03
1.732548451687613124e+03
1.732709589713022297e+03
1.732870719263030651e+03
1.733031848813039005e+03
1.733192978363047359e+03
1.733354107913055714e+03
1.733321838277290908e+03
1.733435797906426387e+03
1.733585262931439502e+03
1.733743485175928981e+03
1.733903888464014244e+03
1.734064836484020589e+03
1.734225920653748972e+03
1.734387038858826145e+03
1.734548165572610287e+03
1.734709294413563157e+03
1.734870423786307583e+03
1.735031553291999899e+03
1.734999283644556044e+03
1.734967013997112190e+03
1.734934744349668335e+03
1.734902474702224481e+03
1.734681718629975649e+03
1.734600697972903390e+03
1.734556193012060930e+03
1.734520862425823452e+03
1.734681265702824021e+03
1.734697866198704105e+03
1.734677803404302267e+03
1.734648583946833696e+03
1.734617076738321884e+03
1.734584997693617197e+03
1.734552775696417712e+03
1.734520517961507494e+03
1.734299764566988870e+03
1.734079011172470246e+03
1.733858257777951621e+03
1.733637504383432997e+03
1.733261871968735477e+03
1.732998208233800597e+03
1.732766511420080406e+03
1.732543009445590769e+03
1.732509977422878592e+03
1.732334080841162631e+03
1.732124360322196026e+03
1.731906353033748019e+03
1.731686285396645644e+03
1.731465703393224658e+03
1.731244992843461432e+03
1.731024250159942994e+03
1.730648619714927690e+03
1.730272989269912387e+03
1.729897358824897083e+03
1.729521728379881779e+03
1.729048404539928242e+03
1.728642236938389033e+03
1.728258620954839898e+03
1.727880972722527531e+03
1.727659534075503643e+03
1.727317918274188969e+03
1.726950467122254167e+03
1.726576860642170914e+03
1.726356795684816916e+03
1.726015459465500044e+03
1.725648073212326153e+03
1.725274482630623879e+03
1.724801407491830787e+03
1.724328332353037695e+03
1.723855257214244602e+03
1.723382182075451510e+03
1.722883175015615507e+03
1.722396512428751748e+03
1.721919607432971134e+03
1.721445548021609284e+03
1.721069919546289611e+03
1.720614908303884704e+03
1.720145931360113764e+03
1.719673854355910407e+03
1.719299238104914366e+03
1.718844385666646303e+03
1.718375441911731514e+03
1.717903372790355206e+03
1.717430547474593823e+03
1.716957722158832439e+03
1.716484896843071056e+03
1.716012071527309672e+03
1.715513016557996252e+03
1.715026531203388913e+03
1.714549858081539014e+03
1.714076044019620895e+03
1.713700924180418042e+03
1.713246232677292710e+03
1.712777523285951247e+03
1.712305700551542486e+03
1.711931594704270083e+03
1.711477062541375744e+03
1.711008386477055865e+03
1.710536571660245500e+03
1.710037469964935553e+03
1.709538368269625607e+03
1.709039266574315661e+03
1.708540164879005715e+03
1.708090519572753692e+03
1.707596757612363263e+03
1.707098541449848653e+03
1.706599632970461016e+03
1.706126808625173226e+03
1.705627166526857991e+03
1.705127481638295421e+03
1.704628206162742345e+03
1.704155881894175309e+03
1.703656254421463473e+03
1.703156566145450142e+03
1.702657289383138050e+03
1.702184967076681687e+03
1.701712644770225324e+03
1.701240322463768962e+03
1.700768000157312599e+03
1.700268852919597975e+03
1.699782725490098983e+03
1.699306519506769291e+03
1.698833199514024273e+03
1.698334097639911079e+03
1.697847925391772606e+03
1.697371704798802966e+03
1.696898380943762959e+03
1.696425806568489406e+03
1.695953421139794045e+03
1.695481083046214280e+03
1.695008756792566828e+03
1.694509609730451984e+03
1.694010462668337141e+03
1.693511315606222297e+03
1.693012168544107453e+03
1.692562188332760115e+03
1.692068306179739920e+03
1.691570025874729708e+03
1.691071067331610493e+03
1.690598492952514107e+03
1.690098880456219376e+03
1.689599168930382348e+03
1.689099852768302071e+03
1.688627780684954132e+03
1.688128183400923945e+03
1.687628468634324918e+03
1.687129151222128257e+03
1.686678835857331933e+03
1.686228520492535608e+03
1.685778205127739284e+03
1.685327889762942959e+03
1.684995006894731887e+03
1.684568158321075998e+03
1.684123311210256361e+03
1.683674337604860739e+03
1.683342027426282812e+03
1.682915278740373196e+03
1.682470453517520355e+03
1.682021485186549171e+03
1.681689177246574218e+03
1.681262428950974254e+03
1.680817603813629376e+03
1.680368635503261885e+03
1.680036327572031496e+03
1.679704019640801107e+03
1.679371711709570718e+03
1.679039403778340329e+03
1.678875358989952701e+03
1.678581269692703472e+03
1.678258230268305851e+03
1.677928220913908262e+03
1.677764900853143445e+03
1.677470966649760612e+03
1.677147963815678168e+03
1.676817963464514378e+03
1.676486231249605908e+03
1.676154067173627482e+03
1.675821795201593432e+03
1.675489496259873476e+03
1.675157190576002677e+03
1.674824884892131877e+03
1.674492579208261077e+03
1.674160273524390277e+03
1.673996231577275466e+03
1.673702144712500285e+03
1.673379107583843279e+03
1.673049100489028433e+03
1.672885783271047103e+03
1.672591851500816574e+03
1.672268850962661190e+03
1.671938852871127892e+03
1.671489210211160980e+03
1.671122016619927990e+03
1.670780677713050409e+03
1.670446094891573239e+03
1.669995783448233851e+03
1.669545472004894464e+03
1.669095160561555076e+03
1.668644849118215689e+03
1.668311972982876114e+03
1.667885129108341062e+03
1.667440286117234109e+03
1.666991316483085257e+03
1.666659013046586097e+03
1.666232269062750902e+03
1.665787447960380405e+03
1.665338483600850395e+03
1.664888507328572359e+03
1.664438279577911544e+03
1.663987989051484874e+03
1.663537682836982412e+03
1.663087372700827700e+03
1.662637062564672988e+03
1.662186752428518275e+03
1.661736442292363563e+03
1.661403568401338589e+03
1.660976726093207844e+03
1.660531884475370589e+03
1.660082916165003098e+03
1.659750614975887629e+03
1.659323872559441497e+03
1.658879052830597175e+03
1.658430089794913329e+03
1.658097790844448809e+03
1.657671048818327563e+03
1.657226229174995069e+03
1.656777266159915825e+03
1.656327291204095218e+03
1.655877316248274610e+03
1.655427341292454003e+03
1.654977366336633395e+03
1.654645067394913440e+03
1.654218626600380958e+03
1.653774137074349710e+03
1.653325508191512426e+03
1.652993782736702542e+03
1.652567442085791527e+03
1.652122974514404405e+03
1.651674350922816302e+03
1.651342627709721000e+03
1.650916287450118944e+03
1.650471819964500355e+03
1.650023196393581657e+03
1.649691473189243197e+03
1.649359749984904738e+03
1.649028026780566279e+03
1.648696303576227820e+03
1.648532997729438875e+03
1.648239541242965288e+03
1.647917099113411041e+03
1.647587677661212865e+03
1.647425096933873192e+03
1.647131795717427167e+03
1.646809390226581172e+03
1.646479977789977283e+03
1.646148831100962298e+03
1.645817251951756134e+03
1.645485564756592112e+03
1.645153850554259179e+03
1.644990547550283281e+03
1.644827244546307384e+03
1.644663941542331486e+03
1.644500638538355588e+03
1.644530614887634556e+03
1.644414419202022145e+03
1.644262763083033860e+03
1.644102362851408088e+03
1.643939784968384856e+03
1.643776663208688660e+03
1.643613405513532143e+03
1.643450113836620403e+03
1.643118395124503877e+03
1.642909558180002250e+03
1.642734706834097778e+03
1.642568507250189214e+03
1.642236212812041686e+03
1.641903918373894157e+03
1.641571623935746629e+03
1.641239329497599101e+03
1.641075301767993778e+03
1.640781227075213337e+03
1.640458201434367538e+03
1.640128205646438801e+03
1.639964902653524405e+03
1.639670983058682395e+03
1.639347994009270451e+03
1.639018007224861321e+03
1.638686288521501638e+03
1.638354137943225396e+03
1.638021879465429038e+03
1.637689594017080708e+03
1.637357301826364846e+03
1.637025009635648985e+03
1.636692717444933123e+03
1.636360425254217262e+03
1.636196400365920454e+03
1.635902328105677952e+03
1.635579304760643026e+03
1.635249311232368882e+03
1.635086011082273217e+03
1.634792093920647176e+03
1.634469107167232323e+03
1.634139122642525308e+03
1.633975825324192783e+03
1.633681908768505537e+03
1.633358922158032556e+03
1.633028937668496155e+03
1.632579302911947025e+03
1.632129668155397894e+03
1.631680033398848764e+03
1.631230398642299633e+03
1.630898682198204142e+03
1.630472648657746731e+03
1.630028516427655404e+03
1.629580232037872747e+03
1.629249089873514777e+03
1.628823156731330300e+03
1.628379046522251656e+03
1.627930767440465388e+03
1.627599627520916329e+03
1.627173694771035343e+03
1.626729584647984211e+03
1.626281305586932831e+03
1.625782252101937956e+03
1.625283198616943082e+03
1.624784145131948208e+03
1.624285091646953333e+03
1.623835794216759041e+03
1.623342157928211464e+03
1.622844009414193579e+03
1.622345154007846759e+03
1.621896193645660560e+03
1.621402587888429935e+03
1.620904443498224737e+03
1.620405588902453701e+03
1.619956629859011400e+03
1.619463024221186060e+03
1.618964879847098473e+03
1.618466025254494298e+03
1.617992942292593625e+03
1.617519859330692952e+03
1.617046776368792280e+03
1.616573693406891607e+03
1.616074687869958098e+03
1.615588019738935600e+03
1.615111107483567821e+03
1.614637040389549838e+03
1.614261395963942277e+03
1.613806374703255187e+03
1.613337389379741580e+03
1.612865304412820478e+03
1.612490672156017126e+03
1.612035809682634408e+03
1.611566857543639117e+03
1.611094780458453442e+03
1.610720152162327622e+03
1.610345523866201802e+03
1.609970895570075982e+03
1.609596267273950161e+03
1.609123434099877841e+03
1.608718152353604637e+03
1.608335510308102812e+03
1.607958857227904673e+03
1.607738778619678897e+03
1.607398271213201497e+03
1.607031849710697088e+03
1.606659252311438422e+03
1.606440549435709954e+03
1.606100322402387292e+03
1.605733966011506936e+03
1.605361384564742821e+03
1.604888802299796225e+03
1.604416220034849630e+03
1.603943637769903034e+03
1.603471055504956439e+03
1.602971955258256685e+03
1.602485642672997983e+03
1.602009195224934501e+03
1.601535619882891751e+03
1.601160993563249349e+03
1.600706612791708039e+03
1.600238163614795894e+03
1.599766588236126154e+03
1.599294256039170023e+03
1.598821736187803708e+03
1.598349169519787438e+03
1.597876591153669324e+03
1.597404009863404553e+03
1.596931428573139783e+03
1.596458847282875013e+03
1.595986265992610242e+03
1.595487165566963313e+03
1.595000853675216149e+03
1.594524407132317492e+03
1.594050832747630920e+03
1.593676208404485351e+03
1.593221828878369706e+03
1.592753380744801234e+03
1.592281806358035055e+03
1.591809475140069708e+03
1.591336956264462515e+03
1.590864390571397507e+03
1.590391813180028521e+03
1.589919232864462401e+03
1.589446652548896282e+03
1.588974072233330162e+03
1.588501491917764042e+03
1.588002391313187672e+03
1.587516080114969100e+03
1.587039634477252093e+03
1.586566061049938298e+03
1.586191438683302749e+03
1.585737060402628913e+03
1.585268613312420939e+03
1.584797039917575148e+03
1.584423433266378879e+03
1.583969214848994625e+03
1.583500801220631956e+03
1.583029235777315535e+03
1.582655633100632031e+03
1.582282030423948527e+03
1.581908427747265023e+03
1.581534825070581519e+03
1.581062496793528680e+03
1.580658122351156408e+03
1.580276477229240982e+03
1.579900842651770517e+03
1.579682153205273835e+03
1.579342779453517551e+03
1.578977411540060530e+03
1.578605846810771482e+03
1.578133769721729550e+03
1.577729507645461126e+03
1.577347893374219211e+03
1.576972266675499213e+03
1.576499688309381099e+03
1.576027109943262985e+03
1.575554531577144871e+03
1.575081953211026757e+03
1.574582852248644940e+03
1.574096542437535845e+03
1.573620098610233526e+03
1.573146527097716216e+03
1.572771908684140953e+03
1.572317532894399392e+03
1.571849087890962437e+03
1.571377516480007671e+03
1.571003913795546168e+03
1.570549697873245577e+03
1.570081286332723948e+03
1.569609722873567989e+03
1.569236124163672685e+03
1.568862525453777380e+03
1.568488926743882075e+03
1.568115328033986771e+03
1.567643001715066930e+03
1.567238630783242343e+03
1.566856989517470765e+03
1.566481358879348818e+03
1.566262674800389505e+03
1.565923305431906101e+03
1.565557941593074020e+03
1.565186380857757058e+03
1.564969074589682123e+03
1.564629986401685528e+03
1.564264687891790572e+03
1.563893143164218827e+03
1.563675842282220856e+03
1.563458541400222884e+03
1.563241240518224913e+03
1.563023939636226942e+03
1.562650853095998855e+03
1.562390460343586483e+03
1.562162173714099254e+03
1.561942113864052089e+03
1.561912915016026773e+03
1.561740618714666880e+03
1.561534390803700717e+03
1.561319846246049110e+03
1.560947268771932386e+03
1.560687039091635370e+03
1.560458794945373256e+03
1.560238745814457843e+03
1.559865151071403943e+03
1.559491556328350043e+03
1.559117961585296143e+03
1.558744366842242243e+03
1.558272042481522931e+03
1.557867675060303554e+03
1.557486037650730168e+03
1.557110410952010170e+03
1.556891732240619604e+03
1.556552367255457739e+03
1.556187007491302438e+03
1.555815450750010541e+03
1.555442364201991040e+03
1.555068896425968660e+03
1.554695333419562530e+03
1.554321746610351283e+03
1.553948153850737981e+03
1.553574561091124679e+03
1.553200968331511376e+03
1.552827375571898074e+03
1.552355052190304150e+03
1.551950686524409093e+03
1.551569051042955380e+03
1.551193426313956479e+03
1.550974750286361768e+03
1.550635387492878635e+03
1.550270029766081507e+03
1.549898475021822151e+03
1.549426402849771648e+03
1.549022149554589760e+03
1.548640544924897085e+03
1.548264928074916497e+03
1.547890827981344501e+03
1.547516727887772504e+03
1.547142627794200507e+03
1.546768527700628511e+03
1.546295954208424746e+03
1.545891139643030101e+03
1.545509010999397560e+03
1.545132882451065370e+03
1.544913519615723999e+03
1.544573596138711537e+03
1.544207717265333940e+03
1.543835651705208193e+03
1.543617665671192071e+03
1.543278022982205812e+03
1.542912209332112752e+03
1.542540159752869840e+03
1.542166570960177978e+03
1.541792982167486116e+03
1.541419393374794254e+03
1.541045804582102392e+03
1.540573483158809722e+03
1.540169121003606506e+03
1.539787489378432383e+03
1.539411868588915922e+03
1.539193197928936570e+03
1.538853839518847508e+03
1.538488485866805377e+03
1.538116935116650438e+03
1.537899642287475444e+03
1.537560565065622541e+03
1.537195276744604143e+03
1.536823742002724885e+03
1.536606454559704389e+03
1.536389167116683893e+03
1.536171879673663398e+03
1.535954592230642902e+03
1.535581515624775875e+03
1.535321135611004593e+03
1.535092862257301476e+03
1.534872815806188555e+03
1.534843631854475689e+03
1.534671349561034049e+03
1.534465135243553277e+03
1.534250604164262768e+03
1.533878036641508061e+03
1.533617819702819588e+03
1.533389588832992331e+03
1.533169553101168049e+03
1.532951577820942248e+03
1.532733602540716447e+03
1.532515627260490646e+03
1.532297651980264845e+03
1.531924067154547402e+03
1.531663035210651515e+03
1.531434082387931312e+03
1.531213350153009742e+03
1.531183403532123748e+03
1.531010404219757220e+03
1.530803494141468036e+03
1.530588273205341920e+03
1.530370985751781063e+03
1.530153182380573298e+03
1.529935250074621081e+03
1.529717285537777343e+03
1.529499312943385576e+03
1.529281340348993808e+03
1.529063367754602041e+03
1.528845395160210273e+03
1.528471812318000048e+03
1.528210782919482426e+03
1.527981832749858540e+03
1.527761103192737437e+03
1.527731159550847451e+03
1.527558163038508383e+03
1.527351255677054496e+03
1.527136037434663876e+03
1.526918752668921570e+03
1.526700951984044423e+03
1.526483022364050385e+03
1.526265060513071603e+03
1.526235885499158485e+03
1.526206710485245367e+03
1.526177535471332249e+03
1.526148360457419130e+03
1.525930390548868900e+03
1.525852430950614007e+03
1.525811015015916837e+03
1.525778777836009567e+03
1.525942114629641765e+03
1.525961813574140706e+03
1.525944849145570970e+03
1.525918725428210564e+03
1.526083508444583003e+03
1.526103589832303214e+03
1.526086721035500659e+03
1.526060621207134318e+03
1.526225409869793793e+03
1.526390198532453269e+03
1.526554987195112744e+03
1.526719775857772220e+03
1.526691369541023050e+03
1.526809094307858459e+03
1.526962248301238333e+03
1.527124137329668656e+03
1.527288201661154289e+03
1.527452809277306642e+03
1.527617552680610288e+03
1.527782330028572915e+03
1.528115223853710631e+03
1.528325488727637776e+03
1.528501812621819226e+03
1.528669494670405356e+03
1.528641854126708722e+03
1.528614213583012088e+03
1.528586573039315454e+03
1.528558932495618819e+03
1.528342346835645913e+03
1.528265905759568568e+03
1.528226021689921708e+03
1.528195318415541351e+03
1.527978041713301536e+03
1.527901411149348860e+03
1.527861479295737809e+03
1.527830764059757257e+03
1.527995549882701880e+03
1.528016783743569704e+03
1.528001355274144316e+03
1.527976766485293410e+03
1.527949888787963118e+03
1.527923011090632826e+03
1.527896133393302534e+03
1.527869255695972242e+03
1.527653358874993046e+03
1.527577672889456380e+03
1.527538550414254132e+03
1.527508609716314140e+03
1.527292021345416515e+03
1.527216145827378341e+03
1.527176975562421603e+03
1.527147022901770697e+03
1.527119376363440779e+03
1.527092306449813577e+03
1.527065380698034460e+03
1.527038490987068599e+03
1.527011610286328050e+03
1.526984729585587502e+03
1.526957848884846953e+03
1.526930968184106405e+03
1.526715068650214789e+03
1.526639379691578597e+03
1.526600254217838710e+03
1.526570310517537109e+03
1.526542663967521776e+03
1.526515591798462083e+03
1.526488663230270049e+03
1.526461770562643324e+03
1.526245868326403297e+03
1.526170178627384757e+03
1.526131052966965626e+03
1.526101109219934642e+03
1.526266616127529460e+03
1.526432123035124278e+03
1.526597629942719095e+03
1.526763136850313913e+03
1.526735490288613164e+03
1.526853954477364141e+03
1.527007832667524326e+03
1.527170441469556181e+03
1.527335224430681137e+03
1.527500550388103193e+03
1.527666012060435833e+03
1.527831507659357840e+03
1.527997011739793379e+03
1.528162517940598946e+03
1.528328024671496678e+03
1.528493531534917338e+03
1.528826994975345769e+03
1.529160458415774201e+03
1.529493921856202633e+03
1.529827385296631064e+03
1.529992892193182342e+03
1.530288232493834357e+03
1.530612452382076299e+03
1.530943623550181428e+03
1.531108406500256706e+03
1.531403592057005653e+03
1.531727775451026901e+03
1.532058937640439353e+03
1.532509256757362436e+03
1.532877501715408698e+03
1.533219972780553690e+03
1.533555707023293962e+03
1.533889739335412742e+03
1.534223771647531521e+03
1.534557803959650300e+03
1.534891836271769080e+03
1.535058063888670176e+03
1.535354020306099073e+03
1.535678821409627290e+03
1.536010564567740857e+03
1.536176068626089318e+03
1.536471870472810224e+03
1.536796635129653168e+03
1.537128369321212858e+03
1.537461828288034894e+03
1.537795717338041641e+03
1.538129713839273109e+03
1.538463737198960189e+03
1.538914719513220916e+03
1.539365701827481644e+03
1.539816684141742371e+03
1.540267666456003099e+03
1.540601696530032086e+03
1.541029344853606744e+03
1.541474892767281744e+03
1.541924541823954087e+03
1.542258000782055660e+03
1.542685549722344149e+03
1.543131075879477521e+03
1.543580719694885829e+03
1.544031368986723692e+03
1.544482268145614626e+03
1.544933229677299096e+03
1.545384206796307353e+03
1.545835187811779406e+03
1.546286168827251458e+03
1.546737149842723511e+03
1.547188130858195564e+03
1.547522158694122709e+03
1.547949805459252957e+03
1.548395352007952852e+03
1.548844999749215049e+03
1.549178456466135003e+03
1.549606003846992735e+03
1.550051528638894069e+03
1.550501171138827431e+03
1.551000405557185559e+03
1.551470311889676623e+03
1.551926436006443282e+03
1.552378728188307605e+03
1.552830038576639936e+03
1.553281348964972267e+03
1.553732659353304598e+03
1.554183969741636929e+03
1.554518565675542504e+03
1.554946607794171541e+03
1.555392500533661860e+03
1.555842481871264908e+03
1.556176507469078160e+03
1.556604450454108473e+03
1.557050321502093084e+03
1.557500297614840747e+03
1.557834320983236466e+03
1.558262263580902754e+03
1.558708134544146787e+03
1.559158110636484253e+03
1.559492133996171333e+03
1.559826157355858413e+03
1.560160180715545494e+03
1.560494204075232574e+03
1.560660420345384182e+03
1.560956367065686436e+03
1.561281159022231577e+03
1.561612893178765262e+03
1.561778385884241970e+03
1.562074178031106158e+03
1.562398933540216603e+03
1.562730658730005189e+03
1.562896148608292606e+03
1.563191940151268909e+03
1.563516695518000915e+03
1.563848420672762813e+03
1.564013910540006691e+03
1.564179400407250569e+03
1.564344890274494446e+03
1.564510380141738324e+03
1.564482715549420391e+03
1.564601162194003564e+03
1.564755023202256325e+03
1.564917614927582235e+03
1.564889184552599090e+03
1.565007444898839140e+03
1.565161260295559487e+03
1.565323840687944767e+03
1.565295407321753146e+03
1.565413666940231224e+03
1.565567482158778830e+03
1.565730062506894456e+03
1.566062938343006863e+03
1.566395814179119270e+03
1.566728690015231678e+03
1.567061565851344085e+03
1.567226328923206211e+03
1.567521032979699839e+03
1.567844652553872720e+03
1.568175232906737847e+03
1.568339271633753924e+03
1.568633820768073292e+03
1.568957403799081931e+03
1.569287975160755423e+03
1.569620276058977652e+03
1.569953008234572508e+03
1.570285848160180194e+03
1.570618715018955527e+03
1.570951588610751742e+03
1.571284462202547957e+03
1.571617335794344172e+03
1.571950209386140386e+03
1.572114969618233999e+03
1.572409671244947504e+03
1.572733288526338356e+03
1.573063866622642990e+03
1.573227902508373518e+03
1.573522449212232914e+03
1.573846029950273078e+03
1.574176599055338329e+03
1.574508897706163452e+03
1.574841627636671319e+03
1.575174465317770000e+03
1.575507329932180937e+03
1.575840201279648909e+03
1.576173072627116881e+03
1.576505943974584852e+03
1.576838815322052824e+03
1.577003572714372012e+03
1.577298271911294705e+03
1.577621886899891933e+03
1.577952462739624025e+03
1.578116495784062863e+03
1.578411040057451828e+03
1.578734618502511694e+03
1.579065185350956654e+03
1.579397481754372393e+03
1.579730209439781220e+03
1.580063044876359072e+03
1.580395907246393563e+03
1.580728776349521240e+03
1.581061645452648918e+03
1.581394514555776595e+03
1.581727383658904273e+03
1.581892138211442898e+03
1.582186834978564093e+03
1.582510447674355873e+03
1.582841021257503598e+03
1.583005051460645063e+03
1.583299593303552911e+03
1.583623169455620655e+03
1.583953734047433500e+03
1.584403706210753626e+03
1.584771411525644680e+03
1.585113301414140551e+03
1.585448444576746169e+03
1.585613920252735625e+03
1.585779395928725080e+03
1.585944871604714535e+03
1.586110347280703991e+03
1.586082667672637399e+03
1.586201099706438072e+03
1.586354946405561122e+03
1.586517523909359625e+03
1.586489078519922032e+03
1.586607324254014429e+03
1.586761125341161460e+03
1.586923691511902007e+03
1.586895243131260941e+03
1.587013488137585909e+03
1.587167289046558381e+03
1.587329855173029046e+03
1.587301406780703701e+03
1.587272958388378356e+03
1.587244509996053011e+03
1.587216061603727667e+03
1.586998746956201558e+03
1.586921506369802728e+03
1.586880815808586476e+03
1.586849304979248927e+03
1.586631299828861074e+03
1.586553869802332656e+03
1.586513131463406580e+03
1.586481608673675510e+03
1.586645630363944520e+03
1.586666055804863618e+03
1.586649818618830523e+03
1.586624421719067641e+03
1.586789891718513445e+03
1.586955361717959249e+03
1.587120831717405053e+03
1.587286301716850858e+03
1.587258616102491715e+03
1.587377042291949238e+03
1.587530883267381341e+03
1.587693455082527635e+03
1.587665003687315448e+03
1.587783243576518771e+03
1.587937038939797276e+03
1.588099599421838775e+03
1.588071145035425388e+03
1.588189384196859237e+03
1.588343179381962500e+03
1.588505739819733890e+03
1.588477285421635997e+03
1.588448831023538105e+03
1.588420376625440213e+03
1.588391922227342320e+03
1.588174602162198198e+03
1.588097355632497738e+03
1.588056659075718244e+03
1.588025142242821403e+03
1.587807131678832775e+03
1.587729695709359248e+03
1.587688951374916996e+03
1.587657422581635728e+03
1.587439409321390940e+03
1.587361972611940701e+03
1.587321228090867635e+03
1.587289699250866306e+03
1.587071685980089114e+03
1.586853672709311923e+03
1.586635659438534731e+03
1.586417646167757539e+03
1.586044033286561671e+03
1.585782965339035854e+03
1.585553974988882828e+03
1.585333204877054868e+03
1.584959082716595958e+03
1.584697851253968565e+03
1.584468818290778245e+03
1.584248037426270002e+03
1.584029331477421920e+03
1.583811144988592105e+03
1.583593088410271321e+03
1.583375064312418999e+03
1.583157048334861202e+03
1.582939032357303404e+03
1.582721016379745606e+03
1.582503000402187809e+03
1.582129385522131088e+03
1.581868315009405023e+03
1.581639321985471724e+03
1.581418549174961072e+03
1.581044425019091022e+03
1.580783190991865922e+03
1.580554155355027433e+03
1.580333371791868331e+03
1.580303377039901534e+03
1.580130334596909051e+03
1.579923383181016789e+03
1.579708121385561753e+03
1.579335014658177670e+03
1.578961907930793586e+03
1.578588801203409503e+03
1.578215694476025419e+03
1.577743611332912678e+03
1.577339675879522019e+03
1.576958512893919988e+03
1.576583370840187172e+03
1.576209753961283013e+03
1.575836519613663540e+03
1.575463380976075541e+03
1.575090266270818802e+03
1.574618182140605995e+03
1.574214246245777304e+03
1.573833083138986012e+03
1.573457941054304229e+03
1.573084324167622526e+03
1.572710707280940824e+03
1.572337090394259121e+03
1.571963473507577419e+03
1.571491138216353420e+03
1.571086751198433376e+03
1.570705092262896187e+03
1.570329443573728213e+03
1.570110734899073577e+03
1.569771345445283032e+03
1.569405962935508796e+03
1.569034383898836495e+03
1.568661275169173223e+03
1.568287785240014045e+03
1.567914200087602467e+03
1.567540591134168835e+03
1.567166976230779255e+03
1.566793361327389675e+03
1.566419746424000095e+03
1.566046131520610516e+03
1.565573797208323867e+03
1.565169411945567390e+03
1.564787754937997761e+03
1.564412108218401499e+03
1.564193402227455863e+03
1.563854014965209217e+03
1.563488634492647634e+03
1.563117057452859854e+03
1.562644974302035507e+03
1.562240701399699674e+03
1.561859075241462506e+03
1.561483436400286791e+03
1.561109314201006327e+03
1.560735192001725864e+03
1.560361069802445400e+03
1.559986947603164936e+03
1.559514363228376396e+03
1.559109529107318622e+03
1.558727378976456521e+03
1.558351228475801690e+03
1.557976597877670883e+03
1.557602348496098784e+03
1.557228194496086417e+03
1.556854064346300675e+03
1.556635358344830820e+03
1.556295550519369954e+03
1.555929681481278067e+03
1.555557601637590778e+03
1.555339588303620303e+03
1.555121574969649828e+03
1.554903561635679353e+03
1.554685548301708877e+03
1.554311935373846836e+03
1.554050867366432840e+03
1.553821876953856872e+03
1.553601106779024576e+03
1.553226984571979983e+03
1.552965753049478735e+03
1.552736720023868429e+03
1.552515939096356533e+03
1.552141814901665384e+03
1.551880582740508544e+03
1.551651549548445246e+03
1.551430768578930838e+03
1.551056644376475560e+03
1.550682520174020283e+03
1.550308395971565005e+03
1.549934271769109728e+03
1.549461686408226342e+03
1.549056850515089764e+03
1.548674698437102052e+03
1.548298545947172897e+03
1.547923913349335180e+03
1.547549661965454561e+03
1.547175505962483840e+03
1.546801373809577399e+03
1.546427247619489208e+03
1.546053122920124451e+03
1.545678998593441747e+03
1.545304874359929499e+03
1.544930750149709866e+03
1.544556625939490232e+03
1.544182501729270598e+03
1.543808377519050964e+03
1.543335792154345654e+03
1.542930956254340572e+03
1.542548804168805873e+03
1.542172651671166250e+03
1.541798019065577819e+03
1.541423767673936482e+03
1.541049611663202541e+03
1.540675479502531971e+03
1.540202893159393170e+03
1.539798056819804970e+03
1.539415904613518705e+03
1.539039752085037890e+03
1.538820356574354946e+03
1.538600961063672003e+03
1.538381565552989059e+03
1.538162170042306116e+03
1.537787537428966971e+03
1.537525159797635752e+03
1.537294804123779386e+03
1.537072655923428556e+03
1.536852571461889056e+03
1.536633003665029264e+03
1.536413565079776163e+03
1.536194158800261675e+03
1.536163398381364459e+03
1.535989097188119786e+03
1.535780793826039826e+03
1.535564159222951048e+03
1.535534167356504895e+03
1.535504175490058742e+03
1.535474183623612589e+03
1.535444191757166436e+03
1.535225485703074582e+03
1.535146717931199191e+03
1.535104486578164142e+03
1.535071432858172329e+03
1.534852037336972899e+03
1.534773080217581764e+03
1.534730801099135761e+03
1.534697735421143761e+03
1.534666974990565450e+03
1.534636790976346902e+03
1.534606751072539737e+03
1.534576747196727183e+03
1.534358038437877894e+03
1.534139329679028606e+03
1.533920620920179317e+03
1.533701912161330029e+03
1.533327785940185095e+03
1.533066058947549664e+03
1.532836381604765165e+03
1.532614918089645471e+03
1.532240283476613286e+03
1.531978393123925571e+03
1.531748673202103873e+03
1.531527198942498899e+03
1.531496435509858657e+03
1.531322670758824870e+03
1.531115018547233831e+03
1.530899061927877938e+03
1.530869829700524178e+03
1.530840597473170419e+03
1.530811365245816660e+03
1.530782133018462901e+03
1.530564111532578181e+03
1.530486095324482903e+03
1.530444622275725806e+03
1.530412327903994083e+03
1.530193616440395317e+03
1.530115410838974867e+03
1.530073890018696375e+03
1.530041583687772118e+03
1.530011582825981804e+03
1.529982158433448603e+03
1.529952878164392587e+03
1.529923633926587854e+03
1.530087638458282072e+03
1.530251642989976290e+03
1.530415647521670508e+03
1.530579652053364725e+03
1.530550416823396517e+03
1.530667334476880114e+03
1.530819697875827160e+03
1.530980801112987365e+03
1.530950800239514820e+03
1.531067531452770027e+03
1.531219849194004382e+03
1.531380941086018765e+03
1.531544218036887287e+03
1.531708040709770785e+03
1.531871999779040380e+03
1.532035992945270891e+03
1.532199994635608164e+03
1.532363996325945436e+03
1.532527998016282709e+03
1.532691999706619981e+03
1.532662761474038689e+03
1.532779676203147119e+03
1.532932036737381395e+03
1.533093137127184718e+03
1.533063133251372165e+03
1.533179861539982539e+03
1.533332176416416360e+03
1.533493265461050441e+03
1.533656539569046117e+03
1.533820359400192956e+03
1.533984315628010563e+03
1.534148305952860255e+03
1.534312304801834671e+03
1.534476303650809086e+03
1.534640302499783502e+03
1.534804301348757917e+03
1.534775060113564450e+03
1.534891971918293166e+03
1.535044329587809216e+03
1.535205427130249518e+03
1.535175420252098093e+03
1.535292145616059543e+03
1.535444457627687143e+03
1.535605543824935239e+03
1.535575533956128311e+03
1.535692258591771861e+03
1.535844570425045504e+03
1.536005656577976197e+03
1.536168927832031159e+03
1.536332199086086121e+03
1.536495470340141082e+03
1.536658741594196044e+03
1.536628731713706884e+03
1.536744894727016799e+03
1.536896518836424775e+03
1.537056887251415446e+03
1.537026111798857983e+03
1.537142088302630555e+03
1.537293666731712619e+03
1.537454023795578451e+03
1.537616567078569688e+03
1.537779656376091452e+03
1.537942882143280940e+03
1.538106142025761301e+03
1.538269410436931594e+03
1.538432678848101887e+03
1.538595947259272180e+03
1.538759215670442472e+03
1.538729202787616714e+03
1.538845362875463252e+03
1.538996984118739420e+03
1.539157349684872315e+03
1.539126571230258605e+03
1.539242544808300181e+03
1.539394120371163126e+03
1.539554474586147990e+03
1.539885591598626888e+03
1.540094221045896802e+03
1.540268993190504034e+03
1.540435146952467903e+03
1.540767411803437426e+03
1.541099676654406949e+03
1.541431941505376471e+03
1.541764206356345994e+03
1.541928196681195686e+03
1.542222239350087420e+03
1.542545234766898602e+03
1.542875200806749035e+03
1.543324820874562420e+03
1.543691977882105675e+03
1.544033276992875699e+03
1.544367819238962966e+03
1.544532531105677890e+03
1.544826728232558480e+03
1.545149760097359376e+03
1.545479735105994905e+03
1.545643003495041512e+03
1.545806271884088119e+03
1.545969540273134726e+03
1.546132808662181333e+03
1.546102795755991110e+03
1.546218955821071404e+03
1.546370577042042896e+03
1.546530942586005722e+03
1.546862061825876481e+03
1.547070691932569162e+03
1.547245464230687730e+03
1.547411618014728219e+03
1.547382367760020998e+03
1.547498713589370709e+03
1.547650380310931496e+03
1.547810757161610582e+03
1.547779981662328510e+03
1.547749206163046438e+03
1.547718430663764366e+03
1.547687655164482294e+03
1.547468243384919788e+03
1.547388700429766232e+03
1.547345686850711218e+03
1.547311849805362954e+03
1.547473670357150468e+03
1.547491767078002113e+03
1.547473200292579349e+03
1.547445475532248338e+03
1.547226750513447769e+03
1.547147396130266770e+03
1.547104430124037435e+03
1.547070604988743980e+03
1.546850506950182535e+03
1.546630408911621089e+03
1.546410310873059643e+03
1.546190212834498197e+03
1.545815062710911661e+03
1.545552019626279616e+03
1.545320970071760030e+03
1.545098121465860686e+03
1.544722464728621162e+03
1.544459258595177744e+03
1.544228166529920372e+03
1.544005307196001013e+03
1.543784518046554922e+03
1.543564247181273913e+03
1.543344105932973207e+03
1.543123997091785668e+03
1.542748844979784508e+03
1.542373692867783348e+03
1.541998540755782187e+03
1.541623388643781027e+03
1.541150298670436086e+03
1.540744553809123545e+03
1.540361402672067470e+03
1.539984229427836681e+03
1.539510891781643522e+03
1.539105034899256907e+03
1.538721852965451490e+03
1.538344671853966929e+03
1.537871333242485207e+03
1.537465475922633459e+03
1.537082293868535089e+03
1.536705112726319612e+03
1.536231774111067352e+03
1.535758435495815093e+03
1.535285096880562833e+03
1.534811758265310573e+03
1.534312803259238990e+03
1.533825954144786692e+03
1.533348804700465280e+03
1.532874486555191197e+03
1.532375581698254109e+03
1.531888688931536990e+03
1.531411525163280430e+03
1.530937203226708107e+03
1.530561034823077534e+03
1.530105685668164142e+03
1.529636426387462734e+03
1.529164081177287244e+03
1.528690989257107731e+03
1.528217897336928218e+03
1.527744805416748704e+03
1.527271713496569191e+03
1.526772709705215448e+03
1.526286035225984051e+03
1.525809114657736245e+03
1.525335038766298567e+03
1.524836083954594187e+03
1.524349365537858603e+03
1.523872430575793032e+03
1.523398350875690539e+03
1.522925010326141773e+03
1.522451856143414489e+03
1.521978748651023807e+03
1.521505652837380694e+03
1.521006649235807799e+03
1.520507645634234905e+03
1.520008642032662010e+03
1.519509638431089115e+03
1.519060692900548702e+03
1.518567184583548169e+03
1.518069105549532878e+03
1.517570304929031636e+03
1.517121697569338039e+03
1.516628220086756528e+03
1.516130145253028559e+03
1.515631345462249328e+03
1.515132391038577225e+03
1.514633399620540786e+03
1.514134399057918245e+03
1.513635396215649507e+03
1.513136392803875651e+03
1.512637389392101795e+03
1.512138385980327939e+03
1.511639382568554083e+03
1.511190438362090845e+03
1.510696930528199800e+03
1.510198851757593275e+03
1.509700051345305837e+03
1.509201096922390207e+03
1.508702105647753797e+03
1.508203105263384259e+03
1.507704102608031462e+03
1.507205099385335870e+03
1.506706096020829818e+03
1.506207092620872800e+03
1.505708089212053210e+03
1.505209085801017864e+03
1.504710082389982517e+03
1.504211078978947171e+03
1.503712075567911825e+03
1.503263131366600646e+03
1.502769623534589300e+03
1.502271544765007775e+03
1.501772744353530470e+03
1.501273789931371311e+03
1.500774798657477959e+03
1.500275798273848068e+03
1.499776795619234008e+03
1.499277792397277153e+03
1.498778789033509838e+03
1.498279785634291329e+03
1.497780782226210249e+03
1.497307688351689876e+03
1.496834594477169503e+03
1.496361500602649130e+03
1.495888406728128757e+03
1.495389403317831921e+03
1.494902727453734997e+03
1.494425805071962259e+03
1.493951727261280439e+03
1.493478385731412573e+03
1.493005229838666537e+03
1.492532120453066455e+03
1.492059022700368359e+03
1.491585927856277976e+03
1.491112833739363396e+03
1.490639739804244300e+03
1.490166645914574246e+03
1.489693552036266510e+03
1.489220458157958774e+03
1.488747364279651038e+03
1.488274270401343301e+03
1.487775266991784974e+03
1.487288591125004132e+03
1.486811668739716879e+03
1.486337590925315681e+03
1.485838636504669466e+03
1.485351916702643166e+03
1.484874979924091349e+03
1.484400898301162897e+03
1.483927555802304596e+03
1.483454399663653248e+03
1.482981290213685270e+03
1.482508192442051495e+03
1.482035097590386385e+03
1.481562002738721276e+03
1.481088907887056166e+03
1.480615813035391056e+03
1.480116809815649958e+03
1.479630133259146760e+03
1.479153209970637590e+03
1.478679131200359734e+03
1.478180176974135293e+03
1.477693456483509408e+03
1.477216518802010796e+03
1.476742436223274126e+03
1.476269092755442443e+03
1.475795935644529663e+03
1.475322825221478524e+03
1.474849726476556043e+03
1.474376630651551068e+03
1.473903534826546093e+03
1.473430439001541117e+03
1.472957343176536142e+03
1.472458340146630462e+03
1.471971662900422643e+03
1.471494738708708837e+03
1.471020658982571604e+03
1.470521704950786898e+03
1.470034983771579164e+03
1.469558045187151038e+03
1.469083961652623202e+03
1.468610617215835191e+03
1.468137459132678032e+03
1.467664347736560558e+03
1.467191248018366650e+03
1.466718151220038635e+03
1.466245054421710620e+03
1.465771957623382605e+03
1.465298860825054589e+03
1.464799857985002291e+03
1.464313180049107132e+03
1.463836254954205970e+03
1.463362174272226184e+03
1.462863220434899176e+03
1.462376498567126873e+03
1.461899559079786286e+03
1.461425474589484338e+03
1.460952129183757279e+03
1.460478970128373021e+03
1.460005857759206719e+03
1.459532757067758212e+03
1.459059659296124437e+03
1.458586561524490662e+03
1.458113463752856887e+03
1.457640365981223113e+03
1.457141363331042157e+03
1.456654684705477621e+03
1.456177758707406156e+03
1.455703677069601326e+03
1.455204723426749979e+03
1.454718000870431069e+03
1.454241060480195529e+03
1.453766975034136749e+03
1.453293628659487695e+03
1.452820468631893391e+03
1.452347355289695088e+03
1.451874253625009260e+03
1.451401154880086779e+03
1.450928056135164297e+03
1.450454957390241816e+03
1.449981858645319335e+03
1.449482856185027913e+03
1.448996176869811279e+03
1.448519249968587019e+03
1.448045167374974199e+03
1.447546213926616929e+03
1.447059490681768921e+03
1.446582549388655480e+03
1.446108462986857148e+03
1.445635115643303152e+03
1.445161954643515855e+03
1.444688840328302831e+03
1.444215737690396963e+03
1.443742637972203056e+03
1.443269538254009149e+03
1.442796438535815241e+03
1.442323338817621334e+03
1.441824336547237408e+03
1.441337656542386640e+03
1.440860728738026864e+03
1.440386645188623106e+03
1.439887691934777649e+03
1.439400968001418050e+03
1.438924025805443989e+03
1.438449938447923159e+03
1.437976590135481501e+03
1.437503428163518493e+03
1.437030312875307800e+03
1.436557209264198718e+03
1.436084108572750210e+03
1.435611007881301703e+03
1.435137907189853195e+03
1.434664806498404687e+03
1.434165804417946219e+03
1.433679123723478597e+03
1.433202195016000360e+03
1.432728110510822717e+03
1.432229157451507263e+03
1.431742432829653580e+03
1.431265489730836180e+03
1.430791401417609904e+03
1.430318052136297638e+03
1.429844889192175742e+03
1.429371772930984662e+03
1.428898668346689647e+03
1.428425566682003819e+03
1.427952465017317991e+03
1.427479363352632163e+03
1.427006261687946335e+03
1.426507259797431516e+03
1.426020578413364774e+03
1.425543648802785356e+03
1.425069563341851108e+03
1.424570610477083619e+03
1.424083885166753817e+03
1.423606941165110356e+03
1.423132851896195916e+03
1.422659501646030094e+03
1.422186337729766819e+03
1.421713220495612177e+03
1.421240114938148281e+03
1.420767012300242413e+03
1.420293909662336546e+03
1.419820807024430678e+03
1.419347704386524811e+03
1.418848702685971602e+03
1.418362020612323477e+03
1.417885090098660385e+03
1.417411003681986813e+03
1.416912051011785479e+03
1.416425325012996836e+03
1.415948380108544598e+03
1.415474289883959045e+03
1.415000938664956948e+03
1.414527773776569120e+03
1.414054655569468196e+03
1.413581549038852700e+03
1.413108445427743618e+03
1.412635341816634536e+03
1.412162238205525455e+03
1.411689134594416373e+03
1.411190133083842966e+03
1.410703450320630964e+03
1.410226518903901251e+03
1.409752431531505408e+03
1.409253479055888192e+03
1.408766752368658445e+03
1.408289806561414707e+03
1.407815715381175096e+03
1.407342363193353776e+03
1.406869197332858676e+03
1.406396078152828750e+03
1.405922970649078479e+03
1.405423969328502835e+03
1.404924968007927191e+03
1.404425966687351547e+03
1.403926965366775903e+03
1.403478035741692793e+03
1.402984533228826422e+03
1.402486457359983660e+03
1.401987659241673100e+03
1.401488706960658192e+03
1.400989717789896076e+03
1.400490719499893885e+03
1.399991718936531697e+03
1.399492717805232587e+03
1.398993716531974542e+03
1.398494715223228241e+03
1.397995713905610046e+03
1.397496712585773821e+03
1.396997711265937596e+03
1.396498709946101371e+03
1.395999708626265146e+03
1.395550779006334778e+03
1.395057276495349015e+03
1.394559200627531936e+03
1.394060402510032191e+03
1.393561450229774437e+03
1.393062461059756288e+03
1.392563462770494425e+03
1.392064462207871884e+03
1.391615533907061035e+03
1.391122031516434390e+03
1.390623955665029143e+03
1.390125157550773338e+03
1.389626205271272966e+03
1.389127252991772593e+03
1.388628300712272221e+03
1.388129348432771849e+03
1.387680757038614729e+03
1.387187378357346006e+03
1.386689370299753364e+03
1.386190625918273099e+03
1.385691723852452014e+03
1.385192784016305723e+03
1.384693834840764566e+03
1.384194883336823978e+03
1.383695931251186494e+03
1.383196979020150138e+03
1.382698026752765600e+03
1.382199074476294072e+03
1.381700122197550854e+03
1.381201169918807636e+03
1.380702217640064418e+03
1.380203265361321201e+03
1.379754673972332967e+03
1.379261295292962586e+03
1.378763287236413589e+03
1.378264542855762102e+03
1.377765640790716134e+03
1.377266700955331544e+03
1.376767751780548679e+03
1.376268800277365472e+03
1.375769848192485370e+03
1.375270895962206168e+03
1.374771943695578784e+03
1.374272991419864411e+03
1.373774039141878347e+03
1.373275086863892284e+03
1.372776134585906220e+03
1.372277182307920157e+03
1.371828590924100808e+03
1.371335212246628771e+03
1.370837204191123419e+03
1.370338459811300936e+03
1.369839557747030085e+03
1.369340617912407197e+03
1.368841668738382623e+03
1.368342717235957025e+03
1.367843765151834305e+03
1.367344812922312485e+03
1.366845860656442483e+03
1.366346908381485491e+03
1.365847956104256809e+03
1.365349003827028127e+03
1.364850051549799446e+03
1.364351099272570764e+03
1.363902507893920301e+03
1.363409129218346607e+03
1.362911121163884900e+03
1.362412376784891194e+03
1.361913474721395687e+03
1.361414534887534501e+03
1.360915585714268218e+03
1.360416634212600229e+03
1.359917682129234663e+03
1.359418729900469998e+03
1.358919777635357150e+03
1.358420825361157313e+03
1.357921873084685785e+03
1.357422920808214258e+03
1.356923968531742730e+03
1.356425016255271203e+03
1.355976424881789626e+03
1.355483046208114274e+03
1.354985038154696213e+03
1.354486293776531511e+03
1.353987391713811121e+03
1.353488451880711636e+03
1.352989502708203872e+03
1.352490551207293265e+03
1.351991599124685081e+03
1.351492646896677797e+03
1.350993694632322331e+03
1.350494742358879876e+03
1.349995790083165502e+03
1.349496837807451129e+03
1.348997885531736756e+03
1.348498933256022383e+03
1.348050341887709692e+03
1.347556963215932683e+03
1.347058955163558267e+03
1.346560210786222342e+03
1.346061308724277069e+03
1.345562368891939286e+03
1.345063419720189813e+03
1.344564468220036815e+03
1.344065516138186013e+03
1.343566563910935884e+03
1.343067611647337571e+03
1.342568659374652270e+03
1.342069707099695279e+03
1.341570754824738287e+03
1.341071802549781296e+03
1.340572850274824305e+03
1.340124258911680499e+03
1.339630880241801833e+03
1.339132872190470835e+03
1.338634127813963914e+03
1.338135225752793758e+03
1.337636285921217677e+03
1.337137336750226495e+03
1.336638385250831107e+03
1.336189795210932289e+03
1.335696416662546881e+03
1.335198408627913977e+03
1.334699664254722620e+03
1.334200762194327581e+03
1.333701860133932541e+03
1.333202958073537502e+03
1.332704056013142463e+03
1.332255803931479932e+03
1.331762550252427900e+03
1.331264611183325542e+03
1.330765921716574894e+03
1.330267071043949500e+03
1.329768181720442499e+03
1.329269282837390847e+03
1.328770381570901918e+03
1.328322130816606204e+03
1.327828877260180889e+03
1.327330938208062889e+03
1.326832248744699427e+03
1.326333398072867112e+03
1.325834547401034797e+03
1.325335696729202482e+03
1.324836846057370167e+03
1.324388934312001311e+03
1.323895806784484876e+03
1.323397937869345697e+03
1.322899304485851872e+03
1.322400506375651048e+03
1.321901668734183659e+03
1.321402821313064578e+03
1.320903971453480835e+03
1.320405120984683890e+03
1.319906270363608655e+03
1.319407419704465610e+03
1.318908569035805613e+03
1.318460657295637930e+03
1.318012745555470246e+03
1.317564833815302563e+03
1.317116922075134880e+03
1.316788139771695342e+03
1.316364164750799318e+03
1.315921841097723927e+03
1.315475301213806915e+03
1.315027730858743780e+03
1.314579904366072924e+03
1.314132013931604206e+03
1.313684107517475240e+03
1.313236197108793021e+03
1.312788285701495170e+03
1.312340374044544888e+03
1.311892462325181441e+03
1.311444550590214931e+03
1.310996638855248420e+03
1.310548727120281910e+03
1.310100815385315400e+03
1.309772033090693185e+03
1.309348058076000825e+03
1.308905734428382175e+03
1.308459194549730455e+03
1.308011624199884409e+03
1.307563797712418818e+03
1.307115907283152183e+03
1.306668000874224617e+03
1.306220090470743571e+03
1.305772179068646892e+03
1.305324267416897555e+03
1.304876355702735282e+03
1.304428443972969717e+03
1.303980532243204152e+03
1.303532620513438587e+03
1.303084708783673022e+03
1.302755926497868131e+03
1.302331951489379435e+03
1.301889627847217525e+03
1.301443087973831098e+03
1.300995517629202368e+03
1.300547691146941816e+03
1.300099800722877262e+03
1.299651894319151097e+03
1.299203983920871224e+03
1.298756072523975718e+03
1.298308160877427554e+03
1.297860249168466453e+03
1.297412337443902061e+03
1.296964425719337669e+03
1.296516513994773277e+03
1.296068602270208885e+03
1.295739819993221317e+03
1.295315844990936284e+03
1.294873521354231343e+03
1.294426981486110208e+03
1.293979411146698567e+03
1.293531584669643053e+03
1.293083694250780582e+03
1.292635787852255589e+03
1.292187877459176889e+03
1.291739966067482328e+03
1.291292054426135337e+03
1.290844142722375182e+03
1.290396231003011735e+03
1.289948319283648289e+03
1.289500407564284842e+03
1.289052495844921395e+03
1.288723713576751152e+03
1.288299738580669782e+03
1.287857414949421582e+03
1.287410875086565738e+03
1.286963304752371187e+03
1.286515478280520711e+03
1.286067587866860322e+03
1.285619681473536730e+03
1.285171771085659202e+03
1.284723859699165814e+03
1.284275948063019769e+03
1.283828036364460786e+03
1.283380124650298512e+03
1.282932212936136239e+03
1.282484301221973965e+03
1.282036389507811691e+03
1.281707607248458544e+03
1.281283632258580838e+03
1.280841308632789378e+03
1.280394768775198827e+03
1.279947198446221591e+03
1.279499371979576381e+03
1.279051481571118074e+03
1.278603575182995883e+03
1.278155664800319528e+03
1.277707753419027313e+03
1.277259841788082440e+03
1.276811930094724403e+03
1.276364018385763302e+03
1.275916106676802201e+03
1.275468194967841100e+03
1.275020283258879999e+03
1.274691501008344176e+03
1.274267526024670133e+03
1.273825202404335414e+03
1.273378662552010155e+03
1.272931092228250009e+03
1.272483265766809836e+03
1.272035375363553840e+03
1.271587468980633048e+03
1.271139558603157866e+03
1.270691647227066596e+03
1.270243735601322896e+03
1.269795823913166032e+03
1.269347912209405877e+03
1.268900000505645721e+03
1.268452088801885566e+03
1.268004177098125410e+03
1.267675394856406911e+03
1.267251419878936531e+03
1.266809096264058780e+03
1.266362556416998814e+03
1.265914986098455756e+03
1.265467159642220622e+03
1.265019269244166708e+03
1.264571362866447089e+03
1.264123452494173080e+03
1.263675541123282983e+03
1.263227629502740228e+03
1.262779717819784537e+03
1.262331806121225554e+03
1.261883894422666572e+03
1.261435982724107589e+03
1.260988071025548606e+03
1.260659288792647430e+03
1.260235313821380714e+03
1.259792990211959705e+03
1.259346450370165257e+03
1.258898880056839516e+03
1.258451053605809648e+03
1.258003163212957816e+03
1.257555256840439597e+03
1.257107346473366761e+03
1.256659435107677837e+03
1.256211523492336255e+03
1.255763611814581509e+03
1.255315700121223472e+03
1.254867788427865435e+03
1.254419876734507397e+03
1.253971965041149360e+03
1.253643182817065508e+03
1.253219207852002455e+03
1.252776884248038186e+03
1.252330344411509031e+03
1.251882774103400379e+03
1.251434947657575549e+03
1.250987057269925799e+03
1.250539150902608981e+03
1.250091240540737090e+03
1.249643329180249111e+03
1.249195417570108702e+03
1.248747505897555129e+03
1.248299594209398265e+03
1.247851682521241401e+03
1.247403770833084536e+03
1.246955859144927672e+03
1.246627076929660916e+03
1.246203101970801526e+03
1.245760778372294226e+03
1.245314238541030363e+03
1.244866668238138800e+03
1.244418841797519008e+03
1.243970951415071340e+03
1.243523045052955695e+03
1.243075134696284977e+03
1.242627223340998171e+03
1.242179311736058708e+03
1.241731400068706307e+03
1.241283488385750616e+03
1.240835576702794924e+03
1.240387665019839233e+03
1.239939753336883541e+03
1.239610971130434109e+03
1.239186996177778383e+03
1.238744672584727823e+03
1.238298132758729253e+03
1.237850562461055006e+03
1.237402736025640252e+03
1.236954845648394667e+03
1.236506939291480421e+03
1.236059028940010876e+03
1.235611117589925243e+03
1.235163205990186952e+03
1.234715294328035498e+03
1.234267382650280751e+03
1.233819470972526005e+03
1.233371559294771259e+03
1.232923647617016513e+03
1.232594865419384405e+03
1.232170890472932342e+03
1.231728566885338523e+03
1.231282027064605245e+03
1.230834456772148087e+03
1.230386630341938599e+03
1.229938739969895096e+03
1.229490833618182251e+03
1.229042923271913878e+03
1.228595011927029191e+03
1.228147100332491846e+03
1.227699188675541563e+03
1.227251277002987990e+03
1.226803365330434417e+03
1.226355453657880844e+03
1.225907541985327271e+03
1.225578759796512486e+03
1.225154784856264087e+03
1.224712461274127236e+03
1.224265921458659250e+03
1.223818351171419181e+03
1.223370524746414731e+03
1.222922634379573310e+03
1.222474728033061865e+03
1.222026817691994665e+03
1.221578906352311151e+03
1.221130994762974979e+03
1.220683083111225642e+03
1.220235171443873242e+03
1.219787259776520841e+03
1.219339348109168441e+03
1.218891436441816040e+03
1.218562654261818579e+03
1.218138679327773843e+03
1.217696355751093733e+03
1.217249815940891040e+03
1.216802245658868287e+03
1.216354419239068875e+03
1.215906528877429537e+03
1.215458622536119265e+03
1.215010712200253238e+03
1.214562800865770896e+03
1.214114889281635897e+03
1.213666977635087733e+03
1.213219065972936278e+03
1.212771154310784823e+03
1.212323242648633368e+03
1.211875330986481913e+03
1.211546548815301776e+03
1.211122573887460703e+03
1.210680250316237334e+03
1.210233710511299932e+03
1.209786140234494269e+03
1.209338313819900122e+03
1.208890423463462866e+03
1.208442517127353995e+03
1.207994606796689141e+03
1.207546695467407972e+03
1.207098783888473918e+03
1.206650872247126927e+03
1.206202960590176644e+03
1.205755048933226362e+03
1.205307137276276080e+03
1.204859225619325798e+03
1.204530443456962757e+03
1.204106468535325348e+03
1.203664144969558947e+03
1.203217605169886838e+03
1.202770034898298263e+03
1.202322208488909155e+03
1.201874318137673981e+03
1.201426411806766509e+03
1.200978501481302828e+03
1.200530590157222605e+03
1.200082678583489724e+03
1.199634766947343678e+03
1.199186855295594341e+03
1.198738943643845005e+03
1.198291031992095668e+03
1.197843120340346331e+03
1.197514338186800614e+03
1.197090363271366869e+03
1.196648039711057208e+03
1.196201499916650619e+03
1.195753929650279133e+03
1.195306103246095063e+03
1.194858212900061972e+03
1.194410306574355900e+03
1.193962396254093392e+03
1.193514484935214341e+03
1.193066573366682633e+03
1.192618661735737760e+03
1.192170750089189596e+03
1.191722838442641432e+03
1.191274926796093268e+03
1.190827015149545105e+03
1.190498233004816711e+03
1.190074258095586629e+03
1.189631934540733710e+03
1.189185394751592412e+03
1.188737824490438243e+03
1.188289998091459438e+03
1.187842107750628429e+03
1.187394201430123530e+03
1.186946291115062195e+03
1.186498379801384317e+03
1.186050468238053554e+03
1.185602556612309854e+03
1.185154644970962863e+03
1.184706733329615872e+03
1.184258821688268881e+03
1.183810910046921890e+03
1.183482127911010821e+03
1.183058153007984401e+03
1.182615829458588451e+03
1.182169289674712445e+03
1.181721719418775365e+03
1.181273893025001598e+03
1.180826002689372672e+03
1.180378096374069173e+03
1.179930186064208783e+03
1.179482274755731851e+03
1.179034363197602261e+03
1.178586451577059506e+03
1.178138539940913461e+03
1.177690628304767415e+03
1.177242716668621370e+03
1.176794805032475324e+03
1.176466022905381578e+03
1.176042048008558822e+03
1.175599724464619612e+03
1.175153184686008899e+03
1.174705614435288908e+03
1.174257788046720179e+03
1.173809897716293335e+03
1.173361991406191237e+03
1.172914081101532020e+03
1.172466169798256260e+03
1.172018258245327843e+03
1.171570346629986261e+03
1.171122434999041388e+03
1.170674523368096516e+03
1.170226611737151643e+03
1.169778700106206770e+03
1.169449917987930121e+03
1.169025943097311028e+03
1.168583619558828559e+03
1.168137079785483138e+03
1.167689509539980463e+03
1.167241683156617000e+03
1.166793792831392238e+03
1.166345886526491540e+03
1.165897976227033496e+03
1.165450064928958909e+03
1.165002153381231437e+03
1.164554241771091029e+03
1.164106330145347329e+03
