1.100000199986666985e+03
1.100000199986666985e+03
1.100000199986666985e+03
1.100000199986666985e+03
1.100000199986666985e+03
1.100000199986666985e+03
1.100000199986666985e+03
1.100000199986666985e+03
1.100000199986666985e+03
1.100000199986666985e+03
1.100000199986666985e+03
1.100000199986666985e+03
1.100000199986666985e+03
1.100000199986666985e+03
1.100000199986666985e+03
1.100000199986666985e+03
1.100000199986666985e+03
1.100000199986666985e+03
1.100000199986666985e+03
1.100000199986666985e+03
1.100000199986666985e+03
1.100000199986666985e+03
1.100000199986666985e+03
1.100000199986666985e+03
1.100000199986666985e+03
1.100000199986666985e+03
1.100000199986666985e+03
1.100000199986666985e+03
1.100000199986666985e+03
1.100000199986666985e+03
1.100000199986666985e+03
1.100000199986666985e+03
1.100000199986666985e+03
1.100000199986666985e+03
1.100000199986666985e+03
1.100000199986666985e+03
1.100000199986666985e+03
1.100000199986666985e+03
1.100000199986666985e+03
1.100000199986666985e+03
1.100000199986666985e+03
1.100000199986666985e+03
1.100000199986666985e+03
1.100000199986666985e+03
1.100000199986666985e+03
1.100000199986666985e+03
1.100000199986666985e+03
1.100000199986666985e+03
1.100000199986666985e+03
1.100000199986666985e+03
1.100000199986666985e+03
1.100000199986666985e+03
1.100000199986666985e+03
1.100000199986666985e+03
1.100000199986666985e+03
1.100000199986666985e+03
1.100000199986666985e+03
1.100000199986666985e+03
1.100000199986666985e+03
1.100000199986666985e+03
1.100000199986666985e+03
1.100000199986666985e+03
1.100000199986666985e+03
1.100000199986666985e+03
1.100000199986666985e+03
1.100000199986666985e+03
1.100000199986666985e+03
1.100000199986666985e+03
1.100000199986666985e+03
1.100000199986666985e+03
1.100000199986666985e+03
1.100000199986666985e+03
1.100000199986666985e+03
1.100000199986666985e+03
1.100000199986666985e+03
1.100000199986666985e+03
1.100000199986666985e+03
1.100000199986666985e+03
1.100000199986666985e+03
1.100000199986666985e+03
1.100000199986666985e+03
1.100000199986666985e+03
1.100000199986666985e+03
1.100000199986666985e+03
1.100000199986666985e+03
1.100000199986666985e+03
1.100000199986666985e+03
1.100000199986666985e+03
1.100000199986666985e+03
1.100000199986666985e+03
1.100000199986666985e+03
1.100000199986666985e+03
1.100000199986666985e+03
1.100000199986666985e+03
1.100000199986666985e+03
1.100000199986666985e+03
1.100000199986666985e+03
1.100000199986666985e+03
1.100000199986666985e+03
1.100000199986666985e+03
1.100000199986666985e+03
1.100000199986666985e+03
1.100000199986666985e+03
1.100000199986666985e+03
1.100000199986666985e+03
1.100000199986666985e+03
1.100000199986666985e+03
1.100000199986666985e+03
1.100000199986666985e+03
1.100000199986666985e+03
1.100000199986666985e+03
1.100000199986666985e+03
1.100000199986666985e+03
1.100000199986666985e+03
1.100000199986666985e+03
1.100000199986666985e+03
1.100000199986666985e+03
1.100000199986666985e+03
1.100000199986666985e+03
1.100000199986666985e+03
1.100000199986666985e+03
1.100000199986666985e+03
1.100000199986666985e+03
1.100000199986666985e+03
1.100000199986666985e+03
1.100000199986666985e+03
1.100000199986666985e+03
1.100000199986666985e+03
1.100000199986666985e+03
1.100000199986666985e+03
1.100000199986666985e+03
1.100000199986666985e+03
1.100000199986666985e+03
1.100000199986666985e+03
1.100000199986666985e+03
1.100000199986666985e+03
1.100000199986666985e+03
1.100000199986666985e+03
1.100000199986666985e+03
1.100000199986666985e+03
1.100000199986666985e+03
1.100000199986666985e+03
1.100000199986666985e+03
1.100000199986666985e+03
1.100000199986666985e+03
1.100000199986666985e+03
1.100000199986666985e+03
1.100000199986666985e+03
1.100000199986666985e+03
1.100000199986666985e+03
1.100000199986666985e+03
1.100000199986666985e+03
1.100000199986666985e+03
1.100000199986666985e+03
1.100000199986666985e+03
1.100000199986666985e+03
1.100000199986666985e+03
1.100000199986666985e+03
1.100000199986666985e+03
1.100000199986666985e+03
1.100000199986666985e+03
1.100000199986666985e+03
1.100000199986666985e+03
1.100000199986666985e+03
1.100000199986666985e+03
1.100000199986666985e+03
1.100000199986666985e+03
1.100000199986666985e+03
1.100000199986666985e+03
1.100000199986666985e+03
1.100000199986666985e+03
1.100000199986666985e+03
1.100000199986666985e+03
1.100000199986666985e+03
1.100000199986666985e+03
1.100000199986666985e+03
1.100000199986666985e+03
1.100000199986666985e+03
1.100000199986666985e+03
1.100000199986666985e+03
1.100000199986666985e+03
1.100000199986666985e+03
1.100000199986666985e+03
1.100000199986666985e+03
1.100000199986666985e+03
1.100000199986666985e+03
1.100000199986666985e+03
1.100000199986666985e+03
1.100000199986666985e+03
1.100000199986666985e+03
1.100000199986666985e+03
1.100000199986666985e+03
1.100000199986666985e+03
1.100000199986666985e+03
1.100000199986666985e+03
1.100000199986666985e+03
1.100000199986666985e+03
1.100000199986666985e+03
1.100000199986666985e+03
1.100000199986666985e+03
1.100008829714031663e+03
1.100015383337149387e+03
1.100020954990807695e+03
1.100025691553689967e+03
1.100029718034105827e+03
1.100033140788093988e+03
1.100036050278947641e+03
1.100038523437627418e+03
1.100040625678204833e+03
1.100042412616566025e+03
1.100043931534731200e+03
1.100045222627620660e+03
1.100046320064095880e+03
1.100047252889625497e+03
1.100048045794038671e+03
1.100048719764408588e+03
1.100049292640182102e+03
1.100049779585153601e+03
1.100050193488707919e+03
1.100050545306917911e+03
1.100050844352502736e+03
1.100051098541308420e+03
1.100051314601824288e+03
1.100051498253278169e+03
1.100051654357020880e+03
1.100051787045204946e+03
1.100051899830161574e+03
1.100051995697373286e+03
1.100052077184502423e+03
1.100052146448560734e+03
1.100052205323009275e+03
1.100052255366289501e+03
1.100052297903077033e+03
1.100052334059345867e+03
1.100052364792173648e+03
1.100052390915077012e+03
1.100052413119544326e+03
1.100052431993341770e+03
1.100052448036069336e+03
1.100052461672387381e+03
1.100052473263257980e+03
1.100052485062304640e+03
1.100052496861351301e+03
1.100052508660398189e+03
1.100052520459445077e+03
1.100052532258491738e+03
1.100052544057538398e+03
1.100052555856585286e+03
1.100052567655632174e+03
1.100052579454678835e+03
1.100052591253725495e+03
1.100052603052772383e+03
1.100052614851819271e+03
1.100052626650865932e+03
1.100052638449912592e+03
1.100052650248959480e+03
1.100052662048006368e+03
1.100052673847053029e+03
1.100052685646099690e+03
1.100052697445146578e+03
1.100044078245746732e+03
1.100037536738195968e+03
1.100031977112299501e+03
1.100027252513716348e+03
1.100023237951736519e+03
1.100019827083044220e+03
1.100016929453541024e+03
1.100014468138911752e+03
1.100012377729886111e+03
1.100010602614047684e+03
1.100009095511883288e+03
1.100007816230282515e+03
1.100006730601693334e+03
1.100005809581592075e+03
1.100005028480831925e+03
1.100004366312833781e+03
1.100003805238505947e+03
1.100003330094311650e+03
1.100002927991052047e+03
1.100002587972788888e+03
1.100010931455459286e+03
1.100017243172215103e+03
1.100022610857436121e+03
1.100027175745097793e+03
1.100031058027632298e+03
1.100034359956639264e+03
1.100037168499944983e+03
1.100039557613271427e+03
1.100041590179239392e+03
1.100043319660477891e+03
1.100044791507809350e+03
1.100046044359073676e+03
1.100047111059267991e+03
1.100048019528371469e+03
1.100048793499420754e+03
1.100049453146139285e+03
1.100050015616581959e+03
1.100050495486833597e+03
1.100050905146707919e+03
1.100051255127634249e+03
1.100051554381379674e+03
1.100051810516977184e+03
1.100052030002122365e+03
1.100052218334369400e+03
1.100052380186644086e+03
1.100052519530937843e+03
1.100052639743445752e+03
1.100052743693934417e+03
1.100052833821705917e+03
1.100052912200168294e+03
1.100052980591717414e+03
1.100053040494390416e+03
1.100053093181518761e+03
1.100053139735434343e+03
1.100053181076119699e+03
1.100053217985558604e+03
1.100053251128438887e+03
1.100053281069743434e+03
1.100053308289709548e+03
1.100053333196537551e+03
1.100053356137198307e+03
1.100053379277966087e+03
1.100053402418733867e+03
1.100053425559501648e+03
1.100053448700269428e+03
1.100053471841037208e+03
1.100053494981804988e+03
1.100053518122572768e+03
1.100053541263340549e+03
1.100053564404108329e+03
1.100053587544876109e+03
1.100053610685643889e+03
1.100053633826411669e+03
1.100053656967179450e+03
1.100053680107947230e+03
1.100053703248715010e+03
1.100053726389482790e+03
1.100053749530250570e+03
1.100053772671018351e+03
1.100053795811786131e+03
1.100045187917599605e+03
1.100038657727338887e+03
1.100033109425492512e+03
1.100028396155847531e+03
1.100024392926339942e+03
1.100020993392675337e+03
1.100018107100048155e+03
1.100015657123631399e+03
1.100013578053785295e+03
1.100011814277826261e+03
1.100010318516047164e+03
1.100009050575198444e+03
1.100007976287626889e+03
1.100007066608735613e+03
1.100006296849324372e+03
1.100005646022776318e+03
1.100005096289972244e+03
1.100004632487354911e+03
1.100004241725710926e+03
1.100003913049091352e+03
1.100012267835996909e+03
1.100018590872156892e+03
1.100023969882990286e+03
1.100028546100748372e+03
1.100032439716616409e+03
1.100035752981295218e+03
1.100038572861959665e+03
1.100040973313862878e+03
1.100043017219286412e+03
1.100044758040614397e+03
1.100046241228493045e+03
1.100047505420633797e+03
1.100048583461942826e+03
1.100049503272331776e+03
1.100050288584789996e+03
1.100050959573005684e+03
1.100051533385009861e+03
1.100052024596868023e+03
1.100052445598382519e+03
1.100052806920972444e+03
1.100053117516398288e+03
1.100053384993688042e+03
1.100053615820534560e+03
1.100053815494488390e+03
1.100053988688474647e+03
1.100054139374483157e+03
1.100054270928707865e+03
1.100054386220914694e+03
1.100054487690405495e+03
1.100054577410587399e+03
1.100054657143856957e+03
1.100054728388250624e+03
1.100054792417100316e+03
1.100054850312737244e+03
1.100054902995143493e+03
1.100054951246303517e+03
1.100054995730904920e+03
1.100055037013931042e+03
1.100055075575618503e+03
1.100055111824167398e+03
1.100055146106549500e+03
1.100055180589038173e+03
1.100055215071526618e+03
1.100055249554015063e+03
1.100055284036503735e+03
1.100055318518992408e+03
1.100055353001480853e+03
1.100055387483969298e+03
1.100055421966457970e+03
1.100055456448946643e+03
1.100055490931435088e+03
1.100055525413923533e+03
1.100055559896412205e+03
1.100055594378900878e+03
1.100055628861389323e+03
1.100055663343877768e+03
1.100055697826366440e+03
1.100055732308855113e+03
1.100055766791343558e+03
1.100055801273832003e+03
1.100047204684969984e+03
1.100040685812082529e+03
1.100035148834358097e+03
1.100030446893711769e+03
1.100026454996728035e+03
1.100023066798134778e+03
1.100020191842420672e+03
1.100017753204248038e+03
1.100015685473608301e+03
1.100013933037550714e+03
1.100012448616176698e+03
1.100011192016096402e+03
1.100010129069556342e+03
1.100009230731886419e+03
1.100008472313834318e+03
1.100007832828744995e+03
1.100007294437471501e+03
1.100006841976436817e+03
1.100006462556413908e+03
1.100006145221442239e+03
1.100014511312475179e+03
1.100020845667957929e+03
1.100026236004334805e+03
1.100030823552129959e+03
1.100034728501282189e+03
1.100038053101589412e+03
1.100040884319576662e+03
1.100043296110025949e+03
1.100045351354878903e+03
1.100047103516274092e+03
1.100048598044680602e+03
1.100049873577681865e+03
1.100050962960091056e+03
1.100051894111753654e+03
1.100052690765610578e+03
1.100053373095315010e+03
1.100053958248872959e+03
1.100054460802332414e+03
1.100054893145480946e+03
1.100055265809729917e+03
1.100055587746832316e+03
1.100055866565810675e+03
1.100056108734355348e+03
1.100056319750013927e+03
1.100056504285709252e+03
1.100056666313430469e+03
1.100056809209369931e+03
1.100056935843293559e+03
1.100057048654502296e+03
1.100057149716403273e+03
1.100057240791392132e+03
1.100057323377505782e+03
1.100057398748075229e+03
1.100057467985432595e+03
1.100057532009559054e+03
1.100057591602440198e+03
1.100057647428762039e+03
1.100057700053509052e+03
1.100057749956916950e+03
1.100057797547186965e+03
1.100057843171289733e+03
1.100057888995498615e+03
1.100057934819707498e+03
1.100057980643916380e+03
1.100058026468125263e+03
1.100058072292334145e+03
1.100058118116543028e+03
1.100058163940751911e+03
1.100058209764960793e+03
1.100058255589169676e+03
1.100058301413378558e+03
1.100058347237587441e+03
1.100058393061796323e+03
1.100058438886005206e+03
1.100058484710214088e+03
1.100058530534422971e+03
1.100058576358631854e+03
1.100058622182840736e+03
1.100058668007049619e+03
1.100058713831258501e+03
1.100050128547830809e+03
1.100043620992401429e+03
1.100038095338869653e+03
1.100033404727282459e+03
1.100029424162873511e+03
1.100026047299395714e+03
1.100023183680631519e+03
1.100020756380734383e+03
1.100018699989327388e+03
1.100016958893194214e+03
1.100015485812243924e+03
1.100014240552947967e+03
1.100013188947453045e+03
1.100012301951016298e+03
1.100011554874333342e+03
1.100010926730710480e+03
1.100010399680974615e+03
1.100009958561528720e+03
1.100009590483131205e+03
1.100009284489811762e+03
1.100017661884864538e+03
1.100024007559588426e+03
1.100029409221438982e+03
1.100034008099212770e+03
1.100037924381598486e+03
1.100041260317491833e+03
1.100044102872765279e+03
1.100046526001729262e+03
1.100048592585985261e+03
1.100050356087425143e+03
1.100051861956340645e+03
1.100053148830185819e+03
1.100054249553681302e+03
1.100055192046605725e+03
1.100056000041850893e+03
1.100056693713035429e+03
1.100057290208139875e+03
1.100057804103193121e+03
1.100058247787970913e+03
1.100058631793873928e+03
1.100058965072648334e+03
1.100059255233312342e+03
1.100059508743551987e+03
1.100059731100912359e+03
1.100059926978314707e+03
1.100060100347746129e+03
1.100060254585398752e+03
1.100060392561037588e+03
1.100060516713962897e+03
1.100060629117581129e+03
1.100060731534288379e+03
1.100060825462120647e+03
1.100060912174409395e+03
1.100060992753486289e+03
1.100061068119332504e+03
1.100061139053933175e+03
1.100061206221975226e+03
1.100061270188442222e+03
1.100061331433570331e+03
1.100061390365560328e+03
1.100061447331383079e+03
1.100061504497311716e+03
1.100061561663240354e+03
1.100061618829168765e+03
1.100061675995097175e+03
1.100061733161025813e+03
1.100061790326954451e+03
1.100061847492882862e+03
1.100061904658811272e+03
1.100061961824739910e+03
1.100062018990668548e+03
1.100062076156596959e+03
1.100062133322525369e+03
1.100062190488454007e+03
1.100062247654382645e+03
1.100062304820311056e+03
1.100062361986239466e+03
1.100062419152168104e+03
1.100062476318096742e+03
1.100062533484025153e+03
1.100053959506142292e+03
1.100047463268254887e+03
1.100041948938986707e+03
1.100037269656519129e+03
1.100033300424736808e+03
1.100029934896417217e+03
1.100027082614639994e+03
1.100024666653049053e+03
1.100022621600901630e+03
1.100020891844715379e+03
1.100019430104207913e+03
1.100018196185712895e+03
1.100017155921276299e+03
1.100016280266083868e+03
1.100015544530779152e+03
1.100014927728631619e+03
1.100014412020439977e+03
1.100013982242588327e+03
1.100013625505820983e+03
1.100013330854157630e+03
1.100021719553122466e+03
1.100028076547006322e+03
1.100033489534261435e+03
1.100038099741954056e+03
1.100042027357523011e+03
1.100045374628959735e+03
1.100048228521482770e+03
1.100050662988930526e+03
1.100052740912562967e+03
1.100054515754025033e+03
1.100056032963429516e+03
1.100057331178102004e+03
1.100058443242670137e+03
1.100059397076844334e+03
1.100060216413467288e+03
1.100060921426123059e+03
1.100061529262765816e+03
1.100062054499407168e+03
1.100062509525808082e+03
1.100062904873360139e+03
1.100063249493802459e+03
1.100063550996148251e+03
1.100063815848079230e+03
1.100064049547138893e+03
1.100064256766245535e+03
1.100064441477385117e+03
1.100064607056749082e+03
1.100064756374100853e+03
1.100064891868741142e+03
1.100065015614075492e+03
1.100065129372499314e+03
1.100065234642049518e+03
1.100065332696056430e+03
1.100065424616851260e+03
1.100065511324416548e+03
1.100065593600736293e+03
1.100065672110497417e+03
1.100065747418683259e+03
1.100065820005530668e+03
1.100065890279240193e+03
1.100065958586782699e+03
1.100066027094430410e+03
1.100066095602078121e+03
1.100066164109725605e+03
1.100066232617373089e+03
1.100066301125020800e+03
1.100066369632668511e+03
1.100066438140315995e+03
1.100066506647963479e+03
1.100066575155611190e+03
1.100066643663258901e+03
1.100066712170906385e+03
1.100066780678553869e+03
1.100066849186201580e+03
1.100066917693849291e+03
1.100066986201496775e+03
1.100067054709144259e+03
1.100067123216791970e+03
1.100067191724439681e+03
1.100067260232087165e+03
1.100058697559859866e+03
1.100052212639596974e+03
1.100046709634663785e+03
1.100042041681376077e+03
1.100038083782270860e+03
1.100034729589152903e+03
1.100031888644399260e+03
1.100029484021146345e+03
1.100027450308284415e+03
1.100025731892067370e+03
1.100024281492021373e+03
1.100023058914342982e+03
1.100022029990978126e+03
1.100021165677041154e+03
1.100020441283124910e+03
1.100019835822459982e+03
1.100019331455819383e+03
1.100018913019567890e+03
1.100018567624435036e+03
1.100018284314431639e+03
1.100026684317200761e+03
1.100033052630162274e+03
1.100038476942752368e+03
1.100043098480304934e+03
1.100047037429006650e+03
1.100050396035943095e+03
1.100053261265678884e+03
1.100055707071579263e+03
1.100057796334561317e+03
1.100059582516022374e+03
1.100061111065896739e+03
1.100062420621380170e+03
1.100063544027005946e+03
1.100064509202417184e+03
1.100065339880407919e+03
1.100066056234525604e+03
1.100066675412699624e+03
1.100067211990921123e+03
1.100067678358939702e+03
1.100068085048136027e+03
1.100068441010241941e+03
1.100068753854265424e+03
1.100069030047884780e+03
1.100069275088640325e+03
1.100069493649448532e+03
1.100069689702294454e+03
1.100069866623367489e+03
1.100070027282430601e+03
1.100070174118783825e+03
1.100070309205832700e+03
1.100070434305972185e+03
1.100070550917238279e+03
1.100070660312961991e+03
1.100070763575474530e+03
1.100070861624757072e+03
1.100070955242794753e+03
1.100071045094273813e+03
1.100071131744178047e+03
1.100071215672743847e+03
1.100071297288171763e+03
1.100071376937432660e+03
1.100071456786798308e+03
1.100071536636163955e+03
1.100071616485529603e+03
1.100071696334895250e+03
1.100071776184260898e+03
1.100071856033626545e+03
1.100071935882992193e+03
1.100072015732357841e+03
1.100072095581723488e+03
1.100072175431089136e+03
1.100072255280454783e+03
1.100072335129820431e+03
1.100072414979186078e+03
1.100072494828551726e+03
1.100072574677917373e+03
1.100072654527283021e+03
1.100072734376648668e+03
1.100072814226014316e+03
1.100072894075379963e+03
1.100064342708918502e+03
1.100057869106364024e+03
1.100052377425836539e+03
1.100047720801788273e+03
1.100043774235411547e+03
1.100040431377538653e+03
1.100037601769844969e+03
1.100035208484961004e+03
1.100033186111410942e+03
1.100031479035184930e+03
1.100030039975619275e+03
1.100028828738772745e+03
1.100027811156493271e+03
1.100026958183823353e+03
1.100026245131303995e+03
1.100025651012129856e+03
1.100025157987046668e+03
1.100024750892400561e+03
1.100024416838906973e+03
1.100024144870566715e+03
1.100032556177032347e+03
1.100038935808989891e+03
1.100044371446844934e+03
1.100049004314197873e+03
1.100052954595981419e+03
1.100056324538375065e+03
1.100059201105287229e+03
1.100061658249608399e+03
1.100063758851913008e+03
1.100065556373350546e+03
1.100067096263675012e+03
1.100068417159952332e+03
1.100069551906621655e+03
1.100070528423257883e+03
1.100071370442605257e+03
1.100072098138175988e+03
1.100072728657872403e+03
1.100073276577668366e+03
1.100073754287298243e+03
1.100074172318133151e+03
1.100074539621898111e+03
1.100074863807595420e+03
1.100075151342899517e+03
1.100075407725347759e+03
1.100075637627855031e+03
1.100075845022404110e+03
1.100076033285183939e+03
1.100076205285956348e+03
1.100076363464020915e+03
1.100076509892782497e+03
1.100076646334635825e+03
1.100076774287616672e+03
1.100076895025055819e+03
1.100077009629284248e+03
1.100077119020283135e+03
1.100077223980037388e+03
1.100077325173233476e+03
1.100077423164854736e+03
1.100077518435137563e+03
1.100077611392283188e+03
1.100077702383261567e+03
1.100077793574344469e+03
1.100077884765427370e+03
1.100077975956510045e+03
1.100078067147592719e+03
1.100078158338675621e+03
1.100078249529758523e+03
1.100078340720841197e+03
1.100078431911923872e+03
1.100078523103006773e+03
1.100078614294089675e+03
1.100078705485172350e+03
1.100078796676255024e+03
1.100078887867337926e+03
1.100078979058420828e+03
1.100079070249503502e+03
1.100079161440586176e+03
1.100079252631669078e+03
1.100079343822751980e+03
1.100079435013834654e+03
1.100070894953248398e+03
1.100064432668485779e+03
1.100058952312434712e+03
1.100054307017686369e+03
1.100050371784088384e+03
1.100047040261503298e+03
1.100044221990906181e+03
1.100041840044421633e+03
1.100039829010209360e+03
1.100038133273996664e+03
1.100036705554929540e+03
1.100035505658930788e+03
1.100034499417749430e+03
1.100033657786357480e+03
1.100032956075244556e+03
1.100032373297568711e+03
1.100031891614049528e+03
1.100031495861013809e+03
1.100031173149163806e+03
1.100030912522490553e+03
1.100039335132544011e+03
1.100045726083415502e+03
1.100051173046465919e+03
1.100055817243559659e+03
1.100059778858374330e+03
1.100063160136181523e+03
1.100066048040232545e+03
1.100068516522943355e+03
1.100070628464543688e+03
1.100072437325934516e+03
1.100073988556689073e+03
1.100075320793743458e+03
1.100076466881441775e+03
1.100077454739290033e+03
1.100078308099983360e+03
1.100079047136997360e+03
1.100079688998208894e+03
1.100080248259571590e+03
1.100080737310806626e+03
1.100081166683275114e+03
1.100081545328694347e+03
1.100081880856061161e+03
1.100082179733046360e+03
1.100082447457184117e+03
1.100082688701387269e+03
1.100082907437637232e+03
1.100083107042120901e+03
1.100083290384600787e+03
1.100083459904374649e+03
1.100083617674846892e+03
1.100083765458412245e+03
1.100083904753106253e+03
1.100084036832259244e+03
1.100084162778201971e+03
1.100084283510915839e+03
1.100084399812385300e+03
1.100084512347296823e+03
1.100084621680634200e+03
1.100084728292633372e+03
1.100084832591495115e+03
1.100084934924190293e+03
1.100085037456988857e+03
1.100085139989787422e+03
1.100085242522586213e+03
1.100085345055385005e+03
1.100085447588183570e+03
1.100085550120982134e+03
1.100085652653780926e+03
1.100085755186579718e+03
1.100085857719378282e+03
1.100085960252176847e+03
1.100086062784975638e+03
1.100086165317774430e+03
1.100086267850572995e+03
1.100086370383371559e+03
1.100086472916170351e+03
1.100086575448969143e+03
1.100086677981767707e+03
1.100086780514566271e+03
1.100086883047365063e+03
1.100078354292764061e+03
1.100071903325876292e+03
1.100066434294372129e+03
1.100061800328983054e+03
1.100057876428214513e+03
1.100054556240960437e+03
1.100051749307496038e+03
1.100049378699441377e+03
1.100047379004592813e+03
1.100045694608415033e+03
1.100044278229865085e+03
1.100043089674729572e+03
1.100042094774659517e+03
1.100041264484555995e+03
1.100040574114858600e+03
1.100040002678688779e+03
1.100039532336739740e+03
1.100039147925319412e+03
1.100038836555117314e+03
1.100038587270114022e+03
1.100047021183647075e+03
1.100053423453350661e+03
1.100058881741525965e+03
1.100063537268300706e+03
1.100067510216095570e+03
1.100070902829272882e+03
1.100073802070425927e+03
1.100076281891494091e+03
1.100078405172363091e+03
1.100080225373683788e+03
1.100081787944848656e+03
1.100083131522662597e+03
1.100084288951375129e+03
1.100085288150423366e+03
1.100086152852451278e+03
1.100086903230899452e+03
1.100087556433617465e+03
1.100088127036540072e+03
1.100088627429373901e+03
1.100089068143470513e+03
1.100089458130538787e+03
1.100089804999571243e+03
1.100090115218233450e+03
1.100090394284057311e+03
1.100090646869953389e+03
1.100090876947901052e+03
1.100091087894086968e+03
1.100091282578271375e+03
1.100091463439752033e+03
1.100091632551933117e+03
1.100091791677208676e+03
1.100091942313614027e+03
1.100092085734479269e+03
1.100092223022134704e+03
1.100092355096562187e+03
1.100092482739745265e+03
1.100092606616371086e+03
1.100092727291422761e+03
1.100092845245136914e+03
1.100092960885713410e+03
1.100084443237104551e+03
1.100076710855877081e+03
1.100068978474649612e+03
1.100061246093422142e+03
1.100053513712194672e+03
1.100045781330967202e+03
1.100038048949739732e+03
1.100030316568512262e+03
1.100022584187284792e+03
1.100014851806057322e+03
1.100007119424829853e+03
1.099999387043602383e+03
1.099991654662374913e+03
1.099983922281147443e+03
1.099976189899919973e+03
1.099968457518692503e+03
1.099960725137465033e+03
1.099952992756237563e+03
1.099945260375010093e+03
1.099937527993782624e+03
1.099921215499264690e+03
1.099906966202095191e+03
1.099893691217585911e+03
1.099881245411628925e+03
1.099869505093732414e+03
1.099858364908592648e+03
1.099847735157184616e+03
1.099837539495738611e+03
1.099827712964157627e+03
1.099818200299808268e+03
1.099808954497354307e+03
1.099799935580014562e+03
1.099791109552031457e+03
1.099782447506173639e+03
1.099773924863683760e+03
1.099765520727253033e+03
1.099757217330374942e+03
1.099748999568829959e+03
1.099740854602118588e+03
1.099732771514453361e+03
1.099733371354917836e+03
1.099731935182493089e+03
1.099729553578613377e+03
1.099726368530103173e+03
1.099722500718702349e+03
1.099718052703077774e+03
1.099713111633413973e+03
1.099707751563610827e+03
1.099702035418684318e+03
1.099696016667637650e+03
1.099689740745282506e+03
1.099683246260367241e+03
1.099676566021977351e+03
1.099669727911486689e+03
1.099662755623279281e+03
1.099655669294006884e+03
1.099648486037167004e+03
1.099641220397267489e+03
1.099633884735693982e+03
1.099626489558560706e+03
1.099619043795288007e+03
1.099611555035313586e+03
1.099604029729244985e+03
1.099596473359796846e+03
1.099588890587056540e+03
1.099581285371938748e+03
1.099573661081105456e+03
1.099566020576134633e+03
1.099558366289307060e+03
1.099550700288016742e+03
1.099543024329517038e+03
1.099535339907449725e+03
1.099527648291394371e+03
1.099519950560480083e+03
1.099512247631959326e+03
1.099504540285489156e+03
1.099496829183774253e+03
1.099489114890109931e+03
1.099481397883294903e+03
1.099473678570305992e+03
1.099465957297073146e+03
1.099458236223659696e+03
1.099450515150246247e+03
1.099442794076833025e+03
1.099435073003419802e+03
1.099427351930006353e+03
1.099419630856592903e+03
1.099411909783179681e+03
1.099404188709766458e+03
1.099396467636353009e+03
1.099388746562939559e+03
1.099381025489526337e+03
1.099373304416113115e+03
1.099365583342699665e+03
1.099357862269286215e+03
1.099350141195872993e+03
1.099342420122459771e+03
1.099334699049046321e+03
1.099326977975632872e+03
1.099319256902219649e+03
1.099302955603309783e+03
1.099288717532037936e+03
1.099275453788789946e+03
1.099263019236301716e+03
1.099251290181633976e+03
1.099240161267573285e+03
1.099229542793594874e+03
1.099219358414743056e+03
1.099209543169978360e+03
1.099200041795911829e+03
1.099190807286600148e+03
1.099181799664768732e+03
1.099172984934259603e+03
1.099164334187513077e+03
1.099155822845502371e+03
1.099147430010696098e+03
1.099139137916404025e+03
1.099130931458252689e+03
1.099122797795614588e+03
1.099114726012596520e+03
1.099115337196680457e+03
1.099113912365153510e+03
1.099111542100069528e+03
1.099108368387773908e+03
1.099104511909820758e+03
1.099100075224876946e+03
1.099095145483242504e+03
1.099089796738999212e+03
1.099084091917376782e+03
1.099078084487604656e+03
1.099071819884717115e+03
1.099065336717674427e+03
1.099058667795759675e+03
1.099051841000524519e+03
1.099044880026514193e+03
1.099037805010523243e+03
1.099030633066174460e+03
1.099023378738086649e+03
1.099016054387740951e+03
1.099008670521335034e+03
1.099001236068360640e+03
1.098993758618317543e+03
1.098986244621867627e+03
1.098978699561770327e+03
1.098971128098152576e+03
1.098963534191962708e+03
1.098955921209891585e+03
1.098948292013541504e+03
1.098940649035214165e+03
1.098932994342321763e+03
1.098925329692132664e+03
1.098917656578302058e+03
1.098909976270419747e+03
1.098902289847625298e+03
1.098894598227177994e+03
1.098886902188743079e+03
1.098879202395030006e+03
1.098871499409339549e+03
1.098863793710474283e+03
1.098856085705414898e+03
1.098848375740094070e+03
1.098840665974594231e+03
1.098832956209094391e+03
1.098825246443594551e+03
1.098817536678094712e+03
1.098809826912594872e+03
1.098802117147095032e+03
1.098794407381595192e+03
1.098786697616095353e+03
1.098778987850595513e+03
1.098771278085095673e+03
1.098763568319595834e+03
1.098755858554095994e+03
1.098748148788596154e+03
1.098740439023096314e+03
1.098732729257596475e+03
1.098725019492096635e+03
1.098717309726596795e+03
1.098709599961096956e+03
1.098701890195597116e+03
1.098685600092504956e+03
1.098671373247313795e+03
1.098658120745497854e+03
1.098645697446638451e+03
1.098633979655350231e+03
1.098622862012511632e+03
1.098612254816099266e+03
1.098602081719973285e+03
1.098592277762150843e+03
1.098582787678489467e+03
1.098573564462438526e+03
1.098564568136231173e+03
1.098555764703309251e+03
1.098547125255785659e+03
1.098538625214363719e+03
1.098530243681289903e+03
1.098521962889690258e+03
1.098513767735037845e+03
1.098505645376578286e+03
1.098497584898311061e+03
1.098498207426006502e+03
1.098496793935395317e+03
1.098494435009137305e+03
1.098491272633097651e+03
1.098487427488641288e+03
1.098483002134435310e+03
1.098478083720893437e+03
1.098472746302278892e+03
1.098467052804034665e+03
1.098461056695614161e+03
1.098454803412274714e+03
1.098448331563188276e+03
1.098441673957833473e+03
1.098434858477941589e+03
1.098427908818218384e+03
1.098420845115599832e+03
1.098413684483834686e+03
1.098406441467652030e+03
1.098399128428628273e+03
1.098391755873044303e+03
1.098384332730463939e+03
1.098376866590449254e+03
1.098369363903714202e+03
1.098361830153064830e+03
1.098354269998667178e+03
1.098346687401503004e+03
1.098339085728291820e+03
1.098331467840660480e+03
1.098323836170931600e+03
1.098316192786535794e+03
1.098308539444755979e+03
1.098300877639260307e+03
1.098293208639649947e+03
1.098285533525074015e+03
1.098277853212799755e+03
1.098270168482498320e+03
1.098262479996886213e+03
1.098254788319268300e+03
1.098247093928451932e+03
1.098239397231421208e+03
1.098231698574111761e+03
1.098224000116624666e+03
1.098216301659137571e+03
1.098208603201650476e+03
1.098200904744163381e+03
1.098193206286676286e+03
1.098185507829189191e+03
1.098177809371702097e+03
1.098170110914215002e+03
1.098162412456727907e+03
1.098154713999240812e+03
1.098147015541753717e+03
1.098139317084266622e+03
1.098131618626779527e+03
1.098123920169292433e+03
1.098116221711805338e+03
1.098108523254318243e+03
1.098100824796831148e+03
1.098093126339344053e+03
1.098085427881856958e+03
1.098069148974792597e+03
1.098054933355864478e+03
1.098041692095651115e+03
1.098029280050580610e+03
1.098017573522823113e+03
1.098006467151349625e+03
1.097995871232639729e+03
1.097985709419369869e+03
1.097975916748615873e+03
1.097966437955481979e+03
1.097957226032810013e+03
1.097948241002342684e+03
1.097939448867121200e+03
1.097930820718931272e+03
1.097922331978207467e+03
1.097913961746974337e+03
1.097905692258173076e+03
1.097897508407125315e+03
1.097889397352948663e+03
1.097881348179535735e+03
1.097881982050834495e+03
1.097880579901157489e+03
1.097878232313756371e+03
1.097875081274013155e+03
1.097871247463102918e+03
1.097866833439691391e+03
1.097861926354306206e+03
1.097856600261388621e+03
1.097850918086595129e+03
1.097844933299603326e+03
1.097838691335892463e+03
1.097832230804845267e+03
1.097825584516137042e+03
1.097818780351676196e+03
1.097811842006328789e+03
1.097804789617173583e+03
1.097797640298084389e+03
1.097790408593900111e+03
1.097783106866292201e+03
1.097775745621625219e+03
1.097768333789534381e+03
1.097760878959643605e+03
1.097753387582720052e+03
1.097745865141615468e+03
1.097738316296535004e+03
1.097730745008494068e+03
1.097723154644240367e+03
1.097715548065425992e+03
1.097707927704394478e+03
1.097700295628593040e+03
1.097692653595320735e+03
1.097685003098258676e+03
1.097677345407019175e+03
1.097669681600760214e+03
1.097662012596757222e+03
1.097654339174688857e+03
1.097646661997276397e+03
1.097638981627830390e+03
1.097631298545162053e+03
1.097623613156259125e+03
1.097615925807059966e+03
1.097608238657684524e+03
1.097600551508309081e+03
1.097592864358933639e+03
1.097585177209558196e+03
1.097577490060182754e+03
1.097569802910807311e+03
1.097562115761431869e+03
1.097554428612056427e+03
1.097546741462680984e+03
1.097539054313305542e+03
1.097531367163930099e+03
1.097523680014554657e+03
1.097515992865179214e+03
1.097508305715803772e+03
1.097500618566428329e+03
1.097492931417052887e+03
1.097485244267677444e+03
1.097477557118302002e+03
1.097469869968926560e+03
1.097453602258098954e+03
1.097439397865617366e+03
1.097426167847176885e+03
1.097413767056054439e+03
1.097402071791977960e+03
1.097390976692012600e+03
1.097380392051141371e+03
1.097370241520858372e+03
1.097360460137299015e+03
1.097350992634814475e+03
1.097341792005640173e+03
1.097332818271028373e+03
1.097324037433620560e+03
1.097315420584875483e+03
1.097306943144958950e+03
1.097298584215673827e+03
1.097290326029778043e+03
1.097282153482439753e+03
1.097274053732650145e+03
1.097266015864195651e+03
1.097266661079089772e+03
1.097265270270364908e+03
1.097262934021850469e+03
1.097259794318443937e+03
1.097255971841129849e+03
1.097251569148569615e+03
1.097246673391403419e+03
1.097241358624251689e+03
1.097235687772982374e+03
1.097229714307496351e+03
1.097223483663494335e+03
1.097217034450569827e+03
1.097210399478592990e+03
1.097203606629651176e+03
1.097196679598768924e+03
1.097189638523167559e+03
1.097182500516846403e+03
1.097175280124753272e+03
1.097167989708655341e+03
1.097160639775000163e+03
1.097153239253494348e+03
1.097145795733823206e+03
1.097138315666807330e+03
1.097130804535344396e+03
1.097123266999678208e+03
1.097115707020857826e+03
1.097108127965659605e+03
1.097100532695759966e+03
1.097092923643523136e+03
1.097085302876414517e+03
1.097077672151748402e+03
1.097070032963218409e+03
1.097062386580447992e+03
1.097054734082604682e+03
1.097047076386972094e+03
1.097039414273235025e+03
1.097031748404121345e+03
1.097024079342945697e+03
1.097016407568524073e+03
1.097008733487847621e+03
1.097001057446857658e+03
1.096993381605693003e+03
1.096985705764528348e+03
1.096978029923363465e+03
1.096970354082198583e+03
1.096962678241033927e+03
1.096955002399869272e+03
1.096947326558704390e+03
1.096939650717539507e+03
1.096931974876374852e+03
1.096924299035210197e+03
1.096916623194045314e+03
1.096908947352880432e+03
1.096901271511715777e+03
1.096893595670551122e+03
1.096885919829386239e+03
1.096878243988221357e+03
1.096870568147056701e+03
1.096862892305892046e+03
1.096855216464727164e+03
1.096838959950345725e+03
1.096824766784493249e+03
1.096811548007995953e+03
1.096799158470981183e+03
1.096787474470736015e+03
1.096776390642421347e+03
1.096765817279525436e+03
1.096755678032360038e+03
1.096745907936121057e+03
1.096736451724407516e+03
1.096727262388849567e+03
1.096718299950208575e+03
1.096709530410727211e+03
1.096700924861537942e+03
1.096692458722537822e+03
1.096684111095308253e+03
1.096675864212423903e+03
1.096667702968900358e+03
1.096659614523601931e+03
1.096651587960208872e+03
1.096652244518689940e+03
1.096650865050935181e+03
1.096648540141337435e+03
1.096645411774308286e+03
1.096641600630638777e+03
1.096637209268986680e+03
1.096632324840102683e+03
1.096627021398785018e+03
1.096621361871112867e+03
1.096615399727209706e+03
1.096609180402996572e+03
1.096602742508277743e+03
1.096596118853117559e+03
1.096589337319781407e+03
1.096582421603453668e+03
1.096575391841496867e+03
1.096568265148035607e+03
1.096561056068126163e+03
1.096553776963632345e+03
1.096546438341083331e+03
1.096539049130257581e+03
1.096531616920902025e+03
1.096524148163890459e+03
1.096516648342165809e+03
1.096509122116010758e+03
1.096501573446508246e+03
1.096494005700462822e+03
1.096486421739575690e+03
1.096478823996231540e+03
1.096471214537913738e+03
1.096463595121951812e+03
1.096455967242052111e+03
1.096448332167849458e+03
1.096440690978520024e+03
1.096433044591356065e+03
1.096425393786048971e+03
1.096417739225332525e+03
1.096410081472526372e+03
1.096402421006450140e+03
1.096394758234098845e+03
1.096387093501417212e+03
1.096379428968561797e+03
1.096371764435706382e+03
1.096364099902850967e+03
1.096356435369995552e+03
1.096348770837140137e+03
1.096341106304284722e+03
1.096333441771429307e+03
1.096325777238573892e+03
1.096318112705718477e+03
1.096310448172863062e+03
1.096302783640007647e+03
1.096295119107152232e+03
1.096287454574296817e+03
1.096279790041441402e+03
1.096272125508585987e+03
1.096264460975730572e+03
1.096256796442875157e+03
1.096249131910019742e+03
1.096241467377164327e+03
1.096225222059438011e+03
1.096211040120397001e+03
1.096197832586012737e+03
1.096185454303265487e+03
1.096173781567002152e+03
1.096162709010480512e+03
1.096152146925695433e+03
1.096142018961777922e+03
1.096132260152985054e+03
1.096122815232164157e+03
1.096113637190340569e+03
1.096104686047785663e+03
1.096095927806343525e+03
1.096087333556820568e+03
1.096078878718845544e+03
1.096070542393779078e+03
1.096062306814012118e+03
1.096054156874408818e+03
1.096046079733705483e+03
1.096038064475477313e+03
1.096038732377537144e+03
1.096037364250769997e+03
1.096035050680118957e+03
1.096031933649507437e+03
1.096028133839532074e+03
1.096023753808844504e+03
1.096018880708305460e+03
1.096013588592890301e+03
1.096007940388887846e+03
1.096001989566643942e+03
1.095995781562299726e+03
1.095989354985868886e+03
1.095982742647611076e+03
1.095975972429968124e+03
1.095969068028283800e+03
1.095962049580062057e+03
1.095954934199551872e+03
1.095947736431919566e+03
1.095940468639122628e+03
1.095933141327774365e+03
1.095925763427723723e+03
1.095918342528779249e+03
1.095910885081867946e+03
1.095903396569977758e+03
1.095895881653430934e+03
1.095888344293343380e+03
1.095880787856548295e+03
1.095873215204771213e+03
1.095865628770417288e+03
1.095858030620988529e+03
1.095850422513828562e+03
1.095842805942657378e+03
1.095835182177120487e+03
1.095827552296403610e+03
1.095819917217806733e+03
1.095812277721028295e+03
1.095804634468807080e+03
1.095796988024468646e+03
1.095789338866836488e+03
1.095781687402909029e+03
1.095774033978633952e+03
1.095766380754186457e+03
1.095758727529738962e+03
1.095751074305291468e+03
1.095743421080843973e+03
1.095735767856396478e+03
1.095728114631948984e+03
1.095720461407501489e+03
1.095712808183053994e+03
1.095705154958606499e+03
1.095697501734159005e+03
1.095689848509711510e+03
1.095682195285264015e+03
1.095674542060816520e+03
1.095666888836369026e+03
1.095659235611921531e+03
1.095651582387474036e+03
1.095643929163026542e+03
1.095636275938579047e+03
1.095628622714131552e+03
1.095612388593269770e+03
1.095598217881222581e+03
1.095585021589121652e+03
1.095572654560800402e+03
1.095560993088668738e+03
1.095549931804083371e+03
1.095539380997544868e+03
1.095529264317005982e+03
1.095519516795784511e+03
1.095510083165977903e+03
1.095500916418006454e+03
1.095491976571652913e+03
1.095483229628363006e+03
1.095474646678616637e+03
1.095466203141775850e+03
1.095457878118979352e+03
1.095449653842436192e+03
1.095441515206857503e+03
1.095433449370853623e+03
1.095425445417892888e+03
1.095426124663522842e+03
1.095424767877761042e+03
1.095422465646086494e+03
1.095419359951932393e+03
1.095415571475699835e+03
1.095411202776032951e+03
1.095406341003902071e+03
1.095401060214456948e+03
1.095395423334197176e+03
1.095389483833689383e+03
1.095383287149294119e+03
1.095376871891234032e+03
1.095370270869963633e+03
1.095363511968100966e+03
1.095356618881148506e+03
1.095349611746752316e+03
1.095342507679285063e+03
1.095335321224021982e+03
1.095328064743016512e+03
1.095320748742962905e+03
1.095313382153782186e+03
1.095305972565344518e+03
1.095298526428629202e+03
1.095291049226670111e+03
1.095283545619827919e+03
1.095276019569252412e+03
1.095268474441804756e+03
1.095260913099234585e+03
1.095253337973969110e+03
1.095245751133526483e+03
1.095238154335266472e+03
1.095230549072921804e+03
1.095222936616148218e+03
1.095215318044142123e+03
1.095207694274210553e+03
1.095200066086058541e+03
1.095192434142431466e+03
1.095184799006659205e+03
1.095177161157569117e+03
1.095169521002163947e+03
1.095161878886394106e+03
1.095154236970452985e+03
1.095146595054511863e+03
1.095138953138570741e+03
1.095131311222629620e+03
1.095123669306688498e+03
1.095116027390747377e+03
1.095108385474806255e+03
1.095100743558865133e+03
1.095093101642924012e+03
1.095085459726982890e+03
1.095077817811041768e+03
1.095070175895100647e+03
1.095062533979159525e+03
1.095054892063218404e+03
1.095047250147277282e+03
1.095039608231336160e+03
1.095031966315395039e+03
1.095024324399453917e+03
1.095016682483512795e+03
1.095000459559723822e+03
1.094986300074853034e+03
1.094973115025204834e+03
1.094960759251469199e+03
1.094949109043619501e+03
1.094938059031112061e+03
1.094927519502956329e+03
1.094917414105925445e+03
1.094907677872401337e+03
1.094898255533729980e+03
1.094889100079728905e+03
1.094880171529692007e+03
1.094871435884666425e+03
1.094862864234807375e+03
1.094854431999209055e+03
1.094846118278790073e+03
1.094837905305575987e+03
1.094829777974126728e+03
1.094821723442925986e+03
1.094813730795336369e+03
1.094814421384527122e+03
1.094813075939788405e+03
1.094810785047120135e+03
1.094807690689463470e+03
1.094803913547022375e+03
1.094799556178432795e+03
1.094794705734771924e+03
1.094789436271365503e+03
1.094783810714920264e+03
1.094777882536224979e+03
1.094771697171858250e+03
1.094765293232251679e+03
1.094758703528053047e+03
1.094751955942057748e+03
1.094745074169926284e+03
1.094738078349445232e+03
1.094730985595112315e+03
1.094723810452311227e+03
1.094716565283189539e+03
1.094709260594525176e+03
1.094701905316309194e+03
1.094694507038473375e+03
1.094687072212050225e+03
1.094679606320118182e+03
1.094672114023077484e+03
1.094664599282110657e+03
1.094657065464107291e+03
1.094649515430842030e+03
1.094641951614761865e+03
1.094634376083403367e+03
1.094626790594141312e+03
1.094619196640720702e+03
1.094611595492809329e+03
1.094603988229611559e+03
1.094596375768443295e+03
1.094588758889016390e+03
1.094581138254081225e+03
1.094573514426973134e+03
1.094565887886524024e+03
1.094558259039739141e+03
1.094550628232572535e+03
1.094542997625236012e+03
1.094535367017899489e+03
1.094527736410562966e+03
1.094520105803226443e+03
1.094512475195889920e+03
1.094504844588553397e+03
1.094497213981216873e+03
1.094489583373880350e+03
1.094481952766543827e+03
1.094474322159207304e+03
1.094466691551870781e+03
1.094459060944534258e+03
1.094451430337197735e+03
1.094443799729861212e+03
1.094436169122524689e+03
1.094428538515188166e+03
1.094420907907851642e+03
1.094413277300515119e+03
1.094405646693178596e+03
1.094389434966671388e+03
1.094375286709159354e+03
1.094362112902133276e+03
1.094349768383142191e+03
1.094338129439724071e+03
1.094327090699436894e+03
1.094316562449799449e+03
1.094306468336406851e+03
1.094296743390704933e+03
1.094287332343290245e+03
1.094278188183377324e+03
1.094269270929771665e+03
1.094260546583122959e+03
1.094251986233261277e+03
1.094243565299014335e+03
1.094235262881079507e+03
1.094227061211300452e+03
1.094218945184085214e+03
1.094210901957791066e+03
1.094202920615674657e+03
1.094203622548418252e+03
1.094202288444719443e+03
1.094200008891086554e+03
1.094196925869967572e+03
1.094193160061366825e+03
1.094188814023910027e+03
1.094183974908781920e+03
1.094178716771481504e+03
1.094173102538923786e+03
1.094167185682116951e+03
1.094161011637858337e+03
1.094154619016787819e+03
1.094148040629745992e+03
1.094141304359704691e+03
1.094134433902482670e+03
1.094127449396007250e+03
1.094120367954899621e+03
1.094113204124652611e+03
1.094105970267508610e+03
1.094098676890326942e+03
1.094091332923170285e+03
1.094083945956031812e+03
1.094076522439995870e+03
1.094069067858187282e+03
1.094061586871044028e+03
1.094054083439782517e+03
1.094046560931320755e+03
1.094039022207457037e+03
1.094031469700659727e+03
1.094023905478482675e+03
1.094016331298316118e+03
1.094008748653917564e+03
1.094001158814965493e+03
1.093993562860674274e+03
1.093985961708367086e+03
1.093978356137763058e+03
1.093970746811618028e+03
1.093963134293272333e+03
1.093955519061561972e+03
1.093947901523495602e+03
1.093940282025030911e+03
1.093932662726397211e+03
1.093925043427763512e+03
1.093917424129130040e+03
1.093909804830496569e+03
1.093902185531862870e+03
1.093894566233229170e+03
1.093886946934595699e+03
1.093879327635962227e+03
1.093871708337328528e+03
1.093864089038694829e+03
1.093856469740061357e+03
1.093848850441427885e+03
1.093841231142794186e+03
1.093833611844160487e+03
1.093825992545527015e+03
1.093818373246893543e+03
1.093810753948259844e+03
1.093803134649626145e+03
1.093795515350992673e+03
1.093779314821975504e+03
1.093765177792004124e+03
1.093752015227769789e+03
1.093739681963681733e+03
1.093728054284845257e+03
1.093717026816919997e+03
1.093706509845936125e+03
1.093696427016311873e+03
1.093686713358557199e+03
1.093677313602520599e+03
1.093668180736813383e+03
1.093659274779753332e+03
1.093650561731593825e+03
1.093642012681839788e+03
1.093633603049051999e+03
1.093625311933708190e+03
1.093617121567469439e+03
1.093609016844592588e+03
1.093600984923308260e+03
1.093593014886768515e+03
1.093593728163055175e+03
1.093592405400413782e+03
1.093590137185845833e+03
1.093587065501303869e+03
1.093583311026591673e+03
1.093578976320323818e+03
1.093574148533790321e+03
1.093568901722663895e+03
1.093563298814066002e+03
1.093557393279223788e+03
1.093551230555152642e+03
1.093544849252700033e+03
1.093538282182899820e+03
1.093531557228898919e+03
1.093524698086674789e+03
1.093517724894294815e+03
1.093510654766503649e+03
1.093503502248902805e+03
1.093496279703829487e+03
1.093488997638224419e+03
1.093481664982221673e+03
1.093474289325875361e+03
1.093466877120322579e+03
1.093459433848732715e+03
1.093451964171583768e+03
1.093444472050123977e+03
1.093436960851300455e+03
1.093429433436935597e+03
1.093421892239518229e+03
1.093414339326619938e+03
1.093406776455645740e+03
1.093399205120367014e+03
1.093391626590472242e+03
1.093384041945185118e+03
1.093376452101836776e+03
1.093368857840153396e+03
1.093361259822896727e+03
1.093353658613410971e+03
1.093346054690537130e+03
1.093338448461287953e+03
1.093330840271622492e+03
1.093323232281789615e+03
1.093315624291956738e+03
1.093308016302124088e+03
1.093300408312291438e+03
1.093292800322458561e+03
1.093285192332625684e+03
1.093277584342793034e+03
1.093269976352960384e+03
1.093262368363127507e+03
1.093254760373294630e+03
1.093247152383461980e+03
1.093239544393629330e+03
1.093231936403796453e+03
1.093224328413963576e+03
1.093216720424130926e+03
1.093209112434298277e+03
1.093201504444465400e+03
1.093193896454632522e+03
1.093186288464799873e+03
1.093170099133481699e+03
1.093155973331232190e+03
1.093142822009959218e+03
1.093130500000932898e+03
1.093118883586827678e+03
1.093107867391406444e+03
1.093097361699211433e+03
1.093087290153485128e+03
1.093077587783802528e+03
1.093068199319264522e+03
1.093059077747880792e+03
1.093050183087480946e+03
1.093041481337922733e+03
1.093032943588386388e+03
1.093024545257166210e+03
1.093016265444520286e+03
1.093008086381927342e+03
1.092999992963493014e+03
1.092991972347322417e+03
1.092984013616461198e+03
1.092984738236282055e+03
1.092983426814714903e+03
1.092981169939240999e+03
1.092978109591315615e+03
1.092974366450540401e+03
1.092970043075517196e+03
1.092965226617641292e+03
1.092959991132755704e+03
1.092954399548189485e+03
1.092948505335387836e+03
1.092942353931583511e+03
1.092935983947831119e+03
1.092929428195357104e+03
1.092922714557483459e+03
1.092915866730344987e+03
1.092908904852149817e+03
1.092901846037766290e+03
1.092894704832903699e+03
1.092887493599993832e+03
1.092880222846059496e+03
1.092872901501305023e+03
1.092865537155845459e+03
1.092858136260870879e+03
1.092850704299596146e+03
1.092843245932537229e+03
1.092835765120975566e+03
1.092828265231886689e+03
1.092820749127117551e+03
1.092813219239176988e+03
1.092805677635655002e+03
1.092798126073970934e+03
1.092790566047908669e+03
1.092782998827168512e+03
1.092775425490983025e+03
1.092767846956691528e+03
1.092760264004026340e+03
1.092752677295755120e+03
1.092745087395227984e+03
1.092737494781288433e+03
1.092729899860953310e+03
1.092722302980185532e+03
1.092714706299251475e+03
1.092707109618317418e+03
1.092699512937383361e+03
1.092691916256449304e+03
1.092684319575515246e+03
1.092676722894581189e+03
1.092669126213647132e+03
1.092661529532713075e+03
1.092653932851779018e+03
1.092646336170844961e+03
1.092638739489910904e+03
1.092631142808976847e+03
1.092623546128042790e+03
1.092615949447108733e+03
1.092608352766174676e+03
1.092600756085240619e+03
1.092593159404306562e+03
1.092585562723372504e+03
1.092577966042438447e+03
1.092561787909027089e+03
1.092547673334681804e+03
1.092534533256538680e+03
1.092522222502733030e+03
1.092510617353508223e+03
1.092499612430732896e+03
1.092489118017461806e+03
1.092479057755763051e+03
1.092469366674277580e+03
1.092459989501358905e+03
1.092450879224415530e+03
1.092441995860790939e+03
1.092433305409945433e+03
1.092424778960736603e+03
1.092416391931191811e+03
1.092408123421350183e+03
1.092399955662508319e+03
1.092391873548620651e+03
1.092383864237666330e+03
1.092375916812586411e+03
1.092376652775932143e+03
1.092375352695456058e+03
1.092373107159105530e+03
1.092370058147835607e+03
1.092366326341045578e+03
1.092362014297322958e+03
1.092357209168165582e+03
1.092351985009589043e+03
1.092346404749126123e+03
1.092340521858441207e+03
1.092334381774982603e+03
1.092328023110012282e+03
1.092321478674948594e+03
1.092314776353288380e+03
1.092307939841324696e+03
1.092300989277403687e+03
1.092293941776518523e+03
1.092286811884486269e+03
1.092279611963832394e+03
1.092272352521661787e+03
1.092265042488249719e+03
1.092257689453772173e+03
1.092250299869471291e+03
1.092242879218606731e+03
1.092235432161733570e+03
1.092227962660166440e+03
1.092220474080909071e+03
1.092212969285832287e+03
1.092205450707465388e+03
1.092197920413416114e+03
1.092190380161119265e+03
1.092182831444371232e+03
1.092175275532883006e+03
1.092167713505896472e+03
1.092160146280759363e+03
1.092152574637210137e+03
1.092144999238022365e+03
1.092137420646550936e+03
1.092129839341643674e+03
1.092122255730320830e+03
1.092114670158548051e+03
1.092107084786610358e+03
1.092099499414672664e+03
1.092091914042734970e+03
1.092084328670797277e+03
1.092076743298859583e+03
1.092069157926921889e+03
1.092061572554984195e+03
1.092053987183046502e+03
1.092046401811108808e+03
1.092038816439171114e+03
1.092031231067233421e+03
1.092023645695295727e+03
1.092016060323358033e+03
1.092008474951420339e+03
1.092000889579482646e+03
1.091993304207544952e+03
1.091985718835607258e+03
1.091978133463669565e+03
1.091970548091731871e+03
1.091954381156435602e+03
1.091940277810175758e+03
1.091927148975332329e+03
1.091914849476905374e+03
1.091903255592709911e+03
1.091892261942721916e+03
1.091881778808510035e+03
1.091871729830968206e+03
1.091862050037804465e+03
1.091852684156625628e+03
1.091843585174239934e+03
1.091834713107504285e+03
1.091826033955484036e+03
1.091817518806712314e+03
1.091809143078951138e+03
1.091800885872019990e+03
1.091792729417034025e+03
1.091784658607797383e+03
1.091776660602162565e+03
1.091768724482966263e+03
1.091769471789827321e+03
1.091768183050459129e+03
1.091765948853260170e+03
1.091762911178685727e+03
1.091759190705928404e+03
1.091754889993561846e+03
1.091750096193185527e+03
1.091744883360984431e+03
1.091739314424697113e+03
1.091733442856204420e+03
1.091727314093170662e+03
1.091720966747064494e+03
1.091714433629495034e+03
1.091707742624134653e+03
1.091700917427432614e+03
1.091693978177875806e+03
1.091686941990579498e+03
1.091679823411468988e+03
1.091672634803164101e+03
1.091665386672850900e+03
1.091658087950875142e+03
1.091650746227473746e+03
1.091643367953941606e+03
1.091635958613583171e+03
1.091628522866991716e+03
1.091621064675515072e+03
1.091613587406185388e+03
1.091606093920896910e+03
1.091598586652200765e+03
1.091591067667721518e+03
1.091583538724908749e+03
1.091576001317572263e+03
1.091568456715433058e+03
1.091560905997743021e+03
1.091553350081857161e+03
1.091545789747521439e+03
1.091538225657514431e+03
1.091530658375195799e+03
1.091523088379418368e+03
1.091515516077205348e+03
1.091507941814525111e+03
1.091500367751681324e+03
1.091492793688837764e+03
1.091485219625994205e+03
1.091477645563150418e+03
1.091470071500306631e+03
1.091462497437463071e+03
1.091454923374619511e+03
1.091447349311775724e+03
1.091439775248931937e+03
1.091432201186088378e+03
1.091424627123244818e+03
1.091417053060401031e+03
1.091409478997557244e+03
1.091401904934713684e+03
1.091394330871870125e+03
1.091386756809026338e+03
1.091379182746182551e+03
1.091371608683338991e+03
1.091364034620495431e+03
1.091347878883522071e+03
1.091333786765529567e+03
1.091320669174154318e+03
1.091308380931264310e+03
1.091296798312247802e+03
1.091285815935188793e+03
1.091275344080170271e+03
1.091265306386914517e+03
1.091255637882196879e+03
1.091246283292879070e+03
1.091237195605168381e+03
1.091228334835435817e+03
1.091219666982352237e+03
1.091211163134126991e+03
1.091202798708256978e+03
1.091194552804342720e+03
1.091186407653317701e+03
1.091178348148835539e+03
1.091170361448623225e+03
1.091162436635412405e+03
1.091163195285779238e+03
1.091161917887535537e+03
1.091159695029517707e+03
1.091156668691677169e+03
1.091152959553000755e+03
1.091148670172045058e+03
1.091143887700511186e+03
1.091138686194753063e+03
1.091133128582712970e+03
1.091127268336487532e+03
1.091121150893957974e+03
1.091114814866796905e+03
1.091108293066806027e+03
1.091101613377831200e+03
1.091094799496479027e+03
1.091087871561375550e+03
1.091080846687758822e+03
1.091073739421661685e+03
1.091066562125797873e+03
1.091059325307435302e+03
1.091052037896989759e+03
1.091044707484759329e+03
1.091037340522090517e+03
1.091029942492333475e+03
1.091022518056119225e+03
1.091015071174829473e+03
1.091007605215523199e+03
1.091000123040120116e+03
1.090992627081191131e+03
1.090985119406378544e+03
1.090977601773146489e+03
1.090970075675318185e+03
1.090962542382625088e+03
1.090955002974328863e+03
1.090947458367791569e+03
1.090939909342766214e+03
1.090932356562037512e+03
1.090924800588969219e+03
1.090917241902418709e+03
1.090909680909412828e+03
1.090902117955922904e+03
1.090894555202270794e+03
1.090886992448618457e+03
1.090879429694966120e+03
1.090871866941314011e+03
1.090864304187661901e+03
1.090856741434009564e+03
1.090849178680357227e+03
1.090841615926705117e+03
1.090834053173053007e+03
1.090826490419400670e+03
1.090818927665748333e+03
1.090811364912096224e+03
1.090803802158444114e+03
1.090796239404791777e+03
1.090788676651139440e+03
1.090781113897487330e+03
1.090773551143835221e+03
1.090765988390182883e+03
1.090758425636530546e+03
1.090742281098088370e+03
1.090728200208543967e+03
1.090715093860805609e+03
1.090702816873610345e+03
1.090691245519921949e+03
1.090680274415932900e+03
1.090669813840243251e+03
1.090659787431402719e+03
1.090650130215255786e+03
1.090640786917918831e+03
1.090631710524999562e+03
1.090622861052384678e+03
1.090614204498348727e+03
1.090605711950779778e+03
1.090597358826908703e+03
1.090589124226116837e+03
1.090580990379157583e+03
1.090572942179533584e+03
1.090564966784846547e+03
1.090557053277722844e+03
1.090557823271586130e+03
1.090556557214483291e+03
1.090554345695674556e+03
1.090551330694607032e+03
1.090547632890059731e+03
1.090543354840570146e+03
1.090538583697940339e+03
1.090533393518692037e+03
1.090527847230969883e+03
1.090521998307088097e+03
1.090515892185140729e+03
1.090509567477006613e+03
1.090503056994678445e+03
1.090496388622175573e+03
1.090489586056260805e+03
1.090482669435699790e+03
1.090475655875852908e+03
1.090468559922860550e+03
1.090461393939530353e+03
1.090454168433211180e+03
1.090446892334389986e+03
1.090439573233424426e+03
1.090432217581714212e+03
1.090424830862653607e+03
1.090417417736912057e+03
1.090409982165904466e+03
1.090402527516718237e+03
1.090395056651296500e+03
1.090387572002230854e+03
1.090380075637181335e+03
1.090372569313627309e+03
1.090365054525403593e+03
1.090357532542254148e+03
1.090350004443448142e+03
1.090342471146356729e+03
1.090334933430739056e+03
1.090327391959385295e+03
1.090319847295664886e+03
1.090312299918438839e+03
1.090304750234737185e+03
1.090288616695194150e+03
1.090273265021987072e+03
1.090257913348779994e+03
1.090242561675572915e+03
1.090227210002365837e+03
1.090211858329158758e+03
1.090196506655951680e+03
1.090181154982744602e+03
1.090165803309537523e+03
1.090150451636330445e+03
1.090135099963123366e+03
1.090119748289916288e+03
1.090104396616709209e+03
1.090089044943502131e+03
1.090073693270295053e+03
1.090058341597087974e+03
1.090042989923880896e+03
1.090027638250673817e+03
1.090012286577466739e+03
1.089996934904259660e+03
1.089973104228443844e+03
1.089951310201195383e+03
1.089930477232569046e+03
1.089910462749478938e+03
1.089891145079908256e+03
1.089872420469572035e+03
1.089854200497311240e+03
1.089836409845489925e+03
1.089818984382788358e+03
1.089801869519623324e+03
1.089785018800038415e+03
1.089768392697804984e+03
1.089751957588267487e+03
1.089735684871050580e+03
1.089719550222023827e+03
1.089703532955830724e+03
1.089687615482885349e+03
1.089671782847009581e+03
1.089656022331848590e+03
1.089640323125915984e+03
1.089633254927439111e+03
1.089624158554166115e+03
1.089614120955423004e+03
1.089603284023430888e+03
1.089591768210484361e+03
1.089579675772612745e+03
1.089567093525058453e+03
1.089554095180917784e+03
1.089540743335008756e+03
1.089527091146410157e+03
1.089513183765369376e+03
1.089499059543496742e+03
1.089484751060288772e+03
1.089470285994008464e+03
1.089455687860646321e+03
1.089440976641066300e+03
1.089426169313346236e+03
1.089411280304720549e+03
1.089396321875326066e+03
1.089381304444085345e+03
1.089366236865487735e+03
1.089351126664690355e+03
1.089335980237235844e+03
1.089320803018724519e+03
1.089305599628975415e+03
1.089290373994513857e+03
1.089275129452653346e+03
1.089259868839944147e+03
1.089244594567330523e+03
1.089229308684028410e+03
1.089214012931807474e+03
1.089198708791125000e+03
1.089183397520337621e+03
1.089168080189023613e+03
1.089152757706307511e+03
1.089137430844932396e+03
1.089122100261720561e+03
1.089106766514965102e+03
1.089091430079209204e+03
1.089076091357812629e+03
1.089060750693627597e+03
1.089045410227796310e+03
1.089030069761965024e+03
1.089014729296133737e+03
1.088999388830302451e+03
1.088984048364471164e+03
1.088968707898639877e+03
1.088953367432808591e+03
1.088938026966977304e+03
1.088922686501146018e+03
1.088907346035314731e+03
1.088892005569483445e+03
1.088876665103652158e+03
1.088861324637820871e+03
1.088845984171989585e+03
1.088830643706158298e+03
1.088815303240327012e+03
1.088799962774495725e+03
1.088784622308664439e+03
1.088769281842833152e+03
1.088745462187926478e+03
1.088723679229723075e+03
1.088702857353930995e+03
1.088682853983055566e+03
1.088663547441563196e+03
1.088644833972350170e+03
1.088626625151981671e+03
1.088608845660975703e+03
1.088591431366508687e+03
1.088574327677762767e+03
1.088557488137767223e+03
1.088540873219455762e+03
1.088524449297476622e+03
1.088508187770876020e+03
1.088492064315041716e+03
1.088476058244212936e+03
1.088460151968466107e+03
1.088444330531338892e+03
1.088428581216237035e+03
1.088412893211473374e+03
1.088405836328507803e+03
1.088396751250332272e+03
1.088386724936372275e+03
1.088375899279604710e+03
1.088364394733188192e+03
1.088352313554043803e+03
1.088339742558287298e+03
1.088326755459839205e+03
1.088313414854278562e+03
1.088299773901373783e+03
1.088285877751989801e+03
1.088271764758283325e+03
1.088257467500232906e+03
1.088243013656521953e+03
1.088228426743507498e+03
1.088213726742370909e+03
1.088198930631463782e+03
1.088184052838257230e+03
1.088169105623090900e+03
1.088154099405061743e+03
1.088139043038808495e+03
1.088123944049616057e+03
1.088108808833136209e+03
1.088093642825063171e+03
1.088078450645295106e+03
1.088063236220424869e+03
1.088048002887825078e+03
1.088032753484094201e+03
1.088017490420219474e+03
1.088002215745452304e+03
1.087986931201592370e+03
1.087971638269123787e+03
1.087956338206424334e+03
1.087941032083092068e+03
1.087925720808266533e+03
1.087910405154704677e+03
1.087895085779240617e+03
1.087879763240176999e+03
1.087864438012065875e+03
1.087849110498273831e+03
1.087825301666225187e+03
1.087802266485183281e+03
1.087779231304141604e+03
1.087756196123099926e+03
1.087733160942058021e+03
1.087710125761016116e+03
1.087687090579974438e+03
1.087664055398932760e+03
1.087641020217890855e+03
1.087617985036848950e+03
1.087594949855807272e+03
1.087571914674765594e+03
1.087548879493723689e+03
1.087525844312681784e+03
1.087502809131640106e+03
1.087479773950598428e+03
1.087456738769556523e+03
1.087433703588514618e+03
1.087410668407472940e+03
1.087387633226431262e+03
1.087356273688804094e+03
1.087326911345104463e+03
1.087298490700943603e+03
1.087270872662226566e+03
1.087243938355353748e+03
1.087217586289664496e+03
1.087191729884760207e+03
1.087166295327327589e+03
1.087141219721064772e+03
1.087116449494564449e+03
1.087091939034472944e+03
1.087067649514249752e+03
1.087043547892023753e+03
1.087019606054149790e+03
1.086995800083972654e+03
1.086972109637974199e+03
1.086948517413870150e+03
1.086925008697329531e+03
1.086901570975863706e+03
1.086878193610040626e+03
1.086863341889290723e+03
1.086846482299843501e+03
1.086828691488745108e+03
1.086810110390715408e+03
1.086790858493010319e+03
1.086771037122324060e+03
1.086750732225281354e+03
1.086730016719874357e+03
1.086708952484104884e+03
1.086687592038178082e+03
1.086665979967948260e+03
1.086644154129873414e+03
1.086622146671442124e+03
1.086599984895670559e+03
1.086577691993786402e+03
1.086555287666412596e+03
1.086532788650394878e+03
1.086510209165732476e+03
1.086487561294833540e+03
1.086464855304410321e+03
1.086442099918749363e+03
1.086419302551738610e+03
1.086396469503913522e+03
1.086373606129806603e+03
1.086350716980104835e+03
1.086327805922408970e+03
1.086304876243830449e+03
1.086281930738161691e+03
1.086258971779943295e+03
1.086236001387402212e+03
1.086213021275936399e+03
1.086190032903564543e+03
1.086167037509552983e+03
1.086144036147241650e+03
1.086121029711943720e+03
1.086098018964655921e+03
1.086075004552212704e+03
1.086051987024412711e+03
1.086028966848578193e+03
1.086005944421927779e+03
1.085982920082093415e+03
1.085959895937912734e+03
1.085936871793732280e+03
1.085913847649551826e+03
1.085890823505371145e+03
1.085867799361190464e+03
1.085844775217010010e+03
1.085821751072829557e+03
1.085798726928648875e+03
1.085775702784468194e+03
1.085752678640287741e+03
1.085729654496107287e+03
1.085706630351926606e+03
1.085683606207745925e+03
1.085660582063565471e+03
1.085637557919385017e+03
1.085614533775204336e+03
1.085591509631023655e+03
1.085568485486843201e+03
1.085545461342662747e+03
1.085514112580766550e+03
1.085484761078858355e+03
1.085456351308732565e+03
1.085428744170633308e+03
1.085401820786377129e+03
1.085375479661571262e+03
1.085349634212764158e+03
1.085324210624134139e+03
1.085299145997310006e+03
1.085274386759170739e+03
1.085249887294938617e+03
1.085225608776886020e+03
1.085201518162151160e+03
1.085177587336258057e+03
1.085153792381854601e+03
1.085130112954837159e+03
1.085106531752427600e+03
1.085083034059879992e+03
1.085059607364353724e+03
1.085036241026120024e+03
1.085021400523534794e+03
1.085004552113905447e+03
1.084986772463989837e+03
1.084968202510522133e+03
1.084948961742686834e+03
1.084929151488974867e+03
1.084908857697652820e+03
1.084888153288187596e+03
1.084867100139894774e+03
1.084845750774140470e+03
1.084824149777793309e+03
1.084802335008197815e+03
1.084780338613610866e+03
1.084758187897714606e+03
1.084735906052310156e+03
1.084713512778514087e+03
1.084691024813595732e+03
1.084668456377918346e+03
1.084645819554201580e+03
1.084623124609423257e+03
1.084600380268097297e+03
1.084577593944306955e+03
1.084554771938752083e+03
1.084531919606107294e+03
1.084509041497179624e+03
1.084486141479672142e+03
1.084463222840784738e+03
1.084440288374383044e+03
1.084417340455071326e+03
1.084394381101130648e+03
1.084371412028004670e+03
1.084348434693751415e+03
1.084325450337669736e+03
1.084302460013127984e+03
1.084279464615463439e+03
1.084256464905693520e+03
1.084233461530669274e+03
1.084210455040205034e+03
1.084187445901634874e+03
1.084164434512188564e+03
1.084141421209506461e+03
1.084118408102483500e+03
1.084095394995460083e+03
1.084072381888437121e+03
1.084049368781413705e+03
1.084026355674390743e+03
1.084003342567367326e+03
1.083980329460344365e+03
1.083957316353320948e+03
1.083934303246297986e+03
1.083911290139274570e+03
1.083888277032251608e+03
1.083865263925228192e+03
1.083842250818205230e+03
1.083819237711181813e+03
1.083796224604158851e+03
1.083773211497135435e+03
1.083750198390112473e+03
1.083727185283089057e+03
1.083704172176066095e+03
1.083672834190304684e+03
1.083643493530564911e+03
1.083615094634839807e+03
1.083587498397713716e+03
1.083560585936420694e+03
1.083534255752836771e+03
1.083508421260459500e+03
1.083483008640959042e+03
1.083457954993896010e+03
1.083433206744436120e+03
1.083408718276378067e+03
1.083384450760808704e+03
1.083360371153874894e+03
1.083336451340270287e+03
1.083312667401946555e+03
1.083288998994214808e+03
1.083265428813803737e+03
1.083241942145550638e+03
1.083218526476265652e+03
1.083195171165922375e+03
1.083180341881692812e+03
1.083163504652097572e+03
1.083145736163593938e+03
1.083127177354926516e+03
1.083107947717208390e+03
1.083088148580726283e+03
1.083067865895385239e+03
1.083047172582128269e+03
1.083026130521583809e+03
1.083004792236275762e+03
1.082983202314089340e+03
1.082961398613253778e+03
1.082939413282794476e+03
1.082917273627058648e+03
1.082895002838420169e+03
1.082872620618489691e+03
1.082850143704960146e+03
1.082827586318558133e+03
1.082804960542314348e+03
1.082782276643472642e+03
1.082759543346774763e+03
1.082736768066497461e+03
1.082713957103506573e+03
1.082691115812617682e+03
1.082668248744758330e+03
1.082645359767734590e+03
1.082622452168832297e+03
1.082599528741993026e+03
1.082576591861883117e+03
1.082553643546838430e+03
1.082530685512347873e+03
1.082507719216508121e+03
1.082484745898651681e+03
1.082461766612175325e+03
1.082438782252440205e+03
1.082415793580483751e+03
1.082392801243175199e+03
1.082369805790342070e+03
1.082346807689332763e+03
1.082323807337386143e+03
1.082300805072152798e+03
1.082277803002582914e+03
1.082254800933013030e+03
1.082231798863443146e+03
1.082208796793873262e+03
1.082185794724303378e+03
1.082162792654733494e+03
1.082139790585163610e+03
1.082116788515593726e+03
1.082093786446023842e+03
1.082070784376453958e+03
1.082047782306884073e+03
1.082024780237314189e+03
1.082001778167744305e+03
1.081978776098174421e+03
1.081955774028604537e+03
1.081932771959034653e+03
1.081909769889464769e+03
1.081886767819894885e+03
1.081863765750325001e+03
1.081832438541101055e+03
1.081803108723907371e+03
1.081774720702948116e+03
1.081747135367150122e+03
1.081720233829166318e+03
1.081693914587143354e+03
1.081668091051527881e+03
1.081642689401484404e+03
1.081617646734504433e+03
1.081592909474042244e+03
1.081568432002473855e+03
1.081544175489699683e+03
1.081520106890876377e+03
1.081496198089868358e+03
1.081472425167930624e+03
1.081448767779788568e+03
1.081425208621678621e+03
1.081401732978023119e+03
1.081378328335279775e+03
1.081354984053127509e+03
1.081340165987444379e+03
1.081323339938099934e+03
1.081305582611236332e+03
1.081287034947608390e+03
1.081267816440255046e+03
1.081248028421257231e+03
1.081227756842157987e+03
1.081207074625375526e+03
1.081186043652850003e+03
1.081164716448263107e+03
1.081143137600514819e+03
1.081121344968719541e+03
1.081099370702670967e+03
1.081077242107380016e+03
1.081054982375794225e+03
1.081032611210017421e+03
1.081010145348165679e+03
1.080987599011329394e+03
1.080964984282849628e+03
1.080942311430236714e+03
1.080919589178459091e+03
1.080896824941987916e+03
1.080874025021854095e+03
1.080851194773015095e+03
1.080828338746518284e+03
1.080805460810272052e+03
1.080782564251650228e+03
1.080759651864667603e+03
1.080736726024054860e+03
1.080713788748201296e+03
1.080690841752640836e+03
1.080667886495510402e+03
1.080644924216175241e+03
1.080621955968060092e+03
1.080598982646549530e+03
1.080576005012702581e+03
1.080553023713404627e+03
1.080530039298499105e+03
1.080507052235345782e+03
1.080484062921195118e+03
1.080461071693706117e+03
1.080438080661885351e+03
1.080415089630064813e+03
1.080392098598244274e+03
1.080369107566423509e+03
1.080346116534602743e+03
1.080323125502782204e+03
1.080300134470961666e+03
1.080277143439140900e+03
1.080254152407320134e+03
1.080231161375499596e+03
1.080208170343679058e+03
1.080185179311858292e+03
1.080162188280037526e+03
1.080139197248216988e+03
1.080116206216396449e+03
1.080093215184575683e+03
1.080070224152754918e+03
1.080047233120934379e+03
1.080024242089113841e+03
1.079992925656830266e+03
1.079963606682560112e+03
1.079935229536731640e+03
1.079907655102616673e+03
1.079880764488288150e+03
1.079854456188164477e+03
1.079828643609642995e+03
1.079803252929382779e+03
1.079778221242808513e+03
1.079753494971662349e+03
1.079729028496898081e+03
1.079704782987231056e+03
1.079680725396828166e+03
1.079656827608724143e+03
1.079633065703477996e+03
1.079609419335230314e+03
1.079585871199724807e+03
1.079562406580968400e+03
1.079539012965067968e+03
1.079515679711407074e+03
1.079500872864460689e+03
1.079484057995583498e+03
1.079466311830588438e+03
1.079447775312238491e+03
1.079428567935497085e+03
1.079408791034237765e+03
1.079388530561641574e+03
1.079367859441599649e+03
1.079346839557363410e+03
1.079325523433771878e+03
1.079303955660739348e+03
1.079282174098264932e+03
1.079260210896909257e+03
1.079238093362347854e+03
1.079215844688101242e+03
1.079193484576765741e+03
1.079171029766881247e+03
1.079148494479900592e+03
1.079125890799475656e+03
1.079103228993383027e+03
1.079080517786818291e+03
1.079057764594445871e+03
1.079034975717462885e+03
1.079012156510967316e+03
1.078989311526127040e+03
1.078966444630952992e+03
1.078943559112905859e+03
1.078920657766075237e+03
1.078897742965254565e+03
1.078874816728886572e+03
1.078851880772552249e+03
1.078828936554426491e+03
1.078805985313907513e+03
1.078783028104448931e+03
1.078760065821458966e+03
1.078737099226016426e+03
1.078714128965025111e+03
1.078691155588342781e+03
1.078668179563341255e+03
1.078645201287281907e+03
1.078622221097833517e+03
1.078599241104057910e+03
1.078576261110282303e+03
1.078553281116506696e+03
1.078530301122731089e+03
1.078507321128955482e+03
1.078484341135179875e+03
1.078461361141404268e+03
1.078438381147628661e+03
1.078415401153853054e+03
1.078392421160077447e+03
1.078369441166301840e+03
1.078346461172526233e+03
1.078323481178750626e+03
1.078300501184975019e+03
1.078277521191199412e+03
1.078254541197423805e+03
1.078231561203648198e+03
1.078208581209872591e+03
1.078185601216096984e+03
1.078154295561156914e+03
1.078124987430187502e+03
1.078096621159854749e+03
1.078069057627777738e+03
1.078042177937449878e+03
1.078015880579564055e+03
1.077990078958468985e+03
1.077964699248318539e+03
1.077939678542471711e+03
1.077914963260959439e+03
1.077890507783314206e+03
1.077866273277066512e+03
1.077842226695393265e+03
1.077818339920500648e+03
1.077794589032251679e+03
1.077770953684202368e+03
1.077747416571604390e+03
1.077723962978048576e+03
1.077700580389292782e+03
1.077677258164423165e+03
1.077662462536404064e+03
1.077645658848210587e+03
1.077627923845312353e+03
1.077609398472478915e+03
1.077590202226596148e+03
1.077570436443329982e+03
1.077550187077497412e+03
1.077529527054461823e+03
1.077508518258785216e+03
1.077487213216463488e+03
1.077465656518424339e+03
1.077443886025550455e+03
1.077421933889170759e+03
1.077399827415623349e+03
1.077377589799001953e+03
1.077355240742395608e+03
1.077332796984766674e+03
1.077310272747931549e+03
1.077287680115852254e+03
1.077265029356571631e+03
1.077242329195511275e+03
1.077219587047530467e+03
1.077196809213991401e+03
1.077174001050132802e+03
1.077151167107242827e+03
1.077128311253434731e+03
1.077105436776256965e+03
1.077082546469872341e+03
1.077059642709138643e+03
1.077036727512551579e+03
1.077013802595738071e+03
1.076990869416911892e+03
1.076967929215504682e+03
1.076944983044997798e+03
1.076922031800823788e+03
1.076899076244081698e+03
1.076876117021692380e+03
1.076853154683528601e+03
1.076830189696974458e+03
1.076807222459302466e+03
1.076784253308190046e+03
1.076761284352754956e+03
1.076738315397319866e+03
1.076715346441885004e+03
1.076692377486450141e+03
1.076669408531015051e+03
1.076646439575579961e+03
1.076623470620145099e+03
1.076600501664710237e+03
1.076577532709275147e+03
1.076554563753840057e+03
1.076531594798405195e+03
1.076508625842970332e+03
1.076485656887535242e+03
1.076462687932100152e+03
1.076439718976665290e+03
1.076416750021230428e+03
1.076393781065795338e+03
1.076370812110360248e+03
1.076347843154925386e+03
1.076316548277731044e+03
1.076287250990439361e+03
1.076258895595967715e+03
1.076231342966282455e+03
1.076204474200301775e+03
1.076178187784992133e+03
1.076152397121654985e+03
1.076127028381940818e+03
1.076102018657143617e+03
1.076077314365583334e+03
1.076052869885371820e+03
1.076028646382855186e+03
1.076004610810220811e+03
1.075980735048846554e+03
1.075956995177900581e+03
1.075933370850353867e+03
1.075909844760965825e+03
1.075886402192912783e+03
1.075863030631601987e+03
1.075839719435823326e+03
1.075824935026922049e+03
1.075808142519628518e+03
1.075790418679055165e+03
1.075771904451976297e+03
1.075752719337199778e+03
1.075732964672180742e+03
1.075712726413372138e+03
1.075692077487608685e+03
1.075671079780762057e+03
1.075649785819984118e+03
1.075628240197215746e+03
1.075606480774222518e+03
1.075584539703100518e+03
1.075562444290851772e+03
1.075540217732141855e+03
1.075517879730551840e+03
1.075495447025467456e+03
1.075472933839067309e+03
1.075450352255624693e+03
1.075427712543447342e+03
1.075405023428183767e+03
1.075382292324887203e+03
1.075359525535084913e+03
1.075336728414156823e+03
1.075313905513510917e+03
1.075291060701363222e+03
1.075268197265348590e+03
1.075245317999704866e+03
1.075222425279352592e+03
1.075199521122841134e+03
1.075176607245843343e+03
1.075153685106611874e+03
1.075130755944611337e+03
1.075107820813351509e+03
1.075084880608288358e+03
1.075061936090541849e+03
1.075038987907049659e+03
1.075016036607699562e+03
1.074993082659888842e+03
1.074970126460899337e+03
1.074947168348418245e+03
1.074924210431619258e+03
1.074901252514820271e+03
1.074878294598021512e+03
1.074855336681222752e+03
1.074832378764423765e+03
1.074809420847624779e+03
1.074786462930826019e+03
1.074763505014027260e+03
1.074740547097228273e+03
1.074717589180429286e+03
1.074694631263630527e+03
1.074671673346831767e+03
1.074648715430032780e+03
1.074625757513233793e+03
1.074602799596435034e+03
1.074579841679636274e+03
1.074556883762837288e+03
1.074533925846038301e+03
1.074510967929239541e+03
1.074479683830193835e+03
1.074450397386956638e+03
1.074422052868710580e+03
1.074394511141772227e+03
1.074367653300483880e+03
1.074341377828088525e+03
1.074315598122840811e+03
1.074290240353890113e+03
1.074265241610463818e+03
1.074240548309172937e+03
1.074216114826709372e+03
1.074191902328235074e+03
1.074167877764949253e+03
1.074144013017400994e+03
1.074120284164062923e+03
1.074096670857322579e+03
1.074073155791447107e+03
1.074049724249198334e+03
1.074026363715632897e+03
1.074003063549245553e+03
1.073988290359652410e+03
1.073971509033474376e+03
1.073953796355454188e+03
1.073935293274367950e+03
1.073916119290944152e+03
1.073896375744426905e+03
1.073876148592902609e+03
1.073855510764676637e+03
1.073834524146930335e+03
1.073813241267969715e+03
1.073791706720749289e+03
1.073769958367916843e+03
1.073748028362335162e+03
1.073725944011669299e+03
1.073703728511156442e+03
1.073681401564870384e+03
1.073658979912619088e+03
1.073636477776944048e+03
1.073613907242428240e+03
1.073591278577644744e+03
1.073568600508469899e+03
1.073545880450149980e+03
1.073523124704377096e+03
1.073500338626672601e+03
1.073477526768564530e+03
1.073454692998371002e+03
1.073431840603813953e+03
1.073408972379205352e+03
1.073386090699528495e+03
1.073363197583387546e+03
1.073340294746500149e+03
1.073317383647158294e+03
1.073294465524859561e+03
1.073271541433141238e+03
1.073248612267484532e+03
1.073225678789028734e+03
1.073202741644729258e+03
1.073179801384488428e+03
1.073156858475715353e+03
1.073133913315704149e+03
1.073110966242149516e+03
1.073088019364281990e+03
1.073065072486414465e+03
1.073042125608546939e+03
1.073019178730679414e+03
1.072996231852811889e+03
1.072973284974944363e+03
1.072950338097076838e+03
1.072927391219209312e+03
1.072904444341341787e+03
1.072881497463474261e+03
1.072858550585606736e+03
1.072835603707739210e+03
1.072812656829871685e+03
1.072789709952004159e+03
1.072766763074136634e+03
1.072743816196269108e+03
1.072720869318401583e+03
1.072697922440534057e+03
1.072674975562666532e+03
1.072643702242171685e+03
1.072614426643365732e+03
1.072586093001709742e+03
1.072558562177872545e+03
1.072531715261622139e+03
1.072505450732478721e+03
1.072479681985652860e+03
1.072454335187790775e+03
1.072429347426057120e+03
1.072404665115353964e+03
1.072380242630952353e+03
1.072356041136832346e+03
1.072332027583203626e+03
1.072308173849787863e+03
1.072284456014363514e+03
1.072260853728733537e+03
1.072237349686673042e+03
1.072213929170530037e+03
1.072190579665010546e+03
1.072167290528314197e+03
1.072152528558218592e+03
1.072135758413372514e+03
1.072118056898133091e+03
1.072099564963277999e+03
1.072080402111453168e+03
1.072060669683691458e+03
1.072040453639711586e+03
1.072019826909288895e+03
1.071998851380912583e+03
1.071977579584043269e+03
1.071956056112647502e+03
1.071934318830255734e+03
1.071912399890496545e+03
1.071890326601697325e+03
1.071868122159667564e+03
1.071845806268972183e+03
1.071823395669842284e+03
1.071800904585181570e+03
1.071778345099882927e+03
1.071755727482785005e+03
1.071733060459990384e+03
1.071710351446939512e+03
1.071687606745489120e+03
1.071664831711301304e+03
1.071642030896024380e+03
1.071619208168078558e+03
1.071596366815272859e+03
1.071573509631993375e+03
1.071550638993286611e+03
1.071527756917810621e+03
1.071504865121328521e+03
1.071481965062170502e+03
1.071459057979868476e+03
1.071436144927987016e+03
1.071413226802031431e+03
1.071390304363161249e+03
1.071367378258349390e+03
1.071344449037512732e+03
1.071321517168073115e+03
1.071298583047334887e+03
1.071275647013001844e+03
1.071252711174360911e+03
1.071229775335719978e+03
1.071206839497079045e+03
1.071183903658438112e+03
1.071160967819797179e+03
1.071138031981156246e+03
1.071115096142515313e+03
1.071092160303874380e+03
1.071069224465233447e+03
1.071046288626592514e+03
1.071023352787951580e+03
1.071000416949310647e+03
1.070977481110669714e+03
1.070954545272028781e+03
1.070931609433387848e+03
1.070908673594746915e+03
1.070885737756105982e+03
1.070862801917465049e+03
1.070839866078824116e+03
1.070808603537282579e+03
1.070779338783284629e+03
1.070751016018583641e+03
1.070723496098201167e+03
1.070696660107334083e+03
1.070670406521780706e+03
1.070644648733707754e+03
1.070619312907260564e+03
1.070594336127541055e+03
1.070569664807742811e+03
1.070545253321717837e+03
1.070521062832262942e+03
1.070497060288600323e+03
1.070473217569624467e+03
1.070449510752418519e+03
1.070425919488202453e+03
1.070402426470259343e+03
1.070379016980522920e+03
1.070355678503350191e+03
1.070332400396643834e+03
1.070317649646236532e+03
1.070300890682937506e+03
1.070283200330706677e+03
1.070264719542320336e+03
1.070245567822341400e+03
1.070225846513588976e+03
1.070205641577413644e+03
1.070185025945059579e+03
1.070164061506322923e+03
1.070142800791818900e+03
1.070121288396524733e+03
1.070099562184853312e+03
1.070077654311198330e+03
1.070055592084549971e+03
1.070033398701288661e+03
1.070011093866471583e+03
1.069988694320751620e+03
1.069966214287393996e+03
1.069943665851603100e+03
1.069921059282481565e+03
1.069898403306358887e+03
1.069875705338868784e+03
1.069852971682033285e+03
1.069830207691655460e+03
1.069807417919502768e+03
1.069784606234097964e+03
1.069761775923337837e+03
1.069738929781681691e+03
1.069716070184239243e+03
1.069693199149722432e+03
1.069670318393939624e+03
1.069647429375260799e+03
1.069624533333249701e+03
1.069601631321500008e+03
1.069578724235540221e+03
1.069555812836550786e+03
1.069532897771521220e+03
1.069509979590383864e+03
1.069487058760572381e+03
1.069464135679402034e+03
1.069441210684585940e+03
1.069418285885466730e+03
1.069395361086347293e+03
1.069372436287227856e+03
1.069349511488108647e+03
1.069326586688989437e+03
1.069303661889870000e+03
1.069280737090750563e+03
1.069257812291631353e+03
1.069234887492512144e+03
1.069211962693392707e+03
1.069189037894273270e+03
1.069166113095154060e+03
1.069143188296034850e+03
1.069120263496915413e+03
1.069097338697795976e+03
1.069074413898676767e+03
1.069051489099557557e+03
1.069028564300438120e+03
1.069005639501318683e+03
1.068974387739133135e+03
1.068945133830319037e+03
1.068916821942936849e+03
1.068889312926363573e+03
1.068862487861225190e+03
1.068836245219599505e+03
1.068810498390610746e+03
1.068785173535904278e+03
1.068760207738520421e+03
1.068735547409944274e+03
1.068711146922609487e+03
1.068686967438131433e+03
1.068662975904743917e+03
1.068639144200513783e+03
1.068615448401831372e+03
1.068591868159332535e+03
1.068568386165809216e+03
1.068544987702780645e+03
1.068521660254254584e+03
1.068498393177838352e+03
1.068483653647308529e+03
1.068466905865772105e+03
1.068449226676777471e+03
1.068430757035097713e+03
1.068411616447210690e+03
1.068391906257721303e+03
1.068371712429610625e+03
1.068351107895590076e+03
1.068330154546762969e+03
1.068308904914897539e+03
1.068287403595981459e+03
1.068265688455309828e+03
1.068243791648040769e+03
1.068221740483827034e+03
1.068199558159619983e+03
1.068177264380967472e+03
1.068154875888945526e+03
1.068132406907180894e+03
1.068109869521187420e+03
1.068087274000333082e+03
1.068064629071173840e+03
1.068041942149536453e+03
1.068019219537608706e+03
1.067996466591333046e+03
1.067973687862598126e+03
1.067950887220028108e+03
1.067928067951606636e+03
1.067905232851868050e+03
1.067882384295984366e+03
1.067859524302720274e+03
1.067836654587931434e+03
1.067813776610026025e+03
1.067790891608600532e+03
1.067768000637277055e+03
1.067745104591607742e+03
1.067722204232793729e+03
1.067699300207841588e+03
1.067676393066697756e+03
1.067653483276809993e+03
1.067630571235502430e+03
1.067607657280497733e+03
1.067584743521194923e+03
1.067561829761892113e+03
1.067538916002589076e+03
1.067516002243286039e+03
1.067493088483983229e+03
1.067470174724680419e+03
1.067447260965377382e+03
1.067424347206074344e+03
1.067401433446771534e+03
1.067378519687468724e+03
1.067355605928165687e+03
1.067332692168862650e+03
1.067309778409559840e+03
1.067286864650257030e+03
1.067263950890953993e+03
1.067241037131650955e+03
1.067218123372348145e+03
1.067195209613045336e+03
1.067172295853742298e+03
1.067141054871313827e+03
1.067111811808060793e+03
1.067083510798361658e+03
1.067056012685951373e+03
1.067029198546886391e+03
1.067002966849526047e+03
1.066977230979952537e+03
1.066951917097313071e+03
1.066926962282585464e+03
1.066902312945548601e+03
1.066877923457218458e+03
1.066853754978027837e+03
1.066829774455223514e+03
1.066805953766046514e+03
1.066782268986192548e+03
1.066758699765713800e+03
1.066735228796912452e+03
1.066711841360892777e+03
1.066688524941313290e+03
1.066665268895485951e+03
1.066650540585023236e+03
1.066633803985465647e+03
1.066616135959934354e+03
1.066597677465198558e+03
1.066578548009649921e+03
1.066558848939677091e+03
1.066538666219890501e+03
1.066518072784468814e+03
1.066497130525820921e+03
1.066475891976867388e+03
1.066454401734606336e+03
1.066432697665213482e+03
1.066410811924612062e+03
1.066388771823116713e+03
1.066366600558249047e+03
1.066344317836048504e+03
1.066321940398012430e+03
1.066299482468129554e+03
1.066276956132223177e+03
1.066254371659926846e+03
1.066231737778022307e+03
1.066209061902529584e+03
1.066186350335801535e+03
1.066163608433921127e+03
1.066140840748896608e+03
1.066118051149454686e+03
1.066095242923665637e+03
1.066072418866137696e+03
1.066049581352106316e+03
1.066026732400389847e+03
1.066003873726889196e+03
1.065981006790051197e+03
1.065958132829505757e+03
1.065935252898902718e+03
1.065912367893818782e+03
1.065889478575474413e+03
1.065866585590894374e+03
1.065843689490039196e+03
1.065820790740368921e+03
1.065797889739219045e+03
1.065774986824321331e+03
1.065752084105129597e+03
1.065729181385937864e+03
1.065706278666746357e+03
1.065683375947554850e+03
1.065660473228363117e+03
1.065637570509171383e+03
1.065614667789979876e+03
1.065591765070788369e+03
1.065568862351596636e+03
1.065545959632404902e+03
1.065523056913213395e+03
1.065500154194021889e+03
1.065477251474830155e+03
1.065454348755638421e+03
1.065431446036446914e+03
1.065408543317255408e+03
1.065385640598063674e+03
1.065362737878871940e+03
1.065339835159680433e+03
1.065308604957411262e+03
1.065279372740094686e+03
1.065251082608443085e+03
1.065223595400549129e+03
1.065196792187902702e+03
1.065170571435145348e+03
1.065144846525318371e+03
1.065119543615071052e+03
1.065094599783320973e+03
1.065069961438140808e+03
1.065045582949128402e+03
1.065021425475536262e+03
1.064997455963624361e+03
1.064973646289806538e+03
1.064949972529085244e+03
1.064926414330930356e+03
1.064902954387152704e+03
1.064879577978442967e+03
1.064856272588109960e+03
1.064833027573171421e+03
1.064818310482965217e+03
1.064801585065601103e+03
1.064783928203760979e+03
1.064765480856206295e+03
1.064746362533242291e+03
1.064726674583039312e+03
1.064706502971836699e+03
1.064685920635278308e+03
1.064664989467078840e+03
1.064643762001310279e+03
1.064622282835980741e+03
1.064600589838145879e+03
1.064578715164493815e+03
1.064556686126000386e+03
1.064534525920757233e+03
1.064512254255295147e+03
1.064489887871532801e+03
1.064467440993820674e+03
1.064444925708291521e+03
1.064422352284843555e+03
1.064399729450484756e+03
1.064377064621428417e+03
1.064354364100192015e+03
1.064331633242999715e+03
1.064308876601978682e+03
1.064286098045958170e+03
1.064263300863095083e+03
1.064240487848071325e+03
1.064217661376186243e+03
1.064194823466310936e+03
1.064171975834392242e+03
1.064149119938916101e+03
1.064126257019544937e+03
1.064103388129956784e+03
1.064080514165752220e+03
1.064057635888172172e+03
1.064034753944258455e+03
1.064011868883986608e+03
1.063988981174828950e+03
1.063966091214131211e+03
1.063943199339634248e+03
1.063920307660848721e+03
1.063897415982062739e+03
1.063874524303277212e+03
1.063851632624491231e+03
1.063828740945705704e+03
1.063805849266919722e+03
1.063782957588134195e+03
1.063760065909348214e+03
1.063737174230562687e+03
1.063714282551776705e+03
1.063691390872991178e+03
1.063668499194205197e+03
1.063645607515419670e+03
1.063622715836633688e+03
1.063599824157848161e+03
1.063576932479062179e+03
1.063554040800276653e+03
1.063531149121490671e+03
1.063508257442705144e+03
1.063477038020996815e+03
1.063447816649993229e+03
1.063419537396752503e+03
1.063392061093729126e+03
1.063365268807845951e+03
1.063339059000028556e+03
1.063313345050278940e+03
1.063288053112749367e+03
1.063263120264297413e+03
1.063238492911291132e+03
1.063214125421910239e+03
1.063189978954227172e+03
1.063166020453515557e+03
1.063142221795363184e+03
1.063118559054079469e+03
1.063095011878551304e+03
1.063071562960099072e+03
1.063048197578999861e+03
1.063024903218213467e+03
1.063001669234462042e+03
1.062986963364701751e+03
1.062970249129746662e+03
1.062952603431824400e+03
1.062934167231688434e+03
1.062915060041554852e+03
1.062895383211375247e+03
1.062875222709015588e+03
1.062854651471586067e+03
1.062833731394104234e+03
1.062812515011793721e+03
1.062791046923671729e+03
1.062769364997674074e+03
1.062747501391253081e+03
1.062725483416044199e+03
1.062703334270710684e+03
1.062681073662273775e+03
1.062658718333072784e+03
1.062636282507820169e+03
1.062613778272957688e+03
1.062591215898648215e+03
1.062568604112126195e+03
1.062545950329798188e+03
1.062523260854345381e+03
1.062500541042133364e+03
1.062477795445408447e+03
1.062455027933102201e+03
1.062432241793458161e+03
1.062409439821232581e+03
1.062386624391786654e+03
1.062363797524046731e+03
1.062340960934004215e+03
1.062318116080183700e+03
1.062295264202280805e+03
1.062272406354002214e+03
1.062249543430971016e+03
1.062226676194449738e+03
1.062203805291496792e+03
1.062180931272102271e+03
1.062158054603751225e+03
1.062135175683800298e+03
1.062112294849998989e+03
1.062089414211913663e+03
1.062066533573828337e+03
1.062043652935742784e+03
1.062020772297657231e+03
1.061997891659571906e+03
1.061975011021486580e+03
1.061952130383401027e+03
1.061929249745315474e+03
1.061906369107230148e+03
1.061883488469144822e+03
1.061860607831059269e+03
1.061837727192973716e+03
1.061814846554888391e+03
1.061791965916803065e+03
1.061769085278717512e+03
1.061746204640631959e+03
1.061723324002546633e+03
1.061700443364461307e+03
1.061677562726375754e+03
1.061646354085630264e+03
1.061617143561315061e+03
1.061588875186849464e+03
1.061561409789049776e+03
1.061534628430274324e+03
1.061508429567734083e+03
1.061482726578392885e+03
1.061457445613906430e+03
1.061432523749073653e+03
1.061407907388557305e+03
1.061383550899121701e+03
1.061359415437658527e+03
1.061335467948455516e+03
1.061311680306274638e+03
1.061288028584732956e+03
1.061264492432134602e+03
1.061241054539309289e+03
1.061217700186121192e+03
1.061194416855180634e+03
1.061171193902915320e+03
1.061156499253790344e+03
1.061139796201458921e+03
1.061122161667681439e+03
1.061103736615201797e+03
1.061084640558144429e+03
1.061064974848240809e+03
1.061044825454984220e+03
1.061024265316947321e+03
1.061003356330452334e+03
1.060982151031872945e+03
1.060960694021234985e+03
1.060939023167353298e+03
1.060917170628443955e+03
1.060895163716803609e+03
1.060873025631665087e+03
1.060850776080538935e+03
1.060828431806187155e+03
1.060806007033682363e+03
1.060783513849776227e+03
1.060760962524896058e+03
1.060738361786501628e+03
1.060715719051192764e+03
1.060693040621815953e+03
1.060670331854875940e+03
1.060647597302739996e+03
1.060624840834440647e+03
1.060602065738308738e+03
1.060579274809174649e+03
1.060556470422462326e+03
1.060533654597150644e+03
1.060510829049277845e+03
1.060487995237406949e+03
1.060465154401266773e+03
1.060442307594590829e+03
1.060419455713027673e+03
1.060396599517859158e+03
1.060373739656160978e+03
1.060350876677938231e+03
1.060328011050688474e+03
1.060305143171778582e+03
1.060290755536676897e+03
1.060275594415596288e+03
1.060260433294515906e+03
1.060245272173435524e+03
1.060230111052354914e+03
1.060214949931274305e+03
1.060199788810193922e+03
1.060184627689113540e+03
1.060169466568032931e+03
1.060154305446952321e+03
1.060139144325871939e+03
1.060123983204791557e+03
1.060108822083710947e+03
1.060093660962630338e+03
1.060078499841549956e+03
1.060063338720469574e+03
1.060048177599388964e+03
1.060033016478308355e+03
1.060017855357227972e+03
1.060002694236147590e+03
1.059979050957357231e+03
1.059957445141888456e+03
1.059936800787775155e+03
1.059916975247225309e+03
1.059897846788669767e+03
1.059879311610065315e+03
1.059861281251729906e+03
1.059843680364781903e+03
1.059826444792427765e+03
1.059809519924214783e+03
1.059792859287016427e+03
1.059776423340419342e+03
1.059760178448006172e+03
1.059744095999620413e+03
1.059728151662971641e+03
1.059712324745878504e+03
1.059696597653036861e+03
1.059680955423465093e+03
1.059665385336768168e+03
1.059649876578056364e+03
1.059643000755516368e+03
1.059634096414695932e+03
1.059624250674701898e+03
1.059613605440371884e+03
1.059602281178461908e+03
1.059590380159991128e+03
1.059577989214890749e+03
1.059565182070147557e+03
1.059552021333401399e+03
1.059538560175362363e+03
1.059524843756693144e+03
1.059510910438238625e+03
1.059496792807621659e+03
1.059482518550210898e+03
1.059468111188180728e+03
1.059453590707755438e+03
1.059438974091644241e+03
1.059424275771071962e+03
1.059409508009607180e+03
1.059394681229117168e+03
1.059379804286615581e+03
1.059364884709418902e+03
1.059349928894915820e+03
1.059334942280285077e+03
1.059319929486690626e+03
1.059304894441806709e+03
1.059289840483926127e+03
1.059274770450432925e+03
1.059259686752982361e+03
1.059244591441395187e+03
1.059229486257955841e+03
1.059214372683560896e+03
1.059199251976939649e+03
1.059184125207988245e+03
1.059168993286100431e+03
1.059153856984249160e+03
1.059138716959452722e+03
1.059123573770169514e+03
1.059108427891085057e+03
1.059093279725678030e+03
1.059078129616903425e+03
1.059062979706533497e+03
1.059047829796163569e+03
1.059032679885793868e+03
1.059017529975424168e+03
1.059002380065054240e+03
1.058987230154684312e+03
1.058972080244314611e+03
1.058956930333944911e+03
1.058941780423574983e+03
1.058926630513205055e+03
1.058911480602835354e+03
1.058896330692465654e+03
1.058881180782095726e+03
1.058866030871725798e+03
1.058850880961356097e+03
1.058835731050986396e+03
1.058820581140616468e+03
1.058805431230246541e+03
1.058790281319876840e+03
1.058766649067184971e+03
1.058745054325505635e+03
1.058724421068760876e+03
1.058704606644779915e+03
1.058685489318505461e+03
1.058666965285096467e+03
1.058648946082615794e+03
1.058631356360352129e+03
1.058614131960020586e+03
1.058597218269947689e+03
1.058580568816001914e+03
1.058564144056940222e+03
1.058547910355657450e+03
1.058531839101424566e+03
1.058515905961473891e+03
1.058500090243226168e+03
1.058484374351041652e+03
1.058468743323658828e+03
1.058453184440445966e+03
1.058437686886314168e+03
1.058430822380808650e+03
1.058421929337052461e+03
1.058412094884014323e+03
1.058401460927256721e+03
1.058390147934372635e+03
1.058378258177251610e+03
1.058365878486678184e+03
1.058353082590447912e+03
1.058339933096947789e+03
1.058326483177565706e+03
1.058312777993572126e+03
1.058298855906350354e+03
1.058284749503998000e+03
1.058270486472297534e+03
1.058256090333785323e+03
1.058241581074998294e+03
1.058226975678916006e+03
1.058212288576997025e+03
1.058197532033009338e+03
1.058182716468993021e+03
1.058167850742108612e+03
1.058152942379799015e+03
1.058137997779560919e+03
1.058123022378664928e+03
1.058108020798353891e+03
1.058092996966369356e+03
1.058077954221060736e+03
1.058062895399860963e+03
1.058047822914467361e+03
1.058032738814735467e+03
1.058017644842980189e+03
1.058002542480123793e+03
1.057987432984916950e+03
1.057972317427274220e+03
1.057957196716605495e+03
1.057942071625897597e+03
1.057926942812179277e+03
1.057911810833919617e+03
1.057896676165811186e+03
1.057881539211340851e+03
1.057866400313468603e+03
1.057851261614004670e+03
1.057836122914540283e+03
1.057820984215076351e+03
1.057805845515611963e+03
1.057790706816148031e+03
1.057775568116683644e+03
1.057760429417219711e+03
1.057745290717755324e+03
1.057730152018291392e+03
1.057715013318827005e+03
1.057699874619363072e+03
1.057684735919898685e+03
1.057669597220434753e+03
1.057654458520970365e+03
1.057639319821506433e+03
1.057624181122042046e+03
1.057609042422578113e+03
1.057593903723113726e+03
1.057578765023649794e+03
1.057555143797360188e+03
1.057533560129748139e+03
1.057512937970636813e+03
1.057493134663480078e+03
1.057474028469732502e+03
1.057455515581757936e+03
1.057437507535363693e+03
1.057419928978009921e+03
1.057402715749923118e+03
1.057385813238207902e+03
1.057369174967728895e+03
1.057352761396413598e+03
1.057336538886469953e+03
1.057320478826596627e+03
1.057304556883549822e+03
1.057288752364350557e+03
1.057273047673025303e+03
1.057257427848032194e+03
1.057241880168503258e+03
1.057226393819150871e+03
1.057219540630768506e+03
1.057210658884191389e+03
1.057200835718235112e+03
1.057190213039186347e+03
1.057178911315473670e+03
1.057167032819855194e+03
1.057154664383968111e+03
1.057141879736415831e+03
1.057128741486330682e+03
1.057115302805778583e+03
1.057101608856636858e+03
1.057087698000827231e+03
1.057073602826920478e+03
1.057059351021114026e+03
1.057044966106305310e+03
1.057030468069342987e+03
1.057015873893477647e+03
1.057001198010400458e+03
1.056986452684079723e+03
1.056971648336727640e+03
1.056956793825651403e+03
1.056941896678420790e+03
1.056926963292639812e+03
1.056911999105671384e+03
1.056897008738836803e+03
1.056881996119944688e+03
1.056866964587401753e+03
1.056851916978689587e+03
1.056836855705546668e+03
1.056821782817864232e+03
1.056806700057986973e+03
1.056791608906863303e+03
1.056776510623264812e+03
1.056761406277125388e+03
1.056746296777870612e+03
1.056731182898500265e+03
1.056716065296054921e+03
1.056700944529012759e+03
1.056685821072075214e+03
1.056670695328735974e+03
1.056655567641961397e+03
1.056640440153597638e+03
1.056625312665233878e+03
1.056610185176870118e+03
1.056595057688506358e+03
1.056579930200142599e+03
1.056564802711778839e+03
1.056549675223415079e+03
1.056534547735051319e+03
1.056519420246687559e+03
1.056504292758323800e+03
1.056489165269960040e+03
1.056474037781596280e+03
1.056458910293232520e+03
1.056443782804868761e+03
1.056428655316505001e+03
1.056413527828141241e+03
1.056398400339777481e+03
1.056383272851413722e+03
1.056368145363049962e+03
1.056344535163467071e+03
1.056322962570199479e+03
1.056302351508987158e+03
1.056282559318909307e+03
1.056263464257934174e+03
1.056244962515631869e+03
1.056226965625555522e+03
1.056209398233338561e+03
1.056192196177717051e+03
1.056175304844576885e+03
1.056158677757778605e+03
1.056142275374421388e+03
1.056126064056025371e+03
1.056110015190718286e+03
1.056094104444779759e+03
1.056078311124832226e+03
1.056062617634568596e+03
1.056047009012165972e+03
1.056031472536521051e+03
1.056015997392147710e+03
1.056009155520976265e+03
1.056000285071692133e+03
1.055990473192944137e+03
1.055979861791741541e+03
1.055968571337346020e+03
1.055956704103382435e+03
1.055944346922340856e+03
1.055931573523630277e+03
1.055918446517129496e+03
1.055905019075580412e+03
1.055891336361466529e+03
1.055877436737247990e+03
1.055863352791968055e+03
1.055849112212239334e+03
1.055834738521318741e+03
1.055820251706367799e+03
1.055805668750907216e+03
1.055791004086860539e+03
1.055776269978396613e+03
1.055761476847898848e+03
1.055746633552822232e+03
1.055731747620862052e+03
1.055716825449730550e+03
1.055701872476882045e+03
1.055686893323716959e+03
1.055671891918110305e+03
1.055656871598526322e+03
1.055641835202495031e+03
1.055626785141796290e+03
1.055611723466357716e+03
1.055596651918552880e+03
1.055581571979355203e+03
1.055566484907559925e+03
1.055551391773118212e+03
1.055536293485471560e+03
1.055521190817633169e+03
1.055506084426654979e+03
1.055490974871025173e+03
1.055475862625453374e+03
1.055460748093440088e+03
1.055445631617957361e+03
1.055430515340888860e+03
1.055415399063819905e+03
1.055400282786751404e+03
1.055385166509682449e+03
1.055370050232613949e+03
1.055354933955544993e+03
1.055339817678476493e+03
1.055324701401407538e+03
1.055309585124339037e+03
1.055294468847270082e+03
1.055279352570201581e+03
1.055264236293132626e+03
1.055249120016064126e+03
1.055234003738995170e+03
1.055218887461926670e+03
1.055203771184857715e+03
1.055188654907789214e+03
1.055173538630720259e+03
1.055158422353651758e+03
1.055134823181078673e+03
1.055113261662433160e+03
1.055092661699385189e+03
1.055072880626640654e+03
1.055053796698683982e+03
1.055035306102291770e+03
1.055017320368765240e+03
1.054999764141910646e+03
1.054982573258976345e+03
1.054965693104628144e+03
1.054949077201724549e+03
1.054932686006535960e+03
1.054916485879896300e+03
1.054900448209362366e+03
1.054884548660736755e+03
1.054868766540244224e+03
1.054853084251243899e+03
1.054837486831632532e+03
1.054821961560071713e+03
1.054806497620875689e+03
1.054799667067003156e+03
1.054790807915126607e+03
1.054781007323713311e+03
1.054770407200493082e+03
1.054759128015559781e+03
1.054747272043404109e+03
1.054734926117366740e+03
1.054722163967662709e+03
1.054709048204915007e+03
1.054695632002541515e+03
1.054681960523631915e+03
1.054668072131182726e+03
1.054653999414711052e+03
1.054639770061243098e+03
1.054625407594395256e+03
1.054610932001642368e+03
1.054596360266773900e+03
1.054581706821946227e+03
1.054566983931528739e+03
1.054552202018075832e+03
1.054537369939189830e+03
1.054522495222691759e+03
1.054507584266401409e+03
1.054492642507865412e+03
1.054477674568562179e+03
1.054462684376433799e+03
1.054447675270002037e+03
1.054432650086845115e+03
1.054417611238784730e+03
1.054402560775782604e+03
1.054387500440243912e+03
1.054372431713167316e+03
1.054357355853368745e+03
1.054342273930818919e+03
1.054327186854974343e+03
1.054312095398862311e+03
1.054297000219545907e+03
1.054281901875522635e+03
1.054266800841510985e+03
1.054251697521017832e+03
1.054245176556534943e+03
1.054237873940841610e+03
1.054230571325147821e+03
1.054223268709454487e+03
1.054215966093760699e+03
1.054208663478067365e+03
1.054201360862373576e+03
1.054194058246680243e+03
1.054186755630986454e+03
1.054179453015293120e+03
1.054172150399599332e+03
1.054164847783905998e+03
1.054157545168212209e+03
1.054150242552518876e+03
1.054142939936825087e+03
1.054135637321131753e+03
1.054128334705437965e+03
1.054121032089744631e+03
1.054113729474050842e+03
1.054106426858357509e+03
1.054090539943150134e+03
1.054076717357615507e+03
1.054063869659765942e+03
1.054051851596850383e+03
1.054040539386491446e+03
1.054029827601770194e+03
1.054019626487481446e+03
1.054009859655495802e+03
1.054000462110464696e+03
1.053991378561565853e+03
1.053982561980785022e+03
1.053973972372991057e+03
1.053965575727499981e+03
1.053957343124876388e+03
1.053949249976340298e+03
1.053941275376315389e+03
1.053933401551452334e+03
1.053925613391845900e+03
1.053917898052259261e+03
1.053910244612948190e+03
1.053911275504190144e+03
1.053910270297527859e+03
1.053908319588089626e+03
1.053905565343213539e+03
1.053902128236456974e+03
1.053898110825586173e+03
1.053893600264392489e+03
1.053888670613000841e+03
1.053883384804000571e+03
1.053877796314479838e+03
1.053871950587312540e+03
1.053865886238960684e+03
1.053859636085687043e+03
1.053853228015414516e+03
1.053846685728418379e+03
1.053840029366592034e+03
1.053833276048057087e+03
1.053826440321375458e+03
1.053819534551464812e+03
1.053812569247508009e+03
1.053805553341577024e+03
1.053798494425398985e+03
1.053791398951550264e+03
1.053784272404437161e+03
1.053777119445596554e+03
1.053769944037185496e+03
1.053762749546926898e+03
1.053755538837307313e+03
1.053748314341380819e+03
1.053741078127203764e+03
1.053733831952592482e+03
1.053726577311669416e+03
1.053719315474422729e+03
1.053712047520330543e+03
1.053704774366942047e+03
1.053697496794166682e+03
1.053690215464924449e+03
1.053682930942692792e+03
1.053675643706426627e+03
1.053668354163235335e+03
1.053661062659160507e+03
1.053653771354953051e+03
1.053646480050745595e+03
1.053639188746538139e+03
1.053631897442330683e+03
1.053624606138123227e+03
1.053617314833915771e+03
1.053610023529708315e+03
1.053602732225500858e+03
1.053595440921293402e+03
1.053588149617085946e+03
1.053580858312878490e+03
1.053573567008671034e+03
1.053566275704463578e+03
1.053558984400256122e+03
1.053551693096048666e+03
1.053544401791841210e+03
1.053537110487633754e+03
1.053529819183426298e+03
1.053522527879218842e+03
1.053506652167486891e+03
1.053492840814707506e+03
1.053480004364501383e+03
1.053467997561030870e+03
1.053456696619532067e+03
1.053445996111227942e+03
1.053435806279457211e+03
1.053426050734942010e+03
1.053416664481423140e+03
1.053407592227349596e+03
1.053398786944122321e+03
1.053390208636137459e+03
1.053381823292326544e+03
1.053373601992941076e+03
1.053365520148942323e+03
1.053357556854542509e+03
1.053349694336216317e+03
1.053341917483912539e+03
1.053334213452273161e+03
1.053326571321452320e+03
1.053327613555912421e+03
1.053326619690741381e+03
1.053324680321154801e+03
1.053321937413942351e+03
1.053318511642416070e+03
1.053314505564292176e+03
1.053310006333435012e+03
1.053305088010115469e+03
1.053299813527105471e+03
1.053294236361693265e+03
1.053288401956953749e+03
1.053282348929541058e+03
1.053276110095899639e+03
1.053269713344117235e+03
1.053263182374618509e+03
1.053256537329429420e+03
1.053249795326789581e+03
1.053242970915363003e+03
1.053236076460158301e+03
1.053229122470435641e+03
1.053222117878335212e+03
1.053215070275641665e+03
1.053207986114982077e+03
1.053200870880805269e+03
1.053193729234686316e+03
1.053186565138812739e+03
1.053179381960935416e+03
1.053172182563562956e+03
1.053164969379771037e+03
1.053157744477631013e+03
1.053150509614974681e+03
1.053143266285936534e+03
1.053136015760514965e+03
1.053128759118197422e+03
1.053121497276539912e+03
1.053114231015459154e+03
1.053106960997880151e+03
1.053099687787285347e+03
1.053092411862633526e+03
1.053085133631036797e+03
1.053077853438540842e+03
1.053070573445913396e+03
1.053063293453285723e+03
1.053056013460658050e+03
1.053048733468030605e+03
1.053041453475403159e+03
1.053034173482775486e+03
1.053026893490147813e+03
1.053019613497520368e+03
1.053012333504892922e+03
1.053005053512265249e+03
1.052997773519637576e+03
1.052990493527010130e+03
1.052983213534382685e+03
1.052975933541755012e+03
1.052968653549127339e+03
1.052961373556499893e+03
1.052954093563872448e+03
1.052946813571244775e+03
1.052939533578617102e+03
1.052923669070564756e+03
1.052909868950718874e+03
1.052897043748320812e+03
1.052885048204449959e+03
1.052873758531956810e+03
1.052863069300207144e+03
1.052852890751085624e+03
1.052843146494166376e+03
1.052833771532280025e+03
1.052824710573148423e+03
1.052815916587588163e+03
1.052807349579522906e+03
1.052798975537500382e+03
1.052790765541458313e+03
1.052782695002101036e+03
1.052774743013428633e+03
1.052766891801740258e+03
1.052759126256839181e+03
1.052751433533246200e+03
1.052743802711014041e+03
1.052744856288678875e+03
1.052743873765012268e+03
1.052741945735302579e+03
1.052739214165789008e+03
1.052735799729536438e+03
1.052731804984210839e+03
1.052727317083748403e+03
1.052722410088564175e+03
1.052717146931612660e+03
1.052711581090380832e+03
1.052705758008143448e+03
1.052699716301748140e+03
1.052693488787818978e+03
1.052687103354609008e+03
1.052680583702691820e+03
1.052673949974225934e+03
1.052667219287567605e+03
1.052660406191484299e+03
1.052653523051073762e+03
1.052646580375674830e+03
1.052639587097494541e+03
1.052632550808376209e+03
1.052625477960996932e+03
1.052618374039848504e+03
1.052611243706542382e+03
1.052604090923298827e+03
1.052596919057894866e+03
1.052589730972863208e+03
1.052582529101297723e+03
1.052575315511288181e+03
1.052568091960679794e+03
1.052560859943619334e+03
1.052553620730116563e+03
1.052546375399666431e+03
1.052539124869833813e+03
1.052531869920541340e+03
1.052524611214718789e+03
1.052517349315854744e+03
1.052510084702910262e+03
1.052502817783002683e+03
1.052486964278963796e+03
1.052471892849018104e+03
1.052456821419072412e+03
1.052441749989126492e+03
1.052426678559180573e+03
1.052411607129234881e+03
1.052396535699289188e+03
1.052381464269343269e+03
1.052366392839397349e+03
1.052351321409451657e+03
1.052336249979505965e+03
1.052321178549560045e+03
1.052306107119614126e+03
1.052291035689668433e+03
1.052275964259722741e+03
1.052260892829776822e+03
1.052245821399830902e+03
1.052230749969885210e+03
1.052215678539939518e+03
1.052200607109993598e+03
1.052177052048494943e+03
1.052155534831111027e+03
1.052134979263367541e+03
1.052115242662499440e+03
1.052096203269069974e+03
1.052077757258695783e+03
1.052059816153679094e+03
1.052042304590531785e+03
1.052025158400555028e+03
1.052008322963546107e+03
1.051991751798356972e+03
1.051975405357950649e+03
1.051959250000418479e+03
1.051943257111036928e+03
1.051927402353707066e+03
1.051911665033063173e+03
1.051896027551132192e+03
1.051880474944691514e+03
1.051864994491461630e+03
1.051849575374964388e+03
1.051842790091165398e+03
1.051833976130055362e+03
1.051824220689240065e+03
1.051813665679311498e+03
1.051802431573676131e+03
1.051790620650275741e+03
1.051778319745842282e+03
1.051765602593804033e+03
1.051752531807754167e+03
1.051739160563807900e+03
1.051725534027471667e+03
1.051711690563885895e+03
1.051697662764456481e+03
1.051683478317859681e+03
1.051669160749150251e+03
1.051654730047048815e+03
1.051640203196422590e+03
1.051625594630355408e+03
1.051610916614015196e+03
1.051596179570641652e+03
1.051581392358423727e+03
1.051566562505685852e+03
1.051551696410676641e+03
1.051536799511310619e+03
1.051521876429379518e+03
1.051506931093092135e+03
1.051491966841198291e+03
1.051476986511470386e+03
1.051461992515895417e+03
1.051446986904576534e+03
1.051431971420037826e+03
1.051416947543380502e+03
1.051401916533507574e+03
1.051386879460463206e+03
1.051371837233767565e+03
1.051356790626500469e+03
1.051341740295770933e+03
1.051326686800115112e+03
1.051311630614284013e+03
1.051296572141813158e+03
1.051281511725704149e+03
1.051266451508023920e+03
1.051251391290343918e+03
1.051236331072663916e+03
1.051221270854983686e+03
1.051206210637303457e+03
1.051191150419623455e+03
1.051176090201943452e+03
1.051161029984263223e+03
1.051145969766582994e+03
1.051130909548902991e+03
1.051115849331222989e+03
1.051100789113542760e+03
1.051085728895862530e+03
1.051070668678182528e+03
1.051055608460502526e+03
1.051040548242822297e+03
1.051025488025142067e+03
1.051010427807462065e+03
1.050995367589782063e+03
1.050971823556809568e+03
1.050950317415433119e+03
1.050929772947177071e+03
1.050910047464913305e+03
1.050891019205728298e+03
1.050872584342452001e+03
1.050854654395140415e+03
1.050837153998483245e+03
1.050820018982297825e+03
1.050803194725165213e+03
1.050786634744938056e+03
1.050770299493753328e+03
1.050754155329017976e+03
1.050738173635439125e+03
1.050722330076443541e+03
1.050706603956268282e+03
1.050690977676607872e+03
1.050675436273960258e+03
1.050659967025811284e+03
1.050644559115484753e+03
1.050637785149422598e+03
1.050628982486288351e+03
1.050619238333436442e+03
1.050608694602170772e+03
1.050597471766721583e+03
1.050585672105890126e+03
1.050573382457253501e+03
1.050560676555040800e+03
1.050547617013586205e+03
1.050534257009677049e+03
1.050520641709422534e+03
1.050506809478498553e+03
1.050492792908781212e+03
1.050478619689358766e+03
1.050464313345644541e+03
1.050449893866670436e+03
1.050435378237571967e+03
1.050420780891665345e+03
1.050406114094316536e+03
1.050391388268937135e+03
1.050376612273862520e+03
1.050361793637541496e+03
1.050346938758331817e+03
1.050332053074237592e+03
1.050317141207129453e+03
1.050302207085283271e+03
1.050287254047505485e+03
1.050272284931617151e+03
1.050257302149645966e+03
1.050242307751730550e+03
1.050227303480425235e+03
1.050212290816856466e+03
1.050197271019948403e+03
1.050182245159764307e+03
1.050167214145840035e+03
1.050152178751268593e+03
1.050137139633169909e+03
1.050122097350090371e+03
1.050107052376789170e+03
1.050092005116808195e+03
1.050085540751619419e+03
1.050078294694292708e+03
1.050071048636965998e+03
1.050063802579639287e+03
1.050056556522312576e+03
1.050049310464985865e+03
1.050042064407659154e+03
1.050034818350332444e+03
1.050027572293005733e+03
1.050020326235679022e+03
1.050013080178352311e+03
1.050005834121025600e+03
1.049998588063698890e+03
1.049991342006372179e+03
1.049984095949045468e+03
1.049976849891718757e+03
1.049969603834392046e+03
1.049962357777065336e+03
1.049955111719738625e+03
1.049947865662411914e+03
1.049932034766621655e+03
1.049918268346639707e+03
1.049905476888656494e+03
1.049893515124509804e+03
1.049882259259904004e+03
1.049871603858642857e+03
1.049861459158253410e+03
1.049851748764873946e+03
1.049842407678608424e+03
1.049833380605001821e+03
1.049824620513120408e+03
1.049816087405474264e+03
1.049807747269462425e+03
1.049799571184083788e+03
1.049791534559273032e+03
1.049783616488395865e+03
1.049775799197226888e+03
1.049768067575132818e+03
1.049760408776272016e+03
1.049752811880393892e+03
1.049753899487590616e+03
1.049752950988512112e+03
1.049751056978580891e+03
1.049748359422374506e+03
1.049744978992207280e+03
1.049741018245584428e+03
1.049736564336651327e+03
1.049731691326250711e+03
1.049726462147880284e+03
1.049720930279618187e+03
1.049715141165336945e+03
1.049709133422459445e+03
1.049702939868147723e+03
1.049696588391147543e+03
1.049690102692477240e+03
1.049683502914691417e+03
1.049676806176496939e+03
1.049670027026968455e+03
1.049663177831472012e+03
1.049656269099579049e+03
1.049649309763698739e+03
1.049642307415848109e+03
1.049635268508854551e+03
1.049628198527338327e+03
1.049621102133021850e+03
1.049613983288218833e+03
1.049606845360788611e+03
1.049599691213331880e+03
1.049592523279002307e+03
1.049585343625939458e+03
1.049578154012032201e+03
1.049570955931463686e+03
1.049563750654273917e+03
1.049556539259986266e+03
1.049549322666186299e+03
1.049542101652817337e+03
1.049534876882825074e+03
1.049527648919711510e+03
1.049520418242450887e+03
1.049513185258168960e+03
1.049505950312922778e+03
1.049498715567549425e+03
1.049491480822176527e+03
1.049484246076803174e+03
1.049477011331430276e+03
1.049469776586056923e+03
1.049462541840684025e+03
1.049455307095310673e+03
1.049448072349937775e+03
1.049440837604564422e+03
1.049433602859191524e+03
1.049426368113818171e+03
1.049419133368445273e+03
1.049411898623071920e+03
1.049404663877699022e+03
1.049397429132325669e+03
1.049390194386952771e+03
1.049382959641579419e+03
1.049375724896206520e+03
1.049368490150833168e+03
1.049352670459537876e+03
1.049338915273198381e+03
1.049326135063682159e+03
1.049314184559751538e+03
1.049302939964731650e+03
1.049292295840574297e+03
1.049282162423356340e+03
1.049272463318073733e+03
1.049263133523922534e+03
1.049254117745723079e+03
1.049245368951960245e+03
1.049236847144673675e+03
1.049228518310879963e+03
1.049220353529266504e+03
1.049212328209511725e+03
1.049204421444770333e+03
1.049196615460641851e+03
1.049188895146349296e+03
1.049181247655929837e+03
1.049173662069032389e+03
1.049174761019378593e+03
1.049173823861854089e+03
1.049171941191897758e+03
1.049169254973530315e+03
1.049165885878811878e+03
1.049161936465191729e+03
1.049157493886883685e+03
1.049152632204869860e+03
1.049147414352827582e+03
1.049141893809031217e+03
1.049136116017551331e+03
1.049130119596000895e+03
1.049123937361720891e+03
1.049117597203621244e+03
1.049111122822866946e+03
1.049104534362144477e+03
1.049097848940277117e+03
1.049091081106441607e+03
1.049084243226092894e+03
1.049077345808879954e+03
1.049061810107093379e+03
1.049048296966555426e+03
1.049035722759469309e+03
1.049023947535297566e+03
1.049012852048658260e+03
1.049002334748955263e+03
1.048992309189061643e+03
1.048982701801544636e+03
1.048973449994588009e+03
1.048964500524396499e+03
1.048955808105670485e+03
1.048947334226466410e+03
1.048939046138104459e+03
1.048930915994751558e+03
1.048922920120813387e+03
1.048915038387360482e+03
1.048907253681498332e+03
1.048899551454925586e+03
1.048891919339921742e+03
1.048884346822739417e+03
1.048876824965847163e+03
1.048869297945036806e+03
1.048861770924225993e+03
1.048854243903415636e+03
1.048846716882604824e+03
1.048839189861794466e+03
1.048831662840983654e+03
1.048824135820173296e+03
1.048816608799362484e+03
1.048809081778552127e+03
1.048801554757741314e+03
1.048794027736930957e+03
1.048786500716120145e+03
1.048778973695309787e+03
1.048771446674498975e+03
1.048763919653688617e+03
1.048756392632877805e+03
1.048748865612067448e+03
1.048741338591256635e+03
1.048733811570446278e+03
1.048717702415930489e+03
1.048703657004664819e+03
1.048690586183112600e+03
1.048678344760131949e+03
1.048666809001033698e+03
1.048655873516046086e+03
1.048645448579089134e+03
1.048635457825016374e+03
1.048625836276735299e+03
1.048616528658012385e+03
1.048607487952565407e+03
1.048598674174751750e+03
1.048590053321601317e+03
1.048581596479984228e+03
1.048573279066295754e+03
1.048565080179228289e+03
1.048556982048964301e+03
1.048548969568531675e+03
1.048541029895137626e+03
1.048533152111078152e+03
1.048533957945466000e+03
1.048532727721619267e+03
1.048530552030043509e+03
1.048527572848579666e+03
1.048523910855337590e+03
1.048519668608791108e+03
1.048514933261050146e+03
1.048509778869161437e+03
1.048504268361905588e+03
1.048498455212273939e+03
1.048492384859035610e+03
1.048486095914715179e+03
1.048479621191903789e+03
1.048472988575169893e+03
1.048466221761767429e+03
1.048459340890899739e+03
1.048452363078313510e+03
1.048445302870488376e+03
1.048438172630526196e+03
1.048430982866031854e+03
1.048423742507713996e+03
1.048416459146121497e+03
1.048409139232817779e+03
1.048401788251338530e+03
1.048394410862475297e+03
1.048387011027745075e+03
1.048379592114324623e+03
1.048372156984232561e+03
1.048364708070125744e+03
1.048357247439718549e+03
1.048349776850537864e+03
1.048342297796458524e+03
1.048334811547258141e+03
1.048327319182235897e+03
1.048319821618787046e+03
1.048312319636691882e+03
1.048304813898758994e+03
1.048297304968372373e+03
1.048289793324406446e+03
1.048282279373901929e+03
1.048283395446873783e+03
1.048283726623329358e+03
1.048284057799784705e+03
1.048284388976240052e+03
1.048284720152695627e+03
1.048285051329151202e+03
1.048285382505606549e+03
1.048285713682061896e+03
1.048286044858517471e+03
1.048286376034973046e+03
1.048286707211428393e+03
1.048287038387883740e+03
1.048287369564339315e+03
1.048287700740794889e+03
1.048288031917250237e+03
1.048288363093705584e+03
1.048288694270161159e+03
1.048289025446616733e+03
1.048289356623072081e+03
1.048289687799527428e+03
1.048281386991953013e+03
1.048275164206075942e+03
1.048269923487392589e+03
1.048265517929554107e+03
1.048261822504346128e+03
1.048258730841418583e+03
1.048256152467197808e+03
1.048254010443345578e+03
1.048252239350501895e+03
1.048250783568995530e+03
1.048249595814103259e+03
1.048248635888975969e+03
1.048247869623382940e+03
1.048247267970882604e+03
1.048246806240960268e+03
1.048246463446060488e+03
1.048246221746399897e+03
1.048246065977949456e+03
1.048245983251164944e+03
1.048245962609863909e+03
1.048254624373370689e+03
1.048261254808111971e+03
1.048266941390786997e+03
1.048271825306110259e+03
1.048276026710835595e+03
1.048279647830713657e+03
1.048282775614834691e+03
1.048285484005335547e+03
1.048287835874979464e+03
1.048289884679238867e+03
1.048291675863735691e+03
1.048293248062526345e+03
1.048294634117854685e+03
1.048295861947691037e+03
1.048296955283605485e+03
1.048297934298249174e+03
1.048298816138891425e+03
1.048299615381038848e+03
1.048300344414080655e+03
1.048301013769131941e+03
1.048301632397726735e+03
1.048302207908724995e+03
1.048302746769693840e+03
1.048303254478089229e+03
1.048303735706764883e+03
1.048304194427656284e+03
1.048304634016916452e+03
1.048305057344279930e+03
1.048305466849023560e+03
1.048305864604535600e+03
1.048306252373197594e+03
1.048306631653034174e+03
1.048307003717367934e+03
1.048307369648522808e+03
1.048307730366474743e+03
1.048308086653204100e+03
1.048308439173393026e+03
1.048308788492023041e+03
1.048309135089327128e+03
1.048309479373504473e+03
1.048309821691523894e+03
1.048310164209636014e+03
1.048310506727748589e+03
1.048310849245860709e+03
1.048311191763973284e+03
1.048311534282085404e+03
1.048311876800197979e+03
1.048312219318310099e+03
1.048312561836422674e+03
1.048312904354534794e+03
1.048313246872647369e+03
1.048313589390759489e+03
1.048313931908872064e+03
1.048314274426984184e+03
1.048314616945096759e+03
1.048314959463208879e+03
1.048315301981321454e+03
1.048315644499433574e+03
1.048315987017546149e+03
1.048316329535658269e+03
1.048308040036359671e+03
1.048301828570082307e+03
1.048296599177403095e+03
1.048292204950154201e+03
1.048288520858812717e+03
1.048285440532088842e+03
1.048282873495734066e+03
1.048280742810925631e+03
1.048278983057958840e+03
1.048277538616915081e+03
1.048276362202894006e+03
1.048275413618922585e+03
1.048274658694680056e+03
1.048274068383663689e+03
1.048273617995313316e+03
1.048273286542043707e+03
1.048273056184050120e+03
1.048272911757288739e+03
1.048272840372205565e+03
1.048272831072612007e+03
1.048281504137271440e+03
1.048288145889070847e+03
1.048293843795354178e+03
1.048298739039060138e+03
1.048302951775653355e+03
1.048306584229946566e+03
1.048309723350349486e+03
1.048312443078501929e+03
1.048314806286805606e+03
1.048316866430468053e+03
1.048318668954918849e+03
1.048320252494072520e+03
1.048321649890068556e+03
1.048322889060801344e+03
1.048323993737784349e+03
1.048324984093626654e+03
1.048325877275566654e+03
1.048326687859087315e+03
1.048327428233560568e+03
1.048328108930089002e+03
1.048320106059937871e+03
1.048314138470094122e+03
1.048309116485085951e+03
1.048304898623013742e+03
1.048301364483829957e+03
1.048298411641789471e+03
1.048295952982769677e+03
1.048293914427971913e+03
1.048292232991097535e+03
1.048290855122080984e+03
1.048289735296281378e+03
1.048288834813482708e+03
1.048288120775934431e+03
1.048287565219013686e+03
1.048287144371878640e+03
1.048286838028774127e+03
1.048286629014492974e+03
1.048286502729926042e+03
1.048286446765727305e+03
1.048286450573894399e+03
1.048286505188593765e+03
1.048286554632441266e+03
1.048286604076288768e+03
1.048286653520136497e+03
1.048286702963984226e+03
1.048286752407831727e+03
1.048286801851679229e+03
1.048286851295526958e+03
1.048286900739374687e+03
1.048286950183222189e+03
1.048286999627069690e+03
1.048287049070917419e+03
1.048287098514765148e+03
1.048287147958612650e+03
1.048287197402460151e+03
1.048287246846307880e+03
1.048287296290155609e+03
1.048287345734003111e+03
1.048287395177850613e+03
1.048287444621698342e+03
1.048278862946352319e+03
1.048272359002836311e+03
1.048266836963364540e+03
1.048262149967388041e+03
1.048258173019710512e+03
1.048254799773772220e+03
1.048251939773132335e+03
1.048249516091781061e+03
1.048247463319225062e+03
1.048245725842162528e+03
1.048244256380441129e+03
1.048243014740489116e+03
1.048241966754420218e+03
1.048241083377469067e+03
1.048240339920314682e+03
1.048239715396251995e+03
1.048239191966097906e+03
1.048238754466250157e+03
1.048238390007462158e+03
1.048238087633760415e+03
1.048246468636397594e+03
1.048252817923569410e+03
1.048258223199859458e+03
1.048262825693511786e+03
1.048266745592817415e+03
1.048270085146383053e+03
1.048272931319872441e+03
1.048275358067445723e+03
1.048277428270595465e+03
1.048279195391134863e+03
1.048280704879298128e+03
1.048281995372499068e+03
1.048283099715428307e+03
1.048284045827842647e+03
1.048284857442618204e+03
1.048285554733363369e+03
1.048286154848049364e+03
1.048286672362700074e+03
1.048287119667086017e+03
1.048287507292606051e+03
1.048287844191002932e+03
1.048288137971293963e+03
1.048288395101163587e+03
1.048288621078156439e+03
1.048288820575192403e+03
1.048288997564259489e+03
1.048289155421548230e+03
1.048289297016823639e+03
1.048289424789386203e+03
1.048289540812642372e+03
1.048289646848987104e+03
1.048289744396457763e+03
1.048289834728384676e+03
1.048289918927099734e+03
1.048289997912584795e+03
1.048290072466824085e+03
1.048290143254504301e+03
1.048290210840609916e+03
1.048290275705376644e+03
1.048290338257005260e+03
1.048299028352583264e+03
1.048306934859110015e+03
1.048314841365636767e+03
1.048322747872163291e+03
1.048330654378689815e+03
1.048338560885216566e+03
1.048346467391743317e+03
1.048354373898269841e+03
1.048362280404796365e+03
1.048370186911323117e+03
1.048378093417849868e+03
1.048385999924376392e+03
1.048393906430902916e+03
1.048401812937429668e+03
1.048409719443956419e+03
1.048417625950482943e+03
1.048425532457009467e+03
1.048433438963536219e+03
1.048441345470062970e+03
1.048449251976589494e+03
1.048448528972999839e+03
1.048449885591845941e+03
1.048452225737834851e+03
1.048455401710898514e+03
1.048459287967606315e+03
1.048463777814906962e+03
1.048468780588197660e+03
1.048474219246929351e+03
1.048480028328330491e+03
1.048486152207235364e+03
1.048492543616937610e+03
1.048499162392294238e+03
1.048505974401865842e+03
1.048512950640740428e+03
1.048520066459881264e+03
1.048527300911457132e+03
1.048534636192673588e+03
1.048542057173275452e+03
1.048549550994107676e+03
1.048557106726037091e+03
1.048573292855190857e+03
1.048587464109834627e+03
1.048600698596769917e+03
1.048613135909273069e+03
1.048624894997836464e+03
1.048636077168828479e+03
1.048646768666472781e+03
1.048657042889157083e+03
1.048666962287496290e+03
1.048676579987076821e+03
1.048685941174034269e+03
1.048695084276978378e+03
1.048704041974445090e+03
1.048712842053148506e+03
1.048721508138794206e+03
1.048730060318169535e+03
1.048738515668538639e+03
1.048746888708055167e+03
1.048755191778913968e+03
1.048763435373236916e+03
1.048771628410226413e+03
1.048779778471847067e+03
1.048787892003228080e+03
1.048795974483060263e+03
1.048804030568467624e+03
1.048812064218175237e+03
1.048820078797222777e+03
1.048828077165981313e+03
1.048836061755830087e+03
1.048844034633488036e+03
1.048851997555697608e+03
1.048859952015714498e+03
1.048867899282823373e+03
1.048875840435928467e+03
1.048883776392106711e+03
1.048891707930881012e+03
1.048899635714849637e+03
1.048907560307224230e+03
1.048915482186738473e+03
1.048923401760315983e+03
1.048931319373844872e+03
1.048939237186536275e+03
1.048947154999227450e+03
1.048955072811918626e+03
1.048962990624610029e+03
1.048970908437301432e+03
1.048978826249992608e+03
1.048986744062683783e+03
1.048994661875375186e+03
1.049002579688066589e+03
1.049010497500757765e+03
1.049018415313448941e+03
1.049026333126140344e+03
1.049034250938831747e+03
1.049042168751522922e+03
1.049050086564214098e+03
1.049058004376905501e+03
1.049065922189596904e+03
1.049073840002288080e+03
1.049081757814979255e+03
1.049081046158442405e+03
1.049082414117776580e+03
1.049084765602201514e+03
1.049087952911096409e+03
1.049091850500800774e+03
1.049096351678239898e+03
1.049101365778916488e+03
1.049106815762459519e+03
1.049112636166314815e+03
1.049118771365548355e+03
1.049125174093683881e+03
1.049131804185799638e+03
1.049138627510661081e+03
1.049145615063542664e+03
1.049152742195577275e+03
1.049159987959082628e+03
1.049167334551396152e+03
1.049174766842379086e+03
1.049182271972977105e+03
1.049189839014144127e+03
