1.000009998000066616e+03
1.000109998000066639e+03
1.000209998000066662e+03
1.000309998000066685e+03
1.000409998000066707e+03
1.000509998000066730e+03
1.000609998000066753e+03
1.000709998000066776e+03
1.000809998000066798e+03
1.000909998000066821e+03
1.001009998000066844e+03
1.001109998000066867e+03
1.001209998000066889e+03
1.001309998000066912e+03
1.001409998000066935e+03
1.001509998000066958e+03
1.001609998000066980e+03
1.001709998000067003e+03
1.001809998000067026e+03
1.001909998000067048e+03
1.002009998000067071e+03
1.002109998000067094e+03
1.002209998000067117e+03
1.002309998000067139e+03
1.002409998000067162e+03
1.002509998000067185e+03
1.002609998000067208e+03
1.002709998000067230e+03
1.002809998000067253e+03
1.002909998000067276e+03
1.003009998000067299e+03
1.003109998000067321e+03
1.003209998000067344e+03
1.003309998000067367e+03
1.003409998000067390e+03
1.003509998000067412e+03
1.003609998000067435e+03
1.003709998000067458e+03
1.003809998000067480e+03
1.003909998000067503e+03
1.004009998000067526e+03
1.004109998000067549e+03
1.004209998000067571e+03
1.004309998000067594e+03
1.004409998000067617e+03
1.004509998000067640e+03
1.004609998000067662e+03
1.004709998000067685e+03
1.004809998000067708e+03
1.004909998000067731e+03
1.005009998000067753e+03
1.005109998000067776e+03
1.005209998000067799e+03
1.005309998000067822e+03
1.005409998000067844e+03
1.005509998000067867e+03
1.005609998000067890e+03
1.005709998000067912e+03
1.005809998000067935e+03
1.005909998000067958e+03
1.006009998000067981e+03
1.006109998000068003e+03
1.006209998000068026e+03
1.006309998000068049e+03
1.006409998000068072e+03
1.006509998000068094e+03
1.006609998000068117e+03
1.006709998000068140e+03
1.006809998000068163e+03
1.006909998000068185e+03
1.007009998000068208e+03
1.007109998000068231e+03
1.007209998000068254e+03
1.007309998000068276e+03
1.007409998000068299e+03
1.007509998000068322e+03
1.007609998000068344e+03
1.007709998000068367e+03
1.007809998000068390e+03
1.007909998000068413e+03
1.008009998000068435e+03
1.008109998000068458e+03
1.008209998000068481e+03
1.008309998000068504e+03
1.008409998000068526e+03
1.008509998000068549e+03
1.008609998000068572e+03
1.008709998000068595e+03
1.008809998000068617e+03
1.008909998000068640e+03
1.009009998000068663e+03
1.009109998000068686e+03
1.009209998000068708e+03
1.009309998000068731e+03
1.009409998000068754e+03
1.009509998000068776e+03
1.009609998000068799e+03
1.009709998000068822e+03
1.009809998000068845e+03
1.009909998000068867e+03
1.010009998000068890e+03
1.010109998000068913e+03
1.010209998000068936e+03
1.010309998000068958e+03
1.010409998000068981e+03
1.010509998000069004e+03
1.010609998000069027e+03
1.010709998000069049e+03
1.010809998000069072e+03
1.010909998000069095e+03
1.011009998000069118e+03
1.011109998000069140e+03
1.011209998000069163e+03
1.011309998000069186e+03
1.011409998000069209e+03
1.011509998000069231e+03
1.011609998000069254e+03
1.011709998000069277e+03
1.011809998000069299e+03
1.011909998000069322e+03
1.012009998000069345e+03
1.012109998000069368e+03
1.012209998000069390e+03
1.012309998000069413e+03
1.012409998000069436e+03
1.012509998000069459e+03
1.012609998000069481e+03
1.012709998000069504e+03
1.012809998000069527e+03
1.012909998000069550e+03
1.013009998000069572e+03
1.013109998000069595e+03
1.013209998000069618e+03
1.013309998000069641e+03
1.013409998000069663e+03
1.013509998000069686e+03
1.013609998000069709e+03
1.013709998000069731e+03
1.013809998000069754e+03
1.013909998000069777e+03
1.014009998000069800e+03
1.014109998000069822e+03
1.014209998000069845e+03
1.014309998000069868e+03
1.014409998000069891e+03
1.014509998000069913e+03
1.014609998000069936e+03
1.014709998000069959e+03
1.014809998000069982e+03
1.014909998000070004e+03
1.015009998000070027e+03
1.015109998000070050e+03
1.015209998000070073e+03
1.015309998000070095e+03
1.015409998000070118e+03
1.015509998000070141e+03
1.015609998000070163e+03
1.015709998000070186e+03
1.015809998000070209e+03
1.015909998000070232e+03
1.016009998000070254e+03
1.016109998000070277e+03
1.016209998000070300e+03
1.016309998000070323e+03
1.016409998000070345e+03
1.016509998000070368e+03
1.016609998000070391e+03
1.016709998000070414e+03
1.016809998000070436e+03
1.016909998000070459e+03
1.017009998000070482e+03
1.017109998000070505e+03
1.017209998000070527e+03
1.017309998000070550e+03
1.017409998000070573e+03
1.017509998000070595e+03
1.017609998000070618e+03
1.017709998000070641e+03
1.017809998000070664e+03
1.017909998000070686e+03
1.018009998000070709e+03
1.018109998000070732e+03
1.018209998000070755e+03
1.018309998000070777e+03
1.018409998000070800e+03
1.018509998000070823e+03
1.018609998000070846e+03
1.018709998000070868e+03
1.018809998000070891e+03
1.018909998000070914e+03
1.019009998000070937e+03
1.019109998000070959e+03
1.019209998000070982e+03
1.019309998000071005e+03
1.019409998000071027e+03
1.019509998000071050e+03
1.019609998000071073e+03
1.019709998000071096e+03
1.019809998000071118e+03
1.019909998000071141e+03
1.020009643222154637e+03
1.020109431367049524e+03
1.020209278587734957e+03
1.020309168452562858e+03
1.020409089093083708e+03
1.020509031938352450e+03
1.020608990799843809e+03
1.020708961210032840e+03
1.020808939944419421e+03
1.020908924676176412e+03
1.021008913726656260e+03
1.021108905885169406e+03
1.021208900278817737e+03
1.021308896278488987e+03
1.021408893430975922e+03
1.021508891409965145e+03
1.021608889980655363e+03
1.021708888974219235e+03
1.021808888269373824e+03
1.021908887779081738e+03
1.022008887440960734e+03
1.022108887210366220e+03
1.022208887055404830e+03
1.022308886953342039e+03
1.022408886888013740e+03
1.022508886847964391e+03
1.022608886825106651e+03
1.022708886813757999e+03
1.022808886809949854e+03
1.022908886810930994e+03
1.023008886814812627e+03
1.023108886820313728e+03
1.023208886826580510e+03
1.023308886833056590e+03
1.023408886839391698e+03
1.023508886845376651e+03
1.023608886850897420e+03
1.023708886855903074e+03
1.023808886860384177e+03
1.023908886864356646e+03
1.024008886867851515e+03
1.024108886867155434e+03
1.024208886866459352e+03
1.024308886865763270e+03
1.024408886865067188e+03
1.024508886864371107e+03
1.024608886863675025e+03
1.024708886862978943e+03
1.024808886862282861e+03
1.024908886861586780e+03
1.025008886860890698e+03
1.025108886860194616e+03
1.025208886859498534e+03
1.025308886858802452e+03
1.025408886858106371e+03
1.025508886857410289e+03
1.025608886856714207e+03
1.025708886856018125e+03
1.025808886855322044e+03
1.025908886854625962e+03
1.026008564475933554e+03
1.026108348693740254e+03
1.026208192573490805e+03
1.026308079596696416e+03
1.026407997820675973e+03
1.026507938611129930e+03
1.026607895725525623e+03
1.026707864650333931e+03
1.026807842121892236e+03
1.026907825780048370e+03
1.027007813917806061e+03
1.027107805300366635e+03
1.027207799034329128e+03
1.027307794473150125e+03
1.027407791148801607e+03
1.027507788722371515e+03
1.027607786948347893e+03
1.027707785648799018e+03
1.027807784694701922e+03
1.027907783992440727e+03
1.028007453949709316e+03
1.028107257537838450e+03
1.028207115811665290e+03
1.028307013572760297e+03
1.028406939841763005e+03
1.028506886688310033e+03
1.028606848385095191e+03
1.028706820796420061e+03
1.028806800936313721e+03
1.028906786649241440e+03
1.029006776379419080e+03
1.029106769004163425e+03
1.029206763713510327e+03
1.029306759923263371e+03
1.029406757212196226e+03
1.029506755276700915e+03
1.029606753898040552e+03
1.029706752918704069e+03
1.029806752225338641e+03
1.029906751736427850e+03
1.030006751393399327e+03
1.030106751154210542e+03
1.030206750988719705e+03
1.030306750875347916e+03
1.030406750798674238e+03
1.030506750747700153e+03
1.030606750714601731e+03
1.030706750693829918e+03
1.030806750681463882e+03
1.030906750674745808e+03
1.031006750671746659e+03
1.031106750671127884e+03
1.031206750671967029e+03
1.031306750673637907e+03
1.031406750675721241e+03
1.031506750677941909e+03
1.031606750680125515e+03
1.031706750682166557e+03
1.031806750684006147e+03
1.031906750685616771e+03
1.032006750686990245e+03
1.032106750684312829e+03
1.032206750681635413e+03
1.032306750678957997e+03
1.032406750676280581e+03
1.032506750673603165e+03
1.032606750670925749e+03
1.032706750668248333e+03
1.032806750665570917e+03
1.032906750662893501e+03
1.033006750660216085e+03
1.033106750657538669e+03
1.033206750654861253e+03
1.033306750652183837e+03
1.033406750649506421e+03
1.033506750646829005e+03
1.033606750644151589e+03
1.033706750641474173e+03
1.033806750638796757e+03
1.033906750636119341e+03
1.034006429234351344e+03
1.034106214193435790e+03
1.034206058703101462e+03
1.034305946261515601e+03
1.034405864940172705e+03
1.034505806116835402e+03
1.034605763559229217e+03
1.034705732762550042e+03
1.034805710470553322e+03
1.034905694329395146e+03
1.035005682637441168e+03
1.035105674164451102e+03
1.035205668020899566e+03
1.035305663563536882e+03
1.035405660327135820e+03
1.035505657975163558e+03
1.035605656264132222e+03
1.035705655017829713e+03
1.035805654108694853e+03
1.035905653444354584e+03
1.036005322454687530e+03
1.036105125326317193e+03
1.036204982990713688e+03
1.036304880233429458e+03
1.036404806061471845e+03
1.036504752532880275e+03
1.036604713910485316e+03
1.036704686050200962e+03
1.036804665958923579e+03
1.036904651475055061e+03
1.037004641037656711e+03
1.037104633519663139e+03
1.037204628107384451e+03
1.037304624213458510e+03
1.037404621413966652e+03
1.037504619403012839e+03
1.037604617959915231e+03
1.037704616925510209e+03
1.037804616185039094e+03
1.037904615655791076e+03
1.038004615278179017e+03
1.038104615009297049e+03
1.038204614818269647e+03
1.038304614682894680e+03
1.038404614587220976e+03
1.038504614519799816e+03
1.038604614472423918e+03
1.038704614439219085e+03
1.038804614415987544e+03
1.038904614399736829e+03
1.039004614388337814e+03
1.039104614380281646e+03
1.039204614374502171e+03
1.039304614370249737e+03
1.039404614367001159e+03
1.039504614364392410e+03
1.039604614362174061e+03
1.039704614360176265e+03
1.039804614358285335e+03
1.039904614356427828e+03
1.040004614354556224e+03
1.040104614348610994e+03
1.040204614342665764e+03
1.040304614336720533e+03
1.040404614330775303e+03
1.040504614324830072e+03
1.040604614318884842e+03
1.040704614312939611e+03
1.040804614306994381e+03
1.040904614301049151e+03
1.041004614295103920e+03
1.041104614289158690e+03
1.041204614283213459e+03
1.041304614277268229e+03
1.041404614271322998e+03
1.041504614265377768e+03
1.041604614259432537e+03
1.041704614253487307e+03
1.041804614247542077e+03
1.041904614241596846e+03
1.042004293815471101e+03
1.042104079514549767e+03
1.042203924652846126e+03
1.042303812745183450e+03
1.042403731877233213e+03
1.042503673438818851e+03
1.042603631207924991e+03
1.042703600688472307e+03
1.042803578631634991e+03
1.042903562689876253e+03
1.043003551166924126e+03
1.043103542837097393e+03
1.043203536814745348e+03
1.043303532459912731e+03
1.043403529310172416e+03
1.043503527031372187e+03
1.043603525382046882e+03
1.043703524187704261e+03
1.043803523322245155e+03
1.043903522694539333e+03
1.044003190756654703e+03
1.044102992910501371e+03
1.044202849964183315e+03
1.044302746687234503e+03
1.044402672073031226e+03
1.044502618168015488e+03
1.044602579225154614e+03
1.044702551091974556e+03
1.044802530768240103e+03
1.044902516086289552e+03
1.045002505480029185e+03
1.045102497818011443e+03
1.045202492282821140e+03
1.045302488283929733e+03
1.045402485394726682e+03
1.045502483307028115e+03
1.045602481798207236e+03
1.045702480707446966e+03
1.045802479918583913e+03
1.045902479347712870e+03
1.046002478934230567e+03
1.046102478634368936e+03
1.046202478416518716e+03
1.046302478257854091e+03
1.046402478141894107e+03
1.046502478056739392e+03
1.046602477993799766e+03
1.046702477946875661e+03
1.046802477911492815e+03
1.046902477884422979e+03
1.047002477863337845e+03
1.047102477846558031e+03
1.047202477832873456e+03
1.047302477821411685e+03
1.047402477811544713e+03
1.047502477802820295e+03
1.047602477794913511e+03
1.047702477787590396e+03
1.047802477780682693e+03
1.047902477774070576e+03
1.048002477767667642e+03
1.048102477757168344e+03
1.048202477746669047e+03
1.048302477736169749e+03
1.048402477725670451e+03
1.048502477715171153e+03
1.048602477704671855e+03
1.048702477694172558e+03
1.048802477683673260e+03
1.048902477673173962e+03
1.049002477662674664e+03
1.049102477652175367e+03
1.049202477641676069e+03
1.049302477631176771e+03
1.049402477620677473e+03
1.049502477610178175e+03
1.049602477599678878e+03
1.049702477589179580e+03
1.049802477578680282e+03
1.049902477568180984e+03
1.050002158116415330e+03
1.050101944554204465e+03
1.050201790319847305e+03
1.050301678944823379e+03
1.050401598528980230e+03
1.050501540474203011e+03
1.050601498568735906e+03
1.050701468325223686e+03
1.050801446502259751e+03
1.050901430758614197e+03
1.051001419403378122e+03
1.051101411215428016e+03
1.051201405312989209e+03
1.051301401059400405e+03
1.051401397995034813e+03
1.051501395788119908e+03
1.051601394199214155e+03
1.051701393055545168e+03
1.051801392232475791e+03
1.051901391640117936e+03
1.052001058752733343e+03
1.052100860187513035e+03
1.052200716629195995e+03
1.052300612831297940e+03
1.052400537773563656e+03
1.052500483490838178e+03
1.052600444226225363e+03
1.052700415818863803e+03
1.052800395261386484e+03
1.052900380380067418e+03
1.053000369603658783e+03
1.053100361796330390e+03
1.053200356136942446e+03
1.053300352031799093e+03
1.053400349051598369e+03
1.053500346885868566e+03
1.053600345310038165e+03
1.053700344161636622e+03
1.053800343323095376e+03
1.053900342709314373e+03
1.054000342258676028e+03
1.054100341926548026e+03
1.054200341680588508e+03
1.054300341497347972e+03
1.054400341359815229e+03
1.054500341255640478e+03
1.054600341175851099e+03
1.054700341113921468e+03
1.054800341065100611e+03
1.054900341025925400e+03
1.055000340993867439e+03
1.055100340967077955e+03
1.055200340944201798e+03
1.055300340924244210e+03
1.055400340906472593e+03
1.055500340890346251e+03
1.055600340875464553e+03
1.055700340861529639e+03
1.055800340848319138e+03
1.055900340835666157e+03
1.056000340823445640e+03
1.056100340807106022e+03
1.056200340790766404e+03
1.056300340774426786e+03
1.056400340758087168e+03
1.056500340741747550e+03
1.056600340725407932e+03
1.056700340709068314e+03
1.056800340692728696e+03
1.056900340676389078e+03
1.057000340660049460e+03
1.057100340643709842e+03
1.057200340627370224e+03
1.057300340611030606e+03
1.057400340594690988e+03
1.057500340578351370e+03
1.057600340562011752e+03
1.057700340545672134e+03
1.057800340529332516e+03
1.057900340512992898e+03
1.058000022034305175e+03
1.058099809209521482e+03
1.058199655601226368e+03
1.058299544757555850e+03
1.058399464792534673e+03
1.058499407120108799e+03
1.058599365538782422e+03
1.058699335569924870e+03
1.058799313979548060e+03
1.058899298432729893e+03
1.058999287243923618e+03
1.059099279196564112e+03
1.059199273412752518e+03
1.059299269259121274e+03
1.059399266278843697e+03
1.059499264142527863e+03
1.059599262612755410e+03
1.059699261518473804e+03
1.059799260736507904e+03
1.059899260178211989e+03
1.059998926340045728e+03
1.060098727054474921e+03
1.060198582882874007e+03
1.060298478562741593e+03
1.060398403060190503e+03
1.060498348398469943e+03
1.060598308810819617e+03
1.060698280127990301e+03
1.060798259335483408e+03
1.060898244253510256e+03
1.060998233305666872e+03
1.061098225351741576e+03
1.061198219566869511e+03
1.061298215354188187e+03
1.061398212281703991e+03
1.061498210036656928e+03
1.061598208392530296e+03
1.061698207185201227e+03
1.061798206295695309e+03
1.061898205637718092e+03
1.061998205148636998e+03
1.062098204782956827e+03
1.062198204507601758e+03
1.062298204298499058e+03
1.062398204138107076e+03
1.062498204013626037e+03
1.062598203915700196e+03
1.062698203837478331e+03
1.062798203773933210e+03
1.062898203721366372e+03
1.062998203677049560e+03
1.063098203638963696e+03
1.063198203605609706e+03
1.063298203575869820e+03
1.063398203548907304e+03
1.063498203524092560e+03
1.063598203500949694e+03
1.063698203479116728e+03
1.063798203458316721e+03
1.063898203438336623e+03
1.063998203419012043e+03
1.064098203395545625e+03
1.064198203372079206e+03
1.064298203348612788e+03
1.064398203325146369e+03
1.064498203301679951e+03
1.064598203278213532e+03
1.064698203254747114e+03
1.064798203231280695e+03
1.064898203207814277e+03
1.064998203184347858e+03
1.065098203160881440e+03
1.065198203137415021e+03
1.065298203113948603e+03
1.065398203090482184e+03
1.065498203067015766e+03
1.065598203043549347e+03
1.065698203020082929e+03
1.065798202996616510e+03
1.065898202973150092e+03
1.065997885466257912e+03
1.066097673377617639e+03
1.066197520394099911e+03
1.066297410080498366e+03
1.066397330565013590e+03
1.066497273273653946e+03
1.066597232015182499e+03
1.066697202319693588e+03
1.066797180960617879e+03
1.066897165609340618e+03
1.066997154585677663e+03
1.067097146677622959e+03
1.067197141011152098e+03
1.067297136956192162e+03
1.067397134058716347e+03
1.067497131991713559e+03
1.067597130519788152e+03
1.067697129473607674e+03
1.067797128731458542e+03
1.067897128205937861e+03
1.067996793415707771e+03
1.068096593408502486e+03
1.068196448622333492e+03
1.068296343778681603e+03
1.068396267830028592e+03
1.068496212788026924e+03
1.068596172876053288e+03
1.068696143916470646e+03
1.068796122887648608e+03
1.068896107603734436e+03
1.068996096483170504e+03
1.069096088381362279e+03
1.069196082469719840e+03
1.069296078148213837e+03
1.069396074982159689e+03
1.069496072656508886e+03
1.069596070942799770e+03
1.069696069675256695e+03
1.069796068733499624e+03
1.069896068030039942e+03
1.069996067501229618e+03
1.070096067100710798e+03
1.070196066794673698e+03
1.070296066558422353e+03
1.070396066373885105e+03
1.070496066227811525e+03
1.070596066110462743e+03
1.070696066014662620e+03
1.070796065935106981e+03
1.070896065867862262e+03
1.070996065809999891e+03
1.071096065759331623e+03
1.071196065714213546e+03
1.071296065673405110e+03
1.071396065635965442e+03
1.071496065601175815e+03
1.071596065568485528e+03
1.071696065537468030e+03
1.071796065507792264e+03
1.071896065479198796e+03
1.071996065451483673e+03
1.072096065419603974e+03
1.072196065387724275e+03
1.072296065355844576e+03
1.072396065323964876e+03
1.072496065292085177e+03
1.072596065260205478e+03
1.072696065228325779e+03
1.072796065196446079e+03
1.072896065164566380e+03
1.072996065132686681e+03
1.073096065100806982e+03
1.073196065068927282e+03
1.073296065037047583e+03
1.073396065005167884e+03
1.073496064973288185e+03
1.073596064941408486e+03
1.073696064909528786e+03
1.073796064877649087e+03
1.073896064845769388e+03
1.073995748309390137e+03
1.074095536955609532e+03
1.074195384595585438e+03
1.074295274810767523e+03
1.074395195743534032e+03
1.074495138831954819e+03
1.074595097895052504e+03
1.074695068471646437e+03
1.074795047342585576e+03
1.074895032185563423e+03
1.074995021325757762e+03
1.075095013555720925e+03
1.075195008005304544e+03
1.075295004047729435e+03
1.075395001231769129e+03
1.075494999232792907e+03
1.075594997817428521e+03
1.075694996818062691e+03
1.075794996114444075e+03
1.075894995620412601e+03
1.075994659876836295e+03
1.076094459146713007e+03
1.076194313744691499e+03
1.076294208376235247e+03
1.076394131980195198e+03
1.076494076556626624e+03
1.076594036319043653e+03
1.076694007081421432e+03
1.076793985814997995e+03
1.076893970327857232e+03
1.076993959033286046e+03
1.077093950782308639e+03
1.077193944742609574e+03
1.077293940310993094e+03
1.077393937050082513e+03
1.077493934642541717e+03
1.077593932857964091e+03
1.077693931528920530e+03
1.077793930533626281e+03
1.077893929783398107e+03
1.077993929213572528e+03
1.078093928776928578e+03
1.078193928438923194e+03
1.078293928174236726e+03
1.078393927964267732e+03
1.078493927795315130e+03
1.078593927657257609e+03
1.078693927542592746e+03
1.078793927445740337e+03
1.078893927362531031e+03
1.078993927289837302e+03
1.079093927225299922e+03
1.079193927167131278e+03
1.079293927113968039e+03
1.079393927064764512e+03
1.079493927018714203e+03
1.079593926975190016e+03
1.079693926933701732e+03
1.079793926893863727e+03
1.079893926855370637e+03
1.079993926817978718e+03
1.080093926776399712e+03
1.080193926734820707e+03
1.080293926693241701e+03
1.080393926651662696e+03
1.080493926610083690e+03
1.080593926568504685e+03
1.080693926526925679e+03
1.080793926485346674e+03
1.080893926443767668e+03
1.080993926402188663e+03
1.081093926360609657e+03
1.081193926319030652e+03
1.081293926277451646e+03
1.081393926235872641e+03
1.081493926194293635e+03
1.081593926152714630e+03
1.081693926111135625e+03
1.081793926069556619e+03
1.081893926027977614e+03
1.081993610460829814e+03
1.082093399840625352e+03
1.082193248102810003e+03
1.082293138845490830e+03
1.082393060225223280e+03
1.082493003692138927e+03
1.082592963075519719e+03
1.082692933922910242e+03
1.082792913022578205e+03
1.082892898058524679e+03
1.082992887361289831e+03
1.083092879727985292e+03
1.083192874292337137e+03
1.083292870430860603e+03
1.083392867695129780e+03
1.083492865762893871e+03
1.083592864402803571e+03
1.083692863448966364e+03
1.083792862782592010e+03
1.083892862318763264e+03
1.083992525620559263e+03
1.084092324166233993e+03
1.084192178147075083e+03
1.084292072252529351e+03
1.084391995407816694e+03
1.084491939601396098e+03
1.084591899036917994e+03
1.084691869519970396e+03
1.084791848014659536e+03
1.084891832323005474e+03
1.084991820853141235e+03
1.085091812451708165e+03
1.085191806282665993e+03
1.085291801739652556e+03
1.085391798382599518e+03
1.085491795891882248e+03
1.085591794035149860e+03
1.085691792643319559e+03
1.085791791593201651e+03
1.085891790794918279e+03
1.085991790182791192e+03
1.086091789708735632e+03
1.086191789337475711e+03
1.086291789043067865e+03
1.086391788806380873e+03
1.086491788613262997e+03
1.086591788453210029e+03
1.086691788318394174e+03
1.086791788202958287e+03
1.086891788102498367e+03
1.086991788013686346e+03
1.087091787933993828e+03
1.087191787861488137e+03
1.087291787794683614e+03
1.087391787732430430e+03
1.087491787673832278e+03
1.087591787618187709e+03
1.087691787564942388e+03
1.087791787513655891e+03
1.087891787463976698e+03
1.087991787415621957e+03
1.088091787363057165e+03
1.088191787310492373e+03
1.088291787257927581e+03
1.088391787205362789e+03
1.088491787152797997e+03
1.088591787100233205e+03
1.088691787047668413e+03
1.088791786995103621e+03
1.088891786942538829e+03
1.088991786889974037e+03
1.089091786837409245e+03
1.089191786784844453e+03
1.089291786732279661e+03
1.089391786679714869e+03
1.089491786627150077e+03
1.089591786574585285e+03
1.089691786522020493e+03
1.089791786469455701e+03
1.089891786416890909e+03
1.089991471817691490e+03
1.090091261929779648e+03
1.090191110812889065e+03
1.090291002081783745e+03
1.090390923907196793e+03
1.090490867751321503e+03
1.090590827453700058e+03
1.090690798570601373e+03
1.090790777897712360e+03
1.090890763125341437e+03
1.090990752589391377e+03
1.091090745091532426e+03
1.091190739769366246e+03
1.091290736002702033e+03
1.091390733345913986e+03
1.091490731479131910e+03
1.091590730173029669e+03
1.091690729263434378e+03
1.091790728633017807e+03
1.091890728198105535e+03
1.091990390543991452e+03
1.092090188364180449e+03
1.092190041726600157e+03
1.092289935304680057e+03
1.092389858010009220e+03
1.092489801819450577e+03
1.092589760926791541e+03
1.092689731129232314e+03
1.092789709383747777e+03
1.092889693486295073e+03
1.092989681839851528e+03
1.093089673286676998e+03
1.093189666987005694e+03
1.093289662331309046e+03
1.093389658876826843e+03
1.093489656301647074e+03
1.093589654371473216e+03
1.093689652915569923e+03
1.093789651809341876e+03
1.093889650961717280e+03
1.093989650306001749e+03
1.094089649793248782e+03
1.094189649387447844e+03
1.094289649062032368e+03
1.094389648797341124e+03
1.094489648578771721e+03
1.094589648395436825e+03
1.094689648239183498e+03
1.094789648103878108e+03
1.094889647984881094e+03
1.094989647878664982e+03
1.095089647782530847e+03
1.095189647694402083e+03
1.095289647612669796e+03
1.095389647536080020e+03
1.095489647463648453e+03
1.095589647394597250e+03
1.095689647328308411e+03
1.095789647264287396e+03
1.095889647202135620e+03
1.095989333573835211e+03
1.096089034177045733e+03
1.096188734780256254e+03
1.096288435383466776e+03
1.096388135986677298e+03
1.096487836589887820e+03
1.096587537193098342e+03
1.096687237796308864e+03
1.096786938399519386e+03
1.096886639002729908e+03
1.096986339605940429e+03
1.097086040209150951e+03
1.097185740812361473e+03
1.097285441415571995e+03
1.097385142018782517e+03
1.097484842621993039e+03
1.097584543225203561e+03
1.097684243828414083e+03
1.097783944431624604e+03
1.097883645034835126e+03
1.097982355831156838e+03
1.098081333803324924e+03
1.098180447296604370e+03
1.098279668469499711e+03
1.098378975735733320e+03
1.098478352251555407e+03
1.098577784788282770e+03
1.098677262888811129e+03
1.098776778233889672e+03
1.098876324163748677e+03
1.098975895315123807e+03
1.099075487344311796e+03
1.099175096714610390e+03
1.099274720532167066e+03
1.099374356418396928e+03
1.099474002410173625e+03
1.099573656881238094e+03
1.099673318479906129e+03
1.099772986079384282e+03
1.099872658737894653e+03
1.099972675507870463e+03
1.100072668164503739e+03
1.100172642235438616e+03
1.100272593505251052e+03
1.100372520335429499e+03
1.100472422737937222e+03
1.100572301737582848e+03
1.100672158938326447e+03
1.100771996232885158e+03
1.100871815612420505e+03
1.100971619045598572e+03
1.101071408405278362e+03
1.101171185427491309e+03
1.101270951691959908e+03
1.101370708616643014e+03
1.101470457461126898e+03
1.101570199335302050e+03
1.101669935210923541e+03
1.101769665934464001e+03
1.101869392240220805e+03
1.101969114763035577e+03
1.102068834050246323e+03
1.102168550572669574e+03
1.102268264734529794e+03
1.102367976882330140e+03
1.102467687312702310e+03
1.102567396279303466e+03
1.102667103998839593e+03
1.102766810656305097e+03
1.102866516409518226e+03
1.102966221393038268e+03
1.103065925721540225e+03
1.103165629492713606e+03
1.103265332789751710e+03
1.103365035683480528e+03
1.103464738234184324e+03
1.103564440493163602e+03
1.103664142504066149e+03
1.103763844304022996e+03
1.103863545924618620e+03
1.103963247392715175e+03
1.104062948872269544e+03
1.104162650351823913e+03
1.104262351831378282e+03
1.104362053310932652e+03
1.104461754790487021e+03
1.104561456270041390e+03
1.104661157749595759e+03
1.104760859229150128e+03
1.104860560708704497e+03
1.104960262188258866e+03
1.105059963667813236e+03
1.105159665147367605e+03
1.105259366626921974e+03
1.105359068106476343e+03
1.105458769586030712e+03
1.105558471065585081e+03
1.105658172545139450e+03
1.105757874024693820e+03
1.105857575504248189e+03
1.105956288150052615e+03
1.106055267737699751e+03
1.106154382735953277e+03
1.106253605319779126e+03
1.106352913916927946e+03
1.106452291695599342e+03
1.106551725437284176e+03
1.106651204693536101e+03
1.106750721152472579e+03
1.106850268160591213e+03
1.106949840359959353e+03
1.107049433411407335e+03
1.107149043782088711e+03
1.107248668581429911e+03
1.107348305433633186e+03
1.107447952377942784e+03
1.107547607790114171e+03
1.107647270320176858e+03
1.107746938842793497e+03
1.107846612417424012e+03
1.107946629118724331e+03
1.108046621937601003e+03
1.108146596278007564e+03
1.108246547908416687e+03
1.108346475176628701e+03
1.108446378082975343e+03
1.108546257642381306e+03
1.108646115450406796e+03
1.108745953392632373e+03
1.108845773454155733e+03
1.108945577598489535e+03
1.109045367694113565e+03
1.109145145473338971e+03
1.109244912512725250e+03
1.109344670227544384e+03
1.109444419875098447e+03
1.109544162563337068e+03
1.109643899262365494e+03
1.109743630817255053e+03
1.109843357961110769e+03
1.109943081327761774e+03
1.110042801463685237e+03
1.110142518838966225e+03
1.110242233857207339e+03
1.110341946864383544e+03
1.110441658156676795e+03
1.110541367987362491e+03
1.110641076572822158e+03
1.110740784097774167e+03
1.110840490719802574e+03
1.110940196573267031e+03
1.111039901772673375e+03
1.111139606415567414e+03
1.111239310585019211e+03
1.111339014351751302e+03
1.111438717775959503e+03
1.111538420908869057e+03
1.111638123794063858e+03
1.111737826468621051e+03
1.111837528964078501e+03
1.111937231307259253e+03
1.112036933661875082e+03
1.112136636016490911e+03
1.112236338371106740e+03
1.112336040725722569e+03
1.112435743080338398e+03
1.112535445434954227e+03
1.112635147789570055e+03
1.112734850144185884e+03
1.112834552498801713e+03
1.112934254853417542e+03
1.113033957208033371e+03
1.113133659562649200e+03
1.113233361917265029e+03
1.113333064271880858e+03
1.113432766626496687e+03
1.113532468981112515e+03
1.113632171335728344e+03
1.113731873690344173e+03
1.113831576044960002e+03
1.113930290538977260e+03
1.114029271740830154e+03
1.114128388242782876e+03
1.114227612236262758e+03
1.114326922163049858e+03
1.114426301203292496e+03
1.114525736148655369e+03
1.114625216559351429e+03
1.114724734130865500e+03
1.114824282215963194e+03
1.114923855462043093e+03
1.115023449534469819e+03
1.115123060904252725e+03
1.115222686684096743e+03
1.115322324500991726e+03
1.115421972396552519e+03
1.115521628748549119e+03
1.115621292208724526e+03
1.115720961653197264e+03
1.115820636142665762e+03
1.115920652774004111e+03
1.116020645753838153e+03
1.116120620362430600e+03
1.116220572352150384e+03
1.116320500057110621e+03
1.116420403466011294e+03
1.116520283583892024e+03
1.116620141997914970e+03
1.116719980586523434e+03
1.116819801328750600e+03
1.116919606182956386e+03
1.117019397013241360e+03
1.117119175548195699e+03
1.117218943361216361e+03
1.117318701864887998e+03
1.117418452314229171e+03
1.117518195815248191e+03
1.117617933336400938e+03
1.117717665721356298e+03
1.117817393702027857e+03
1.117917117911232481e+03
1.118016838894586499e+03
1.118116557121442611e+03
1.118216272994782230e+03
1.118315986860051225e+03
1.118415699012982714e+03
1.118515409706470109e+03
1.118615119156570699e+03
1.118714827547727054e+03
1.118814535037287897e+03
1.118914241759414153e+03
1.119013947828442497e+03
1.119113653341774352e+03
1.119213358382357683e+03
1.119313063020810660e+03
1.119412767317240878e+03
1.119512471322798092e+03
1.119612175081002761e+03
1.119711878628877685e+03
1.119811581997914118e+03
1.119911285214896452e+03
1.120010988443291126e+03
1.120110691671685800e+03
1.120210394900080473e+03
1.120310098128475147e+03
1.120409801356869821e+03
1.120509504585264494e+03
1.120609207813659168e+03
1.120708911042053842e+03
1.120808614270448516e+03
1.120908317498843189e+03
1.121008020727237863e+03
1.121107723955632537e+03
1.121207427184027210e+03
1.121307130412421884e+03
1.121406833640816558e+03
1.121506536869211232e+03
1.121606240097605905e+03
1.121705943326000579e+03
1.121805646554395253e+03
1.121904362895355689e+03
1.122003345710141048e+03
1.122102463714518080e+03
1.122201689116375974e+03
1.122301000371523287e+03
1.122400380672058873e+03
1.122499816819820808e+03
1.122599298383681344e+03
1.122698817066492893e+03
1.122798366227289080e+03
1.122897940518800169e+03
1.122997535610924388e+03
1.123097147978527573e+03
1.123196774737592705e+03
1.123296413517898145e+03
1.123396062363427973e+03
1.123495719653968081e+03
1.123595384042974047e+03
1.123695054408021178e+03
1.123794729811045499e+03
1.123894746371135398e+03
1.123994739510640329e+03
1.124094714386132637e+03
1.124194666733877511e+03
1.124294594874300628e+03
1.124394498784469988e+03
1.124494379459541051e+03
1.124594238478277020e+03
1.124694077711983937e+03
1.124793899133631157e+03
1.124893704696424948e+03
1.124993496260087340e+03
1.125093275549486634e+03
1.125193044134858610e+03
1.125292803426099681e+03
1.125392554675944666e+03
1.125492298988461016e+03
1.125592037330455014e+03
1.125691770544193105e+03
1.125791499360398120e+03
1.125891224410873519e+03
1.125990946240374797e+03
1.126090665317523417e+03
1.126190382044678699e+03
1.126290096766758097e+03
1.126389809779045436e+03
1.126489521334051915e+03
1.126589231647510815e+03
1.126688940903588446e+03
1.126788649259399335e+03
1.126888356848905232e+03
1.126988063786272733e+03
1.127087770168759789e+03
1.127187476079191811e+03
1.127287181588083286e+03
1.127386886755452906e+03
1.127486591632375848e+03
1.127586296262307769e+03
1.127686000682217582e+03
1.127785704923550838e+03
1.127885409013052140e+03
1.127985113113943044e+03
1.128084817214833947e+03
1.128184521315724851e+03
1.128284225416615755e+03
1.128383929517506658e+03
1.128483633618397562e+03
1.128583337719288465e+03
1.128683041820179369e+03
1.128782745921070273e+03
1.128882450021961176e+03
1.128982154122852080e+03
1.129081858223742984e+03
1.129181562324633887e+03
1.129281266425524791e+03
1.129380970526415695e+03
1.129480674627306598e+03
1.129580378728197502e+03
1.129680082829088406e+03
1.129779786929979309e+03
1.129878505116613042e+03
1.129977489543057573e+03
1.130076609048584032e+03
1.130175835857543007e+03
1.130275148439773375e+03
1.130374529999323386e+03
1.130473967348205406e+03
1.130573450063950531e+03
1.130672969856779446e+03
1.130772520091993783e+03
1.130872095427654813e+03
1.130971691538195728e+03
1.131071304902337488e+03
1.131170932639342254e+03
1.131270572381775992e+03
1.131370222175993149e+03
1.131469880403794832e+03
1.131569545720349197e+03
1.131669217004688562e+03
1.131768893319986546e+03
1.131868909807541058e+03
1.131968903105431082e+03
1.132068878246537224e+03
1.132168830951021164e+03
1.132268759525621590e+03
1.132368663935774748e+03
1.132468545166751483e+03
1.132568404788915586e+03
1.132668244666436976e+03
1.132768066766219818e+03
1.132867873036318088e+03
1.132967665332073921e+03
1.133067445374635099e+03
1.133167214731074409e+03
1.133266974808601617e+03
1.133366726857667345e+03
1.133466471980397955e+03
1.133566211141950134e+03
1.133665945183188569e+03
1.133765674833643970e+03
1.133865400724107303e+03
1.133965123398473224e+03
1.134064843324631738e+03
1.134164560904319842e+03
1.134264276481927027e+03
1.134363990352287374e+03
1.134463702767530776e+03
1.134563413943065370e+03
1.134663124062781662e+03
1.134762833283559985e+03
1.134862541739162680e+03
1.134962249543587177e+03
1.135061956793947047e+03
1.135161663572945372e+03
1.135261369950992503e+03
1.135361075988019138e+03
1.135460781735024511e+03
1.135560487235401524e+03
1.135660192526063838e+03
1.135759897638411303e+03
1.135859602599148957e+03
1.135959307571253703e+03
1.136059012543358449e+03
1.136158717515463195e+03
1.136258422487567941e+03
1.136358127459672687e+03
1.136457832431777433e+03
1.136557537403882179e+03
1.136657242375986925e+03
1.136756947348091671e+03
1.136856652320196417e+03
1.136956357292301163e+03
1.137056062264405909e+03
1.137155767236510655e+03
1.137255472208615402e+03
1.137355177180720148e+03
1.137454882152824894e+03
1.137554587124929640e+03
1.137654292097034386e+03
1.137753997069139132e+03
1.137852717100176505e+03
1.137951703137006916e+03
1.138050824142407691e+03
1.138150052357191726e+03
1.138249366265227764e+03
1.138348749082513905e+03
1.138448187631236578e+03
1.138547671497586634e+03
1.138647192399152800e+03
1.138746743707504720e+03
1.138846320086034893e+03
1.138945917213711255e+03
1.139045531573110566e+03
1.139145160286773717e+03
1.139244800990054046e+03
1.139344451731677054e+03
1.139444110895457925e+03
1.139543777138278756e+03
1.139643449340627967e+03
1.139743126566917681e+03
1.139843142980650327e+03
1.139943136435638735e+03
1.140043111841072687e+03
1.140143064901010348e+03
1.140242993908502740e+03
1.140342898817354353e+03
1.140442780602951871e+03
1.140542640827259902e+03
1.140642481347311332e+03
1.140742304123946042e+03
1.140842111100064585e+03
1.140941904126630106e+03
1.141041684921069645e+03
1.141141455047293448e+03
1.141241215909823723e+03
1.141340968756827124e+03
1.141440714688489152e+03
1.141540454668316670e+03
1.141640189535772379e+03
1.141739920019195324e+03
1.141839646748363748e+03
1.141939370266311471e+03
1.142039091040196809e+03
1.142138809471135119e+03
1.142238525902987021e+03
1.142338240630137761e+03
1.142437953904335018e+03
1.142537665940662691e+03
1.142637376922735257e+03
1.142737087007198397e+03
1.142836796327615275e+03
1.142936504997813927e+03
1.143036213114763768e+03
1.143135920761046009e+03
1.143235628006966408e+03
1.143335334912367216e+03
1.143435041528172860e+03
1.143534747897711895e+03
1.143634454057844323e+03
1.143734160039923381e+03
1.143833865870615000e+03
1.143933571712650973e+03
1.144033277554686947e+03
1.144132983396722921e+03
1.144232689238758894e+03
1.144332395080794868e+03
1.144432100922830841e+03
1.144531806764866815e+03
1.144631512606902788e+03
1.144731218448938762e+03
1.144830924290974735e+03
1.144930630133010709e+03
1.145030335975046683e+03
1.145130041817082656e+03
1.145229747659118630e+03
1.145329453501154603e+03
1.145429159343190577e+03
1.145528865185226550e+03
1.145628571027262524e+03
1.145728276869298497e+03
1.145826998743469176e+03
1.145925986389412628e+03
1.146025108893412607e+03
1.146124338512744998e+03
1.146223653745308866e+03
1.146323037819052843e+03
1.146422477566337648e+03
1.146521962582012748e+03
1.146621484591035824e+03
1.146721036971244530e+03
1.146820614391363279e+03
1.146920212534893835e+03
1.147019827888268992e+03
1.147119457577308594e+03
1.147219099240154264e+03
1.147318750927900510e+03
1.147418411026378863e+03
1.147518078194184227e+03
1.147617751313261351e+03
1.147717429449260635e+03
1.147817445787884935e+03
1.147917439398685701e+03
1.148017415067161437e+03
1.148117368481267022e+03
1.148217297920366036e+03
1.148317203326631216e+03
1.148417085665564628e+03
1.148516946490731470e+03
1.148616787652028506e+03
1.148716611104230878e+03
1.148816418785085716e+03
1.148916212541177629e+03
1.149015994086211776e+03
1.149115764980936319e+03
1.149215526627186364e+03
1.149315280270844141e+03
1.149415027010154290e+03
1.149514767806974078e+03
1.149614503499363991e+03
1.149714234814471638e+03
1.149813962381062311e+03
1.149913686741309220e+03
1.150013408361638767e+03
1.150113127642544669e+03
1.150212844927359129e+03
1.150312560510017647e+03
1.150412274641886142e+03
1.150511987537724053e+03
1.150611699380870277e+03
1.150711410327735621e+03
1.150811120511684294e+03
1.150910830046374485e+03
1.151010539028632138e+03
1.151110247540915225e+03
1.151209955653426050e+03
1.151309663425918643e+03
1.151409370909241943e+03
1.151509078146660613e+03
1.151608785174980540e+03
1.151708492025508122e+03
1.151808198724871090e+03
1.151907905435555676e+03
1.152007612146240263e+03
1.152107318856924849e+03
1.152207025567609435e+03
1.152306732278294021e+03
1.152406438988978607e+03
1.152506145699663193e+03
1.152605852410347779e+03
1.152705559121032366e+03
1.152805265831716952e+03
1.152904972542401538e+03
1.153004679253086124e+03
1.153104385963770710e+03
1.153204092674455296e+03
1.153303799385139882e+03
1.153403506095824469e+03
1.153503212806509055e+03
1.153602919517193641e+03
1.153702626227878227e+03
1.153801349943912783e+03
1.153900339197695303e+03
1.153999463199019601e+03
1.154098694221624100e+03
1.154198010777438412e+03
1.154297396106361475e+03
1.154396837050928752e+03
1.154496323214649692e+03
1.154595846329849564e+03
1.154695399780634716e+03
1.154794978241060790e+03
1.154894577399164291e+03
1.154994193745234043e+03
1.155093824408369073e+03
1.155193467029497697e+03
1.155293119662085928e+03
1.155392780693979830e+03
1.155492448785487568e+03
1.155592122820010218e+03
1.155691801864436457e+03
1.155791818126665930e+03
1.155891811891992575e+03
1.155991787822223841e+03
1.156091741589211324e+03
1.156191671458631617e+03
1.156291577361025020e+03
1.156391460252009438e+03
1.156491321676751113e+03
1.156591163478009548e+03
1.156690987604495831e+03
1.156790795988803211e+03
1.156890590473137763e+03
1.156990372767483223e+03
1.157090144429425436e+03
1.157189906858111499e+03
1.157289661297140583e+03
1.157389408842815783e+03
1.157489150455344770e+03
1.157588886971386046e+03
1.157688619116895552e+03
1.157788347519625631e+03
1.157888072720888658e+03
1.157987795186379572e+03
1.158087515315970450e+03
1.158187233452463943e+03
1.158286949889347625e+03
1.158386664877604744e+03
1.158486378631670505e+03
1.158586091334607545e+03
1.158685803142592476e+03
1.158785514188789875e+03
1.158885224586688764e+03
1.158984934432971386e+03
1.159084643809972931e+03
1.159184352787792022e+03
1.159284061426093785e+03
1.159383769775652127e+03
1.159483477879668044e+03
1.159583185774892627e+03
1.159682893492586800e+03
1.159782601059338504e+03
1.159882308637389315e+03
1.159982016215440126e+03
1.160081723793490937e+03
1.160181431371541748e+03
1.160281138949592560e+03
1.160380846527643371e+03
1.160480554105694182e+03
1.160580261683744993e+03
1.160679969261795804e+03
1.160779676839846616e+03
1.160879384417897427e+03
1.160979091995948238e+03
1.161078799573999049e+03
1.161178507152049860e+03
1.161278214730100672e+03
1.161377922308151483e+03
1.161477629886202294e+03
1.161577337464253105e+03
1.161677045042303916e+03
1.161775770598932240e+03
1.161874761459280762e+03
1.161973886956654042e+03
1.162073119381254401e+03
1.162172437259041544e+03
1.162271823841865626e+03
1.162371265982436398e+03
1.162470753292923291e+03
1.162570277513019619e+03
1.162669832033100192e+03
1.162769411532553022e+03
1.162869011703948445e+03
1.162968629041431541e+03
1.163068260677379840e+03
1.163167904255509939e+03
1.163267557831658223e+03
1.163367219795685742e+03
1.163466888809613920e+03
1.163566563758300163e+03
1.163666243709871424e+03
1.163766259894419363e+03
1.163866253812985860e+03
1.163966230003686860e+03
1.164066184122270670e+03
1.164166114420726672e+03
1.164266020817963408e+03
1.164365904259713943e+03
1.164465766282746017e+03
1.164565608722681645e+03
1.164665433522167405e+03
1.164765242608643575e+03
1.164865037819937015e+03
1.164964820862310034e+03
1.165064593290186394e+03
1.165164356500025633e+03
1.165264111733142727e+03
1.165363860083899681e+03
1.165463602510854798e+03
1.165563339849264366e+03
1.165663072823892662e+03
1.165762802061479306e+03
1.165862528102475835e+03
1.165962251411845273e+03
1.166061972388838058e+03
1.166161691375728424e+03
1.166261408665554427e+03
1.166361124508917555e+03
1.166460839119928323e+03
1.166560552681373565e+03
1.166660265349195697e+03
1.166759977256359434e+03
1.166859688516184860e+03
1.166959399225209609e+03
1.167059109465647225e+03
1.167158819307491967e+03
1.167258528810320058e+03
1.167358238024830825e+03
1.167457946994161148e+03
1.167557655755008000e+03
1.167657364338586376e+03
1.167757072771443973e+03
1.167856781215578167e+03
1.167956489659712361e+03
1.168056198103846555e+03
1.168155906547980749e+03
1.168255614992114943e+03
1.168355323436249137e+03
1.168455031880383331e+03
1.168554740324517525e+03
1.168654448768651719e+03
1.168754157212785913e+03
1.168853865656920107e+03
1.168953574101054301e+03
1.169053282545188495e+03
1.169152990989322689e+03
1.169252699433456883e+03
1.169352407877591077e+03
1.169452116321725271e+03
1.169551824765859465e+03
1.169651533209993659e+03
1.169750260605946096e+03
1.169849253071587100e+03
1.169948380063734476e+03
1.170047613889053991e+03
1.170146933087536354e+03
1.170246320922982704e+03
1.170345764258277768e+03
1.170445252714250728e+03
1.170544778037963397e+03
1.170644333626059279e+03
1.170743914163257614e+03
1.170843515346663480e+03
1.170943133674278442e+03
1.171042766281758531e+03
1.171142410815608628e+03
1.171242065334034805e+03
1.171341728228913780e+03
1.171441398163980011e+03
1.171541074025547914e+03
1.171640754882981582e+03
1.171740770988561735e+03
1.171840765059081832e+03
1.171940741508966312e+03
1.172040695977860651e+03
1.172140626704066790e+03
1.172240533594861517e+03
1.172340417586093508e+03
1.172440280206130865e+03
1.172540123283459252e+03
1.172639948754660281e+03
1.172739758542021264e+03
1.172839554478989839e+03
1.172939338268107122e+03
1.173039111460634103e+03
1.173138875450342994e+03
1.173238631476265027e+03
1.173338380630820893e+03
1.173438123870919298e+03
1.173537862030414317e+03
1.173637595832878560e+03
1.173737325904038926e+03
1.173837052783486115e+03
1.173936776935451689e+03
1.174036498758563766e+03
1.174136218594568390e+03
1.174235936736053873e+03
1.174335653433240395e+03
1.174435368899913556e+03
1.174535083318584157e+03
1.174634796844960647e+03
1.174734509611808335e+03
1.174834221732277456e+03
1.174933933302761943e+03
1.175033644405352788e+03
1.175133355109939885e+03
1.175233065476012143e+03
1.175332775554192949e+03
1.175432485387555289e+03
1.175532195012741795e+03
1.175631904460921305e+03
1.175731613758602634e+03
1.175831323067537824e+03
1.175931032376473013e+03
1.176030741685408202e+03
1.176130450994343391e+03
1.176230160303278581e+03
1.176329869612213770e+03
1.176429578921148959e+03
1.176529288230084148e+03
1.176628997539019338e+03
1.176728706847954527e+03
1.176828416156889716e+03
1.176928125465824905e+03
1.177027834774760095e+03
1.177127544083695284e+03
1.177227253392630473e+03
1.177326962701565662e+03
1.177426672010500852e+03
1.177526381319436041e+03
1.177626090628371230e+03
1.177724819862377217e+03
1.177823813932037410e+03
1.177922942417683771e+03
1.178022177642445968e+03
1.178121498160346164e+03
1.178220887247136716e+03
1.178320331775876866e+03
1.178419821376056007e+03
1.178519347802104903e+03
1.178618904456935070e+03
1.178718486030598115e+03
1.178818088224733629e+03
1.178917707541198752e+03
1.179017341118928925e+03
1.179116986607217086e+03
1.179216642066639452e+03
1.179316305891087950e+03
1.179415976746010529e+03
1.179515653519177476e+03
1.179615335281191619e+03
1.179715351306517277e+03
1.179815345527704267e+03
1.179915322235486656e+03
1.180015277053405725e+03
1.180115208206076886e+03
1.180215115589144261e+03
1.180315000128572819e+03
1.180414863344331252e+03
1.180514707057767964e+03
1.180614533199400512e+03
1.180714343686362554e+03
1.180814140347722287e+03
1.180913924882300080e+03
1.181013698838194159e+03
1.181113463606489631e+03
1.181213220423933308e+03
1.181312970381005016e+03
1.181412714432963639e+03
1.181512453412261038e+03
1.181612188041278387e+03
1.181711918944729632e+03
1.181811646661344412e+03
1.181911371654623053e+03
1.182011094322571580e+03
1.182110815006407393e+03
1.182210533998269739e+03
1.182310251547996813e+03
1.182409967869049751e+03
1.182509683143663551e+03
1.182609397527311557e+03
1.182709111152560126e+03
1.182808824132390328e+03
1.182908536563051939e+03
1.183008248526513171e+03
1.183107960092560688e+03
1.183207671320594045e+03
1.183307382261162047e+03
1.183407092957273790e+03
1.183506803445517335e+03
1.183606513757015364e+03
1.183706223918237811e+03
1.183805934090691380e+03
1.183905644263144950e+03
1.184005354435598520e+03
1.184105064608052089e+03
1.184204774780505659e+03
1.184304484952959228e+03
1.184404195125412798e+03
1.184503905297866368e+03
1.184603615470319937e+03
1.184703325642773507e+03
1.184803035815227076e+03
1.184902745987680646e+03
1.185002456160134216e+03
1.185102166332587785e+03
1.185201876505041355e+03
1.185301586677494925e+03
1.185401296849948494e+03
1.185501007022402064e+03
1.185600717194855633e+03
1.185699448265645515e+03
1.185798443938051832e+03
1.185897573915921612e+03
1.185996810538850013e+03
1.186096132374890431e+03
1.186195522711746207e+03
1.186294968432652468e+03
1.186394459175758129e+03
1.186493986702862912e+03
1.186593544423146795e+03
1.186693127031993527e+03
1.186792730235576983e+03
1.186892350539611016e+03
1.186991985086310024e+03
1.187091631527754316e+03
1.187191287926890709e+03
1.187290952679626798e+03
1.187390624453123337e+03
1.187490302136607170e+03
1.187589984801919627e+03
1.187690000745704083e+03
1.187789995116272166e+03
1.187889972080665984e+03
1.187989927246323987e+03
1.188089858824174144e+03
1.188189766698229505e+03
1.188289651784569742e+03
1.188389515594764589e+03
1.188489359943025420e+03
1.188589186753805279e+03
1.188688997939084402e+03
1.188788795323551767e+03
1.188888580602306547e+03
1.188988355320284427e+03
1.189088120865882956e+03
1.189187878473565206e+03
1.189287629231869460e+03
1.189387374094405232e+03
1.189487113892221942e+03
1.189586849346509553e+03
1.189686581080968608e+03
1.189786309633468591e+03
1.189886035466777457e+03
1.189985758978279591e+03
1.190085480508664205e+03
1.190185200349620573e+03
1.190284918750605812e+03
1.190384635924755457e+03
1.190484352054029614e+03
1.190584067293666294e+03
1.190683781776033584e+03
1.190783495613942250e+03
1.190883208903497916e+03
1.190982921726547374e+03
1.191082634152772471e+03
1.191182346241484765e+03
1.191282058043157349e+03
1.191381769600735652e+03
1.191481480950753621e+03
1.191581192124287554e+03
1.191680903147768277e+03
1.191780614182457384e+03
1.191880325217146492e+03
1.191980036251835600e+03
1.192079747286524707e+03
1.192179458321213815e+03
1.192279169355902923e+03
1.192378880390592030e+03
1.192478591425281138e+03
1.192578302459970246e+03
1.192678013494659353e+03
1.192777724529348461e+03
1.192877435564037569e+03
1.192977146598726677e+03
1.193076857633415784e+03
1.193176568668104892e+03
1.193276279702794000e+03
1.193375990737483107e+03
1.193475701772172215e+03
1.193575412806861323e+03
1.193674145713164762e+03
1.193773142987043229e+03
1.193872274455861998e+03
1.193971512475679901e+03
1.194070835628582699e+03
1.194170227214225406e+03
1.194269674126018344e+03
1.194369166010770869e+03
1.194468694637651197e+03
1.194568253422108228e+03
1.194667837064857622e+03
1.194767441276608224e+03
1.194867062566929917e+03
1.194966698081315826e+03
1.195066345474634318e+03
1.195166002812203260e+03
1.195265668491944780e+03
1.195365341182733118e+03
1.195465019775252131e+03
1.195564703342580515e+03
1.195664719203537288e+03
1.195764713722199986e+03
1.195864690941919434e+03
1.195964646454030799e+03
1.196064578455774836e+03
1.196164486819532840e+03
1.196264372451499867e+03
1.196364236854846467e+03
1.196464081836647210e+03
1.196563909315289948e+03
1.196663721197602172e+03
1.196763519303893645e+03
1.196863305325541660e+03
1.196963080804320271e+03
1.197062847125938561e+03
1.197162605522575859e+03
1.197262357080829588e+03
1.197362102752659212e+03
1.197461843367712390e+03
1.197561579645986967e+03
1.197661312210171445e+03
1.197761041597273334e+03
1.197860768269329810e+03
1.197960492623103164e+03
1.198060214998753509e+03
1.198159935687521511e+03
1.198259654938481617e+03
1.198359372964445811e+03
1.198459089947097254e+03
1.198558806041440675e+03
1.198658521379643616e+03
1.198758236074347906e+03
1.198857950221515466e+03
1.198957663902870308e+03
1.199057377187990369e+03
1.199157090136098532e+03
1.199256802797593082e+03
1.199356515215355330e+03
1.199456227425865109e+03
1.199555939460152331e+03
1.199655651344608941e+03
1.199755363240251199e+03
1.199855075135893458e+03
1.199954787031535716e+03
1.200054498927177974e+03
1.200154210822820232e+03
1.200253922718462491e+03
1.200353634614104749e+03
1.200453346509747007e+03
1.200553058405389265e+03
1.200652770301031524e+03
1.200752482196673782e+03
1.200852194092316040e+03
1.200951905987958298e+03
1.201051617883600557e+03
1.201151329779242815e+03
1.201251041674885073e+03
1.201350753570527331e+03
1.201450465466169589e+03
1.201550177361811848e+03
1.201648912102359191e+03
1.201747910976436742e+03
1.201847043934928934e+03
1.201946283350359863e+03
1.202045607818847429e+03
1.202145000651998544e+03
1.202244448753398956e+03
1.202343941778518229e+03
1.202443471503893988e+03
1.202543031351243599e+03
1.202642616026614633e+03
1.202742221245250903e+03
1.202841843520578550e+03
1.202941480001369428e+03
1.203041128345280868e+03
1.203140786619999972e+03
1.203240453225464989e+03
1.203340126832263195e+03
1.203439806332534545e+03
1.203539490800596468e+03
1.203639506577439306e+03
1.203739501242910364e+03
1.203839478716669191e+03
1.203939434573947892e+03
1.204039366998300466e+03
1.204139275850475769e+03
1.204239162026784470e+03
1.204339027021998390e+03
1.204438872636054384e+03
1.204538700781276248e+03
1.204638513359337594e+03
1.204738312186169424e+03
1.204838098949427149e+03
1.204937875187722511e+03
1.205037642284077265e+03
1.205137401468386543e+03
1.205237153825306677e+03
1.205336900305147310e+03
1.205436641736154115e+03
1.205536378837132816e+03
1.205636112229759192e+03
1.205735842450180371e+03
1.205835569959701616e+03
1.205935295154462892e+03
1.206035018374096126e+03
1.206134739909392920e+03
1.206234460009045506e+03
1.206334178885541178e+03
1.206433896720287521e+03
1.206533613668054386e+03
1.206633329860810363e+03
1.206733045411027661e+03
1.206832760414524273e+03
1.206932474952901885e+03
1.207032189095634067e+03
1.207131902901855710e+03
1.207231616421889612e+03
1.207331329698553191e+03
1.207431042768272164e+03
1.207530755662030288e+03
1.207630468406179716e+03
1.207730181161492283e+03
1.207829893916804849e+03
1.207929606672117416e+03
1.208029319427429982e+03
1.208129032182742549e+03
1.208228744938055115e+03
1.208328457693367682e+03
1.208428170448680248e+03
1.208527883203992815e+03
1.208627595959305381e+03
1.208727308714617948e+03
1.208827021469930514e+03
1.208926734225243081e+03
1.209026446980555647e+03
1.209126159735868214e+03
1.209225872491180780e+03
1.209325585246493347e+03
1.209425298001805913e+03
1.209525010757118480e+03
1.209623747330639617e+03
1.209722747803642733e+03
1.209821882250533008e+03
1.209921123060300715e+03
1.210020448843095437e+03
1.210119842922476437e+03
1.210219292212205119e+03
1.210318786376411481e+03
1.210418317199002104e+03
1.210517878107963497e+03
1.210617463814675375e+03
1.210717070038916063e+03
1.210816693297967959e+03
1.210916330743882554e+03
1.211015980037104555e+03
1.211115639247692343e+03
1.211215306777598471e+03
1.211314981299124383e+03
1.211414661705866138e+03
1.211514347073379440e+03
1.211614362764821635e+03
1.211714357575814574e+03
1.211814335302326981e+03
1.211914291503487220e+03
1.212014224349162760e+03
1.212114133688470247e+03
1.212214020407835960e+03
1.212313885993632539e+03
1.212413732238659804e+03
1.212513561049176360e+03
1.212613374321703077e+03
1.212713173867791056e+03
1.212812961371374968e+03
1.212912738367903557e+03
1.213012506237711705e+03
1.213112266208409665e+03
1.213212019362712908e+03
1.213311766649281253e+03
1.213411508894958388e+03
1.213511246817358369e+03
1.213610981037144029e+03
1.213710712089601429e+03
1.213810440435304372e+03
1.213910166469770957e+03
1.214009890532104691e+03
1.214109612912647208e+03
1.214209333859709659e+03
1.214309053585454194e+03
1.214408772271012595e+03
1.214508490070920516e+03
1.214608207116946915e+03
1.214707923521394605e+03
1.214807639379937655e+03
1.214907354774054966e+03
1.215007069773116882e+03
1.215106784436168937e+03
1.215206498813459575e+03
1.215306212947742097e+03
1.215405926875387649e+03
1.215505640627333833e+03
1.215605354229893692e+03
1.215705067843594179e+03
1.215804781457294666e+03
1.215904495070995154e+03
1.216004208684695641e+03
1.216103922298396128e+03
1.216203635912096615e+03
1.216303349525797103e+03
1.216403063139497590e+03
1.216502776753198077e+03
1.216602490366898564e+03
1.216702203980599052e+03
1.216801917594299539e+03
1.216901631208000026e+03
1.217001344821700513e+03
1.217101058435401001e+03
1.217200772049101488e+03
1.217300485662801975e+03
1.217400199276502462e+03
1.217499912890202950e+03
1.217598651295427771e+03
1.217697653366082932e+03
1.217796789300096407e+03
1.217896031502923961e+03
1.217995358598748453e+03
1.218094753923080589e+03
1.218194204399858336e+03
1.218293699701871901e+03
1.218393231620397501e+03
1.218492793589689882e+03
1.218592380326461353e+03
1.218691987555025207e+03
1.218791611796520101e+03
1.218891250206276709e+03
1.218990900447528020e+03
1.219090560592702104e+03
1.219190229045767637e+03
1.219289904480738869e+03
1.219389585792668868e+03
1.219489272058351389e+03
1.219589287663105779e+03
1.219689282618334801e+03
1.219789260596314307e+03
1.219889217140070741e+03
1.219989150405783676e+03
1.220089060230938003e+03
1.220188947492076068e+03
1.220288813667170416e+03
1.220388660541884292e+03
1.220488490016411561e+03
1.220588303982119442e+03
1.220688104246180046e+03
1.220787892488806619e+03
1.220887670242285367e+03
1.220987438884262929e+03
1.221087199640066274e+03
1.221186953590469557e+03
1.221286701682482772e+03
1.221386444741547166e+03
1.221486183484085586e+03
1.221585918529747232e+03
1.221685650412958239e+03
1.221785379593560037e+03
1.221885106466449315e+03
1.221984831370200254e+03
1.222084554594705878e+03
1.222184276387894897e+03
1.222283996961605681e+03
1.222383716496693523e+03
1.222483435147459659e+03
1.222583153045473637e+03
1.222682870302869105e+03
1.222782587015175977e+03
1.222882303263750828e+03
1.222982019117859409e+03
1.223081734636459714e+03
1.223181449869724474e+03
1.223281164860343097e+03
1.223380879644632387e+03
1.223480594253484014e+03
1.223579334478024521e+03
1.223678149082864820e+03
1.223776963687705120e+03
1.223875778292545419e+03
1.223974592897385719e+03
1.224073407502226019e+03
1.224172222107066318e+03
1.224271036711906618e+03
1.224369851316746917e+03
1.224468665921587217e+03
1.224567480526427516e+03
1.224666295131267816e+03
1.224765109736108116e+03
1.224863924340948415e+03
1.224962738945788715e+03
1.225061553550629014e+03
1.225160368155469314e+03
1.225259182760309614e+03
1.225357997365149913e+03
1.225456811969990213e+03
1.225553982015158454e+03
1.225651576594007111e+03
1.225749380976229759e+03
1.225847356277726021e+03
1.225945471494861067e+03
1.226043701757965664e+03
1.226142027001855013e+03
1.226240430948446374e+03
1.226338900323780535e+03
1.226437424251804714e+03
1.226535993782080141e+03
1.226634601519465605e+03
1.226733241331892941e+03
1.226831908118287629e+03
1.226930597623102130e+03
1.227029306287210375e+03
1.227128031127336271e+03
1.227226769638035421e+03
1.227325519711607058e+03
1.227424279572349178e+03
1.227524048077676525e+03
1.227623636480440609e+03
1.227723133884968547e+03
1.227822546971512338e+03
1.227921883356621947e+03
1.228021150913336896e+03
1.228120357343502292e+03
1.228219509922582347e+03
1.228318615360921513e+03
1.228417679742217160e+03
1.228516708511916477e+03
1.228615706496724442e+03
1.228714677942379012e+03
1.228813626561058527e+03
1.228912555582722689e+03
1.229011467806724113e+03
1.229110365651435586e+03
1.229209251200588596e+03
1.229308126245663971e+03
1.229406992324091561e+03
1.229505850753284449e+03
1.229604702660699559e+03
1.229703549010207098e+03
1.229802390625091903e+03
1.229901228208032308e+03
1.230000062358391688e+03
1.230098893587134626e+03
1.230197722329669887e+03
1.230296548956880997e+03
1.230395373784587264e+03
1.230494197081646234e+03
1.230593019076882456e+03
1.230691839965011923e+03
1.230790659911697276e+03
1.230889479057863809e+03
1.230988297523379288e+03
1.231087115410189199e+03
1.231185932804989761e+03
1.231284749781502796e+03
1.231383566402414090e+03
1.231482382721022532e+03
1.231581199066371255e+03
1.231680015411719978e+03
1.231778831757068701e+03
1.231877648102417425e+03
1.231976464447766148e+03
1.232075280793114871e+03
1.232174097138463594e+03
1.232272913483812317e+03
1.232371729829161040e+03
1.232470546174509764e+03
1.232569362519858487e+03
1.232668178865207210e+03
1.232766995210555933e+03
1.232865811555904656e+03
1.232964627901253380e+03
1.233063444246602103e+03
1.233162260591950826e+03
1.233261076937299549e+03
1.233359893282648272e+03
1.233457066030000306e+03
1.233554663080038836e+03
1.233652469824449554e+03
1.233750447395302672e+03
1.233848564802762894e+03
1.233946797188928713e+03
1.234045124498644100e+03
1.234143530462368972e+03
1.234242001813417119e+03
1.234340527681927824e+03
1.234439099122730568e+03
1.234537708745168175e+03
1.234636350420985309e+03
1.234735019052351390e+03
1.234833710386478288e+03
1.234932420866585289e+03
1.235031147511391282e+03
1.235129887817149211e+03
1.235228639677599176e+03
1.235327401318266311e+03
1.235427170624607470e+03
1.235526760058416357e+03
1.235626258600740812e+03
1.235725672915739779e+03
1.235825010606302158e+03
1.235924279533869139e+03
1.236023487390439868e+03
1.236122641443118255e+03
1.236221748395149234e+03
1.236320814324200683e+03
1.236419844670599559e+03
1.236518844256700504e+03
1.236617817324546650e+03
1.236716767583177216e+03
1.236815698259884812e+03
1.236914612151755591e+03
1.237013511675236714e+03
1.237112398912423487e+03
1.237211275653406346e+03
1.237310143434433257e+03
1.237409003571912763e+03
1.237507857192449137e+03
1.237606705259186583e+03
1.237705548594793072e+03
1.237804387901424207e+03
1.237903223777996800e+03
1.238002056735097540e+03
1.238100887207813003e+03
1.238199715566753866e+03
1.238298542127507062e+03
1.238397367158731868e+03
1.238496190889085710e+03
1.238595013513140884e+03
1.238693835196439750e+03
1.238792656079804146e+03
1.238891476283013844e+03
1.238990295907939981e+03
1.239089115041215791e+03
1.239187933756509210e+03
1.239286752116459866e+03
1.239383927538028047e+03
1.239481238279646732e+03
1.239578549021265417e+03
1.239675859762884102e+03
1.239773170504502787e+03
1.239870481246121471e+03
1.239967791987740156e+03
1.240065102729358841e+03
1.240162413470977526e+03
1.240259724212596211e+03
1.240357034954214896e+03
1.240454345695833581e+03
1.240551656437452266e+03
1.240648967179070951e+03
1.240746277920689636e+03
1.240843588662308321e+03
1.240940899403927006e+03
1.241038210145545690e+03
1.241135520887164375e+03
1.241232831628783060e+03
1.241327839513654226e+03
1.241423429964101615e+03
1.241519304761359535e+03
1.241615413986588237e+03
1.241711717212413760e+03
1.241808181528384694e+03
1.241904780013364871e+03
1.242001490546841069e+03
1.242098294878353727e+03
1.242195177894479457e+03
1.242292127037824457e+03
1.242389131843659243e+03
1.242486183568153592e+03
1.242583274888374717e+03
1.242680399658869646e+03
1.242777552713143450e+03
1.242874729700978151e+03
1.242971926954542823e+03
1.243069141377757660e+03
1.243166370354548690e+03
1.243265280113803328e+03
1.243363851652370386e+03
1.243462258836746059e+03
1.243560519427356894e+03
1.243658650440748488e+03
1.243756667725621810e+03
1.243854585752030289e+03
1.243952417539933549e+03
1.244050174676087408e+03
1.244147867384335314e+03
1.244245504625672538e+03
1.244343094212370488e+03
1.244440642925944985e+03
1.244538156632549544e+03
1.244635640391969673e+03
1.244733098558140682e+03
1.244830534870267911e+03
1.244927952534382484e+03
1.245025354295620900e+03
1.245122742501804396e+03
1.245220119159020896e+03
1.245317485979987623e+03
1.245414844425961974e+03
1.245512195742949416e+03
1.245609540992896882e+03
1.245706881080513995e+03
1.245804216776287149e+03
1.245901548736202358e+03
1.245998877518622066e+03
1.246096203598714055e+03
1.246193527380774867e+03
1.246290849208749023e+03
1.246388169375200050e+03
1.246485488128959332e+03
1.246582805681644459e+03
1.246680122213208733e+03
1.246777437876671002e+03
1.246874752802138119e+03
1.246972067100231470e+03
1.247069380865000539e+03
1.247166694176403325e+03
1.247264007529982109e+03
1.247361320883560893e+03
1.247458634237139677e+03
1.247555947590718461e+03
1.247653260944297244e+03
1.247750574297876028e+03
1.247847887651454812e+03
1.247945201005033596e+03
1.248042514358612380e+03
1.248139827712191163e+03
1.248237141065769947e+03
1.248334454419348731e+03
1.248431767772927515e+03
1.248529081126506298e+03
1.248626394480085082e+03
1.248723707833663866e+03
1.248821021187242650e+03
1.248918334540821434e+03
1.249015647894400217e+03
1.249110659335371565e+03
1.249206253115399704e+03
1.249302131135430955e+03
1.249398243492402571e+03
1.249494549772422488e+03
1.249591017076550997e+03
1.249687618493471291e+03
1.249784331911042045e+03
1.249881139085937320e+03
1.249978024910810063e+03
1.250074976833439450e+03
1.250171984393500225e+03
1.250269038850909055e+03
1.250366132885922070e+03
1.250463260355799093e+03
1.250560416096352355e+03
1.250657595759326568e+03
1.250754795678559049e+03
1.250852012759389709e+03
1.250949244386951023e+03
1.251048155830010046e+03
1.251146729280110776e+03
1.251245138481637923e+03
1.251343401179032981e+03
1.251441534375289848e+03
1.251539553907617346e+03
1.251637474236320713e+03
1.251735308373089765e+03
1.251833067897661977e+03
1.251930763027923831e+03
1.252028402719813812e+03
1.252125994781310055e+03
1.252223545990281536e+03
1.252321062209785623e+03
1.252418548496977564e+03
1.252516009203558269e+03
1.252613448066834508e+03
1.252710868291224642e+03
1.252808272620495245e+03
1.252905663401302263e+03
1.253003042638745001e+03
1.253100412044699169e+03
1.253197773079708213e+03
1.253295126989169603e+03
1.253392474834514587e+03
1.253489817520013730e+03
1.253587155815780989e+03
1.253684490377485417e+03
1.253781821763220250e+03
1.253879150447924076e+03
1.253976476835699032e+03
1.254073801270324338e+03
1.254171124044222779e+03
1.254268445406106594e+03
1.254365765567491280e+03
1.254463084708244651e+03
1.254560402981311427e+03
1.254657720516736617e+03
1.254755037425088176e+03
1.254852353800370793e+03
1.254949669722504268e+03
1.255046985686791459e+03
1.255144301651078649e+03
1.255241617615365840e+03
1.255338933579653030e+03
1.255436249543940221e+03
1.255533565508227412e+03
1.255630881472514602e+03
1.255728197436801793e+03
1.255825513401088983e+03
1.255922829365376174e+03
1.256020145329663364e+03
1.256117461293950555e+03
1.256214777258237746e+03
1.256312093222524936e+03
1.256409409186812127e+03
1.256506725151099317e+03
1.256604041115386508e+03
1.256701357079673699e+03
1.256798673043960889e+03
1.256893688039810058e+03
1.256989285148188628e+03
1.257085166389760388e+03
1.257181281877238462e+03
1.257277591210214268e+03
1.257374061501259121e+03
1.257470665848876934e+03
1.257567382149298055e+03
1.257664192166330849e+03
1.257761080798704143e+03
1.257858035499370999e+03
1.257955045812409480e+03
1.258052103001484511e+03
1.258149199750040452e+03
1.258246329918050151e+03
1.258343488343633226e+03
1.258440670680496623e+03
1.258537873264146583e+03
1.258635093001342284e+03
1.258732327278423554e+03
1.258831240404014579e+03
1.258929815764381146e+03
1.259028226981793523e+03
1.259126491784709060e+03
1.259224627162569050e+03
1.259322648941089938e+03
1.259420571570828997e+03
1.259518408055204873e+03
1.259616169966937605e+03
1.259713867517956714e+03
1.259811509659143667e+03
1.259909104194182419e+03
1.260006657897296463e+03
1.260104176628445884e+03
1.260201665442155445e+03
1.260299128687891653e+03
1.260396570101063844e+03
1.260493992884476256e+03
1.260591399780525535e+03
1.260688793134703701e+03
1.260786174951119619e+03
1.260883546940809083e+03
1.260980910563600219e+03
1.261078267064283409e+03
1.261175617503773765e+03
1.261272962785902791e+03
1.261370303680412235e+03
1.261467640842653964e+03
1.261564974830451774e+03
1.261662306118515517e+03
1.261759635110752924e+03
1.261856962150777463e+03
1.261954287530871625e+03
1.262051611499628052e+03
1.262148934268460835e+03
1.262246256017151154e+03
1.262343576898570518e+03
1.262440897042701863e+03
1.262538216560059936e+03
1.262635535544604181e+03
1.262732854076216199e+03
1.262830172649959877e+03
1.262927491223703555e+03
1.263024809797447233e+03
1.263122128371190911e+03
1.263219446944934589e+03
1.263316765518678267e+03
1.263414084092421945e+03
1.263511402666165623e+03
1.263608721239909300e+03
1.263706039813652978e+03
1.263803358387396656e+03
1.263900676961140334e+03
1.263997995534884012e+03
1.264095314108627690e+03
1.264192632682371368e+03
1.264289951256115046e+03
1.264387269829858724e+03
1.264484588403602402e+03
1.264581906977346080e+03
1.264676925526851392e+03
1.264772525962351210e+03
1.264868410424229978e+03
1.264964529040978050e+03
1.265060841425670560e+03
1.265157314702390977e+03
1.265253921979463485e+03
1.265350641161491239e+03
1.265447454019416000e+03
1.265544345458043608e+03
1.265641302935500789e+03
1.265738316000269378e+03
1.265835375919762100e+03
1.265932475380612232e+03
1.266029608245505187e+03
1.266126769354868202e+03
1.266223954364370684e+03
1.266321159611188023e+03
1.266418382003498436e+03
1.266515618928848426e+03
1.266614533735699752e+03
1.266713111005063638e+03
1.266811524237095682e+03
1.266909791144267501e+03
1.267007928702468007e+03
1.267105952725921270e+03
1.267203877655436145e+03
1.267301716486161013e+03
1.267399480783796662e+03
1.267497180754316105e+03
1.267594825343543789e+03
1.267692422350869947e+03
1.267789978546871225e+03
1.267887499788411333e+03
1.267984991127384774e+03
1.268082456911022973e+03
1.268179900872837152e+03
1.268277326214019013e+03
1.268374735675594593e+03
1.268472131601890624e+03
1.268569515996027576e+03
1.268666890568199278e+03
1.268764256777519904e+03
1.268861615868172294e+03
1.268958968900555647e+03
1.269056316778062637e+03
1.269153660270061891e+03
1.269251000031588774e+03
1.269348336620197642e+03
1.269445670510369382e+03
1.269543002105816868e+03
1.269640331749988491e+03
1.269737659735026455e+03
1.269834986309403575e+03
1.269932311684432079e+03
1.270029636039807656e+03
1.270126959528327916e+03
1.270224282279913496e+03
1.270321604405026164e+03
1.270418925997580345e+03
1.270516247137419214e+03
1.270613568319367459e+03
1.270710889501315705e+03
1.270808210683263951e+03
1.270905531865212197e+03
1.271002853047160443e+03
1.271100174229108688e+03
1.271197495411056934e+03
1.271294816593005180e+03
1.271392137774953426e+03
1.271489458956901672e+03
1.271586780138849917e+03
1.271684101320798163e+03
1.271781422502746409e+03
1.271878743684694655e+03
1.271976064866642901e+03
1.272073386048591146e+03
1.272170707230539392e+03
1.272268028412487638e+03
1.272365349594435884e+03
1.272460371696374523e+03
1.272555975457765499e+03
1.272651863138717545e+03
1.272747984883499157e+03
1.272844300318669639e+03
1.272940776579824615e+03
1.273037386785109447e+03
1.273134108847499192e+03
1.273230924545071048e+03
1.273327818788706509e+03
1.273424779041706643e+03
1.273521794856957058e+03
1.273618857505618735e+03
1.273715959677514093e+03
1.273813095238040887e+03
1.273910259029933968e+03
1.274007446710825207e+03
1.274104654619559597e+03
1.274201879665734168e+03
1.274299119238101866e+03
1.274398035724940655e+03
1.274496614902034253e+03
1.274595030147419948e+03
1.274693299157584079e+03
1.274791438894863177e+03
1.274889465161988028e+03
1.274987392390018840e+03
1.275085233565833732e+03
1.275183000248115150e+03
1.275280702636878232e+03
1.275378349672890636e+03
1.275475949151248642e+03
1.275573507838882506e+03
1.275671031589559107e+03
1.275768525452542235e+03
1.275865993772828915e+03
1.275963440282031797e+03
1.276060868179729596e+03
1.276158280205577967e+03
1.276255678702739488e+03
1.276353065673344418e+03
1.276450442826746212e+03
1.276547811621344181e+03
1.276645173300713623e+03
1.276742528924737371e+03
1.276839879396370179e+03
1.276937225484607325e+03
1.277034567844167213e+03
1.277131907032334766e+03
1.277229243523362356e+03
1.277326577720768228e+03
1.277423909967835016e+03
1.277521240556564408e+03
1.277618569735310302e+03
1.277715897715283290e+03
1.277813224676091750e+03
1.277910550770460986e+03
1.278007876128248881e+03
1.278105200859864226e+03
1.278202525059176423e+03
1.278299848805990223e+03
1.278397172594891344e+03
1.278494496383792466e+03
1.278591820172693588e+03
1.278689143961594709e+03
1.278786467750495831e+03
1.278883791539396952e+03
1.278981115328298074e+03
1.279078439117199196e+03
1.279175762906100317e+03
1.279273086695001439e+03
1.279370410483902560e+03
1.279467734272803682e+03
1.279565058061704804e+03
1.279662381850605925e+03
1.279759705639507047e+03
1.279857029428408168e+03
1.279954353217309290e+03
1.280051677006210411e+03
1.280149000795111533e+03
1.280244026448261593e+03
1.280339633534313862e+03
1.280435524433105911e+03
1.280531649304685061e+03
1.280627967789094782e+03
1.280724447033443312e+03
1.280821060165697190e+03
1.280917785107205191e+03
1.281014603643178361e+03
1.281111500690575667e+03
1.281208463717871382e+03
1.281305482282356024e+03
1.281402547658938374e+03
1.281499652540629768e+03
1.281596790795540755e+03
1.281693957268714030e+03
1.281791147619744152e+03
1.281888358189145038e+03
1.281985585887932757e+03
1.282082828106068064e+03
1.282181746271621932e+03
1.282280327355177178e+03
1.282378744612650280e+03
1.282477015724542525e+03
1.282575157639637609e+03
1.282673186149172807e+03
1.282771115674460361e+03
1.282868959194106765e+03
1.282966728259776119e+03
1.283064433065526146e+03
1.283162082547067030e+03
1.283259684495201327e+03
1.283357245673213129e+03
1.283454771931771347e+03
1.283552268317510197e+03
1.283649739173191620e+03
1.283747188228529694e+03
1.283844618681490374e+03
1.283942033270358706e+03
1.284039434337132661e+03
1.284136823882952967e+03
1.284234203616332024e+03
1.284331574994954508e+03
1.284428939261788628e+03
1.284526297476200853e+03
1.284623650540706876e+03
1.284720999223929539e+03
1.284818344180270060e+03
1.284915685966744604e+03
1.285013025057375899e+03
1.285110361855488009e+03
1.285207696704198042e+03
1.285305029895367397e+03
1.285402361677229919e+03
1.285499692260894790e+03
1.285597021825884894e+03
1.285694350524851188e+03
1.285791678487589252e+03
1.285889005824455353e+03
1.285986332629273647e+03
1.286083658981810686e+03
1.286180985376412764e+03
1.286278311771014842e+03
1.286375638165616920e+03
1.286472964560218998e+03
1.286570290954821076e+03
1.286667617349423153e+03
1.286764943744025231e+03
1.286862270138627309e+03
1.286959596533229387e+03
1.287056922927831465e+03
1.287154249322433543e+03
1.287251575717035621e+03
1.287348902111637699e+03
1.287446228506239777e+03
1.287543554900841855e+03
1.287640881295443933e+03
1.287738207690046011e+03
1.287835534084648089e+03
1.287932860479250166e+03
1.288027889682389286e+03
1.288123500091872984e+03
1.288219394207271534e+03
1.288315522204411309e+03
1.288411843736821311e+03
1.288508325963122161e+03
1.288604942021102715e+03
1.288701669840484556e+03
1.288798491213613715e+03
1.288895391063525949e+03
1.288992356863870100e+03
1.289089378176341143e+03
1.289186446279595202e+03
1.289283553869833213e+03
1.289380694817879203e+03
1.289477863971083025e+03
1.289575056991001702e+03
1.289672270219818301e+03
1.289769500569968841e+03
1.289866745432620291e+03
1.289965665275616630e+03
1.290064248264365233e+03
1.290162667532659952e+03
1.290260940745016342e+03
1.290359084836664806e+03
1.290457115587349790e+03
1.290555047408633982e+03
1.290652893270853156e+03
1.290750664718652388e+03
1.290848371940132438e+03
1.290946023865946017e+03
1.291043628282601276e+03
1.291141191949735457e+03
1.291238720714921101e+03
1.291336219622161025e+03
1.291433693011983451e+03
1.291531144612202979e+03
1.291628577619173257e+03
1.291725994769808494e+03
1.291823398404941827e+03
1.291920790524724907e+03
1.292018172836828626e+03
1.292115546798223249e+03
1.292212913651269446e+03
1.292310274454817772e+03
1.292407630110944865e+03
1.292504981387900898e+03
1.292602328939770359e+03
1.292699673323299294e+03
1.292797015012282372e+03
1.292894354409848347e+03
1.292991691858949935e+03
1.293089027651306878e+03
1.293186362035033881e+03
1.293283695221138942e+03
1.293381027389058090e+03
1.293478358691369294e+03
1.293575689257805834e+03
1.293673019198670772e+03
1.293770348607743244e+03
1.293867677564751148e+03
1.293965006563802035e+03
1.294062335562852923e+03
1.294159664561903810e+03
1.294256993560954697e+03
1.294354322560005585e+03
1.294451651559056472e+03
1.294548980558107360e+03
1.294646309557158247e+03
1.294743638556209135e+03
1.294840967555260022e+03
1.294938296554310909e+03
1.295035625553361797e+03
1.295132954552412684e+03
1.295230283551463572e+03
1.295327612550514459e+03
1.295424941549565347e+03
1.295522270548616234e+03
1.295619599547667121e+03
1.295716928546718009e+03
1.295811961298623601e+03
1.295907575030309090e+03
1.296003472361080867e+03
1.296099603482544808e+03
1.296195928061715449e+03
1.296292413268728069e+03
1.296389032251192248e+03
1.296485762947203511e+03
1.296582587156243335e+03
1.296679489807424034e+03
1.296776458379569476e+03
1.296873482438778410e+03
1.296970553267455898e+03
1.297067663564991562e+03
1.297164807204922681e+03
1.297261979036906496e+03
1.297359174724463628e+03
1.297456390611445840e+03
1.297553623611708190e+03
1.297650871117625002e+03
1.297749792636791653e+03
1.297848377529465324e+03
1.297946798807315417e+03
1.298045074118871753e+03
1.298143220385811219e+03
1.298241253376384748e+03
1.298339187492406154e+03
1.298437035695939585e+03
1.298534809524611319e+03
1.298632519160564698e+03
1.298730173529394733e+03
1.298827780413315168e+03
1.298925346568317082e+03
1.299022877838875502e+03
1.299120379266362761e+03
1.299217855189071997e+03
1.299315309332919696e+03
1.299412744892646060e+03
1.299510164603794692e+03
1.299607570806034573e+03
1.299704965498527372e+03
1.299802350388103150e+03
1.299899726931017540e+03
1.299997096369023211e+03
1.300094459760455038e+03
1.300191818006950825e+03
1.300289171876387854e+03
1.300386522022533654e+03
1.300483869001865060e+03
1.300581213287947548e+03
1.300678555283715696e+03
1.300775895331956235e+03
1.300873233724248621e+03
1.300970570708588411e+03
1.301067906495881516e+03
1.301165241265477789e+03
1.301262575169882211e+03
1.301359908338765081e+03
1.301457240882376482e+03
1.301554572894450985e+03
1.301651904454678061e+03
1.301749236056925838e+03
1.301846567659173616e+03
1.301943899261421393e+03
1.302041230863669171e+03
1.302138562465916948e+03
1.302235894068164725e+03
1.302333225670412503e+03
1.302430557272660280e+03
1.302527888874908058e+03
1.302625220477155835e+03
1.302722552079403613e+03
1.302819883681651390e+03
1.302917215283899168e+03
1.303014546886146945e+03
1.303111878488394723e+03
1.303209210090642500e+03
1.303306541692890278e+03
1.303403873295138055e+03
1.303501204897385833e+03
1.303596241196835308e+03
1.303691858249492725e+03
1.303787758794403771e+03
1.303883893038955421e+03
1.303980220663647970e+03
1.304076708850130672e+03
1.304173330755835650e+03
1.304270064327232376e+03
1.304366891370937083e+03
1.304463796822140239e+03
1.304560768164839146e+03
1.304657794969538372e+03
1.304754868522390552e+03
1.304851981525974907e+03
1.304949127856541509e+03
1.305046302366055897e+03
1.305143500720000930e+03
1.305240719263897972e+03
1.305337954913021576e+03
1.305435205060952740e+03
1.305534128255017094e+03
1.305632715050348224e+03
1.305731138336487902e+03
1.305829415745979986e+03
1.305927564186947848e+03
1.306025599416148907e+03
1.306123535825647195e+03
1.306221386369236370e+03
1.306319162577523230e+03
1.306416874626693016e+03
1.306514531437283040e+03
1.306612140787213093e+03
1.306709709428827409e+03
1.306807243203503958e+03
1.306904747149984360e+03
1.307002225604326668e+03
1.307099682290548799e+03
1.307197120401778193e+03
1.307294542672187390e+03
1.307391951440280991e+03
1.307489348704230679e+03
1.307586736170025915e+03
1.307684115293207014e+03
1.307781487314920014e+03
1.307878853292982740e+03
1.307976214128595075e+03
1.308073570589260726e+03
1.308170923328430490e+03
1.308268272902312219e+03
1.308365619784241972e+03
1.308462964376959917e+03
1.308560307023087489e+03
1.308657648014063398e+03
1.308754987597763829e+03
1.308852325984992831e+03
1.308949663355014536e+03
1.309046999860259575e+03
1.309144335630336855e+03
1.309241670775443254e+03
1.309339005389267641e+03
1.309436339551461970e+03
1.309533673755654718e+03
1.309631007959847466e+03
1.309728342164040214e+03
1.309825676368232962e+03
1.309923010572425710e+03
1.310020344776618458e+03
1.310117678980811206e+03
1.310215013185003954e+03
1.310312347389196702e+03
1.310409681593389450e+03
1.310507015797582199e+03
1.310604350001774947e+03
1.310701684205967695e+03
1.310799018410160443e+03
1.310896352614353191e+03
1.310993686818545939e+03
1.311091021022738687e+03
1.311188355226931435e+03
1.311285689431124183e+03
1.311380729276895408e+03
1.311476349649294662e+03
1.311572253407111702e+03
1.311668390773514375e+03
1.311764721442489645e+03
1.311861212607201651e+03
1.311957837434904604e+03
1.312054573880442376e+03
1.312151403757566641e+03
1.312248312007545337e+03
1.312345286119550792e+03
1.312442315668491801e+03
1.312539391944269937e+03
1.312636507652653791e+03
1.312733656672606458e+03
1.312830833858401093e+03
1.312928034877484151e+03
1.313025256077045469e+03
1.313122494373779773e+03
1.313219747162474505e+03
1.313318672030163953e+03
1.313417260726884024e+03
1.313515686020047269e+03
1.313613965526210904e+03
1.313712116139945010e+03
1.313810153606512131e+03
1.313908092308228333e+03
1.314005945190614284e+03
1.314103723777257983e+03
1.314201438238387254e+03
1.314299097489481483e+03
1.314396709304165825e+03
1.314494280431137440e+03
1.314591816708677698e+03
1.314689323172896820e+03
1.314786804157618008e+03
1.314884263384961059e+03
1.314981704046439745e+03
1.315079128874856224e+03
1.315176540207550488e+03
1.315273940041704236e+03
1.315371330082466102e+03
1.315468711784661537e+03
1.315566086388829262e+03
1.315663454952270513e+03
1.315760818375746794e+03
1.315858177426388920e+03
1.315955532757330502e+03
1.316052884924510181e+03
1.316150234401035050e+03
1.316247581589450647e+03
1.316344926832212650e+03
1.316442270420620162e+03
1.316539612602428861e+03
1.316636953588342067e+03
1.316734293557536603e+03
1.316831632662370794e+03
1.316928971032390336e+03
1.317026308777739132e+03
1.317123645992061711e+03
1.317220982754970919e+03
1.317318319559856491e+03
1.317415656364742063e+03
1.317512993169627634e+03
1.317610329974513206e+03
1.317707666779398778e+03
1.317805003584284350e+03
1.317902340389169922e+03
1.317999677194055494e+03
1.318097013998941065e+03
1.318194350803826637e+03
1.318291687608712209e+03
1.318389024413597781e+03
1.318486361218483353e+03
1.318583698023368925e+03
1.318681034828254496e+03
1.318778371633140068e+03
1.318875708438025640e+03
1.318973045242911212e+03
1.319070382047796784e+03
1.319165425438666944e+03
1.319261049129577941e+03
1.319356956099067020e+03
1.319453096586083802e+03
1.319549430298103061e+03
1.319645924439802684e+03
1.319742552188260788e+03
1.319839291506694963e+03
1.319936124215993232e+03
1.320033035263501006e+03
1.320130012143565409e+03
1.320227044435500147e+03
1.320324123432955503e+03
1.320421241844889209e+03
1.320518393552978296e+03
1.320615573413803531e+03
1.320712777096773834e+03
1.320810000950749100e+03
1.320907241893842638e+03
1.321004497322049929e+03
1.321103423862092313e+03
1.321202014458933263e+03
1.321300441757853832e+03
1.321398723359424821e+03
1.321496876144662110e+03
1.321594915847334505e+03
1.321692856840008290e+03
1.321790712059932275e+03
1.321888493023675437e+03
1.321986209895507045e+03
1.322083871585849010e+03
1.322181485864031856e+03
1.322279059475106124e+03
1.322376598254255214e+03
1.322474107234958865e+03
1.322571590748805420e+03
1.322669052516015654e+03
1.322766495726490348e+03
1.322863923111661279e+03
1.322961337007702923e+03
1.323058739410807902e+03
1.323156132025283569e+03
1.323253516305240510e+03
1.323350893490610360e+03
1.323448264638177761e+03
1.323545630648265615e+03
1.323642992287631614e+03
1.323740350209092639e+03
1.323837704968318121e+03
1.323935057038185732e+03
1.324032406821046834e+03
1.324129754659191576e+03
1.324227100843778089e+03
1.324324445622442909e+03
1.324421789205787945e+03
1.324519131772903393e+03
1.324616473476074361e+03
1.324713814444784020e+03
1.324811154789123520e+03
1.324908494602691917e+03
1.325005833965064085e+03
1.325103173369390333e+03
1.325200512773716582e+03
1.325297852178042831e+03
1.325395191582369080e+03
1.325492530986695328e+03
1.325589870391021577e+03
1.325687209795347826e+03
1.325784549199674075e+03
1.325881888604000324e+03
1.325979228008326572e+03
1.326076567412652821e+03
1.326173906816979070e+03
1.326271246221305319e+03
1.326368585625631567e+03
1.326465925029957816e+03
1.326563264434284065e+03
1.326660603838610314e+03
1.326757943242936562e+03
1.326855282647262811e+03
1.326950329582009317e+03
1.327045956590202195e+03
1.327141866770129809e+03
1.327238010376524016e+03
1.327334347130347851e+03
1.327430844247794312e+03
1.327527474915764515e+03
1.327624217105850903e+03
1.327721052646077396e+03
1.327817966489867331e+03
1.327914946136743538e+03
1.328011981170423951e+03
1.328109062888308017e+03
1.328206184002542386e+03
1.328303338397517791e+03
1.328400520932123300e+03
1.328497727277730746e+03
1.328594953784869176e+03
1.328692197373071622e+03
1.328789455439540006e+03
1.328888383650662490e+03
1.328986976146355801e+03
1.329085405449767677e+03
1.329183689145482049e+03
1.329281844100960143e+03
1.329379886038476798e+03
1.329477829320848059e+03
1.329575686877051794e+03
1.329673470216636588e+03
1.329771189497913610e+03
1.329868853626247301e+03
1.329966470366672866e+03
1.330064046460594454e+03
1.330161587740097957e+03
1.330259099236031943e+03
1.330356585277749900e+03
1.330454049583573806e+03
1.330551495341790769e+03
1.330648925282462415e+03
1.330746341740598609e+03
1.330843746711401764e+03
1.330941141898338401e+03
1.331038528754804474e+03
1.331135908520123621e+03
1.331233282250565026e+03
1.331330650846011849e+03
1.331428015072849576e+03
1.331525375583578125e+03
1.331622732933596581e+03
1.331720087595555015e+03
1.331817439971609247e+03
1.331914790403884126e+03
1.332012139183397721e+03
1.332109486557666742e+03
1.332206832737191007e+03
1.332304177900975219e+03
1.332401522201230819e+03
1.332498865767378447e+03
1.332596208709456505e+03
1.332693551121018800e+03
1.332790893081601780e+03
1.332888235084116786e+03
1.332985577086631793e+03
1.333082919089146799e+03
1.333180261091661805e+03
1.333277603094176811e+03
1.333374945096691818e+03
1.333472287099206824e+03
1.333569629101721830e+03
1.333666971104236836e+03
1.333764313106751842e+03
1.333861655109266849e+03
1.333958997111781855e+03
1.334056339114296861e+03
1.334153681116811867e+03
1.334251023119326874e+03
1.334348365121841880e+03
1.334445707124356886e+03
1.334543049126871892e+03
1.334640391129386899e+03
1.334735441606787390e+03
1.334831071931031829e+03
1.334926985320164249e+03
1.335023132044699651e+03
1.335119471839088646e+03
1.335215971931040258e+03
1.335312605517279508e+03
1.335409350577774148e+03
1.335506188947683313e+03
1.335603105586509173e+03
1.335700087998949130e+03
1.335797125773126936e+03
1.335894210210190522e+03
1.335991334025476590e+03
1.336088491106088895e+03
1.336185676313224576e+03
1.336282885320218611e+03
1.336380114479269423e+03
1.336477360711329766e+03
1.336574621414808462e+03
1.336673551295738662e+03
1.336772145689016497e+03
1.336870576995653437e+03
1.336968862784246539e+03
1.337067019908702832e+03
1.337165064079802733e+03
1.337263009650611821e+03
1.337360869541836109e+03
1.337458655256004249e+03
1.337556376945469992e+03
1.337654043510538713e+03
1.337751662711951667e+03
1.337849241287465247e+03
1.337946785066068287e+03
1.338044299075978188e+03
1.338141787644313126e+03
1.338239254487496737e+03
1.338336702792202914e+03
1.338434135287122217e+03
1.338531554306099679e+03
1.338628961843348179e+03
1.338726359601492959e+03
1.338823749033215336e+03
1.338921131377231177e+03
1.339018507689293529e+03
1.339115878868846949e+03
1.339213245681904027e+03
1.339310608780647044e+03
1.339407968720206554e+03
1.339505325973002982e+03
1.339602680940998198e+03
1.339700033966151295e+03
1.339797385339339598e+03
1.339894735307960445e+03
1.339992084082412475e+03
1.340089431841613305e+03
1.340186778737701161e+03
1.340284124900034385e+03
1.340381470438598853e+03
1.340478815446902445e+03
1.340576160004444318e+03
1.340673504603895708e+03
1.340770849203347098e+03
1.340868193802798487e+03
1.340965538402249877e+03
1.341062883001701266e+03
1.341160227601152656e+03
1.341257572200604045e+03
1.341354916800055435e+03
1.341452261399506824e+03
1.341549605998958214e+03
1.341646950598409603e+03
1.341744295197860993e+03
1.341841639797312382e+03
1.341938984396763772e+03
1.342036328996215161e+03
1.342133673595666551e+03
1.342231018195117940e+03
1.342328362794569330e+03
1.342425707394020719e+03
1.342520761412852153e+03
1.342616395051918062e+03
1.342712311649021558e+03
1.342808461490460786e+03
1.342904804324175757e+03
1.343001307389391286e+03
1.343097943892656758e+03
1.343194691822314553e+03
1.343291533020660836e+03
1.343388452453275704e+03
1.343485437630032266e+03
1.343582478143459184e+03
1.343679565298453554e+03
1.343776691813541674e+03
1.343873851578541007e+03
1.343971039456956760e+03
1.344068251124087055e+03
1.344165482933799694e+03
1.344262731808466924e+03
1.344359995147704922e+03
1.344458926697170227e+03
1.344557522986764070e+03
1.344655956295360056e+03
1.344754244175567692e+03
1.344852403467739578e+03
1.344950449871161254e+03
1.345048397729148519e+03
1.345146259954134621e+03
1.345244048041628730e+03
1.345341772138025817e+03
1.345439441138573557e+03
1.345537062799717887e+03
1.345634643855568356e+03
1.345732190132016058e+03
1.345829706654647453e+03
1.345927197748345634e+03
1.346024667127635212e+03
1.346122117977576863e+03
1.346219553025490313e+03
1.346316974604055986e+03
1.346414384706496776e+03
1.346511785034596869e+03
1.346609177040322493e+03
1.346706561961782654e+03
1.346803940854213351e+03
1.346901314616620994e+03
1.346998684014644368e+03
1.347096049700150161e+03
1.347193412227998351e+03
1.347290772070380854e+03
1.347388129629064451e+03
1.347485485245843620e+03
1.347582839211454257e+03
1.347680191773174556e+03
1.347777543141301521e+03
1.347874893494666821e+03
1.347972242985334560e+03
1.348069591742601688e+03
1.348166939876399965e+03
1.348264287480193389e+03
1.348361634633441781e+03
1.348458981828577635e+03
1.348556329023713488e+03
1.348653676218849341e+03
1.348751023413985195e+03
1.348848370609121048e+03
1.348945717804256901e+03
1.349043064999392755e+03
1.349140412194528608e+03
1.349237759389664461e+03
1.349335106584800315e+03
1.349432453779936168e+03
1.349529800975072021e+03
1.349627148170207875e+03
1.349724495365343728e+03
1.349821842560479581e+03
1.349919189755615434e+03
1.350016536950751288e+03
1.350113884145887141e+03
1.350211231341022994e+03
1.350306288900063009e+03
1.350401925852720296e+03
1.350497845656560912e+03
1.350593998613667509e+03
1.350690344485469041e+03
1.350786850522707482e+03
1.350883489941755670e+03
1.350980240739332203e+03
1.351077084764869596e+03
1.351174006990027010e+03
1.351270994929852350e+03
1.351368038181280326e+03
1.351465128052956516e+03
1.351562257266597499e+03
1.351659419714734213e+03
1.351756610263180164e+03
1.351853824589196165e+03
1.351951059048319621e+03
1.352048310564342955e+03
1.352145576538089017e+03
1.352244509754816818e+03
1.352343107939458378e+03
1.352441543248747166e+03
1.352539833219305137e+03
1.352637994677930010e+03
1.352736043312411994e+03
1.352833993456317330e+03
1.352931858013806277e+03
1.353029648473368525e+03
1.353127374975440034e+03
1.353225046410210098e+03
1.353322670529830248e+03
1.353420254064762503e+03
1.353517802837799991e+03
1.353615321871898459e+03
1.353712815489705918e+03
1.353810287403847951e+03
1.353907740797771567e+03
1.354005178397426107e+03
1.354102602534326707e+03
1.354200015200706957e+03
1.354297418097509308e+03
1.354394812675985577e+03
1.354492200173637002e+03
1.354589581645183671e+03
1.354686957989192706e+03
1.354784329970930457e+03
1.354881698241945969e+03
1.354979063356830466e+03
1.355076425787546441e+03
1.355173785935666046e+03
1.355271144142818684e+03
1.355368500699599508e+03
1.355465855853167341e+03
1.355563209813717094e+03
1.355660562759994264e+03
1.355757914843989965e+03
1.355855266194938622e+03
1.355952616922718789e+03
1.356049967120749216e+03
1.356148945076774908e+03
1.356247789097370969e+03
1.356346633117967031e+03
1.356445477138563092e+03
1.356544321159159153e+03
1.356643165179755215e+03
1.356742009200351276e+03
1.356840853220947338e+03
1.356939697241543399e+03
1.357038541262139461e+03
1.357137385282735522e+03
1.357236229303331584e+03
1.357335073323927645e+03
1.357433917344523707e+03
1.357532761365119768e+03
1.357631605385715829e+03
1.357730449406311891e+03
1.357829293426907952e+03
1.357928137447504014e+03
1.358026981468100075e+03
1.358124197280373210e+03
1.358221833698692535e+03
1.358319678066987535e+03
1.358417691776123320e+03
1.358515844057117647e+03
1.358614110240395348e+03
1.358712470431292559e+03
1.358810908496976936e+03
1.358909411287164176e+03
1.359007968031075961e+03
1.359106569867860799e+03
1.359205209478602228e+03
1.359303880796074509e+03
1.359402578774356471e+03
1.359501299204808447e+03
1.359600038568193440e+03
1.359698793915155420e+03
1.359797562769091883e+03
1.359896343046823631e+03
1.359995132993497919e+03
1.360094914941511661e+03
1.360194520697803000e+03
1.360294037270796025e+03
1.360393471067149449e+03
1.360492829471155574e+03
1.360592120158680700e+03
1.360691350664167658e+03
1.360790528120941644e+03
1.360889659118646023e+03
1.360988749638471290e+03
1.361087805038800980e+03
1.361186830072385419e+03
1.361285828922138307e+03
1.361384805246865199e+03
1.361483762231178844e+03
1.361582702635901569e+03
1.361681628846665944e+03
1.361780542919383151e+03
1.361879446621891930e+03
1.361978341471530484e+03
1.362077228768637269e+03
1.362176109626157768e+03
1.362274984995629438e+03
1.362373855689854963e+03
1.362472722402604404e+03
1.362571585725668911e+03
1.362670446163577481e+03
1.362769304146268951e+03
1.362868160039977965e+03
1.362967014156572304e+03
1.363065866761549842e+03
1.363164718080881130e+03
1.363263568306854950e+03
1.363362417603071890e+03
1.363461266108703967e+03
1.363560113942128510e+03
1.363658961204024536e+03
1.363757807980011648e+03
1.363856654342896718e+03
1.363955500354587684e+03
1.364054346067722463e+03
1.364153191807214853e+03
1.364252037546707243e+03
1.364350883286199632e+03
1.364449729025692022e+03
1.364548574765184412e+03
1.364647420504676802e+03
1.364746266244169192e+03
1.364845111983661582e+03
1.364943957723153972e+03
1.365042803462646361e+03
1.365141649202138751e+03
1.365240494941631141e+03
1.365339340681123531e+03
1.365438186420615921e+03
1.365537032160108311e+03
1.365635877899600700e+03
1.365734723639093090e+03
1.365833569378585480e+03
1.365932415118077870e+03
1.366029633611280133e+03
1.366127272479443036e+03
1.366225119188533426e+03
1.366323135145596552e+03
1.366421289595455846e+03
1.366519557880309549e+03
1.366617920115527113e+03
1.366716360176822036e+03
1.366814864921186199e+03
1.366913423584035627e+03
1.367012027309789346e+03
1.367110668784015616e+03
1.367209341943303571e+03
1.367308041744977118e+03
1.367406763983156452e+03
1.367505505140951072e+03
1.367604262271001062e+03
1.367703032898400124e+03
1.367801814941412431e+03
1.367900606646411461e+03
1.368000389373620010e+03
1.368099996139176255e+03
1.368199513828205681e+03
1.368298948831272128e+03
1.368398308519005695e+03
1.368497600555672534e+03
1.368596832465867465e+03
1.368696011374554246e+03
1.368795143864275133e+03
1.368894235910189991e+03
1.368993292865560534e+03
1.369092319478786294e+03
1.369191319929084784e+03
1.369290297872121528e+03
1.369389256489841273e+03
1.369488198540800113e+03
1.369587126408704307e+03
1.369686042147827720e+03
1.369784947524618701e+03
1.369883844055233340e+03
1.369982733039005325e+03
1.370081615588026807e+03
1.370180492653109241e+03
1.370279365046439125e+03
1.370378233461261971e+03
1.370477098488923502e+03
1.370575960633574141e+03
1.370674820324831217e+03
1.370773677928655161e+03
1.370872533756681833e+03
1.370971388074211518e+03
1.371070241107046513e+03
1.371169093047333035e+03
1.371267944058549801e+03
1.371366794279766282e+03
1.371465643829272267e+03
1.371564492807671968e+03
1.371663341300521779e+03
1.371762189380574455e+03
1.371861037109692234e+03
1.371959884540474377e+03
1.372058731997591622e+03
1.372157579454708866e+03
1.372256426911826111e+03
1.372355274368943356e+03
1.372454121826060600e+03
1.372552969283177845e+03
1.372651816740295089e+03
1.372750664197412334e+03
1.372849511654529579e+03
1.372948359111646823e+03
1.373047206568764068e+03
1.373146054025881313e+03
1.373244901482998557e+03
1.373343748940115802e+03
1.373442596397233046e+03
1.373541443854350291e+03
1.373640291311467536e+03
1.373739138768584780e+03
1.373837986225702025e+03
1.373935207398583316e+03
1.374032848715333785e+03
1.374130697763961280e+03
1.374228715967690732e+03
1.374326872585152614e+03
1.374425142970318802e+03
1.374523507248591613e+03
1.374621949304230384e+03
1.374720456001504544e+03
1.374819016582023551e+03
1.374917622195477861e+03
1.375016265531919998e+03
1.375114940531754655e+03
1.375213642155550133e+03
1.375312366200186716e+03
1.375411109151121082e+03
1.375509868062988289e+03
1.375608640462579842e+03
1.375707424269602143e+03
1.375806217731655352e+03
1.375906001236774955e+03
1.376005609010314856e+03
1.376105127814100342e+03
1.376204564022601062e+03
1.376303924992783777e+03
1.376403218377314943e+03
1.376502451690942053e+03
1.376601632050265835e+03
1.376700766030728118e+03
1.376799859601457911e+03
1.376898918110595105e+03
1.376997946302188211e+03
1.377096948351758783e+03
1.377195927911832314e+03
1.377294888161685776e+03
1.377393831857607893e+03
1.377492761381379069e+03
1.377591678785636532e+03
1.377690585835437560e+03
1.377789484045755898e+03
1.377888374714920928e+03
1.377987258954171466e+03
1.378086137713592962e+03
1.378185011804754595e+03
1.378283881920379145e+03
1.378382748651366001e+03
1.378481612501487234e+03
1.378580473900037759e+03
1.378679333212705160e+03
1.378778190750892463e+03
1.378877046779702596e+03
1.378975901524769824e+03
1.379074755178097121e+03
1.379173607903042694e+03
1.379272459838572331e+03
1.379371311102888285e+03
1.379470161796520188e+03
1.379569012004960769e+03
1.379667861800909577e+03
1.379766711246182922e+03
1.379865560393340729e+03
1.379964409566811355e+03
1.380063258740281981e+03
1.380162107913752607e+03
1.380260957087223233e+03
1.380359806260693858e+03
1.380458655434164484e+03
1.380557504607635110e+03
1.380656353781105736e+03
1.380755202954576362e+03
1.380854052128046987e+03
1.380952901301517613e+03
1.381051750474988239e+03
1.381150599648458865e+03
1.381249448821929491e+03
1.381348297995400117e+03
1.381447147168870742e+03
1.381545996342341368e+03
1.381644845515811994e+03
1.381743694689282620e+03
1.381840918540592384e+03
1.381938562304674178e+03
1.382036413691580492e+03
1.382134434140715030e+03
1.382232592924517121e+03
1.382330865408731142e+03
1.382429231728793638e+03
1.382527675777510240e+03
1.382626184426427471e+03
1.382724746923348221e+03
1.382823354423234377e+03
1.382921999620623637e+03
1.383020676459735341e+03
1.383119379904383322e+03
1.383218105754207272e+03
1.383316850497011046e+03
1.383415611189425590e+03
1.383514385359938842e+03
1.383613170929700118e+03
1.383711966147536259e+03
1.383811750429283848e+03
1.383911359209526154e+03
1.384010879126787586e+03
1.384110316539443374e+03
1.384209678790796943e+03
1.384308973521915277e+03
1.384408208237697181e+03
1.384507390046382170e+03
1.384606525516310512e+03
1.384705620610580809e+03
1.384804680672210452e+03
1.384903710440896930e+03
1.385002714088466291e+03
1.385101695264303316e+03
1.385200657145017203e+03
1.385299602484629759e+03
1.385398533662995305e+03
1.385497452731114436e+03
1.385596361452652900e+03
1.385695261341403011e+03
1.385794153694689385e+03
1.385893039622896822e+03
1.385991920075385224e+03
1.386090795863107587e+03
1.386189667678261685e+03
1.386288536111301937e+03
1.386387401665621837e+03
1.386486264770194339e+03
1.386585125790433722e+03
1.386683985037510183e+03
1.386782842776328835e+03
1.386881699232356368e+03
1.386980554597453192e+03
1.387079409034855871e+03
1.387178262683426965e+03
1.387277115661281186e+03
1.387375968068873362e+03
1.387474819991633694e+03
1.387573671502207162e+03
1.387672522662364372e+03
1.387771373524626597e+03
1.387870224413178903e+03
1.387969075301731209e+03
1.388067926190283515e+03
1.388166777078835821e+03
1.388265627967388127e+03
1.388364478855940433e+03
1.388463329744492739e+03
1.388562180633045045e+03
1.388661031521597351e+03
1.388759882410149658e+03
1.388858733298701964e+03
1.388957584187254270e+03
1.389056435075806576e+03
1.389155285964358882e+03
1.389254136852911188e+03
1.389352987741463494e+03
1.389451838630015800e+03
1.389550689518568106e+03
1.389649540407120412e+03
1.389746766935607639e+03
1.389844413145764747e+03
1.389942266869690684e+03
1.390040289562969974e+03
1.390138450511848987e+03
1.390236725093847326e+03
1.390335093454434173e+03
1.390433539494962361e+03
1.390532050094254828e+03
1.390630614506309712e+03
1.390729223891359652e+03
1.390827870948426835e+03
1.390926549625546613e+03
1.391025254889777216e+03
1.391123982543518650e+03
1.391222729076921723e+03
1.391321491548612812e+03
1.391420267488776972e+03
1.391519054820006659e+03
1.391617851792355395e+03
1.391717636849446990e+03
1.391817246635109996e+03
1.391916767664567260e+03
1.392016206280099141e+03
1.392115569811345495e+03
1.392214865887773840e+03
1.392314102004434744e+03
1.392413285261204919e+03
1.392512422219324435e+03
1.392611518835860352e+03
1.392710580448708015e+03
1.392809611793214344e+03
1.392908617037508520e+03
1.393007599827835747e+03
1.393106563338137221e+03
1.393205510320167605e+03
1.393304443151855139e+03
1.393403363882563099e+03
1.393502274274567299e+03
1.393601175840476799e+03
1.393700069876612361e+03
1.393798957492504542e+03
1.393897839636787921e+03
1.393996717119798859e+03
1.394095590633210804e+03
1.394194460767032979e+03
1.394293328024279617e+03
1.394392192833602394e+03
1.394491055560141831e+03
1.394589916514835750e+03
1.394688775962391674e+03
1.394787634128108039e+03
1.394886491203702690e+03
1.394985347352290546e+03
1.395084202712631622e+03
1.395183057402752411e+03
1.395281911523033614e+03
1.395380765158841768e+03
1.395479618382768194e+03
1.395578471256537568e+03
1.395678276651407032e+03
1.395778009653989102e+03
1.395877742656571172e+03
1.395977475659153242e+03
1.396077208661735312e+03
1.396176941664317383e+03
1.396276674666899453e+03
1.396376407669481523e+03
1.396476140672063593e+03
1.396575873674645663e+03
1.396675606677227734e+03
1.396775339679809804e+03
1.396875072682391874e+03
1.396974805684973944e+03
1.397074538687556014e+03
1.397174271690138085e+03
1.397274004692720155e+03
1.397373737695302225e+03
1.397473470697884295e+03
1.397573203700466365e+03
1.397671983884273914e+03
1.397771022349394570e+03
1.397870192135235357e+03
1.397969466026064765e+03
1.398068822968891482e+03
1.398168246574186696e+03
1.398267723999979353e+03
1.398367245118291066e+03
1.398466801889916269e+03
1.398566387893319870e+03
1.398665997967873409e+03
1.398765627942206947e+03
1.398865274426167616e+03
1.398964934650515488e+03
1.399064606342617935e+03
1.399164287629431101e+03
1.399263976961281969e+03
1.399363673051595697e+03
1.399463374828929545e+03
1.399563081398559916e+03
1.399663094654422366e+03
1.399763092572057531e+03
1.399863075978825918e+03
1.399963040047402046e+03
1.400062982619170498e+03
1.400162903264082843e+03
1.400262802631335035e+03
1.400362682005711349e+03
1.400462543008714420e+03
1.400562387401045044e+03
1.400662216955533950e+03
1.400762033378624892e+03
1.400861838264931521e+03
1.400961633073997291e+03
1.401061419121649124e+03
1.401161197580675662e+03
1.401260969487200327e+03
1.401360735750284903e+03
1.401460497163118816e+03
1.401560254414712290e+03
1.401660008101417134e+03
1.401759758737857055e+03
1.401859506767042831e+03
1.401959252569565933e+03
1.402058996471841965e+03
1.402158738753428906e+03
1.402258479653471340e+03
1.402358219376340912e+03
1.402457958096547372e+03
1.402557695962997059e+03
1.402657433102674759e+03
1.402757169623817163e+03
1.402856905618641576e+03
1.402956641165688779e+03
1.403056376331831416e+03
1.403156111173992713e+03
1.403255845740616678e+03
1.403355580072922976e+03
1.403455314205978993e+03
1.403555048169614793e+03
1.403654781989201183e+03
1.403754515819384096e+03
1.403854249649567009e+03
1.403953983479749922e+03
1.404053717309932836e+03
1.404153451140115749e+03
1.404253184970298662e+03
1.404352918800481575e+03
1.404452652630664488e+03
1.404552386460847401e+03
1.404652120291030315e+03
1.404751854121213228e+03
1.404851587951396141e+03
1.404951321781579054e+03
1.405051055611761967e+03
1.405150789441944880e+03
1.405250523272127793e+03
1.405350257102310707e+03
1.405449990932493620e+03
1.405549724762676533e+03
1.405648506747698320e+03
1.405747546779901313e+03
1.405846718022254436e+03
1.405945993275500541e+03
1.406045351500687502e+03
1.406144776320244318e+03
1.406244254902378998e+03
1.406343777127777230e+03
1.406443334964605810e+03
1.406542921997599706e+03
1.406642533071464641e+03
1.406742164019366555e+03
1.406841811455010429e+03
1.406941472612436201e+03
1.407041145221799979e+03
1.407140827412429189e+03
1.407240517636666027e+03
1.407340214609649820e+03
1.407439917261395067e+03
1.407539624698415764e+03
1.407639637836714201e+03
1.407739635867714014e+03
1.407839619495083298e+03
1.407939583875395329e+03
1.408039526836347932e+03
1.408139447936261377e+03
1.408239347814446091e+03
1.408339227747287168e+03
1.408439089349149981e+03
1.408538934374669225e+03
1.408638764591522204e+03
1.408738581701772546e+03
1.408838387296312249e+03
1.408938182831521772e+03
1.409037969620539798e+03
1.409137748833870546e+03
1.409237521505695668e+03
1.409337288543427803e+03
1.409437050738853031e+03
1.409536808779790363e+03
1.409636563261578203e+03
1.409736314697979196e+03
1.409836063531272202e+03
1.409935810141426828e+03
1.410035554854330030e+03
1.410135297949090273e+03
1.410235039664470150e+03
1.410334780204516846e+03
1.410434519743464080e+03
1.410534258429983311e+03
1.410633996390860602e+03
1.410733733734162797e+03
1.410833470551962819e+03
1.410933206922679574e+03
1.411032942913081342e+03
1.411132678580003358e+03
1.411232413971813685e+03
1.411332149129668551e+03
1.411431884088581455e+03
1.411531618878335394e+03
1.411631353524262522e+03
1.411731088180763436e+03
1.411830822837264350e+03
1.411930557493765264e+03
1.412030292150266177e+03
1.412130026806767091e+03
1.412229761463268005e+03
1.412329496119768919e+03
1.412429230776269833e+03
1.412528965432770747e+03
1.412628700089271661e+03
1.412728434745772574e+03
1.412828169402273488e+03
1.412927904058774402e+03
1.413027638715275316e+03
1.413127373371776230e+03
1.413227108028277144e+03
1.413326842684778057e+03
1.413426577341278971e+03
1.413526311997779885e+03
1.413625095782745348e+03
1.413724137380756247e+03
1.413823310078345912e+03
1.413922586692731784e+03
1.414021946199001150e+03
1.414121372231540136e+03
1.414220851968737406e+03
1.414320375299942270e+03
1.414419934200692978e+03
1.414519522261996372e+03
1.414619134333891225e+03
1.414718766254080265e+03
1.414818414640125638e+03
1.414918076729347376e+03
1.415017750254690327e+03
1.415117433347852966e+03
1.415217124463193613e+03
1.415316822317565084e+03
1.415416525842438659e+03
1.415516234145567068e+03
1.415616247165015238e+03
1.415716245308093221e+03
1.415816229154777375e+03
1.415916193845539510e+03
1.416016137194390694e+03
1.416116058748019668e+03
1.416215959135852245e+03
1.416315839625873423e+03
1.416415701825311089e+03
1.416515547482734519e+03
1.416615378360667364e+03
1.416715196156793354e+03
1.416815002458282379e+03
1.416914798718351676e+03
1.417014586247452144e+03
1.417114366213803578e+03
1.417214139649646540e+03
1.417313907460742712e+03
1.417413670437476185e+03
1.417513429266474077e+03
1.417613184542061390e+03
1.417712936777140158e+03
1.417812686413257325e+03
1.417912433829760403e+03
1.418012179352007706e+03
1.418111923258658180e+03
1.418211665788092660e+03
1.418311407144033183e+03
1.418411147500438119e+03
1.418510887005744280e+03
1.418610625786537867e+03
1.418710363950716783e+03
1.418810101590209797e+03
1.418909838783313489e+03
1.419009575596691548e+03
1.419109312087090984e+03
1.419209048302805286e+03
1.419308784284925878e+03
1.419408520068412145e+03
1.419508255683001380e+03
1.419607041256088451e+03
1.419705898992252060e+03
1.419804756728415668e+03
1.419903614464579277e+03
1.420002472200742886e+03
1.420101329936906495e+03
1.420200187673070104e+03
1.420299045409233713e+03
1.420397903145397322e+03
1.420496760881560931e+03
1.420595618617724540e+03
1.420694476353888149e+03
1.420793334090051758e+03
1.420892191826215367e+03
1.420991049562378976e+03
1.421089907298542585e+03
1.421188765034706194e+03
1.421287622770869802e+03
1.421386480507033411e+03
1.421485338243197020e+03
1.421582575467888091e+03
1.421680231449785651e+03
1.421778094509202674e+03
1.421876126166450831e+03
1.421974295763011924e+03
1.422072578723503966e+03
1.422170955233534869e+03
1.422269409228644918e+03
1.422367927616767929e+03
1.422466499676679632e+03
1.422565116589699073e+03
1.422663771072789359e+03
1.422762457089246482e+03
1.422861169619111251e+03
1.422959904475822441e+03
1.423058658158919798e+03
1.423157427735013243e+03
1.423256210741076075e+03
1.423355005105471491e+03
1.423453809083160422e+03
1.423553597228792796e+03
1.423653211023326321e+03
1.423752736488765322e+03
1.423852179903009528e+03
1.423951548541045213e+03
1.424050849985940431e+03
1.424150091693350987e+03
1.424249280729703969e+03
1.424348423627834109e+03
1.424447526320685029e+03
1.424546594125662295e+03
1.424645631760708511e+03
1.424744643379167201e+03
1.424843632614722537e+03
1.424942602630643250e+03
1.425041556169616570e+03
1.425140495601864814e+03
1.425239422970204487e+03
1.425338340031346434e+03
1.425437248293171706e+03
1.425536149047982235e+03
1.425635043401893427e+03
1.425733932300637434e+03
1.425832816552083159e+03
1.425931696845807892e+03
1.426030573770038245e+03
1.426129447826274600e+03
1.426228319441881013e+03
1.426327188980903202e+03
1.426426056753349485e+03
1.426524923023137035e+03
1.426623788014891943e+03
1.426722651919761120e+03
1.426821514900374495e+03
1.426920377095078720e+03
1.427019238621549903e+03
1.427118099579870886e+03
1.427216960055154232e+03
1.427315820119776390e+03
1.427414679835279003e+03
1.427513539253988483e+03
1.427612398698875722e+03
1.427711258143762961e+03
1.427810117588650201e+03
1.427908977033537440e+03
1.428007836478424679e+03
1.428106695923311918e+03
1.428205555368199157e+03
1.428304414813086396e+03
1.428403274257973635e+03
1.428502133702860874e+03
1.428600993147748113e+03
1.428699852592635352e+03
1.428798712037522591e+03
1.428897571482409830e+03
1.428996430927297070e+03
1.429095290372184309e+03
1.429194149817071548e+03
1.429293009261958787e+03
1.429391868706846026e+03
1.429489108602461329e+03
1.429586767024153460e+03
1.429684632414296402e+03
1.429782666309384467e+03
1.429880838064708996e+03
1.429979123116664141e+03
1.430077501660892267e+03
1.430175957641482000e+03
1.430274477973644252e+03
1.430373051942350230e+03
1.430471670734190866e+03
1.430570327070614212e+03
1.430669014918732501e+03
1.430767729261831164e+03
1.430866465916109973e+03
1.430965221383454946e+03
1.431063992732472798e+03
1.431162777501833489e+03
1.431261573621343132e+03
1.431360379347189792e+03
1.431460168261748549e+03
1.431559783055296293e+03
1.431659309626529875e+03
1.431758754237254152e+03
1.431858124148791831e+03
1.431957426932610133e+03
1.432056670034516856e+03
1.432155860512576055e+03
1.432255004892520674e+03
1.432354109101263248e+03
1.432453178451087524e+03
1.432552217655583490e+03
1.432651230864399395e+03
1.432750221708078470e+03
1.432849193347221217e+03
1.432948148522247948e+03
1.433047089601455127e+03
1.433146018626021259e+03
1.433244937351266799e+03
1.433343847283890227e+03
1.433442749715188711e+03
1.433541645750424550e+03
1.433640536334603439e+03
1.433739422274978097e+03
1.433838304260601035e+03
1.433937182879254124e+03
1.434036058632058257e+03
1.434134931946055758e+03
1.434233803185019497e+03
1.434332672658724277e+03
1.434431540630890368e+03
1.434530407325975375e+03
1.434629272934984101e+03
1.434728137620424150e+03
1.434827001520539852e+03
1.434925864752919324e+03
1.435024727417570830e+03
1.435123589599543948e+03
1.435222451371160787e+03
1.435321312793917514e+03
1.435421121870686648e+03
1.435520858998443600e+03
1.435620596126200553e+03
1.435720333253957506e+03
1.435820070381714459e+03
1.435919807509471411e+03
1.436019544637228364e+03
1.436119281764985317e+03
1.436219018892742270e+03
1.436318756020499222e+03
1.436418493148256175e+03
1.436518230276013128e+03
1.436617967403770081e+03
1.436717704531527033e+03
1.436817441659283986e+03
1.436917178787040939e+03
1.437016915914797892e+03
1.437116653042554844e+03
1.437216390170311797e+03
1.437316127298068750e+03
1.437414916475240716e+03
1.437513962763031941e+03
1.437613139818676927e+03
1.437712420508819378e+03
1.437811783850666643e+03
1.437911213514478959e+03
1.438010696709185595e+03
1.438110223350128763e+03
1.438209785434962441e+03
1.438309376573507052e+03
1.438408991631803929e+03
1.438508626461164113e+03
1.438608277690722616e+03
1.438707942567639748e+03
1.438807618833227252e+03
1.438907304626296764e+03
1.439006998407254287e+03
1.439106698898094010e+03
1.439206405034657791e+03
1.439306115928414329e+03
1.439406128583591453e+03
1.439506127055186425e+03
1.439606111552098128e+03
1.439706077166494651e+03
1.439806021671327926e+03
1.439905944578391654e+03
1.440005846487456665e+03
1.440105728641309497e+03
1.440205592625763984e+03
1.440305440171194732e+03
1.440405273024661938e+03
1.440505092870710087e+03
1.440604901285343658e+03
1.440704699712289994e+03
1.440804489453936412e+03
1.440904271671648758e+03
1.441004047391843187e+03
1.441103817515331230e+03
1.441203582828289655e+03
1.441303344013769447e+03
1.441403101663056987e+03
1.441502856286470205e+03
1.441602608323361437e+03
1.441702358151211229e+03
1.441802106093792190e+03
1.441901852428414941e+03
1.442001597392314807e+03
1.442101341188239530e+03
1.442201083989319386e+03
1.442300825943287691e+03
1.442400567176132881e+03
1.442500307795243771e+03
1.442600047892117573e+03
1.442699787544683204e+03
1.442799526819292851e+03
1.442899265772427270e+03
1.442999004452154622e+03
1.443098742899375111e+03
1.443198481148884412e+03
1.443298219230281575e+03
1.443397957168741641e+03
1.443497695117684771e+03
1.443597433066627900e+03
1.443697171015571030e+03
1.443796908964514159e+03
1.443896646913457289e+03
1.443996384862400419e+03
1.444096122811343548e+03
1.444195860760286678e+03
1.444295598709229807e+03
1.444395336658172937e+03
1.444495074607116067e+03
1.444594812556059196e+03
1.444694550505002326e+03
1.444794288453945455e+03
1.444894026402888585e+03
1.444993764351831715e+03
1.445093502300774844e+03
1.445193240249717974e+03
1.445292978198661103e+03
1.445391769170693806e+03
1.445490817019197038e+03
1.445589995524975620e+03
1.445689277571149432e+03
1.445788642188966605e+03
1.445888073060645183e+03
1.445987557405295775e+03
1.446087085146924665e+03
1.446186648290557969e+03
1.446286240452287529e+03
1.446385856503488640e+03
1.446485492300009355e+03
1.446585144474842082e+03
1.446684810278426767e+03
1.446784487454864575e+03
1.446884174145338648e+03
1.446983868812270202e+03
1.447083570179367825e+03
1.447183277183930159e+03
1.447282988938664175e+03
1.447383001469844885e+03
1.447483000048372560e+03
1.447582984759454803e+03
1.447682950679157784e+03
1.447782895566747356e+03
1.447882818922385013e+03
1.447982721335957649e+03
1.448082604041851255e+03
1.448182468618742632e+03
1.448282316790940058e+03
1.448382150300350304e+03
1.448481970827137957e+03
1.448581779943584934e+03
1.448681579090256491e+03
1.448781369566851026e+03
1.448881152532450187e+03
1.448980929011528360e+03
1.449080699903246796e+03
1.449180465992380050e+03
1.449280227960787442e+03
1.449379064546913014e+03
1.449478145740233686e+03
1.449577350608749157e+03
1.449676653630804822e+03
1.449776035042239528e+03
1.449875479439524497e+03
1.449974974739493064e+03
1.450074511401761583e+03
1.450174081845056435e+03
1.450273680007051553e+03
1.450373301010727118e+03
1.450472940910077568e+03
1.450572596495158450e+03
1.450672265141699881e+03
1.450771944694363583e+03
1.450871633375518513e+03
1.450971329713494697e+03
1.451071032485781643e+03
1.451170740673773480e+03
1.451270453426488075e+03
1.451370170031307907e+03
1.451469886348717409e+03
1.451569602666126912e+03
1.451669318983536414e+03
1.451769035300945916e+03
1.451868751618355418e+03
1.451968467935764920e+03
1.452068184253174422e+03
1.452167900570583924e+03
1.452267616887993427e+03
1.452367333205402929e+03
1.452467049522812431e+03
1.452566765840221933e+03
1.452666482157631435e+03
1.452766198475040937e+03
1.452865914792450440e+03
1.452965631109859942e+03
1.453065347427269444e+03
1.453165063744678946e+03
1.453264780062088448e+03
1.453363524246366069e+03
1.453462531356548652e+03
1.453561671980854044e+03
1.453660918576765880e+03
1.453760249812805341e+03
1.453859649062248764e+03
1.453959103281186572e+03
1.454058602169773849e+03
1.454158137542570103e+03
1.454257702853639103e+03
1.454357292836540182e+03
1.454456903229915497e+03
1.454556530567088657e+03
1.454656172013750620e+03
1.454755825241943967e+03
1.454855488331586912e+03
1.454955159693015730e+03
1.455054838005657984e+03
1.455154522169169013e+03
1.455254211264254764e+03
1.455354226586660616e+03
1.455454221989160487e+03
1.455554200753218311e+03
1.455654158370981804e+03
1.455754092955385659e+03
1.455854004307163450e+03
1.455953893271626157e+03
1.456053761300208180e+03
1.456153610156022296e+03
1.456253441720100682e+03
1.456353257867527645e+03
1.456453060391638473e+03
1.456552850960888236e+03
1.456652631097570520e+03
1.456752402170840696e+03
1.456852165398808665e+03
1.456951921856114950e+03
1.457051672484557002e+03
1.457151418105146149e+03
1.457251159430539701e+03
1.457350897077186573e+03
1.457450631576792603e+03
1.457550363386887511e+03
1.457650092900403024e+03
1.457749820454243263e+03
1.457849546336881758e+03
1.457949270795040320e+03
1.458048994039531635e+03
1.458148716250339248e+03
1.458248437581023836e+03
1.458348158162524896e+03
1.458447878106440839e+03
1.458547597507846604e+03
1.458647316447711773e+03
1.458747034994973774e+03
1.458846753208310702e+03
1.458946471137657682e+03
1.459046188825502668e+03
1.459145906307991027e+03
1.459245623615867771e+03
1.459345635586171056e+03
1.459445635037780221e+03
1.459545634489389386e+03
1.459645633940998550e+03
1.459745633392607715e+03
1.459845632844216880e+03
1.459945632295826044e+03
1.460045631747435209e+03
1.460145631199044374e+03
1.460245630650653538e+03
1.460345630102262703e+03
1.460445629553871868e+03
1.460545629005481032e+03
1.460645628457090197e+03
1.460745627908699362e+03
1.460845627360308526e+03
1.460945626811917691e+03
1.461045626263526856e+03
1.461145625715136021e+03
1.461245625166745185e+03
1.461345329807466896e+03
1.461445134408464355e+03
1.461544995535192584e+03
1.461644897138266970e+03
1.461744827674258659e+03
1.461844778848549822e+03
1.461944744707529026e+03
1.462044720983369189e+03
1.462144704621326582e+03
1.462244693438874720e+03
1.462344685880026873e+03
1.462444680838357272e+03
1.462544677529593855e+03
1.462644675399957578e+03
1.462744674060274974e+03
1.462844673238661699e+03
1.462944672746580864e+03
1.463044672454530883e+03
1.463144672274654567e+03
1.463244672148327936e+03
1.463344314950064700e+03
1.463444097870982660e+03
1.463543938492344068e+03
1.463643821164726660e+03
1.463743734524958654e+03
1.463843670316148064e+03
1.463943622533262896e+03
1.464043586804427605e+03
1.464143559942853699e+03
1.464243539622269509e+03
1.464343524141739636e+03
1.464443512255185851e+03
1.464543503047748345e+03
1.464643495846063843e+03
1.464743490153110088e+03
1.464843485600850499e+03
1.464943481915782058e+03
1.465043478893841893e+03
1.465143476382107565e+03
1.465243474265427722e+03
1.465343472456640939e+03
1.465443470889402988e+03
1.465543469512915863e+03
1.465643468288043096e+03
1.465743467184438714e+03
1.465843466178419476e+03
1.465943465251378484e+03
1.466043464388601251e+03
1.466143463578376213e+03
1.466243462811323752e+03
1.466343462079886422e+03
1.466443461377940594e+03
1.466543460700497917e+03
1.466643460043474988e+03
1.466743459403514180e+03
1.466843458777843125e+03
1.466943458164164895e+03
1.467043457560569095e+03
1.467143456965462974e+03
1.467243456377515486e+03
1.467343455795610453e+03
1.467443455209015383e+03
1.467543454622420313e+03
1.467643454035825243e+03
1.467743453449230174e+03
1.467843452862635104e+03
1.467943452276040034e+03
1.468043451689444964e+03
1.468143451102849895e+03
1.468243450516254825e+03
1.468343449929659755e+03
1.468443449343064685e+03
1.468543448756469616e+03
1.468643448169874546e+03
1.468743447583279476e+03
1.468843446996684406e+03
1.468943446410089336e+03
1.469043445823494267e+03
1.469143445236899197e+03
1.469243444650304127e+03
1.469343150231839218e+03
1.469442955537965872e+03
1.469542817258439300e+03
1.469642719360537058e+03
1.469742650315011133e+03
1.469842601839307235e+03
1.469942567990075304e+03
1.470042544508214860e+03
1.470142528346401605e+03
1.470242517328417534e+03
1.470342509903638302e+03
1.470442504970197660e+03
1.470542501747698680e+03
1.470642499685657185e+03
1.470742498397699592e+03
1.470842497614321701e+03
1.470942497149010705e+03
1.471042496873984419e+03
1.471142496702847666e+03
1.471242496578218606e+03
1.471342138396921428e+03
1.471441920565192504e+03
1.471541760540955238e+03
1.471641642658775254e+03
1.471741555541852904e+03
1.471841490921702416e+03
1.471941442783429693e+03
1.472041406746773646e+03
1.472141379617814209e+03
1.472241359064217477e+03
1.472341343379893260e+03
1.472441331314382069e+03
1.472541321949098801e+03
1.472641314607514232e+03
1.472741308789914456e+03
1.472841304125974602e+03
1.472941300340246926e+03
1.473041297227016003e+03
1.473141294631953542e+03
1.473241292438714481e+03
1.473341021987275781e+03
1.473440842204208820e+03
1.473540714604237564e+03
1.473640624342167484e+03
1.473740560745058474e+03
1.473840516147455219e+03
1.473940485050434290e+03
1.474040463514739258e+03
1.474140448723044983e+03
1.474240438664371595e+03
1.474340431906677395e+03
1.474440427433087962e+03
1.474540424524029959e+03
1.474640422672467366e+03
1.474740421522995121e+03
1.474840420828125616e+03
1.474940420416945926e+03
1.475040420172686254e+03
1.475140420016686448e+03
1.475240419896965932e+03
1.475340419780091679e+03
1.475440419767868207e+03
1.475540419755644734e+03
1.475640419743421262e+03
1.475740419731197790e+03
1.475840419718974317e+03
1.475940419706750845e+03
1.476040419694527372e+03
1.476140419682303900e+03
1.476240419670080428e+03
1.476340419657856955e+03
1.476440419645633483e+03
1.476540419633410011e+03
1.476640419621186538e+03
1.476740419608963066e+03
1.476840419596739594e+03
1.476940419584516121e+03
1.477040419572292649e+03
1.477140419560069176e+03
1.477240419547845704e+03
1.477340100406770944e+03
1.477439887080045082e+03
1.477539733045631010e+03
1.477639621840324708e+03
1.477739541568498225e+03
1.477839483635885927e+03
1.477939441834005720e+03
1.478039411678287706e+03
1.478139389929692015e+03
1.478239374249002367e+03
1.478339362947021073e+03
1.478439354804079358e+03
1.478539348939639467e+03
1.478639344718091479e+03
1.478739341680701500e+03
1.478839339496457796e+03
1.478939337926564122e+03
1.479039336798796512e+03
1.479139335988984612e+03
1.479239335407637100e+03
1.479339002216955805e+03
1.479438803421979856e+03
1.479538659668076434e+03
1.479638555703650127e+03
1.479738480504094923e+03
1.479838426100555125e+03
1.479938386732986828e+03
1.480038358237851071e+03
1.480138337605505285e+03
1.480238322660288304e+03
1.480338311829307258e+03
1.480438303975333156e+03
1.480538298276037494e+03
1.480638294136713512e+03
1.480738291127201137e+03
1.480838288936297431e+03
1.480938287338810369e+03
1.481038286171742129e+03
1.481138285317075542e+03
1.481238284689329248e+03
1.481338284226561882e+03
1.481438283883865779e+03
1.481538283628664431e+03
1.481638283437310065e+03
1.481738283292621645e+03
1.481838283182106125e+03
1.481938283096668329e+03
1.482038283029678723e+03
1.482138282976298569e+03
1.482238282932989250e+03
1.482338282897158933e+03
1.482438282866903819e+03
1.482538282840823513e+03
1.482638282817883692e+03
1.482738282797318561e+03
1.482838282778559233e+03
1.482938282761180744e+03
1.483038282744864773e+03
1.483138282729371895e+03
1.483238282714520437e+03
1.483337922676692642e+03
1.483437609622450509e+03
1.483537296568208376e+03
1.483636983513966243e+03
1.483736670459724110e+03
1.483836357405481976e+03
1.483936044351239843e+03
1.484035731296997710e+03
1.484135418242755577e+03
1.484235105188513444e+03
1.484334792134271311e+03
1.484434479080029178e+03
1.484534166025787044e+03
1.484633852971544911e+03
1.484733539917302778e+03
1.484833226863060645e+03
1.484932913808818512e+03
1.485032600754576379e+03
1.485132287700334246e+03
1.485231974646092112e+03
1.485332021615329722e+03
1.485432010819895140e+03
1.485531981983139985e+03
1.485631930231907745e+03
1.485731853528490092e+03
1.485831751661070712e+03
1.485931625547719932e+03
1.486031476761975227e+03
1.486131307214254775e+03
1.486231118942231205e+03
1.486330913976833472e+03
1.486430694260259088e+03
1.486530461599337741e+03
1.486630217642534035e+03
1.486729963872426424e+03
1.486829701607996867e+03
1.486929432012850611e+03
1.487029156106733808e+03
1.487128874778595218e+03
1.487228588800055377e+03
1.487327288968788707e+03
1.487426282754016029e+03
1.487525405583131715e+03
1.487624631155081943e+03
1.487723939035890226e+03
1.487823313247443139e+03
1.487922741214423013e+03
1.488022212975425191e+03
1.488121720589376082e+03
1.488221257686730496e+03
1.488320819128334733e+03
1.488420400744650806e+03
1.488519999135213766e+03
1.488619611513440077e+03
1.488719235585755314e+03
1.488818869456835500e+03
1.488918511554830729e+03
1.489018160571978115e+03
1.489117815417133443e+03
1.489217475177605593e+03
1.489317139088286012e+03
1.489416806506549847e+03
1.489516476891740922e+03
1.489616149788330176e+03
1.489715824812028814e+03
1.489815501638294563e+03
1.489915179992785397e+03
1.490014859643409636e+03
1.490114540393681182e+03
1.490214222077161139e+03
1.490313904552790063e+03
1.490413587700966445e+03
1.490513271420245474e+03
1.490612955624555070e+03
1.490712640240846895e+03
1.490812325207111144e+03
1.490912010470698760e+03
1.491011695986900577e+03
1.491111381717744280e+03
1.491211067630975322e+03
1.491310753699194493e+03
1.491410439747577357e+03
1.491510125795960221e+03
1.491609811844343085e+03
1.491709497892725949e+03
1.491809183941108813e+03
1.491908869989491677e+03
1.492008556037874541e+03
1.492108242086257405e+03
1.492207928134640269e+03
1.492307614183023134e+03
1.492407300231405998e+03
1.492506986279788862e+03
1.492606672328171726e+03
1.492706358376554590e+03
1.492806044424937454e+03
1.492905730473320318e+03
1.493005416521703182e+03
1.493105102570086046e+03
1.493204788618468910e+03
1.493304835669064232e+03
1.493404824719122871e+03
1.493504795616311640e+03
1.493604743504226462e+03
1.493704666359397834e+03
1.493804563982109585e+03
1.493904437300716154e+03
1.494004287897491622e+03
1.494104117690279281e+03
1.494203928723060699e+03
1.494303723032125163e+03
1.494403502564226073e+03
1.494503269130063927e+03
1.494603024381393197e+03
1.494702769803587671e+03
1.494802506718005361e+03
1.494902236290270594e+03
1.495001959541845508e+03
1.495101677363137469e+03
1.495201390527005969e+03
