2.148850768480290885e+00
2.148698438136019462e+00
2.148546028369143102e+00
2.148393539124617391e+00
2.148240970347354839e+00
2.148088321982225768e+00
2.147935593974057866e+00
2.147782786267635302e+00
2.147629898807700055e+00
2.147476931538951916e+00
2.147323884406046268e+00
2.147170757353597192e+00
2.147017550326175250e+00
2.146864263268307926e+00
2.146710896124480072e+00
2.146557448839133908e+00
2.146403921356668132e+00
2.146250313621438366e+00
2.146096625577757600e+00
2.145942857169895301e+00
2.145789008342078752e+00
2.145635079038490822e+00
2.145481069203272195e+00
2.145326978780520033e+00
2.145172807714287977e+00
2.145018555948587480e+00
2.144864223427385141e+00
2.144709810094605817e+00
2.144555315894129954e+00
2.144400740769795366e+00
2.144246084665395902e+00
2.144091347524682334e+00
2.143936529291361914e+00
2.143781629909098818e+00
2.143626649321512367e+00
2.143471587472180140e+00
2.143316444304635304e+00
2.143161219762367065e+00
2.143005913788821548e+00
2.142850526327401806e+00
2.142695057321465590e+00
2.142539506714328468e+00
2.142383874449261150e+00
2.142228160469492160e+00
2.142072364718204724e+00
2.141916487138538550e+00
2.141760527673589820e+00
2.141604486266411200e+00
2.141448362860010501e+00
2.141292157397352458e+00
2.141135869821357396e+00
2.140979500074902120e+00
2.140823048100818582e+00
2.140666513841895657e+00
2.140509897240877368e+00
2.140353198240464216e+00
2.140196416783312294e+00
2.140039552812033730e+00
2.139882606269196241e+00
2.139725577097323583e+00
2.139568465238894657e+00
2.139411270636345286e+00
2.139253993232065554e+00
2.139096632968402467e+00
2.138939189787658179e+00
2.138781663632089991e+00
2.138624054443911682e+00
2.138466362165292178e+00
2.138308586738355999e+00
2.138150728105182807e+00
2.137992786207808305e+00
2.137834760988223337e+00
2.137676652388374343e+00
2.137518460350162908e+00
2.137360184815446207e+00
2.137201825726036564e+00
2.137043383023701892e+00
2.136884856650165254e+00
2.136726246547104413e+00
2.136567552656153612e+00
2.136408774918901354e+00
2.136249913276891288e+00
2.136090967671622654e+00
2.135931938044549838e+00
2.135772824337081044e+00
2.135613626490581840e+00
2.135454344446370722e+00
2.135294978145722666e+00
2.135135527529866017e+00
2.134975992539985601e+00
2.134816373117220945e+00
2.134656669202665391e+00
2.134496880737368318e+00
2.134337007662332919e+00
2.134177049918518421e+00
2.134017007446837866e+00
2.133856880188159000e+00
2.133696668083305159e+00
2.133536371073053495e+00
2.133375989098136305e+00
2.133215522099240591e+00
2.133054970017007168e+00
2.132894332792032444e+00
2.132733610364866639e+00
2.132572802676015566e+00
2.132411909665937966e+00
2.132250931275048167e+00
2.132089867443714315e+00
2.131928718112260146e+00
2.131767483220962323e+00
2.131606162710052654e+00
2.131444756519717210e+00
2.131283264590095872e+00
2.131121686861283671e+00
2.130960023273329007e+00
2.130798273766234985e+00
2.130636438279959410e+00
2.130474516754412573e+00
2.130312509129461240e+00
2.130150415344923776e+00
2.129988235340575020e+00
2.129825969056141854e+00
2.129663616431306750e+00
2.129501177405705103e+00
2.129338651918926573e+00
2.129176039910515517e+00
2.129013341319968777e+00
2.128850556086738344e+00
2.128687684150229575e+00
2.128524725449801203e+00
2.128361679924767103e+00
2.128198547514393635e+00
2.128035328157900974e+00
2.127872021794463997e+00
2.127708628363210064e+00
2.127545147803221681e+00
2.127381580053533394e+00
2.127217925053134451e+00
2.127054182740967025e+00
2.126890353055927552e+00
2.126726435936865389e+00
2.126562431322583713e+00
2.126398339151839068e+00
2.126234159363341369e+00
2.126069891895754349e+00
2.125905536687694664e+00
2.125741093677732785e+00
2.125576562804391667e+00
2.125411944006148524e+00
2.125247237221433494e+00
2.125082442388630088e+00
2.124917559446075188e+00
2.124752588332058156e+00
2.124587528984822171e+00
2.124422381342563781e+00
2.124257145343431574e+00
2.124091820925528840e+00
2.123926408026910462e+00
2.123760906585585584e+00
2.123595316539514943e+00
2.123429637826613536e+00
2.123263870384748842e+00
2.123098014151741264e+00
2.122932069065364580e+00
2.122766035063344159e+00
2.122599912083360074e+00
2.122433700063043549e+00
2.122267398939979621e+00
2.122101008651705811e+00
2.121934529135712122e+00
2.121767960329441927e+00
2.121601302170290637e+00
2.121434554595606592e+00
2.121267717542691056e+00
2.121100790948797332e+00
2.120933774751131651e+00
2.120766668886853168e+00
2.120599473293073078e+00
2.120432187906854615e+00
2.120264812665214826e+00
2.120097347505121910e+00
2.119929792363497434e+00
2.119762147177215006e+00
2.119594411883100271e+00
2.119426586417931802e+00
2.119258670718439763e+00
2.119090664721308137e+00
2.118922568363171166e+00
2.118754381580616908e+00
2.118586104310184570e+00
2.118417736488366732e+00
2.118249278051606677e+00
2.118080728936301060e+00
2.117912089078798132e+00
2.117743358415398625e+00
2.117574536882353975e+00
2.117405624415869880e+00
2.117236620952102299e+00
2.117067526427159674e+00
2.116898340777102483e+00
2.116729063937943245e+00
2.116559695845646516e+00
2.116390236436128003e+00
2.116220685645255895e+00
2.116051043408850418e+00
2.115881309662682952e+00
2.115711484342476911e+00
2.115541567383907307e+00
2.115371558722601630e+00
2.115201458294138526e+00
2.115031266034047785e+00
2.114860981877811685e+00
2.114690605760863651e+00
2.114520137618589146e+00
2.114349577386324786e+00
2.114178924999358777e+00
2.114008180392931369e+00
2.113837343502233512e+00
2.113666414262408200e+00
2.113495392608549572e+00
2.113324278475703366e+00
2.113153071798866467e+00
2.112981772512987799e+00
2.112810380552966549e+00
2.112638895853654386e+00
2.112467318349853240e+00
2.112295647976317081e+00
2.112123884667750584e+00
2.111952028358810463e+00
2.111780078984103692e+00
2.111608036478188399e+00
2.111435900775574748e+00
2.111263671810723164e+00
2.111091349518045668e+00
2.110918933831905431e+00
2.110746424686615885e+00
2.110573822016442502e+00
2.110401125755601459e+00
2.110228335838258751e+00
2.110055452198533299e+00
2.109882474770493399e+00
2.109709403488158941e+00
2.109536238285500520e+00
2.109362979096439439e+00
2.109189625854848149e+00
2.109016178494549809e+00
2.108842636949317839e+00
2.108669001152876810e+00
2.108495271038902885e+00
2.108321446541021160e+00
2.108147527592808768e+00
2.107973514127792658e+00
2.107799406079451376e+00
2.107625203381212842e+00
2.107450905966456567e+00
2.107276513768512327e+00
2.107102026720660159e+00
2.106927444756131251e+00
2.106752767808105720e+00
2.106577995809716608e+00
2.106403128694045002e+00
2.106228166394124024e+00
2.106053108842936172e+00
2.105877955973415094e+00
2.105702707718444255e+00
2.105527364010857383e+00
2.105351924783438466e+00
2.105176389968923090e+00
2.105000759499994878e+00
2.104825033309289051e+00
2.104649211329390646e+00
2.104473293492835850e+00
2.104297279732108894e+00
2.104121169979646044e+00
2.103944964167832943e+00
2.103768662229005493e+00
2.103592264095448972e+00
2.103415769699399807e+00
2.103239178973043799e+00
2.103062491848516569e+00
2.102885708257903996e+00
2.102708828133241781e+00
2.102531851406515440e+00
2.102354778009661196e+00
2.102177607874564202e+00
2.102000340933059430e+00
2.101822977116932112e+00
2.101645516357917298e+00
2.101467958587699414e+00
2.101290303737913590e+00
2.101112551740143441e+00
2.100934702525922848e+00
2.100756756026735506e+00
2.100578712174014484e+00
2.100400570899143116e+00
2.100222332133453218e+00
2.100043995808227759e+00
2.099865561854698193e+00
2.099687030204044902e+00
2.099508400787399864e+00
2.099329673535842655e+00
2.099150848380403112e+00
2.098971925252060888e+00
2.098792904081743682e+00
2.098613784800330784e+00
2.098434567338649082e+00
2.098255251627475282e+00
2.098075837597535909e+00
2.097896325179505972e+00
2.097716714304011187e+00
2.097537004901625313e+00
2.097357196902871479e+00
2.097177290238223080e+00
2.096997284838101105e+00
2.096817180632877253e+00
2.096636977552871262e+00
2.096456675528353131e+00
2.096276274489541347e+00
2.096095774366603326e+00
2.095915175089655857e+00
2.095734476588764661e+00
2.095553678793945274e+00
2.095372781635160830e+00
2.095191785042325172e+00
2.095010688945299293e+00
2.094829493273894450e+00
2.094648197957870828e+00
2.094466802926936655e+00
2.094285308110749977e+00
2.094103713438916881e+00
2.093922018840993715e+00
2.093740224246483539e+00
2.093558329584840560e+00
2.093376334785465698e+00
2.093194239777710575e+00
2.093012044490873969e+00
2.092829748854204031e+00
2.092647352796897842e+00
2.092464856248100968e+00
2.092282259136907463e+00
2.092099561392360751e+00
2.091916762943451857e+00
2.091733863719121178e+00
2.091550863648257597e+00
2.091367762659698482e+00
2.091184560682229687e+00
2.091001257644585110e+00
2.090817853475448462e+00
2.090634348103451057e+00
2.090450741457172690e+00
2.090267033465142088e+00
2.090083224055835576e+00
2.089899313157678407e+00
2.089715300699044764e+00
2.089531186608256430e+00
2.089346970813584115e+00
2.089162653243246126e+00
2.088978233825409259e+00
2.088793712488189680e+00
2.088609089159650711e+00
2.088424363767804603e+00
2.088239536240610761e+00
2.088054606505977961e+00
2.087869574491763469e+00
2.087684440125770813e+00
2.087499203335754228e+00
2.087313864049414214e+00
2.087128422194400201e+00
2.086942877698309218e+00
2.086757230488687220e+00
2.086571480493027764e+00
2.086385627638772000e+00
2.086199671853310011e+00
2.086013613063979477e+00
2.085827451198065674e+00
2.085641186182802809e+00
2.085454817945372241e+00
2.085268346412903817e+00
2.085081771512474980e+00
2.084895093171110769e+00
2.084708311315785156e+00
2.084521425873419265e+00
2.084334436770881815e+00
2.084147343934990015e+00
2.083960147292508669e+00
2.083772846770150178e+00
2.083585442294574985e+00
2.083397933792391576e+00
2.083210321190155589e+00
2.083022604414370704e+00
2.082834783391488198e+00
2.082646858047906946e+00
2.082458828309974308e+00
2.082270694103984798e+00
2.082082455356180084e+00
2.081894111992749874e+00
2.081705663939831474e+00
2.081517111123510233e+00
2.081328453469819095e+00
2.081139690904737272e+00
2.080950823354192902e+00
2.080761850744061281e+00
2.080572773000165299e+00
2.080383590048275000e+00
2.080194301814108471e+00
2.080004908223330506e+00
2.079815409201553944e+00
2.079625804674339662e+00
2.079436094567193916e+00
2.079246278805573223e+00
2.079056357314878589e+00
2.078866330020460840e+00
2.078676196847616620e+00
2.078485957721590616e+00
2.078295612567574668e+00
2.078105161310707771e+00
2.077914603876076516e+00
2.077723940188715090e+00
2.077533170173603505e+00
2.077342293755671143e+00
2.077151310859792765e+00
2.076960221410792062e+00
2.076769025333438101e+00
2.076577722552448435e+00
2.076386312992487326e+00
2.076194796578166635e+00
2.076003173234045374e+00
2.075811442884628377e+00
2.075619605454369410e+00
2.075427660867668500e+00
2.075235609048872831e+00
2.075043449922276739e+00
2.074851183412121713e+00
2.074658809442595508e+00
2.074466327937834809e+00
2.074273738821920787e+00
2.074081042018884435e+00
2.073888237452700789e+00
2.073695325047294702e+00
2.073502304726535961e+00
2.073309176414242394e+00
2.073115940034178539e+00
2.072922595510055199e+00
2.072729142765531218e+00
2.072535581724211706e+00
2.072341912309648926e+00
2.072148134445341405e+00
2.071954248054735714e+00
2.071760253061224244e+00
2.071566149388146538e+00
2.071371936958789295e+00
2.071177615696385921e+00
2.070983185524116088e+00
2.070788646365107066e+00
2.070593998142432390e+00
2.070399240779112304e+00
2.070204374198114650e+00
2.070009398322352645e+00
2.069814313074687995e+00
2.069619118377927336e+00
2.069423814154825347e+00
2.069228400328082973e+00
2.069032876820347422e+00
2.068837243554213057e+00
2.068641500452221393e+00
2.068445647436859325e+00
2.068249684430561786e+00
2.068053611355709531e+00
2.067857428134630027e+00
2.067661134689597446e+00
2.067464730942832674e+00
2.067268216816502857e+00
2.067071592232722743e+00
2.066874857113552011e+00
2.066678011380998381e+00
2.066481054957015395e+00
2.066283987763503749e+00
2.066086809722309514e+00
2.065889520755226361e+00
2.065692120783994223e+00
2.065494609730299747e+00
2.065296987515775395e+00
2.065099254062000345e+00
2.064901409290501366e+00
2.064703453122749721e+00
2.064505385480165156e+00
2.064307206284112350e+00
2.064108915455903137e+00
2.063910512916796058e+00
2.063711998587995033e+00
2.063513372390651579e+00
2.063314634245863033e+00
2.063115784074672998e+00
2.062916821798072231e+00
2.062717747336996865e+00
2.062518560612329743e+00
2.062319261544900861e+00
2.062119850055485593e+00
2.061920326064806464e+00
2.061720689493531378e+00
2.061520940262275392e+00
2.061321078291599829e+00
2.061121103502011831e+00
2.060921015813965251e+00
2.060720815147860652e+00
2.060520501424043971e+00
2.060320074562807857e+00
2.060119534484391668e+00
2.059918881108981026e+00
2.059718114356706486e+00
2.059517234147647091e+00
2.059316240401826370e+00
2.059115133039214562e+00
2.058913911979728617e+00
2.058712577143231748e+00
2.058511128449532546e+00
2.058309565818386755e+00
2.058107889169495941e+00
2.057906098422507934e+00
2.057704193497016831e+00
2.057502174312562548e+00
2.057300040788632600e+00
2.057097792844658990e+00
2.056895430400020874e+00
2.056692953374043231e+00
2.056490361685997303e+00
2.056287655255101043e+00
2.056084834000517780e+00
2.055881897841357997e+00
2.055678846696677109e+00
2.055475680485477241e+00
2.055272399126707228e+00
2.055069002539261724e+00
2.054865490641981651e+00
2.054661863353652862e+00
2.054458120593009696e+00
2.054254262278730536e+00
2.054050288329440921e+00
2.053846198663712652e+00
2.053641993200062910e+00
2.053437671856955582e+00
2.053233234552800823e+00
2.053028681205955053e+00
2.052824011734719178e+00
2.052619226057343038e+00
2.052414324092019626e+00
2.052209305756890867e+00
2.052004170970042285e+00
2.051798919649507447e+00
2.051593551713265295e+00
2.051388067079240596e+00
2.051182465665304377e+00
2.050976747389273935e+00
2.050770912168913274e+00
2.050564959921931329e+00
2.050358890565983749e+00
2.050152704018672445e+00
2.049946400197545593e+00
2.049739979020096303e+00
2.049533440403765283e+00
2.049326784265938617e+00
2.049120010523948210e+00
2.048913119095073121e+00
2.048706109896537342e+00
2.048498982845512018e+00
2.048291737859112782e+00
2.048084374854403755e+00
2.047876893748393101e+00
2.047669294458036138e+00
2.047461576900234448e+00
2.047253740991834103e+00
2.047045786649630106e+00
2.046837713790360613e+00
2.046629522330711826e+00
2.046421212187315763e+00
2.046212783276749825e+00
2.046004235515538117e+00
2.045795568820151011e+00
2.045586783107004702e+00
2.045377878292461649e+00
2.045168854292830130e+00
2.044959711024364690e+00
2.044750448403266585e+00
2.044541066345682445e+00
2.044331564767705611e+00
2.044121943585374801e+00
2.043912202714675885e+00
2.043702342071540556e+00
2.043492361571845883e+00
2.043282261131416089e+00
2.043072040666020772e+00
2.042861700091377131e+00
2.042651239323146406e+00
2.042440658276937437e+00
2.042229956868305774e+00
2.042019135012751008e+00
2.041808192625721219e+00
2.041597129622609419e+00
2.041385945918754885e+00
2.041174641429443604e+00
2.040963216069907382e+00
2.040751669755324293e+00
2.040540002400819120e+00
2.040328213921462019e+00
2.040116304232269862e+00
2.039904273248205779e+00
2.039692120884178728e+00
2.039479847055045258e+00
2.039267451675605969e+00
2.039054934660609941e+00
2.038842295924751191e+00
2.038629535382670444e+00
2.038416652948954688e+00
2.038203648538136736e+00
2.037990522064696552e+00
2.037777273443059922e+00
2.037563902587598896e+00
2.037350409412632235e+00
2.037136793832424964e+00
2.036923055761187484e+00
2.036709195113078241e+00
2.036495211802200167e+00
2.036281105742604680e+00
2.036066876848287688e+00
2.035852525033192251e+00
2.035638050211207695e+00
2.035423452296170499e+00
2.035208731201862520e+00
2.034993886842012767e+00
2.034778919130295627e+00
2.034563827980333528e+00
2.034348613305693831e+00
2.034133275019891496e+00
2.033917813036387301e+00
2.033702227268588736e+00
2.033486517629849999e+00
2.033270684033471110e+00
2.033054726392699685e+00
2.032838644620728719e+00
2.032622438630698802e+00
2.032406108335696349e+00
2.032189653648754035e+00
2.031973074482852581e+00
2.031756370750918084e+00
2.031539542365822903e+00
2.031322589240387888e+00
2.031105511287377929e+00
2.030888308419507293e+00
2.030670980549434290e+00
2.030453527589766161e+00
2.030235949453055078e+00
2.030018246051801256e+00
2.029800417298450732e+00
2.029582463105396251e+00
2.029364383384978154e+00
2.029146178049483051e+00
2.028927847011143815e+00
2.028709390182140915e+00
2.028490807474601532e+00
2.028272098800598666e+00
2.028053264072153361e+00
2.027834303201232924e+00
2.027615216099751372e+00
2.027396002679570763e+00
2.027176662852498090e+00
2.026957196530289274e+00
2.026737603624645612e+00
2.026517884047216000e+00
2.026298037709596489e+00
2.026078064523329836e+00
2.025857964399905509e+00
2.025637737250761017e+00
2.025417382987279247e+00
2.025196901520791570e+00
2.024976292762576513e+00
2.024755556623857977e+00
2.024534693015808795e+00
2.024313701849548508e+00
2.024092583036142923e+00
2.023871336486605443e+00
2.023649962111897960e+00
2.023428459822927294e+00
2.023206829530548756e+00
2.022985071145565250e+00
2.022763184578726392e+00
2.022541169740728506e+00
2.022319026542216847e+00
2.022096754893782045e+00
2.021874354705963217e+00
2.021651825889247078e+00
2.021429168354067052e+00
2.021206382010804159e+00
2.020983466769786574e+00
2.020760422541290957e+00
2.020537249235540234e+00
2.020313946762704926e+00
2.020090515032904488e+00
2.019866953956203748e+00
2.019643263442616909e+00
2.019419443402104886e+00
2.019195493744576630e+00
2.018971414379887808e+00
2.018747205217843010e+00
2.018522866168193541e+00
2.018298397140639189e+00
2.018073798044826450e+00
2.017849068790350753e+00
2.017624209286754233e+00
2.017399219443527514e+00
2.017174099170108814e+00
2.016948848375884396e+00
2.016723466970187673e+00
2.016497954862300990e+00
2.016272311961454289e+00
2.016046538176824665e+00
2.015820633417538588e+00
2.015594597592669235e+00
2.015368430611238271e+00
2.015142132382215845e+00
2.014915702814520149e+00
2.014689141817016527e+00
2.014462449298519697e+00
2.014235625167791977e+00
2.014008669333543278e+00
2.013781581704432888e+00
2.013554362189068137e+00
2.013327010696003505e+00
2.013099527133743294e+00
2.012871911410739401e+00
2.012644163435391764e+00
2.012416283116049254e+00
2.012188270361009668e+00
2.011960125078517514e+00
2.011731847176768007e+00
2.011503436563903069e+00
2.011274893148014442e+00
2.011046216837141465e+00
2.010817407539272406e+00
2.010588465162345351e+00
2.010359389614244652e+00
2.010130180802805810e+00
2.009900838635811926e+00
2.009671363020994583e+00
2.009441753866034297e+00
2.009212011078561400e+00
2.008982134566154265e+00
2.008752124236340197e+00
2.008521979996595430e+00
2.008291701754345127e+00
2.008061289416964268e+00
2.007830742891775433e+00
2.007600062086051906e+00
2.007369246907015015e+00
2.007138297261835458e+00
2.006907213057632866e+00
2.006675994201476687e+00
2.006444640600385299e+00
2.006213152161326452e+00
2.005981528791217272e+00
2.005749770396923815e+00
2.005517876885261952e+00
2.005285848162997375e+00
2.005053684136844261e+00
2.004821384713467047e+00
2.004588949799479991e+00
2.004356379301445834e+00
2.004123673125877581e+00
2.003890831179238496e+00
2.003657853367940334e+00
2.003424739598345550e+00
2.003191489776766421e+00
2.002958103809463708e+00
2.002724581602650211e+00
2.002490923062486328e+00
2.002257128095084493e+00
2.002023196606505628e+00
2.001789128502761361e+00
2.001554923689813137e+00
2.001320582073572663e+00
2.001086103559901908e+00
2.000851488054612659e+00
2.000616735463467410e+00
2.000381845692178473e+00
2.000146818646408864e+00
1.999911654231771196e+00
1.999676352353829900e+00
1.999440912918098778e+00
1.999205335830042118e+00
1.998969620995075358e+00
1.998733768318563975e+00
1.998497777705824374e+00
1.998261649062123446e+00
1.998025382292679231e+00
1.997788977302659585e+00
1.997552433997184407e+00
1.997315752281323409e+00
1.997078932060097900e+00
1.996841973238479673e+00
1.996604875721391670e+00
1.996367639413708206e+00
1.996130264220254080e+00
1.995892750045805686e+00
1.995655096795090344e+00
1.995417304372786749e+00
1.995179372683524965e+00
1.994941301631886210e+00
1.994703091122403071e+00
1.994464741059559509e+00
1.994226251347791523e+00
1.993987621891485595e+00
1.993748852594980914e+00
1.993509943362567594e+00
1.993270894098487567e+00
1.993031704706934581e+00
1.992792375092053980e+00
1.992552905157943366e+00
1.992313294808651714e+00
1.992073543948180259e+00
1.991833652480482053e+00
1.991593620309462409e+00
1.991353447338978233e+00
1.991113133472839580e+00
1.990872678614807434e+00
1.990632082668596148e+00
1.990391345537871670e+00
1.990150467126252432e+00
1.989909447337309789e+00
1.989668286074566916e+00
1.989426983241499691e+00
1.989185538741536918e+00
1.988943952478059884e+00
1.988702224354402137e+00
1.988460354273850594e+00
1.988218342139644657e+00
1.987976187854976873e+00
1.987733891322992053e+00
1.987491452446789042e+00
1.987248871129418504e+00
1.987006147273885359e+00
1.986763280783147012e+00
1.986520271560114015e+00
1.986277119507650735e+00
1.986033824528574465e+00
1.985790386525656093e+00
1.985546805401619652e+00
1.985303081059142993e+00
1.985059213400857780e+00
1.984815202329348383e+00
1.984571047747154093e+00
1.984326749556767133e+00
1.984082307660633759e+00
1.983837721961154266e+00
1.983592992360682761e+00
1.983348118761527390e+00
1.983103101065950336e+00
1.982857939176167816e+00
1.982612632994350754e+00
1.982367182422623886e+00
1.982121587363066428e+00
1.981875847717711636e+00
1.981629963388548132e+00
1.981383934277518133e+00
1.981137760286518779e+00
1.980891441317402135e+00
1.980644977271974749e+00
1.980398368051998093e+00
1.980151613559188117e+00
1.979904713695216367e+00
1.979657668361708867e+00
1.979410477460246787e+00
1.979163140892366668e+00
1.978915658559559976e+00
1.978668030363273767e+00
1.978420256204910244e+00
1.978172335985827202e+00
1.977924269607337360e+00
1.977676056970709917e+00
1.977427697977168775e+00
1.977179192527894314e+00
1.976930540524022062e+00
1.976681741866643804e+00
1.976432796456807139e+00
1.976183704195515700e+00
1.975934464983728933e+00
1.975685078722362764e+00
1.975435545312289154e+00
1.975185864654336099e+00
1.974936036649288518e+00
1.974686061197887588e+00
1.974435938200830520e+00
1.974185667558771451e+00
1.973935249172321660e+00
1.973684682942048463e+00
1.973433968768475877e+00
1.973183106552085730e+00
1.972932096193315887e+00
1.972680937592561801e+00
1.972429630650175847e+00
1.972178175266467548e+00
1.971926571341704015e+00
1.971674818776109284e+00
1.971422917469864977e+00
1.971170867323110532e+00
1.970918668235942750e+00
1.970666320108416247e+00
1.970413822840542784e+00
1.970161176332293040e+00
1.969908380483594845e+00
1.969655435194334059e+00
1.969402340364355020e+00
1.969149095893460100e+00
1.968895701681409705e+00
1.968642157627922940e+00
1.968388463632676944e+00
1.968134619595307555e+00
1.967880625415409535e+00
1.967626480992535454e+00
1.967372186226197694e+00
1.967117741015866894e+00
1.966863145260972390e+00
1.966608398860903328e+00
1.966353501715007335e+00
1.966098453722591177e+00
1.965843254782921656e+00
1.965587904795223828e+00
1.965332403658683225e+00
1.965076751272444522e+00
1.964820947535611761e+00
1.964564992347249239e+00
1.964308885606380839e+00
1.964052627211990254e+00
1.963796217063021210e+00
1.963539655058377686e+00
1.963282941096923695e+00
1.963026075077483501e+00
1.962769056898841846e+00
1.962511886459743948e+00
1.962254563658895501e+00
1.961997088394963118e+00
1.961739460566573445e+00
1.961481680072314715e+00
1.961223746810735857e+00
1.960965660680346501e+00
1.960707421579618082e+00
1.960449029406982513e+00
1.960190484060833516e+00
1.959931785439526175e+00
1.959672933441376941e+00
1.959413927964663849e+00
1.959154768907626520e+00
1.958895456168466831e+00
1.958635989645348241e+00
1.958376369236396242e+00
1.958116594839698577e+00
1.957856666353304798e+00
1.957596583675227375e+00
1.957336346703440366e+00
1.957075955335881412e+00
1.956815409470449518e+00
1.956554709005007497e+00
1.956293853837380414e+00
1.956032843865356252e+00
1.955771678986686135e+00
1.955510359099084550e+00
1.955248884100228457e+00
1.954987253887758847e+00
1.954725468359280072e+00
1.954463527412359847e+00
1.954201430944529250e+00
1.953939178853284053e+00
1.953676771036082727e+00
1.953414207390348434e+00
1.953151487813468590e+00
1.952888612202793972e+00
1.952625580455640053e+00
1.952362392469287444e+00
1.952099048140979898e+00
1.951835547367926971e+00
1.951571890047302249e+00
1.951308076076244680e+00
1.951044105351857461e+00
1.950779977771209595e+00
1.950515693231334780e+00
1.950251251629232296e+00
1.949986652861866565e+00
1.949721896826167811e+00
1.949456983419031619e+00
1.949191912537319604e+00
1.948926684077858962e+00
1.948661297937443138e+00
1.948395754012831160e+00
1.948130052200749196e+00
1.947864192397888550e+00
1.947598174500907886e+00
1.947331998406432341e+00
1.947065664011053077e+00
1.946799171211328838e+00
1.946532519903784619e+00
1.946265709984913217e+00
1.945998741351173678e+00
1.945731613898993073e+00
1.945464327524765391e+00
1.945196882124852422e+00
1.944929277595583317e+00
1.944661513833255473e+00
1.944393590734133648e+00
1.944125508194451069e+00
1.943857266110408544e+00
1.943588864378175352e+00
1.943320302893889462e+00
1.943051581553657314e+00
1.942782700253553374e+00
1.942513658889621464e+00
1.942244457357873877e+00
1.941975095554292485e+00
1.941705573374827631e+00
1.941435890715399459e+00
1.941166047471897249e+00
1.940896043540179638e+00
1.940625878816075289e+00
1.940355553195382221e+00
1.940085066573868922e+00
1.939814418847273458e+00
1.939543609911303923e+00
1.939272639661639541e+00
1.939001507993929119e+00
1.938730214803792151e+00
1.938458759986819491e+00
1.938187143438572013e+00
1.937915365054581951e+00
1.937643424730352670e+00
1.937371322361358672e+00
1.937099057843045813e+00
1.936826631070831750e+00
1.936554041940105275e+00
1.936281290346227424e+00
1.936008376184530810e+00
1.935735299350320293e+00
1.935462059738873197e+00
1.935188657245438426e+00
1.934915091765238238e+00
1.934641363193466912e+00
1.934367471425291640e+00
1.934093416355852524e+00
1.933819197880263019e+00
1.933544815893609048e+00
1.933270270290950776e+00
1.932995560967320836e+00
1.932720687817726546e+00
1.932445650737147913e+00
1.932170449620539632e+00
1.931895084362830417e+00
1.931619554858922339e+00
1.931343861003693041e+00
1.931068002691993524e+00
1.930791979818650139e+00
1.930515792278463705e+00
1.930239439966210169e+00
1.929962922776640610e+00
1.929686240604480796e+00
1.929409393344432733e+00
1.929132380891172893e+00
1.928855203139354657e+00
1.928577859983606091e+00
1.928300351318532169e+00
1.928022677038713217e+00
1.927744837038706471e+00
1.927466831213045406e+00
1.927188659456239961e+00
1.926910321662776759e+00
1.926631817727119778e+00
1.926353147543709898e+00
1.926074311006964690e+00
1.925795308011279738e+00
1.925516138451027981e+00
1.925236802220559929e+00
1.924957299214204109e+00
1.924677629326266848e+00
1.924397792451032929e+00
1.924117788482765379e+00
1.923837617315705462e+00
1.923557278844073348e+00
1.923276772962068115e+00
1.922996099563867523e+00
1.922715258543628680e+00
1.922434249795487826e+00
1.922153073213560992e+00
1.921871728691943559e+00
1.921590216124710704e+00
1.921308535405917617e+00
1.921026686429599950e+00
1.920744669089773149e+00
1.920462483280433119e+00
1.920180128895557115e+00
1.919897605829102405e+00
1.919614913975007608e+00
1.919332053227192247e+00
1.919049023479557414e+00
1.918765824625985550e+00
1.918482456560341110e+00
1.918198919176469452e+00
1.917915212368199063e+00
1.917631336029339773e+00
1.917347290053684317e+00
1.917063074335007444e+00
1.916778688767066807e+00
1.916494133243603404e+00
1.916209407658340469e+00
1.915924511904984806e+00
1.915639445877227010e+00
1.915354209468740576e+00
1.915068802573183238e+00
1.914783225084196516e+00
1.914497476895406169e+00
1.914211557900421745e+00
1.913925467992838136e+00
1.913639207066234249e+00
1.913352775014174112e+00
1.913066171730206211e+00
1.912779397107865265e+00
1.912492451040670671e+00
1.912205333422127618e+00
1.911918044145726636e+00
1.911630583104944936e+00
1.911342950193245294e+00
1.911055145304077163e+00
1.910767168330876453e+00
1.910479019167065307e+00
1.910190697706053209e+00
1.909902203841236767e+00
1.909613537465999711e+00
1.909324698473713333e+00
1.909035686757736050e+00
1.908746502211414953e+00
1.908457144728084476e+00
1.908167614201067730e+00
1.907877910523675835e+00
1.907588033589209031e+00
1.907297983290955790e+00
1.907007759522193924e+00
1.906717362176190589e+00
1.906426791146202060e+00
1.906136046325474176e+00
1.905845127607242784e+00
1.905554034884733516e+00
1.905262768051162237e+00
1.904971326999735481e+00
1.904679711623650018e+00
1.904387921816093510e+00
1.904095957470244738e+00
1.903803818479273158e+00
1.903511504736340676e+00
1.903219016134599650e+00
1.902926352567194890e+00
1.902633513927263209e+00
1.902340500107933208e+00
1.902047311002326602e+00
1.901753946503556891e+00
1.901460406504731360e+00
1.901166690898949518e+00
1.900872799579304218e+00
1.900578732438882534e+00
1.900284489370764440e+00
1.899990070268023912e+00
1.899695475023729374e+00
1.899400703530943035e+00
1.899105755682722219e+00
1.898810631372118474e+00
1.898515330492178466e+00
1.898219852935944418e+00
1.897924198596453227e+00
1.897628367366737789e+00
1.897332359139827007e+00
1.897036173808745119e+00
1.896739811266513476e+00
1.896443271406149211e+00
1.896146554120666350e+00
1.895849659303076029e+00
1.895552586846386278e+00
1.895255336643602684e+00
1.894957908587728168e+00
1.894660302571763433e+00
1.894362518488707181e+00
1.894064556231557006e+00
1.893766415693307836e+00
1.893468096766954378e+00
1.893169599345489340e+00
1.892870923321905208e+00
1.892572068589193579e+00
1.892273035040345830e+00
1.891973822568352892e+00
1.891674431066205697e+00
1.891374860426896065e+00
1.891075110543415594e+00
1.890775181308756991e+00
1.890475072615914076e+00
1.890174784357881554e+00
1.889874316427655687e+00
1.889573668718234734e+00
1.889272841122618285e+00
1.888971833533808820e+00
1.888670645844810370e+00
1.888369277948630298e+00
1.888067729738278411e+00
1.887766001106767622e+00
1.887464091947114619e+00
1.887162002152339202e+00
1.886859731615465385e+00
1.886557280229520517e+00
1.886254647887537494e+00
1.885951834482552325e+00
1.885648839907607011e+00
1.885345664055747772e+00
1.885042306820026603e+00
1.884738768093501049e+00
1.884435047769233762e+00
1.884131145740294278e+00
1.883827061899757904e+00
1.883522796140706612e+00
1.883218348356229033e+00
1.882913718439420903e+00
1.882608906283385286e+00
1.882303911781232353e+00
1.881998734826080932e+00
1.881693375311056959e+00
1.881387833129295251e+00
1.881082108173938616e+00
1.880776200338139192e+00
1.880470109515057997e+00
1.880163835597864930e+00
1.879857378479739882e+00
1.879550738053872738e+00
1.879243914213462929e+00
1.878936906851720545e+00
1.878629715861866334e+00
1.878322341137131479e+00
1.878014782570758934e+00
1.877707040056002086e+00
1.877399113486127202e+00
1.877091002754411209e+00
1.876782707754144353e+00
1.876474228378628206e+00
1.876165564521177886e+00
1.875856716075120945e+00
1.875547682933798699e+00
1.875238464990565346e+00
1.874929062138789515e+00
1.874619474271853381e+00
1.874309701283153551e+00
1.873999743066101287e+00
1.873689599514122728e+00
1.873379270520658890e+00
1.873068755979166777e+00
1.872758055783118492e+00
1.872447169826002344e+00
1.872136098001322635e+00
1.871824840202600537e+00
1.871513396323374101e+00
1.871201766257197585e+00
1.870889949897643678e+00
1.870577947138301944e+00
1.870265757872780155e+00
1.869953381994704289e+00
1.869640819397718534e+00
1.869328069975486173e+00
1.869015133621689362e+00
1.868702010230029353e+00
1.868388699694227384e+00
1.868075201908024452e+00
1.867761516765181540e+00
1.867447644159480502e+00
1.867133583984723399e+00
1.866819336134733609e+00
1.866504900503356046e+00
1.866190276984456942e+00
1.865875465471924732e+00
1.865560465859669614e+00
1.865245278041624655e+00
1.864929901911745347e+00
1.864614337364011165e+00
1.864298584292423566e+00
1.863982642591009098e+00
1.863666512153817179e+00
1.863350192874922095e+00
1.863033684648422783e+00
1.862716987368442378e+00
1.862400100929130220e+00
1.862083025224660071e+00
1.861765760149232118e+00
1.861448305597072306e+00
1.861130661462433444e+00
1.860812827639594325e+00
1.860494804022861270e+00
1.860176590506567917e+00
1.859858186985074990e+00
1.859539593352771636e+00
1.859220809504074756e+00
1.858901835333430563e+00
1.858582670735313247e+00
1.858263315604226529e+00
1.857943769834703662e+00
1.857624033321307655e+00
1.857304105958631268e+00
1.856983987641298128e+00
1.856663678263962503e+00
1.856343177721309301e+00
1.856022485908054964e+00
1.855701602718948129e+00
1.855380528048768518e+00
1.855059261792328718e+00
1.854737803844473953e+00
1.854416154100082315e+00
1.854094312454064974e+00
1.853772278801366857e+00
1.853450053036966638e+00
1.853127635055877631e+00
1.852805024753147345e+00
1.852482222023857927e+00
1.852159226763127720e+00
1.851836038866109257e+00
1.851512658227992159e+00
1.851189084744001567e+00
1.850865318309399266e+00
1.850541358819483895e+00
1.850217206169591622e+00
1.849892860255095473e+00
1.849568320971406887e+00
1.849243588213975276e+00
1.848918661878288683e+00
1.848593541859873790e+00
1.848268228054296580e+00
1.847942720357163005e+00
1.847617018664117872e+00
1.847291122870847513e+00
1.846965032873077561e+00
1.846638748566575394e+00
1.846312269847149246e+00
1.845985596610648871e+00
1.845658728752966438e+00
1.845331666170035634e+00
1.845004408757833447e+00
1.844676956412379498e+00
1.844349309029736705e+00
1.844021466506011508e+00
1.843693428737354756e+00
1.843365195619961039e+00
1.843036767050070690e+00
1.842708142923967563e+00
1.842379323137982583e+00
1.842050307588491087e+00
1.841721096171915262e+00
1.841391688784723257e+00
1.841062085323430964e+00
1.840732285684600233e+00
1.840402289764841326e+00
1.840072097460812017e+00
1.839741708669218490e+00
1.839411123286815331e+00
1.839080341210406422e+00
1.838749362336844939e+00
1.838418186563033352e+00
1.838086813785924534e+00
1.837755243902521762e+00
1.837423476809879164e+00
1.837091512405101712e+00
1.836759350585346340e+00
1.836426991247821494e+00
1.836094434289788024e+00
1.835761679608559627e+00
1.835428727101502400e+00
1.835095576666036843e+00
1.834762228199635858e+00
1.834428681599827859e+00
1.834094936764194550e+00
1.833760993590373367e+00
1.833426851976056593e+00
1.833092511818992021e+00
1.832757973016983843e+00
1.832423235467892209e+00
1.832088299069634330e+00
1.831753163720184707e+00
1.831417829317574686e+00
1.831082295759894008e+00
1.830746562945291034e+00
1.830410630771972080e+00
1.830074499138202748e+00
1.829738167942308369e+00
1.829401637082673782e+00
1.829064906457744222e+00
1.828727975966025321e+00
1.828390845506083995e+00
1.828053514976548666e+00
1.827715984276108818e+00
1.827378253303516553e+00
1.827040321957587032e+00
1.826702190137197368e+00
1.826363857741288843e+00
1.826025324668866023e+00
1.825686590818997646e+00
1.825347656090817505e+00
1.825008520383523791e+00
1.824669183596379973e+00
1.824329645628715690e+00
1.823989906379926751e+00
1.823649965749474688e+00
1.823309823636889204e+00
1.822969479941766169e+00
1.822628934563770287e+00
1.822288187402633541e+00
1.821947238358156973e+00
1.821606087330210455e+00
1.821264734218733139e+00
1.820923178923734564e+00
1.820581421345293549e+00
1.820239461383560187e+00
1.819897298938755625e+00
1.819554933911172068e+00
1.819212366201173658e+00
1.818869595709197151e+00
1.818526622335751686e+00
1.818183445981419677e+00
1.817840066546857036e+00
1.817496483932793394e+00
1.817152698040032988e+00
1.816808708769455105e+00
1.816464516022013642e+00
1.816120119698738433e+00
1.815775519700735474e+00
1.815430715929186922e+00
1.815085708285352428e+00
1.814740496670568470e+00
1.814395080986249242e+00
1.814049461133887542e+00
1.813703637015054548e+00
1.813357608531400489e+00
1.813011375584654861e+00
1.812664938076627763e+00
1.812318295909208787e+00
1.811971448984369015e+00
1.811624397204160353e+00
1.811277140470716418e+00
1.810929678686252986e+00
1.810582011753068210e+00
1.810234139573543732e+00
1.809886062050143796e+00
1.809537779085417020e+00
1.809189290581996623e+00
1.808840596442599535e+00
1.808491696570028839e+00
1.808142590867172883e+00
1.807793279237005946e+00
1.807443761582589126e+00
1.807094037807070341e+00
1.806744107813684552e+00
1.806393971505755314e+00
1.806043628786694111e+00
1.805693079560001024e+00
1.805342323729265397e+00
1.804991361198166722e+00
1.804640191870474197e+00
1.804288815650047395e+00
1.803937232440837590e+00
1.803585442146886875e+00
1.803233444672329489e+00
1.802881239921392709e+00
1.802528827798395517e+00
1.802176208207751262e+00
1.801823381053966555e+00
1.801470346241642373e+00
1.801117103675474507e+00
1.800763653260253783e+00
1.800409994900866728e+00
1.800056128502296016e+00
1.799702053969621129e+00
1.799347771208018365e+00
1.798993280122761274e+00
1.798638580619221994e+00
1.798283672602870586e+00
1.797928555979276366e+00
1.797573230654108123e+00
1.797217696533134568e+00
1.796861953522224109e+00
1.796506001527347074e+00
1.796149840454574154e+00
1.795793470210078402e+00
1.795436890700134791e+00
1.795080101831121544e+00
1.794723103509519690e+00
1.794365895641913955e+00
1.794008478134993645e+00
1.793650850895552429e+00
1.793293013830489224e+00
1.792934966846808420e+00
1.792576709851621208e+00
1.792218242752144919e+00
1.791859565455703684e+00
1.791500677869729996e+00
1.791141579901764036e+00
1.790782271459454567e+00
1.790422752450559596e+00
1.790063022782946600e+00
1.789703082364593190e+00
1.789342931103587553e+00
1.788982568908129123e+00
1.788621995686528354e+00
1.788261211347208279e+00
1.787900215798704506e+00
1.787539008949665664e+00
1.787177590708853625e+00
1.786815960985144613e+00
1.786454119687529651e+00
1.786092066725114558e+00
1.785729802007120393e+00
1.785367325442885233e+00
1.785004636941863065e+00
1.784641736413625335e+00
1.784278623767860505e+00
1.783915298914376057e+00
1.783551761763097598e+00
1.783188012224069974e+00
1.782824050207457711e+00
1.782459875623545464e+00
1.782095488382738901e+00
1.781730888395564483e+00
1.781366075572670571e+00
1.781001049824827875e+00
1.780635811062930118e+00
1.780270359197993590e+00
1.779904694141159149e+00
1.779538815803691554e+00
1.779172724096980573e+00
1.778806418932541655e+00
1.778439900222015480e+00
1.778073167877169736e+00
1.777706221809898901e+00
1.777339061932224906e+00
1.776971688156298024e+00
1.776604100394396646e+00
1.776236298558928395e+00
1.775868282562430789e+00
1.775500052317571020e+00
1.775131607737147288e+00
1.774762948734089019e+00
1.774394075221457312e+00
1.774024987112445828e+00
1.773655684320380344e+00
1.773286166758720972e+00
1.772916434341061054e+00
1.772546486981128711e+00
1.772176324592786845e+00
1.771805947090034250e+00
1.771435354387005390e+00
1.771064546397971506e+00
1.770693523037341066e+00
1.770322284219660647e+00
1.769950829859614272e+00
1.769579159872025409e+00
1.769207274171856747e+00
1.768835172674210865e+00
1.768462855294330671e+00
1.768090321947600518e+00
1.767717572549545979e+00
1.767344607015834956e+00
1.766971425262277906e+00
1.766598027204828503e+00
1.766224412759584528e+00
1.765850581842787648e+00
1.765476534370825190e+00
1.765102270260229034e+00
1.764727789427677607e+00
1.764353091789996331e+00
1.763978177264157177e+00
1.763603045767280220e+00
1.763227697216633416e+00
1.762852131529634159e+00
1.762476348623849054e+00
1.762100348416994366e+00
1.761724130826937351e+00
1.761347695771696698e+00
1.760971043169441863e+00
1.760594172938495516e+00
1.760217084997332870e+00
1.759839779264582349e+00
1.759462255659026697e+00
1.759084514099603203e+00
1.758706554505404140e+00
1.758328376795677883e+00
1.757949980889828678e+00
1.757571366707417981e+00
1.757192534168164677e+00
1.756813483191945968e+00
1.756434213698797153e+00
1.756054725608912959e+00
1.755675018842648649e+00
1.755295093320518696e+00
1.754914948963199217e+00
1.754534585691528203e+00
1.754154003426505515e+00
1.753773202089293326e+00
1.753392181601217903e+00
1.753010941883768936e+00
1.752629482858601095e+00
1.752247804447533586e+00
1.751865906572552145e+00
1.751483789155807935e+00
1.751101452119619983e+00
1.750718895386473628e+00
1.750336118879023850e+00
1.749953122520092830e+00
1.749569906232673056e+00
1.749186469939926436e+00
1.748802813565185854e+00
1.748418937031954945e+00
1.748034840263908984e+00
1.747650523184895999e+00
1.747265985718936543e+00
1.746881227790224811e+00
1.746496249323129524e+00
1.746111050242193485e+00
1.745725630472135359e+00
1.745339989937849889e+00
1.744954128564407680e+00
1.744568046277057416e+00
1.744181743001225193e+00
1.743795218662515634e+00
1.743408473186711882e+00
1.743021506499777606e+00
1.742634318527856330e+00
1.742246909197272320e+00
1.741859278434531699e+00
1.741471426166322445e+00
1.741083352319515498e+00
1.740695056821164988e+00
1.740306539598509117e+00
1.739917800578970830e+00
1.739528839690158257e+00
1.739139656859865157e+00
1.738750252016072473e+00
1.738360625086947220e+00
1.737970776000845374e+00
1.737580704686310096e+00
1.737190411072074836e+00
1.736799895087061341e+00
1.736409156660382758e+00
1.736018195721342749e+00
1.735627012199436159e+00
1.735235606024350563e+00
1.734843977125966052e+00
1.734452125434356340e+00
1.734060050879788983e+00
1.733667753392726718e+00
1.733275232903827012e+00
1.732882489343943844e+00
1.732489522644127922e+00
1.732096332735626465e+00
1.731702919549885644e+00
1.731309283018549694e+00
1.730915423073462023e+00
1.730521339646666101e+00
1.730127032670405685e+00
1.729732502077125700e+00
1.729337747799473357e+00
1.728942769770297927e+00
1.728547567922651629e+00
1.728152142189790963e+00
1.727756492505176267e+00
1.727360618802473269e+00
1.726964521015553533e+00
1.726568199078494681e+00
1.726171652925581501e+00
1.725774882491306617e+00
1.725377887710370706e+00
1.724980668517683835e+00
1.724583224848365015e+00
1.724185556637744643e+00
1.723787663821362948e+00
1.723389546334972877e+00
1.722991204114538766e+00
1.722592637096238333e+00
1.722193845216463126e+00
1.721794828411818523e+00
1.721395586619125284e+00
1.720996119775419553e+00
1.720596427817953744e+00
1.720196510684197211e+00
1.719796368311837131e+00
1.719396000638779176e+00
1.718995407603147285e+00
1.718594589143285445e+00
1.718193545197758354e+00
1.717792275705350979e+00
1.717390780605070333e+00
1.716989059836145914e+00
1.716587113338029713e+00
1.716184941050397983e+00
1.715782542913150799e+00
1.715379918866413833e+00
1.714977068850538355e+00
1.714573992806101455e+00
1.714170690673907815e+00
1.713767162394990162e+00
1.713363407910609260e+00
1.712959427162254800e+00
1.712555220091646513e+00
1.712150786640735056e+00
1.711746126751701791e+00
1.711341240366959893e+00
1.710936127429155240e+00
1.710530787881167081e+00
1.710125221666108253e+00
1.709719428727326962e+00
1.709313409008405671e+00
1.708907162453163764e+00
1.708500689005656659e+00
1.708093988610177583e+00
1.707687061211257795e+00
1.707279906753667253e+00
1.706872525182415501e+00
1.706464916442751667e+00
1.706057080480166688e+00
1.705649017240392640e+00
1.705240726669403406e+00
1.704832208713416453e+00
1.704423463318892829e+00
1.704014490432537610e+00
1.703605290001301009e+00
1.703195861972379488e+00
1.702786206293215532e+00
1.702376322911498541e+00
1.701966211775166382e+00
1.701555872832404948e+00
1.701145306031650151e+00
1.700734511321587039e+00
1.700323488651152015e+00
1.699912237969532391e+00
1.699500759226167945e+00
1.699089052370751141e+00
1.698677117353228017e+00
1.698264954123798631e+00
1.697852562632918394e+00
1.697439942831298287e+00
1.697027094669905090e+00
1.696614018099963594e+00
1.696200713072955724e+00
1.695787179540622303e+00
1.695373417454962839e+00
1.694959426768237742e+00
1.694545207432966993e+00
1.694130759401932806e+00
1.693716082628179187e+00
1.693301177065012819e+00
1.692886042666004398e+00
1.692470679384988186e+00
1.692055087176064010e+00
1.691639265993597041e+00
1.691223215792219348e+00
1.690806936526829674e+00
1.690390428152594771e+00
1.689973690624950065e+00
1.689556723899600543e+00
1.689139527932520535e+00
1.688722102679955928e+00
1.688304448098423727e+00
1.687886564144712942e+00
1.687468450775886364e+00
1.687050107949279454e+00
1.686631535622503009e+00
1.686212733753442050e+00
1.685793702300258490e+00
1.685374441221390018e+00
1.684954950475552105e+00
1.684535230021738217e+00
1.684115279819220490e+00
1.683695099827550612e+00
1.683274690006560936e+00
1.682854050316364480e+00
1.682433180717355814e+00
1.682012081170212614e+00
1.681590751635895442e+00
1.681169192075648411e+00
1.680747402451001182e+00
1.680325382723768080e+00
1.679903132856049863e+00
1.679480652810234620e+00
1.679057942548997540e+00
1.678635002035302470e+00
1.678211831232402140e+00
1.677788430103839712e+00
1.677364798613448338e+00
1.676940936725352937e+00
1.676516844403970419e+00
1.676092521614010566e+00
1.675667968320476708e+00
1.675243184488666603e+00
1.674818170084173108e+00
1.674392925072884619e+00
1.673967449420986631e+00
1.673541743094961731e+00
1.673115806061590272e+00
1.672689638287951919e+00
1.672263239741425656e+00
1.671836610389690891e+00
1.671409750200728128e+00
1.670982659142819404e+00
1.670555337184549849e+00
1.670127784294807682e+00
1.669700000442784882e+00
1.669271985597978736e+00
1.668843739730191844e+00
1.668415262809533228e+00
1.667986554806419219e+00
1.667557615691573458e+00
1.667128445436028672e+00
1.666699044011126674e+00
1.666269411388519694e+00
1.665839547540170607e+00
1.665409452438353810e+00
1.664979126055656344e+00
1.664548568364978109e+00
1.664117779339533199e+00
1.663686758952850120e+00
1.663255507178773129e+00
1.662824023991462008e+00
1.662392309365394283e+00
1.661960363275364561e+00
1.661528185696486304e+00
1.661095776604191609e+00
1.660663135974233429e+00
1.660230263782684457e+00
1.659797160005939798e+00
1.659363824620716299e+00
1.658930257604053882e+00
1.658496458933316209e+00
1.658062428586191794e+00
1.657628166540694226e+00
1.657193672775163051e+00
1.656758947268264892e+00
1.656323989998993884e+00
1.655888800946672568e+00
1.655453380090952775e+00
1.655017727411815631e+00
1.654581842889573551e+00
1.654145726504870240e+00
1.653709378238681360e+00
1.653272798072316085e+00
1.652835985987416656e+00
1.652398941965960155e+00
1.651961665990258954e+00
1.651524158042961155e+00
1.651086418107052367e+00
1.650648446165855043e+00
1.650210242203030253e+00
1.649771806202578350e+00
1.649333138148838973e+00
1.648894238026493264e+00
1.648455105820563205e+00
1.648015741516413168e+00
1.647576145099750367e+00
1.647136316556625735e+00
1.646696255873435044e+00
1.646255963036918679e+00
1.645815438034163858e+00
1.645374680852603966e+00
1.644933691480020554e+00
1.644492469904542897e+00
1.644051016114649766e+00
1.643609330099169874e+00
1.643167411847282544e+00
1.642725261348518595e+00
1.642282878592760786e+00
1.641840263570245151e+00
1.641397416271561660e+00
1.640954336687654447e+00
1.640511024809822915e+00
1.640067480629722851e+00
1.639623704139367089e+00
1.639179695331125508e+00
1.638735454197726593e+00
1.638290980732258539e+00
1.637846274928168588e+00
1.637401336779265471e+00
1.636956166279719405e+00
1.636510763424062098e+00
1.636065128207189190e+00
1.635619260624359805e+00
1.635173160671197667e+00
1.634726828343691762e+00
1.634280263638197450e+00
1.633833466551437130e+00
1.633386437080500464e+00
1.632939175222845929e+00
1.632491680976301263e+00
1.632043954339063907e+00
1.631595995309702563e+00
1.631147803887157410e+00
1.630699380070740778e+00
1.630250723860138029e+00
1.629801835255408671e+00
1.629352714256987023e+00
1.628903360865682659e+00
1.628453775082681521e+00
1.628003956909546135e+00
1.627553906348217394e+00
1.627103623401014332e+00
1.626653108070635678e+00
1.626202360360159860e+00
1.625751380273046554e+00
1.625300167813136909e+00
1.624848722984654437e+00
1.624397045792206118e+00
1.623945136240782627e+00
1.623492994335759443e+00
1.623040620082897956e+00
1.622588013488345471e+00
1.622135174558636317e+00
1.621682103300692956e+00
1.621228799721826430e+00
1.620775263829737245e+00
1.620321495632515596e+00
1.619867495138643143e+00
1.619413262356993233e+00
1.618958797296831564e+00
1.618504099967817300e+00
1.618049170380003288e+00
1.617594008543837614e+00
1.617138614470163382e+00
1.616682988170220936e+00
1.616227129655646966e+00
1.615771038938476512e+00
1.615314716031143183e+00
1.614858160946479826e+00
1.614401373697719855e+00
1.613944354298497474e+00
1.613487102762848791e+00
1.613029619105212253e+00
1.612571903340429991e+00
1.612113955483747585e+00
1.611655775550816294e+00
1.611197363557692386e+00
1.610738719520838469e+00
1.610279843457125049e+00
1.609820735383829637e+00
1.609361395318638976e+00
1.608901823279649257e+00
1.608442019285366564e+00
1.607981983354708655e+00
1.607521715507004290e+00
1.607061215761995232e+00
1.606600484139836693e+00
1.606139520661097331e+00
1.605678325346761026e+00
1.605216898218227550e+00
1.604755239297312785e+00
1.604293348606249392e+00
1.603831226167688362e+00
1.603368872004699464e+00
1.602906286140771464e+00
1.602443468599813681e+00
1.601980419406156209e+00
1.601517138584550803e+00
1.601053626160171994e+00
1.600589882158617305e+00
1.600125906605908144e+00
1.599661699528490910e+00
1.599197260953237887e+00
1.598732590907446793e+00
1.598267689418843007e+00
1.597802556515579342e+00
1.597337192226237823e+00
1.596871596579829022e+00
1.596405769605794056e+00
1.595939711334004585e+00
1.595473421794764368e+00
1.595006901018808598e+00
1.594540149037306787e+00
1.594073165881861431e+00
1.593605951584509572e+00
1.593138506177724345e+00
1.592670829694414536e+00
1.592202922167925694e+00
1.591734783632041239e+00
1.591266414120982686e+00
1.590797813669411420e+00
1.590328982312427586e+00
1.589859920085572975e+00
1.589390627024830138e+00
1.588921103166623716e+00
1.588451348547821995e+00
1.587981363205736018e+00
1.587511147178121362e+00
1.587040700503179247e+00
1.586570023219556091e+00
1.586099115366345291e+00
1.585627976983087661e+00
1.585156608109771659e+00
1.584685008786835159e+00
1.584213179055165233e+00
1.583741118956099259e+00
1.583268828531425809e+00
1.582796307823385540e+00
1.582323556874670745e+00
1.581850575728428021e+00
1.581377364428257382e+00
1.580903923018213808e+00
1.580430251542807474e+00
1.579956350047005298e+00
1.579482218576230501e+00
1.579007857176364382e+00
1.578533265893746762e+00
1.578058444775176428e+00
1.577583393867912021e+00
1.577108113219672925e+00
1.576632602878639489e+00
1.576156862893454580e+00
1.575680893313223807e+00
1.575204694187516186e+00
1.574728265566364804e+00
1.574251607500267935e+00
1.573774720040189701e+00
1.573297603237560294e+00
1.572820257144277090e+00
1.572342681812705756e+00
1.571864877295679808e+00
1.571386843646503051e+00
1.570908580918948028e+00
1.570430089167259347e+00
1.569951368446152129e+00
1.569472418810814007e+00
1.568993240316905569e+00
1.568513833020560799e+00
1.568034196978388195e+00
1.567554332247471205e+00
1.567074238885368676e+00
1.566593916950116405e+00
1.566113366500227144e+00
1.565632587594691483e+00
1.565151580292978295e+00
1.564670344655036294e+00
1.564188880741293586e+00
1.563707188612659449e+00
1.563225268330524109e+00
1.562743119956760296e+00
1.562260743553722797e+00
1.561778139184250902e+00
1.561295306911667069e+00
1.560812246799779146e+00
1.560328958912880593e+00
1.559845443315750924e+00
1.559361700073656598e+00
1.558877729252351907e+00
1.558393530918078973e+00
1.557909105137569528e+00
1.557424451978044910e+00
1.556939571507216513e+00
1.556454463793286891e+00
1.555969128904950649e+00
1.555483566911394444e+00
1.554997777882298315e+00
1.554511761887836352e+00
1.554025518998676469e+00
1.553539049285981966e+00
1.553052352821412407e+00
1.552565429677123632e+00
1.552078279925768189e+00
1.551590903640497121e+00
1.551103300894959736e+00
1.550615471763304720e+00
1.550127416320180140e+00
1.549639134640735216e+00
1.549150626800619879e+00
1.548661892875986323e+00
1.548172932943488789e+00
1.547683747080285110e+00
1.547194335364036943e+00
1.546704697872910206e+00
1.546214834685576189e+00
1.545724745881212003e+00
1.545234431539501019e+00
1.544743891740633757e+00
1.544253126565308776e+00
1.543762136094732895e+00
1.543270920410622082e+00
1.542779479595201897e+00
1.542287813731208379e+00
1.541795922901888494e+00
1.541303807191000796e+00
1.540811466682816544e+00
1.540318901462119250e+00
1.539826111614206461e+00
1.539333097224890201e+00
1.538839858380496528e+00
1.538346395167867531e+00
1.537852707674361330e+00
1.537358795987852744e+00
1.536864660196734178e+00
1.536370300389915178e+00
1.535875716656825096e+00
1.535380909087411760e+00
1.534885877772143026e+00
1.534390622802007220e+00
1.533895144268513588e+00
1.533399442263693846e+00
1.532903516880100847e+00
1.532407368210811471e+00
1.531910996349425291e+00
1.531414401390066793e+00
1.530917583427384709e+00
1.530420542556553354e+00
1.529923278873273063e+00
1.529425792473770418e+00
1.528928083454799580e+00
1.528430151913642288e+00
1.527931997948108744e+00
1.527433621656538065e+00
1.526935023137798941e+00
1.526436202491290306e+00
1.525937159816941779e+00
1.525437895215214334e+00
1.524938408787100741e+00
1.524438700634126231e+00
1.523938770858349612e+00
1.523438619562362595e+00
1.522938246849292021e+00
1.522437652822798748e+00
1.521936837587079427e+00
1.521435801246866504e+00
1.520934543907429548e+00
1.520433065674574147e+00
1.519931366654644567e+00
1.519429446954522867e+00
1.518927306681630007e+00
1.518424945943926296e+00
1.517922364849911832e+00
1.517419563508627389e+00
1.516916542029654869e+00
1.516413300523117291e+00
1.515909839099680356e+00
1.515406157870551995e+00
1.514902256947483705e+00
1.514398136442770770e+00
1.513893796469252484e+00
1.513389237140313481e+00
1.512884458569883073e+00
1.512379460872437242e+00
1.511874244162998204e+00
1.511368808557134846e+00
1.510863154170963840e+00
1.510357281121150308e+00
1.509851189524907156e+00
1.509344879499997072e+00
1.508838351164732083e+00
1.508331604637974221e+00
1.507824640039136410e+00
1.507317457488182688e+00
1.506810057105629097e+00
1.506302439012543015e+00
1.505794603330545378e+00
1.505286550181810235e+00
1.504778279689064746e+00
1.504269791975590742e+00
1.503761087165225163e+00
1.503252165382358951e+00
1.502743026751940159e+00
1.502233671399472170e+00
1.501724099451015038e+00
1.501214311033186588e+00
1.500704306273161537e+00
1.500194085298673485e+00
1.499683648238014033e+00
1.499172995220034110e+00
1.498662126374144421e+00
1.498151041830315222e+00
1.497639741719077877e+00
1.497128226171524412e+00
1.496616495319307960e+00
1.496104549294644315e+00
1.495592388230311043e+00
1.495080012259648594e+00
1.494567421516560968e+00
1.494054616135515934e+00
1.493541596251544812e+00
1.493028362000244247e+00
1.492514913517775765e+00
1.492001250940866441e+00
1.491487374406808675e+00
1.490973284053462411e+00
1.490458980019253588e+00
1.489944462443175466e+00
1.489429731464789075e+00
1.488914787224224101e+00
1.488399629862177997e+00
1.487884259519917540e+00
1.487368676339278828e+00
1.486852880462667725e+00
1.486336872033060308e+00
1.485820651194003528e+00
1.485304218089614992e+00
1.484787572864584071e+00
1.484270715664171680e+00
1.483753646634211387e+00
1.483236365921108746e+00
1.482718873671842852e+00
1.482201170033966342e+00
1.481683255155604950e+00
1.481165129185459728e+00
1.480646792272805268e+00
1.480128244567491702e+00
1.479609486219944259e+00
1.479090517381164149e+00
1.478571338202728347e+00
1.478051948836790475e+00
1.477532349436081027e+00
1.477012540153907594e+00
1.476492521144155523e+00
1.475972292561287924e+00
1.475451854560345888e+00
1.474931207296949820e+00
1.474410350927298330e+00
1.473889285608170008e+00
1.473368011496922758e+00
1.472846528751494688e+00
1.472324837530403663e+00
1.471802937992749305e+00
1.471280830298211217e+00
1.470758514607050982e+00
1.470235991080111493e+00
1.469713259878817846e+00
1.469190321165177338e+00
1.468667175101779909e+00
1.468143821851798592e+00
1.467620261578989727e+00
1.467096494447692523e+00
1.466572520622831055e+00
1.466048340269913153e+00
1.465523953555030623e+00
1.464999360644860804e+00
1.464474561706665678e+00
1.463949556908292537e+00
1.463424346418174649e+00
1.462898930405331033e+00
1.462373309039366909e+00
1.461847482490473693e+00
1.461321450929429888e+00
1.460795214527600860e+00
1.460268773456939728e+00
1.459742127889986252e+00
1.459215277999869054e+00
1.458688223960303842e+00
1.458160965945595411e+00
1.457633504130636748e+00
1.457105838690909927e+00
1.456577969802485661e+00
1.456049897642024638e+00
1.455521622386776404e+00
1.454993144214580925e+00
1.454464463303867694e+00
1.453935579833656844e+00
1.453406493983558700e+00
1.452877205933774452e+00
1.452347715865096367e+00
1.451818023958907133e+00
1.451288130397181853e+00
1.450758035362486265e+00
1.450227739037978525e+00
1.449697241607408316e+00
1.449166543255117734e+00
1.448635644166041070e+00
1.448104544525705695e+00
1.447573244520230729e+00
1.447041744336329039e+00
1.446510044161306352e+00
1.445978144183061920e+00
1.445446044590087853e+00
1.444913745571470676e+00
1.444381247316889993e+00
1.443848550016619825e+00
1.443315653861528158e+00
1.442782559043077617e+00
1.442249265753324794e+00
1.441715774184920917e+00
1.441182084531112295e+00
1.440648196985739871e+00
1.440114111743239889e+00
1.439579828998643229e+00
1.439045348947576519e+00
1.438510671786261907e+00
1.437975797711516401e+00
1.437440726920753642e+00
1.436905459611982350e+00
1.436369995983807435e+00
1.435834336235429776e+00
1.435298480566646440e+00
1.434762429177850684e+00
1.434226182270031957e+00
1.433689740044776340e+00
1.433153102704266546e+00
1.432616270451281482e+00
1.432079243489197351e+00
1.431542022021986327e+00
1.431004606254218325e+00
1.430466996391059675e+00
1.429929192638273783e+00
1.429391195202221354e+00
1.428853004289859729e+00
1.428314620108744215e+00
1.427776042867026751e+00
1.427237272773456800e+00
1.426698310037381123e+00
1.426159154868744228e+00
1.425619807478087253e+00
1.425080268076549972e+00
1.424540536875868568e+00
1.424000614088377414e+00
1.423460499927008627e+00
1.422920194605291178e+00
1.422379698337352227e+00
1.421839011337916459e+00
1.421298133822306076e+00
1.420757066006441027e+00
1.420215808106839228e+00
1.419674360340615449e+00
1.419132722925482870e+00
1.418590896079751973e+00
1.418048880022330760e+00
1.417506674972725200e+00
1.416964281151038563e+00
1.416421698777971860e+00
1.415878928074823628e+00
1.415335969263489480e+00
1.414792822566463437e+00
1.414249488206835714e+00
1.413705966408295156e+00
1.413162257395127019e+00
1.412618361392214528e+00
1.412074278625037316e+00
1.411530009319673207e+00
1.410985553702796436e+00
1.410440912001678537e+00
1.409896084444187681e+00
1.409351071258789556e+00
1.408805872674546045e+00
1.408260488921116105e+00
1.407714920228755329e+00
1.407169166828315943e+00
1.406623228951246141e+00
1.406077106829590972e+00
1.405530800695991900e+00
1.404984310783685686e+00
1.404437637326506172e+00
1.403890780558882279e+00
1.403343740715839116e+00
1.402796518032997541e+00
1.402249112746573712e+00
1.401701525093379530e+00
1.401153755310821758e+00
1.400605803636902458e+00
1.400057670310218993e+00
1.399509355569963143e+00
1.398960859655921318e+00
1.398412182808475235e+00
1.397863325268599910e+00
1.397314287277865219e+00
1.396765069078435006e+00
1.396215670913066864e+00
1.395666093025112131e+00
1.395116335658515450e+00
1.394566399057815209e+00
1.394016283468142658e+00
1.393465989135221905e+00
1.392915516305369694e+00
1.392364865225495407e+00
1.391814036143101285e+00
1.391263029306280652e+00
1.390711844963719690e+00
1.390160483364695443e+00
1.389608944759076925e+00
1.389057229397324011e+00
1.388505337530488104e+00
1.387953269410211021e+00
1.387401025288724554e+00
1.386848605418851799e+00
1.386296010054004935e+00
1.385743239448186559e+00
1.385190293855988131e+00
1.384637173532591081e+00
1.384083878733765038e+00
1.383530409715868936e+00
1.382976766735849905e+00
1.382422950051242827e+00
1.381868959920171225e+00
1.381314796601345263e+00
1.380760460354063301e+00
1.380205951438209677e+00
1.379651270114256478e+00
1.379096416643261325e+00
1.378541391286868034e+00
1.377986194307306178e+00
1.377430825967391304e+00
1.376875286530522935e+00
1.376319576260686572e+00
1.375763695422451249e+00
1.375207644280970420e+00
1.374651423101981074e+00
1.374095032151804174e+00
1.373538471697343111e+00
1.372981742006083916e+00
1.372424843346095713e+00
1.371867775986028937e+00
1.371310540195115779e+00
1.370753136243169523e+00
1.370195564400584765e+00
1.369637824938336079e+00
1.369079918127978246e+00
1.368521844241645802e+00
1.367963603552052820e+00
1.367405196332491801e+00
1.366846622856834115e+00
1.366287883399528891e+00
1.365728978235603241e+00
1.365169907640661373e+00
1.364610671890884586e+00
1.364051271263029941e+00
1.363491706034431150e+00
1.362931976482997021e+00
1.362372082887211899e+00
1.361812025526134562e+00
1.361251804679397548e+00
1.360691420627208048e+00
1.360130873650345906e+00
1.359570164030163841e+00
1.359009292048587447e+00
1.358448257988113195e+00
1.357887062131810207e+00
1.357325704763317820e+00
1.356764186166845576e+00
1.356202506627173898e+00
1.355640666429651864e+00
1.355078665860197651e+00
1.354516505205298538e+00
1.353954184752008683e+00
1.353391704787950900e+00
1.352829065601313996e+00
1.352266267480853434e+00
1.351703310715890893e+00
1.351140195596313154e+00
1.350576922412571657e+00
1.350013491455682502e+00
1.349449903017225116e+00
1.348886157389342477e+00
1.348322254864740000e+00
1.347758195736685094e+00
1.347193980299006943e+00
1.346629608846095394e+00
1.346065081672901176e+00
1.345500399074933906e+00
1.344935561348263420e+00
1.344370568789517550e+00
1.343805421695882352e+00
1.343240120365101431e+00
1.342674665095475062e+00
1.342109056185859739e+00
1.341543293935667958e+00
1.340977378644866880e+00
1.340411310613978113e+00
1.339845090144077266e+00
1.339278717536792840e+00
1.338712193094306002e+00
1.338145517119349703e+00
1.337578689915208674e+00
1.337011711785717205e+00
1.336444583035260703e+00
1.335877303968773022e+00
1.335309874891737136e+00
1.334742296110183579e+00
1.334174567930690891e+00
1.333606690660383398e+00
1.333038664606932100e+00
1.332470490078552894e+00
1.331902167384006574e+00
1.331333696832597058e+00
1.330765078734172713e+00
1.330196313399123476e+00
1.329627401138381293e+00
1.329058342263419457e+00
1.328489137086251493e+00
1.327919785919430495e+00
1.327350289076048462e+00
1.326780646869735625e+00
1.326210859614660231e+00
1.325640927625526544e+00
1.325070851217575063e+00
1.324500630706581639e+00
1.323930266408856582e+00
1.323359758641243999e+00
1.322789107721120905e+00
1.322218313966396330e+00
1.321647377695511549e+00
1.321076299227437412e+00
1.320505078881675676e+00
1.319933716978256344e+00
1.319362213837738551e+00
1.318790569781208566e+00
1.318218785130279125e+00
1.317646860207089432e+00
1.317074795334303827e+00
1.316502590835110453e+00
1.315930247033221479e+00
1.315357764252871320e+00
1.314785142818816865e+00
1.314212383056335476e+00
1.313639485291224984e+00
1.313066449849802586e+00
1.312493277058903729e+00
1.311919967245882113e+00
1.311346520738607913e+00
1.310772937865466892e+00
1.310199218955360623e+00
1.309625364337704712e+00
1.309051374342427687e+00
1.308477249299971223e+00
1.307902989541288363e+00
1.307328595397842630e+00
1.306754067201608027e+00
1.306179405285066597e+00
1.305604609981209308e+00
1.305029681623533833e+00
1.304454620546044330e+00
1.303879427083249887e+00
1.303304101570164741e+00
1.302728644342305842e+00
1.302153055735693288e+00
1.301577336086848558e+00
1.301001485732793839e+00
1.300425505011051364e+00
1.299849394259641855e+00
1.299273153817084303e+00
1.298696784022394413e+00
1.298120285215083713e+00
1.297543657735159339e+00
1.296966901923121585e+00
1.296390018119964571e+00
1.295813006667174472e+00
1.295235867906728400e+00
1.294658602181093521e+00
1.294081209833226387e+00
1.293503691206571826e+00
1.292926046645061389e+00
1.292348276493113346e+00
1.291770381095630915e+00
1.291192360798001371e+00
1.290614215946095156e+00
1.290035946886265217e+00
1.289457553965345005e+00
1.288879037530648697e+00
1.288300397929968755e+00
1.287721635511576590e+00
1.287142750624219900e+00
1.286563743617122446e+00
1.285984614839982942e+00
1.285405364642974169e+00
1.284825993376741193e+00
1.284246501392401152e+00
1.283666889041541692e+00
1.283087156676220086e+00
1.282507304648961899e+00
1.281927333312760542e+00
1.281347243021075055e+00
1.280767034127830772e+00
1.280186706987415990e+00
1.279606261954682855e+00
1.279025699384945147e+00
1.278445019633977386e+00
1.277864223058014614e+00
1.277283310013749063e+00
1.276702280858331928e+00
1.276121135949369823e+00
1.275539875644924992e+00
1.274958500303513764e+00
1.274377010284105216e+00
1.273795405946120507e+00
1.273213687649431325e+00
1.272631855754359442e+00
1.272049910621674051e+00
1.271467852612592431e+00
1.270885682088777502e+00
1.270303399412337164e+00
1.269721004945823184e+00
1.269138499052229863e+00
1.268555882094992482e+00
1.267973154437987082e+00
1.267390316445528686e+00
1.266807368482369522e+00
1.266224310913699247e+00
1.265641144105142279e+00
1.265057868422757581e+00
1.264474484233037321e+00
1.263890991902904881e+00
1.263307391799715074e+00
1.262723684291251036e+00
1.262139869745725118e+00
1.261555948531775551e+00
1.260971921018467334e+00
1.260387787575288909e+00
1.259803548572152376e+00
1.259219204379391943e+00
1.258634755367762370e+00
1.258050201908437637e+00
1.257465544373010280e+00
1.256880783133489610e+00
1.256295918562300606e+00
1.255710951032282807e+00
1.255125880916688530e+00
1.254540708589182207e+00
1.253955434423838833e+00
1.253370058795142628e+00
1.252784582077986153e+00
1.252199004647667646e+00
1.251613326879892130e+00
1.251027549150767637e+00
1.250441671836805657e+00
1.249855695314918691e+00
1.249269619962419808e+00
1.248683446157020649e+00
1.248097174276830756e+00
1.247510804700355580e+00
1.246924337806495364e+00
1.246337773974544039e+00
1.245751113584188108e+00
1.245164357015504208e+00
1.244577504648959332e+00
1.243990556865407937e+00
1.243403514046091729e+00
1.242816376572637660e+00
1.242229144827057263e+00
1.241641819191744212e+00
1.241054400049473871e+00
1.240466887783401750e+00
1.239879282777061498e+00
1.239291585414364683e+00
1.238703796079598352e+00
1.238115915157424141e+00
1.237527943032876721e+00
1.236939880091362687e+00
1.236351726718658783e+00
1.235763483300910570e+00
1.235175150224631313e+00
1.234586727876700207e+00
1.233998216644361268e+00
1.233409616915221996e+00
1.232820929077251382e+00
1.232232153518778794e+00
1.231643290628493093e+00
1.231054340795440405e+00
1.230465304409022798e+00
1.229876181858997386e+00
1.229286973535474559e+00
1.228697679828916201e+00
1.228108301130135027e+00
1.227518837830292364e+00
1.226929290320897037e+00
1.226339658993804038e+00
1.225749944241212530e+00
1.225160146455665400e+00
1.224570266030046817e+00
1.223980303357580901e+00
1.223390258831830835e+00
1.222800132846696419e+00
1.222209925796413854e+00
1.221619638075553294e+00
1.221029270079017515e+00
1.220438822202040585e+00
1.219848294840186531e+00
1.219257688389347116e+00
1.218667003245741398e+00
1.218076239805913286e+00
1.217485398466731095e+00
1.216894479625384440e+00
1.216303483679384456e+00
1.215712411026560691e+00
1.215121262065061103e+00
1.214530037193349177e+00
1.213938736810203700e+00
1.213347361314715656e+00
1.212755911106288442e+00
1.212164386584634768e+00
1.211572788149776425e+00
1.210981116202041852e+00
1.210389371142064574e+00
1.209797553370782319e+00
1.209205663289435018e+00
1.208613701299563248e+00
1.208021667803006682e+00
1.207429563201902978e+00
1.206837387898685332e+00
1.206245142296081374e+00
1.205652826797112276e+00
1.205060441805089866e+00
1.204467987723615963e+00
1.203875464956580377e+00
1.203282873908159800e+00
1.202690214982815586e+00
1.202097488585292639e+00
1.201504695120617638e+00
1.200911834994097482e+00
1.200318908611317736e+00
1.199725916378140633e+00
1.199132858700704407e+00
1.198539735985420407e+00
1.197946548638972875e+00
1.197353297068316058e+00
1.196759981680673102e+00
1.196166602883535157e+00
1.195573161084658498e+00
1.194979656692063408e+00
1.194386090114033294e+00
1.193792461759111800e+00
1.193198772036102140e+00
1.192605021354064432e+00
1.192011210122315701e+00
1.191417338750426769e+00
1.190823407648220700e+00
1.190229417225772357e+00
1.189635367893405293e+00
1.189041260061691530e+00
1.188447094141448002e+00
1.187852870543737227e+00
1.187258589679863752e+00
1.186664251961373262e+00
1.186069857800051031e+00
1.185475407607920140e+00
1.184880901797239483e+00
1.184286340780502655e+00
1.183691724970435954e+00
1.183097054779996160e+00
1.182502330622370312e+00
1.181907552910972825e+00
1.181312722059443709e+00
1.180717838481647686e+00
1.180122902591672407e+00
1.179527914803825794e+00
1.178932875532635594e+00
1.178337785192846932e+00
1.177742644199420985e+00
1.177147452967532537e+00
1.176552211912569312e+00
1.175956921450129977e+00
1.175361581996021920e+00
1.174766193966259920e+00
1.174170757777064367e+00
1.173575273844859934e+00
1.172979742586272911e+00
1.172384164418130759e+00
1.171788539757459224e+00
1.171192869021481231e+00
1.170597152627615323e+00
1.170001390993473445e+00
1.169405584536859166e+00
1.168809733675766571e+00
1.168213838828378037e+00
1.167617900413062904e+00
1.167021918848375250e+00
1.166425894553052123e+00
1.165829827946012420e+00
1.165233719446354677e+00
1.164637569473355505e+00
1.164041378446467823e+00
1.163445146785318407e+00
1.162848874909707897e+00
1.162252563239607239e+00
1.161656212195156579e+00
1.161059822196663927e+00
1.160463393664602716e+00
1.159866927019610916e+00
1.159270422682487922e+00
1.158673881074194556e+00
1.158077302615849291e+00
1.157480687728728475e+00
1.156884036834263219e+00
1.156287350354038068e+00
1.155690628709789225e+00
1.155093872323402771e+00
1.154497081616913112e+00
1.153900257012500541e+00
1.153303398932490342e+00
1.152706507799350355e+00
1.152109584035689416e+00
1.151512628064255583e+00
1.150915640307934584e+00
1.150318621189747592e+00
1.149721571132849451e+00
1.149124490560527567e+00
1.148527379896199241e+00
1.147930239563410559e+00
1.147333069985834175e+00
1.146735871587267752e+00
1.146138644791631966e+00
1.145541390022969175e+00
1.144944107705440972e+00
1.144346798263326415e+00
1.143749462121021354e+00
1.143152099703035329e+00
1.142554711433989789e+00
1.141957297738617427e+00
1.141359859041759517e+00
1.140762395768364357e+00
1.140164908343484829e+00
1.139567397192277731e+00
1.138969862740001560e+00
1.138372305412013619e+00
1.137774725633770245e+00
1.137177123830823255e+00
1.136579500428818612e+00
1.135981855853495315e+00
1.135384190530682513e+00
1.134786504886298397e+00
1.134188799346348420e+00
1.133591074336922855e+00
1.132993330284195910e+00
1.132395567614422616e+00
1.131797786753938606e+00
1.131199988129157008e+00
1.130602172166566888e+00
1.130004339292732141e+00
1.129406489934288826e+00
1.128808624517943837e+00
1.128210743470472455e+00
1.127612847218717684e+00
1.127014936189587369e+00
1.126417010810052410e+00
1.125819071507145663e+00
1.125221118707959933e+00
1.124623152839645090e+00
1.124025174329407628e+00
1.123427183604508439e+00
1.122829181092260153e+00
1.122231167220026693e+00
1.121633142415220163e+00
1.121035107105300188e+00
1.120437061717770577e+00
1.119839006680179105e+00
1.119240942420114626e+00
1.118642869365205961e+00
1.118044787943119012e+00
1.117446698581556319e+00
1.116848601708253952e+00
1.116250497750980397e+00
1.115652387137534562e+00
1.115054270295744221e+00
1.114456147653463347e+00
1.113858019638571006e+00
1.113259886678969357e+00
1.112661749202582095e+00
1.112063607637352014e+00
1.111465462411239002e+00
1.110867313952219604e+00
1.110269162688283684e+00
1.109671009047433099e+00
1.109072853457680141e+00
1.108474696347045318e+00
1.107876538143555800e+00
1.107278379275243418e+00
1.106680220170142670e+00
1.106082061256289162e+00
1.105483902961718057e+00
1.104885745714461409e+00
1.104287589942546610e+00
1.103689436073995500e+00
1.103091284536820815e+00
1.102493135759025966e+00
1.101894990168602373e+00
1.101296848193527245e+00
1.100698710261763136e+00
1.100100576801254615e+00
1.099502448239927377e+00
1.098904325005685578e+00
1.098306207526411393e+00
1.097708096229961461e+00
1.097109991544166441e+00
1.096511893896827905e+00
1.095913803715718338e+00
1.095315721428576916e+00
1.094717647463109955e+00
1.094119582246987354e+00
1.093521526207842154e+00
1.092923479773267204e+00
1.092325443370814719e+00
1.091727417427993618e+00
1.091129402372268187e+00
1.090531398631055637e+00
1.089933406631724999e+00
1.089335426801594675e+00
1.088737459567930888e+00
1.088139505357946124e+00
1.087541564598796473e+00
1.086943637717580957e+00
1.086345725141338425e+00
1.085747827297046886e+00
1.085149944611621065e+00
1.084552077511910406e+00
1.083954226424697964e+00
1.083356391776697958e+00
1.082758573994553997e+00
1.082160773504837525e+00
1.081562990734046048e+00
1.080965226108600685e+00
1.080367480054845064e+00
1.079769752999043542e+00
1.079172045367378541e+00
1.078574357585949661e+00
1.077976690080771016e+00
1.077379043277770343e+00
1.076781417602786561e+00
1.076183813481568219e+00
1.075586231339771270e+00
1.074988671602957968e+00
1.074391134696593975e+00
1.073793621046048141e+00
1.073196131076589177e+00
1.072598665213384761e+00
1.072001223881499099e+00
1.071403807505891592e+00
1.070806416511414838e+00
1.070209051322813298e+00
1.069611712364720413e+00
1.069014400061657932e+00
1.068417114838033255e+00
1.067819857118138316e+00
1.067222627326147588e+00
1.066625425886115641e+00
1.066028253221976696e+00
1.065431109757541073e+00
1.064833995916495191e+00
1.064236912122398460e+00
1.063639858798682392e+00
1.063042836368647492e+00
1.062445845255463484e+00
1.061848885882165749e+00
1.061251958671654450e+00
1.060655064046692297e+00
1.060058202429903007e+00
1.059461374243769516e+00
1.058864579910632431e+00
1.058267819852687586e+00
1.057671094491984931e+00
1.057074404250426536e+00
1.056477749549764367e+00
1.055881130811599400e+00
1.055284548457379179e+00
1.054688002908396260e+00
1.054091494585786437e+00
1.053495023910526962e+00
1.052898591303435216e+00
1.052302197185165600e+00
1.051705841976209532e+00
1.051109526096892566e+00
1.050513249967372831e+00
1.049917014007639704e+00
1.049320818637511588e+00
1.048724664276633911e+00
1.048128551344478465e+00
1.047532480260340293e+00
1.046936451443337246e+00
1.046340465312407098e+00
1.045744522286306655e+00
1.045148622783609760e+00
1.044552767222704848e+00
1.043956956021794724e+00
1.043361189598893235e+00
1.042765468371824600e+00
1.042169792758221414e+00
1.041574163175522427e+00
1.040978580040971657e+00
1.040383043771615945e+00
1.039787554784303847e+00
1.039192113495683190e+00
1.038596720322200184e+00
1.038001375680096983e+00
1.037406079985410345e+00
1.036810833653970088e+00
1.036215637101396858e+00
1.035620490743100586e+00
1.035025394994279369e+00
1.034430350269917032e+00
1.033835356984781795e+00
1.033240415553424274e+00
1.032645526390176371e+00
1.032050689909149055e+00
1.031455906524230359e+00
1.030861176649085165e+00
1.030266500697151422e+00
1.029671879081640373e+00
1.029077312215533446e+00
1.028482800511582029e+00
1.027888344382303920e+00
1.027293944239983547e+00
1.026699600496668641e+00
1.026105313564170229e+00
1.025511083854059313e+00
1.024916911777666639e+00
1.024322797746080038e+00
1.023728742170142869e+00
1.023134745460453354e+00
1.022540808027361692e+00
1.021946930280968724e+00
1.021353112631124826e+00
1.020759355487427911e+00
1.020165659259221425e+00
1.019572024355593465e+00
1.018978451185374556e+00
1.018384940157136098e+00
1.017791491679189031e+00
1.017198106159581616e+00
1.016604784006098772e+00
1.016011525626259626e+00
1.015418331427315746e+00
1.014825201816250466e+00
1.014232137199776451e+00
1.013639137984334582e+00
1.013046204576091736e+00
1.012453337380939900e+00
1.011860536804494171e+00
1.011267803252090980e+00
1.010675137128787204e+00
1.010082538839357280e+00
1.009490008788293425e+00
1.008897547379802306e+00
1.008305155017804378e+00
1.007712832105932099e+00
1.007120579047528608e+00
1.006528396245645718e+00
1.005936284103042366e+00
1.005344243022183504e+00
1.004752273405237872e+00
1.004160375654077120e+00
1.003568550170273799e+00
1.002976797355099592e+00
1.002385117609524645e+00
1.001793511334215125e+00
1.001201978929531888e+00
1.000610520795529146e+00
1.000019137331952912e+00
9.994278289382394487e-01
9.988365960135130450e-01
9.982454389565856845e-01
9.976543581659546023e-01
9.970633540398012862e-01
9.964724269759893671e-01
9.958815773720638420e-01
9.952908056252488533e-01
9.947001121324464679e-01
9.941094972902355664e-01
9.935189614948696235e-01
9.929285051422753750e-01
9.923381286280519298e-01
9.917478323474684387e-01
9.911576166954629841e-01
9.905674820666412472e-01
9.899774288552748436e-01
9.893874574552995460e-01
9.887975682603145078e-01
9.882077616635799311e-01
9.876180380580164009e-01
9.870283978362026645e-01
9.864388413903749653e-01
9.858493691124249336e-01
9.852599813938981432e-01
9.846706786259931121e-01
9.840814611995596373e-01
9.834923295050970182e-01
9.829032839327531690e-01
9.823143248723226195e-01
9.817254527132456277e-01
9.811366678446060696e-01
9.805479706551308849e-01
9.799593615331877450e-01
9.793708408667842757e-01
9.787824090435661706e-01
9.781940664508163019e-01
9.776058134754528339e-01
9.770176505040278903e-01
9.764295779227263328e-01
9.758415961173642073e-01
9.752537054733875221e-01
9.746659063758706942e-01
9.740781992095148833e-01
9.734905843586474372e-01
9.729030622072194490e-01
9.723156331388050910e-01
9.717282975366002828e-01
9.711410557834205814e-01
9.705539082617008484e-01
9.699668553534929183e-01
9.693798974404648217e-01
9.687930349038991196e-01
9.682062681246920155e-01
9.676195974833513569e-01
9.670330233599956360e-01
9.664465461343528796e-01
9.658601661857586507e-01
9.652738838931552712e-01
9.646876996350904898e-01
9.641016137897158167e-01
9.635156267347851911e-01
9.629297388476543151e-01
9.623439505052783227e-01
9.617582620842112240e-01
9.611726739606046843e-01
9.605871865102056928e-01
9.600018001083567842e-01
9.594165151299931527e-01
9.588313319496427622e-01
9.582462509414241270e-01
9.576612724790453113e-01
9.570763969358027090e-01
9.564916246845798220e-01
9.559069560978458169e-01
9.553223915476541928e-01
9.547379314056418931e-01
9.541535760430275293e-01
9.535693258306106035e-01
9.529851811387700655e-01
9.524011423374627583e-01
9.518172097962227518e-01
9.512333838841596778e-01
9.506496649699576196e-01
9.500660534218738906e-01
9.494825496077377025e-01
9.488991538949492766e-01
9.483158666504781786e-01
9.477326882408623199e-01
9.471496190322067354e-01
9.465666593901824744e-01
9.459838096800250451e-01
9.454010702665337496e-01
9.448184415140700176e-01
9.442359237865562971e-01
9.436535174474752763e-01
9.430712228598681079e-01
9.424890403863336319e-01
9.419069703890270429e-01
9.413250132296587802e-01
9.407431692694933068e-01
9.401614388693479984e-01
9.395798223895919232e-01
9.389983201901447307e-01
9.384169326304755421e-01
9.378356600696017287e-01
9.372545028660879129e-01
9.366734613780445251e-01
9.360925359631269149e-01
9.355117269785343526e-01
9.349310347810085853e-01
9.343504597268329492e-01
9.337700021718309262e-01
9.331896624713656996e-01
9.326094409803380447e-01
9.320293380531864402e-01
9.314493540438849584e-01
9.308694893059424880e-01
9.302897441924019573e-01
9.297101190558387795e-01
9.291306142483601871e-01
9.285512301216038988e-01
9.279719670267367881e-01
9.273928253144547718e-01
9.268138053349804784e-01
9.262349074380631375e-01
9.256561319729772475e-01
9.250774792885213538e-01
9.244989497330171613e-01
9.239205436543084238e-01
9.233422613997601669e-01
9.227641033162572448e-01
9.221860697502035631e-01
9.216081610475209684e-01
9.210303775536482496e-01
9.204527196135401379e-01
9.198751875716665305e-01
9.192977817720109357e-01
9.187205025580698070e-01
9.181433502728517659e-01
9.175663252588761587e-01
9.169894278581723901e-01
9.164126584122787023e-01
9.158360172622415085e-01
9.152595047486140611e-01
9.146831212114557852e-01
9.141068669903309463e-01
9.135307424243083174e-01
9.129547478519594028e-01
9.123788836113583267e-01
9.118031500400801681e-01
9.112275474752004056e-01
9.106520762532938074e-01
9.100767367104339867e-01
9.095015291821915149e-01
9.089264540036338103e-01
9.083515115093241388e-01
9.077767020333202819e-01
9.072020259091738703e-01
9.066274834699296070e-01
9.060530750481240458e-01
9.054788009757851475e-01
9.049046615844307251e-01
9.043306572050684444e-01
9.037567881681939364e-01
9.031830548037907969e-01
9.026094574413292548e-01
9.020359964097651728e-01
9.014626720375396030e-01
9.008894846525776767e-01
9.003164345822879389e-01
8.997435221535609040e-01
8.991707476927691678e-01
8.985981115257656304e-01
8.980256139778833857e-01
8.974532553739344998e-01
8.968810360382090119e-01
8.963089562944747124e-01
8.957370164659756995e-01
8.951652168754320460e-01
8.945935578450384673e-01
8.940220396964642102e-01
8.934506627508516097e-01
8.928794273288155336e-01
8.923083337504427170e-01
8.917373823352908735e-01
8.911665734023875851e-01
8.905959072702304136e-01
8.900253842567850127e-01
8.894550046794850173e-01
8.888847688552313775e-01
8.883146771003912479e-01
8.877447297307972107e-01
8.871749270617468319e-01
8.866052694080017726e-01
8.860357570837869012e-01
8.854663904027897381e-01
8.848971696781597895e-01
8.843280952225075486e-01
8.837591673479040510e-01
8.831903863658797649e-01
8.826217525874244796e-01
8.820532663229859738e-01
8.814849278824697931e-01
8.809167375752383622e-01
8.803486957101099852e-01
8.797808025953587352e-01
8.792130585387133435e-01
8.786454638473566447e-01
8.780780188279251330e-01
8.775107237865076293e-01
8.769435790286455035e-01
8.763765848593311203e-01
8.758097415830079502e-01
8.752430495035693481e-01
8.746765089243583313e-01
8.741101201481665806e-01
8.735438834772341066e-01
8.729777992132481401e-01
8.724118676573431319e-01
8.718460891100997534e-01
8.712804638715442307e-01
8.707149922411479004e-01
8.701496745178265435e-01
8.695845109999398304e-01
8.690195019852903213e-01
8.684546477711235779e-01
8.678899486541269415e-01
8.673254049304293112e-01
8.667610168956003669e-01
8.661967848446500140e-01
8.656327090720279394e-01
8.650687898716229451e-01
8.645050275367621717e-01
8.639414223602110976e-01
8.633779746341722072e-01
8.628146846502853240e-01
8.622515526996261670e-01
8.616885790727065730e-01
8.611257640594732754e-01
8.605631079493079039e-01
8.600006110310264296e-01
8.594382735928781658e-01
8.588760959225456570e-01
8.583140783071440127e-01
8.577522210332206853e-01
8.571905243867542490e-01
8.566289886531548436e-01
8.560676141172628428e-01
8.555064010633489646e-01
8.549453497751131614e-01
8.543844605356849531e-01
8.538237336276222056e-01
8.532631693329110201e-01
8.527027679329650667e-01
8.521425297086253625e-01
8.515824549401597165e-01
8.510225439072620635e-01
8.504627968890524636e-01
8.499032141640758820e-01
8.493437960103027429e-01
8.487845427051277092e-01
8.482254545253694600e-01
8.476665317472705796e-01
8.471077746464965585e-01
8.465491834981359043e-01
8.459907585766993643e-01
8.454325001561198150e-01
8.448744085097512624e-01
8.443164839103695085e-01
8.437587266301704858e-01
8.432011369407708123e-01
8.426437151132070147e-01
8.420864614179350838e-01
8.415293761248303639e-01
8.409724595031868866e-01
8.404157118217170375e-01
8.398591333485516675e-01
8.393027243512388713e-01
8.387464850967442098e-01
8.381904158514504877e-01
8.376345168811568653e-01
8.370787884510788590e-01
8.365232308258478966e-01
8.359678442695113176e-01
8.354126290455312631e-01
8.348575854167852306e-01
8.343027136455650750e-01
8.337480139935771195e-01
8.331934867219414897e-01
8.326391320911923355e-01
8.320849503612767206e-01
8.315309417915551782e-01
8.309771066408007112e-01
8.304234451671989037e-01
8.298699576283476986e-01
8.293166442812566208e-01
8.287635053823469988e-01
8.282105411874515211e-01
8.276577519518139026e-01
8.271051379300885520e-01
8.265526993763405716e-01
8.260004365440453133e-01
8.254483496860880454e-01
8.248964390547638414e-01
8.243447049017775807e-01
8.237931474782428376e-01
8.232417670346828809e-01
8.226905638210292304e-01
8.221395380866224345e-01
8.215886900802110704e-01
8.210380200499519665e-01
8.204875282434099804e-01
8.199372149075574434e-01
8.193870802887744942e-01
8.188371246328481901e-01
8.182873481849729513e-01
8.177377511897501172e-01
8.171883338911875017e-01
8.166390965326996154e-01
8.160900393571073330e-01
8.155411626066374486e-01
8.149924665229231202e-01
8.144439513470029812e-01
8.138956173193214738e-01
8.133474646797284047e-01
8.127994936674791671e-01
8.122517045212339637e-01
8.117040974790583618e-01
8.111566727784226272e-01
8.106094306562017238e-01
8.100623713486753141e-01
8.095154950915275371e-01
8.089688021198467860e-01
8.084222926681257082e-01
8.078759669702612056e-01
8.073298252595537683e-01
8.067838677687081406e-01
8.062380947298326550e-01
8.056925063744393434e-01
8.051471029334436036e-01
8.046018846371645328e-01
8.040568517153245942e-01
8.035120043970492842e-01
8.029673429108675764e-01
8.024228674847112552e-01
8.018785783459154715e-01
8.013344757212180758e-01
8.007905598367599520e-01
8.002468309180847950e-01
7.997032891901389995e-01
7.991599348772717715e-01
7.986167682032349058e-01
7.980737893911827863e-01
7.975309986636726078e-01
7.969883962426638213e-01
7.964459823495183555e-01
7.959037572050009501e-01
7.953617210292783790e-01
7.948198740419200048e-01
7.942782164618976681e-01
7.937367485075854656e-01
7.931954703967597498e-01
7.926543823465994620e-01
7.921134845736859109e-01
7.915727772940023277e-01
7.910322607229347547e-01
7.904919350752714902e-01
7.899518005652029773e-01
7.894118574063223592e-01
7.888721058116248130e-01
7.883325459935083268e-01
7.877931781637731445e-01
7.872540025336218772e-01
7.867150193136598357e-01
7.861762287138948091e-01
7.856376309437371752e-01
7.850992262119999010e-01
7.845610147268987644e-01
7.840229966960521324e-01
7.834851723264811829e-01
7.829475418246101270e-01
7.824101053962658758e-01
7.818728632466782624e-01
7.813358155804805971e-01
7.807989626017087792e-01
7.802623045138022961e-01
7.797258415196036685e-01
7.791895738213591160e-01
7.786535016207180027e-01
7.781176251187333914e-01
7.775819445158619336e-01
7.770464600119640908e-01
7.765111718063042456e-01
7.759760800975505912e-01
7.754411850837754638e-01
7.749064869624555651e-01
7.743719859304715181e-01
7.738376821841088660e-01
7.733035759190571845e-01
7.727696673304113029e-01
7.722359566126703045e-01
7.717024439597386376e-01
7.711691295649257816e-01
7.706360136209462475e-01
7.701030963199201329e-01
7.695703778533730111e-01
7.690378584122361527e-01
7.685055381868466373e-01
7.679734173669476860e-01
7.674414961416885506e-01
7.669097746996248466e-01
7.663782532287188864e-01
7.658469319163393463e-01
7.653158109492619321e-01
7.647848905136696018e-01
7.642541707951522323e-01
7.637236519787072853e-01
7.631933342487396965e-01
7.626632177890625419e-01
7.621333027828964823e-01
7.616035894128706518e-01
7.610740778610225465e-01
7.605447683087983579e-01
7.600156609370528615e-01
7.594867559260503054e-01
7.589580534554637437e-01
7.584295537043760360e-01
7.579012568512797365e-01
7.573731630740773157e-01
7.568452725500812717e-01
7.563175854560146849e-01
7.557901019680112187e-01
7.552628222616155629e-01
7.547357465117834341e-01
7.542088748928817976e-01
7.536822075786896447e-01
7.531557447423975482e-01
7.526294865566082182e-01
7.521034331933370565e-01
7.515775848240119350e-01
7.510519416194736397e-01
7.505265037499762037e-01
7.500012713851873514e-01
7.494762446941883871e-01
7.489514238454746398e-01
7.484268090069559065e-01
7.479024003459564529e-01
7.473781980292154570e-01
7.468542022228875643e-01
7.463304130925426660e-01
7.458068308031664539e-01
7.452834555191607535e-01
7.447602874043439680e-01
7.442373266219508565e-01
7.437145733346334220e-01
7.431920277044611334e-01
7.426696898929208146e-01
7.421475600609174217e-01
7.416256383687743758e-01
7.411039249762332304e-01
7.405824200424550030e-01
7.400611237260198427e-01
7.395400361849272519e-01
7.390191575765970855e-01
7.384984880578692179e-01
7.379780277850043202e-01
7.374577769136838601e-01
7.369377355990109901e-01
7.364179039955101036e-01
7.358982822571279447e-01
7.353788705372337198e-01
7.348596689886190969e-01
7.343406777634990945e-01
7.338218970135121921e-01
7.333033268897206636e-01
7.327849675426112430e-01
7.322668191220947920e-01
7.317488817775078536e-01
7.312311556576116534e-01
7.307136409105936536e-01
7.301963376840672204e-01
7.296792461250724005e-01
7.291623663800759214e-01
7.286456985949721910e-01
7.281292429150830747e-01
7.276129994851585625e-01
7.270969684493772123e-01
7.265811499513464833e-01
7.260655441341032912e-01
7.255501511401142301e-01
7.250349711112757944e-01
7.245200041889154896e-01
7.240052505137914984e-01
7.234907102260934586e-01
7.229763834654430177e-01
7.224622703708939442e-01
7.219483710809326826e-01
7.214346857334787977e-01
7.209212144658856403e-01
7.204079574149402365e-01
7.198949147168642870e-01
7.193820865073141668e-01
7.188694729213818135e-01
7.183570740935947274e-01
7.178448901579167485e-01
7.173329212477483896e-01
7.168211674959271695e-01
7.163096290347283901e-01
7.157983059958652472e-01
7.152871985104894970e-01
7.147763067091917888e-01
7.142656307220024425e-01
7.137551706783913374e-01
7.132449267072691335e-01
7.127348989369869381e-01
7.122250874953376387e-01
7.117154925095554585e-01
7.112061141063172887e-01
7.106969524117425774e-01
7.101880075513942181e-01
7.096792796502786604e-01
7.091707688328467984e-01
7.086624752229940816e-01
7.081543989440612918e-01
7.076465401188349880e-01
7.071388988695478384e-01
7.066314753178792873e-01
7.061242695849562212e-01
7.056172817913528572e-01
7.051105120570920759e-01
7.046039605016451990e-01
7.040976272439332107e-01
7.035915124023265355e-01
7.030856160946460376e-01
7.025799384381634649e-01
7.020744795496018931e-01
7.015692395451362806e-01
7.010642185403940241e-01
7.005594166504555131e-01
7.000548339898544636e-01
6.995504706725786948e-01
6.990463268120704621e-01
6.985424025212273458e-01
6.980386979124023616e-01
6.975352130974047382e-01
6.970319481875002499e-01
6.965289032934123270e-01
6.960260785253217231e-01
6.955234739928678467e-01
6.950210898051488728e-01
6.945189260707226309e-01
6.940169828976068267e-01
6.935152603932797089e-01
6.930137586646806236e-01
6.925124778182107921e-01
6.920114179597336435e-01
6.915105791945753699e-01
6.910099616275254819e-01
6.905095653628376962e-01
6.900093905042300468e-01
6.895094371548858847e-01
6.890097054174540991e-01
6.885101953940498953e-01
6.880109071862553494e-01
6.875118408951198523e-01
6.870129966211611094e-01
6.865143744643650292e-01
6.860159745241871665e-01
6.855177968995522786e-01
6.850198416888561015e-01
6.845221089899649058e-01
6.840245989002166072e-01
6.835273115164215429e-01
6.830302469348624728e-01
6.825334052512956884e-01
6.820367865609513469e-01
6.815403909585343589e-01
6.810442185382243885e-01
6.805482693936774075e-01
6.800525436180252514e-01
6.795570413038772850e-01
6.790617625433200688e-01
6.785667074279184696e-01
6.780718760487163266e-01
6.775772684962367842e-01
6.770828848604832917e-01
6.765887252309396027e-01
6.760947896965712189e-01
6.756010783458253899e-01
6.751075912666317791e-01
6.746143285464035744e-01
6.741212902720375988e-01
6.736284765299150878e-01
6.731358874059025776e-01
6.726435229853520159e-01
6.721513833531020943e-01
6.716594685934781372e-01
6.711677787902934345e-01
6.706763140268492407e-01
6.701850743859361081e-01
6.696940599498336644e-01
6.692032708003122776e-01
6.687127070186327238e-01
6.682223686855475187e-01
6.677322558813012510e-01
6.672423686856314706e-01
6.667527071777690217e-01
6.662632714364389308e-01
6.657740615398608508e-01
6.652850775657500604e-01
6.647963195913177969e-01
6.643077876932721448e-01
6.638194819478184794e-01
6.633314024306603551e-01
6.628435492169998389e-01
6.623559223815387309e-01
6.618685219984785650e-01
6.613813481415218298e-01
6.608944008838724127e-01
6.604076802982360439e-01
6.599211864568215180e-01
6.594349194313406937e-01
6.589488792930098260e-01
6.584630661125498996e-01
6.579774799601870727e-01
6.574921209056540095e-01
6.570069890181898797e-01
6.565220843665415806e-01
6.560374070189638473e-01
6.555529570432206965e-01
6.550687345065853151e-01
6.545847394758412818e-01
6.541009720172831221e-01
6.536174321967167522e-01
6.531341200794608115e-01
6.526510357303464405e-01
6.521681792137186129e-01
6.516855505934368020e-01
6.512031499328755357e-01
6.507209772949248405e-01
6.502390327419915739e-01
6.497573163359993131e-01
6.492758281383899099e-01
6.487945682101234901e-01
6.483135366116795639e-01
6.478327334030575813e-01
6.473521586437774866e-01
6.468718123928810515e-01
6.463916947089314302e-01
6.459118056500152694e-01
6.454321452737421527e-01
6.449527136372460445e-01
6.444735107971859556e-01
6.439945368097464984e-01
6.435157917306382203e-01
6.430372756150992686e-01
6.425589885178951688e-01
6.420809304933200456e-01
6.416031015951971783e-01
6.411255018768798886e-01
6.406481313912518738e-01
6.401709901907283173e-01
6.396940783272564435e-01
6.392173958523164057e-01
6.387409428169216197e-01
6.382647192716198736e-01
6.377887252664937723e-01
6.373129608511618471e-01
6.368374260747787785e-01
6.363621209860365058e-01
6.358870456331646714e-01
6.354122000639318424e-01
6.349375843256455099e-01
6.344631984651534218e-01
6.339890425288440268e-01
6.335151165626473624e-01
6.330414206120356102e-01
6.325679547220239840e-01
6.320947189371713959e-01
6.316217133015810115e-01
6.311489378589014709e-01
6.306763926523272223e-01
6.302040777245991876e-01
6.297319931180059838e-01
6.292601388743840340e-01
6.287885150351189001e-01
6.283171216411455040e-01
6.278459587329493496e-01
6.273750263505667446e-01
6.269043245335862435e-01
6.264338533211484261e-01
6.259636127519477844e-01
6.254936028642323897e-01
6.250238236958053362e-01
6.245542752840251843e-01
6.240849576658068498e-01
6.236158708776223802e-01
6.231470149555015103e-01
6.226783899350324392e-01
6.222099958513628293e-01
6.217418327392002508e-01
6.212739006328130698e-01
6.208061995660312249e-01
6.203387295722471162e-01
6.198714906844159378e-01
6.194044829350566772e-01
6.189377063562531145e-01
6.184711609796541554e-01
6.180048468364747194e-01
6.175387639574967391e-01
6.170729123730694932e-01
6.166072921131108275e-01
6.161419032071072666e-01
6.156767456841157893e-01
6.152118195727633854e-01
6.147471249012486094e-01
6.142826616973423581e-01
6.138184299883879813e-01
6.133544298013028362e-01
6.128906611625785095e-01
6.124271240982815945e-01
6.119638186340549124e-01
6.115007447951178454e-01
6.110379026062668917e-01
6.105752920918773308e-01
6.101129132759028906e-01
6.096507661818773016e-01
6.091888508329146301e-01
6.087271672517104992e-01
6.082657154605420891e-01
6.078044954812696909e-01
6.073435073353370406e-01
6.068827510437723172e-01
6.064222266271883655e-01
6.059619341057844721e-01
6.055018734993461438e-01
6.050420448272462171e-01
6.045824481084459689e-01
6.041230833614953388e-01
6.036639506045341497e-01
6.032050498552924411e-01
6.027463811310916908e-01
6.022879444488451472e-01
6.018297398250590513e-01
6.013717672758329691e-01
6.009140268168609023e-01
6.004565184634318431e-01
5.999992422304305517e-01
5.995421981323386662e-01
5.990853861832349248e-01
5.986288063967961648e-01
5.981724587862984333e-01
5.977163433646173196e-01
5.972604601442288441e-01
5.968048091372103459e-01
5.963493903552409270e-01
5.958942038096028959e-01
5.954392495111816563e-01
5.949845274704672615e-01
5.945300376975547474e-01
5.940757802021451317e-01
5.936217549935457471e-01
5.931679620806716846e-01
5.927144014720461263e-01
5.922610731758011227e-01
5.918079771996785921e-01
5.913551135510308754e-01
5.909024822368217356e-01
5.904500832636266905e-01
5.899979166376345674e-01
5.895459823646472808e-01
5.890942804500814978e-01
5.886428108989689711e-01
5.881915737159573165e-01
5.877405689053107896e-01
5.872897964709112850e-01
5.868392564162588920e-01
5.863889487444727822e-01
5.859388734582917646e-01
5.854890305600755074e-01
5.850394200518047594e-01
5.845900419350826827e-01
5.841408962111349634e-01
5.836919828808113664e-01
5.832433019445859568e-01
5.827948534025578775e-01
5.823466372544526815e-01
5.818986534996222204e-01
5.814509021370461994e-01
5.810033831653327319e-01
5.805560965827187836e-01
5.801090423870713941e-01
5.796622205758882318e-01
5.792156311462983709e-01
5.787692740950629577e-01
5.783231494185765431e-01
5.778772571128669711e-01
5.774315971735968223e-01
5.769861695960641912e-01
5.765409743752027971e-01
5.760960115055836495e-01
5.756512809814151588e-01
5.752067827965443580e-01
5.747625169444570137e-01
5.743184834182795129e-01
5.738746822107783085e-01
5.734311133143619177e-01
5.729877767210808104e-01
5.725446724226286310e-01
5.721018004103426424e-01
5.716591606752051691e-01
5.712167532078434862e-01
5.707745779985311518e-01
5.703326350371886733e-01
5.698909243133842839e-01
5.694494458163346096e-01
5.690081995349055566e-01
5.685671854576130890e-01
5.681264035726238948e-01
5.676858538677561627e-01
5.672455363304805820e-01
5.668054509479206748e-01
5.663655977068542402e-01
5.659259765937134645e-01
5.654865875945858100e-01
5.650474306952151249e-01
5.646085058810023094e-01
5.641698131370058711e-01
5.637313524479424798e-01
5.632931237981888550e-01
5.628551271717811000e-01
5.624173625524162556e-01
5.619798299234531891e-01
5.615425292679127045e-01
5.611054605684790975e-01
5.606686238075003770e-01
5.602320189669892647e-01
5.597956460286237501e-01
5.593595049737482006e-01
5.589235957833738055e-01
5.584879184381794648e-01
5.580524729185126764e-01
5.576172592043902032e-01
5.571822772754986275e-01
5.567475271111955726e-01
5.563130086905099247e-01
5.558787219921431655e-01
5.554446669944697046e-01
5.550108436755377683e-01
5.545772520130702876e-01
5.541438919844655642e-01
5.537107635667978256e-01
5.532778667368184466e-01
5.528452014709565043e-01
5.524127677453191110e-01
5.519805655356929686e-01
5.515485948175445907e-01
5.511168555660211910e-01
5.506853477559513488e-01
5.502540713618458978e-01
5.498230263578989252e-01
5.493922127179878823e-01
5.489616304156750282e-01
5.485312794242076517e-01
5.481011597165191818e-01
5.476712712652298531e-01
5.472416140426473730e-01
5.468121880207676977e-01
5.463829931712761434e-01
5.459540294655472747e-01
5.455252968746467923e-01
5.450967953693313106e-01
5.446685249200496903e-01
5.442404854969437045e-01
5.438126770698483714e-01
5.433850996082935092e-01
5.429577530815036246e-01
5.425306374583991342e-01
5.421037527075973639e-01
5.416770987974126594e-01
5.412506756958574972e-01
5.408244833706432608e-01
5.403985217891809079e-01
5.399727909185817465e-01
5.395472907256581019e-01
5.391220211769244264e-01
5.386969822385972995e-01
5.382721738765970931e-01
5.378475960565479719e-01
5.374232487437788919e-01
5.369991319033247112e-01
5.365752454999261900e-01
5.361515894980315444e-01
5.357281638617965580e-01
5.353049685550856918e-01
5.348820035414725282e-01
5.344592687842408818e-01
5.340367642463852427e-01
5.336144898906115541e-01
5.331924456793383227e-01
5.327706315746967292e-01
5.323490475385319609e-01
5.319276935324033229e-01
5.315065695175857918e-01
5.310856754550700165e-01
5.306650113055634277e-01
5.302445770294909044e-01
5.298243725869954401e-01
5.294043979379389198e-01
5.289846530419028969e-01
5.285651378581895932e-01
5.281458523458216758e-01
5.277267964635443676e-01
5.273079701698251132e-01
5.268893734228545789e-01
5.264710061805476515e-01
5.260528684005441047e-01
5.256349600402087097e-01
5.252172810566331229e-01
5.247998314066355530e-01
5.243826110467619817e-01
5.239656199332867192e-01
5.235488580222135147e-01
5.231323252692756665e-01
5.227160216299371331e-01
5.222999470593934213e-01
5.218841015125719185e-01
5.214684849441325598e-01
5.210530973084692707e-01
5.206379385597097453e-01
5.202230086517168894e-01
5.198083075380890428e-01
5.193938351721612001e-01
5.189795915070051224e-01
5.185655764954307800e-01
5.181517900899862417e-01
5.177382322429592287e-01
5.173249029063772264e-01
5.169118020320083717e-01
5.164989295713623418e-01
5.160862854756909091e-01
5.156738696959884960e-01
5.152616821829933969e-01
5.148497228871877773e-01
5.144379917587990070e-01
5.140264887478003253e-01
5.136152138039109527e-01
5.132041668765974229e-01
5.127933479150740270e-01
5.123827568683038125e-01
5.119723936849986945e-01
5.115622583136206769e-01
5.111523507023825186e-01
5.107426707992481774e-01
5.103332185519336983e-01
5.099239939079078798e-01
5.095149968143931618e-01
5.091062272183657367e-01
5.086976850665572147e-01
5.082893703054541801e-01
5.078812828812998559e-01
5.074734227400945485e-01
5.070657898275957587e-01
5.066583840893197355e-01
5.062512054705416986e-01
5.058442539162966156e-01
5.054375293713798678e-01
5.050310317803480276e-01
5.046247610875194134e-01
5.042187172369750892e-01
5.038129001725591971e-01
5.034073098378796240e-01
5.030019461763093336e-01
5.025968091309862551e-01
5.021918986448142830e-01
5.017872146604641648e-01
5.013827571203739453e-01
5.009785259667497437e-01
5.005745211415663087e-01
5.001707425865680179e-01
4.997671902432691549e-01
4.993638640529549089e-01
4.989607639566819852e-01
4.985578898952791604e-01
4.981552418093481149e-01
4.977528196392640436e-01
4.973506233251763220e-01
4.969486528070092279e-01
4.965469080244626077e-01
4.961453889170124865e-01
4.957440954239119013e-01
4.953430274841914005e-01
4.949421850366598763e-01
4.945415680199051200e-01
4.941411763722944328e-01
4.937410100319756245e-01
4.933410689368772917e-01
4.929413530247096498e-01
4.925418622329653662e-01
4.921425964989199486e-01
4.917435557596325779e-01
4.913447399519467185e-01
4.909461490124908400e-01
4.905477828776789728e-01
4.901496414837115401e-01
4.897517247665759688e-01
4.893540326620470782e-01
4.889565651056882456e-01
4.885593220328516839e-01
4.881623033786792187e-01
4.877655090781028990e-01
4.873689390658458298e-01
4.869725932764226162e-01
4.865764716441400850e-01
4.861805741030980066e-01
4.857849005871897607e-01
4.853894510301027809e-01
4.849942253653196089e-01
4.845992235261180614e-01
4.842044454455722291e-01
4.838098910565530875e-01
4.834155602917289407e-01
4.830214530835663100e-01
4.826275693643304887e-01
4.822339090660861527e-01
4.818404721206980268e-01
4.814472584598315508e-01
4.810542680149535455e-01
4.806615007173328236e-01
4.802689564980407999e-01
4.798766352879522135e-01
4.794845370177456823e-01
4.790926616179044251e-01
4.787010090187168720e-01
4.783095791502771643e-01
4.779183719424861532e-01
4.775273873250516221e-01
4.771366252274891750e-01
4.767460855791227359e-01
4.763557683090853812e-01
4.759656733463196732e-01
4.755758006195785481e-01
4.751861500574258712e-01
4.747967215882370473e-01
4.744075151401996315e-01
4.740185306413139399e-01
4.736297680193938264e-01
4.732412272020671273e-01
4.728529081167763271e-01
4.724648106907793910e-01
4.720769348511499874e-01
4.716892805247784315e-01
4.713018476383722954e-01
4.709146361184569085e-01
4.705276458913758564e-01
4.701408768832920360e-01
4.697543290201877664e-01
4.693680022278657882e-01
4.689818964319496519e-01
4.685960115578844398e-01
4.682103475309372653e-01
4.678249042761982168e-01
4.674396817185804132e-01
4.670546797828211694e-01
4.666698983934822187e-01
4.662853374749506008e-01
4.659009969514389948e-01
4.655168767469866076e-01
4.651329767854596176e-01
4.647492969905516746e-01
4.643658372857848438e-01
4.639825975945099379e-01
4.635995778399070177e-01
4.632167779449864464e-01
4.628341978325890560e-01
4.624518374253868691e-01
4.620696966458837651e-01
4.616877754164161463e-01
4.613060736591532707e-01
4.609245912960981961e-01
4.605433282490879465e-01
4.601622844397945666e-01
4.597814597897254552e-01
4.594008542202239198e-01
4.590204676524698990e-01
4.586403000074805725e-01
4.582603512061107498e-01
4.578806211690537031e-01
4.575011098168415558e-01
4.571218170698461147e-01
4.567427428482791485e-01
4.563638870721932195e-01
4.559852496614820172e-01
4.556068305358813575e-01
4.552286296149692379e-01
4.548506468181668927e-01
4.544728820647390144e-01
4.540953352737946425e-01
4.537180063642874406e-01
4.533408952550164739e-01
4.529640018646267641e-01
4.525873261116097335e-01
4.522108679143039822e-01
4.518346271908957323e-01
4.514586038594193274e-01
4.510827978377580649e-01
4.507072090436444745e-01
4.503318373946610387e-01
4.499566828082407488e-01
4.495817452016677152e-01
4.492070244920776112e-01
4.488325205964583398e-01
4.484582334316505881e-01
4.480841629143482718e-01
4.477103089610992570e-01
4.473366714883059703e-01
4.469632504122256766e-01
4.465900456489713122e-01
4.462170571145118725e-01
4.458442847246731899e-01
4.454717283951381557e-01
4.450993880414476078e-01
4.447272635790006090e-01
4.443553549230552790e-01
4.439836619887291280e-01
4.436121846909996114e-01
4.432409229447049626e-01
4.428698766645442486e-01
4.424990457650784803e-01
4.421284301607306677e-01
4.417580297657867083e-01
4.413878444943957757e-01
4.410178742605708746e-01
4.406481189781894514e-01
4.402785785609937830e-01
4.399092529225918646e-01
4.395401419764574102e-01
4.391712456359309624e-01
4.388025638142200591e-01
4.384340964243997885e-01
4.380658433794136219e-01
4.376978045920735250e-01
4.373299799750609562e-01
4.369623694409269232e-01
4.365949729020929815e-01
4.362277902708512900e-01
4.358608214593656105e-01
4.354940663796715294e-01
4.351275249436770132e-01
4.347611970631631295e-01
4.343950826497843809e-01
4.340291816150693149e-01
4.336634938704209685e-01
4.332980193271175340e-01
4.329327578963128031e-01
4.325677094890366114e-01
4.322028740161955040e-01
4.318382513885731799e-01
4.314738415168310470e-01
4.311096443115086663e-01
4.307456596830244178e-01
4.303818875416757228e-01
4.300183277976400431e-01
4.296549803609748253e-01
4.292918451416184444e-01
4.289289220493906485e-01
4.285662109939927800e-01
4.282037118850087198e-01
4.278414246319050540e-01
4.274793491440316839e-01
4.271174853306223818e-01
4.267558331007954009e-01
4.263943923635536981e-01
4.260331630277856552e-01
4.256721450022654674e-01
4.253113381956538097e-01
4.249507425164981145e-01
4.245903578732332373e-01
4.242301841741819568e-01
4.238702213275553077e-01
4.235104692414533578e-01
4.231509278238653748e-01
4.227915969826705478e-01
4.224324766256385422e-01
4.220735666604297776e-01
4.217148669945959272e-01
4.213563775355806951e-01
4.209980981907200381e-01
4.206400288672426102e-01
4.202821694722705947e-01
4.199245199128198158e-01
4.195670800958005153e-01
4.192098499280175194e-01
4.188528293161711269e-01
4.184960181668572199e-01
4.181394163865679303e-01
4.177830238816922503e-01
4.174268405585161434e-01
4.170708663232234326e-01
4.167151010818959112e-01
4.163595447405141758e-01
4.160041972049578485e-01
4.156490583810061312e-01
4.152941281743382507e-01
4.149394064905341240e-01
4.145848932350744143e-01
4.142305883133415856e-01
4.138764916306197361e-01
4.135226030920956530e-01
4.131689226028588680e-01
4.128154500679022676e-01
4.124621853921227044e-01
4.121091284803211630e-01
4.117562792372035374e-01
4.114036375673807977e-01
4.110512033753697669e-01
4.106989765655932878e-01
4.103469570423808888e-01
4.099951447099692281e-01
4.096435394725024270e-01
4.092921412340325693e-01
4.089409498985203117e-01
4.085899653698351619e-01
4.082391875517560331e-01
4.078886163479715221e-01
4.075382516620807416e-01
4.071880933975933758e-01
4.068381414579302913e-01
4.064883957464241471e-01
4.061388561663194507e-01
4.057895226207735018e-01
4.054403950128564471e-01
4.050914732455518363e-01
4.047427572217571767e-01
4.043942468442843219e-01
4.040459420158598602e-01
4.036978426391255037e-01
4.033499486166388648e-01
4.030022598508733456e-01
4.026547762442191924e-01
4.023074976989834406e-01
4.019604241173906356e-01
4.016135554015831111e-01
4.012668914536215992e-01
4.009204321754853972e-01
4.005741774690732004e-01
4.002281272362031572e-01
3.998822813786134800e-01
3.995366397979628337e-01
3.991912023958308353e-01
3.988459690737183871e-01
3.985009397330482317e-01
3.981561142751651183e-01
3.978114926013366914e-01
3.974670746127533794e-01
3.971228602105291716e-01
3.967788492957021185e-01
3.964350417692342754e-01
3.960914375320127023e-01
3.957480364848495191e-01
3.954048385284824607e-01
3.950618435635751546e-01
3.947190514907178982e-01
3.943764622104275475e-01
3.940340756231484609e-01
3.936918916292524995e-01
3.933499101290397482e-01
3.930081310227387381e-01
3.926665542105068907e-01
3.923251795924310170e-01
3.919840070685276512e-01
3.916430365387434942e-01
3.913022679029558026e-01
3.909617010609728327e-01
3.906213359125342288e-01
3.902811723573113567e-01
3.899412102949078585e-01
3.896014496248599857e-01
3.892618902466369324e-01
3.889225320596413349e-01
3.885833749632096046e-01
3.882444188566125387e-01
3.879056636390553203e-01
3.875671092096782400e-01
3.872287554675570842e-01
3.868906023117033577e-01
3.865526496410647828e-01
3.862148973545256880e-01
3.858773453509074525e-01
3.855399935289688385e-01
3.852028417874063249e-01
3.848658900248546622e-01
3.845291381398870945e-01
3.841925860310159702e-01
3.838562335966927974e-01
3.835200807353089103e-01
3.831841273451958574e-01
3.828483733246256238e-01
3.825128185718110196e-01
3.821774629849063465e-01
3.818423064620073970e-01
3.815073489011521213e-01
3.811725902003207933e-01
3.808380302574366771e-01
3.805036689703660824e-01
3.801695062369189748e-01
3.798355419548493095e-01
3.795017760218553082e-01
3.791682083355799593e-01
3.788348387936112394e-01
3.785016672934827242e-01
3.781686937326738107e-01
3.778359180086099944e-01
3.775033400186635357e-01
3.771709596601534598e-01
3.768387768303462781e-01
3.765067914264560445e-01
3.761750033456450759e-01
3.758434124850240088e-01
3.755120187416522426e-01
3.751808220125384397e-01
3.748498221946407472e-01
3.745190191848671857e-01
3.741884128800761489e-01
3.738580031770764589e-01
3.735277899726281992e-01
3.731977731634425477e-01
3.728679526461825544e-01
3.725383283174632520e-01
3.722089000738521003e-01
3.718796678118693744e-01
3.715506314279885536e-01
3.712217908186364324e-01
3.708931458801938419e-01
3.705646965089957612e-01
3.702364426013316501e-01
3.699083840534460044e-01
3.695805207615384669e-01
3.692528526217643825e-01
3.689253795302350203e-01
3.685981013830179620e-01
3.682710180761373797e-01
3.679441295055746464e-01
3.676174355672682803e-01
3.672909361571146114e-01
3.669646311709679476e-01
3.666385205046410189e-01
3.663126040539053663e-01
3.659868817144913966e-01
3.656613533820891604e-01
3.653360189523482404e-01
3.650108783208784735e-01
3.646859313832501170e-01
3.643611780349940710e-01
3.640366181716024885e-01
3.637122516885288315e-01
3.633880784811884812e-01
3.630640984449587383e-01
3.627403114751795443e-01
3.624167174671534819e-01
3.620933163161463297e-01
3.617701079173872292e-01
3.614470921660691283e-01
3.611242689573490594e-01
3.608016381863484723e-01
3.604791997481536225e-01
3.601569535378157938e-01
3.598348994503516862e-01
3.595130373807437496e-01
3.591913672239404054e-01
3.588698888748566018e-01
3.585486022283738694e-01
3.582275071793407650e-01
3.579066036225732605e-01
3.575858914528549648e-01
3.572653705649374012e-01
3.569450408535404518e-01
3.566249022133526347e-01
3.563049545390313821e-01
3.559851977252033728e-01
3.556656316664648099e-01
3.553462562573818651e-01
3.550270713924907895e-01
3.547080769662984689e-01
3.543892728732825348e-01
3.540706590078916971e-01
3.537522352645461887e-01
3.534340015376379873e-01
3.531159577215310374e-01
3.527981037105617501e-01
3.524804393990391693e-01
3.521629646812453052e-01
3.518456794514354669e-01
3.515285836038385403e-01
3.512116770326572102e-01
3.508949596320685704e-01
3.505784312962240135e-01
3.502620919192497850e-01
3.499459413952472620e-01
3.496299796182931741e-01
3.493142064824399373e-01
3.489986218817160979e-01
3.486832257101262211e-01
3.483680178616517242e-01
3.480529982302507652e-01
3.477381667098587426e-01
3.474235231943884616e-01
3.471090675777304679e-01
3.467947997537535465e-01
3.464807196163045555e-01
3.461668270592092589e-01
3.458531219762721598e-01
3.455396042612770557e-01
3.452262738079872606e-01
3.449131305101458267e-01
3.446001742614759888e-01
3.442874049556812199e-01
3.439748224864457304e-01
3.436624267474346905e-01
3.433502176322943966e-01
3.430381950346526598e-01
3.427263588481191947e-01
3.424147089662856747e-01
3.421032452827261761e-01
3.417919676909974003e-01
3.414808760846388958e-01
3.411699703571734466e-01
3.408592504021072389e-01
3.405487161129303608e-01
3.402383673831166910e-01
3.399282041061245652e-01
3.396182261753967757e-01
3.393084334843611272e-01
3.389988259264303250e-01
3.386894033950026417e-01
3.383801657834618615e-01
3.380711129851777796e-01
3.377622448935063693e-01
3.374535614017900587e-01
3.371450624033580090e-01
3.368367477915265029e-01
3.365286174595988333e-01
3.362206713008660808e-01
3.359129092086070023e-01
3.356053310760884756e-01
3.352979367965656654e-01
3.349907262632823568e-01
3.346836993694712326e-01
3.343768560083539287e-01
3.340701960731416453e-01
3.337637194570352017e-01
3.334574260532252032e-01
3.331513157548924853e-01
3.328453884552083353e-01
3.325396440473346038e-01
3.322340824244242041e-01
3.319287034796211122e-01
3.316235071060608663e-01
3.313184931968706226e-01
3.310136616451694880e-01
3.307090123440687424e-01
3.304045451866722272e-01
3.301002600660764008e-01
3.297961568753706718e-01
3.294922355076377318e-01
3.291884958559536667e-01
3.288849378133882895e-01
3.285815612730053625e-01
3.282783661278628196e-01
3.279753522710130986e-01
3.276725195955032532e-01
3.273698679943753409e-01
3.270673973606665896e-01
3.267651075874096200e-01
3.264629985676327228e-01
3.261610701943601365e-01
3.258593223606122691e-01
3.255577549594058095e-01
3.252563678837541716e-01
3.249551610266676605e-01
3.246541342811535835e-01
3.243532875402167504e-01
3.240526206968593614e-01
3.237521336440816189e-01
3.234518262748817263e-01
3.231516984822561112e-01
3.228517501591998129e-01
3.225519811987065943e-01
3.222523914937692191e-01
3.219529809373796736e-01
3.216537494225293892e-01
3.213546968422095751e-01
3.210558230894112186e-01
3.207571280571255290e-01
3.204586116383441041e-01
3.201602737260591525e-01
3.198621142132637152e-01
3.195641329929517771e-01
3.192663299581188774e-01
3.189687050017617764e-01
3.186712580168791220e-01
3.183739888964715048e-01
3.180768975335416804e-01
3.177799838210949024e-01
3.174832476521388669e-01
3.171866889196843231e-01
3.168903075167450178e-01
3.165941033363378621e-01
3.162980762714834859e-01
3.160022262152061279e-01
3.157065530605339676e-01
3.154110567004994592e-01
3.151157370281393311e-01
3.148205939364949746e-01
3.145256273186125551e-01
3.142308370675432339e-01
3.139362230763435013e-01
3.136417852380752880e-01
3.133475234458061309e-01
3.130534375926095070e-01
3.127595275715649992e-01
3.124657932757584633e-01
3.121722345982821945e-01
3.118788514322353711e-01
3.115856436707240551e-01
3.112926112068613027e-01
3.109997539337677197e-01
3.107070717445714059e-01
3.104145645324081215e-01
3.101222321904217316e-01
3.098300746117642057e-01
3.095380916895958956e-01
3.092462833170857572e-01
3.089546493874115174e-01
3.086631897937598401e-01
3.083719044293267153e-01
3.080807931873173477e-01
3.077898559609466567e-01
3.074990926434393312e-01
3.072085031280299972e-01
3.069180873079634941e-01
3.066278450764951535e-01
3.063377763268906873e-01
3.060478809524267430e-01
3.057581588463909039e-01
3.054686099020819112e-01
3.051792340128098857e-01
3.048900310718965501e-01
3.046010009726752843e-01
3.043121436084915143e-01
3.040234588727027121e-01
3.037349466586787838e-01
3.034466068598021260e-01
3.031584393694677915e-01
3.028704440810838228e-01
3.025826208880713075e-01
3.022949696838646561e-01
3.020074903619116569e-01
3.017201828156738652e-01
3.014330469386266587e-01
3.011460826242593480e-01
3.008592897660756216e-01
3.005726682575934339e-01
3.002862179923454500e-01
2.999999388638789899e-01
2.997138307657564171e-01
2.994278935915551387e-01
2.991421272348679383e-01
2.988565315893031427e-01
2.985711065484847326e-01
2.982858520060524543e-01
2.980007678556622630e-01
2.977158539909862123e-01
2.974311103057127870e-01
2.971465366935471253e-01
2.968621330482109633e-01
2.965778992634430788e-01
2.962938352329994030e-01
2.960099408506530194e-01
2.957262160101946091e-01
2.954426606054323390e-01
2.951592745301923060e-01
2.948760576783185372e-01
2.945930099436732674e-01
2.943101312201368835e-01
2.940274214016085907e-01
2.937448803820059129e-01
2.934625080552654142e-01
2.931803043153426436e-01
2.928982690562123015e-01
2.926164021718684616e-01
2.923347035563246821e-01
2.920531731036142276e-01
2.917718107077901801e-01
2.914906162629256614e-01
2.912095896631140546e-01
2.909287308024688934e-01
2.906480395751244172e-01
2.903675158752354601e-01
2.900871595969776728e-01
2.898069706345477448e-01
2.895269488821635706e-01
2.892470942340643614e-01
2.889674065845106998e-01
2.886878858277849291e-01
2.884085318581912083e-01
2.881293445700556233e-01
2.878503238577264645e-01
2.875714696155741712e-01
2.872927817379917204e-01
2.870142601193947374e-01
2.867359046542215517e-01
2.864577152369334190e-01
2.861796917620146319e-01
2.859018341239727423e-01
2.856241422173387279e-01
2.853466159366671029e-01
2.850692551765359739e-01
2.847920598315473728e-01
2.845150297963273123e-01
2.842381649655260079e-01
2.839614652338178780e-01
2.836849304959019324e-01
2.834085606465015506e-01
2.831323555803652026e-01
2.828563151922658947e-01
2.825804393770020018e-01
2.823047280293969341e-01
2.820291810442994151e-01
2.817537983165838700e-01
2.814785797411500923e-01
2.812035252129238549e-01
2.809286346268568546e-01
2.806539078779268226e-01
2.803793448611376360e-01
2.801049454715197617e-01
2.798307096041299791e-01
2.795566371540518236e-01
2.792827280163956427e-01
2.790089820862985959e-01
2.787353992589250984e-01
2.784619794294666550e-01
2.781887224931422486e-01
2.779156283451982845e-01
2.776426968809088680e-01
2.773699279955759156e-01
2.770973215845291548e-01
2.768248775431264019e-01
2.765525957667538393e-01
2.762804761508257934e-01
2.760085185907851235e-01
2.757367229821033883e-01
2.754650892202806789e-01
2.751936172008462300e-01
2.749223068193581421e-01
2.746511579714036033e-01
2.743801705525993340e-01
2.741093444585911421e-01
2.738386795850547006e-01
2.735681758276951037e-01
2.732978330822474211e-01
2.730276512444766990e-01
2.727576302101778483e-01
2.724877698751762556e-01
2.722180701353273946e-01
2.719485308865174367e-01
2.716791520246629177e-01
2.714099334457112933e-01
2.711408750456407724e-01
2.708719767204604834e-01
2.706032383662108631e-01
2.703346598789633792e-01
2.700662411548209185e-01
2.697979820899178982e-01
2.695298825804203213e-01
2.692619425225258323e-01
2.689941618124641054e-01
2.687265403464966229e-01
2.684590780209171190e-01
2.681917747320514134e-01
2.679246303762577996e-01
2.676576448499269900e-01
2.673908180494822262e-01
2.671241498713795570e-01
2.668576402121078939e-01
2.665912889681888998e-01
2.663250960361775443e-01
2.660590613126618820e-01
2.657931846942632736e-01
2.655274660776364981e-01
2.652619053594699183e-01
2.649965024364855926e-01
2.647312572054392188e-01
2.644661695631205234e-01
2.642012394063532055e-01
2.639364666319950481e-01
2.636718511369381401e-01
2.634073928181089319e-01
2.631430915724682906e-01
2.628789472970116115e-01
2.626149598887692060e-01
2.623511292448059140e-01
2.620874552622217135e-01
2.618239378381514992e-01
2.615605768697653599e-01
2.612973722542686339e-01
2.610343238889020201e-01
2.607714316709416336e-01
2.605086954976993385e-01
2.602461152665224708e-01
2.599836908747943931e-01
2.597214222199341616e-01
2.594593091993970813e-01
2.591973517106743730e-01
2.589355496512936172e-01
2.586739029188186434e-01
2.584124114108499182e-01
2.581510750250242126e-01
2.578898936590150459e-01
2.576288672105328525e-01
2.573679955773246486e-01
2.571072786571746982e-01
2.568467163479041249e-01
2.565863085473714111e-01
2.563260551534721210e-01
2.560659560641393440e-01
2.558060111773436951e-01
2.555462203910932040e-01
2.552865836034336477e-01
2.550271007124487732e-01
2.547677716162599082e-01
2.545085962130265722e-01
2.542495744009463099e-01
2.539907060782549131e-01
2.537319911432263653e-01
2.534734294941730637e-01
2.532150210294458748e-01
2.529567656474343007e-01
2.526986632465664795e-01
2.524407137253092959e-01
2.521829169821685479e-01
2.519252729156889470e-01
2.516677814244542843e-01
2.514104424070874866e-01
2.511532557622507822e-01
2.508962213886456460e-01
2.506393391850131325e-01
2.503826090501337087e-01
2.501260308828274215e-01
2.498696045819541744e-01
2.496133300464135618e-01
2.493572071751451458e-01
2.491012358671284288e-01
2.488454160213829924e-01
2.485897475369686360e-01
2.483342303129853490e-01
2.480788642485735607e-01
2.478236492429140569e-01
2.475685851952281746e-01
2.473136720047779125e-01
2.470589095708659311e-01
2.468042977928356363e-01
2.465498365700714289e-01
2.462955258019985938e-01
2.460413653880835216e-01
2.457873552278336537e-01
2.455334952207977595e-01
2.452797852665658807e-01
2.450262252647694428e-01
2.447728151150813658e-01
2.445195547172161199e-01
2.442664439709298640e-01
2.440134827760204739e-01
2.437606710323275694e-01
2.435080086397328203e-01
2.432554954981597239e-01
2.430031315075739662e-01
2.427509165679832825e-01
2.424988505794377081e-01
2.422469334420295495e-01
2.419951650558934964e-01
2.417435453212067598e-01
2.414920741381890168e-01
2.412407514071026327e-01
2.409895770282527161e-01
2.407385509019870362e-01
2.404876729286963832e-01
2.402369430088143742e-01
2.399863610428177030e-01
2.397359269312261676e-01
2.394856405746026984e-01
2.392355018735535521e-01
2.389855107287282010e-01
2.387356670408196380e-01
2.384859707105642934e-01
2.382364216387421463e-01
2.379870197261768072e-01
2.377377648737356020e-01
2.374886569823296267e-01
2.372396959529138316e-01
2.369908816864871592e-01
2.367422140840924338e-01
2.364936930468166387e-01
2.362453184757908886e-01
2.359970902721904851e-01
2.357490083372350831e-01
2.355010725721886355e-01
2.352532828783595598e-01
2.350056391571007930e-01
2.347581413098097924e-01
2.345107892379287018e-01
2.342635828429443789e-01
2.340165220263884793e-01
2.337696066898374558e-01
2.335228367349127254e-01
2.332762120632806968e-01
2.330297325766527983e-01
2.327833981767856719e-01
2.325372087654810349e-01
2.322911642445859570e-01
2.320452645159928051e-01
2.317995094816392987e-01
2.315538990435087041e-01
2.313084331036297514e-01
2.310631115640767730e-01
2.308179343269697592e-01
2.305729012944744416e-01
2.303280123688022929e-01
2.300832674522106658e-01
2.298386664470028484e-01
2.295942092555280367e-01
2.293498957801815563e-01
2.291057259234047794e-01
2.288616995876852633e-01
2.286178166755567509e-01
2.283740770895993644e-01
2.281304807324394668e-01
2.278870275067499396e-01
2.276437173152500715e-01
2.274005500607056973e-01
2.271575256459292536e-01
2.269146439737798615e-01
2.266719049471632996e-01
2.264293084690321700e-01
2.261868544423858707e-01
2.259445427702707065e-01
2.257023733557799450e-01
2.254603461020538435e-01
2.252184609122797609e-01
2.249767176896921295e-01
2.247351163375726213e-01
2.244936567592500654e-01
2.242523388581006694e-01
2.240111625375479365e-01
2.237701277010628043e-01
2.235292342521636999e-01
2.232884820944165127e-01
2.230478711314347329e-01
2.228074012668794790e-01
2.225670724044595261e-01
2.223268844479314721e-01
2.220868373010995989e-01
2.218469308678160945e-01
2.216071650519810532e-01
2.213675397575424475e-01
2.211280548884963781e-01
2.208887103488868797e-01
2.206495060428061983e-01
2.204104418743946525e-01
2.201715177478408003e-01
2.199327335673815220e-01
2.196940892373019649e-01
2.194555846619355988e-01
2.192172197456644100e-01
2.189789943929187632e-01
2.187409085081775950e-01
2.185029619959683589e-01
2.182651547608671916e-01
2.180274867074988576e-01
2.177899577405368048e-01
2.175525677647032752e-01
2.173153166847693329e-01
2.170782044055548643e-01
2.168412308319286885e-01
2.166043958688085858e-01
2.163676994211613247e-01
2.161311413940026904e-01
2.158947216923975954e-01
2.156584402214601071e-01
2.154222968863534482e-01
2.151862915922900799e-01
2.149504242445317292e-01
2.147146947483894452e-01
2.144791030092237094e-01
2.142436489324443250e-01
2.140083324235106110e-01
2.137731533879313472e-01
2.135381117312648847e-01
2.133032073591191735e-01
2.130684401771517356e-01
2.128338100910698028e-01
2.125993170066303728e-01
2.123649608296401259e-01
2.121307414659555635e-01
2.118966588214830638e-01
2.116627128021788817e-01
2.114289033140491214e-01
2.111952302631499856e-01
2.109616935555876094e-01
2.107282930975181712e-01
2.104950287951479204e-01
2.102619005547333442e-01
2.100289082825809728e-01
2.097960518850476297e-01
2.095633312685403482e-01
2.093307463395164270e-01
2.090982970044835965e-01
2.088659831699998248e-01
2.086338047426735398e-01
2.084017616291636565e-01
2.081698537361794665e-01
2.079380809704808875e-01
2.077064432388783244e-01
2.074749404482328086e-01
2.072435725054559419e-01
2.070123393175100912e-01
2.067812407914082218e-01
2.065502768342141471e-01
2.063194473530423068e-01
2.060887522550581274e-01
2.058581914474777175e-01
2.056277648375681721e-01
