0.000000000000000000e+00
6.857458174636121839e-07
4.984214001524378546e-07
1.036540538734698202e-06
5.052888582213199697e-06
6.201574819897359703e-06
7.755276442367176060e-06
8.102252195385517552e-06
1.080375955098134000e-05
1.633872966522176284e-05
1.993540104194835294e-05
1.732729253944853554e-05
3.304771939838246908e-05
3.136444547635619529e-05
3.456954959801805671e-05
2.913625326073088218e-05
3.137861619961768156e-05
3.229626099710003473e-05
3.612749833337147720e-05
5.454308200114610372e-05
6.604909117413626518e-05
5.585615099334972911e-05
6.717128053423948586e-05
6.598300160476355813e-05
5.771790335984405829e-05
5.813223765471775550e-05
4.810394602827727795e-05
3.296530212537618354e-05
2.561791939115209971e-05
9.623627988730731886e-06
6.390528255906247068e-06
3.152974284148513107e-05
5.787867110029765172e-05
7.556316086265724152e-05
7.032036512555350782e-05
4.864046240982133895e-05
7.078846556396456435e-05
7.765824420857825316e-05
1.306110775658453349e-04
1.871952704277646262e-04
1.820381269226345466e-04
2.206190263223106740e-04
1.859333643778882106e-04
2.253737560522495187e-04
1.836729921933510923e-04
1.724785829537722748e-04
2.071357937438733643e-04
2.613571748497633962e-04
1.555616730684050708e-04
2.332586971078853821e-04
2.250544029038792360e-04
2.175111560518416809e-04
2.114505012968947995e-04
1.343129912356744171e-04
2.175006624156594626e-04
1.625263256528342026e-04
2.217248186298093060e-04
2.675318742149102036e-04
3.859990792989265174e-04
2.576073982254456496e-04
1.732458476908504963e-04
1.909679124310059706e-04
1.857454401488212170e-04
3.417357884245575406e-04
3.536557530878781108e-04
3.456604133589280536e-04
1.397213759446458425e-04
4.674080355471232906e-05
2.362549139434122480e-06
1.354357034415443195e-04
3.413917604575544829e-04
4.456201584162045037e-04
3.689067698360304348e-04
4.027133263662108220e-04
8.104233393169124611e-04
8.097389606973592890e-04
8.058445209826459177e-04
8.274791648545942735e-04
7.260803349709021859e-04
7.783041082802810706e-04
6.498771274436876411e-04
8.962765018623031210e-04
8.575132660553208552e-04
7.978070163972006412e-04
4.444104386038816301e-04
2.310018198841135018e-04
1.717955010462901555e-04
3.338300784889725037e-04
3.858888160266360501e-04
3.199198931724822614e-04
3.719041048952931305e-04
3.756155888368084561e-05
4.524180098997021560e-05
3.292391327249788446e-04
3.798815623667906038e-05
1.547033921269758139e-04
3.521919252307270654e-04
1.962480489510198822e-04
6.925509446773503441e-04
1.044268648229262908e-03
1.089948328626633156e-03
1.421747517497351510e-03
1.537095048661285546e-03
1.545692867921388824e-03
1.701246387028731988e-03
1.610650773272936931e-03
1.858005764916015323e-03
2.043043042704084655e-03
1.242827054738881998e-03
1.168776525901193963e-03
1.589624542248202488e-03
2.242672443344417843e-03
2.092343120466466644e-03
2.407816605455082026e-03
2.441162482909930986e-03
2.390345502590207616e-03
3.160500943295119214e-03
3.640651863406674238e-03
4.053922838465950917e-03
4.128853552856526221e-03
4.020158239882221096e-03
4.486339757477253443e-03
4.304508838458787068e-03
4.241174381149903638e-03
3.560828004538052483e-03
2.970303578422317514e-03
4.273423882295901421e-03
3.494497465226231725e-03
2.873600396696929238e-03
2.959253262133643148e-03
2.785728891240069061e-03
2.929522201384315849e-03
3.752350469085286022e-03
3.300040383237501374e-03
3.521137735106094624e-03
4.724920194348669611e-03
4.838968900457985001e-03
5.285928209559642710e-03
4.967893832372283214e-03
4.652317357340507442e-03
5.642308345386481960e-03
4.575955312930091168e-03
5.453313168573004077e-03
5.702211907646415057e-03
6.736065166705884621e-03
6.227324170822612359e-03
5.701554580355150392e-03
5.106754194002860459e-03
4.629477456319364137e-03
5.005057682410551934e-03
5.659601199340613675e-03
5.189640379057891550e-03
5.325157989091167110e-03
4.799729273599950830e-03
5.983808574001159286e-03
5.424354686510923784e-03
5.798364734573624446e-03
5.328998752247571247e-03
4.733827862082762294e-03
5.320084035929539823e-03
6.534673949545322102e-03
6.830077406903001247e-03
6.590914113075996283e-03
5.750151689653648646e-03
5.670559504096672754e-03
4.936739844424664625e-03
5.248121274689765414e-03
4.742618063346526469e-03
5.347257397943394608e-03
5.189707267618359765e-03
5.671710760452697286e-03
6.139452739262196701e-03
5.155701187959493836e-03
5.660235965933679836e-03
6.322195021539300797e-03
5.256841974414783181e-03
5.727815577984074480e-03
5.750316255216603167e-03
5.789987873413338093e-03
6.135194023272561026e-03
5.875362463939381996e-03
7.054913072579438449e-03
7.661254355980418040e-03
8.176901145588999498e-03
7.048005843898863532e-03
7.450452459579537390e-03
7.231222690734284697e-03
8.279471011064742925e-03
7.858055178303402499e-03
7.756535056159918895e-03
6.828804518818287761e-03
5.480736362869720324e-03
5.549596416130953003e-03
6.440597773234912893e-03
6.439925270342428121e-03
5.595491183839840232e-03
5.153202313977089943e-03
5.796272878797026351e-03
5.608928745232333313e-03
7.308690320542154950e-03
7.277051996652517118e-03
4.855099869018886238e-03
3.091615718176399241e-03
5.891429426128524938e-03
5.532774893026726204e-03
5.180588808116226573e-03
3.956797600267236703e-03
3.687888686044971109e-03
6.150633165589169948e-03
6.864422586204455001e-03
7.145751586222104379e-03
6.230716088111876161e-03
8.016799483812064864e-03
8.802680860753753223e-03
7.876675887700912426e-03
1.121294140216377855e-02
1.316356226789139328e-02
1.393039000026874419e-02
1.389266944647715718e-02
1.442564001172286225e-02
1.449901342448356445e-02
1.297923728657224274e-02
1.229709461563288642e-02
1.296357631099454011e-02
1.216427325380209368e-02
9.805727044067680254e-03
1.150318632221569715e-02
1.232526904595943051e-02
1.258461716201964009e-02
1.224644007743336260e-02
1.263819216637784848e-02
1.627726835863541055e-02
1.522403921171644470e-02
1.516128207481415302e-02
1.466579047701088712e-02
1.981807474226116028e-02
2.010567534239271481e-02
2.263958987919068022e-02
2.304661855168887996e-02
2.270058093745319638e-02
2.348391334840016498e-02
2.467360986793210031e-02
2.580761926697050512e-02
2.791701260298395937e-02
2.796253795713710133e-02
3.017427123063498584e-02
3.316791965266929765e-02
3.326455440287645615e-02
3.123731815981045656e-02
3.304133157803335052e-02
3.434927711987256771e-02
3.436663445768317615e-02
3.668539343743759673e-02
3.558404020282068814e-02
3.683539242433653271e-02
3.703534536521146947e-02
3.999338297717258683e-02
4.094700107202697836e-02
4.084386447925680841e-02
4.160239394673226343e-02
4.199957226796868781e-02
4.132488823665880773e-02
4.237300270938249014e-02
4.928007711168902460e-02
4.855223993172330665e-02
5.114798600743597490e-02
5.182647175888632773e-02
5.116501402972062351e-02
5.596984536350646522e-02
5.521656106566297240e-02
5.631690040354442317e-02
6.027441618971352000e-02
6.263914876672060927e-02
6.596680037705482391e-02
6.907255319538307958e-02
7.013869283764506690e-02
7.050874510173343879e-02
7.329778642747442063e-02
7.700396906398054853e-02
7.485512775633651472e-02
7.351349256919093023e-02
7.904744275424491207e-02
7.865071016772162693e-02
8.011040366636734689e-02
7.802541800015205808e-02
7.696459969542956969e-02
7.611200366955017671e-02
7.832996987326623639e-02
7.963548468728731677e-02
8.371859876319831528e-02
8.829002742049851804e-02
9.015059662374369509e-02
9.106263415105786407e-02
9.057480070805468131e-02
9.425906302612929721e-02
9.365775611968274461e-02
9.338660472531046253e-02
9.425640582230698783e-02
9.834476477203679678e-02
9.611081602906779153e-02
9.440306341298310144e-02
9.668093504797070636e-02
9.953690968586670351e-02
9.703460828541210503e-02
9.912258273766383354e-02
1.022720999321791169e-01
1.028076818540739623e-01
1.083016160109764314e-01
1.097337847609196615e-01
1.128307152530396706e-01
1.086039530725884106e-01
1.159137350116452581e-01
1.153709243274079199e-01
1.162932687036573043e-01
1.211251058061861841e-01
1.167280055942683248e-01
1.143446368546392478e-01
1.123126651204984228e-01
1.163530004876065505e-01
1.170339273244280776e-01
1.210317733639385551e-01
1.231478191564292501e-01
1.210565280766786600e-01
1.225720923109747673e-01
1.254575105112962774e-01
1.198912136460421607e-01
1.226680861041131720e-01
1.201826385247386497e-01
1.164147066710938816e-01
1.207938450493202254e-01
1.174977001646766439e-01
1.195075811808692379e-01
1.194915558519369370e-01
1.191112047599744983e-01
1.183292977348173736e-01
1.199960927599477145e-01
1.175433761977728864e-01
1.170975604090926936e-01
1.169646955181633530e-01
1.210485979208897334e-01
1.212895177570771921e-01
1.223709576468081650e-01
1.230364823957188491e-01
1.194213430842410162e-01
1.209613506405275984e-01
1.154671314350252942e-01
1.118654880244775995e-01
1.128360425975643011e-01
1.200782934654398559e-01
1.174049946687318879e-01
1.194332461147951108e-01
1.222547033764840307e-01
1.211689935894355585e-01
1.191789797346700652e-01
1.219542564397215756e-01
1.211629580482167512e-01
1.191504110959158425e-01
1.175319371768637211e-01
1.252950957757548167e-01
1.229583555493718450e-01
1.213728021891711251e-01
1.204286308714017650e-01
1.278721434348426556e-01
1.253229186897897307e-01
1.292025487837236142e-01
1.302157554437144427e-01
1.364245326124091662e-01
1.387395517547247437e-01
1.414887714620363113e-01
1.376580308174197853e-01
1.405970467828865367e-01
1.428708260009443620e-01
1.445763116416856064e-01
1.412431394280702079e-01
1.368301859729399439e-01
1.300346965108474251e-01
1.281466066084249178e-01
1.292126211253616930e-01
1.292873392978890479e-01
1.319356816197796434e-01
1.343936080181720172e-01
1.413800821931090468e-01
1.434396276570168993e-01
1.458448079808931652e-01
1.414550716388021101e-01
1.436311081981784810e-01
1.478366318399366719e-01
1.550008813171643851e-01
1.555430021987831424e-01
1.574329929023861041e-01
1.641736419437620498e-01
1.652807733332792850e-01
1.683400219692430255e-01
1.671805467040030635e-01
1.672005875443574041e-01
1.719418044622216257e-01
1.692486726301467570e-01
1.713197368194414594e-01
1.800498022214469529e-01
1.802749183316336712e-01
1.819154010920556175e-01
1.827662669768415071e-01
1.855671239570710895e-01
1.880868549085334962e-01
1.860808400035693921e-01
1.844877462731346895e-01
1.968177261455821281e-01
1.984341200725339149e-01
2.032481739274771826e-01
1.986264408672013815e-01
2.002710974629735574e-01
1.985266263186531432e-01
1.971888444575142785e-01
1.894305325376990368e-01
1.872626905314973556e-01
1.921000332411040290e-01
1.901878772910094995e-01
1.834008742712285311e-01
1.821572577252936753e-01
1.732000161048290465e-01
1.773464255600174511e-01
1.734699286889735959e-01
1.677868662511627917e-01
1.792507181885412137e-01
1.755008803704640741e-01
1.773252642681200086e-01
1.773652543877233256e-01
1.764151177187613939e-01
1.731757202685457742e-01
1.752917014432568976e-01
1.755686526757926913e-01
1.773829885455597832e-01
1.800690471370671730e-01
1.860927962334244512e-01
1.775524484285142535e-01
1.848661281942440837e-01
1.985902768506093707e-01
1.979260894138406002e-01
2.040545450813624484e-01
1.988414574277612701e-01
2.009481894147029379e-01
2.054837507303091115e-01
2.097093430331824493e-01
2.193712433381733717e-01
2.141518362775514106e-01
2.104869373952169553e-01
2.144285067486180196e-01
2.132868689047882071e-01
2.184087444945816969e-01
2.141519636327302578e-01
2.211853395504022046e-01
2.352877987625561218e-01
2.362897718455769791e-01
2.459540708948679821e-01
2.432549022280454665e-01
2.394864050388605392e-01
2.443204231474283006e-01
2.487000069004352554e-01
2.512661994167046942e-01
2.594835460261037952e-01
2.570242543440599547e-01
2.721936088100846973e-01
2.686666820106893283e-01
2.616318701443560713e-01
2.697198064749954938e-01
2.666727395555881230e-01
2.654433537090881146e-01
2.715246665416088945e-01
2.762860700599958363e-01
2.719806963493738294e-01
2.718897333056702337e-01
2.689439855407727009e-01
2.702653814558289014e-01
2.743212795251110947e-01
2.744959188780740078e-01
2.752509852437015070e-01
2.838777389270035201e-01
2.909175392096585711e-01
2.956866940676263766e-01
3.040990977017372643e-01
3.279222600797311316e-01
3.456741930021962617e-01
3.504303914755837468e-01
3.503753649895315903e-01
3.507496961622109666e-01
3.482593877022281958e-01
3.575293676105957275e-01
3.591513039875735558e-01
3.561236824330080708e-01
3.605398831871298171e-01
3.693178774974512635e-01
3.740488022901899967e-01
3.738544230866409634e-01
3.689038105401323264e-01
3.656004660078906454e-01
3.728511747021912015e-01
3.734537297229962860e-01
3.687462696675538609e-01
3.688749222283149720e-01
3.775077879663513158e-01
3.723969843324539397e-01
3.763790138655167539e-01
3.786492702256509801e-01
3.910435221428087971e-01
3.911400118274741544e-01
3.996341868280524068e-01
4.050292607919345755e-01
4.013271582789457170e-01
4.136043339215120795e-01
4.148528594130311831e-01
4.172577439269389288e-01
4.197698614200362499e-01
4.270437071288597508e-01
4.190800678409232205e-01
4.178868979950038920e-01
4.172555690220178803e-01
4.277674786847001087e-01
4.438004904845911369e-01
4.509834732127728785e-01
4.493156986382018658e-01
4.681144610169667430e-01
4.673144179587325198e-01
4.629443302148956718e-01
4.640972790514297230e-01
4.671459052333375439e-01
4.712670655801503017e-01
4.786694886290661088e-01
4.840978396730406530e-01
4.893359659859015665e-01
4.851015616491167748e-01
4.755814039463075460e-01
4.800532577189642325e-01
4.769982534230621241e-01
4.717237756517533853e-01
4.715680260082990571e-01
4.636594492676522350e-01
4.662035192395705963e-01
4.821926045322015852e-01
4.776612592888795916e-01
4.717330018659140478e-01
4.801371918231325253e-01
4.797955344622550911e-01
4.847476136599198071e-01
4.925515806592102308e-01
4.883618395385838085e-01
4.901008966323843197e-01
4.850837822436915303e-01
4.802950735222566436e-01
4.847360838884924306e-01
4.879040339856146602e-01
4.910791965683074523e-01
4.901218353384138027e-01
4.851666578911135730e-01
4.849214568816933024e-01
4.806147281910853053e-01
4.823876751736406732e-01
4.764921132452855090e-01
4.752137052651050908e-01
4.726450452301378391e-01
4.868013115476514940e-01
4.739818803045636741e-01
4.814566743614250299e-01
4.828928220954367134e-01
5.009595440844805125e-01
5.144745614986732107e-01
5.208309278343676851e-01
5.387114824472973851e-01
5.376039859891079686e-01
5.336602915697312710e-01
5.349035641766022309e-01
5.436904158432298573e-01
5.496289561883713759e-01
5.409054380254474381e-01
5.467193963734189310e-01
5.421738132122300158e-01
5.450812462415797199e-01
5.532230671039997105e-01
5.505936896418006654e-01
5.352758110739159747e-01
5.438925519763415650e-01
5.436183498447917373e-01
5.466111672537863342e-01
5.465769819463730528e-01
5.547937672426996869e-01
5.543106022464598936e-01
5.626886581901544560e-01
5.733977565917030006e-01
5.715528357527546177e-01
5.766980263751975144e-01
5.755273464919810067e-01
5.824197025453941023e-01
5.717702764602563548e-01
5.568587645823299681e-01
5.709346544003892632e-01
6.010456115386659803e-01
6.075933135189188761e-01
6.119532376101233240e-01
6.273283794969302107e-01
6.143485124971448386e-01
6.139133156882508047e-01
6.114166584809481719e-01
6.267546394578857871e-01
6.259541477054426650e-01
6.225296293605424580e-01
6.106878709481406986e-01
6.152415360522809351e-01
6.069793692790881323e-01
5.974307582318942877e-01
6.186734967152460740e-01
6.110722883288417506e-01
6.191575640093560651e-01
6.079837533675345185e-01
6.121869039757257269e-01
6.001665379503720033e-01
6.274931540833676991e-01
6.318577356953483104e-01
6.268833748820270557e-01
6.202330110984348721e-01
6.218386210437074624e-01
6.419016872407610208e-01
6.631449128640269919e-01
6.627056242411981657e-01
6.859847309128781490e-01
6.810030887922948750e-01
6.746896177417056606e-01
6.854606102067464235e-01
6.974265349315373896e-01
6.988121960266653332e-01
7.150735441932738468e-01
7.271153328806576610e-01
7.197540726567694946e-01
7.200656034931398608e-01
7.106202974098323466e-01
7.059680037928046659e-01
7.225404816208538250e-01
7.228968909116701980e-01
7.051086403996578156e-01
7.123916954899414122e-01
7.359349593409660883e-01
7.392122372236826777e-01
7.310296367284081498e-01
7.309838257174305909e-01
7.412943494978208037e-01
7.519560924056349904e-01
7.419051112294710038e-01
7.510496748257082800e-01
7.438799004562497430e-01
7.431850724365176575e-01
7.361767349659658066e-01
7.356690881240410818e-01
7.193993716400655103e-01
7.078729725344601320e-01
7.233256759268442693e-01
7.327849569653608341e-01
7.267781358818865556e-01
7.284126574891160999e-01
7.313094676985656406e-01
7.223038636482215225e-01
7.237521245451716823e-01
7.195967376728731324e-01
7.087993948543953593e-01
7.009301513653554139e-01
7.083969650909693883e-01
7.320171120215945848e-01
7.269760571521146630e-01
7.125334130205374095e-01
7.212346653579970734e-01
7.175922130941216892e-01
7.222888933661124611e-01
7.200104149603703263e-01
7.194885958192571707e-01
7.244330897083273157e-01
7.481533467341705546e-01
7.433493951386935805e-01
7.403590438211722358e-01
7.449533142400923680e-01
7.539868014173407573e-01
7.674787854095939110e-01
7.872527864992662217e-01
8.190416516783898260e-01
8.384110546357987914e-01
8.581039088164743589e-01
8.571501346152672340e-01
8.507703333064000617e-01
8.754999400630367745e-01
8.721263121351512382e-01
8.532387922086854815e-01
8.443252364879754168e-01
8.324657645637216774e-01
8.518790864109178074e-01
8.675283342690818245e-01
8.583724050818091200e-01
8.656101207529900421e-01
8.662109645663349511e-01
8.678090957050699217e-01
8.874026219905317703e-01
8.944335706592028146e-01
9.002832348587617162e-01
9.109426162146974093e-01
8.919909662265581574e-01
9.048451152145844389e-01
9.103462720902371075e-01
9.103587192034865438e-01
9.008518067114437144e-01
8.889637883301020338e-01
8.958217365461678128e-01
9.117134491941669694e-01
9.387848113901782199e-01
9.379678601567320584e-01
9.136576647479159874e-01
9.314266865192166733e-01
9.274664935369401064e-01
9.302897415461757191e-01
9.384213804989940400e-01
9.579813601383193600e-01
9.695119890066052903e-01
9.945995394421061064e-01
9.939179453792803542e-01
9.697291717543521372e-01
9.839919101630130172e-01
9.683274630986034026e-01
9.627893931610742584e-01
9.764169956752084545e-01
9.833143552775709395e-01
1.023735578191462992e+00
1.045134422094633919e+00
1.034999440626506839e+00
1.028797159747000478e+00
1.039150293184093243e+00
1.031741892515810832e+00
1.038695848206998562e+00
1.042354191880349390e+00
1.057852826829957849e+00
1.061236316040549355e+00
1.076383925364552852e+00
1.073237505478800813e+00
1.087894964058023106e+00
1.095744634260199746e+00
1.117536087072949158e+00
1.121333717235529548e+00
1.109842848863763720e+00
1.124116409871930955e+00
1.125252123394147930e+00
1.114412090566020197e+00
1.123849397662070260e+00
1.132253840419480184e+00
1.166647780546554714e+00
1.153886646329965515e+00
1.157840143246403386e+00
1.185691077340607080e+00
1.205496759475408908e+00
1.210763516303359211e+00
1.184104644415356233e+00
1.197490476771235990e+00
1.195542660386763600e+00
1.197611236174225269e+00
1.202949060695800654e+00
1.212985523768793428e+00
1.226267940060552064e+00
1.215252841961728336e+00
1.217171596908428910e+00
1.210270898087628666e+00
1.215817530168578742e+00
1.206373980382295485e+00
1.206574271898716688e+00
1.235957304626481346e+00
1.231613918926541373e+00
1.253624509663723074e+00
1.278757515971847170e+00
1.279083092211294570e+00
1.287924708008404195e+00
1.275462566087071536e+00
1.291665234528409201e+00
1.306096729916362165e+00
1.324546949892919656e+00
1.339116576353944765e+00
1.326078879887063522e+00
1.351670742419173621e+00
1.360771126817098775e+00
1.361087129116867800e+00
1.334672997811139794e+00
1.326544872974409373e+00
1.350126346284241663e+00
1.349660840689921315e+00
1.361216697769123130e+00
1.352515727606260043e+00
1.353235108743774617e+00
1.359752780826283924e+00
1.392687827104964526e+00
1.401664682987075139e+00
1.431371398575493004e+00
1.463169618018582696e+00
1.469124655721998352e+00
1.479025840353642707e+00
1.483568808130485195e+00
1.478101476804340564e+00
1.506733846066481419e+00
1.503002018863071498e+00
1.518632800581599440e+00
1.503975807967890432e+00
1.509173792530191349e+00
1.517928065172554852e+00
1.533503922482623238e+00
1.535614968216577836e+00
1.543409527039329987e+00
1.563852052438278406e+00
1.606118666017437135e+00
1.634197648139434023e+00
1.663087776732254497e+00
1.701649936468811575e+00
1.698249372457439677e+00
1.722034172417806985e+00
1.715351658708186733e+00
1.722012443163066564e+00
1.740901680829210818e+00
1.728331608791904728e+00
1.696163075111144281e+00
1.678730081272988173e+00
1.665561314342994592e+00
1.673898201855081425e+00
1.629206178983167774e+00
1.647182528761277354e+00
1.641768147311722714e+00
1.641550909675515868e+00
1.633851748195638720e+00
1.640316219543365150e+00
1.618322370078203676e+00
1.616232688684476670e+00
1.636886425805414547e+00
1.616641784114335678e+00
1.592907394884150563e+00
1.576028257220514206e+00
1.603329769149013373e+00
1.652923975029807480e+00
1.641846697215669337e+00
1.653567404708383037e+00
1.647405414724516959e+00
1.626339886360483433e+00
1.633456393436517828e+00
1.643411032235917446e+00
1.619627503816900571e+00
1.666093163307550640e+00
1.662555197429810505e+00
1.646401133139988815e+00
1.638025818781216003e+00
1.648991596388441394e+00
1.663781904824418234e+00
1.668356527598234607e+00
1.725530637961810498e+00
1.740884110805836826e+00
1.757823349857517314e+00
1.744122254114699899e+00
1.742262022418344714e+00
1.764685533624060554e+00
1.776910960539908046e+00
1.807498019222066432e+00
1.771642259207510506e+00
1.776446862023931317e+00
1.791849806442314730e+00
1.796021613906077619e+00
1.802137252513830390e+00
1.802583698258558798e+00
1.805987061608675504e+00
1.830129446291493878e+00
1.841940816362921396e+00
1.813775232400075765e+00
1.846557383640401895e+00
1.843894864359526764e+00
1.832672387600041475e+00
1.832340695156744914e+00
1.823937899545853725e+00
1.824705898670117676e+00
1.852369287692454236e+00
1.858982476558594499e+00
1.858690137305984535e+00
1.825593734141193636e+00
1.833251597714706804e+00
1.844008419400324783e+00
1.851030624373606770e+00
1.855576893768784430e+00
1.864196872621050716e+00
1.879200967908445818e+00
1.886011421262992371e+00
1.868095040491652981e+00
1.892070174443915676e+00
1.863363668997635614e+00
1.855581358527160774e+00
1.856807792498784693e+00
1.844293211760486884e+00
1.893486863638599971e+00
1.902841912710755423e+00
1.898673533119108470e+00
1.893019466880559776e+00
1.874033745800488759e+00
1.946084143761481755e+00
1.959525480081083515e+00
1.968321527074976984e+00
1.943249349589223129e+00
1.918781143686373980e+00
1.944095503592052410e+00
2.005915394809335339e+00
1.997862655616927441e+00
1.984421261052148111e+00
1.973665752093666015e+00
1.967333556332732769e+00
1.998906439965594473e+00
2.023699359332113090e+00
2.020916187097554939e+00
2.029327642459065828e+00
2.085701720583301721e+00
2.087135129378793863e+00
2.107836976675571350e+00
2.098165480973420927e+00
2.121209917543637857e+00
2.136343072281533750e+00
2.170680497355988336e+00
2.176333137386563976e+00
2.175383266559265394e+00
2.197842751272673922e+00
2.186561165939338025e+00
2.187215736256348464e+00
2.200754075402983290e+00
2.212370496722087410e+00
2.221621843936418372e+00
2.180799287357558569e+00
2.185094523984844272e+00
2.200825121768048120e+00
2.210320870140094485e+00
2.241228808757341540e+00
2.213598633994251941e+00
2.238812684764070582e+00
2.243942157063656850e+00
2.256061753529138514e+00
2.230344993194194103e+00
2.206703845247375284e+00
2.197734192943926246e+00
2.223374069677902298e+00
2.193725517907296307e+00
2.176609245365852985e+00
2.210200641387245923e+00
2.189422450037454837e+00
2.238153103647164244e+00
2.205280764099597945e+00
2.179161206062417477e+00
2.197795388591885057e+00
2.188942601363351059e+00
2.208839305879109816e+00
2.216284229748225698e+00
2.211573021615777179e+00
2.212417328567426011e+00
2.210376816129610233e+00
2.178594266241816513e+00
2.221330465632718187e+00
2.222367504700287100e+00
2.230656611780887033e+00
2.220567645673327206e+00
2.253836253883036989e+00
2.236930956929882086e+00
2.225917377963696708e+00
2.217816880652208056e+00
2.244899917653128796e+00
2.224745354057176883e+00
2.242500433209215771e+00
2.211203111514805641e+00
2.201455157269037954e+00
2.246708299479450943e+00
2.269268428846771712e+00
2.310490460130949941e+00
2.287332359607262333e+00
2.283176071720390610e+00
2.310762626027553779e+00
2.321972807052134158e+00
2.338806529090788899e+00
2.344104606603650609e+00
2.345286601228053769e+00
2.313167117771399717e+00
2.387777644787320241e+00
2.364492740228797629e+00
2.436754626002311852e+00
2.476327018668371238e+00
2.493867398335623875e+00
2.506086308052090317e+00
2.491944040305952512e+00
2.448459063925383816e+00
2.466629438734571522e+00
2.463233710102031182e+00
2.456193924357648939e+00
2.475304658189770635e+00
2.469756531064376759e+00
2.416493684369697803e+00
2.483560412864108002e+00
2.457607817468215217e+00
2.400310944689408643e+00
2.443435985656833509e+00
2.512786457838728893e+00
2.515304241121839368e+00
2.530919111850380432e+00
2.540042767693876158e+00
2.543096953911117453e+00
2.516697253842949067e+00
2.495832579300667931e+00
2.479748713193657750e+00
2.500762841035793826e+00
2.524672448885212361e+00
2.519426139905135642e+00
2.534269521592023011e+00
2.500717511487891898e+00
2.479664721332710542e+00
2.520620291785462541e+00
2.527216125158474824e+00
2.478981670890561873e+00
2.449474257014117029e+00
2.455623387483456099e+00
2.493020697609154013e+00
2.492101020264271938e+00
2.502915699697268792e+00
2.536032246840250082e+00
2.525147518672383740e+00
2.548580930014168189e+00
2.548871217368287034e+00
2.532018608082353239e+00
2.546893583242990644e+00
2.521286665208208433e+00
2.544858499748897884e+00
2.549211693134338930e+00
2.548376628433743463e+00
2.591722397595276561e+00
2.598726927126790542e+00
2.608945718792483603e+00
2.584994963820463454e+00
2.574695987596669511e+00
2.632319767468970895e+00
2.623319193502538837e+00
2.599334114539260554e+00
2.584478178169547391e+00
2.577869198536291151e+00
2.584658516141416840e+00
2.576462412206865338e+00
2.576234590054355067e+00
2.567012122318601541e+00
2.573221305043716711e+00
2.615113075343288074e+00
2.625621158710146119e+00
2.640831461074185427e+00
2.667574944747457266e+00
2.724721284644374464e+00
2.719608516541484278e+00
2.722426332629083845e+00
2.730878020361615199e+00
2.720084917973963456e+00
2.824192997080444911e+00
2.827533018684789567e+00
2.818153448929024307e+00
2.795105330268825128e+00
2.798712616737248027e+00
2.820206538553520659e+00
2.850245264839713855e+00
2.847555606479318158e+00
2.885317775431076370e+00
2.851435740042461475e+00
2.857644755745241127e+00
2.892914336429612376e+00
2.862086970766767990e+00
2.891488021576833489e+00
2.875019834825707221e+00
2.885449539490764437e+00
2.884848389723629225e+00
2.857530640001641586e+00
2.838730792180967910e+00
2.820902892353842617e+00
2.810182983762160802e+00
2.810334690931085788e+00
2.880291613743793278e+00
2.925580626016426322e+00
2.936418148358143299e+00
2.894552461979628788e+00
2.889768785234764437e+00
2.850577474217971030e+00
2.878840493213829177e+00
2.879098358279179593e+00
2.902339367756667343e+00
2.889635689514989281e+00
2.922249703741954363e+00
2.965958429163265464e+00
2.938787185548562775e+00
2.905868135883338255e+00
2.870608683410182493e+00
2.845884876395757601e+00
2.823937828034786435e+00
2.868854094200514737e+00
2.916145855877630311e+00
2.947977202016772935e+00
3.012143428090666930e+00
2.992218071036631954e+00
3.003567308666788449e+00
2.973443374387443328e+00
2.946140146522338910e+00
2.975016990278163576e+00
2.963553458964497622e+00
2.949677571609527149e+00
2.939212040572101614e+00
3.026721629455096263e+00
3.071774605057044027e+00
3.084525820376029515e+00
3.084163973718659690e+00
3.111610615693280124e+00
3.097047396579228007e+00
3.135649663450294611e+00
3.139285974956692371e+00
3.113849652145518121e+00
3.110817700153575061e+00
3.113387631263549338e+00
3.117607345670876384e+00
3.145805085753636376e+00
3.160061529179529316e+00
3.171347211133479504e+00
3.159590242789363401e+00
3.145426483762776115e+00
3.139913106476342364e+00
3.185205103259932002e+00
3.252108663509488906e+00
3.220456288039713399e+00
3.209914138724798249e+00
3.239329947931310016e+00
3.219243936689281327e+00
3.221736496202993294e+00
3.260524422998287264e+00
3.236588899961361676e+00
3.261390329201958593e+00
3.273333306797212572e+00
3.285952951692024726e+00
3.319462059710758695e+00
3.333018126566457795e+00
3.299018146762136894e+00
3.319656521356137091e+00
3.395006139388442534e+00
3.381758134815754602e+00
3.332861222641440690e+00
3.350093051215026208e+00
3.338418364814742745e+00
3.295238542279548710e+00
3.344686358060243947e+00
3.383281841063535467e+00
3.404120844826366010e+00
3.396730406946289804e+00
3.404613368793889094e+00
3.414663504506279423e+00
3.408612484814284471e+00
3.458692828594394086e+00
3.422117978030200902e+00
3.391788984718914435e+00
3.392231418806431975e+00
3.336351667143162558e+00
3.402179672195188687e+00
3.530830568108740408e+00
3.637566280719511269e+00
3.642170708902995102e+00
3.657734215780237719e+00
3.651852149158457905e+00
3.675831800572495922e+00
3.722981856695923852e+00
3.712627177762669817e+00
3.711771201490364547e+00
3.685491574012758065e+00
3.700385530342828133e+00
3.705189992491796147e+00
3.658942658647220014e+00
3.583803899239683233e+00
3.615251171217778392e+00
3.619735409718487062e+00
3.636499197640432612e+00
3.694505599256672213e+00
3.709317916005147708e+00
3.687103920538220336e+00
3.731574162172137221e+00
3.714093720727305481e+00
3.670208183304794147e+00
3.623580193296675134e+00
3.649123564636283845e+00
3.673825238861809339e+00
3.709563372056891239e+00
3.718208828675642508e+00
3.706112391790156835e+00
3.663945099519878568e+00
3.672516730624010961e+00
3.717351826440790319e+00
3.683157492859209015e+00
3.728359937197410545e+00
3.701338480054346292e+00
3.660788664894425892e+00
3.667760972866517477e+00
3.650669007018905177e+00
3.653425153974239947e+00
3.714975161187567210e+00
3.706164296690076299e+00
3.684964425313410175e+00
3.647910568382258134e+00
3.606245251828568144e+00
3.577195238994136162e+00
3.614904678258653803e+00
3.604231159431492415e+00
3.583286107287449340e+00
3.547500683277803546e+00
3.603200377911662144e+00
3.572074711168170325e+00
3.632864657278332743e+00
3.632507045051625028e+00
3.665114907591259907e+00
3.616902398179718148e+00
3.620015935327501211e+00
3.570186557827128127e+00
3.604886963035824010e+00
3.630925379952941512e+00
3.602845073691014477e+00
3.542114555378702789e+00
3.498219331754398809e+00
3.536276159706858380e+00
3.603181676210397200e+00
3.535681772351608743e+00
3.564027275122043648e+00
3.557989378228057831e+00
3.516519907259862521e+00
3.555047415085482498e+00
3.551752084602867399e+00
3.508934213021120740e+00
3.456923879550458878e+00
3.467846265169100661e+00
3.391204913279580069e+00
3.367183782418806004e+00
3.353025016804622283e+00
3.305555125690943896e+00
3.275448696946568816e+00
3.247099618887887118e+00
3.259678364123146821e+00
3.226552986487149610e+00
3.229345538798725102e+00
3.210069470705320782e+00
3.168509437618922675e+00
3.167516918327237363e+00
3.182188358132179928e+00
3.122888777095340629e+00
3.137087657447636957e+00
3.155922786910650757e+00
3.165515605424388923e+00
3.206580275910937416e+00
3.171497916929638450e+00
3.187596548182000333e+00
3.220464633768415297e+00
3.230210416962563613e+00
3.213704853267017825e+00
3.160644282589828435e+00
3.204759096039424549e+00
3.266315321506226610e+00
3.249447223840661536e+00
3.242126123175239627e+00
3.261728646384881358e+00
3.272418395306203820e+00
3.234394329869928697e+00
3.282357654964243920e+00
3.368168963998869003e+00
3.459949514392974379e+00
3.514523747577413815e+00
3.503696853573273984e+00
3.505765318414432841e+00
3.542862448026880884e+00
3.517013178349770897e+00
3.464457761097946786e+00
3.485592898416143726e+00
3.453340894741813827e+00
3.440056427226636515e+00
3.392843184337834828e+00
3.346581181936699068e+00
3.333545922522262117e+00
3.287146725060893004e+00
3.328583604095911141e+00
3.353175463135357859e+00
3.360377143611231077e+00
3.400519349183696249e+00
3.405871694890265644e+00
3.347234502267838252e+00
3.402208247425733134e+00
3.419683959632720871e+00
3.415222662650648999e+00
3.410014898944837114e+00
3.396910552003191697e+00
3.413039128883383455e+00
3.372989014420227250e+00
3.350075432614175952e+00
3.414570481608279806e+00
3.349732026821357067e+00
3.331452341662725303e+00
3.378123549768133671e+00
3.483514560919502401e+00
3.530402260338178166e+00
3.519163898404258362e+00
3.560297139701106062e+00
3.624344033149554889e+00
3.616563905193743267e+00
3.562509054401289177e+00
3.594083782924599291e+00
3.629613819457063073e+00
3.621579041557879464e+00
3.644889693930053909e+00
3.628405341763937031e+00
3.615047613921660741e+00
3.599444250304713933e+00
3.579409379909520794e+00
3.543476729477561094e+00
3.608668431495061668e+00
3.675406869396283582e+00
3.660252168086799429e+00
3.684487787522130020e+00
3.740313046698929611e+00
3.829134909551157762e+00
3.850911412880122953e+00
3.891366969999353387e+00
3.949500443194210675e+00
3.935838166306666608e+00
3.954958650730759473e+00
3.989190123591242809e+00
3.997406984219878723e+00
3.934295747323858450e+00
4.007260200103701209e+00
3.996010282729002938e+00
3.996604329677666101e+00
3.980240137993860117e+00
4.053197112118141376e+00
4.107805692864985758e+00
4.222753548212040187e+00
4.351384244757127817e+00
4.467218045983599950e+00
4.464567900411793744e+00
4.473802257299666962e+00
4.540387483387348766e+00
4.527438126658807960e+00
4.467978744865831686e+00
4.486871490734756662e+00
4.495669639044763244e+00
4.542747458924850434e+00
4.511857325548135123e+00
4.559484793216597609e+00
4.524834438159359706e+00
4.573832568217312655e+00
4.544954496400350763e+00
4.609059233361449515e+00
4.629377135666800314e+00
4.669207688798906020e+00
4.615196733944912921e+00
4.579660467968551529e+00
4.614072979481079528e+00
4.567800674132740824e+00
4.593254968114706571e+00
4.553398627563638001e+00
4.543203530442269766e+00
4.607069920928097417e+00
4.642598940115021833e+00
4.617334050965837378e+00
4.571582599240855416e+00
4.596280092437154963e+00
4.630246911129461296e+00
4.665495803016028731e+00
4.633435961491386479e+00
4.686418659257697072e+00
4.772347231773665044e+00
4.761180169964745801e+00
4.768038263049447778e+00
4.828172296614638981e+00
4.804989834075968247e+00
4.898475639099160617e+00
4.947875413364954511e+00
5.035845582414822275e+00
5.023189784320948092e+00
4.977407914880814133e+00
4.987432192021060473e+00
4.981880475137813846e+00
5.023836383102434411e+00
5.135167600524027876e+00
5.171178969854508978e+00
5.213795716746744802e+00
5.221560647315754977e+00
5.163449179478675433e+00
5.141471975500508051e+00
5.241451454648995423e+00
5.238013809200992910e+00
5.198348768056348490e+00
5.238034430179368428e+00
5.208083124893619242e+00
5.262908584880733542e+00
5.368777355394286133e+00
5.431881487614646176e+00
5.508110070682278092e+00
5.522943730235738258e+00
5.496796413417769145e+00
5.470547488684132986e+00
5.436940255984154646e+00
5.446595473361412587e+00
5.475399955355669590e+00
5.454415675757218196e+00
5.430869023771265347e+00
5.507625338673278748e+00
5.493237939299206118e+00
5.433305011655420458e+00
5.560758727695883863e+00
5.544348232782567720e+00
5.609376029399982144e+00
5.509910075259313089e+00
5.508146504269234356e+00
5.553710096605072977e+00
5.483992658247188956e+00
5.459552089242606598e+00
5.472193663836833366e+00
5.364921715053242224e+00
5.341671552900152165e+00
5.375478477805927469e+00
5.407195200388287049e+00
5.341842534176521440e+00
5.299271462258730025e+00
5.267189497957588173e+00
5.308398242836119607e+00
5.334606107202262137e+00
5.361339161714340662e+00
5.340855928365044747e+00
5.318636353982810760e+00
5.291979484625699115e+00
5.298557717082530871e+00
5.345105732853426161e+00
5.420772627303676927e+00
5.452855926017036836e+00
5.563865561798593262e+00
5.676135209077756372e+00
5.773299284152926703e+00
5.751276474708220121e+00
5.752573198747995775e+00
5.704957703034779115e+00
5.692888715850813242e+00
5.749780881985088854e+00
5.833770542764568745e+00
5.831050548941902889e+00
5.872815186179877855e+00
5.890962125799205751e+00
5.895184647537917044e+00
5.895899096874018142e+00
5.979292903177110929e+00
5.977677877348696711e+00
5.922419972176157899e+00
5.908715768710862903e+00
5.928325877888937612e+00
6.013930559342952620e+00
6.003179049443588156e+00
5.977930644427260631e+00
5.956565261008108791e+00
5.981471166051278487e+00
5.932310851078455016e+00
6.072819951927840521e+00
6.161528863296098280e+00
6.106201604705574937e+00
6.127153683111146165e+00
6.154736854013208358e+00
6.234889369678057847e+00
6.299632320356295168e+00
6.221850317028156496e+00
6.286951148980278958e+00
6.285987543225246554e+00
6.318854618891464270e+00
6.344148295735294596e+00
6.346168440548808576e+00
6.280754752891652970e+00
6.344247566076774092e+00
6.289729308426785792e+00
6.235206134207146533e+00
6.221245482628773971e+00
6.244458704707994912e+00
6.223671280145026685e+00
6.225556251943316965e+00
6.280307742096965740e+00
6.263243930499356793e+00
6.131867437539995080e+00
6.157816438407053283e+00
6.229345918156013795e+00
6.219907337335826014e+00
6.273692086879464114e+00
6.240722243140908176e+00
6.228163257492724370e+00
6.112885961300662530e+00
6.064081438355970022e+00
5.976574271524896176e+00
6.087824446562990488e+00
6.108459097758441203e+00
6.109644548183950974e+00
6.073987948081139621e+00
6.099483224640152912e+00
6.166796577264676671e+00
6.131467625732284432e+00
6.030420216724223792e+00
5.998570385393577453e+00
6.030319843099277932e+00
6.003071994491619989e+00
5.952990426881569874e+00
5.886906838815548326e+00
5.947998805997031013e+00
6.013084483526426993e+00
6.046002829292774550e+00
6.145331110918050399e+00
6.168617689444999996e+00
6.185490173478456200e+00
6.139928613786423739e+00
6.171218647330078966e+00
6.272487766126005226e+00
6.303631806937119109e+00
6.248753905699231836e+00
6.249727556255948002e+00
6.360163130648061269e+00
6.336345726648460186e+00
6.401368733049366710e+00
6.381856195380350982e+00
6.333506630318652242e+00
6.261424648164620521e+00
6.235231197946177417e+00
6.239342322543279806e+00
6.226692213602518677e+00
6.168922739513163833e+00
6.154942337406737352e+00
6.098362658197402197e+00
6.217403353096642604e+00
6.188695210382775258e+00
6.186899441092009511e+00
6.132659500895897509e+00
6.135749513115570153e+00
6.048507416988741170e+00
6.020248886073886752e+00
5.992115066855603800e+00
6.117814846146984564e+00
6.143079339966561747e+00
6.142007797933729307e+00
6.120296850885551976e+00
6.108048732896804722e+00
6.117035237208710896e+00
6.114520762875827131e+00
6.177401786900418301e+00
6.184964707271774387e+00
6.221534740475135550e+00
6.153711005227705755e+00
6.049489498953334987e+00
6.023076448735537269e+00
6.012697841508725105e+00
5.999475806347845719e+00
5.917404803382851242e+00
5.902079082283535172e+00
6.017681972495211085e+00
5.997223988025098151e+00
5.961804731246502342e+00
6.034381669539470749e+00
5.983465986469809650e+00
5.890067080219978379e+00
5.923633495737703925e+00
5.953095473339999444e+00
5.975899619131041618e+00
5.964762345985946013e+00
5.987708282164248885e+00
5.961936741507088300e+00
5.819899121830985678e+00
5.825998584235776434e+00
5.946990612306308321e+00
5.987598327455998515e+00
6.068237824129482760e+00
6.184055113205431553e+00
6.163554866380536623e+00
6.100005635987599817e+00
6.220074319380501038e+00
6.129335258475748560e+00
6.185260728339017078e+00
6.292346385473820192e+00
6.373987484550525551e+00
6.334075402377493447e+00
6.479243016954114864e+00
6.620788707070460077e+00
6.604452182893055578e+00
6.586432247336006185e+00
6.529526221903324767e+00
6.578699912675574524e+00
6.564122202642238335e+00
6.635482660584784753e+00
6.715154479709553925e+00
6.664211325809446862e+00
6.581291686597296575e+00
6.513123837556122453e+00
6.526452586984078152e+00
6.528848332575762470e+00
6.528840142005265079e+00
6.435397529202646183e+00
6.523672858545978670e+00
6.535390483507171666e+00
6.509980109797425030e+00
6.442187950856123280e+00
6.536402079090748884e+00
6.523232887050653517e+00
6.591753570654873329e+00
6.580683939241907865e+00
6.575025744923095772e+00
6.507715554619835530e+00
6.623019198405927455e+00
6.707268253638630995e+00
6.814925912857916046e+00
6.813011306164980851e+00
6.922608233109485809e+00
6.913342980115885439e+00
6.888114046747205066e+00
6.846362163806816170e+00
6.929906079558350029e+00
6.931619379131689129e+00
7.038760884297289522e+00
7.107554044099515522e+00
7.001095656530878841e+00
7.021880599169435300e+00
6.998052031136921869e+00
7.013770183461247143e+00
6.959997427321695795e+00
6.935230104764741554e+00
6.880208086044831362e+00
6.824801591666528111e+00
6.585581560218088271e+00
6.506862680157382783e+00
6.466872384487260206e+00
6.351795332523352045e+00
6.399686901037284770e+00
6.305825683786224545e+00
6.443076467453010991e+00
6.540611801280874715e+00
6.476255582440671787e+00
6.554038455538147900e+00
6.513634353294037282e+00
6.589767377637144818e+00
6.501960099092229939e+00
6.481251099899736801e+00
6.490823545997955080e+00
6.561173901643087447e+00
6.598108419639856947e+00
6.479431749380410110e+00
6.482159399865849991e+00
6.409914418265998393e+00
6.417806040465166006e+00
6.452142038308465999e+00
6.473273721967188976e+00
6.483256518188227346e+00
6.555862300421495092e+00
6.490499260310798491e+00
6.572526023960335806e+00
6.417472468020605447e+00
6.258832360256064931e+00
6.228668188813799134e+00
6.307407840043424585e+00
6.466934316437118468e+00
6.549147851829047795e+00
6.704306455944561094e+00
6.617273057430566041e+00
6.544434868692633245e+00
6.489970186237314920e+00
6.407768521795333072e+00
6.362258375833334867e+00
6.399713842942901465e+00
6.479496689650432018e+00
6.389179259935190203e+00
6.368305123457503214e+00
6.353472762256615169e+00
6.295073819940171234e+00
6.282529794452784699e+00
6.393259220573099810e+00
6.408707817579397670e+00
6.452478859175471371e+00
6.562672936631315679e+00
6.583403206639331984e+00
6.670306646623657798e+00
6.788646561422410741e+00
6.698995411861460525e+00
6.707797453103694352e+00
6.820826709069251592e+00
6.895089838768626578e+00
6.916581014679650252e+00
7.008889785217661483e+00
6.919416250740596297e+00
6.922751563908832395e+00
6.948144931385741074e+00
6.960649060141804512e+00
7.162839784463585602e+00
7.181276940423458655e+00
7.289085191960793964e+00
7.369675694269290034e+00
7.366517078176684663e+00
7.443085019219779497e+00
7.548141681626020727e+00
7.711049256900196269e+00
7.678240891362293041e+00
7.643174928066173379e+00
7.699429286312351906e+00
7.733422787185872949e+00
7.854298959591460516e+00
7.980179500939357240e+00
8.005079221926735045e+00
7.995258278688197606e+00
7.897120113846767708e+00
7.848407951360059087e+00
7.810423112817261426e+00
7.906490932414271811e+00
7.847123385394979778e+00
7.988387554724340589e+00
8.071394155037069140e+00
8.187934374530414061e+00
8.209579154378161547e+00
8.123137272924623176e+00
8.148222943370456051e+00
8.218281057409740242e+00
8.056768862571971113e+00
7.916365186032862766e+00
7.992884079180385015e+00
8.130741849079640815e+00
8.051329525937489962e+00
8.012964618327941935e+00
7.978798708795693528e+00
7.973201390280109990e+00
8.045874468120473466e+00
8.060286599638402549e+00
8.116651164917357164e+00
8.201403188084896101e+00
8.128625527149551999e+00
8.197338059267394783e+00
8.329595827375214867e+00
8.471838027552848871e+00
8.472921799542291410e+00
8.400597921783173661e+00
8.292465909930569978e+00
8.403274823493347867e+00
8.313341267757550668e+00
8.329959385373058467e+00
8.381530076010903940e+00
8.321554000320702471e+00
8.301264509557540805e+00
8.492700890676360359e+00
8.452736078892712612e+00
8.395629606731517924e+00
8.444292058076371177e+00
8.471534691517035753e+00
8.467333348944976024e+00
8.641209664256393808e+00
8.688632441519985150e+00
8.623387876265951490e+00
8.551034556944159704e+00
8.582259222603852322e+00
8.605022719722228430e+00
8.557357243879323505e+00
8.614994325478619430e+00
8.533779926001898275e+00
8.519521741713560914e+00
8.551564630247185050e+00
8.575969551234720711e+00
8.615701918368358747e+00
8.648002639336482389e+00
8.776700300610855265e+00
8.811948836438432409e+00
8.774248511096857328e+00
8.661409188297511719e+00
8.675546767716468821e+00
8.537319137139320446e+00
8.555383763370400629e+00
8.604294370112484103e+00
8.547123882353616864e+00
8.501018012836539128e+00
8.601488765295925987e+00
8.654402315568859194e+00
8.693168285427191222e+00
8.593063339669924972e+00
8.563262677415877988e+00
8.539143525586951000e+00
8.450216327728412580e+00
8.360387281825524042e+00
8.464401899286031039e+00
8.517383434290650257e+00
8.455172745822210345e+00
8.506184744619758931e+00
8.578954963440082793e+00
8.543434567231770416e+00
8.576688648758363342e+00
8.627061047513507219e+00
8.779102177254799244e+00
8.706428079153056387e+00
8.714445549284164372e+00
8.652954099761018369e+00
8.697744286530678437e+00
8.785349384237633785e+00
8.784840481280753011e+00
8.878525681804376291e+00
8.784502840574987204e+00
8.854686391302493575e+00
9.004713668693284490e+00
8.959626147621747805e+00
9.074822054742526234e+00
9.161568978516015704e+00
9.112538039484888941e+00
9.104118982332693122e+00
9.138150358024404341e+00
9.255883904768779757e+00
9.103982002447310151e+00
8.997720024069849387e+00
9.300320072758950118e+00
9.291620914742907189e+00
9.242370265254749029e+00
9.285511523691411639e+00
9.255075802283045050e+00
9.230552708165078002e+00
9.093217251555415714e+00
9.177511844391801787e+00
9.324042913527591736e+00
9.317486056902453129e+00
9.242668087592392112e+00
9.144550165955934062e+00
9.250111490780227541e+00
9.263662624623066222e+00
9.222293204198422245e+00
9.170124601216457449e+00
9.185490570411047884e+00
9.115623288004599090e+00
9.119639604236681407e+00
9.069622235669839938e+00
9.217929931863181992e+00
9.220293696761928004e+00
9.410112728605781740e+00
9.454510015359346653e+00
9.601213694088983175e+00
9.626237302549498054e+00
9.664194103582531170e+00
9.682547819439378145e+00
9.777829672231064251e+00
9.840707560871351234e+00
9.712203293222955836e+00
9.806787824747971172e+00
9.821609557213378139e+00
9.756032503593132788e+00
9.852802821177647274e+00
9.814329798584822129e+00
9.733681124541135432e+00
9.690189340415372499e+00
9.449221590153683792e+00
9.417831689858303434e+00
9.474134130882930549e+00
9.464006696011438180e+00
9.521923159093148570e+00
9.518907185739635679e+00
9.405005986161086184e+00
9.479467757672182415e+00
9.361250558090205232e+00
9.417734528685286932e+00
9.472693271791513325e+00
9.452844261817972438e+00
9.506235780670522217e+00
9.673988109411766345e+00
9.688937312000689417e+00
9.807983609663551761e+00
9.648979771284302842e+00
9.612765370759007055e+00
9.634013334094106540e+00
9.790382568802669994e+00
9.932503851566480080e+00
9.904602042288615849e+00
9.834653035193696269e+00
9.824395167063585177e+00
9.782230744659500488e+00
9.899773020514430755e+00
9.986331805627514768e+00
9.865117745015822948e+00
9.829631983142007812e+00
1.001239915084806853e+01
1.001345673601144881e+01
9.966065310632757246e+00
9.965605345128324188e+00
9.967449618981845560e+00
9.997573447565855531e+00
1.000404265553970617e+01
1.001560911002252396e+01
1.005001375239453409e+01
1.019443791514049735e+01
1.018120527632299854e+01
1.013402503238967256e+01
1.015739894256148546e+01
1.027765649575826501e+01
1.037430054839478544e+01
1.042331507571611837e+01
1.042415097025491377e+01
1.037135202913282228e+01
1.040884648889982600e+01
1.048368751993962178e+01
1.052902891471694602e+01
1.048596659077884397e+01
1.042957895772087795e+01
1.031262093442933292e+01
1.025499454144937772e+01
1.009184235283737507e+01
9.982809332018860005e+00
1.004030807591379926e+01
1.013931311068972718e+01
1.007461909167886915e+01
1.000348900152880560e+01
1.000830756523123455e+01
1.002219907803214483e+01
1.000790393101283371e+01
1.001382045872514936e+01
1.000394483343256979e+01
9.981200640705537808e+00
9.814021339876035199e+00
9.845150446838943026e+00
9.848385447263808601e+00
9.660594445349033776e+00
9.621305416657833121e+00
9.604264805813500061e+00
9.545259446165573536e+00
9.556081258970834824e+00
9.470236208056348914e+00
9.589594128431144782e+00
9.579257841460275813e+00
9.645931957771608722e+00
9.695504443671325134e+00
9.755356755629918553e+00
9.670989551102593396e+00
9.529983032977042967e+00
9.506524345290245037e+00
9.497947840640790673e+00
9.530904917712632596e+00
9.522960503433978374e+00
9.523020764431066709e+00
9.626459372788758628e+00
9.876911015972154928e+00
9.863182436473380221e+00
9.839434706251722673e+00
9.883683406469117472e+00
1.002292150431821938e+01
9.917340862684341118e+00
9.940240997173759752e+00
9.978599880708088676e+00
9.978950739063293440e+00
9.956930546798730575e+00
9.906014068894137381e+00
1.005868454456663130e+01
1.012087608248111792e+01
1.008817029529836873e+01
9.978863123748169528e+00
9.893303208334145893e+00
9.888707900645613336e+00
9.987322308946431804e+00
9.997716303594415876e+00
1.002006320642294668e+01
1.008185247811798035e+01
1.011275924105939339e+01
1.014158770573590118e+01
1.006020340926897916e+01
1.002308807060921936e+01
9.973615366047170028e+00
9.950424229528152864e+00
1.004429220951828938e+01
1.020448101451438561e+01
1.016866535123699578e+01
1.025318278645181636e+01
1.026113863416094318e+01
1.025324500834858554e+01
1.048293538686698412e+01
1.030444338549386885e+01
1.043902482648627483e+01
1.063144114418037134e+01
1.055505738640363234e+01
1.069271122217173797e+01
1.069048186497911956e+01
1.073891183267983251e+01
1.076898094876946743e+01
1.059936847070503063e+01
1.051083972500191521e+01
1.050858455000297909e+01
1.039259418439428373e+01
1.033979647829960413e+01
1.031794075113612053e+01
1.025385438997113852e+01
1.048101323673881780e+01
1.049701568883665459e+01
1.057105051992039080e+01
1.050187032907570028e+01
1.043019386654532354e+01
1.055824311376909463e+01
1.048032563849756116e+01
1.040281140143451921e+01
1.040920598914226503e+01
1.043659600005139509e+01
1.048922959162882762e+01
1.049870593359378290e+01
1.046763960625207801e+01
1.041848358758284121e+01
1.057781883494521935e+01
1.050117492246386064e+01
1.046171373239531022e+01
1.044055128149329903e+01
1.052159528932224930e+01
1.046403171421775369e+01
1.050573177464730179e+01
1.061030424033356212e+01
1.049100143173905053e+01
1.044334951238761278e+01
1.049080195746705613e+01
1.049786387744711647e+01
1.054014086767347180e+01
1.054597693384516788e+01
1.048801336943552087e+01
1.051669755150146557e+01
1.056139674434484732e+01
1.050509459453064665e+01
1.050101579810916519e+01
1.057761924233591344e+01
1.056187625230495541e+01
1.045391828889228236e+01
1.037749827913876288e+01
1.040116370667919909e+01
1.038733982064650263e+01
1.041762009928766020e+01
1.044511525866755619e+01
1.048101889098302308e+01
1.053078658234812792e+01
1.044758584568990045e+01
1.055358068284294859e+01
1.060032758276088316e+01
1.079728977201284579e+01
1.085120743011816558e+01
1.085690872067266355e+01
1.080691124936402048e+01
1.065162853816514144e+01
1.045811600950514730e+01
1.044171276571205453e+01
1.038450808027505445e+01
1.057425638346671803e+01
1.051134469250519032e+01
1.044308083047167202e+01
1.040534132260859224e+01
1.043012823429467062e+01
1.052889175545874423e+01
1.054118563480119519e+01
1.041514848510746560e+01
1.033217172821264285e+01
1.046483374309718783e+01
1.054624233565095892e+01
1.063692749302117591e+01
1.070895552237743686e+01
1.077629301464321543e+01
1.078793968408058390e+01
1.086629483887168135e+01
1.091507347841957198e+01
1.117678366975951576e+01
1.118500581732951105e+01
1.130614586944579969e+01
1.144821750970140783e+01
1.174199184446865729e+01
1.190239623797083368e+01
1.198104305358288002e+01
1.214075751553764349e+01
1.211465502717896925e+01
1.215064723432692517e+01
1.205864417382963438e+01
1.217796793521370091e+01
1.220061295283471736e+01
1.214713412133050952e+01
1.220877560194071521e+01
1.226773714012779237e+01
1.232223681598770781e+01
1.261561356822085145e+01
1.274362029973349308e+01
1.258698546219397940e+01
1.267957078770427870e+01
1.265364892830439203e+01
1.257185001979382832e+01
1.265823705356046958e+01
1.259439921115631478e+01
1.263471397613670888e+01
1.258302713332091116e+01
1.248819310190310716e+01
1.233518551570023192e+01
1.246091209523160614e+01
1.258251070108326530e+01
1.251335416368556253e+01
1.253683509336633506e+01
1.264480910581733042e+01
1.263358086195239594e+01
1.265043939314864474e+01
1.249013226145552835e+01
1.252637586688797455e+01
1.254814197122641417e+01
1.256604085596882214e+01
1.247166653601220787e+01
1.239743827203938054e+01
1.227944736087624733e+01
1.238107933488208801e+01
1.245612284728690611e+01
1.258357554428584990e+01
1.249551972136850964e+01
1.251856215898328628e+01
1.262935399853290619e+01
1.271604451521352530e+01
1.272112824918281149e+01
1.259005170350019398e+01
1.258529232886030513e+01
1.273389274000373916e+01
1.260282331656185306e+01
1.273536762121784705e+01
1.288245958403604163e+01
1.280943246629226451e+01
1.270639732630706931e+01
1.281565843678458805e+01
1.272461499707151233e+01
1.265514706844101056e+01
1.272184590892061351e+01
1.265659166131990787e+01
1.275483145417342712e+01
1.303274048619027781e+01
1.328061246916468008e+01
1.320703227174931271e+01
1.330383427509900685e+01
1.333264838543004771e+01
1.336871494007846195e+01
1.339521965754374833e+01
1.350594001621834650e+01
1.354063446519808167e+01
1.362005667643825291e+01
1.384798812275289492e+01
1.383441520593282803e+01
1.418971848602768659e+01
1.423988159787768382e+01
1.432502754716369964e+01
1.447616017682526035e+01
1.434662984867236446e+01
1.443736983793019135e+01
1.446708977044727362e+01
1.434286213682139532e+01
1.428334758986352426e+01
1.428457996481529335e+01
1.419531923885324431e+01
1.432075659374595489e+01
1.439520847481571764e+01
1.438697725006295514e+01
1.444513635979501487e+01
1.440739026269352507e+01
1.431449920773070517e+01
1.450877333331732189e+01
1.440596497473597992e+01
1.455581239845014352e+01
1.464582685885102364e+01
1.483918818306551657e+01
1.491034523991970673e+01
1.494208202375602923e+01
1.511405193353334653e+01
1.523448812344190628e+01
1.511865120379775362e+01
1.510576677808830937e+01
1.503382619791955221e+01
1.501096957679942534e+01
1.532153597800902389e+01
1.538472229340231934e+01
1.565715069365478485e+01
1.560261102417075563e+01
1.538243954264248714e+01
1.538699462320823841e+01
1.549356068188558311e+01
1.560223754534945328e+01
1.554829773612118515e+01
1.574892197240046698e+01
1.580208704599067460e+01
1.580280771462912526e+01
1.575965956463096518e+01
1.584229611585169550e+01
1.564320168366612052e+01
1.565740692914596366e+01
1.584673158869622966e+01
1.582529590979106615e+01
1.580070785830434943e+01
1.596196285540395365e+01
1.602983217193173004e+01
1.591648918302598759e+01
1.584067817649247445e+01
1.590946775012730541e+01
1.589722516106485273e+01
1.594216728708101982e+01
1.605077172985738798e+01
1.616842312539824889e+01
1.626806136883101317e+01
1.625999063249537357e+01
1.623705378469480820e+01
1.647113492259427403e+01
1.649249579420802547e+01
1.631949289726958341e+01
1.649153031225705490e+01
1.641982169760876786e+01
1.651297954271058188e+01
1.642421979398159237e+01
1.654573066746047516e+01
1.668608488831250725e+01
1.653704082224680860e+01
1.635249655369489119e+01
1.642793977241421999e+01
1.643357282715533074e+01
1.661093028661275639e+01
1.643496150834585023e+01
1.638704464855663900e+01
1.627699952720627152e+01
1.639583333178370594e+01
1.637093412744479792e+01
1.630752465531872986e+01
1.651665671072055375e+01
1.645183176674754577e+01
1.638450213793726107e+01
1.631926589309478004e+01
1.634620476870532002e+01
1.626628318632083392e+01
1.629647783182895182e+01
1.653941561608348820e+01
1.644071951841192458e+01
1.645717120299968883e+01
1.654469063467377055e+01
1.681257877952339186e+01
1.682590015291725649e+01
1.703761660711052173e+01
1.691510764122972432e+01
1.686970529674886166e+01
1.687926583714101980e+01
1.687180948820059712e+01
1.678527106445108075e+01
1.678600074752671389e+01
1.678675715481222142e+01
1.681465714265641509e+01
1.677297839425455095e+01
1.678705852162511292e+01
1.669178987721193153e+01
1.680628636611345428e+01
1.672070296436572789e+01
1.664816401291250259e+01
1.669349688402417087e+01
1.685714547304678490e+01
1.684345443769939266e+01
1.678135572407995824e+01
1.693797547526696690e+01
1.685960650085212365e+01
1.675596491194937698e+01
1.672603302153538607e+01
1.677566853725147666e+01
1.666299128050559375e+01
1.652869760025282631e+01
1.655329541669425453e+01
1.637148972780414624e+01
1.634794351269943036e+01
1.631627739168266089e+01
1.645555448521417929e+01
1.633807049843767345e+01
1.655876102708157305e+01
1.663897632733278442e+01
1.664883004850162251e+01
1.660277696426874172e+01
1.674940258919718872e+01
1.685063044143839761e+01
1.698434626033622408e+01
1.694175996657418182e+01
1.686495227716932277e+01
1.681625067005916208e+01
1.701812404563111158e+01
1.697465383714461495e+01
1.678580033066964461e+01
1.661744231497686997e+01
1.664103436765844890e+01
1.669593770770961783e+01
1.647077688921945082e+01
1.653402331027177752e+01
1.647182868026629876e+01
1.647745345996827382e+01
1.685741849252485736e+01
1.689165371329886511e+01
1.686682914544303458e+01
1.693913876785040884e+01
1.693732886148382022e+01
1.699859539510339346e+01
1.683033734368154910e+01
1.686601304866758255e+01
1.680813874722753098e+01
1.691432363313174392e+01
1.705941594023556718e+01
1.703756512474797091e+01
1.727639626191034949e+01
1.739121147962214309e+01
1.727453577865776424e+01
1.716990547590353344e+01
1.724442185634734415e+01
1.720500429534240538e+01
1.722046279713640615e+01
1.727602743629586257e+01
1.731619072999728814e+01
1.750462036469571103e+01
1.752010881789442465e+01
1.766338606135809641e+01
1.754693552074263607e+01
1.740639924681840967e+01
1.730362716292506775e+01
1.737757382178642729e+01
1.719268420120761220e+01
1.706855004700491918e+01
1.696324976178289035e+01
1.692524970375166049e+01
1.689492076277656452e+01
1.682900045519249943e+01
1.690676550329817474e+01
1.700133855628359925e+01
1.695244923662562542e+01
1.668879462269364922e+01
1.666019209290811887e+01
1.675373311809403276e+01
1.677184228665828414e+01
1.661732071178312253e+01
1.659127738468782809e+01
1.651769845419107696e+01
1.665755484903183969e+01
1.698984983467630627e+01
1.674068695576875143e+01
1.674391802990771794e+01
1.671181004122263403e+01
1.678548563834578999e+01
1.681744553099883888e+01
1.668789178623887892e+01
1.684570733636383011e+01
1.685631943404655431e+01
1.706624261315414515e+01
1.700258496714536705e+01
1.696176736403549512e+01
1.708899598578250334e+01
1.701603419697926256e+01
1.708611450167404655e+01
1.715363038329383016e+01
1.722040550995052399e+01
1.725206719440370762e+01
1.715497825012948852e+01
1.726791820437438219e+01
1.711755467427519761e+01
1.710310299794764433e+01
1.705848337682391502e+01
1.721339910385790972e+01
1.719405309258422676e+01
1.732138334849923922e+01
1.739074250868429772e+01
1.741670795193704180e+01
1.743604019104691361e+01
1.744488127092381546e+01
1.732255560999533373e+01
1.737261832907097414e+01
1.747763574733357927e+01
1.751929826117839184e+01
1.765493492591485847e+01
1.754179183394603569e+01
1.736694352838048871e+01
1.767871187298192126e+01
1.761945724271140534e+01
1.757299143584077683e+01
1.760535745562242482e+01
1.756283327808182548e+01
1.746888803818319502e+01
1.733449306843863269e+01
1.748505148296248990e+01
1.746180583432328604e+01
1.739950594445599563e+01
1.738585198237774421e+01
1.755870133499342955e+01
1.775051524504260669e+01
1.771820855512578419e+01
1.774933899286907035e+01
1.763982741022664413e+01
1.772249031576825473e+01
1.762452039383197189e+01
1.755413689785791576e+01
1.753901886446237768e+01
1.744401964850680997e+01
1.757809234723549707e+01
1.748795779931219840e+01
1.744544844060533251e+01
1.751391300686782415e+01
1.749699464888931288e+01
1.747508652043188704e+01
1.756151744879230137e+01
1.782632570430041596e+01
1.771506806404840972e+01
1.785004145960056121e+01
1.775290945547340016e+01
1.776297952112895473e+01
1.778068995048670331e+01
1.780994170680037314e+01
1.778552261248682953e+01
1.779262340354307526e+01
1.789995964760714742e+01
1.788578006760712924e+01
1.782036665775308393e+01
1.773582547367277584e+01
1.785168919756688410e+01
1.795229969618048926e+01
1.812547728546064718e+01
1.807020568407233441e+01
1.798771470216706803e+01
1.826056320392126509e+01
1.826030135856308334e+01
1.826108341793769796e+01
1.859264644321342530e+01
1.876068217827355511e+01
1.875766810356253700e+01
1.877221555816299770e+01
1.875019665607874231e+01
1.870294491292702332e+01
1.873814311898490814e+01
1.925276583177287648e+01
1.909667388563684653e+01
1.910892840023643657e+01
1.912735778629621564e+01
1.913431679749987779e+01
1.911179250851114375e+01
1.914481524477105268e+01
1.905991545225492700e+01
1.890188817764351370e+01
1.878986178785703487e+01
1.869784634917846233e+01
1.891205629285332179e+01
1.894260491010572878e+01
1.903216691939292105e+01
1.911164945613791133e+01
1.903490856060216174e+01
1.915441313748328866e+01
1.913487725250843141e+01
1.911872340541344784e+01
1.940230162725424634e+01
1.937565798885998447e+01
1.938915553613242082e+01
1.934215557108063877e+01
1.930696458308148067e+01
1.946273828229391256e+01
1.952947164633224020e+01
1.974161648888502896e+01
1.976753803630344919e+01
1.963955200793975564e+01
1.976467915961984545e+01
1.993663454974330307e+01
2.002686982899672330e+01
2.011528446474653720e+01
2.018830999768852053e+01
2.018769570017889237e+01
2.007277843291035424e+01
2.003213235306839124e+01
2.013840413063257984e+01
2.013916396158765565e+01
2.018243940010688675e+01
2.030963527571111626e+01
2.034610195910636321e+01
2.034096746596674166e+01
2.034847913904945926e+01
2.024722115146983015e+01
2.030361952182738605e+01
2.033752735432608461e+01
2.056269768894890149e+01
2.040110123806380216e+01
2.039834794330909062e+01
2.029028176054157484e+01
2.033969057823355797e+01
2.038528001608551676e+01
2.036117923351343961e+01
2.057020436914103811e+01
2.066351455013023042e+01
2.074490076226129531e+01
2.087509121381503974e+01
2.069680924557542312e+01
2.061154920298281468e+01
2.052807936339718253e+01
2.049597805541316120e+01
2.058244529970761505e+01
2.062003512596447763e+01
2.070662898979662714e+01
2.094542882441123766e+01
2.098010978186675857e+01
2.088499218022047899e+01
2.101334911821504647e+01
2.090240153903141618e+01
2.120931848511963835e+01
2.135791224719741876e+01
2.113518427605163197e+01
2.130453410996619823e+01
2.126118287270628571e+01
2.137529409628973553e+01
2.127333940435801196e+01
2.130553744658482174e+01
2.137316167090784802e+01
2.141450504091244511e+01
2.159945525201396777e+01
2.152593243668616196e+01
2.175752675561420801e+01
2.167638660067450473e+01
2.151388410176878097e+01
2.140844309591307137e+01
2.137767238361811906e+01
2.118015916058607218e+01
2.105065786187583399e+01
2.112957337837792693e+01
2.128133944110891207e+01
2.125745025001401700e+01
2.105500077426927419e+01
2.094778270373990381e+01
2.132613323591044718e+01
2.139614482362253511e+01
2.123057689024858519e+01
2.122616038416117590e+01
2.109115089339115912e+01
2.116783804765532295e+01
2.102298201596886429e+01
2.102494864775962924e+01
2.090382184031727775e+01
2.068508886341714970e+01
2.076745704521181324e+01
2.063867429947617893e+01
2.062096376662407238e+01
2.040702382394260894e+01
2.043683654280721385e+01
2.047726372621991686e+01
2.049161579689007340e+01
2.054251853053119703e+01
2.034631871359897559e+01
2.069287786685481478e+01
2.049124990360269294e+01
2.060488059839417474e+01
2.037353357412621335e+01
2.029236619157745736e+01
2.048643624409487529e+01
2.064579162802147039e+01
2.079880412103057097e+01
2.074952821732085795e+01
2.078295260327922733e+01
2.086934215489554845e+01
2.091833239471225170e+01
2.101997776033613263e+01
2.114645032755697684e+01
2.097805713407205985e+01
2.081163340568537024e+01
2.078009380925732330e+01
2.094079589181774281e+01
2.094809010657672843e+01
2.097323409786486081e+01
2.070584921872750783e+01
2.083297384065372171e+01
2.076585558026590661e+01
2.085873180555381623e+01
2.090747346974012544e+01
2.090452027453966366e+01
2.083554815269735627e+01
2.068876558428473800e+01
2.052824063773823582e+01
2.044793999026660458e+01
2.039876662404230956e+01
2.029036967878391806e+01
2.066410320124350619e+01
2.057862372896079250e+01
2.053781233098106895e+01
2.070371704092804066e+01
2.080163091918984719e+01
2.082055880277221149e+01
2.093520256232432075e+01
2.093762902543403470e+01
2.074952179308138511e+01
2.104623999989962613e+01
2.097966456860103790e+01
2.086358594891498797e+01
2.089922915735542119e+01
2.079257217492886411e+01
2.092893414529726215e+01
2.101773085399327101e+01
2.119888413739863608e+01
2.130645458226854316e+01
2.122373043975221663e+01
2.114274898114172174e+01
2.115708569615981105e+01
2.127652177443269466e+01
2.133865657164233198e+01
2.139139401799866391e+01
2.131236900697876990e+01
2.131465146015762002e+01
2.137196353698254825e+01
2.127514267406832005e+01
2.122989120681404529e+01
2.133289516429476862e+01
2.134975238820743471e+01
2.142305723116169247e+01
2.163325255325162288e+01
2.155327124545556217e+01
2.155326982150518234e+01
2.150260614309718221e+01
2.168283348097202179e+01
2.168861649554401083e+01
2.194615546611385071e+01
2.191883992326802399e+01
2.171897031335947759e+01
2.163963179429765660e+01
2.151798074415864903e+01
2.180959369301035622e+01
2.220411198203919412e+01
2.223734581750204597e+01
2.217779184703340434e+01
2.274958554153272416e+01
2.287636754130289773e+01
2.286498273134111514e+01
2.310127606851528981e+01
2.303633060745096373e+01
2.300905280258393759e+01
2.300332984138094616e+01
2.305561135559082686e+01
2.314379615885445673e+01
2.308726659030571682e+01
2.314769595315146944e+01
2.310992526150539561e+01
2.328739326400727805e+01
2.350857301157839174e+01
2.342383544595986677e+01
2.349898256832238985e+01
2.345264471731979938e+01
2.357969650370432646e+01
2.355045853757474106e+01
2.367235358797461231e+01
2.348590650555706816e+01
2.343933396529791935e+01
2.344132330560341870e+01
2.346675554631065097e+01
2.340287717071305451e+01
2.337206856060402060e+01
2.329907691822381821e+01
2.342626250355942830e+01
2.353731585870536946e+01
2.362461730712357166e+01
2.349188704570678965e+01
2.341600327130663572e+01
2.339732907270081341e+01
2.318093706128092890e+01
2.313837047949846237e+01
2.315472804006503793e+01
2.306382631155292984e+01
2.296044218102360901e+01
2.294881495774279756e+01
2.289015851601425311e+01
2.288056589226107462e+01
2.270338022581790938e+01
2.258734527423939653e+01
2.255267100843093431e+01
2.246840564750846170e+01
2.243258575078243666e+01
2.257629625061463230e+01
2.251035872991678843e+01
2.312336795495320985e+01
2.311049862823665535e+01
2.322888004986270971e+01
2.330817871605904656e+01
2.326407561473206442e+01
2.328482506039972577e+01
2.313381791596702897e+01
2.292363319474407035e+01
2.272556046813633657e+01
2.265189606215062668e+01
2.273172535774256176e+01
2.257513250557212814e+01
2.265984489453330752e+01
2.306385748597176644e+01
2.297437586179512437e+01
2.278016628745035632e+01
2.284802980797985583e+01
2.293261882433216670e+01
2.306088124823736507e+01
2.312083510500633565e+01
2.306799420883226048e+01
2.295377158110613891e+01
2.293692752951255898e+01
2.266190784296350103e+01
2.265576059678096499e+01
2.274752949006733616e+01
2.280765589276006722e+01
2.286314222151986542e+01
2.284758729204577321e+01
2.271929383389942814e+01
2.250626035937193592e+01
2.234564266317283909e+01
2.244173580968799797e+01
2.240836570448436760e+01
2.253205935727783071e+01
2.262536210957705407e+01
2.271149231994195361e+01
2.258213317502895734e+01
2.242163687258880600e+01
2.226403573354537002e+01
2.224392708216419123e+01
2.235919864371408039e+01
2.214598071915679611e+01
2.219130727577248763e+01
2.236790696726666283e+01
2.230072193452679130e+01
2.235618560952980260e+01
2.228854993344066315e+01
2.229042621754661013e+01
2.235924314582825900e+01
2.237735273529733604e+01
2.228485989774526388e+01
2.248008047861094383e+01
2.253731548580162780e+01
2.248313033117210580e+01
2.233425625203472009e+01
2.235224457057438485e+01
2.246043187006443986e+01
2.230113695504223870e+01
2.245578989449995788e+01
2.249346991754828196e+01
2.230319601130167939e+01
2.234264646889550932e+01
2.228266141818812685e+01
2.249345376226892768e+01
2.241449777166781132e+01
2.269095573259755838e+01
2.272259277133844080e+01
2.261386355304375684e+01
2.270577140173236330e+01
2.259734383948125469e+01
2.249859339591694152e+01
2.270138945565577160e+01
2.258462123271647215e+01
2.250302189005969922e+01
2.248462676706958518e+01
2.244261610312651101e+01
2.249606401848768655e+01
2.235642689414635242e+01
2.232687663293017977e+01
2.235632016320141702e+01
2.263375157262225912e+01
2.263749449783017553e+01
2.244244393191229392e+01
2.243732749456012243e+01
2.261926975869391754e+01
2.263375388873691918e+01
2.254425591426297615e+01
2.271773134794284488e+01
2.259420502790362661e+01
2.263796781040309725e+01
2.254388115834672135e+01
2.244864971354309091e+01
2.246256285220306381e+01
2.220850880918214898e+01
2.232700841928999580e+01
2.247032223076030277e+01
2.244975116240266289e+01
2.254488430036690261e+01
2.274164710367540465e+01
2.291557070469434620e+01
2.308828309980845006e+01
2.318448764846607446e+01
2.321841940831245665e+01
2.312896922910931607e+01
2.317565896851465368e+01
2.314795650355335965e+01
2.310150458500675086e+01
2.322376786336326404e+01
2.319254557224121527e+01
2.337811251762468601e+01
2.338702535192260257e+01
2.321146879465914026e+01
2.328794322846442810e+01
2.340191086531876863e+01
2.339518640577352926e+01
2.337612405818072148e+01
2.338733535627397941e+01
2.364682294716158140e+01
2.357108513500497793e+01
2.335513031709479037e+01
2.322454849531095533e+01
2.328050009817570754e+01
2.307828690212363654e+01
2.301128097575474385e+01
2.294430483700898549e+01
2.305787857049881495e+01
2.339034563989662274e+01
2.348645879414016235e+01
2.377146298121851942e+01
2.374618638451420338e+01
2.377398451334966012e+01
2.379634473387295657e+01
2.393419427293156332e+01
2.404126787329732906e+01
2.427702156848272352e+01
2.434022077673898821e+01
2.402671650053252961e+01
2.417734271678591540e+01
2.430421810341931632e+01
2.442713705590404061e+01
2.434927267948751251e+01
2.447512000535652987e+01
2.432357123932979448e+01
2.417619327203874491e+01
2.409356827006149615e+01
2.423246442225672581e+01
2.450211295247299859e+01
2.438450983238135450e+01
2.428837350097455783e+01
2.401604994709077801e+01
2.409973016187268513e+01
2.408045758579510220e+01
2.408608992313111230e+01
2.402883840140520988e+01
2.425140946803685438e+01
2.425468531090336910e+01
2.420788098156481283e+01
2.401507897320925622e+01
2.428932707819558345e+01
2.412892822347157562e+01
2.416053214465409837e+01
2.421701517195515407e+01
2.410591558837131743e+01
2.423069399325140694e+01
2.448214888299480663e+01
2.468599231308689923e+01
2.462597895596127273e+01
2.450001217909812112e+01
2.440127583246840004e+01
2.451622118481600410e+01
2.474246766242504236e+01
2.482164391892183630e+01
2.515148102286957510e+01
2.533207033585586032e+01
2.531225329739072549e+01
2.545520031017940710e+01
2.533764340071275001e+01
2.541272345249126374e+01
2.512677750980128621e+01
2.495584159514964995e+01
2.492542406357188156e+01
2.489110585159141920e+01
2.510479890236547362e+01
2.515142253924796023e+01
2.498401973357704264e+01
2.521806516275000831e+01
2.527561140454645283e+01
2.548297390129528139e+01
2.557818442168218098e+01
2.555476147644230878e+01
2.564650242747939046e+01
2.551231542507093764e+01
2.556204993758819910e+01
2.558351994927943451e+01
2.558191575723731148e+01
2.562064636336026524e+01
2.556555001067226840e+01
2.557502750410503722e+01
2.535980136130092433e+01
2.559773855675348386e+01
2.572739745592025429e+01
2.587048363640360549e+01
2.570565465326944832e+01
2.574952749241128913e+01
2.567942860978473618e+01
2.585175257776563740e+01
2.588588412643866832e+01
2.583297301791526479e+01
2.580889143265903840e+01
2.590184389677415311e+01
2.581094244071027788e+01
2.556558567953425154e+01
2.544935591179364565e+01
2.522008804041161056e+01
2.523553108216128749e+01
2.524862479114608504e+01
2.557462294387369184e+01
2.547565011753567887e+01
2.535778287322682445e+01
2.554044256939778279e+01
2.545156970097923477e+01
2.542202589622957021e+01
2.557691616518832234e+01
2.547744322847938747e+01
2.522923170662352277e+01
2.504430137154622571e+01
2.500741762021380055e+01
2.499818132714972307e+01
2.491394853756673911e+01
2.491984768168549635e+01
2.519417600907854649e+01
2.514698493744299412e+01
2.512851084699877902e+01
2.504071818709871877e+01
2.507281526821816442e+01
2.493100500815035048e+01
2.477447212216475236e+01
2.469964786042510241e+01
2.448555786787346733e+01
2.434607947686845364e+01
2.431563312304069768e+01
2.425963504887795352e+01
2.418160069596024186e+01
2.411016161311226824e+01
2.411164006961143969e+01
2.393287658549934349e+01
2.394231025614499231e+01
2.405313961836827730e+01
2.408350236305250291e+01
2.413557798358669970e+01
2.418870762660162654e+01
2.395437530742219678e+01
2.385814967484475346e+01
2.390231502164351696e+01
2.394383552779572710e+01
2.401426867364716600e+01
2.404101568199666872e+01
2.396222506578214961e+01
2.407355079790977470e+01
2.414208532003294749e+01
2.444822330152101131e+01
2.444092523939843886e+01
2.427838615425616808e+01
2.412227369306856417e+01
2.392071284476560322e+01
2.387152058581841629e+01
2.373913198771970201e+01
2.374114526352650500e+01
2.365661722220102092e+01
2.352003129438980977e+01
2.337865979353728108e+01
2.342723400480781493e+01
2.345519728767567358e+01
2.338627984764843859e+01
2.345418598547121292e+01
2.336767386975907357e+01
2.344127321656833374e+01
2.336821257620022152e+01
2.350533797890284404e+01
2.374043279609759338e+01
2.359597800213123264e+01
2.378205237631436830e+01
2.363073989129725305e+01
2.359205819450880881e+01
2.337026814139426278e+01
2.355616031667750576e+01
2.350587818716121546e+01
2.355573341399713172e+01
2.354458734544050458e+01
2.337906132721582253e+01
2.355207964246892516e+01
2.357699734364632604e+01
2.379462129077728605e+01
2.384196705156728058e+01
2.394760070754955450e+01
2.402146359091784689e+01
2.405495070860342821e+01
2.398664453630499338e+01
2.395810088308417107e+01
2.373440531343567272e+01
2.370880141122097484e+01
2.377411835449947830e+01
2.366824976302359573e+01
2.367908238888503547e+01
2.405519636091730717e+01
2.399359467088743259e+01
2.400320052513188784e+01
2.398958809212399501e+01
2.419127769172382614e+01
2.414510604706583763e+01
2.417621087013367287e+01
2.432075672340124584e+01
2.450600729464349570e+01
2.434158663200514638e+01
2.450307357358269655e+01
2.454757546543851277e+01
2.445267363899893098e+01
2.450630126421492605e+01
2.464176355193285417e+01
2.451116629801663294e+01
2.473977339790189944e+01
2.490229649820366831e+01
2.475822095277862900e+01
2.487112938884911273e+01
2.523843692484751955e+01
2.552078357855089052e+01
2.563907331964992409e+01
2.567807240080264819e+01
2.579035811806170386e+01
2.579945585834639132e+01
2.563176915861640737e+01
2.566488703885806899e+01
2.601698826241317875e+01
2.591008027004590986e+01
2.582998483184928773e+01
2.610931182644526416e+01
2.615902174083930731e+01
2.610044439478042477e+01
2.603676931094150859e+01
2.610930974653456360e+01
2.630050417327629475e+01
2.597808906597219902e+01
2.599465944428266084e+01
2.620008168278627636e+01
2.604587944192689974e+01
2.587343382439621564e+01
2.595234450155021477e+01
2.625772928058586331e+01
2.628073248229247838e+01
2.627360047495449180e+01
2.619933791433504666e+01
2.606990281783191676e+01
2.594169925431742740e+01
2.601824085372436457e+01
2.593842041183279434e+01
2.581785156366458978e+01
2.556322225882968269e+01
2.576252803349962051e+01
2.582160876349826140e+01
2.610686563266017401e+01
2.601407275427573040e+01
2.625626528303973828e+01
2.615026974961256201e+01
2.609725143963851224e+01
2.614075755298790682e+01
2.618756501791222036e+01
2.634690823704886498e+01
2.644407905329399000e+01
2.632232057165174410e+01
2.645974669329734752e+01
2.616496308961086470e+01
2.612677161874989906e+01
2.611009967056270398e+01
2.585528394584889611e+01
2.640737449662537983e+01
2.669884345127502456e+01
2.691815462316844787e+01
2.716839674167476915e+01
2.736495838077144072e+01
2.740693550950300050e+01
2.724470770397829256e+01
2.739113467901552212e+01
2.739830039779644721e+01
2.742512725994629363e+01
2.730186742995920213e+01
2.715737648563936091e+01
2.738504512254075962e+01
2.724602214008064038e+01
2.735428795559937498e+01
2.722818286134952359e+01
2.713345800548904663e+01
2.701935376741948858e+01
2.679217488424137628e+01
2.673617611848339948e+01
2.682271112831722348e+01
2.681182645523767860e+01
2.701509148400191407e+01
2.681441928675667441e+01
2.698780868033782099e+01
2.679981321269951877e+01
2.681966959178953402e+01
2.703581079237119411e+01
2.691539550329480335e+01
2.686297829796831138e+01
2.683246418541239109e+01
2.691194577620262862e+01
2.693825977316600984e+01
2.686033021829462086e+01
2.655759455962879656e+01
2.670425541857639473e+01
2.669449544948474795e+01
2.662714236586543848e+01
2.667883688182064361e+01
2.668013758528877588e+01
2.673338524817245343e+01
2.674610570640152218e+01
2.664789590816371856e+01
2.648408863770782773e+01
2.644313124285235972e+01
2.672750205398324397e+01
2.666721297332878748e+01
2.651665939042959508e+01
2.659129910729052426e+01
2.661940766404586611e+01
2.650310374939635949e+01
2.672576780544250141e+01
2.679705079067980478e+01
2.701222951581848974e+01
2.692336348446769989e+01
2.691781147868323387e+01
2.676279842828625988e+01
2.678812366663805733e+01
2.684810390203210773e+01
2.674580426103966602e+01
2.672882844311607187e+01
2.672150091498360780e+01
2.667635958760865833e+01
2.662230272429678735e+01
2.654737645052182415e+01
2.636844214991697299e+01
2.630018931572340080e+01
2.639293140957079231e+01
2.640025849707990346e+01
2.642592188805292608e+01
2.640042921581971314e+01
2.647723746629299058e+01
2.683004004831855127e+01
2.660852354962935351e+01
2.661239099693511889e+01
2.679749475592643648e+01
2.697192854362720027e+01
2.741602432394847710e+01
2.722083919038595923e+01
2.721802810819053775e+01
2.717817570667284599e+01
2.713265521849098150e+01
2.715070937048585620e+01
2.717108134520231033e+01
2.708597855106609131e+01
2.719376418245747118e+01
2.724486357675596082e+01
2.724866615726523378e+01
2.741569970956516045e+01
2.718889855657698718e+01
2.707476231553846446e+01
2.721264147933834465e+01
2.741563031355872226e+01
2.742698930099459176e+01
2.755163819804283776e+01
2.754903642121280427e+01
2.765783683760764688e+01
2.757441030782138114e+01
2.755927629141797297e+01
2.766694189271720461e+01
2.763759671547177277e+01
2.773598315939307213e+01
2.760701707638827429e+01
2.763225770531062153e+01
2.772720042458649914e+01
2.744131997241811405e+01
2.732935312447671095e+01
2.722496442860028765e+01
2.723979341691983791e+01
2.718209297076646180e+01
2.691507829827287424e+01
2.693988205823779936e+01
2.681023014505262836e+01
2.675221244466320059e+01
2.673668374937915360e+01
2.678097416404398246e+01
2.667710500851899269e+01
2.685119128448877746e+01
2.689327943884200067e+01
2.687192690944584683e+01
2.728891101463750601e+01
2.734882978462792380e+01
2.731583311188614971e+01
2.729597402192302980e+01
2.751317070131653963e+01
2.773338136235543061e+01
2.775770346906256236e+01
2.768289256106345420e+01
2.748889349844967001e+01
2.736648447507832316e+01
2.710587009628261512e+01
2.728269765489676502e+01
2.719342647588428008e+01
2.740872174408514184e+01
2.740699259456732761e+01
2.769513314306459506e+01
2.757570471019198521e+01
2.775356033185835258e+01
2.800485406259849697e+01
2.787463567615486681e+01
2.784957295751428319e+01
2.772510135151605937e+01
2.794684457035054947e+01
2.810036464022141445e+01
2.821208853559710406e+01
2.827244088991301396e+01
2.818870048571716325e+01
2.816818158135583872e+01
2.799450686605223382e+01
2.804585527703329717e+01
2.808006317759191006e+01
2.796788395105522795e+01
2.835366886019573940e+01
2.838830423198805875e+01
2.859117456626654530e+01
2.846231192642107999e+01
2.857003369225503775e+01
2.884437519620223611e+01
2.886454512842965414e+01
2.889659913621790110e+01
2.878643327337113078e+01
2.878003226294686101e+01
2.917307287539915706e+01
2.912272967086983044e+01
2.930674228947555093e+01
2.927055108973308961e+01
2.924792189150775812e+01
2.912254702064819867e+01
2.915656016457660371e+01
2.920597295729703546e+01
2.940147418692185965e+01
2.941164469651948821e+01
2.946659361751835604e+01
2.943503786004202993e+01
2.935886652552699161e+01
2.946375608840025961e+01
2.932219985269966855e+01
2.931756852264061308e+01
2.932583859077112720e+01
2.912913518474306329e+01
2.911131131534466476e+01
2.893204870876343193e+01
2.900417383365493151e+01
2.888566146659013611e+01
2.893964112128696797e+01
2.886403704681333693e+01
2.892298659399784810e+01
2.898122770959798800e+01
2.899625061681081206e+01
2.887216851238690651e+01
2.905232873937484328e+01
2.930648542987501060e+01
2.936285722782440644e+01
2.926058968258303139e+01
2.914472678454103516e+01
2.904001993448991925e+01
2.910189354845715570e+01
2.913389489518885966e+01
2.925431502029641706e+01
2.912826336396028637e+01
2.894893525086899899e+01
2.917888675192989467e+01
2.924218539333514855e+01
2.910197923905434436e+01
2.894246372778297882e+01
2.905189719160625827e+01
2.893214275484979225e+01
2.888066885463331346e+01
2.895759571349390171e+01
2.886403131531824329e+01
2.893101310602469312e+01
2.880416589937340177e+01
2.872642025804680088e+01
2.861659154533208493e+01
2.865148294422306208e+01
2.846839059386002191e+01
2.842601587641229344e+01
2.839077734112424878e+01
2.848216593541019392e+01
2.850475534802308175e+01
2.868684529595793720e+01
2.896667064352459420e+01
2.907611526170876459e+01
2.915850803407693093e+01
2.914135547325531661e+01
2.926056700878325501e+01
2.914133000274659935e+01
2.913204316129395011e+01
2.904905479416629532e+01
2.910986462816163112e+01
2.907988726292842330e+01
2.885995490951108877e+01
2.873149873716693037e+01
2.904044216484317076e+01
2.903204555142247045e+01
2.924875365051548215e+01
2.915408443274600359e+01
2.947218496859204606e+01
2.972154822692345988e+01
2.987860742538896375e+01
2.976535950381185103e+01
2.952592533036840905e+01
2.973858726445541834e+01
2.968816331543621345e+01
2.978963040917460603e+01
2.975579165095541612e+01
2.989431665244183023e+01
2.981211274736961059e+01
2.984876946132044395e+01
2.990541814519701802e+01
2.991385552200199527e+01
3.001346639232860980e+01
3.015072001589032880e+01
3.028362101149059527e+01
3.025492526404104865e+01
3.009921321443289344e+01
3.019127091238760840e+01
3.014298425626247990e+01
3.009313559360043655e+01
3.016695044152766059e+01
3.017362873410820612e+01
3.032917186357690298e+01
3.034971991470729336e+01
3.000027892765410797e+01
3.007067606205691845e+01
3.001101505908582112e+01
3.001683421438974619e+01
2.992894400244085773e+01
2.996490440399838917e+01
2.992416202381355106e+01
3.005987263604765758e+01
2.989882803268619682e+01
3.009717150291726284e+01
2.996214324526954442e+01
2.993853211732584896e+01
3.015079703682522450e+01
3.015986855961318724e+01
3.015705646746482671e+01
3.010937071332318737e+01
2.995563391596124347e+01
3.005109952128213990e+01
3.006941884188654512e+01
2.986110710408684099e+01
2.985204347289300131e+01
2.992074267526868425e+01
2.989972433924140205e+01
3.001025807161340708e+01
3.002601422204043047e+01
3.003760240870906273e+01
2.997403168745859148e+01
2.997028532315880511e+01
3.023718287555857387e+01
3.004743682023718065e+01
3.039763126830484907e+01
3.052099185266934001e+01
3.046024803571890516e+01
3.032967128642576427e+01
3.039105792337068124e+01
3.067227978201026417e+01
3.075936696286453298e+01
3.083257130464562579e+01
3.070837720152621841e+01
3.077856115240228974e+01
3.074717266654579362e+01
3.113387400646661263e+01
3.093309335982212360e+01
3.086061226761239595e+01
3.077167439400318472e+01
3.077230003251861490e+01
3.081516129183091834e+01
3.063622785759844191e+01
3.048976707501651617e+01
3.039655008589579666e+01
3.014964156813448426e+01
3.037088154563207354e+01
3.033201903848976144e+01
3.059614633457522359e+01
3.048627404765875326e+01
3.064583312342165300e+01
3.065054018469345465e+01
3.035979825097774665e+01
3.072225271132629132e+01
3.082026735885938251e+01
3.062547692425641799e+01
3.079395368554969536e+01
3.057463714865889415e+01
3.085265967806344634e+01
3.077991914683389041e+01
3.076951524573178176e+01
3.076789490197825216e+01
3.071358969977745801e+01
3.069689007478564235e+01
3.057252254926288515e+01
3.067651623394249327e+01
3.081558309286947406e+01
3.070179561912300414e+01
3.092874377156613264e+01
3.115512536984351755e+01
3.123140050244091981e+01
3.098277288928647977e+01
3.097798645359398506e+01
3.118535375182909775e+01
3.113642119425958299e+01
3.115339402633617283e+01
3.107708197614101664e+01
3.113590660855970782e+01
3.124332134583210063e+01
3.134647771762593038e+01
3.136938140238635242e+01
3.131551848479102773e+01
3.144561175249236840e+01
3.169908942509482586e+01
3.164141393139243519e+01
3.145940524052366527e+01
3.132091206430141028e+01
3.150172806336013309e+01
3.135338791102230971e+01
3.143934253992028971e+01
3.121957615232940952e+01
3.112950746211345177e+01
3.102615016558911520e+01
3.095261481018405902e+01
3.088950606869366311e+01
3.088880438672686068e+01
3.105902083844739536e+01
3.088910745357725318e+01
3.081696773398016376e+01
3.088908609560394325e+01
3.092547858687021289e+01
3.100714009933153648e+01
3.105756232937665118e+01
3.084953290862222275e+01
3.073562726076352192e+01
3.070110317426861002e+01
3.058959218258632973e+01
3.070116343985318963e+01
3.072828427133936202e+01
3.065519490377255352e+01
3.083670744616438242e+01
3.097948502985582309e+01
3.095225553317504819e+01
3.103958774740158333e+01
3.104181143953474020e+01
3.129632267424904057e+01
3.114097022976420703e+01
3.112955535490436887e+01
3.123325931633235086e+01
3.126561234631935804e+01
3.120328395257820375e+01
3.138662532281614403e+01
3.140046242183552749e+01
3.156848495235226437e+01
3.204239986534685158e+01
3.208659555872463898e+01
3.222946250122276979e+01
3.194571231282588997e+01
3.184515054714347571e+01
3.166336187520028034e+01
3.182737817751603870e+01
3.187995985775569352e+01
3.186523406102196532e+01
3.211826764702755099e+01
3.219589105476279656e+01
3.245487741139822901e+01
3.291477246659087541e+01
3.291537429962909300e+01
3.301477011570614195e+01
3.308356231298739658e+01
3.302775393321189767e+01
3.298521292215082212e+01
3.300142854344767329e+01
3.286387334263145021e+01
3.294214471645955200e+01
3.354755331594515155e+01
3.354661097213647736e+01
3.384633768399044129e+01
3.378505552644173804e+01
3.382988728823147540e+01
3.408358429003237688e+01
3.390299373318430298e+01
3.385275443292630371e+01
3.398704699290692588e+01
3.374637943117477334e+01
3.393166984091294580e+01
3.422785705512751520e+01
3.415180714727421218e+01
3.415058103009050683e+01
3.433087941339272220e+01
3.432044688634914564e+01
3.432286215908789018e+01
3.435889094753929385e+01
3.420760210001481028e+01
3.392830388506217787e+01
3.421650883060146953e+01
3.450836636417170666e+01
3.435552160627912599e+01
3.449157128213255419e+01
3.440005095029164295e+01
3.432177071961859838e+01
3.422739692843015291e+01
3.436074777151861781e+01
3.434480054195455523e+01
3.430438267051158618e+01
3.463904500506896511e+01
3.465556682879514483e+01
3.461503190820394593e+01
3.491791524009295244e+01
3.492842035680678237e+01
3.451581376736203310e+01
3.503382439783081281e+01
3.503273112941224099e+01
3.506226289650248873e+01
3.475323341281773537e+01
3.490867867025008309e+01
3.479398825917542126e+01
3.502286893869404594e+01
3.487432442486851869e+01
3.475387078433277566e+01
3.481661061465047169e+01
3.473454065361420362e+01
3.498013634985090903e+01
3.544394992106890641e+01
3.555549954836988036e+01
3.558462790082376159e+01
3.540614655731314997e+01
3.572529125055552868e+01
3.574446402504008802e+01
3.567452924410417836e+01
3.566613865202452871e+01
3.565514684509025756e+01
3.571797690536868686e+01
3.576672512557979644e+01
3.585361545868499888e+01
3.572690031148795242e+01
3.580953009807035414e+01
3.589271539035826208e+01
3.581096529300657494e+01
3.591813207658015017e+01
3.593891091794921522e+01
3.597261620433937424e+01
3.607083896027143055e+01
3.596032089983054902e+01
3.614120748617915524e+01
3.617383497615946908e+01
3.601277690349661498e+01
3.614137285298284041e+01
3.599800893873089080e+01
3.627434365585622800e+01
3.621979396661163264e+01
3.612162484281589059e+01
3.597345609946432887e+01
3.572140430036370162e+01
3.571734325127681586e+01
3.578954367788628588e+01
3.591124110918235601e+01
3.556819385489916385e+01
3.594925663848653130e+01
3.617992179525253960e+01
3.646264069383551032e+01
3.652481727377289644e+01
3.642544957871496081e+01
3.645848413271824029e+01
3.640661571779173755e+01
3.644950254752166074e+01
3.639734921357785424e+01
3.649103289703589326e+01
3.673923461264121215e+01
3.667738846565225685e+01
3.685625932669518079e+01
3.692927140668552966e+01
3.681651460488819794e+01
3.695740165018924017e+01
3.689026259284310072e+01
3.705566492640264187e+01
3.753952880324823127e+01
3.752019356399932803e+01
3.755068419711142269e+01
3.761462291138013825e+01
3.774197606794132298e+01
3.798786444473398660e+01
3.790334195598961742e+01
3.786540306677443368e+01
3.780279832918313332e+01
3.793301038680920101e+01
3.802904566644201623e+01
3.814321041809671442e+01
3.830567075673343425e+01
3.852963672800842687e+01
3.849789149886601081e+01
3.852514184948859111e+01
3.854963282495964449e+01
3.879922523504819765e+01
3.855467167019696717e+01
3.883665121264584741e+01
3.883331344851285394e+01
3.882051218960532424e+01
3.888056974747269123e+01
3.884344735722834230e+01
3.899217713444068067e+01
3.886330657716780479e+01
3.895542253489702489e+01
3.886383586218516939e+01
3.898924676255228405e+01
3.919536217760378349e+01
3.956523176822656751e+01
3.949924267161759417e+01
3.970582631119305006e+01
3.969274273296923639e+01
3.968453869845825466e+01
3.963342615818601189e+01
3.990546529119865227e+01
4.004558409259334439e+01
4.018459636470515761e+01
4.023724282305011002e+01
4.035307407599066210e+01
4.045964512457749152e+01
4.076297858030511634e+01
4.080220795858622296e+01
4.083802713293425768e+01
4.084570317850830179e+01
4.093351846594669041e+01
4.118343501736853796e+01
4.120884071917362235e+01
4.114613947848511089e+01
4.106484465823632490e+01
4.098689896126097665e+01
4.082942918086064310e+01
4.108167009746330223e+01
4.124742848428468278e+01
4.120524826397513607e+01
4.122308468312940022e+01
4.110833598665612953e+01
4.098355883021213231e+01
4.083404763420776362e+01
4.097099781906354110e+01
4.087183053594253579e+01
4.092456992468396493e+01
4.096328767038357910e+01
4.110772967030197833e+01
4.108374243570733597e+01
4.136438623720914620e+01
4.156302914023444828e+01
4.138000021579455279e+01
4.134367993581963674e+01
4.152487660526458058e+01
4.140759024847056935e+01
4.152049170878854056e+01
4.166817374898391790e+01
4.159486718742846278e+01
4.151111435607572275e+01
4.151762113096538087e+01
4.155893624708687639e+01
4.139456876957774512e+01
4.114229300773877185e+01
4.146902131271190228e+01
4.135228141185825734e+01
4.145014540645752277e+01
4.135668927453252763e+01
4.118684837155933565e+01
4.126306218879699372e+01
4.116506558703849805e+01
4.103655076923723755e+01
4.092901900870310783e+01
4.114780758842243813e+01
4.136449641941408117e+01
4.161383415713135037e+01
4.159630367357794967e+01
4.164132236008390464e+01
4.149907632294343784e+01
4.169706101441579449e+01
4.185895685787818365e+01
4.175096612344032110e+01
4.174805914732860401e+01
4.199358805772590131e+01
4.200998691122822493e+01
4.188753985164248661e+01
4.185657483074874108e+01
4.189666043423540032e+01
4.189213883256661575e+01
4.178300625506471988e+01
4.176841380642235890e+01
4.199518988807085407e+01
4.201760034722019554e+01
4.210290294635342434e+01
4.199738064083976496e+01
4.179992107374437182e+01
4.166333297610799491e+01
4.161645815020256123e+01
4.146908092249259425e+01
4.146284850617439588e+01
4.158993079179299457e+01
4.177027129214502565e+01
4.172125664582063109e+01
4.153919810004435931e+01
4.144972605074190142e+01
4.144406472888294957e+01
4.159517161926714834e+01
4.149128587775066990e+01
4.135913445591540949e+01
4.131498639134133555e+01
4.133003346750911078e+01
4.139258738553644434e+01
4.176313281225657192e+01
4.182237868431866445e+01
4.194496192820770375e+01
4.179181974039875058e+01
4.176951813792356916e+01
4.175178094330021850e+01
4.187242548431822797e+01
4.173361742887573200e+01
4.164531379317350002e+01
4.164726466162164797e+01
4.153350837227117154e+01
4.172962927216030948e+01
4.186152616824119832e+01
4.173652911642739127e+01
4.184484589593193959e+01
4.192188704808677358e+01
4.170493910603227050e+01
4.179379978755969205e+01
4.154816409682462108e+01
4.150017456683281125e+01
4.170102604601243002e+01
4.182224528820643172e+01
4.165553299440898627e+01
4.156152416229633673e+01
4.160030863920883348e+01
4.159639536105078150e+01
4.151970944170761868e+01
4.163493587439506882e+01
4.158130037066484874e+01
4.159594595439875775e+01
4.142328408396451778e+01
4.140236052083218965e+01
4.131171565017029934e+01
4.153358406105235190e+01
4.144681211299030110e+01
4.153312115535209159e+01
4.164504467775986996e+01
4.169330105501148864e+01
4.189283697021483022e+01
4.170100687183821719e+01
4.178958421959714542e+01
4.167657738426032665e+01
4.161374177229163251e+01
4.158253509363612466e+01
4.178536245911300284e+01
4.178868592681101291e+01
4.198498049030558832e+01
4.187627994519380081e+01
4.183893176170067818e+01
4.165909481908420275e+01
4.153076121163303469e+01
4.155824247950113204e+01
4.151976750532321603e+01
4.141815046493229602e+01
4.140631614158928642e+01
4.159747519453003406e+01
4.167195057503340649e+01
4.166651234562459649e+01
4.168819335056059572e+01
4.182511407847823648e+01
4.174961696797299737e+01
4.181878402398751859e+01
4.180363856959911573e+01
4.182181946236187287e+01
4.180729085928214772e+01
4.164356288878207124e+01
4.170961981475329594e+01
4.157015880637663940e+01
4.132965962818389016e+01
4.135380427800964753e+01
4.129942136167073841e+01
4.123891902364857742e+01
4.127473929136294828e+01
4.114246754375380988e+01
4.087949416365290745e+01
4.101188452182350375e+01
4.113605959790675115e+01
4.114256358623424603e+01
4.191003384534815268e+01
4.215728557449301661e+01
4.207245878083904245e+01
4.179375752105806896e+01
4.158435185593725691e+01
4.155908054881365388e+01
4.176384270598191506e+01
4.167688807878903390e+01
4.172339679020524272e+01
4.179621956356641022e+01
4.208393113017928044e+01
4.204075585781038171e+01
4.235267012179065205e+01
4.251734938532172237e+01
4.265785992255177916e+01
4.260537420286573251e+01
4.254278208612231538e+01
4.262656750174846820e+01
4.264083316179767280e+01
4.258218569106202267e+01
4.236980850277905120e+01
4.215010728869083323e+01
4.221887663294501181e+01
4.253732887164778731e+01
4.249032552895823756e+01
4.268149393686826443e+01
4.251196174221786350e+01
4.264706392402422352e+01
4.266832997358278590e+01
4.266358850692131455e+01
4.256607371441759824e+01
4.269063225107629478e+01
4.287114741724280975e+01
4.306388298276897331e+01
4.322817277667127200e+01
4.341842697594347555e+01
4.358762042439593642e+01
4.359411795287360292e+01
4.352648423632354024e+01
4.355897213898970222e+01
4.351207056336261303e+01
4.364371836719919884e+01
4.371060993479932222e+01
4.381681788391688315e+01
4.358167049545454574e+01
4.347782736531053160e+01
4.336726924510276149e+01
4.321649752029316005e+01
4.334884904769614877e+01
4.330019076185271842e+01
4.313486706068943022e+01
4.319490324698108452e+01
4.312414567434916535e+01
4.315543323357269401e+01
4.324269024272007300e+01
4.299544139928093500e+01
4.283611891629197999e+01
4.292317604974232381e+01
4.291405348330181369e+01
4.290797591836007996e+01
4.291985614641453139e+01
4.294740626425209484e+01
4.301564819369878023e+01
4.292962204372906854e+01
4.291974206869008412e+01
4.290025639337954999e+01
4.307748594024269551e+01
4.304308960264143025e+01
4.330304570795897234e+01
4.322822020738612991e+01
4.311243899262490231e+01
4.295503591393162424e+01
4.282351064260501516e+01
4.292423865768068936e+01
4.303771443219602588e+01
4.308846930003983289e+01
4.302183073915148270e+01
4.349424536435799382e+01
4.382464297621663718e+01
4.360995146061941341e+01
4.348638131662164596e+01
4.335557089611438641e+01
4.327165605316258734e+01
4.329119505593962458e+01
4.324809617899018122e+01
4.335614780864079876e+01
4.346538835613137053e+01
4.358747918954713896e+01
4.364293307674006428e+01
4.352060099071195509e+01
4.358869997085912473e+01
4.355332131188424682e+01
4.333247566593126976e+01
4.331002852836081729e+01
4.320053614860808011e+01
4.309443301755436551e+01
4.307226832090736934e+01
4.326265667579127694e+01
4.311551012343716138e+01
4.319540880679414840e+01
4.324982333893467512e+01
4.346852351665165770e+01
4.375983518527391425e+01
4.372498739074080731e+01
4.353911545321807353e+01
4.345096118902438320e+01
4.337125979308120804e+01
4.334362386939073986e+01
4.345196793777950006e+01
4.324585538199153234e+01
4.351613981986065482e+01
4.359016697279412256e+01
4.358521630426139382e+01
4.353977550161016552e+01
4.351623960771485145e+01
4.354221373983182275e+01
4.363613180263837421e+01
4.343117828557706162e+01
4.347121333316272285e+01
4.352179008214716305e+01
4.351131897978712004e+01
4.337989824027636132e+01
4.344527628974901745e+01
4.329724996701588680e+01
4.338982592677666617e+01
4.369961031447746791e+01
4.379930363640187352e+01
4.375230848157525543e+01
4.383850329918914213e+01
4.387851321675861982e+01
4.394713207676886668e+01
4.378563736565592990e+01
4.409216696744442743e+01
4.420378982405509305e+01
4.425681275564966199e+01
4.433783833638335636e+01
4.421498633978035286e+01
4.446419950943663935e+01
4.438907406689304480e+01
4.439119837884709341e+01
4.436939287864197468e+01
4.432724873173083324e+01
4.422966564237322018e+01
4.425611863232870746e+01
4.434724140256184910e+01
4.464082239696381293e+01
4.443397225356329727e+01
4.428506011652098096e+01
4.491159559763673315e+01
4.487760335217990360e+01
4.484766279007862977e+01
4.480355542793131463e+01
4.505111796228811727e+01
4.528419323913021799e+01
4.511183338045884739e+01
4.526903426455010049e+01
4.539757380331911918e+01
4.523596825694539802e+01
4.504792204909563225e+01
4.499729918113371241e+01
4.491167101962946617e+01
4.493133544301963411e+01
4.491744513762296265e+01
4.488081308844721207e+01
4.495125744704682802e+01
4.491626135742535553e+01
4.483815595772011875e+01
4.507648759416269968e+01
4.510233757275000244e+01
4.482518213293042209e+01
4.500835565230045177e+01
4.494148536178681752e+01
4.493615679777803962e+01
4.479950802885014127e+01
4.480650176017843478e+01
4.485033308448009848e+01
4.484245163087143737e+01
4.510017301419520663e+01
4.516650878844757244e+01
4.516444234858226991e+01
4.511884748279317137e+01
4.503870599143147047e+01
4.506652802631015220e+01
4.511340583624496503e+01
4.539960273443375627e+01
4.546553607337318681e+01
4.537357490083968514e+01
4.529325686228139602e+01
4.537519517676901160e+01
4.525880775495079433e+01
4.525790821516875440e+01
4.518905149244073982e+01
4.508585267558328269e+01
4.513269337550582350e+01
4.517254349566383098e+01
4.534605832203669706e+01
4.540865497460163169e+01
4.556676644236631546e+01
4.560006702147893520e+01
4.543027572166374739e+01
4.538824788709416680e+01
4.544374969790442265e+01
4.555998778454750209e+01
4.576095694113882928e+01
4.580810922967702936e+01
4.569534934645253088e+01
4.575132611143453687e+01
4.561468317563094388e+01
4.551971369738748763e+01
4.546219674612348172e+01
4.538460772215012184e+01
4.566298505403028685e+01
4.562575233335655867e+01
4.559301194062300056e+01
4.562774510352573998e+01
4.580314242138865666e+01
4.576791722160669451e+01
4.596720481694819682e+01
4.597038119232684039e+01
4.595452820368063840e+01
4.590390573033710098e+01
4.585153213608646183e+01
4.574222221111085673e+01
4.595513979191991893e+01
4.596407276532227115e+01
4.605819215718747728e+01
4.600020309476758484e+01
4.588565076857730674e+01
4.578235801001301297e+01
4.584546934756508563e+01
4.573462591160796364e+01
4.576091699307244198e+01
4.604901185314429313e+01
4.594130595814749540e+01
4.570643590326653793e+01
4.593484158878982271e+01
4.596498497222091828e+01
4.596648181627324448e+01
4.599609835112823930e+01
4.594680017964583385e+01
4.607292052788352521e+01
4.624735530514999482e+01
4.626004109054611035e+01
4.626822410369913996e+01
4.616802110861181063e+01
4.623216424608608577e+01
4.630179982669096717e+01
4.630132038317697152e+01
4.627261483819256682e+01
4.638962724617204003e+01
4.648291119056511889e+01
4.630579230763942178e+01
4.622578903364319558e+01
4.626357166228899587e+01
4.645430948464763787e+01
4.633555971837722609e+01
4.640377870914744562e+01
4.625722012285859819e+01
4.617501807942608139e+01
4.630792632488692107e+01
4.637894035048066144e+01
4.622513377370660237e+01
4.627115567146711328e+01
4.625065547766962482e+01
4.620287859955124077e+01
4.630920113228603441e+01
4.616960506506757156e+01
4.623218276939405769e+01
4.619196705208150888e+01
4.624097719847668486e+01
4.610104014357693814e+01
4.625111378704605158e+01
4.641328837701166776e+01
4.635417264093803169e+01
4.648854319574957117e+01
4.664848816961284683e+01
4.665839911127750383e+01
4.667414510309436082e+01
4.662041114017893051e+01
4.649190886174574189e+01
4.683503295093851193e+01
4.679120513384896185e+01
4.681515233522122799e+01
4.658849142422332079e+01
4.667453232462275992e+01
4.682558908113196594e+01
4.688031111873033296e+01
4.696426274792793265e+01
4.685524039365145654e+01
4.667208249572104251e+01
4.664829183205301888e+01
4.649782154424974578e+01
4.641900010887411554e+01
4.624542131225780395e+01
4.642734432087854657e+01
4.624045433452420184e+01
4.614230456267659974e+01
4.609452026040162309e+01
4.621923759857554614e+01
4.609839311209543666e+01
4.608184316831193428e+01
4.601852167483866651e+01
4.583935679988917400e+01
4.590656899580881145e+01
4.614895415158525793e+01
4.607392817039135480e+01
4.605992423519546719e+01
4.612036234623201381e+01
4.613670638988423889e+01
4.621787556768549621e+01
4.623020954288040230e+01
4.635118285048338294e+01
4.630967548563694436e+01
4.643083470585861505e+01
4.640617180948720488e+01
4.651802395241747945e+01
4.655041495250043226e+01
4.647968942235138456e+01
4.643374879188240811e+01
4.636982990412298022e+01
4.629837943196525885e+01
4.630808051049643836e+01
4.622049941014620345e+01
4.632454170720848197e+01
4.632232049636786542e+01
4.631649673394849742e+01
4.645623420512629309e+01
4.632733596506795948e+01
4.613516838798523167e+01
4.616112907313117830e+01
4.615490420513788195e+01
4.595014724807697348e+01
4.587869258107321002e+01
4.588941412636722816e+01
4.577868955693975295e+01
4.562388418235423160e+01
4.560909039843454593e+01
4.576106354000194187e+01
4.575014229648149922e+01
4.590600642172967127e+01
4.585682352635330972e+01
4.581555299328647379e+01
4.580572746234338410e+01
4.592941263624334169e+01
4.600083427740992192e+01
4.611961060588237160e+01
4.603688337785160911e+01
4.600825844822293220e+01
4.607530755302605030e+01
4.605946741721254512e+01
4.592454990096166512e+01
4.579742467679079709e+01
4.564993909160466501e+01
4.550258442516224022e+01
4.524811813662836357e+01
4.523039811748412831e+01
4.536856445608600552e+01
4.540174713360511305e+01
4.533729402101789674e+01
4.555084557316513383e+01
4.561767897862182508e+01
4.590652145987041877e+01
4.593411254004422517e+01
4.575451467662378491e+01
4.573610790404063664e+01
4.568929282982844597e+01
4.556160261021477709e+01
4.551434623620662023e+01
4.538412584287789286e+01
4.551566269482509597e+01
4.552978006225202989e+01
4.532869752170472566e+01
4.525299500191476909e+01
4.528004011933217043e+01
4.519568025772923647e+01
4.513984847524989164e+01
4.513959732771809286e+01
4.526487779519493415e+01
4.527226895537569362e+01
4.532228344353325156e+01
4.528788846102452226e+01
4.534036840168528215e+01
4.536885870661808440e+01
4.528199900758500007e+01
4.524251606713414731e+01
4.523323055364926404e+01
4.521610967077504029e+01
4.550846210887266352e+01
4.560185239556358283e+01
4.558170542588322860e+01
4.587887386049942506e+01
4.602622920664180128e+01
4.577997986610807857e+01
4.575184858151260414e+01
4.579412872892771702e+01
4.574422577792847733e+01
4.582724778031251844e+01
4.575280020645413970e+01
4.565570585111618129e+01
4.556018932071128802e+01
4.544845900544851247e+01
4.558595945211300204e+01
4.560083027904283881e+01
4.564459637857498819e+01
4.560087968148263826e+01
4.543584162455545084e+01
4.541471765271217009e+01
4.530168821880715768e+01
4.532007392557488856e+01
4.514155659424250189e+01
4.513032394738229414e+01
4.514059712025209592e+01
4.526564637971205229e+01
4.532956180265955481e+01
4.537298318035254852e+01
4.527227552712383840e+01
4.521292808745238290e+01
4.506174714421740646e+01
4.527547523794692097e+01
4.511922315131369032e+01
4.515606836303595628e+01
4.529646373563218731e+01
4.520441501480809166e+01
4.506487346409539896e+01
4.505955360275584098e+01
4.491229055164831152e+01
4.499261380640200514e+01
4.499776757885501866e+01
4.499727264769626345e+01
4.498363237360626954e+01
4.481924918433196581e+01
4.471712812003761428e+01
4.468361064352984613e+01
4.464791187048786014e+01
4.458358399332519184e+01
4.464373549429410559e+01
4.457233524385446799e+01
4.480574975105264457e+01
4.494818846887847030e+01
4.500567188237664595e+01
4.483097550629918260e+01
4.480036384545928740e+01
4.501075736519942438e+01
4.507787982301533702e+01
4.524196173824384459e+01
4.547146522446109884e+01
4.547201457527489765e+01
4.533630648136613672e+01
4.532721538769783365e+01
4.515068732149848074e+01
4.512686320273269303e+01
4.535660748848658841e+01
4.544837369605784261e+01
4.540287776881859827e+01
4.538082567612400453e+01
4.543236697023712622e+01
4.519406625853389414e+01
4.503164942520743352e+01
4.490628991396442871e+01
4.505128761495643630e+01
4.488789471954123655e+01
4.519321987751845882e+01
4.497924980394827799e+01
4.505536757251593372e+01
4.510566774447170246e+01
4.509384760978900886e+01
4.522045085888248650e+01
4.517786455207442486e+01
4.518495211003073564e+01
4.508849412634481268e+01
4.502709652900966830e+01
4.498831496459115442e+01
4.517009066164519027e+01
4.517686239645308888e+01
4.507799066571215008e+01
4.492476027800375959e+01
4.512277449395242002e+01
4.494951907597260288e+01
4.495393934532648927e+01
4.491144528080985765e+01
4.494463612694471522e+01
4.503454713732890013e+01
4.509792966058512320e+01
4.507587054977375374e+01
4.529985887712609838e+01
4.527077966301794731e+01
4.533542703947614427e+01
4.549791287032712717e+01
4.555252792285773467e+01
4.558266651073154208e+01
4.562174082191495472e+01
4.550959389817990086e+01
4.561015791849149537e+01
4.568684845672532902e+01
4.558140349658697232e+01
4.552685847656903206e+01
4.549294691198747387e+01
4.551261783008158091e+01
4.539627775823282718e+01
4.520095955364286056e+01
4.517449778465334020e+01
4.513617738063294382e+01
4.549627806655598761e+01
4.542099447183363736e+01
4.561857091583851798e+01
4.560357463398531763e+01
4.534508487982748193e+01
4.517017271371651077e+01
4.511708765260755172e+01
4.491596721590667585e+01
4.485845643228140034e+01
4.486656856567469731e+01
4.472610841235655244e+01
4.455588993194805880e+01
4.478528843980757301e+01
4.472976007653869601e+01
4.460936019595874313e+01
4.449590942073064070e+01
4.448301657701358636e+01
4.464768529656566898e+01
4.452461760364121801e+01
4.460864481511771373e+01
4.457774348987959456e+01
4.449550375910575895e+01
4.446254052138783663e+01
4.449792786967873326e+01
4.447048377239343608e+01
4.451016159413666173e+01
4.445769649454950923e+01
4.452404188527316364e+01
4.459371855599965784e+01
4.457651988343877747e+01
4.438467038640510509e+01
4.434079047975819776e+01
4.445217685997249646e+01
4.467278187131887535e+01
4.463574212367029759e+01
4.463396447746708873e+01
4.450006270939729802e+01
4.448584512878596797e+01
4.444134615356051654e+01
4.432110899066810816e+01
4.421840326079427541e+01
4.429552003693015649e+01
4.439192518302252211e+01
4.444479643601971475e+01
4.435476545780966262e+01
4.428168320205122654e+01
4.441318097226030659e+01
4.440192049368033622e+01
4.438710208548127412e+01
4.428422150972983218e+01
4.431438654262683485e+01
4.414629804587502804e+01
4.402027968973243333e+01
4.403213038333160512e+01
4.397343698080794638e+01
4.383780369869828064e+01
4.390758894557575331e+01
4.410693838254610455e+01
4.421669412974370061e+01
4.421365367365024213e+01
4.426279283680742083e+01
4.439019446994825557e+01
4.440327420816038284e+01
4.428159422524004185e+01
4.432784374327547994e+01
4.423614989923908070e+01
4.429026159243676375e+01
4.431457303128081548e+01
4.415378376166290764e+01
4.421663084878764494e+01
4.407966234764489855e+01
4.408176685748730961e+01
4.404423627595178914e+01
4.407870266780855673e+01
4.406458150521075368e+01
4.392074976029698519e+01
4.378503521601942339e+01
4.377276116221173652e+01
4.373198290504524266e+01
4.400151503990673518e+01
4.398597463491250892e+01
4.405591506486689468e+01
4.407940458611119539e+01
4.412055269990423767e+01
4.420430672723250609e+01
4.423568272931879619e+01
4.434596481267362833e+01
4.418663874494495758e+01
4.441588045355501890e+01
4.481170690795079281e+01
4.469132358244360148e+01
4.484016888270298296e+01
4.473578974581278089e+01
4.479709860437242241e+01
4.467165955584368930e+01
4.467843388576147845e+01
4.457610001620878393e+01
4.483585547633538226e+01
4.474648299714272071e+01
4.461548068602496642e+01
4.467039383351493598e+01
4.455083273060063220e+01
4.441956476908353579e+01
4.426329679021137053e+01
4.434052793666933212e+01
4.443231644577508632e+01
4.462081291981166942e+01
4.466177110644912318e+01
4.465341008723680716e+01
4.475992662277258205e+01
4.467880747801700636e+01
4.474689694772769144e+01
4.473796898778664399e+01
4.456381899667258040e+01
4.470412760092267490e+01
4.478609765472856452e+01
4.453370478867600468e+01
4.480185547970495463e+01
4.478852232136068778e+01
4.473124417124154206e+01
4.474867210973570764e+01
4.472536642551949626e+01
4.472673540017285632e+01
4.481324377652344992e+01
4.496479814818121667e+01
4.520073804085450320e+01
4.501046585094718466e+01
4.494806132564781365e+01
4.506664915196597576e+01
4.496688861066240861e+01
4.480823909091941459e+01
4.497029560634382506e+01
4.501680864785384983e+01
4.523318605055328590e+01
4.517466035768848087e+01
4.516241547121626354e+01
4.505831876094407562e+01
4.517947937975122841e+01
4.520483257142450384e+01
4.530864209020228373e+01
4.551675974781664991e+01
4.550003176302061547e+01
4.559117274996970082e+01
4.573757562577839053e+01
4.574294150644936963e+01
4.557775262215636758e+01
4.531879817380695386e+01
4.535348371395139111e+01
4.535713296749736401e+01
4.549344918796759885e+01
4.541030017668572327e+01
4.564236906423457185e+01
4.567635002220004026e+01
4.559251741597154250e+01
4.549953198737557614e+01
4.582730890326320150e+01
4.578899913257600929e+01
4.572082787653016567e+01
4.580619304810943504e+01
4.565514436174089496e+01
4.565364670525877955e+01
4.561704254476399001e+01
4.558004105750524104e+01
4.567046874700145054e+01
4.561371889624615505e+01
4.560486599953219411e+01
4.545284179001282610e+01
4.534195273586556141e+01
4.540241042296838714e+01
4.546318515845587171e+01
4.542190407799535024e+01
4.541068242998835558e+01
4.530575332186208470e+01
4.527928353777133452e+01
4.526933781684056157e+01
4.518013575611303168e+01
4.513527410684582719e+01
4.517115772697115972e+01
4.526053332916990257e+01
4.512584221584438637e+01
4.510409280792964637e+01
4.504595718306154595e+01
4.501435623799625318e+01
4.496591732822662379e+01
4.504506758590105164e+01
4.504441655242135312e+01
4.500999335488131692e+01
4.494093910057381436e+01
4.482441872903791591e+01
4.476291192229064109e+01
4.477667716545738585e+01
4.497219457229675754e+01
4.503415733373140029e+01
4.508246312254641452e+01
4.510367594851777540e+01
4.503777624981694316e+01
4.502458957558656039e+01
4.496428669142142098e+01
4.490856169857306668e+01
4.494077480421037762e+01
4.501449707720939841e+01
4.496517240949515326e+01
4.500514797381083554e+01
4.488832687111471387e+01
4.491076304829311994e+01
4.484116373527740507e+01
4.466969891944199844e+01
4.450124088287157065e+01
4.455050524125408629e+01
4.454474408208488967e+01
4.441393027331832855e+01
4.440563272278268414e+01
4.438055928584299181e+01
4.439761322483172989e+01
4.446033415894044083e+01
4.444351387919323315e+01
4.464085528405757941e+01
4.458050147137691965e+01
4.451023175373711638e+01
4.474156376004066260e+01
4.476875872907157827e+01
4.496808168019833829e+01
4.503106745726472582e+01
4.512611737461520534e+01
4.522987606832930396e+01
4.513435430560366513e+01
4.513886590921447350e+01
4.516216309286573960e+01
4.510112468051829637e+01
4.509811628673605810e+01
4.513985966620293766e+01
4.515375777329791163e+01
4.536683009764556118e+01
4.536341247393011145e+01
4.546184372212383096e+01
4.546595263116432761e+01
4.553411936198699550e+01
4.558276609277027092e+01
4.561952725949640808e+01
4.556621949496184243e+01
4.559757726931957222e+01
4.577486105161096930e+01
4.574666208316784832e+01
4.563334030318173973e+01
4.550413616846617515e+01
4.538157734256992626e+01
4.530872339623965672e+01
4.540720483011500619e+01
4.546471183562653096e+01
4.544897756585305615e+01
4.544194080016177395e+01
4.555338413331219272e+01
4.559904961613347041e+01
4.547852813860708920e+01
4.544031767201295224e+01
4.542690459103368994e+01
4.552793388394456997e+01
4.564037546071176621e+01
4.573379200499130093e+01
4.582427291624480858e+01
4.569062138500839865e+01
4.568117687420135553e+01
4.559952551199694426e+01
4.558537258075512000e+01
4.544670997203638763e+01
4.553108937214847174e+01
4.545609685115323373e+01
4.551855470605323717e+01
4.550142702613902657e+01
4.572578261045509862e+01
4.560685884135409651e+01
4.561988370801464043e+01
4.557661088511713388e+01
4.577437023766788116e+01
4.585056691258932915e+01
4.587120301874711004e+01
4.584760512118236875e+01
4.594414251834132301e+01
4.590778614387090784e+01
4.615550530782684291e+01
4.607590288994924776e+01
4.610948217563282014e+01
4.607771293724044881e+01
4.599863840012449145e+01
4.640298083476864122e+01
4.648491982806990563e+01
4.653732625556949642e+01
4.652693012669988093e+01
4.679422071312319531e+01
4.681634881286663585e+01
4.691089439339430101e+01
4.679775313645859569e+01
4.692363510884479183e+01
4.697380873587007954e+01
4.705373219313514710e+01
4.686549327533521137e+01
4.689287202435752988e+01
4.698575014295374785e+01
4.708053936019996399e+01
4.703460121648959102e+01
4.706684703276050641e+01
4.735862797257732382e+01
4.731920151732310842e+01
4.729652853171319293e+01
4.729513435799844956e+01
4.726427854857865896e+01
4.723270310630550739e+01
4.718071390978730051e+01
4.710300644280277993e+01
4.719144661857490064e+01
4.718837926813512240e+01
4.706042890117214483e+01
4.709843981152334891e+01
4.716037252394789903e+01
4.716660184097736419e+01
4.709660619087708255e+01
4.704677528975253153e+01
4.703660448497203106e+01
4.694683828305915085e+01
4.697816596771099285e+01
4.707645474638775340e+01
4.706091173286540652e+01
4.706556569967005998e+01
4.700105102384713973e+01
4.703936785193172909e+01
4.713631002500051181e+01
4.695079682378491270e+01
4.707464485858054104e+01
4.711181753143046080e+01
4.703572127741153963e+01
4.713336049128565719e+01
4.712310030150229068e+01
4.704340268021724114e+01
4.699692193760074588e+01
4.706664879209665742e+01
4.719831987870657031e+01
4.722124340605387260e+01
4.750003522805764078e+01
4.752983253138972941e+01
4.757724350838770988e+01
4.776505747882038122e+01
4.779332755099039787e+01
4.805233225921165285e+01
4.799306259409104314e+01
4.813917956313889590e+01
4.817398502274772909e+01
4.832354236790888535e+01
4.828739465401577036e+01
4.815084362989955480e+01
4.821524530734131986e+01
4.813822789715277395e+01
4.798048996975285263e+01
4.796469965129381308e+01
4.794273781925721778e+01
4.782872105682918118e+01
4.787171842287125401e+01
4.797702991955202378e+01
4.801097107215764481e+01
4.789534546689446870e+01
4.790305164988194520e+01
4.786528899175164042e+01
4.781814602486792865e+01
4.769545120242173653e+01
4.763279856060898965e+01
4.763376093750594009e+01
4.756166459770611254e+01
4.751665766791165879e+01
4.737316370390180964e+01
4.732376526558800833e+01
4.721723278378294708e+01
4.730245522168934258e+01
4.765993078193196197e+01
4.757046409470058279e+01
4.764701973063483820e+01
4.754580082374559424e+01
4.757027271894912701e+01
4.744751536556259452e+01
4.740314030661284050e+01
4.753347481084483661e+01
4.758551943527754702e+01
4.759843069200633181e+01
4.760735730728993076e+01
4.774164827928552768e+01
4.780530987155816547e+01
4.786162875024274399e+01
4.788675239201893419e+01
4.786025682820263683e+01
4.781994857438576219e+01
4.779372733929631067e+01
4.788901343502402597e+01
4.808432805248912700e+01
4.821245544886005518e+01
4.827879269321192623e+01
4.818694250187081707e+01
4.817189110839899513e+01
4.828586878895703194e+01
4.850742030540777705e+01
4.848859768703641748e+01
4.849847470503482327e+01
4.850433192561922624e+01
4.842530024448524273e+01
4.848972212112312263e+01
4.853873444884175115e+01
4.847186944330451297e+01
4.827264577900632503e+01
4.852815734159821659e+01
4.853579248148844272e+01
4.850603428430440545e+01
4.847479949875969396e+01
4.835299002649162503e+01
4.835551834897751178e+01
4.846008758640755332e+01
4.842605159674712922e+01
4.830760426528377138e+01
4.816194908017951093e+01
4.809562709462852581e+01
4.806157178710964217e+01
4.807163342566627762e+01
4.799867908654050552e+01
4.797865944719114850e+01
4.789620780624272811e+01
4.788461407125851110e+01
4.766731788381184742e+01
4.763450312445047530e+01
4.754516509919631062e+01
4.773062818397102092e+01
4.787414418742628186e+01
4.792941877515795568e+01
4.786380776194300779e+01
4.782340621546472903e+01
4.776240848317502241e+01
4.767000170021265149e+01
4.756544972746860367e+01
4.753218179253053677e+01
4.757353884337180716e+01
4.773547481785044511e+01
4.782452937124071468e+01
4.785286172208134303e+01
4.781542040096155688e+01
4.765256116127238784e+01
4.769717437789995529e+01
4.779597469360533069e+01
4.772621605899166752e+01
4.784472992321525453e+01
4.779637876976312327e+01
4.778758561468293919e+01
4.774889434034139413e+01
4.759384660693604019e+01
4.752648475085152313e+01
4.757482470423019549e+01
4.751923179710684053e+01
4.738931442174225594e+01
4.740898339619388935e+01
4.745766321205746863e+01
4.746317391956290521e+01
4.735084372568780964e+01
4.728837097592577265e+01
4.740479469476667873e+01
4.751387378616300339e+01
4.748832143731851829e+01
4.759550098456475098e+01
4.754030476236403047e+01
4.758086016853349065e+01
4.749235000735279755e+01
4.752730989727979249e+01
4.756978514174625161e+01
4.761773433115649823e+01
4.760553774136906213e+01
4.760796929127081967e+01
4.757956662588594554e+01
4.748731408948651733e+01
4.755651841991766560e+01
4.749638832161599566e+01
4.754812463492544339e+01
4.775669065880993003e+01
4.788370974029930949e+01
4.779490795613719456e+01
4.776669799035380493e+01
4.771852078736264957e+01
4.765930271375827942e+01
4.768733726043183196e+01
4.779720816099325020e+01
4.773993831402731303e+01
4.778586103567840837e+01
4.775409667181793338e+01
4.779447927284354591e+01
4.783468909187013196e+01
4.792430149448546217e+01
4.793552337352502946e+01
4.806077634403163756e+01
4.803054738730634199e+01
4.799504614815850800e+01
4.799705886006768196e+01
4.791509440239724427e+01
4.800321919871657883e+01
4.821287179926594035e+01
4.819630278251679556e+01
4.824158823924562967e+01
4.811209665394881085e+01
4.806067937674652057e+01
4.799940149405347256e+01
4.793833501233848438e+01
4.789908310455757601e+01
4.792032737511226514e+01
4.790137689543689703e+01
4.789367013455830602e+01
4.800012984629938728e+01
4.784019916221313906e+01
4.786893182799894930e+01
4.802762002381905404e+01
4.796709024898655116e+01
4.797232169831795545e+01
4.788518343610303418e+01
4.783552207126876965e+01
4.783820510892246602e+01
4.780990401205190210e+01
4.784924524320695127e+01
4.793617128570349450e+01
4.800726020761703694e+01
4.789036144982992482e+01
4.782404200119162851e+01
4.781578788704109684e+01
4.785380704496128601e+01
4.774951147370529725e+01
4.771066736433203914e+01
4.779723381452186004e+01
4.781942692564234676e+01
4.773562459088634569e+01
4.782858230996180282e+01
4.789035573150704295e+01
4.790078477678252966e+01
4.801153772420411769e+01
4.791972969186599585e+01
4.778730638732440639e+01
4.781010196378929322e+01
4.787475238031584013e+01
4.785831355964410250e+01
4.781518719395444350e+01
4.780797346982899398e+01
4.785016877899761312e+01
4.785701299963920974e+01
4.805280473057428026e+01
4.801638629739545649e+01
4.806077632298456592e+01
4.799661385094077559e+01
4.784769834493727103e+01
4.784309977304201311e+01
4.773876927852916197e+01
4.773405111735519313e+01
4.772525607137686166e+01
4.765004533979799817e+01
4.762573268569303764e+01
4.762977601352895363e+01
4.768842017879569539e+01
4.765803053792251376e+01
4.761829861741352943e+01
4.769011076098604462e+01
4.772117649873007394e+01
4.763818074749542575e+01
4.789353932292897298e+01
4.784711355148056100e+01
4.785473947907667025e+01
4.774875982493676929e+01
4.769198429800144368e+01
4.759556865031117923e+01
4.756684443324456879e+01
4.755489416760110544e+01
4.751340213282492186e+01
4.758631043247123671e+01
4.757415310410897291e+01
4.754076306848855893e+01
4.742144506498425471e+01
4.741724799863004591e+01
4.727572505866191932e+01
4.741390034260120956e+01
4.748213279434276046e+01
4.745641334489164365e+01
4.741438954622753954e+01
4.733829306938559967e+01
4.733100974288709040e+01
4.741435253505051151e+01
4.750304072242806797e+01
4.746545701409286266e+01
4.745305462138639996e+01
4.749581837713321875e+01
4.766101437149472986e+01
4.755061702003376922e+01
4.753177515782954288e+01
4.755410310936122187e+01
4.769075052053676700e+01
4.770572971392903128e+01
4.781149563099597799e+01
4.776709692257054485e+01
4.777283637584878306e+01
4.784109685067460305e+01
4.772448827045991493e+01
4.775930881848717036e+01
4.777928714071913419e+01
4.783216889359664492e+01
4.784247116176584314e+01
4.783102089560179593e+01
4.800550558172017190e+01
4.797610241651136676e+01
4.800697243290187544e+01
4.805747951234343418e+01
4.793751457876805944e+01
4.783316412041949661e+01
4.788400733782464158e+01
4.792765180307196715e+01
4.794846537387138596e+01
4.797262607976836080e+01
4.790472923568631813e+01
4.786456334547165170e+01
4.788160125480771967e+01
4.774885085957339470e+01
4.770959792190615190e+01
4.772006872126803501e+01
4.792775000896699567e+01
4.799597427134494865e+01
4.796552568647030057e+01
4.791379093103523701e+01
4.793307905858910090e+01
4.794607650419538913e+01
4.788483475880730111e+01
4.775735398108690788e+01
4.769903091826427044e+01
4.766967311913140293e+01
4.756827601625309399e+01
4.760908474228699561e+01
4.772974757346037222e+01
4.777651640248996046e+01
4.771418513467688172e+01
4.765023618354052815e+01
4.779020149288089669e+01
4.776804053418663898e+01
4.768238458138876013e+01
4.771731348671710293e+01
4.772848154020039146e+01
4.775108396516816356e+01
4.778555933387224286e+01
4.780634526507310511e+01
4.773604157229556222e+01
4.770166945340679376e+01
4.762177178615138473e+01
4.757541403330105823e+01
4.762058490238314334e+01
4.762260425407430375e+01
4.764641666731904479e+01
4.756848427321438066e+01
4.759510691284640416e+01
4.752770439134337721e+01
4.760744912589052547e+01
4.761970022822470128e+01
4.760668387871737650e+01
4.760202931698313478e+01
4.754784489380290324e+01
4.753913316723674143e+01
4.753920518055701905e+01
4.762588622772273084e+01
4.763230992981880263e+01
4.756315707742487575e+01
4.750822620369854121e+01
4.746203397977569693e+01
4.753088456440718801e+01
4.753949803315936151e+01
4.752319974048168660e+01
4.758768721632759480e+01
4.761906168384712146e+01
4.765745034276142178e+01
4.755934795049097374e+01
4.753432821973456157e+01
4.762434937790612821e+01
4.778051886568118789e+01
4.775867538935472112e+01
4.765836194754092503e+01
4.770467273925942209e+01
4.767508979671447378e+01
4.773990791449796234e+01
4.771835059780687516e+01
4.776810615735848842e+01
4.785424020536311218e+01
4.788762632682391995e+01
4.788172784038897589e+01
4.781928252976422300e+01
4.784990252701163627e+01
4.792078195990779932e+01
4.787682811503736957e+01
4.778909265735046574e+01
4.776236199048344133e+01
4.772086425616134875e+01
4.778706466116045704e+01
4.772932571644378186e+01
4.778162563206296909e+01
4.785048509769103475e+01
4.783915525100564992e+01
4.784062420113650660e+01
4.782787212007451672e+01
4.776299169872754646e+01
4.777410629803398479e+01
4.771682666392598549e+01
4.788779547832928074e+01
4.781452520084394564e+01
4.786286927793844370e+01
4.792347443539892993e+01
4.781540935755765531e+01
4.776162089472563821e+01
4.769517097692732932e+01
4.766364740736162275e+01
4.763416969775607868e+01
4.762551239648746559e+01
4.758554267747604172e+01
4.778849472072943172e+01
4.784221312418594607e+01
4.783512109450521166e+01
4.773420610753737492e+01
4.776087041446180592e+01
4.768020964589777577e+01
4.760718373368399625e+01
4.757735532442438853e+01
4.752185327577944918e+01
4.756162271225912264e+01
4.748678919589474390e+01
4.747330039469898111e+01
4.751991492546449081e+01
4.752940376772403397e+01
4.745500076174312198e+01
4.739706295832047545e+01
4.746620892779264977e+01
4.742803830358570849e+01
4.748558870088072581e+01
4.754308214954971845e+01
4.754721734409713463e+01
4.749509531150806652e+01
4.755435840147083582e+01
4.748122312637360665e+01
4.742488884604517807e+01
4.733417511344214290e+01
4.746048508167314139e+01
4.754842479488343088e+01
4.761335927408572388e+01
4.775842583926259977e+01
4.770772535873538800e+01
4.769648014662880087e+01
4.765518560394821179e+01
4.771247937315092713e+01
4.784448522259754100e+01
4.789532501907706319e+01
4.804929785027525213e+01
4.800190478104514114e+01
4.791504815948110263e+01
4.793238310551623726e+01
4.789132912893001048e+01
4.784068953290443460e+01
4.791646613116836306e+01
4.791017650827870966e+01
4.795433987144951971e+01
4.791668471636512550e+01
4.786366996827109688e+01
4.792071834200805824e+01
4.784907629764802550e+01
4.789645423794218004e+01
4.790315292682635118e+01
4.795330340303098637e+01
4.801992203226700440e+01
4.817545411717219395e+01
4.821653069260855773e+01
4.818739386903007471e+01
4.815821066529861127e+01
4.812840091746693361e+01
4.820304235938510828e+01
4.818213847910556069e+01
4.821723442213306043e+01
4.840397488478674859e+01
4.844250572711735003e+01
4.844647230008058614e+01
4.878225367227514653e+01
4.885706472364745423e+01
4.884874038424641185e+01
4.884597502777660338e+01
4.878380890839707718e+01
4.884085116146297878e+01
4.888146468596278282e+01
4.901007765874237521e+01
4.903299062710766520e+01
4.899081239104089036e+01
4.900963770070211467e+01
4.897733299499623172e+01
4.893162439572597577e+01
4.887318811947488939e+01
4.890513537931838073e+01
4.879411820669383815e+01
4.875366804000032062e+01
4.865153210873177159e+01
4.873425602846509719e+01
4.868507819701790140e+01
4.884866385922623522e+01
4.890194536470880848e+01
4.894623745123180925e+01
4.898549723970972991e+01
4.907896933731535682e+01
4.919905344264225278e+01
4.917134006344394948e+01
4.911951310508720780e+01
4.910569512654001301e+01
4.919868357628001831e+01
4.920676540711883717e+01
4.921345160807777575e+01
4.920562134325427905e+01
4.913392489228908744e+01
4.920785982961115224e+01
4.921888501676994565e+01
4.919313530362614983e+01
4.918308822987364692e+01
4.913906576026647599e+01
4.937021593041072265e+01
4.929954061046191782e+01
4.930351108230433965e+01
4.941328759399311821e+01
4.940532934070233750e+01
4.928188342953308165e+01
4.939533079879765864e+01
4.932122833119319694e+01
4.936879624192715710e+01
4.934383556482362110e+01
4.931461520148150157e+01
4.932819605642316674e+01
4.940139630952126026e+01
4.935197146218206399e+01
4.937145957682332664e+01
4.940771011234073740e+01
4.957794131569789897e+01
4.960993380477339088e+01
4.966317008662099397e+01
4.969371056805675835e+01
4.963902613565505817e+01
4.961351298424688139e+01
4.957782662402496499e+01
4.955711683435356463e+01
4.944945132584689418e+01
4.944357111052568143e+01
4.944177163288622978e+01
4.944084487852978782e+01
4.942854645490160692e+01
4.938716769358779857e+01
4.947975840180379237e+01
4.935946684894406644e+01
4.937301641050407852e+01
4.929280836327461657e+01
4.936030533763005224e+01
4.949145865379568932e+01
4.937617236869209592e+01
4.932848094649489212e+01
4.937935067196713135e+01
4.931867935505579226e+01
4.920704749171090953e+01
4.924510738268054411e+01
4.918892670762897978e+01
4.912495762395019483e+01
4.904084232084687756e+01
4.908705425148446011e+01
4.910246608318129802e+01
4.903643525074903664e+01
4.897798598951476379e+01
4.905580498095514486e+01
4.900743005637605165e+01
4.893673169212297580e+01
4.893732399077407536e+01
4.889977515027248955e+01
4.895898042892440571e+01
4.886413982526164546e+01
4.884310730845572834e+01
4.876738135386585782e+01
4.877311163668264271e+01
4.885375391111301724e+01
4.890006915799540366e+01
4.884567027461480393e+01
4.893753439147303652e+01
4.912186384345022816e+01
4.910852786638406542e+01
4.908994021113721828e+01
4.912973432417038566e+01
4.907784303320522667e+01
4.902768416233493554e+01
4.911253202931266060e+01
4.907518422193561491e+01
4.905166360922476088e+01
4.905506258988953050e+01
4.911121561244135592e+01
4.909502112023483278e+01
4.915533953294516323e+01
4.918484155560781801e+01
4.915277082404872999e+01
4.913490176399591292e+01
4.919044090934858104e+01
4.923303578198965624e+01
4.929683872779287412e+01
4.930439060288699693e+01
4.927235225808635732e+01
4.926228782207135737e+01
4.939387762868773279e+01
4.941969770532250550e+01
4.937043950693123406e+01
4.939904730413854850e+01
4.950321619830856434e+01
4.957352022808572656e+01
4.967209594740552348e+01
4.965305486109718913e+01
4.967872142071610142e+01
4.973945591909341601e+01
4.987689605053355990e+01
4.980839965429959193e+01
4.985063325608371088e+01
4.987346297367821535e+01
4.985115229364191691e+01
4.979421504402353094e+01
4.978835184743957143e+01
4.980044208034041731e+01
4.994860331163908995e+01
4.987095892770730643e+01
4.991933402155382282e+01
4.995039062114256012e+01
4.999128663000556116e+01
5.012427744572232768e+01
5.007235801346996595e+01
5.000070295031673595e+01
4.995713292862910748e+01
4.993992208112513254e+01
4.982594129582366804e+01
4.984595499473198288e+01
4.990462992842594758e+01
4.989131734597731338e+01
4.987552355353227540e+01
4.984551156468978661e+01
4.990347797688218634e+01
4.989185130467603813e+01
4.986190367210565455e+01
4.982257232953679704e+01
4.984410885174384021e+01
4.983502961288513688e+01
4.997963607787141882e+01
5.000077987937311264e+01
4.999567436307825119e+01
5.004898631604282855e+01
5.007382019035412668e+01
5.007809593304500595e+01
5.009702503939342932e+01
5.008819433748521988e+01
5.004828258002680741e+01
5.004968670322477919e+01
5.004974728772822345e+01
5.016883762802171987e+01
5.014134901103534503e+01
5.020978879485346624e+01
5.017532359740380343e+01
5.027023673808344029e+01
5.025501832975214711e+01
5.024073347269359147e+01
5.024133360872110643e+01
5.028120560696652319e+01
5.023833488373793443e+01
5.020312181097506254e+01
5.025263755288688117e+01
5.019115538135702081e+01
5.018731841301269014e+01
5.029183901366286591e+01
5.022796459234359645e+01
5.024554246863226581e+01
5.023992692315323438e+01
5.018834174180528862e+01
5.017968696152593111e+01
5.006726059447373700e+01
5.006939968147344189e+01
5.007803296484144084e+01
5.011363016882069132e+01
5.004700409664292238e+01
5.008564362278320914e+01
5.007042832847764657e+01
5.017252303713439687e+01
5.011729276025062063e+01
5.009046706794197235e+01
4.999121516209697802e+01
4.992778464602179156e+01
4.994303590776553392e+01
4.993423053372998766e+01
4.987117495929805955e+01
4.993646454500640175e+01
4.991034957058809596e+01
4.991547183969714752e+01
4.989341658098146581e+01
4.986875870739049788e+01
4.992333499292999477e+01
5.002405606471620558e+01
5.001572039856364427e+01
5.003688623781681599e+01
5.008979393985782735e+01
5.021282654812830515e+01
5.017586705728353991e+01
5.010268193981573859e+01
5.003240820014707424e+01
5.008048049087892650e+01
5.004273558092336316e+01
5.003338916249595059e+01
5.002441071878138246e+01
4.990612924703737008e+01
4.992848584878902329e+01
4.998816326471978755e+01
5.000304561566554185e+01
4.996058956841898180e+01
4.995482132897450356e+01
4.996267829953922046e+01
4.998713097359814128e+01
4.996868339401271442e+01
4.995759209534116962e+01
4.991608615569566609e+01
4.994368372674898637e+01
4.989581652548531565e+01
4.991402380225463276e+01
4.994465679559152704e+01
4.994251734073122861e+01
4.993089022349886363e+01
5.001224987010664336e+01
4.991456059292613645e+01
4.991612923544471414e+01
4.997018950595111164e+01
4.993293315448318026e+01
4.994206439080790005e+01
4.995912753876655188e+01
5.001157134226514245e+01
4.996894848664942401e+01
4.990297290094804339e+01
4.996797311937689301e+01
4.996205843556526816e+01
4.992059961034874505e+01
4.998232238465561750e+01
5.018279413836171443e+01
5.018319424766696102e+01
5.033052356726466314e+01
5.041141100690219901e+01
5.038231978975545644e+01
5.034038352034031050e+01
5.034823646895392812e+01
5.032614771331100201e+01
5.030350643528799992e+01
5.029097788778926770e+01
5.034615904955853694e+01
5.036155964676663643e+01
5.035601165863636197e+01
5.034861966830521851e+01
5.040338915722441016e+01
5.042220415517931542e+01
5.042203211290370746e+01
5.045756379076465237e+01
5.041702058275450327e+01
5.047499190528242252e+01
5.050906589144096870e+01
5.047794269744053963e+01
5.043454552231150956e+01
5.046269424739921305e+01
5.047746350490842815e+01
5.042915126612251697e+01
5.038672584154710421e+01
5.035399011171966777e+01
5.044254882958784947e+01
5.045488072028319948e+01
5.042215163303353620e+01
5.042400375551460456e+01
5.047496919259583592e+01
5.048501475826969909e+01
5.047793271443151752e+01
5.055796455200561468e+01
5.059526563989129500e+01
5.062103924099665164e+01
5.059790032078899458e+01
5.056748456387822444e+01
5.058317494702941985e+01
5.064929536022418688e+01
5.071261245393679928e+01
5.072158714175748173e+01
5.071197894813485618e+01
5.073264239262562114e+01
5.068804682369000147e+01
5.067388663787187397e+01
5.072184410436466351e+01
5.070706116139308506e+01
5.077449012046008647e+01
5.075952457890753067e+01
5.073525695505213662e+01
5.076418431767979200e+01
5.069687222124775872e+01
5.070270652030330893e+01
5.071547299687244958e+01
5.069388965479720355e+01
5.068404730075144471e+01
5.065601098410979830e+01
5.062950672028864574e+01
5.058597359261284510e+01
5.069651617990621162e+01
5.060721593548851160e+01
5.060711884982174524e+01
5.056464567028751844e+01
5.050898240007700224e+01
5.047296552093530408e+01
5.047734901239346073e+01
5.041342840594188601e+01
5.038309253022316625e+01
5.034241273390534843e+01
5.037459391001038966e+01
5.032931074762973367e+01
5.032309207862363110e+01
5.031019726053636987e+01
5.034253990115348643e+01
5.032063087185633776e+01
5.036775911585118592e+01
5.039338496125901656e+01
5.037719285047933226e+01
5.032544700273774652e+01
5.033157772126469354e+01
5.038053034613403725e+01
5.033361458385388687e+01
5.040000038326661524e+01
5.047280355351585968e+01
5.037348156684856804e+01
5.031412447320872161e+01
5.041406501566052611e+01
5.037121197385386040e+01
5.036688258915091865e+01
5.031710480920082773e+01
5.031481994067780761e+01
5.023399460355449264e+01
5.015591153989453232e+01
5.022912866366914386e+01
5.022380450309583466e+01
5.021071099456321463e+01
5.028210828970895818e+01
5.034393711893062573e+01
5.033727676004446039e+01
5.037007470211665350e+01
5.045700730355156338e+01
5.040869201785835685e+01
5.050168305781062372e+01
5.046934063483968202e+01
5.041010059807513244e+01
5.035749569615290966e+01
5.032576612191087406e+01
5.033291794037359068e+01
5.033331039566382969e+01
5.030590908553813279e+01
5.031835558726970703e+01
5.031784615026072061e+01
5.034728693439592462e+01
5.033178611236326105e+01
5.029769377546836040e+01
5.027398624769875823e+01
5.033860014900028546e+01
5.025059736221828643e+01
5.027043494875942997e+01
5.031968136487603260e+01
5.030140890163829681e+01
5.025224460169147278e+01
5.025264618141864048e+01
5.018282386117516580e+01
5.015548018784920714e+01
5.019072615886534550e+01
5.020370740416638000e+01
5.018798936482926365e+01
5.018446819295650130e+01
5.016045175968883996e+01
5.014370833080556622e+01
5.010924051844767746e+01
5.016183126558144068e+01
5.021120144740734759e+01
5.020937347568587938e+01
5.020604328888839518e+01
5.018034480929782148e+01
5.021019952164624556e+01
5.021112463673398452e+01
5.022457036574678568e+01
5.027556438373676428e+01
5.027819858547536569e+01
5.021531852061298196e+01
5.020444569196570228e+01
5.021606772362292759e+01
5.023555897467394971e+01
5.025274461908156809e+01
5.026539096282522223e+01
5.022147119164492324e+01
5.019997484213581629e+01
5.019231626954478998e+01
5.022818690102712935e+01
5.029830550084216156e+01
5.035183978948407457e+01
5.034889562733678758e+01
5.035114294939148749e+01
5.031572923516932860e+01
5.030170508436049204e+01
5.032026441042125953e+01
5.031368334815215348e+01
5.026949751108486453e+01
5.023926301460096511e+01
5.027789995631246711e+01
5.020759624839183743e+01
5.018025836755941782e+01
5.024828905580170613e+01
5.028694703285600553e+01
5.029898708259997875e+01
5.035531980343012037e+01
5.035222948596629067e+01
5.034218755366555342e+01
5.026049064464586991e+01
5.027092425190403446e+01
5.026480348962331846e+01
5.020959297271247124e+01
5.023098711527200066e+01
5.018559385122944150e+01
5.017746957167901201e+01
5.027732188999152640e+01
5.032709956327607870e+01
5.031997178552273908e+01
5.032669701359691317e+01
5.032363685413383791e+01
5.037028621434819797e+01
5.032307492439349517e+01
5.033515669069402065e+01
5.030753177000178766e+01
5.028109110540799520e+01
5.029394330106651978e+01
5.028534892806328571e+01
5.026472347371509386e+01
5.029584157464842065e+01
5.031015448625248609e+01
5.036628918769883967e+01
5.039896905023397267e+01
5.041417848841592786e+01
5.046446653575867458e+01
5.048341443578374310e+01
5.047062089512974126e+01
5.047793758261241237e+01
5.045033062321590478e+01
5.042486600878919489e+01
5.051188160312676700e+01
5.046934493356229723e+01
5.046848659993293040e+01
5.047974704109174127e+01
5.049088452108799174e+01
5.050111819659741741e+01
5.048808856055438810e+01
5.044642010178904457e+01
5.038869911739129748e+01
5.036026348717768997e+01
5.033181159479909184e+01
5.044424912365593627e+01
5.037319556575903334e+01
5.033379113555338336e+01
5.035423961778678859e+01
5.047313912561548932e+01
5.041973867042725033e+01
5.039229706768446704e+01
5.040554452270544061e+01
5.041095018297255592e+01
5.046441799315925891e+01
5.044175379425905703e+01
5.039424300641621812e+01
5.039549329113151543e+01
5.040971305760149335e+01
5.043272566708355953e+01
5.049296702822948646e+01
5.042863029245791040e+01
5.038434201377231147e+01
5.038535214885223468e+01
5.038282905819096413e+01
5.036935076693725932e+01
5.039443291341694930e+01
5.043158718986933309e+01
5.042832443163979406e+01
5.050739065590050814e+01
5.045554400739683842e+01
5.046804492890350957e+01
5.045408970738890275e+01
5.046530231978977099e+01
5.048054552753183088e+01
5.048559594186781396e+01
5.052719047761866022e+01
5.052138678584151421e+01
5.049757459575539542e+01
5.050473602287320318e+01
5.053387858969699664e+01
5.049048293552141331e+01
5.048449017352731971e+01
5.050692715554714596e+01
5.046499433092958498e+01
5.056018375708981694e+01
5.058128301165606899e+01
5.057431308520472157e+01
5.054962354274721292e+01
5.049762882324284874e+01
5.048250908754744160e+01
5.050701180061605555e+01
5.050125678554468323e+01
5.049163077616822193e+01
5.054016140467547302e+01
5.053059417983604362e+01
5.050937911978144257e+01
5.047363162318470131e+01
5.043984894285040355e+01
5.039746752599148749e+01
5.036810779197821830e+01
5.031638032412092798e+01
5.030369762448481197e+01
5.030771387953882368e+01
5.031486729212520004e+01
5.034848598434564337e+01
5.039807824632180200e+01
5.043103959307791229e+01
5.046424401235572077e+01
5.047426693366469408e+01
5.045200011429869846e+01
5.048064624513972376e+01
5.046766435164136055e+01
5.047106340886057296e+01
5.047911828285350566e+01
5.045156927920425005e+01
5.044974369887586363e+01
5.040075522917368289e+01
5.040147049078359487e+01
5.037913092985081676e+01
5.039004471560065213e+01
5.041171704771340956e+01
5.044024725995359404e+01
5.043123526195267914e+01
5.039555338692480291e+01
5.038994467926704601e+01
5.036823014644869545e+01
5.041368737673701617e+01
5.038088624024157980e+01
5.033358431898250274e+01
5.033245925638493645e+01
5.032192173220528275e+01
5.038580173809850749e+01
5.040742376189109564e+01
5.040034504177219787e+01
5.043375733521043003e+01
5.040766353262051780e+01
5.041923017288490882e+01
5.045139895682723363e+01
5.047022213087393538e+01
5.045538106113053800e+01
5.046197538583146525e+01
5.048081062285200460e+01
5.045734072314871810e+01
5.043408571301006305e+01
5.044741297247219336e+01
5.046761114411174276e+01
5.047605017219166257e+01
5.047464966366032968e+01
5.044445165720935620e+01
5.044310403033796320e+01
5.042832267136418523e+01
5.047825450841855854e+01
5.050111717312211113e+01
5.048121187007927801e+01
5.052328099687747454e+01
5.052472550630182013e+01
5.056669438533208449e+01
5.054023900556830995e+01
5.056733256110373986e+01
5.060699342442603665e+01
5.056251105507453758e+01
5.053139767597440368e+01
5.058214903654516093e+01
5.060676173574347558e+01
5.061366451287585733e+01
5.059899531664814276e+01
5.059540449323594657e+01
5.062792670875569456e+01
5.063584100451680570e+01
5.062073766724415691e+01
5.062665242489174489e+01
5.058382973847710673e+01
5.067603901857319215e+01
5.064571071746149755e+01
5.063179062945573605e+01
5.063755995487872497e+01
5.060385325042489058e+01
5.063091929123493173e+01
5.058826596480776061e+01
5.058405147803432556e+01
5.055737353907989018e+01
5.057050811396675272e+01
5.056742399338190808e+01
5.053809678480683942e+01
5.050708841474352084e+01
5.053773903491855890e+01
5.054692638502683621e+01
5.051835588209496564e+01
5.048650440723349675e+01
5.046270407211159181e+01
5.053873353736662466e+01
5.052146767920066850e+01
5.053331833400397954e+01
5.054556552224994448e+01
5.053953461515357048e+01
5.053797891819385768e+01
5.055210420465846255e+01
5.059052234540968129e+01
5.058938114614920778e+01
5.062177998740753537e+01
5.058295380465369817e+01
5.054919619480415349e+01
5.052560566960664801e+01
5.050188605280845877e+01
5.051590815727195150e+01
5.052972176597131693e+01
5.062359617217407504e+01
5.058746030645443170e+01
5.055634855939433692e+01
5.056208544834635177e+01
5.056533534863729074e+01
5.056361830370997268e+01
5.053419090911120293e+01
5.052685710445939549e+01
5.052773279765551706e+01
5.056367846329339955e+01
5.058733552601051997e+01
5.059385405367174826e+01
5.059524392248340519e+01
5.057618575945798511e+01
5.060257710352425420e+01
5.056583844140777728e+01
5.055168232159940089e+01
5.051777779266740254e+01
5.053154921802661192e+01
5.057001455805266232e+01
5.056678919389651128e+01
5.053951883594163519e+01
5.049684214173521468e+01
5.054189333415934016e+01
5.056173337782593080e+01
5.059982741367139170e+01
5.062343672132192296e+01
5.070000674163520671e+01
5.067366868662384150e+01
5.066100810303350954e+01
5.063831447327311253e+01
5.065683354042539577e+01
5.068905240599360695e+01
5.070238383628566226e+01
5.067495875494023494e+01
5.064665035634925516e+01
5.064170326266685151e+01
5.065731631321295936e+01
5.069663594866960921e+01
5.066439102869071576e+01
5.066132607857161929e+01
5.076555110227218393e+01
5.075068585269445975e+01
5.072816373503246723e+01
5.073506039198491635e+01
5.075712467254788862e+01
5.075022103778474047e+01
5.076297913248799887e+01
5.078411137766397587e+01
5.078290121842928784e+01
5.078791380299117009e+01
5.078890640367899323e+01
5.080314665783453165e+01
5.084397025308317097e+01
5.087898987754897462e+01
5.086477770364217577e+01
5.085542927646065436e+01
5.083515285411203877e+01
5.088385234238739940e+01
5.094139441331390117e+01
5.098432427103534792e+01
5.102148438455697033e+01
5.101910484408290358e+01
5.102291166539407641e+01
5.102901779679041283e+01
5.101480070060097205e+01
5.100697800301986717e+01
5.103473208644936676e+01
5.101125516176625752e+01
5.104939696286328399e+01
5.108081412881438155e+01
5.105765533435396719e+01
5.108371675683429203e+01
5.113458117290974769e+01
5.110903025965717461e+01
5.114294066465436117e+01
5.114586019038097220e+01
5.114032179832611291e+01
5.111382378882308331e+01
5.113766361969965146e+01
5.110221860926503723e+01
5.112120715426772222e+01
5.113413457026854303e+01
5.116966530805348157e+01
5.118929446677384476e+01
5.119607373924964122e+01
5.120006917689534021e+01
5.119929391842742916e+01
5.118350175710838812e+01
5.121561597683739819e+01
5.125792796919722605e+01
5.125875130914164401e+01
5.128124850191079531e+01
5.128177553249543053e+01
5.127665885178384997e+01
5.122863391558985313e+01
5.124904572940113212e+01
5.123790440881430186e+01
5.123740680927767244e+01
5.125700328509128667e+01
5.124820624528183544e+01
5.127569304463622757e+01
5.132150664158416475e+01
5.133920891201205450e+01
5.134125967097179455e+01
5.135060929209066671e+01
5.136989123095963805e+01
5.135254380855212730e+01
5.133516369108610888e+01
5.133769430583379290e+01
5.134850759505434326e+01
5.133833755027217194e+01
5.136454106369956207e+01
5.141130485560870511e+01
5.138879675453790696e+01
5.136995516140905238e+01
5.137138365431610509e+01
5.140753200148265023e+01
5.141404871554368583e+01
5.141435373707008694e+01
5.143222294361339664e+01
5.147277567029914280e+01
5.146424603333298364e+01
5.148510022462778579e+01
5.150915101988266542e+01
5.149123744126836755e+01
5.149906721681190902e+01
5.151831053768046331e+01
5.157243474787583182e+01
5.156096195504369462e+01
5.156073653147950608e+01
5.156097282239988999e+01
5.156902832262449010e+01
5.156864135456908116e+01
5.154839453515069181e+01
5.153567483087817891e+01
5.156721616083405024e+01
5.156751917663905260e+01
5.160641320886861649e+01
5.160413858763149619e+01
5.160419787374758016e+01
5.160941186466789077e+01
5.161632718768942141e+01
5.161266184358373721e+01
5.160804611278763332e+01
5.167934163087056731e+01
5.170653155713080196e+01
5.170080210281321342e+01
5.169650408971801880e+01
5.170529854220285415e+01
5.172300487483107645e+01
5.172877323184775378e+01
5.171668122052960825e+01
5.169804907720617848e+01
5.167865858295408543e+01
5.166276130254891541e+01
5.165097568808278083e+01
5.164117967844413215e+01
5.166504248361661666e+01
5.168160196814642404e+01
5.171121844569552195e+01
5.171286552906349243e+01
5.168485500750193751e+01
5.170640932017931846e+01
5.171070280316826029e+01
5.171536200203581757e+01
5.170218198830752954e+01
5.175016180540524147e+01
5.178314518773504460e+01
5.182449338365859148e+01
5.182574752202344825e+01
5.181406231406344887e+01
5.181996226714090881e+01
5.183277711973914847e+01
5.183315907420228541e+01
5.185256770839714591e+01
5.183586055996283903e+01
5.184801388681444223e+01
5.186385462384851053e+01
5.187687614370952360e+01
5.188070343916251659e+01
5.185438835902596111e+01
5.185395471934725720e+01
5.182872219293676608e+01
5.186433499139957348e+01
5.187622744841746680e+01
5.188777454848514026e+01
5.188967085057447548e+01
5.188610419371616445e+01
5.185804556590892389e+01
5.186462934151268200e+01
5.187252336669234865e+01
5.186960424490871446e+01
5.191039395219422659e+01
5.190148346635078269e+01
5.192157160716305953e+01
5.192599303589622650e+01
5.191531725919958262e+01
5.196728785569257525e+01
5.196681860029275413e+01
5.195699426636292628e+01
5.195113193511906502e+01
5.197129770753417688e+01
5.196285098379030387e+01
5.198843684086750727e+01
5.202892290392173891e+01
5.203136960980373260e+01
5.204582395416127838e+01
5.208698622691144919e+01
5.207520615201292458e+01
5.207747849390352712e+01
5.208961119359946679e+01
5.211196921548935279e+01
5.210919882208099807e+01
5.211684567283555225e+01
5.213230450433866281e+01
5.215226345830888022e+01
5.222303262737887053e+01
5.223926442913443680e+01
5.229831716174749090e+01
5.230969425998091538e+01
5.236254327851247581e+01
5.235734590346146433e+01
5.233576502376035933e+01
5.232301253384184747e+01
5.233498284186634919e+01
5.233025787419637709e+01
5.232932919081804357e+01
5.238115069795276213e+01
5.238250342876062859e+01
5.239950209404105408e+01
5.239509108738411669e+01
5.240582277575549597e+01
5.241765177780553131e+01
5.243588839638414356e+01
5.248744622866934151e+01
5.248694782187976671e+01
5.252733539745895541e+01
5.250984784190086430e+01
5.250205486687264056e+01
5.250916254239655245e+01
5.252004585890745147e+01
5.252630686315478670e+01
5.252881026273871612e+01
5.254153661679993093e+01
5.252118412474646902e+01
5.253784305876115468e+01
5.253920670709521801e+01
5.253122758649578827e+01
5.255771877779761780e+01
5.255207002447787090e+01
5.257969051006057271e+01
5.260244341386942324e+01
5.261726939672644221e+01
5.265246211266594401e+01
5.266578149313363610e+01
5.265589867491280529e+01
5.264320606270575809e+01
5.265689981178365997e+01
5.267076075519798906e+01
5.266889650846587756e+01
5.268487673627214463e+01
5.268504405459498230e+01
5.269304885516112336e+01
5.269268641674580067e+01
5.268753530075173330e+01
5.268462826094128104e+01
5.268663165275029314e+01
5.269285543112118830e+01
5.272080047438703332e+01
5.274666736079507245e+01
5.273248134800132902e+01
5.272588661996815063e+01
5.272401602203217408e+01
5.271976226892775230e+01
5.270962148034504935e+01
5.270507347009379373e+01
5.270974063125186149e+01
5.271378504992298986e+01
5.271576885473723451e+01
5.271643814897515767e+01
5.272046608576874860e+01
5.272502787373923638e+01
5.271770831310959693e+01
5.273019184590975783e+01
5.272636734930028979e+01
5.274198094876510368e+01
5.275466776979601491e+01
5.278276976320057656e+01
5.279805058910187654e+01
5.280380531678565603e+01
5.279888908592511143e+01
5.278555059383961634e+01
5.277967230587728409e+01
5.277444563797462251e+01
5.277940566323286475e+01
5.279022918259488506e+01
5.279346363686181576e+01
5.281133128888177453e+01
5.280608787673418192e+01
5.280859642417681243e+01
5.280706900158884309e+01
5.280172863073585177e+01
5.280322589089018948e+01
5.280079015726596481e+01
5.278661853478251942e+01
5.277590498666040730e+01
5.277354971598742850e+01
5.278053524569531874e+01
5.278566950235790500e+01
5.277479589038284757e+01
5.276936388059493765e+01
5.276329485910491712e+01
5.277772441299021011e+01
5.277883382854543015e+01
5.278178919054653306e+01
5.278074947002278350e+01
5.277815723332969355e+01
5.279460229712276487e+01
5.279298839480361494e+01
5.281094303651661903e+01
5.281389799054886680e+01
5.282230684619571548e+01
5.281791815010365099e+01
5.283535157701589924e+01
5.284022624829412962e+01
5.284146645208875270e+01
5.283760105728470080e+01
5.283816672590091912e+01
5.286141777782813733e+01
5.287715096470628851e+01
5.289969708265880399e+01
5.291945758468546046e+01
5.295655759221563130e+01
5.296802350826783368e+01
5.297828988720857524e+01
5.297383539518432372e+01
5.297938754224469449e+01
5.297717686261739800e+01
5.298105839418576579e+01
5.298974789927387974e+01
5.299033765600279366e+01
5.298560501013480462e+01
5.298215168697151967e+01
5.298691376603346725e+01
5.299266745155000535e+01
5.297980126904167264e+01
5.298900347633025376e+01
5.300838271020302273e+01
5.302237113593264439e+01
5.302715576839773348e+01
5.303949534351249895e+01
5.304145576201653967e+01
5.305777742360805860e+01
5.306481221610783905e+01
5.306872861857573298e+01
5.308364267423257843e+01
5.308359360058648235e+01
5.308405486097626635e+01
5.309255784327888250e+01
5.310034704335157585e+01
5.311160090510156806e+01
5.311339688535008463e+01
5.311587602774079642e+01
5.314205119575444769e+01
5.315306756692916679e+01
5.316324770253550014e+01
5.315535010764006074e+01
5.315507004972869254e+01
5.316847545077507675e+01
5.316964472232211847e+01
5.316967391526486608e+01
5.317203566821308414e+01
5.317868556631356114e+01
5.317340496861743304e+01
5.317696026824569344e+01
5.319318998661583464e+01
5.318782469866391693e+01
5.318241842120687579e+01
5.317699746012704054e+01
5.317315444387577372e+01
5.318889935799188606e+01
5.319946725688123479e+01
5.319868082487982974e+01
5.321413735786018151e+01
5.321292874499613390e+01
5.322676525117367419e+01
5.322383865620759025e+01
5.322631478636640168e+01
5.323561119032774513e+01
5.324051753884532445e+01
5.324226749638455658e+01
5.323372204436873290e+01
5.323987100470185396e+01
5.324832422920235331e+01
5.326815606913032752e+01
5.327248992132763306e+01
5.327728560480409215e+01
5.327435483846966235e+01
5.328363603216712363e+01
5.328058718271222460e+01
5.329422772542784514e+01
5.330004695313846241e+01
5.329807733187499252e+01
5.330953769619327431e+01
5.331841374796158561e+01
5.333812668908512933e+01
5.336129350435203378e+01
5.336169924452406121e+01
5.337314487606136026e+01
5.338621784859196850e+01
5.339750569375473788e+01
5.339907023246814788e+01
5.340641230165283559e+01
5.340716789534917552e+01
5.340400126282611382e+01
5.339918599538441413e+01
5.340400212988379280e+01
5.340486640721428557e+01
5.341043691845652575e+01
5.340684232476178295e+01
5.343269072636985584e+01
5.344413964507521086e+01
5.344298774484786918e+01
5.343982962170730389e+01
5.344763229346244771e+01
5.345508110452783512e+01
5.345523805788434402e+01
5.346376422592265953e+01
5.346960499774786513e+01
5.348820441811085402e+01
5.350094192120650405e+01
5.350547720709437272e+01
5.351438757052846995e+01
5.354715351356981046e+01
5.355058660310214691e+01
5.355701445693148344e+01
5.356338109288208216e+01
5.357440300879125061e+01
5.359189923094527330e+01
5.359897499349017380e+01
5.361390116131633476e+01
5.361709434306567346e+01
5.362305651138058238e+01
5.363195390191549450e+01
5.364091179519482466e+01
5.364247317982517416e+01
5.365141122816658026e+01
5.365096493094279140e+01
5.365725584832489403e+01
5.368028339216652967e+01
5.369114563709172216e+01
5.369948329999306225e+01
5.370724434628527888e+01
5.370996666013888898e+01
5.371156854819810178e+01
5.372072496860027968e+01
5.372449954919420634e+01
5.372533889803207785e+01
5.374123393783156644e+01
5.374637899912931971e+01
5.374584860493996530e+01
5.374754942021309034e+01
5.375515985063611879e+01
5.375873861624904748e+01
5.376951075789020251e+01
5.377901164864169914e+01
5.378692037332848486e+01
5.379225671197264091e+01
5.380195991978280290e+01
5.380441541264781335e+01
5.380770791996792468e+01
5.381071826221477750e+01
5.382145554701628498e+01
5.383317161520062655e+01
5.384104813548174207e+01
5.384844759034467643e+01
5.385649416698106506e+01
5.386446212494092833e+01
5.387579630421805632e+01
5.387871970646074260e+01
5.388146962300834275e+01
5.388429904179292862e+01
5.388547503812878858e+01
5.388653402880345311e+01
5.389592840301747856e+01
5.389792004476248621e+01
5.390344380139458735e+01
5.390925372717902064e+01
5.391137171098489489e+01
5.391469341732090470e+01
5.394425952129904545e+01
5.394984883215511218e+01
5.396194273388755391e+01
5.397046741879103138e+01
5.397664432056308215e+01
5.397962909456873604e+01
5.399037170356587012e+01
5.399626414570730049e+01
5.400280507682691677e+01
5.400262174862518805e+01
5.400495635960078289e+01
5.400767386683264704e+01
5.404095703873690582e+01
5.404343865018518045e+01
5.405131899785919813e+01
5.406181357678860877e+01
5.407417391387161842e+01
5.408117393579368581e+01
5.409060100825536210e+01
5.410183528366678729e+01
5.410868234659619702e+01
5.411806657045417523e+01
5.413643420050493660e+01
5.414952326316006292e+01
5.416456939254567260e+01
5.417039615098974537e+01
5.417305693544813039e+01
5.418249309775501388e+01
5.418869169671461350e+01
5.419564726747239547e+01
5.419503874511792674e+01
5.420649253498504549e+01
5.421542263815035767e+01
5.422072599562989126e+01
5.422454296118212369e+01
5.423436314665968894e+01
5.424305436015856685e+01
5.425159426911068294e+01
5.425962247713050601e+01
5.426282194183340835e+01
5.426557454920839518e+01
5.427675333307524852e+01
5.427906951812155967e+01
5.428224003265722786e+01
5.429137153816509453e+01
5.429509695292654214e+01
5.430499885600147536e+01
5.431176939527222203e+01
5.431672617864751373e+01
5.432294484788826594e+01
5.433165343280506931e+01
5.433367335109323903e+01
5.434357531139585262e+01
5.434836880546436078e+01
5.435471202376311339e+01
5.436271092944525662e+01
5.436744044861370639e+01
5.437602026265676614e+01
5.438492817519409073e+01
5.439348445274436017e+01
5.440867161544383634e+01
5.441524619782012451e+01
5.442769430383168583e+01
5.443369979440103634e+01
5.444392997958630076e+01
5.445337847215523652e+01
5.446667412450096890e+01
5.447582157365286548e+01
5.448486014601894567e+01
5.448922544549623126e+01
5.449807877929652022e+01
5.450538916717005122e+01
5.451775009978882736e+01
5.452686586018717207e+01
5.453305982605206736e+01
5.453935547359333214e+01
5.454969570412959001e+01
5.455624289872730515e+01
5.456387756272579281e+01
5.457341723979880044e+01
5.457918395975411840e+01
5.458796639636375403e+01
5.459117573366756915e+01
5.460410959254159025e+01
5.461420417941690175e+01
5.462208035097000902e+01
5.463297771879160791e+01
5.464085069428119823e+01
5.464602503247670029e+01
5.465658058660164897e+01
5.466058856544123046e+01
5.466857166110366961e+01
5.467871236251448863e+01
5.468982772420167748e+01
5.468804028499334891e+01
5.470039046472584232e+01
5.470848321950143145e+01
5.471706169242543183e+01
5.473492747867248909e+01
5.474406749514400872e+01
5.475065172232007171e+01
5.475424196463245607e+01
5.476138331801121240e+01
5.477459874553278496e+01
5.477979293387397774e+01
5.478562072831755358e+01
5.479644279175954580e+01
5.480829160350003804e+01
5.481833351808290899e+01
5.483104908067343786e+01
5.483870943011879717e+01
5.484958913035143269e+01
5.485804996432898406e+01
5.486830439802452020e+01
5.487798323278821044e+01
5.488328837792005288e+01
5.489394402863808864e+01
5.490102243380124492e+01
5.491388155526828996e+01
5.492288908608634301e+01
5.493001622799420147e+01
5.493750661585454509e+01
5.494603738458863518e+01
5.495561433202328772e+01
5.496509033224219820e+01
5.497066685411800790e+01
5.498304453565515360e+01
5.499191352851858028e+01
5.500125693625386702e+01
5.501817844416564185e+01
5.502911945073265088e+01
5.503542884351145403e+01
5.503977205842875264e+01
5.505390883759810094e+01
5.506526997862283679e+01
5.507710971462711314e+01
5.508515670028964450e+01
5.508847940608711724e+01
5.509809132924510777e+01
5.510323567299883507e+01
5.511593133248061349e+01
5.512812345461315999e+01
5.513431845933428121e+01
5.513930306554584604e+01
5.515259359497167679e+01
5.516140544888503428e+01
5.517280087222798102e+01
5.518518518828977903e+01
5.519355500250821933e+01
5.520259542163603328e+01
5.521600356892349737e+01
5.522809739280091890e+01
5.523942490475064915e+01
5.524906280070990761e+01
5.526102596758164509e+01
5.527267812765785493e+01
5.527717018588828068e+01
5.529202015122973535e+01
5.530350701042607398e+01
5.531128902623186150e+01
5.532000539799309990e+01
5.533068789856588410e+01
5.534321766255470720e+01
5.535058484268756729e+01
5.535909454557076970e+01
5.536684913961153143e+01
5.537477129760509342e+01
5.538267751330067767e+01
5.539425022171099044e+01
5.539942832396855010e+01
5.541340833951016975e+01
5.542168538711212022e+01
5.542884854217663815e+01
5.543963192381397675e+01
5.545004230440963511e+01
5.545992862625416819e+01
5.546844855531298890e+01
5.548261501235538162e+01
5.549017994136329435e+01
5.550009380577375850e+01
5.550901799229177414e+01
5.551911125440483374e+01
5.552991378437536696e+01
5.554469977525604918e+01
5.555312535061102608e+01
5.555891666142997565e+01
5.557052206055186616e+01
5.557956301916374287e+01
5.559190066645533079e+01
5.560254303145075028e+01
5.560248886200588458e+01
5.561153229008141352e+01
5.562179648333767545e+01
5.562362217949112164e+01
5.563315704271053619e+01
5.564267215553263668e+01
5.564891635819458315e+01
5.565312620268059618e+01
5.566101417574827792e+01
5.566893218902851004e+01
5.568088146400577898e+01
5.568554460337509227e+01
5.568880582281599345e+01
5.570075268764276188e+01
5.570561273339490072e+01
5.570994221860610196e+01
5.572582500296130092e+01
5.574345603770279922e+01
5.575880405735551903e+01
5.576126385952147757e+01
5.577118308113085732e+01
5.577997508714634023e+01
5.578977717143334303e+01
5.579729164009859232e+01
5.580752734982070251e+01
5.581350936294938947e+01
5.582680438093075281e+01
5.583646104333092808e+01
5.584683087629582587e+01
5.585815496739860464e+01
5.586942754407618850e+01
5.588233501738977793e+01
5.588451614681025603e+01
5.590060888288689966e+01
5.590731377552401682e+01
5.592000091910449555e+01
5.592638127338977938e+01
5.594212158824257131e+01
5.594916033388381038e+01
5.595470516541399775e+01
5.596916987513759523e+01
5.598231824733920803e+01
5.599585165099142614e+01
5.600767433411647289e+01
5.601311409714753609e+01
5.602397395960633730e+01
5.603039947231218321e+01
5.604655739561121663e+01
5.605601615637897339e+01
5.606372254616690043e+01
5.606674589769681916e+01
5.607795024835650111e+01
5.609153069162766769e+01
5.609597270724680129e+01
5.611086365447135904e+01
5.612360098645558537e+01
5.613222885528693951e+01
5.613182827128457575e+01
5.614511810808608061e+01
5.615311775352211043e+01
5.616310893883564859e+01
5.617295518454966441e+01
5.618082943163562959e+01
5.619283316909422865e+01
5.619754069138525665e+01
5.621146250676792988e+01
5.621324491044197202e+01
5.622334232953653554e+01
5.623403542868754812e+01
5.624435984367210040e+01
5.625953373814172664e+01
5.626919919816555193e+01
5.628319760696149388e+01
5.629610677040818700e+01
5.630527538287833522e+01
5.631303286263118935e+01
5.632544056715778424e+01
5.633998252715446142e+01
5.634556546505109509e+01
5.634997176221531845e+01
5.636587749271802750e+01
5.637854946177048987e+01
5.638357084106746697e+01
5.639781887849630948e+01
5.640535523075959645e+01
5.641415471938626069e+01
5.641326436614372142e+01
5.642415954279204016e+01
5.643097327482564651e+01
5.644058493061993431e+01
5.644860017183873424e+01
5.645532067485737571e+01
5.646803827073608772e+01
5.648269706416931513e+01
5.649080748801088703e+01
5.649970988935001515e+01
5.651351406928779397e+01
5.653020790276150365e+01
5.654975914342958276e+01
5.655942661558492546e+01
5.657228037397499065e+01
5.658480993247758306e+01
5.659607738069917104e+01
5.660745969348090512e+01
5.661590833000127532e+01
5.662613730750626928e+01
5.663848644312884062e+01
5.664900388278556420e+01
5.666181957371645694e+01
5.667136725561158528e+01
5.667463838756157202e+01
5.668208839383123632e+01
5.669333031915448373e+01
5.670861867854182492e+01
5.672076035805548599e+01
5.672832108859165601e+01
5.673856330992066432e+01
5.674975714852871533e+01
5.675982401401415700e+01
5.676781240388936567e+01
5.677459659651094626e+01
5.679294299619868980e+01
5.680531599622554495e+01
5.681903841732037108e+01
5.683246378160265522e+01
5.684719860067389163e+01
5.685918463444613735e+01
5.686547919443046339e+01
5.688455933158638800e+01
5.689826498996308146e+01
5.690220543955592802e+01
5.691697330719489401e+01
5.692116770836673822e+01
5.693499135033198399e+01
5.694318553722041543e+01
5.695203469928856066e+01
5.696662290671383744e+01
5.697575521136423049e+01
5.699037680176570575e+01
5.699619956269907561e+01
5.701107427616625500e+01
5.702438684920116430e+01
5.702915463378030836e+01
5.704186104498239729e+01
5.705861781587918813e+01
5.706753702998685185e+01
5.708204350998312293e+01
5.709576818623736472e+01
5.710678884100843788e+01
5.711504353804139100e+01
5.713038703753227310e+01
5.714339753247440967e+01
5.715739844857034768e+01
5.716784915646985610e+01
5.718263313017723704e+01
5.719689590212101393e+01
5.721042916513488308e+01
5.722425638250297197e+01
5.723005439799317173e+01
5.724508404485595747e+01
5.725668396144419603e+01
5.726144949341414758e+01
5.728121017965895589e+01
5.729221826113462157e+01
5.730685710652915077e+01
5.731215601385156333e+01
5.732685981388067376e+01
5.733236801323300824e+01
5.733908620079228058e+01
5.735050175701735498e+01
5.736755575097504334e+01
5.738385632840800099e+01
5.739613365897321273e+01
5.740870517929988637e+01
5.742580317066949647e+01
5.744301680507442143e+01
5.745865593383814485e+01
5.747688905551103744e+01
5.748448306170666910e+01
5.750310013479474947e+01
5.751624791228459799e+01
5.752351814182475209e+01
5.753307947599387262e+01
5.755152842244660860e+01
5.756617453169110377e+01
5.757622631429467219e+01
5.758898160109720266e+01
5.760574542468748405e+01
5.762228935159100729e+01
5.763171399369548453e+01
5.764147765756388253e+01
5.765133377377378565e+01
5.767177384734850421e+01
5.768828774962548778e+01
5.770479713463100779e+01
5.772472578689166767e+01
5.773562986707383970e+01
5.775105617364351929e+01
5.776036102169427977e+01
5.776967105610947328e+01
5.777875206456474189e+01
5.779306493037438486e+01
5.778555125488901467e+01
5.779800204395087349e+01
5.781051086005254547e+01
5.781507839512687497e+01
5.782035097162770398e+01
5.782763411178939350e+01
5.784753331871161208e+01
5.785631138822736830e+01
5.787170993373138117e+01
5.788393627063351232e+01
5.789787645284650353e+01
5.790324314773624792e+01
5.789725716044495130e+01
5.789858558002333666e+01
5.791135602335907606e+01
5.793047667894597907e+01
5.794353000883984350e+01
5.795739263583209322e+01
5.796037889625404205e+01
5.797149912070790378e+01
5.798620885771151734e+01
5.799644751085543248e+01
5.800846919783407429e+01
5.800689561649733150e+01
5.801727887787319560e+01
5.803449082654742597e+01
5.805455960124663761e+01
5.805051510093335310e+01
5.805698937396073234e+01
5.807074986063389588e+01
5.807863492125125049e+01
5.809128253093513194e+01
5.809820523637881706e+01
5.810306487819525501e+01
5.811286895992861901e+01
5.813198454117355141e+01
5.813875339300557243e+01
5.815200591213488224e+01
5.816763557693911935e+01
5.817168807619236759e+01
5.818019292507506179e+01
5.819698825621162541e+01
5.821061069704546753e+01
5.822371217912677821e+01
5.823483213352801613e+01
5.824570535140765060e+01
5.825068900972473784e+01
5.827197648563424082e+01
5.828551538595547754e+01
5.829047886136550005e+01
5.829065600848116446e+01
5.830888490284269210e+01
5.831605524224414694e+01
5.832399269220150018e+01
5.833616718996017880e+01
5.834386717014467649e+01
5.834975295799767991e+01
5.836715670839248560e+01
5.837428126051327126e+01
5.838281397536502482e+01
5.839825943023743093e+01
5.840941369004713124e+01
5.842194296483785365e+01
5.844015991828700862e+01
5.845967569372305661e+01
5.846830170330485998e+01
5.847504067277441209e+01
5.849314973847685906e+01
5.849837328826879457e+01
5.849179484503201820e+01
5.850281413217453519e+01
5.851204011622212420e+01
5.852735782573745382e+01
5.853967131326635354e+01
5.854977050595061883e+01
5.856748119526173468e+01
5.858805864505893624e+01
5.859343047962738638e+01
5.860444156797166215e+01
5.861479795869308873e+01
5.862983466928744747e+01
5.863898958189065524e+01
5.865879619596717021e+01
5.865735218119789351e+01
5.866968330398594844e+01
5.868307843026968840e+01
5.870323259094493551e+01
5.872371088236741343e+01
5.873359300534821159e+01
5.873332344317805109e+01
5.873355699628109505e+01
5.873574333817578008e+01
5.874701396560658395e+01
5.876158250138223593e+01
5.877388641418383486e+01
5.878320756496850663e+01
5.879154012871595114e+01
5.880792300179882659e+01
5.882074797018867685e+01
5.883340055476764974e+01
5.884099169780347438e+01
5.886675665805069002e+01
5.887544838280382464e+01
5.888924466888056486e+01
5.889019143378936860e+01
5.888278542509624458e+01
5.889868104895504075e+01
5.891008512723556123e+01
5.892682797791803750e+01
5.894592691422440112e+01
5.895553470786035177e+01
5.896371957124347318e+01
5.897984091584430644e+01
5.899280632756335763e+01
5.899667957454357747e+01
5.900478991719910482e+01
5.901174940624559895e+01
5.901963383035626975e+01
5.903925591619554325e+01
5.905505040430534791e+01
5.907292785015170011e+01
5.908110209799224322e+01
5.909219942311665363e+01
5.909892036030714735e+01
5.910718753038463547e+01
5.911337393033318222e+01
5.912275346243450258e+01
5.914548473301192644e+01
5.916274359176622966e+01
5.917939074223158968e+01
5.918607124632762861e+01
5.919573688396440048e+01
5.920171699874435944e+01
5.922246855257208153e+01
5.923528685444171060e+01
5.924326136881245475e+01
5.925339860216399757e+01
5.927566723780728353e+01
5.929631005301280311e+01
5.930285497254317306e+01
5.931817148301661291e+01
5.933538774151247708e+01
5.935140505644130826e+01
5.936242729412379049e+01
5.938274786505098746e+01
5.937639971589442212e+01
5.937656580280054186e+01
5.939009903960914016e+01
5.940213690135033175e+01
5.941441326042968285e+01
5.942621225561879328e+01
5.943806917079155028e+01
5.946148267731905435e+01
5.947511094721630798e+01
5.949422432472556466e+01
5.949335587412087989e+01
5.951114192669683689e+01
5.952623598622813006e+01
5.953621053411188768e+01
5.955330169408944130e+01
5.957035075080239039e+01
5.957861494824965121e+01
5.958383157467960700e+01
5.958252454026933265e+01
5.960476064983140532e+01
5.962198163568109521e+01
5.963516109639203933e+01
5.965322227261503940e+01
5.967011504878655614e+01
5.968774667413754287e+01
5.970708648116124095e+01
5.970175452834746466e+01
5.970796380567662709e+01
5.971952771334144927e+01
5.973545041007719192e+01
5.974922242005504813e+01
5.976548476523021236e+01
5.977433707311820399e+01
5.978543998765871947e+01
5.979207735627323927e+01
5.980334891849406631e+01
5.981612169249865474e+01
5.982098039327411243e+01
5.983608636889221088e+01
5.985783570057446923e+01
5.987098411007764298e+01
5.987708082174185620e+01
5.989768755646582576e+01
5.991199164867794025e+01
5.992341411096958836e+01
5.994316137674877609e+01
5.996171330147035405e+01
5.997613715480429164e+01
5.998851575960725313e+01
6.001065705474911738e+01
6.001509130356544119e+01
6.003732593588119926e+01
6.005147599176325457e+01
6.006621377481224044e+01
6.008495852891792310e+01
6.009646070894677905e+01
6.011287789319976582e+01
6.012354951529823666e+01
6.012729374267519233e+01
6.012407685362359189e+01
6.014365496596747107e+01
6.015818058650575040e+01
6.017174532541139342e+01
6.018544367653748850e+01
6.020256902378696395e+01
6.021354651847832429e+01
6.023330418217892657e+01
6.023834024803272769e+01
6.025032020684284362e+01
6.026660842583487465e+01
6.028095358001337445e+01
6.029541386740947928e+01
6.030677381230543688e+01
6.032724192463638246e+01
6.034505338342250980e+01
6.037224123943951781e+01
6.038341460460333110e+01
6.039264631495916547e+01
6.041519431792767136e+01
6.042648340358709902e+01
6.043563919189728040e+01
6.045784760288734105e+01
6.046702148316717285e+01
6.048115121122100390e+01
6.049564424135178342e+01
6.050050642173528104e+01
6.050436385704915665e+01
6.052546346136205102e+01
6.053677479434736597e+01
6.054629590913327775e+01
6.056025413428505999e+01
6.057143625317849001e+01
6.057200575102660878e+01
6.059309880359069211e+01
6.060580413011712153e+01
6.062190811820710223e+01
6.063604906656291860e+01
6.065259829774731770e+01
6.067201483572216603e+01
6.067933221037537805e+01
6.069916326230259074e+01
6.071922227464756361e+01
6.073650101652583544e+01
6.074468211423436514e+01
6.075630933186266702e+01
6.077266130609905304e+01
6.079586652711668648e+01
6.081588531447641799e+01
6.083212142343109008e+01
6.084990879095630589e+01
6.086959020444874113e+01
6.088214846440723704e+01
6.089639634862396633e+01
6.090850711063421841e+01
6.092944627151564418e+01
6.093968619727456826e+01
6.095923778803762616e+01
6.097694026123144795e+01
6.099562812596468575e+01
6.101178942224214552e+01
6.102285549618682126e+01
6.103253144169002553e+01
6.104648695492642219e+01
6.106170799617530065e+01
6.107829138433953631e+01
6.108865094170005250e+01
6.109663008713323507e+01
6.111251456970194340e+01
6.113104919587249242e+01
6.114771483535741936e+01
6.115651468417445358e+01
6.115917514894636042e+01
6.116895052946483702e+01
6.118490953736409210e+01
6.119296598562550571e+01
6.120169036007291652e+01
6.121382807204963683e+01
6.123413321115504004e+01
6.124200315744292311e+01
6.126263690723089894e+01
6.128709226872751969e+01
6.130718203317110238e+01
6.132263776051604509e+01
6.133554634747724776e+01
6.134354524855871205e+01
6.135964486578313881e+01
6.137612997391624958e+01
6.139775768318395421e+01
6.141491051484717900e+01
6.142781704110302599e+01
6.144409281813295820e+01
6.145838429673676728e+01
6.147250597049423959e+01
6.149027703814545021e+01
6.150685552438153536e+01
6.152195560040763667e+01
6.153213224827277372e+01
6.154493892536038402e+01
6.155841153017718170e+01
6.157199482201212959e+01
6.159425031014097840e+01
6.161033248331477807e+01
6.161320270523810905e+01
6.162330843691415794e+01
6.164642824294787715e+01
6.165284195920366983e+01
6.167525137852408079e+01
6.169443521456832968e+01
6.171117392915857636e+01
6.171911470698751145e+01
6.173504093470637599e+01
6.174999400327669719e+01
6.176165965931704704e+01
6.177740296086994931e+01
6.178641969175532722e+01
6.180405788210691753e+01
6.181459433796362646e+01
6.182678487989869609e+01
6.183936154662978879e+01
6.185738514810691413e+01
6.187967130812194227e+01
6.189046041683877775e+01
6.190473568505331059e+01
6.191249158352957238e+01
6.192882483184030207e+01
6.194045703480196607e+01
6.195169068106633858e+01
6.196178665514116801e+01
6.197762913958058562e+01
6.198459209637030654e+01
6.199821918728184755e+01
6.201749287717075276e+01
6.203168756714876508e+01
6.205187362015203689e+01
6.205343853113390651e+01
6.206340440074200160e+01
6.206976442507766478e+01
6.207997897359882700e+01
6.209522478169537862e+01
6.211283720804476616e+01
6.212629036528596771e+01
6.214116144036643163e+01
6.215392251743151064e+01
6.216246014943726550e+01
6.218616787638165988e+01
6.220423492962572709e+01
6.222375058706302298e+01
6.223126704611786408e+01
6.225080415717229698e+01
6.226640987895643775e+01
6.228491980322087329e+01
6.229386778861771745e+01
6.231066428064423235e+01
6.232127631849698446e+01
6.233600726623672017e+01
6.235248611339920899e+01
6.236441847310925368e+01
6.237921261215296909e+01
6.239830760987979374e+01
6.241979524670705359e+01
6.243909402517328999e+01
6.245647346383884724e+01
6.246523863223046646e+01
6.248452698579330900e+01
6.249666012450416019e+01
6.251256312507894108e+01
6.252358673584058124e+01
6.253419039451955541e+01
6.255307244560890467e+01
6.256229280229081269e+01
6.257848434249899583e+01
6.258897253250415815e+01
6.260151323903846787e+01
6.261339533388672862e+01
6.263337913859231776e+01
6.265504684920415457e+01
6.267470077531697825e+01
6.268222136815711565e+01
6.269707390410349035e+01
6.271020182812117127e+01
6.272445517287269467e+01
6.274443820302803942e+01
6.275343172138127557e+01
6.277112461718434133e+01
6.279075230637954519e+01
6.280402760075776314e+01
6.281763024453630351e+01
6.283914389062283590e+01
6.285935930637242564e+01
6.287573751095442276e+01
6.288530451765382168e+01
6.289847461455565281e+01
6.292423468906963535e+01
6.294654560774870333e+01
6.296339251282597615e+01
6.297745417118630940e+01
6.298872535686541596e+01
6.299750747293319364e+01
6.300721987512952182e+01
6.302575568403972284e+01
6.303959687833776115e+01
6.305345628423265225e+01
6.305620193821641806e+01
6.307270484501577812e+01
6.308778425072159735e+01
6.310679463808537548e+01
6.312434834486521140e+01
6.313566624734039578e+01
6.315442927423373476e+01
6.317184397030769105e+01
6.319063653758212240e+01
6.320392857400884168e+01
6.321063042669948118e+01
6.320987356390060086e+01
6.321924425146926296e+01
6.323493133046258663e+01
6.324608572083843683e+01
6.325942295225604539e+01
6.327720692425873494e+01
6.329249575936546535e+01
6.330258465873203022e+01
6.331460897019815093e+01
6.332698605684709037e+01
6.333794107467156209e+01
6.334967124550803419e+01
6.336170505062045777e+01
6.336875416781049353e+01
6.337913835877679958e+01
6.339065855903481861e+01
6.340346566639891535e+01
6.341576545721773073e+01
6.342812293790984768e+01
6.344387766354384439e+01
6.345494923178330282e+01
6.346399214453049353e+01
6.348453784202501993e+01
6.349959761096988586e+01
6.351128560420283975e+01
6.352603728137137296e+01
6.354356457719859463e+01
6.354916771763510042e+01
6.356131032052871888e+01
6.356964178664475185e+01
6.358810255457910898e+01
6.360568618907382188e+01
6.361601031450391019e+01
6.363471841306045462e+01
6.364771145810300368e+01
6.365813866459393466e+01
6.367308402750859386e+01
6.368737720936178448e+01
6.369518590016605231e+01
6.371178307300988308e+01
6.372701050305886383e+01
6.373629324636976889e+01
6.375047130306893450e+01
6.376754103781649974e+01
6.378313144471076157e+01
6.379310575916815651e+01
6.381256825630271123e+01
6.382713687614250375e+01
6.384358633024612573e+01
6.386318129060373394e+01
6.387483454710536535e+01
6.389210302769333794e+01
6.391394685515842866e+01
6.393049381083028493e+01
6.394749739648250397e+01
6.396542583164773532e+01
6.397709105245894534e+01
6.399803848860892685e+01
6.401316526287973829e+01
6.401847186577106186e+01
6.402728283585611280e+01
6.404304343522153431e+01
6.405680294196281466e+01
6.407038824056644444e+01
6.408287293735156709e+01
6.410030907040936654e+01
6.410898340005178397e+01
6.412250929077436012e+01
6.414009371238080348e+01
6.415191877615052363e+01
6.417027456209598313e+01
6.418596514916634987e+01
6.419708380764495814e+01
6.419862802369425481e+01
6.421338966033681572e+01
6.422853034023046348e+01
6.424121316794480663e+01
6.425401521153298745e+01
6.426961384058631666e+01
6.428282280820667438e+01
6.429530381332506295e+01
6.431307951478129326e+01
6.432653120729446528e+01
6.434283674457265079e+01
6.435730210518795502e+01
6.437054125658005432e+01
6.438549871997520313e+01
6.439971732054300446e+01
6.441366010251385887e+01
6.442716722541536001e+01
6.444158865872668684e+01
6.445490022508147376e+01
6.447140626686314135e+01
6.448955835628339628e+01
6.449828211256453869e+01
6.451200641901914423e+01
6.452769173373508238e+01
6.454431282299401573e+01
6.456367592490414609e+01
6.457250071593034590e+01
6.458748786572004974e+01
6.459492382584494408e+01
6.460590412694182305e+01
6.462332416190974982e+01
6.463462024972614017e+01
6.464809625588122799e+01
6.466116443635519317e+01
6.467530098347970124e+01
6.468745666724589682e+01
6.470399969513300675e+01
6.471837302061112496e+01
6.473094449194513800e+01
6.474266890810395125e+01
6.475300292373594857e+01
6.477077677101078734e+01
6.478002704746040763e+01
6.479305168669816339e+01
6.480754748838717205e+01
6.482123383131147420e+01
6.483631577766800547e+01
6.485194797610574824e+01
6.486509171343323032e+01
6.487501823333332140e+01
6.488645541970390695e+01
6.490658905031705217e+01
6.491876673315800872e+01
6.493747283136099213e+01
6.495387431557583113e+01
6.496754802617078894e+01
6.498083302909071790e+01
6.499798688533564928e+01
6.500947965485147506e+01
6.502592765896315541e+01
6.503609140619573736e+01
6.505300202283933686e+01
6.506485847049452786e+01
6.507912987146437445e+01
6.509153409933878720e+01
6.510957124431160992e+01
6.512260137308794583e+01
6.513456525001583941e+01
6.514922176887876049e+01
6.516162136638513402e+01
6.517694345455220173e+01
6.519120624660763497e+01
6.520065506840501257e+01
6.521306838968075681e+01
6.522915639528673637e+01
6.524359181485215231e+01
6.525427615247872382e+01
6.527059436184799779e+01
6.528893159310518968e+01
6.530405481696061543e+01
6.531396546707173911e+01
6.532762849897744672e+01
6.534376550557226437e+01
6.535928181911594947e+01
6.537235165079073340e+01
6.538715606849427786e+01
6.540294588922643015e+01
6.541816136217994426e+01
6.543288854489628648e+01
6.544923174536279475e+01
6.546273527797620773e+01
6.547502122906780642e+01
6.548610212344010506e+01
6.550020959817811672e+01
6.551614561790393054e+01
6.552954834925958494e+01
6.554188512814062051e+01
6.555470024635496884e+01
6.556891892189833015e+01
6.558441875809512567e+01
6.559966060994202053e+01
6.561402258666339549e+01
6.563380727305275286e+01
6.564683292175641327e+01
6.566127912751926488e+01
6.567346503910493993e+01
6.568867967926234996e+01
6.570410018858410695e+01
6.571250168024744198e+01
6.573162483601390704e+01
6.574728623253849946e+01
6.576050839862318753e+01
6.577333621199977642e+01
6.579100321087071279e+01
6.580257329849337111e+01
6.581838611718467291e+01
6.583269987899984699e+01
6.584271624020493618e+01
6.585771287569059496e+01
6.587485883582212409e+01
6.588836185243508226e+01
6.590419260045246119e+01
6.591710899784357025e+01
6.593268411116423522e+01
6.594185791826203058e+01
6.595835059441651538e+01
6.597016653989703627e+01
6.598814343774301960e+01
6.600244059860506241e+01
6.601683924743565512e+01
6.603022607877301198e+01
6.604180031466876244e+01
6.606163111266141641e+01
6.607922415172924957e+01
6.608683000396331408e+01
6.610262217874424095e+01
6.611690981124957034e+01
6.613122903629982829e+01
6.614566431492767151e+01
6.616478614932202618e+01
6.617622968687464891e+01
6.618929740640442105e+01
6.620161304729299445e+01
6.621512740268190100e+01
6.623083882654691479e+01
6.624687262267070764e+01
6.626559014088343247e+01
6.628027317489386405e+01
6.629446621047145527e+01
6.630699915125478583e+01
6.632189223131763356e+01
6.633847870040699490e+01
6.635295876143254645e+01
6.636915832075601429e+01
6.638029633811584063e+01
6.639240526923367725e+01
6.640180203011277627e+01
6.641281696397845735e+01
6.642374787591052154e+01
6.643521295848813679e+01
6.644840472385476460e+01
6.646236073477621176e+01
6.648186144475766923e+01
6.649042869241702647e+01
6.650528040580002198e+01
6.652745912724094524e+01
6.653802481643742794e+01
6.654899447131720081e+01
6.656016571681857386e+01
6.657892925695296071e+01
6.659452969362746444e+01
6.660562477418170602e+01
6.661863367344540166e+01
6.663516179556063435e+01
6.664898911214368127e+01
6.666332601508520384e+01
6.667689036091451271e+01
6.669251086533813577e+01
6.671227327407405028e+01
6.672307686822659889e+01
6.674380378898877098e+01
6.676210761182755959e+01
6.679141207734437558e+01
6.680752128104586518e+01
6.682851544461618687e+01
6.684884458466649448e+01
6.685849233980843564e+01
6.687027577095341258e+01
6.688396279284916091e+01
6.689689928776897432e+01
6.690992947624135923e+01
6.692436005825356915e+01
6.694265303520978705e+01
6.695610534434626970e+01
6.697593834276221969e+01
6.699293557298278756e+01
6.701716315656267398e+01
6.704028086344987969e+01
6.705396214904476437e+01
6.706984875021998960e+01
6.708464117223638823e+01
6.709846709480689242e+01
6.711292533634150459e+01
6.712641351730508177e+01
6.714123071422181965e+01
6.715358038497060988e+01
6.716785697462000826e+01
6.718433800609682294e+01
6.720644359321295269e+01
6.721798306026448699e+01
6.723375312696498440e+01
6.724777745878691348e+01
6.726108154705343622e+01
6.727199983055015764e+01
6.728677722438942510e+01
6.730044393657317414e+01
6.731309012535029979e+01
6.732552853585457342e+01
6.734198222389341026e+01
6.736422289823121901e+01
6.737453745991524556e+01
6.738491827585494320e+01
6.739428886934410912e+01
6.740469155572691307e+01
6.741987218544409188e+01
6.744258974090735137e+01
6.745277564248317503e+01
6.746312992558978294e+01
6.748420702238445301e+01
6.749909625580130523e+01
6.751456967247167995e+01
6.753721995133719247e+01
6.754935921928381504e+01
6.756093175939122375e+01
6.756728406949378041e+01
6.758246728994572550e+01
6.759907104629519381e+01
6.760597193173407504e+01
6.762579373445305464e+01
6.764341696227893408e+01
6.765358170672379856e+01
6.767332366838718372e+01
6.769355925474019386e+01
6.771214230366922493e+01
6.772356537625091732e+01
6.773877076470989778e+01
6.775221214274142767e+01
6.776240700686048513e+01
6.778281601843082171e+01
6.779928716547556178e+01
6.780903545414457767e+01
6.782839305794550455e+01
6.784213477627872635e+01
6.785319896060036626e+01
6.786722257563360472e+01
6.788169520934980028e+01
6.789241200419110100e+01
6.791032921946316492e+01
6.792187180479731978e+01
6.793072476327961340e+01
6.795598089078293924e+01
6.796895605607460311e+01
6.797810367974716428e+01
6.799620981955604293e+01
6.800839150553156287e+01
6.801989084709566669e+01
6.803176588910537248e+01
6.804641862702510480e+01
6.805491650494968781e+01
6.807088287206033783e+01
6.808809492114096429e+01
6.810484768161268221e+01
6.811733126524177351e+01
6.812886296863052848e+01
6.814003537560120094e+01
6.816421023005796087e+01
6.817503142140913042e+01
6.818657187718099522e+01
6.820597680642003979e+01
6.821866611129598823e+01
6.823796014338131499e+01
6.824960077180048756e+01
6.826295241038860695e+01
6.827343455318714405e+01
6.829922416012732356e+01
6.831383888559594197e+01
6.832589692411420401e+01
6.833594546845415607e+01
6.834641338493884177e+01
6.836670966941619554e+01
6.837957564694079338e+01
6.838573651118713315e+01
6.839462432351547250e+01
6.841028331966390397e+01
6.841872175591788618e+01
6.842058597340746928e+01
6.843373431745976632e+01
6.844667191664166239e+01
6.846812464673166687e+01
6.848129623316935977e+01
6.849720942408248447e+01
6.850939535414090642e+01
6.852324480409288299e+01
6.854345937701828007e+01
6.855722300089382770e+01
6.856297724168916830e+01
6.857651150731408052e+01
6.858555063059975510e+01
6.860382307734016649e+01
6.862488467762295841e+01
6.863862095967124333e+01
6.865650987881599576e+01
6.867208444361813235e+01
6.867881464795982538e+01
6.868078105348513418e+01
6.869708826577289074e+01
6.870626378218048558e+01
6.873123924242190697e+01
6.873226311615462691e+01
6.874114509065702805e+01
6.874436453614725906e+01
6.876521327827231289e+01
6.878492659888843264e+01
6.878901557501558273e+01
6.880973738896864234e+01
6.881982575124266077e+01
6.883733605373708997e+01
6.884011169597806656e+01
6.885499878628161241e+01
6.887276562756778731e+01
6.888238080316523337e+01
6.888919100553675889e+01
6.890390199942521576e+01
6.891907776941798147e+01
6.891789807402528822e+01
6.892739690895359672e+01
6.893168070635783806e+01
6.893594050034471366e+01
6.896056875159092669e+01
6.897795379191302345e+01
6.898923357426474468e+01
6.899067496235238650e+01
6.899411429448082345e+01
6.901704394816579224e+01
6.902321544053666003e+01
6.902936314742510149e+01
6.905410856423713994e+01
6.907292756640072184e+01
6.908607239120601662e+01
6.911987020176957230e+01
6.913490666373627391e+01
6.914673817880247952e+01
6.917141720263271054e+01
6.918919656846537691e+01
6.919530345169550856e+01
6.921405259800712884e+01
6.922378344403341544e+01
6.924105993862895048e+01
6.927655323429598866e+01
6.928991799990399159e+01
6.932580038100422826e+01
6.934924128955935885e+01
6.936319189308323985e+01
6.938015704417011875e+01
6.940534876017909482e+01
6.942407293240512445e+01
6.942498972028488424e+01
6.944009216257427397e+01
6.945506876587842271e+01
6.946743952677661582e+01
6.948076399249612223e+01
6.949338919665478898e+01
6.950752328778389710e+01
6.951042792997714059e+01
6.951630676661579855e+01
6.953787670852034353e+01
6.955292193852892524e+01
6.956473158787548527e+01
6.958074979436378271e+01
6.958613132503660381e+01
6.962333784039401507e+01
6.965629307811195758e+01
6.967417227747728248e+01
6.968621191506144896e+01
6.970180441333059207e+01
6.972934136639514691e+01
6.974944446914014407e+01
6.977753013068286236e+01
6.979854139166945970e+01
6.981560532829644217e+01
6.983843414311559172e+01
6.985486671751141330e+01
6.991071970863731622e+01
6.992341482299707422e+01
6.993789271379455386e+01
6.995744516527474843e+01
6.997250322037461956e+01
6.998307724280857656e+01
6.999100333417436559e+01
7.002438272218523707e+01
7.002271409151626358e+01
7.004123379549855599e+01
7.004384059719404831e+01
7.004501044125572662e+01
7.004504688205906859e+01
7.004818265961012003e+01
7.004508361662192328e+01
7.006192591317267215e+01
7.010318942559069910e+01
7.014293765820366389e+01
7.016283493754235678e+01
7.020004133639486099e+01
7.022289748297998813e+01
7.022901925331279926e+01
7.027040784785322103e+01
7.028210175513095237e+01
7.028805658573492110e+01
7.028848965156748818e+01
7.029854956832332391e+01
7.031500926640410398e+01
7.032874392337635072e+01
7.034243375541836940e+01
7.034031272849688321e+01
7.036540440261205731e+01
7.037220822351446259e+01
7.040019212348806832e+01
7.042485528161159891e+01
7.043226331453752209e+01
7.044866072367585730e+01
7.043963402488861902e+01
7.045358270460610584e+01
7.046769968203079770e+01
7.049545174789454904e+01
7.050237543952425767e+01
7.049615571174945217e+01
7.052670010766541964e+01
7.056861759344064922e+01
7.058594423444992572e+01
7.060156046136762598e+01
7.061752703154616029e+01
7.062462280235376966e+01
7.063403313024264207e+01
7.064757176657167292e+01
7.065501608164231584e+01
7.066552040332044271e+01
7.070834819541050820e+01
7.071555896126938023e+01
7.074337694853056746e+01
7.077277990909533401e+01
7.079192763418086543e+01
7.079144026314315852e+01
7.081323629000507935e+01
7.082107959023414878e+01
7.082420729037767160e+01
7.083648160006850958e+01
7.084980376686598902e+01
7.086285294434310345e+01
7.086202147962649178e+01
7.087369566557390499e+01
7.086589772415118205e+01
7.088794369075003488e+01
7.090145954864419764e+01
7.090979411653552233e+01
7.090775334977115563e+01
7.094916087823457929e+01
7.096117736820451682e+01
7.096899612549168523e+01
7.097064575603781122e+01
7.097783402939239750e+01
7.099787575854861643e+01
7.099940729136324080e+01
7.099825865730053920e+01
7.099421945584890636e+01
7.102458057747480780e+01
7.103786200475678925e+01
7.108360053925480315e+01
7.112142463697546191e+01
7.114011451645274065e+01
7.115548810726158990e+01
7.116033756986143999e+01
7.117246548849925603e+01
7.119735089342430001e+01
7.120714878826584027e+01
7.122490550084239658e+01
7.124686427650613041e+01
7.128001694050908554e+01
7.128746190802303317e+01
7.131305986753613979e+01
7.132644422881821811e+01
7.133348815094541351e+01
7.136992921212822694e+01
7.137759238309354259e+01
7.138030302839251817e+01
7.137688537006306433e+01
7.141772613436296524e+01
7.144680872756453027e+01
7.145226019456094946e+01
7.146250968473486864e+01
7.146881905594636919e+01
7.147757949325205118e+01
7.150585625200983486e+01
7.152156468321391003e+01
7.156885702946783567e+01
7.157686708706751233e+01
7.158914010964235786e+01
7.158087672095643939e+01
7.159548290426027961e+01
7.160354943977472431e+01
7.162004887545754173e+01
7.164784468547804863e+01
7.164931815653380909e+01
7.165969227895129734e+01
7.167463576058707986e+01
7.167120126120153145e+01
7.168763693484379473e+01
7.168890957146959408e+01
7.170844081077757437e+01
7.171054373129300075e+01
7.172381406093791156e+01
7.174481811517580354e+01
7.176484270862601988e+01
7.180053912579023745e+01
7.180294878607037390e+01
7.181003226935354178e+01
7.183626011604519590e+01
7.183648019818701869e+01
7.184678094870832865e+01
7.189703298131917109e+01
7.192100660568485182e+01
7.194480331042177568e+01
7.195858139286428923e+01
7.198476302759445389e+01
7.199143600613842864e+01
7.198132186893872131e+01
7.198082258229806030e+01
7.202150603016070818e+01
7.202066441316128476e+01
7.202891549750347622e+01
7.201797940033611667e+01
7.204779947709539556e+01
7.208809494891102077e+01
7.208274621233704238e+01
7.210183955655156751e+01
7.210206838709564181e+01
7.212060987381028099e+01
7.215176664313094079e+01
7.213757989720033947e+01
7.217750430871274148e+01
7.218287658186636691e+01
7.217857191579423670e+01
7.220682890287298505e+01
7.221169810916126153e+01
7.220690030498008127e+01
7.221459555617911974e+01
7.224137453806724807e+01
7.224135402852698462e+01
7.226321084950905060e+01
7.228879224751926813e+01
7.230505870479828445e+01
7.232068510302724462e+01
7.233280474137063720e+01
7.233643437263981468e+01
7.233817620756053657e+01
7.234783668643376586e+01
7.236094153018166253e+01
7.240345851248457620e+01
7.240584446396496787e+01
7.241597199178795563e+01
7.243145929752608936e+01
7.244369532609289308e+01
7.246508612796969828e+01
7.248794199378608027e+01
7.255749997178372723e+01
7.255309800633403938e+01
7.257384988957892347e+01
7.259318696746413480e+01
7.263783395775408280e+01
7.264100103656983265e+01
7.265562058437262749e+01
7.269327626696849620e+01
7.269786255891813198e+01
7.272405309556688735e+01
7.271488949355625664e+01
7.272297776439882000e+01
7.276191249242856429e+01
7.275652820411687571e+01
7.278514326522781630e+01
7.279609719509608112e+01
7.279888080290220387e+01
7.278551449214501190e+01
7.280548108341190527e+01
7.281731457508158201e+01
7.280568493495047733e+01
7.280648066356388881e+01
7.282612863755366561e+01
7.284442701423904509e+01
7.282926032699197094e+01
7.283976458006782195e+01
7.283446071995967941e+01
7.282065531924581592e+01
7.285488379764956335e+01
7.286688262355528423e+01
7.294330194364647468e+01
7.295089515359813959e+01
7.298559694159575884e+01
7.298841710997476184e+01
7.299074453944103880e+01
7.301442819873682311e+01
7.302685871209723700e+01
7.307400389859594725e+01
7.305955891082612652e+01
7.308839387307489233e+01
7.309260932939469058e+01
7.310504704762661277e+01
7.311555916811357747e+01
7.312910242792804638e+01
7.313108853159883438e+01
7.312827255916272406e+01
7.317332221117521840e+01
7.319752894275279687e+01
7.319917871371126239e+01
7.318976232517798053e+01
7.322000650662448606e+01
7.321820587484762655e+01
7.321545581830196170e+01
7.325410923903655203e+01
7.324550581086441525e+01
7.323549859725426359e+01
7.325004227352746966e+01
7.323773993111899472e+01
7.324150627129438362e+01
7.322404700920833420e+01
7.323995181486498041e+01
7.324755614447713015e+01
7.326315426913970441e+01
7.327393070573634759e+01
7.327684476876311237e+01
7.328608300279847754e+01
7.329473068483457610e+01
7.329726054115781153e+01
7.334032048333483544e+01
7.338135843266263691e+01
7.336635576203480014e+01
7.339107038346992340e+01
7.342746633100250619e+01
7.344038908477159566e+01
7.344615905151840707e+01
7.347225866835015040e+01
7.348921230406631366e+01
7.353333794673017110e+01
7.356415745091999270e+01
7.356208736330609099e+01
7.358158842769262264e+01
7.364297347024785267e+01
7.369034228245618579e+01
7.368751959891324077e+01
7.368711844677272893e+01
7.370160168717939086e+01
7.372536866329937766e+01
7.370607272375491448e+01
7.369819310717957705e+01
7.367930068746591132e+01
7.374038220237071073e+01
7.378185665539058391e+01
7.379394844013495458e+01
7.379043547541368753e+01
7.378960167456989439e+01
7.380485114349266951e+01
7.381228577070487518e+01
7.382969312800287298e+01
7.381170105318778951e+01
7.381184051255877421e+01
7.380240689753918559e+01
7.380792425579329574e+01
7.381910530203913368e+01
7.383072364769577689e+01
7.381796138446316036e+01
7.384609310034011287e+01
7.381752818471431965e+01
7.381735870616466855e+01
7.381178437794551428e+01
7.383849464049762901e+01
7.382102059637873026e+01
7.386033845188740088e+01
7.387162403344609629e+01
7.387856454060602118e+01
7.389116554047177488e+01
7.389901133464900340e+01
7.393747576769510488e+01
7.393388158164179913e+01
7.396044989156325755e+01
7.396076246248321695e+01
7.396026915263064438e+01
7.397684566721545707e+01
7.395455306165149523e+01
7.397667300823559344e+01
7.398756438663804147e+01
7.401190314246014168e+01
7.403817618955690705e+01
7.405556477138452465e+01
7.407049742708386475e+01
7.408787096816377016e+01
7.411714817243591824e+01
7.409750855555284943e+01
7.410895235125281033e+01
7.413530923615962820e+01
7.410341600963602104e+01
7.412162159863237321e+01
7.412275693732317450e+01
7.413767761614872143e+01
7.409912723786419519e+01
7.413950433409445395e+01
7.417128542901991750e+01
7.415085720046954521e+01
7.415542106607335882e+01
7.414777821304869576e+01
7.414860621256775630e+01
7.415995754527193640e+01
7.416723311272107821e+01
7.418375858773742948e+01
7.420321924597737961e+01
7.421366762061279587e+01
7.421008536967019609e+01
7.422212254215901339e+01
7.422823773260097369e+01
7.421254766758193000e+01
7.425139966103961342e+01
7.427767783678427804e+01
7.432947203820185678e+01
7.431943552307257050e+01
7.433095550977395760e+01
7.434302454656881309e+01
7.432204979593461758e+01
7.431127501828177628e+01
7.429469529785365012e+01
7.431030966152138717e+01
7.430185342025924911e+01
7.434182180421430530e+01
7.434245739750531357e+01
7.433709875170006853e+01
7.437819643001512304e+01
7.439286373209779413e+01
7.438691274202483328e+01
7.443932289314216177e+01
7.441835413118315046e+01
7.443840650529455161e+01
7.446261743853938242e+01
7.445298719571474066e+01
7.448258013103622943e+01
7.449099903806381917e+01
7.451976417868900171e+01
7.451751790780144802e+01
7.452693103435467492e+01
7.455765196257925709e+01
7.457892951576104679e+01
7.459063605956362153e+01
7.458291076969817368e+01
7.453839301677089679e+01
7.455865025786624756e+01
7.455023128145057854e+01
7.461464308145150426e+01
7.461366070731583022e+01
7.464232722092128824e+01
7.465033824956753961e+01
7.467092423813664936e+01
7.466465462508585915e+01
7.466187225316480180e+01
7.469330619021184248e+01
7.468653466343585023e+01
7.467387659200721828e+01
7.467909426744608936e+01
7.467044715028259816e+01
7.465129531350794423e+01
7.462721901303302730e+01
7.462955434686318767e+01
7.462337030125763704e+01
7.460021361674625950e+01
7.457344691071284615e+01
7.460149152779740689e+01
7.464022172799377586e+01
7.468101605466563342e+01
7.471078505148034310e+01
7.472825647996069165e+01
7.473465761097122595e+01
7.473786642670711444e+01
7.475966909116777970e+01
7.475643601003139338e+01
7.475446591510535654e+01
7.476383252154755610e+01
7.476100279034744744e+01
7.481414079878231860e+01
7.484693598072135501e+01
7.483567522415341955e+01
7.491833391053933155e+01
7.491041972500715929e+01
7.489190395021341828e+01
7.494194183785930363e+01
7.496184921157328063e+01
7.493825817190554517e+01
7.490712868209993758e+01
7.487118324529546953e+01
7.487073036163019424e+01
7.488163051819901739e+01
7.487214867922375561e+01
7.486681028001930827e+01
7.490300160314563982e+01
7.493623939537610568e+01
7.497213399162319547e+01
7.502719262150731083e+01
7.509515595407901856e+01
7.509983231269325188e+01
7.518561966923698492e+01
7.519468352137937472e+01
7.520086162061033974e+01
7.522443403267061512e+01
7.524158050776986784e+01
7.528829527488505846e+01
7.532755772334166977e+01
7.536542557432949252e+01
7.535840920856480807e+01
7.534614525493816473e+01
7.541683548228593281e+01
7.542383327943753102e+01
7.551217800106678624e+01
7.549187162978250853e+01
7.552566262001346331e+01
7.553724792075445293e+01
7.556633874142607965e+01
7.558963506996315118e+01
7.558652232315489528e+01
7.560384248245918570e+01
7.564374118942669156e+01
7.561529072685607389e+01
7.566487744592905074e+01
7.564858790248399600e+01
7.562365180812048493e+01
7.561580651447911805e+01
7.560890787337757502e+01
7.558560116405897134e+01
7.558081961860443698e+01
7.559194658999331295e+01
7.563000532741443749e+01
7.561591380309528176e+01
7.563642778015764634e+01
7.566038948617460846e+01
7.562180097833152104e+01
7.560037870964333706e+01
7.556287992643683538e+01
7.558009442510956433e+01
7.554483779479505756e+01
7.554327659601131018e+01
7.554643812166341377e+01
7.551612973649935157e+01
7.550127977657939482e+01
7.555868322661808634e+01
7.556597431397221953e+01
7.555460534958092467e+01
7.557359677916520013e+01
7.562066345383391308e+01
7.562076533467188710e+01
7.563076148982963787e+01
7.558312842966097378e+01
7.562650179652246152e+01
7.563440099283343443e+01
7.560545534538687207e+01
7.561962210065667023e+01
7.560089518727181712e+01
7.556312229279956227e+01
7.562555801710186643e+01
7.560933216790181177e+01
7.558813268263747887e+01
7.556513372710742260e+01
7.557470673792249727e+01
7.553221648055477999e+01
7.553428444889141247e+01
7.552728440489045170e+01
7.549290942826428363e+01
7.549784994315177755e+01
7.546377969531204144e+01
7.550727020620615804e+01
7.553047245996185666e+01
7.554583196954081359e+01
7.556063121173883701e+01
7.554883035776401812e+01
7.550859690383822453e+01
7.550141753187654103e+01
7.550954975781314715e+01
7.550973534298373124e+01
7.551515294654200261e+01
7.551573972896039777e+01
7.548044422764451156e+01
7.545914256530068087e+01
7.553610830996240111e+01
7.552607190048183838e+01
7.551204277120359620e+01
7.557900053785579075e+01
7.557194762321523740e+01
7.565162467933987500e+01
7.571177263217668951e+01
7.572329059196272283e+01
7.576831848731399077e+01
7.580906143852189416e+01
7.578080545843658911e+01
7.572655328599375935e+01
7.574863190048927208e+01
7.571496172942079284e+01
7.570837031935207051e+01
7.576937789760268060e+01
7.580049335866533511e+01
7.578916804137861618e+01
7.575874615274278767e+01
7.575199767155208974e+01
7.579709880367499863e+01
7.579611213818861870e+01
7.576627770266804873e+01
7.573803119388139748e+01
7.572261127008459880e+01
7.581533944383227208e+01
7.581301876715588151e+01
7.584606223571881856e+01
7.585722230486771878e+01
7.585537308220045816e+01
7.589290097579942085e+01
7.590694835918475292e+01
7.591062334276375623e+01
7.585932432565914496e+01
7.589099555493248772e+01
7.589601806916107307e+01
7.589747288867602037e+01
7.591414401800921041e+01
7.591454528269514412e+01
7.590005069952803751e+01
7.587798753481456515e+01
7.587390571135165374e+01
7.598384032380727149e+01
7.596980166410230595e+01
7.599361453018536849e+01
7.600574041201616637e+01
7.599145368714471260e+01
7.595463976802329853e+01
7.592327665815901128e+01
7.595007498461563955e+01
7.594409353215178271e+01
7.589794749233351467e+01
7.588374318734440749e+01
7.583898102667717467e+01
7.582635348577514378e+01
7.586109128072985186e+01
7.584925760889382218e+01
7.586380485324934853e+01
7.591910731300959014e+01
7.592987721327244799e+01
7.592841107466756512e+01
7.599043032759072958e+01
7.600737785097680899e+01
7.602396038055212557e+01
7.598206411225601187e+01
7.595857606053777999e+01
7.599159413740380842e+01
7.603154286194512679e+01
7.607372000920258870e+01
7.600797066868562979e+01
7.597428244991624524e+01
7.598434044054283731e+01
7.597606965198156104e+01
7.590249114645394002e+01
7.588379531154987490e+01
7.589579441528439929e+01
7.591400922473712853e+01
7.590057094389430858e+01
7.589377953559051093e+01
7.593662146165297600e+01
7.592525098945134232e+01
7.592251238358949195e+01
7.586227285684071830e+01
7.585960204198727297e+01
7.587662814818395418e+01
7.592156774239538208e+01
7.590277047654490161e+01
7.592953662355739652e+01
7.590142405089954991e+01
7.598714964128885185e+01
7.598437197236125940e+01
7.598255805158260046e+01
7.599807837056596327e+01
7.601622095818220259e+01
7.598926996904629050e+01
7.607220815434902761e+01
7.609338321765335422e+01
7.608391358705193852e+01
7.612851623193273554e+01
7.608134559054360579e+01
7.609358855897698959e+01
7.612013309634039615e+01
7.616865136104934209e+01
7.617183784501048649e+01
7.621050535507674795e+01
7.620752228753099189e+01
7.617160791212700133e+01
7.618715387425345398e+01
7.620623983684163250e+01
7.620056760035004118e+01
7.625927464301730652e+01
7.620003745280155272e+01
7.619393758104070002e+01
7.618862858850934572e+01
7.615793833689622261e+01
7.616131304303962679e+01
7.616202864157821750e+01
7.618571071120368288e+01
7.613903294492592977e+01
7.612282910456906393e+01
7.611708141613962653e+01
7.622252277353163663e+01
7.629602774841077917e+01
7.634275816529407166e+01
7.641375550713019038e+01
7.644970858929809765e+01
7.657296707125988178e+01
7.658827466408183682e+01
7.665139862797877868e+01
7.666092107237909659e+01
7.664639810059361480e+01
7.667466682132908318e+01
7.666449171838212351e+01
7.669918453071386466e+01
7.676861481440937496e+01
7.675258814013614028e+01
7.676753776364603254e+01
7.678448971364196041e+01
7.684665261978443596e+01
7.684295867672608438e+01
7.682269711027038284e+01
7.683596899753047182e+01
7.684459848617825628e+01
7.689383419406112807e+01
7.687762136333367380e+01
7.692499049883281259e+01
7.692118676193331339e+01
7.694071365942363627e+01
7.690954958641759731e+01
7.694947533967297204e+01
7.689704378129408724e+01
7.685201802455685538e+01
7.683186880329776614e+01
7.683875193364201550e+01
7.687723380900933989e+01
7.691719799527254509e+01
7.688943110669242742e+01
7.688929613801155938e+01
7.691351086498343648e+01
7.684882263778672495e+01
7.681013386237009399e+01
7.676009706327749882e+01
7.679836015902583313e+01
7.673981670605371619e+01
7.674363046075177408e+01
7.678371231811433972e+01
7.679005140577100974e+01
7.682141740231872973e+01
7.682500184848868230e+01
7.683955723184044473e+01
7.688355203886021627e+01
7.693748099124513828e+01
7.696299618847478996e+01
7.695207388505878043e+01
7.697912080211335706e+01
7.697959929299395299e+01
7.708833660093387152e+01
7.702731659489836602e+01
7.706467534677449294e+01
7.708347894183771132e+01
7.716605890142636781e+01
7.717169936733898794e+01
7.715949540127166983e+01
7.713731701588585565e+01
7.708763709651975660e+01
7.703582618700420426e+01
7.704758830238824885e+01
7.705695522617497772e+01
7.707230748513666185e+01
7.711575673451534385e+01
7.717711981611228111e+01
7.723597474655707629e+01
7.726832520692551043e+01
7.722135404193159047e+01
7.727971867994347122e+01
7.729670327457733947e+01
7.725876200031507324e+01
7.729737589697924705e+01
7.731595402757830016e+01
7.740179006869311706e+01
7.750310829780300992e+01
7.753754061290146637e+01
7.751731546072369383e+01
7.749576583377165662e+01
7.750435978153927863e+01
7.746950161189852224e+01
7.747694183386374789e+01
7.755311480962245696e+01
7.759359341084837070e+01
7.760244163834522624e+01
7.760015817534167581e+01
7.762625319803555612e+01
7.760451253419523709e+01
7.758793964206233795e+01
7.757553445576286322e+01
7.755960029589732585e+01
7.757453251165043184e+01
7.759247490767756972e+01
7.764957292456801952e+01
7.767742538267702912e+01
7.766408988033435890e+01
7.761824264866936574e+01
7.763160060358131886e+01
7.768034616402928805e+01
7.767031672031680500e+01
7.762658506379011669e+01
7.763514008058064064e+01
7.764116279799327458e+01
7.770149860373385309e+01
7.770928567015835142e+01
7.766337060230216593e+01
7.774280084007932601e+01
7.780781466244570765e+01
7.776807072850624536e+01
7.781479128715909610e+01
7.784741222145839856e+01
7.785161749624785443e+01
7.781373780697867915e+01
7.781459395342153584e+01
7.783928293832286727e+01
7.781029402586773358e+01
7.773177130156273051e+01
7.772438142537976091e+01
7.776755116661934153e+01
7.777100033370334131e+01
7.774820435874516988e+01
7.776669958255388337e+01
7.777810632516866463e+01
7.776226717740519234e+01
7.777884932452616340e+01
7.778124852247128729e+01
7.790625216116131924e+01
7.793951048010330851e+01
7.800825982421429217e+01
7.803654395942248811e+01
7.806293009459659515e+01
7.803940895015057322e+01
7.807156557430880639e+01
7.816661997480423452e+01
7.811877551474754000e+01
7.821303029426780995e+01
7.829343648653320997e+01
7.828205024693488667e+01
7.826419500203974167e+01
7.824955929542375088e+01
7.826753702409223479e+01
7.827229679444917565e+01
7.822340464828721451e+01
7.824439432997587573e+01
7.826862280521254434e+01
7.822878961592596170e+01
7.821194167308021861e+01
7.820260862424402148e+01
7.816148682032053330e+01
7.824491081512314850e+01
7.832178279933214071e+01
7.827627336318619200e+01
7.823082590333251574e+01
7.822037698428357544e+01
7.824973575187868846e+01
7.831702136005878856e+01
7.829435573991304409e+01
7.825182894256704458e+01
7.824213499465804489e+01
7.823245970979223785e+01
7.827521038015947852e+01
7.826490957000896742e+01
7.830286109905591729e+01
7.829945775122723717e+01
7.832420296257623704e+01
7.827060707568580256e+01
7.824049252989698289e+01
7.823385341058747144e+01
7.826861466262471367e+01
7.826160624858312076e+01
7.820378455043737631e+01
7.821844521014190832e+01
7.812678362772021501e+01
7.810209278447109682e+01
7.811781769891967997e+01
7.815413264996550424e+01
7.820581231515916443e+01
7.822745153449614008e+01
7.828241788289506076e+01
7.824768364681858657e+01
7.831868344521353720e+01
7.828003316615831864e+01
7.823602549004226603e+01
7.825308928687991283e+01
7.824271120494631759e+01
7.830268536934090662e+01
7.830209991405263281e+01
7.828990419089586794e+01
7.827682553161048418e+01
7.822838939708981343e+01
7.819974928460487718e+01
7.823559466489132319e+01
7.823371243676956510e+01
7.829230326100787352e+01
7.828796906883690099e+01
7.831942785696628562e+01
7.843025771801148949e+01
7.842877481613504642e+01
7.847387971421267139e+01
7.841914826561787777e+01
7.840594231866180053e+01
7.841597841468410479e+01
7.841431740914049442e+01
7.842267351956252242e+01
7.841484612940712395e+01
7.839960077077557798e+01
7.847410283123372210e+01
7.845024360162460653e+01
7.848836828944877198e+01
7.847800714302684355e+01
7.853100843020547472e+01
7.861509549555466947e+01
7.867448850961864082e+01
7.868291948321802920e+01
7.863296990806702524e+01
7.864344227499259432e+01
7.860654829012310074e+01
7.862324726327915414e+01
7.863977606673597620e+01
7.873988979070054484e+01
7.875883966925357527e+01
7.880902679080008966e+01
7.882621410742012813e+01
7.884922216183076671e+01
7.887703900044925831e+01
7.888485970530837221e+01
7.882485074694068317e+01
7.889076342010775988e+01
7.884937086724130495e+01
7.884928294311430363e+01
7.880500492836472404e+01
7.882888970148360386e+01
7.881714782392464258e+01
7.884591828221255128e+01
7.883761948441588174e+01
7.881300861048475781e+01
7.886000514980059961e+01
7.887094014436752332e+01
7.880041407713633816e+01
7.878648632944350538e+01
7.885502500280199456e+01
7.886267166873221868e+01
7.894463559580162837e+01
7.907072417563904310e+01
7.907683004190766951e+01
7.906162259987559082e+01
7.905789473717049987e+01
7.911120947263498238e+01
7.906671623051988718e+01
7.906557386334225157e+01
7.905000681858564349e+01
7.910341376034739369e+01
7.928459523293258826e+01
7.917322819270702894e+01
7.916609734327903425e+01
7.917289810366764868e+01
7.922344607187824295e+01
7.927526095246685145e+01
7.923749360663987318e+01
7.923428899423470284e+01
7.921915973905652208e+01
7.918315482646721648e+01
7.914780648981013655e+01
7.910861028630915825e+01
7.912543983869363728e+01
7.919527248743634118e+01
7.931633645587044157e+01
7.937580952797543432e+01
7.946729736424822477e+01
7.941041078185662627e+01
7.936338398209227307e+01
7.928555335193777864e+01
7.922046545252214855e+01
7.913617836427056318e+01
7.915474841585182730e+01
7.919627951875008876e+01
7.919880561776517425e+01
7.919693922342048609e+01
7.924188588364722818e+01
7.922435520255112351e+01
7.922944462902614760e+01
7.918374725239573308e+01
7.922456819539547723e+01
7.929480486031116016e+01
7.927889591930852475e+01
7.929140614798325259e+01
7.933147784041375417e+01
7.938017314760509180e+01
7.948409591950803588e+01
7.960878480907649646e+01
7.959610381310085359e+01
7.956070965429989883e+01
7.964194105673686863e+01
7.970558491692827374e+01
7.968981990778138425e+01
7.968889902984028595e+01
7.967050234051475854e+01
7.968522494039825688e+01
7.971391170773222257e+01
7.966792344431632955e+01
7.970987054603756405e+01
7.977106138930503221e+01
7.982109001361095579e+01
7.983072426174476277e+01
7.990412855951035453e+01
7.987848500312156830e+01
7.991490527841870062e+01
7.992086833917346667e+01
7.998498904707503243e+01
8.003504379267997138e+01
7.992163341159357515e+01
7.998694571492433170e+01
7.993669964382206672e+01
7.996543377988200518e+01
7.995593283280595642e+01
7.991550327177992585e+01
7.991231376495761651e+01
7.986661279355666920e+01
7.992766047450913902e+01
7.992715880813648255e+01
7.989388521161890822e+01
7.992498220879679138e+01
8.002389902096092555e+01
7.999110873254085163e+01
7.996483850522417924e+01
8.003534532033609139e+01
8.010241095748369844e+01
8.012501905955286929e+01
8.016824374327916303e+01
8.014864734058028262e+01
8.017393202094990556e+01
8.017988938824237266e+01
8.021094066339264828e+01
8.015036758931546501e+01
8.020712791147616372e+01
8.017721338496630779e+01
8.016597688010915590e+01
8.014790203137454228e+01
8.010891832434663229e+01
8.016759837043900916e+01
8.016890345252522820e+01
8.015781866343331785e+01
8.018795497282098950e+01
8.019057430071461567e+01
8.013458673181139602e+01
8.013142097284253396e+01
8.013195275225461955e+01
8.014322416394952597e+01
8.020394630138707726e+01
8.017483286633705575e+01
8.014808625477689930e+01
8.015392482026072685e+01
8.016142708520055749e+01
8.015354082711019146e+01
8.013386682455438859e+01
8.009486965014093585e+01
8.010091415109309310e+01
8.017841935786509566e+01
8.015151700992828410e+01
8.012728541828892048e+01
8.016295803129742126e+01
8.013973173077010870e+01
8.011809813559011673e+01
8.013616654887846380e+01
8.018075473260887520e+01
8.012455213293378620e+01
8.014692646693038114e+01
8.021564835183471587e+01
8.025637440537593648e+01
8.032626402141795552e+01
8.039599041603287333e+01
8.050698680860659806e+01
8.053250936729364184e+01
8.051961391564418591e+01
8.055117967180012784e+01
8.049659139379309636e+01
8.047452836530464992e+01
8.039621749094931147e+01
8.034722094727840158e+01
8.037958015707135928e+01
8.043747285085282783e+01
8.045617827240494080e+01
8.038095122039885609e+01
8.038658352745642333e+01
8.032972634158522851e+01
8.038045110971597751e+01
8.033309856654705072e+01
8.035086436714937008e+01
8.029609389011420717e+01
8.032361737320752582e+01
8.032684217790392722e+01
8.028123693432007713e+01
8.028619891278503928e+01
8.038899776470225333e+01
8.036357492022489168e+01
8.032502155853489967e+01
8.035139112168326392e+01
8.032857070824411494e+01
8.030744693780070520e+01
8.035571168805108755e+01
8.038856638541346911e+01
8.039112216867124516e+01
8.039735287459552637e+01
8.051905198864915292e+01
8.054375535546023457e+01
8.052626196501660161e+01
8.053024058824394160e+01
8.053528926433318702e+01
8.050482186201224977e+01
8.048390316376844567e+01
8.047702504386688815e+01
8.049828788290142256e+01
8.042271491844894626e+01
8.057996313504827413e+01
8.049129102306233108e+01
8.047251813534967368e+01
8.050414765780260495e+01
8.047088002996315481e+01
8.044692965958347486e+01
8.046324771701983991e+01
8.041585709058836073e+01
8.037327711041143630e+01
8.038005104460262373e+01
8.031698987301570014e+01
8.037521438062140078e+01
8.043731530530567397e+01
8.048030280201328424e+01
8.049914903305489133e+01
8.048200447188992257e+01
8.046256941479623492e+01
8.047182213487667468e+01
8.040668551439557632e+01
8.046724662994984101e+01
8.040681734132704150e+01
8.036003022999375389e+01
8.039606690353957674e+01
8.041925080905093637e+01
8.039472578274308034e+01
8.042898745516140480e+01
8.041829298472566734e+01
8.044760471180688910e+01
8.052072691808007221e+01
8.057564406182154926e+01
8.052219756845079246e+01
8.048699739531639352e+01
8.043849153265909990e+01
8.052450677067554352e+01
8.044483634360676660e+01
8.043636452551254479e+01
8.041556843781290809e+01
8.036333281338647794e+01
8.031145047639620316e+01
8.038411180445473292e+01
8.047210494792943791e+01
8.045390586420398904e+01
8.055209625869701995e+01
8.046981230056553613e+01
8.043518462338215613e+01
8.042593645395118074e+01
8.058770259304310457e+01
8.056861070896047750e+01
8.049977767734071676e+01
8.045305648554403888e+01
8.040982376615193061e+01
8.045399915948019043e+01
8.038243318615695898e+01
8.040774875600254745e+01
8.042015337779503170e+01
8.048025200557185599e+01
8.042889638141423347e+01
8.037200183281402133e+01
8.035576177214352356e+01
8.036193375369202840e+01
8.034626818927790737e+01
8.038650019971282745e+01
8.047830609448192263e+01
8.049310353654709616e+01
8.048101137628327706e+01
8.044106443173041043e+01
8.049940667848204612e+01
8.043236154220812750e+01
8.048362406874730368e+01
8.042226285096603533e+01
8.042347301680456439e+01
8.031148171903714683e+01
8.043064134683208977e+01
8.040719918423383206e+01
8.036280260831335909e+01
8.034569066410585947e+01
8.035734732324544893e+01
8.035148381800809148e+01
8.042092157529532415e+01
8.044400967869114538e+01
8.042149139233879396e+01
8.046065332565831341e+01
8.050486508591529855e+01
8.056158673886329780e+01
8.054507031845878373e+01
8.053876765499808243e+01
8.051606732231994101e+01
8.045377598769573524e+01
8.046478088210460555e+01
8.045326776968977356e+01
8.050004510518920142e+01
8.048429524975381355e+01
8.051793261379316391e+01
8.055861871607339708e+01
8.063928301141913835e+01
8.060516206885313295e+01
8.061359293946770777e+01
8.065391748347610701e+01
8.060734279912412603e+01
8.065269190455819626e+01
8.061184851862526557e+01
8.057986999723834742e+01
8.053819890769773338e+01
8.059374272871536959e+01
8.067961284712691850e+01
8.060972818584559718e+01
8.063781274282337108e+01
8.065089739256382018e+01
8.058863934352029901e+01
8.064233364569827245e+01
8.062522379031724995e+01
8.062428572744829580e+01
8.054286542435602314e+01
8.057759985891061660e+01
8.054579993788320280e+01
8.045639128604398138e+01
8.047686439635344868e+01
8.050597403315987322e+01
8.050752246565571113e+01
8.047917113977837289e+01
8.048940364269310521e+01
8.045017112402456405e+01
8.047230072584443406e+01
8.044050362176312774e+01
8.042736869945292710e+01
8.037365944034536369e+01
8.029066129047168943e+01
8.027462212235332117e+01
8.025619802856272145e+01
8.022013351076202525e+01
8.020926777370277705e+01
8.020900264472220442e+01
8.022734795330597990e+01
8.025014815940176049e+01
8.025661562010827765e+01
8.017647074133401475e+01
8.012108064542007924e+01
8.007167157092590060e+01
7.997148734852999041e+01
8.000027355270322005e+01
7.998560164485115820e+01
7.999688865033749607e+01
8.002678005794587079e+01
8.010674050068428187e+01
8.002861157702500350e+01
8.003041072470477957e+01
8.002164364517102513e+01
7.997563745713250682e+01
8.005122356792526261e+01
8.014720757347367908e+01
8.008209161032118573e+01
8.020803595825418597e+01
8.024334348548291018e+01
8.022298086767114000e+01
8.020867877303408022e+01
8.028371071884157573e+01
8.018468090056649089e+01
8.016775973609946959e+01
8.007152978742942651e+01
8.000127266996878461e+01
7.999139632910555520e+01
7.995369638739430229e+01
8.002716339987546235e+01
7.998625889168033609e+01
8.000107811054022022e+01
8.006840093227037869e+01
8.009149001950481761e+01
8.012329999956182291e+01
8.021539625378136407e+01
8.029225447175940644e+01
8.027591542870595731e+01
8.021678990896452888e+01
8.014207346202329063e+01
8.011643971401099407e+01
8.012062598458305729e+01
8.015476754808059923e+01
8.012741385311164777e+01
8.011371563321063149e+01
8.004862323297038529e+01
8.009932620914878498e+01
8.008052191920523910e+01
8.013396997833660862e+01
8.010335607820343284e+01
8.015302398296353203e+01
8.012247414268131251e+01
8.009626051148916304e+01
8.000642053465071513e+01
7.999370595169239095e+01
7.990748797881951759e+01
7.982548261293686664e+01
7.988578581450201455e+01
7.983640104513051483e+01
7.982470222166648455e+01
7.980588693890422292e+01
7.980683409315224708e+01
7.974832900626097398e+01
7.979035192896390072e+01
7.980829990096390247e+01
7.987345182069202565e+01
7.984811306481060456e+01
7.975564859150745178e+01
7.973555435688831494e+01
7.961846840054749919e+01
7.961278027463868057e+01
7.965655023671388335e+01
7.959582433321520512e+01
7.960221446177092730e+01
7.956573010262764001e+01
7.959611153289824870e+01
7.966734547685609868e+01
7.969039687582790066e+01
7.970844968751771376e+01
7.970582780141830881e+01
7.969067410988827760e+01
7.970949767983984202e+01
7.962657500516979781e+01
7.953110665971416893e+01
7.955541057997925236e+01
7.958298150531845749e+01
7.960150215142584784e+01
7.959772061272542487e+01
7.963216730070871563e+01
7.959636441109523730e+01
7.961419896292409248e+01
7.966935450287564890e+01
7.974544017130028806e+01
7.974627356679593504e+01
7.978115311048804870e+01
7.980643543252881500e+01
7.986318870146260451e+01
7.989970136504598486e+01
7.997500660392961436e+01
8.002342904144006752e+01
7.999282261541156913e+01
7.997374674172988307e+01
7.991039779750099115e+01
7.984771160013860936e+01
7.983157510923956579e+01
7.983898889454667369e+01
7.971875948175966187e+01
7.979998140225507086e+01
7.983151166585230385e+01
7.985421521348507667e+01
7.993932594260240876e+01
7.989567244807585666e+01
7.989423302030081686e+01
7.990531956907216227e+01
7.995014246231585275e+01
8.009980728536356764e+01
8.008519607219477621e+01
8.007487752876477316e+01
8.000739417288423283e+01
7.999007728483138635e+01
8.001170042441935948e+01
7.996570786755546578e+01
8.001402167411106348e+01
7.997542779856757988e+01
7.990676523016554711e+01
7.988516487008382683e+01
7.993799900814519788e+01
7.990886762180525693e+01
7.994354690709769784e+01
7.997507196349852165e+01
8.000409364253300737e+01
8.000344848144868592e+01
7.996653184097976919e+01
8.008023098838930309e+01
8.009537836076196982e+01
8.010576830451736896e+01
8.010705755250182847e+01
8.010410060637150309e+01
8.009305171951291413e+01
8.005118779270924279e+01
8.002733558230465860e+01
7.996168623190260405e+01
8.001127562213423516e+01
8.003578322873727302e+01
8.003220370943927264e+01
8.005983533600465307e+01
8.004773304294303671e+01
8.006463219706711243e+01
8.008861218773108703e+01
8.003010505248767004e+01
8.001578766752936644e+01
8.003468251628692087e+01
7.999188493073688733e+01
7.999308139497952652e+01
8.009705527024925686e+01
8.004397641175819444e+01
7.997706384771026933e+01
8.002849885576324596e+01
8.001941767849621101e+01
7.998779006847325945e+01
7.996898789157603460e+01
7.986354797301646613e+01
7.979663268362037343e+01
7.971793876359788555e+01
7.973387296221335419e+01
7.973874413005250972e+01
7.969909375444785837e+01
7.974421458696724585e+01
7.972261590036123380e+01
7.968429566125632846e+01
7.967511223891233385e+01
7.973170074258905515e+01
7.976464439208302792e+01
7.975785030974111578e+01
7.982802529492892063e+01
7.984111330340965651e+01
7.973329394534266612e+01
7.965687454259750666e+01
7.965246637459040357e+01
7.967738247214401781e+01
7.969187424134725006e+01
7.969328864677754609e+01
7.963891876300385775e+01
7.957745356905888912e+01
7.963589570851581811e+01
7.970060786127669417e+01
7.962044042942216038e+01
7.960031896793680062e+01
7.960746576364181237e+01
7.966254733236837637e+01
7.972483245645526040e+01
7.965685953564934607e+01
7.963672694355136628e+01
7.949569741560753755e+01
7.954468691580950690e+01
7.958260359407813667e+01
7.948322318735972658e+01
7.945407854088534805e+01
7.942823370534824790e+01
7.947435514267726830e+01
7.938722918785606453e+01
7.935461969173684338e+01
7.928041853029026242e+01
7.928701993146751192e+01
7.921754803313342563e+01
7.918715906747638655e+01
7.921538620806950348e+01
7.923627438222138153e+01
7.918186780836640537e+01
7.910113126715077669e+01
7.910829842488510621e+01
7.911547239522042219e+01
7.918198418435804342e+01
7.923958163119732490e+01
7.925637235342310305e+01
7.920202083404456062e+01
7.925300842672277213e+01
7.925083175295094406e+01
7.930612281765752414e+01
7.937127910535946285e+01
7.927723215107835131e+01
7.919300038474284520e+01
7.912873439637951378e+01
7.903423339106393541e+01
7.911798766583342513e+01
7.914690030964084144e+01
7.924000798760698672e+01
7.928698202191844757e+01
7.931957379796858731e+01
7.925142247154326469e+01
7.936064411865481816e+01
7.930083897140684712e+01
7.931506296752286289e+01
7.949916449716874922e+01
7.948833366492544883e+01
7.960536579374638677e+01
7.959186391234925395e+01
7.947221862135666015e+01
7.951952111191440054e+01
7.951770378778292070e+01
7.963893340321737924e+01
7.969332289569047134e+01
7.967933539882506011e+01
7.962741255766104587e+01
7.953135022755486716e+01
7.954519012772470887e+01
7.951024731686629821e+01
7.954145488777612627e+01
7.961991531007697631e+01
7.963561655108424020e+01
7.966229622831906454e+01
7.971666557851494872e+01
7.969487667366956885e+01
7.959719978651264682e+01
7.958164498920632468e+01
7.958863443795871717e+01
7.954856055148593441e+01
7.953164666896827839e+01
7.958666677866222017e+01
7.957444797746757104e+01
7.955347356906986533e+01
7.962967929528258537e+01
7.959081936900020082e+01
7.950052930265883333e+01
7.954748271416792704e+01
7.965671768385254836e+01
7.973346568933811795e+01
7.971379392270591779e+01
7.974124823146303243e+01
7.960407192921047681e+01
7.953839644572963152e+01
7.956666026094262634e+01
7.953866953033684695e+01
7.955250169416285644e+01
7.951135180626715737e+01
7.948628769630067836e+01
7.953984847389710922e+01
7.951021412449699710e+01
7.958442981603639055e+01
7.953380155958075193e+01
7.957611372477640543e+01
7.957548045803650894e+01
7.955672022946600919e+01
7.950450764211382193e+01
7.971253753303244594e+01
7.970885413941141451e+01
7.961221600088174455e+01
7.960173698079233873e+01
7.962989569130058953e+01
7.950910188863417716e+01
7.946296841326784488e+01
7.946752370811009314e+01
7.938904754858504020e+01
7.934186838679124776e+01
7.932794717393244355e+01
7.940628984160866821e+01
7.937041812288680376e+01
7.937088508475335402e+01
7.940214964625374705e+01
7.938526918543175270e+01
7.934963209303077747e+01
7.937999762314029795e+01
7.934827504758141004e+01
7.925229707483322272e+01
7.921435869012657349e+01
7.924892304552213318e+01
7.931202475693680753e+01
7.931068565281657357e+01
7.929217615935431240e+01
7.929012558647173137e+01
7.928152166236759513e+01
7.932944127017799474e+01
7.930639110933680058e+01
7.929716495085540373e+01
7.932923400177605799e+01
7.934916518847330735e+01
7.933257544349635282e+01
7.929381839304187451e+01
7.920335792732839764e+01
7.923019605783974839e+01
7.923102791192650329e+01
7.927623460632094066e+01
7.931029526852125855e+01
7.918105338998429943e+01
7.910153415568129276e+01
7.902155654262060125e+01
7.908631581947702216e+01
7.922033421750347770e+01
7.914115925289297593e+01
7.918794840409645985e+01
7.927306958084318467e+01
7.916904002325281908e+01
7.925586488922090211e+01
7.925096826428671193e+01
7.918942071201763611e+01
7.924596056239988684e+01
7.927424498623258842e+01
7.923355268356408487e+01
7.922606627500681498e+01
7.917589794352079480e+01
7.917188808678110945e+01
7.918061105471770134e+01
7.922454253235264332e+01
7.924230636376978509e+01
7.922856304021752294e+01
7.926049640290057141e+01
7.928454473813508230e+01
7.920986706758412765e+01
7.916995488540305814e+01
7.912188550804330589e+01
7.921377439984098601e+01
7.923682168517734681e+01
7.929150423115243029e+01
7.927402979947692074e+01
7.925101933378937247e+01
7.924026105594839464e+01
7.919920654575707886e+01
7.934282377051113144e+01
7.926140234505692206e+01
7.919809606017315673e+01
7.915089691264529392e+01
7.915832817342561611e+01
7.914916226248897146e+01
7.916192508270887629e+01
7.918587053833471145e+01
7.914574252118472941e+01
7.917138407978472969e+01
7.911565780632099631e+01
7.909209827282302285e+01
7.906094081029732479e+01
7.925266736319099437e+01
7.924429437115577457e+01
7.922921684706670931e+01
7.918234652759929304e+01
7.915968780167349905e+01
7.908506401129488950e+01
7.916959811344986520e+01
7.908209321454432938e+01
7.909319572787717334e+01
7.900164361123916024e+01
7.895614610714528681e+01
7.884791059145845793e+01
7.883069496743974014e+01
7.880695221009773377e+01
7.886392561641241628e+01
7.879844361786581430e+01
7.886456493395871803e+01
7.894006570698547876e+01
7.902902330425240507e+01
7.894909185469077784e+01
7.890297839902814303e+01
7.893905366143553692e+01
7.889920180784611148e+01
7.882288176984820893e+01
7.888751934873653227e+01
7.893199437196199142e+01
7.896179391204350395e+01
7.885163194286815269e+01
7.880153636896466196e+01
7.882065394211622333e+01
7.877673343879541790e+01
7.880237507244328299e+01
7.868378417577150685e+01
7.867590487923735054e+01
