0.000000000000000000e+00
3.664172254502773285e-08
4.232288119965232909e-08
1.229964254889637232e-07
2.130987013515550643e-07
4.614639692590571940e-08
3.387413016753271222e-09
6.911295713507570326e-08
7.959079084685072303e-08
2.220722308265976608e-07
1.572784640302415937e-07
2.522137947380542755e-07
3.847089828923344612e-07
3.012296474480535835e-07
3.977888809458818287e-07
4.687799446401186287e-07
3.331288098706863821e-07
7.352605280175339431e-07
8.787988008407410234e-07
3.770455805351957679e-07
3.567251951608341187e-07
6.946074790903367102e-07
7.201265361800324172e-07
5.505767148861195892e-07
6.148411557660438120e-08
2.740034688031300902e-07
1.757412064762320369e-07
3.815571290033403784e-07
3.093487066507805139e-07
9.078621587832458317e-07
1.027983216772554442e-06
2.315423444088082761e-07
4.287367119104601443e-07
3.321138137835077941e-07
3.211130206182133406e-07
2.901606421801261604e-07
4.742651071865111589e-08
2.896413207054138184e-07
1.063096078723901883e-06
1.905068984342506155e-06
6.036561899236403406e-07
1.908664216898614541e-06
3.204622771590948105e-06
4.005928076367126778e-06
5.462545686896191910e-06
7.519263363064965233e-06
5.287709427648223937e-06
5.392385901359375566e-06
4.503117452259175479e-06
5.814272753923432902e-06
8.294804501929320395e-06
1.083719735106569715e-05
8.330353011842817068e-06
9.277255685447016731e-06
1.003471152216661721e-05
1.163046408692025580e-05
1.414870075677754357e-05
1.441760059606167488e-05
1.022977039610850625e-05
1.485126040279283188e-05
1.642146344238426536e-05
1.767957792253582738e-05
1.671477502895868383e-05
1.167322534456616268e-05
1.032505406328709796e-05
1.094468598239473067e-05
1.317965916314278729e-05
1.434788782717077993e-05
1.341065353699377738e-05
1.727255494188284501e-05
1.743248594721080735e-05
1.853192861744901165e-05
2.074877147606457584e-05
2.415616290818434209e-05
3.043209108000155538e-05
3.407494523344212212e-05
3.404823110031429678e-05
3.972559852627455257e-05
3.784434466069797054e-05
3.247827544328174554e-05
3.519833489917800762e-05
4.221943208904122002e-05
4.480251527638756670e-05
4.332589560362976044e-05
4.226231840220862068e-05
4.142619354752241634e-05
4.071633475177804939e-05
4.011645069113001227e-05
3.834165363514330238e-05
3.815759100689319894e-05
3.254894090787274763e-05
3.338454416734748520e-05
2.797584102154360153e-05
3.401691765247960575e-05
2.309820729351486079e-05
2.021931004492216744e-05
1.649934802117059007e-05
2.755228524620179087e-05
3.894948622473748401e-05
4.383334771773661487e-05
5.568786264120717533e-05
5.046201977165765129e-05
4.682276767198345624e-05
4.195943301965598948e-05
4.359172453405335546e-05
3.247579525123001076e-05
4.389946934679755941e-05
4.145597995375283062e-05
4.698536622527171858e-05
5.134123421157710254e-05
5.448677893582498655e-05
5.408906281445524655e-05
6.593859461645479314e-05
4.979937102689291351e-05
5.791372905150637962e-05
4.540209329206845723e-05
5.547915861825458705e-05
6.645292114626499824e-05
5.858859594809473492e-05
6.209730372574995272e-05
5.287462317937752232e-05
5.411303027358371764e-05
5.254138477539527230e-05
5.219929425948066637e-05
4.406528341860393994e-05
3.707936002683709376e-05
4.217242576487478800e-05
4.319640765970689245e-05
4.297122268326347694e-05
6.797291189286625013e-05
7.331520782827283256e-05
8.037425959628308192e-05
8.155950763466535136e-05
9.222551489074248821e-05
8.418615334448986687e-05
8.189729715013527311e-05
8.552218969271052629e-05
6.599608605029061437e-05
6.521728982988861389e-05
6.148984266474144533e-05
6.777516637157532386e-05
3.802008541242685169e-05
3.867585610350943170e-05
4.943401881973841228e-05
5.995330820951494388e-05
7.745209131826413795e-05
6.229643395272432826e-05
6.228258780538453721e-05
6.209139064594637603e-05
5.668061794494860806e-05
6.187067219798336737e-05
3.854120905089075677e-05
4.414050363266142085e-05
5.422587719294824637e-05
6.568030630660359748e-05
1.042792382577317767e-04
1.092072438950708602e-04
1.025060987558390480e-04
9.423159644939005375e-05
1.021629132083035074e-04
1.183481558655330446e-04
1.411231496604159474e-04
1.360938472316775005e-04
1.328522903349949047e-04
1.392335525451926515e-04
1.226239783136406913e-04
1.078988957488036249e-04
1.057827867043670267e-04
1.326119950135762338e-04
1.269140184376738034e-04
1.396594025209196843e-04
1.604234057595022023e-04
1.676648530519742053e-04
1.219412274622300174e-04
1.238006861967733130e-04
1.203430451823805925e-04
1.055818647728301585e-04
1.046164570652763359e-04
1.282208463635470252e-04
1.299370460401405580e-04
1.393893194290285464e-04
1.364906343042093795e-04
1.205435569318069611e-04
9.156288615486118942e-05
9.711717666505137458e-05
8.800931846053572372e-05
6.663894828307093121e-05
6.778968645448912866e-05
7.903125742814154364e-05
9.193042433253140189e-05
1.388050582136202138e-04
9.713097870189812966e-05
8.929818704928038642e-05
6.703635835947352462e-05
2.317445296284859069e-05
2.898216325775138102e-05
8.191909728338941932e-08
1.479749107602401637e-05
1.463735998186166398e-05
3.490791914373403415e-05
5.171629845790448599e-05
9.337201299786102027e-05
8.770818658376811072e-05
1.028150672937044874e-04
4.433178173712803982e-05
2.029619463428389281e-05
4.887902832706458867e-06
6.812000719946809113e-06
1.767639287209021859e-05
1.427128154318779707e-05
2.280150329170282930e-05
7.379778708127560094e-06
3.393783617866574787e-05
1.628220388738554902e-05
7.050311978673562407e-06
4.768645248987013474e-05
3.878764800901990384e-05
1.880607669590972364e-05
3.419465883780503646e-05
9.460262117499951273e-05
5.835094998474232852e-05
8.728067950869444758e-05
8.738978476685588248e-05
1.095982338483736385e-04
4.917028854833915830e-05
4.837349979425198399e-05
9.963690035874606110e-05
1.557444434183707926e-04
1.748197810229612514e-04
2.004276616389688570e-04
2.076597515952016693e-04
2.229836254628025927e-04
1.390837524013477378e-04
1.508603645561379381e-04
1.596383317519212142e-04
1.065637452484224923e-04
4.899413079328951426e-05
2.815813331835670397e-05
2.817516133291064762e-05
1.721511580399237573e-06
1.544693941468722187e-05
2.428989228064892814e-05
1.476811848988290876e-05
7.622342627655598335e-05
6.743381300111650489e-05
1.155195236606232356e-04
1.079215185200155247e-04
6.469970367106725462e-05
1.049274947035883088e-04
8.662543586979154497e-05
8.803863420325797051e-05
9.796444282983429730e-05
1.320261781074805185e-04
1.647885655984282494e-04
1.343097305834817234e-04
1.026194095175014809e-04
5.041980921305366792e-05
7.419658004437224008e-05
1.900368993119627703e-04
1.804777930374257267e-04
1.593712995600071736e-04
1.012456568787456490e-04
1.017564868561748881e-04
1.353287852907669730e-04
1.390036836710351054e-04
2.237389971924130805e-04
2.639041990732948761e-04
2.655996313478681259e-04
2.616787196529912762e-04
1.862954281932616141e-04
2.355197975703049451e-04
2.643571028784208465e-04
2.921344462265551556e-04
2.355189103582233656e-04
2.216788589066709392e-04
2.321474044038041029e-04
2.178773706873471383e-04
2.611728777992539108e-04
2.056567896033811849e-04
1.974398592210491188e-04
2.665602783054055180e-04
2.024253467425296549e-04
2.357669600314693525e-04
2.261948275190661661e-04
2.325650343664165121e-04
2.234954340565309394e-04
2.289161616317869630e-04
2.092233685289102141e-04
2.017547149080201052e-04
2.139994858225691132e-04
3.147321676806313917e-04
3.934427845706522930e-04
3.024536049451853614e-04
3.121154659311287105e-04
3.870122195621661376e-04
3.731998667717562057e-04
4.357807324595341925e-04
4.307862077439494897e-04
4.547136572909948882e-04
4.718626596513786353e-04
5.037778296355099883e-04
5.118751810186950024e-04
4.224909403092169669e-04
3.841186648969596718e-04
3.369215305610850919e-04
3.558240555321390275e-04
4.228723846608772874e-04
4.172735948486661073e-04
3.896878070008824579e-04
4.715677364401926752e-04
4.234597804497752804e-04
4.154281946284754667e-04
3.395727644601720385e-04
3.684833759507455397e-04
4.960327642038464546e-04
6.304215116870182101e-04
6.519736070913495496e-04
6.633285079260531347e-04
6.426403197110630572e-04
5.973562028884771280e-04
6.498769535028259270e-04
6.139624729257775471e-04
7.386256529571255669e-04
8.197320748877245933e-04
7.578243762509373482e-04
7.100855518729076721e-04
7.027828914942801930e-04
7.219634958346432541e-04
5.386463953982456587e-04
5.474692443385720253e-04
5.555917855417646933e-04
5.407802955232909881e-04
3.961516667914111167e-04
4.749068348246510141e-04
3.712793231898103841e-04
4.692896995948103722e-04
6.226680138752271887e-04
6.274124575611494947e-04
5.716076325370522682e-04
4.754389619847643189e-04
4.610328483067860361e-04
4.464296634978381917e-04
3.508269005578767974e-04
2.752945720203570090e-04
3.857600177070708014e-04
3.028738069588143844e-04
2.319545633326924872e-04
1.037780039041535929e-04
6.857962807771400549e-05
2.286474000356975012e-05
5.337718312148354016e-05
1.106591134885093197e-04
1.211500466524739750e-04
5.591347326117102057e-05
1.370018389934557490e-05
8.635665062683983706e-05
4.125808345634141006e-05
5.850800152984447777e-05
5.753094001192948781e-05
8.414398962486302480e-05
2.261436584376497194e-04
2.894399267461267300e-04
2.734312447500997223e-04
1.601090598342125304e-04
1.920721097121713683e-04
2.751973088379600085e-04
1.215067059092689306e-04
5.603537647402845323e-05
2.704209400690160692e-04
3.704566556734789629e-04
3.178060956088302191e-04
4.464365242711210158e-04
3.621622204263985623e-04
4.491465251703630202e-04
4.065372404511435889e-04
4.778475804414483719e-04
5.780293995485408232e-04
6.356162557494826615e-04
5.144826500327326357e-04
5.696316861758532468e-04
4.377835862214851659e-04
3.899068469763733447e-04
6.446103079724707641e-04
8.542581117580994032e-04
7.765976424707332626e-04
6.958364201636868529e-04
4.882341904703935143e-04
5.336870490282308310e-04
5.655169939018378500e-04
6.287779788181069307e-04
5.812781882923445664e-04
4.891450112154416274e-04
5.190878232497198042e-04
4.019494040221616160e-04
2.671906099749321584e-04
3.368241909811331425e-04
4.517211273196153343e-04
5.102116401758394204e-04
4.133310176257509738e-04
4.447773080755723640e-04
2.935416332547902130e-04
1.119756261687143706e-04
3.161957079100830015e-04
2.348975276618148200e-04
3.974409291913616471e-04
4.245751101734640542e-04
4.385495089991309214e-04
4.973014733877789695e-04
5.245492002359242178e-04
6.910181900821044110e-04
6.693915247524273582e-04
6.584745624422794208e-04
6.898047572576615494e-04
6.635853014813619666e-04
6.328665399450983386e-04
5.087882814223121386e-04
6.129359207989182323e-04
4.932633246426121332e-04
5.615011232293909416e-04
6.969190953896031715e-04
7.582662128697847947e-04
7.744483318674610928e-04
6.754396799806272611e-04
7.826990554349322338e-04
9.308268972745281644e-04
1.097279694477037992e-03
9.624072208680445328e-04
8.289010784210404381e-04
7.803954727023665328e-04
9.525399896119779442e-04
1.097628796287608566e-03
1.155116977770376252e-03
1.111310306441737339e-03
1.002554051865445217e-03
8.874926434145891108e-04
7.140925777093798388e-04
7.842927329875237774e-04
6.863296562187315430e-04
6.541936668327252846e-04
7.916830363683402538e-04
1.107472871808568016e-03
1.070262390840071021e-03
9.284959864999109413e-04
8.843857858664705418e-04
1.007522299914853647e-03
1.136044517352274852e-03
1.195300472772942157e-03
1.294255376706132665e-03
1.352275836779881502e-03
1.504893574747256935e-03
1.707407290268747602e-03
1.670895686402218416e-03
1.853901770118682180e-03
1.949167481598124141e-03
2.208738487297523534e-03
2.013604768308141502e-03
2.231945753919717390e-03
2.139476323918643175e-03
1.926055441344942665e-03
1.716354271593445446e-03
1.759259745995223057e-03
1.829659137456474127e-03
1.725326751056854846e-03
1.636429581139964284e-03
1.707095987512730062e-03
1.816058908843842801e-03
1.724077599646989256e-03
1.512118350092350738e-03
1.326572065408981871e-03
1.189273132240487030e-03
1.119272978030494414e-03
8.730171284696552902e-04
9.759713711900985800e-04
7.947963322294526733e-04
1.023263112074346282e-03
9.832990986069489736e-04
8.982550953078316525e-04
5.210808822084800340e-04
3.921309576071507763e-04
2.554716556915082037e-04
2.847662558451702353e-04
3.598038765630917624e-04
1.760599811859719921e-04
2.956220123451203108e-04
2.976000018861668650e-04
4.889219217147910967e-04
1.692072501100483350e-04
1.330782429249666166e-04
1.634371628824737854e-04
5.527410544345912058e-04
4.381630960779148154e-04
5.482080455294635613e-04
2.086942363348498475e-04
1.322812713624443859e-04
2.419401121187547687e-04
1.481628373767307494e-04
2.796241633404861204e-04
1.909284778776054736e-04
1.974748843167617451e-04
3.741240138879220467e-04
3.024966226803371683e-04
2.013171088037779555e-04
2.740917443588841707e-05
6.098231551732169464e-05
1.324957192991860211e-04
2.154561752831796184e-05
9.697148607301642187e-05
9.893871265376219526e-06
1.806096247491950635e-04
1.581457236170535907e-04
1.779027265911281575e-04
3.654794236354064196e-04
6.553461334988242015e-04
5.115913513691339176e-04
5.582392136602720711e-04
9.527155266368936282e-04
8.627159800198569428e-04
6.820512890044483356e-04
7.957923448884685058e-04
1.013973619137686910e-03
1.326639288436126662e-03
1.420192827936261892e-03
1.439939091142150573e-03
1.570339701629563933e-03
1.779984921085997485e-03
2.081518849536223570e-03
1.969472220025636489e-03
2.423261738385917852e-03
2.644084506755461916e-03
2.624121017561265035e-03
2.493804368441487895e-03
2.309628595412505092e-03
2.752760281509836204e-03
2.170037223095278023e-03
2.006210081617609831e-03
1.896225158361630747e-03
2.046116996098135132e-03
2.107403581703692907e-03
2.157309673293639207e-03
2.323567246548918774e-03
2.266211866754019866e-03
2.487089835540245986e-03
2.570793773884361144e-03
2.793278859826386906e-03
2.655523317571351072e-03
2.868355975806480274e-03
3.231818701806332683e-03
3.175385205395286903e-03
3.017790045760193607e-03
2.898597842431627214e-03
2.927812890902714571e-03
3.146290488075464964e-03
3.118698757589299930e-03
3.047637787858548108e-03
2.865305734758294420e-03
2.819070197801920585e-03
2.956276476197672309e-03
2.876298510273045395e-03
3.074706961797346594e-03
3.444164577558694873e-03
3.447355833031906513e-03
3.651123604413442081e-03
3.735734788733680034e-03
3.843174796202220023e-03
3.986643541338708019e-03
4.364462708508654032e-03
3.878190007071680157e-03
4.316888323955936357e-03
4.680945625295862556e-03
4.482811156776733696e-03
4.383421399779763306e-03
4.283739783659257228e-03
4.524373812728299526e-03
4.904169868950702948e-03
4.855099772157700500e-03
4.723635327081865398e-03
4.916746691378648393e-03
4.748663028749433579e-03
4.817232272671390092e-03
4.853414081026130589e-03
4.723677412584947888e-03
4.756510450988571392e-03
4.846453305617615115e-03
5.021903387842030497e-03
5.258573538412747439e-03
5.174882804567459971e-03
5.779774404345516814e-03
5.760367942457378376e-03
5.867070966360188322e-03
5.900409976675291546e-03
6.095169742366124410e-03
6.366540695580624742e-03
6.450411290643387474e-03
6.457917925672518322e-03
6.361030039897741517e-03
6.227487122032471234e-03
5.896407948512205621e-03
6.324267124455218436e-03
6.519913332795113092e-03
6.549287037614703877e-03
6.423338858439819887e-03
6.529639278141985415e-03
7.313050977245438844e-03
7.996125143108656630e-03
8.077584554030181607e-03
8.036551868826791178e-03
7.593140733206382720e-03
6.977417540838359855e-03
6.901832789026229875e-03
7.101401547970453976e-03
7.372365463197638746e-03
7.556988202395586995e-03
7.758955589451943524e-03
7.872241139011748601e-03
8.036952118800400058e-03
8.073154175690433476e-03
7.884053053203388117e-03
7.597990128942910815e-03
7.578391171136900084e-03
7.623102515481150476e-03
7.500716404592822073e-03
7.828034365047642495e-03
7.975956624250102323e-03
8.234612204887525877e-03
8.499101264533237554e-03
8.822290094485651935e-03
8.572795417876477586e-03
8.462213943857932463e-03
8.608070851096272236e-03
8.324669847297627712e-03
8.109234408948395867e-03
8.323191788349504350e-03
8.187148644992703339e-03
8.337979790667304769e-03
8.013698365175514482e-03
7.840095847768679960e-03
7.846620071632059989e-03
8.189489754840906244e-03
8.081497977400431409e-03
8.019135428185109049e-03
7.976626090567151550e-03
7.565539720872038743e-03
6.828465549915563315e-03
6.830648863342503319e-03
7.038428193936852040e-03
6.893652299368113745e-03
7.339029440572630847e-03
6.650801286468777107e-03
6.166510312141326722e-03
6.445020761475461768e-03
6.338772260733094299e-03
6.472826226399774896e-03
6.345079103084572125e-03
6.182703887134266552e-03
6.479361252331727883e-03
6.350692909563804278e-03
6.308134233677265001e-03
6.401937168448057491e-03
6.864848455279570771e-03
6.938868072666082298e-03
6.809594549395114882e-03
6.597197944756771903e-03
6.649554070463636890e-03
6.748340079411718762e-03
6.481582993728807196e-03
6.331062476419901941e-03
6.619853869779035449e-03
6.645017247137730010e-03
7.224724912703095470e-03
7.343250863868888700e-03
7.221923292036080966e-03
7.618673420893173898e-03
7.343382574617862701e-03
7.149062597818556242e-03
7.300133722310420126e-03
7.138094522360916017e-03
7.526753244292194722e-03
7.790370862494455650e-03
7.954962564781453693e-03
8.256710984824167099e-03
8.339710340806050226e-03
8.437149504061380867e-03
7.881771773554646643e-03
8.173068040377984289e-03
8.656986928144760896e-03
8.762920410390506731e-03
9.116245059885841329e-03
8.864518291375134140e-03
9.254351880827016430e-03
9.725172163598472252e-03
1.003060658922549919e-02
1.027494424988617538e-02
1.029451658587277052e-02
1.075390861342384596e-02
1.075862904872337822e-02
1.067739438394710305e-02
1.148493887330914731e-02
1.179026714135034126e-02
1.116619568347232416e-02
1.175507753805504763e-02
1.173311766888218699e-02
1.141428513301434577e-02
1.131369936865667114e-02
1.102293211806681938e-02
1.091123372680158354e-02
1.133541133140170132e-02
1.126763837692124071e-02
1.179442817829112755e-02
1.141256399796475307e-02
1.148715181034276611e-02
1.170410206259475672e-02
1.153688275599051849e-02
1.121687285740335938e-02
1.106958065156504745e-02
1.112551629603331094e-02
1.116934130732261110e-02
1.128401548930924037e-02
1.125037317751775845e-02
1.029014484765866655e-02
1.025754183137905784e-02
9.698222619590524118e-03
1.056428135825626669e-02
1.032778875560325105e-02
1.015746960729302373e-02
1.023926023435706156e-02
1.043081512170829228e-02
1.010030581210230594e-02
1.088882535987067968e-02
1.089928832789155422e-02
1.092216584538618918e-02
1.018430447584250942e-02
1.006037903789547272e-02
9.837049611633119639e-03
9.895994692669773940e-03
9.488490399235161021e-03
9.465677168918773532e-03
9.330483878784434637e-03
9.641051895414420869e-03
9.911404320519068278e-03
1.005552633750994573e-02
1.078532199699111516e-02
1.062061932634605910e-02
1.079882969543177751e-02
1.055732499071382335e-02
1.020962302345651551e-02
1.059374686201408622e-02
1.123700469906907529e-02
1.175413000737535185e-02
1.200862439009142690e-02
1.101425383103560307e-02
1.075867389499762794e-02
1.151011629644926870e-02
1.128091776081419084e-02
1.099015177987894276e-02
1.091954596222421969e-02
1.121178904440967017e-02
1.071191070968779968e-02
1.006927530170287355e-02
9.621244345453305868e-03
9.462914757932594512e-03
9.535981820590677671e-03
9.262676324397034477e-03
8.845537952311133267e-03
9.173515108159335796e-03
9.473345368860464077e-03
8.735034823530440917e-03
8.894510265690769302e-03
8.431212585946923355e-03
8.785394632013776572e-03
8.237311702487204457e-03
8.115726744108542334e-03
8.460761650894710328e-03
9.224666204772802303e-03
9.703642055683303624e-03
9.759150796980975429e-03
9.156046202406287193e-03
8.675061278154316824e-03
8.807718007574294461e-03
9.047720735907205380e-03
8.971199408279062482e-03
8.905656584374810336e-03
8.963952320755197434e-03
9.101234909849154064e-03
8.518106526025803760e-03
8.593882081640913384e-03
8.531840415798797039e-03
8.956575069532846101e-03
7.770486140088905813e-03
8.053195638240140397e-03
8.795383343112916918e-03
8.862007142397487769e-03
9.462697321851010201e-03
9.262974680495972279e-03
9.815685627472703345e-03
1.026314887394619291e-02
1.034510573890656815e-02
1.014829235964498366e-02
1.011383429295165115e-02
1.045092691492754966e-02
1.061086124263965758e-02
1.085834053446887992e-02
1.120736441225744784e-02
1.149304450336785521e-02
1.143305914320080774e-02
1.081541243684114306e-02
1.076981518053798936e-02
1.100778698764770525e-02
1.018957141650389531e-02
1.029590331609142595e-02
1.037326220466638915e-02
1.037290706835847232e-02
1.014827487324510003e-02
1.002470700495905476e-02
9.998459565849771025e-03
1.015133962664549472e-02
9.519200099930458236e-03
9.292115390053368174e-03
9.664953707670065342e-03
1.028488425572504639e-02
1.005761992337284028e-02
9.877222785689809825e-03
9.823418183714238694e-03
9.463246819450432668e-03
9.544936278416571440e-03
8.904203842121205525e-03
9.062502528649929445e-03
8.591086209435161436e-03
8.838886248668131884e-03
8.733536993076995714e-03
9.375439899486082140e-03
9.259894181468553143e-03
1.013964023513835855e-02
1.071093176778958878e-02
1.103820625075968564e-02
1.133506353426128044e-02
1.211216082219834789e-02
1.239195103426027345e-02
1.208504025817092042e-02
1.159799478409695439e-02
1.113028459394627134e-02
1.145622356898456928e-02
1.144121822972010705e-02
1.135415219050628366e-02
1.077688250279607018e-02
1.031578620177242556e-02
9.051792298578220652e-03
9.014776820094994036e-03
9.238235760676616337e-03
1.001673234804911772e-02
1.090432096316362731e-02
1.041600993448810186e-02
1.057589720539908740e-02
1.121662326659134123e-02
1.100127228892233688e-02
1.069149783324974123e-02
1.067064637163639418e-02
1.174217481684536324e-02
1.152094127519376343e-02
1.123621350598114077e-02
1.075385083277069498e-02
1.107807354583201231e-02
1.120627432510445942e-02
1.134318234653619584e-02
1.169514488901768345e-02
1.195033814110502135e-02
1.151046739005323616e-02
1.192181557644289569e-02
1.263510720309568569e-02
1.253009238780578016e-02
1.301400234297034331e-02
1.270512732753559249e-02
1.216668388451580540e-02
1.196730524725353462e-02
1.118291869124732330e-02
1.107601410149072763e-02
1.189313146505810437e-02
1.149914108418670367e-02
1.141211967296840157e-02
1.162237172411551001e-02
1.198422380730335135e-02
1.172671915719547542e-02
1.172794013655220624e-02
1.205872560467469157e-02
1.185063464799895883e-02
1.201402100150517072e-02
1.198563517709771986e-02
1.178484437377846916e-02
1.112975786554670776e-02
1.068301333498311578e-02
9.947878560979006579e-03
8.739162672554812161e-03
8.809841650418093195e-03
8.258871381258359179e-03
8.440707529189239722e-03
7.368267127731087385e-03
7.471479936612013262e-03
7.626090615758585045e-03
8.488717451655247714e-03
8.290532158298447030e-03
8.324080119564314373e-03
8.754978482556907693e-03
9.032085898070363328e-03
8.735666167922317982e-03
8.968629353148571681e-03
9.640604000196617562e-03
9.966431996872415766e-03
9.360940359783853637e-03
9.070955102743027965e-03
9.070207732293056324e-03
8.901635895199433435e-03
9.369519187202968169e-03
8.785854513462254545e-03
8.898965009848325280e-03
8.488266529184329556e-03
8.832241026993870037e-03
8.578530013437557500e-03
8.297609474539058283e-03
8.224882442846137565e-03
8.644937456665502395e-03
8.186581967038364382e-03
7.798508293035411043e-03
6.747819303200230934e-03
7.473235447832848877e-03
5.954693081093864748e-03
5.543612094243144384e-03
6.446219622830540175e-03
5.874090757060912438e-03
5.481064957621128997e-03
5.300483962400903692e-03
4.919131236420071218e-03
4.279689449049328687e-03
3.289361912720778491e-03
4.725023029095609672e-03
5.269676443276694044e-03
5.499066606262204004e-03
5.171785399852524279e-03
5.265632067221304169e-03
5.288184691380592994e-03
6.081999585148878396e-03
6.478587777564825956e-03
6.427085093491768930e-03
6.686928175895445747e-03
7.557264429124188609e-03
8.282900730137043865e-03
8.903381376512697898e-03
9.625484547996165929e-03
8.147505603119498119e-03
8.875206256561796181e-03
8.966295728441764368e-03
8.664032709020830225e-03
9.454904891299520386e-03
8.320717310198233463e-03
7.873750341786944773e-03
8.244670922977093142e-03
8.425762231581757078e-03
8.849905399983981624e-03
8.930824229537392966e-03
9.510946204045467312e-03
9.356994502013549209e-03
9.279842844080121722e-03
8.704575712272344390e-03
8.967915076027566101e-03
9.698655213469464798e-03
9.977286059893231140e-03
1.015076602652698057e-02
9.641526045470527606e-03
9.325748159426439088e-03
9.248727974863868440e-03
9.747239871103374753e-03
9.522852584723295877e-03
9.151804282282682834e-03
9.461948147873044945e-03
9.806285478589416016e-03
8.872557903487177100e-03
8.786711219272547169e-03
8.459051297904807143e-03
8.396560392611718271e-03
7.743683203898399370e-03
8.273039776668156264e-03
8.387418256006640149e-03
8.493539002301986329e-03
8.756504716075141914e-03
8.659681535391428042e-03
9.608811429643537849e-03
9.893068110159219941e-03
1.027175631406862522e-02
1.032363243575673550e-02
1.066201282219481072e-02
1.097452316525959759e-02
1.103669082249325584e-02
1.124290819052475854e-02
1.146585666856481112e-02
1.180136571838374948e-02
1.208373427380138310e-02
1.256305303240878857e-02
1.208084018844601815e-02
1.076263626055151690e-02
1.095750076046897448e-02
1.119466499130794546e-02
1.068518331612722250e-02
1.099025980738588260e-02
1.207940778112970293e-02
1.184765508151031099e-02
1.207308938865025993e-02
1.128544977336787269e-02
1.105070577796141151e-02
1.174887144361491664e-02
1.160202560095058288e-02
1.164578478392286343e-02
1.204752958165045129e-02
1.163077381352195516e-02
1.146439936337628751e-02
1.190130203440276091e-02
1.198332391686562914e-02
1.115127743105404079e-02
1.139304337766589015e-02
1.135532045145737357e-02
1.151801099649674143e-02
1.151439690602273913e-02
1.137841671561545809e-02
1.068870977360347752e-02
1.032119605952175334e-02
1.127404301769274753e-02
1.152014163108106004e-02
1.084642662817714154e-02
1.117847430441543111e-02
1.096756222113981494e-02
1.118246822534274543e-02
1.170397834357572719e-02
1.104166432378406171e-02
1.098851761480545974e-02
1.144850545551889809e-02
1.171878661716618808e-02
1.090580185200451524e-02
1.056173988718001056e-02
9.923042775426438311e-03
1.037362136412411928e-02
9.789884789370262297e-03
1.015777667134898365e-02
1.016230848608756787e-02
9.888456571843562415e-03
9.973610008728428511e-03
1.076140244640555466e-02
1.213635548992897384e-02
1.301318450668986770e-02
1.169054511547074071e-02
1.253369995129105519e-02
1.359180038298291038e-02
1.480711633166720276e-02
1.547881594387945370e-02
1.541356107645697193e-02
1.614826673721836414e-02
1.681889494875576929e-02
1.716075650074344594e-02
1.670603740512888180e-02
1.706263693404252990e-02
1.650795825798923033e-02
1.628830354547972092e-02
1.551355877472815337e-02
1.594848753438782296e-02
1.635899358370807022e-02
1.663478137834317749e-02
1.658361673162289662e-02
1.694241174845956266e-02
1.702898191206259071e-02
1.730624441279360326e-02
1.780821979355096119e-02
1.780217887653634534e-02
1.701041537535274983e-02
1.747655965300509706e-02
1.744456510368763702e-02
1.715799159683228936e-02
1.745965673489990877e-02
1.655342680987814674e-02
1.626118094009143533e-02
1.630917639567996957e-02
1.538322604938002769e-02
1.548710646102335886e-02
1.557019796246095211e-02
1.479950450266187545e-02
1.463376124456772231e-02
1.485751777363475412e-02
1.389600604943552753e-02
1.343184122379170731e-02
1.340891106110575492e-02
1.435905065909537370e-02
1.450162633409490809e-02
1.350638699614137295e-02
1.430947130893400754e-02
1.429684286222254741e-02
1.545566351023808238e-02
1.633630321566670318e-02
1.441102667831728468e-02
1.456947490396487410e-02
1.554077274704468437e-02
1.540681097003471223e-02
1.458800008822436212e-02
1.463471232045776560e-02
1.398839135663365596e-02
1.309963408448311384e-02
1.175522440598797402e-02
1.140857923519433825e-02
1.163164183662956930e-02
1.213718215694825631e-02
1.310027620638720691e-02
1.360279775826711557e-02
1.490262268771402887e-02
1.587735303564841161e-02
1.531672261080530006e-02
1.706232218975856085e-02
1.699854006119494443e-02
1.704640495154308155e-02
1.701435394534200896e-02
1.530271761976109701e-02
1.579312059948279057e-02
1.554573178736973205e-02
1.466834301254493766e-02
1.555477507190516917e-02
1.509936113052390283e-02
1.588922371684020618e-02
1.597385339346146793e-02
1.714793871633446543e-02
1.706259156935630017e-02
1.733722704693718697e-02
1.723892298423379543e-02
1.723525314446305856e-02
1.706503914101631381e-02
1.689200869350315770e-02
1.693297521433123620e-02
1.743125551183766220e-02
1.737812112196479575e-02
1.762941656761540798e-02
1.697333209085627459e-02
1.579980541282566264e-02
1.564611672938553966e-02
1.472575191201030975e-02
1.507273193692526547e-02
1.533074715507609653e-02
1.491922492959929514e-02
1.566150991675385740e-02
1.536974340751839918e-02
1.528174566192319617e-02
1.509519367937173229e-02
1.592047983331212890e-02
1.586065909259559703e-02
1.517835644290244090e-02
1.540366306699070265e-02
1.663072239807661390e-02
1.690351019396985066e-02
1.685696500271660625e-02
1.669990871141635580e-02
1.653046006185832084e-02
1.669003986626194092e-02
1.618975763221897068e-02
1.646652656518199365e-02
1.716166570622590370e-02
1.665899833369621774e-02
1.652209052235775744e-02
1.603616425518339383e-02
1.613675981798223802e-02
1.732486468517890899e-02
1.560280431294813752e-02
1.719618024390001665e-02
1.712323564152029576e-02
1.670683892461966025e-02
1.573392724503719364e-02
1.572945209090903518e-02
1.535197240809793584e-02
1.629774478624312906e-02
1.642436357906262856e-02
1.700639125738234725e-02
1.770683829317931668e-02
1.867047352880035760e-02
1.781739884881972102e-02
1.676504266924894182e-02
1.779816072621542844e-02
1.791764387826333405e-02
1.705820952338399366e-02
1.671507977152941748e-02
1.573259062342913239e-02
1.567704540730119334e-02
1.567607295874040574e-02
1.518772129247736302e-02
1.594920988554804353e-02
1.536774930900719482e-02
1.478888641577214003e-02
1.399042665752858738e-02
1.368823135862839990e-02
1.303097999107194482e-02
1.322598270917296759e-02
1.248544988857247517e-02
1.232627760009563644e-02
1.261139336020278279e-02
1.336301294804798090e-02
1.322061352675518719e-02
1.294370382811393938e-02
1.200045408040750772e-02
1.133933245728258044e-02
1.244470457777424599e-02
1.192765767063974636e-02
1.237132113919869880e-02
1.284800647999873036e-02
1.277704496806109091e-02
1.358327150683180662e-02
1.141280761612506467e-02
1.092800823698780732e-02
9.951398008070100332e-03
9.238057093625684502e-03
8.851205575410858728e-03
9.182348976537468843e-03
9.306736207236099290e-03
1.018982598270667950e-02
1.059732387466283399e-02
1.012631242565475986e-02
1.000587385578910471e-02
9.794181343750096858e-03
9.585520542714220937e-03
9.450421528981678421e-03
1.068931400550354738e-02
1.023959920394190704e-02
1.057341551268109470e-02
1.046171598272849224e-02
1.054142149678227725e-02
1.114615799133389373e-02
1.037730782900325721e-02
1.016512072055775207e-02
1.111087604886051849e-02
1.161782955387025140e-02
1.154239031893666834e-02
1.057262065432951204e-02
1.051150465809769230e-02
9.701585431230341783e-03
9.350866345812391955e-03
9.767233624188520480e-03
9.316850242157670436e-03
8.946091120833443711e-03
8.813752127935003955e-03
8.838116371407522820e-03
9.212992907578154700e-03
1.027560775401070714e-02
1.113612330937030492e-02
9.633513139760907507e-03
7.580365933790744748e-03
6.026395157277875114e-03
5.367264947835792555e-03
5.094356907193287043e-03
6.352696100293542258e-03
6.539099028941564029e-03
6.891626840570097556e-03
7.257361418396612862e-03
8.803441489362739958e-03
9.273114234474633122e-03
9.174502123642014340e-03
9.210317531596956542e-03
9.907799472784972750e-03
1.045071648877637926e-02
1.185843699613542412e-02
1.173183981200054404e-02
1.042204665736790048e-02
1.000548268939382979e-02
1.044171700823426363e-02
1.002751820851699449e-02
9.239536448149010539e-03
9.408136533238575794e-03
1.031689594037743518e-02
9.061343344455963233e-03
9.368716038807178847e-03
8.410094365899567492e-03
8.329014437094883760e-03
9.905798463023529621e-03
1.035690351045559510e-02
1.014465425214439165e-02
9.065883247785677668e-03
9.222314075032045366e-03
8.791864487648126669e-03
8.054458357037219685e-03
7.610820413901819848e-03
5.295116568504454335e-03
4.148210718540212838e-03
4.819840345135162352e-03
4.537472903393791057e-03
4.665366936933423858e-03
5.004700927656813292e-03
6.765150453702517552e-03
7.939247210288158385e-03
7.203083807326038368e-03
7.082039721353794448e-03
5.840414585236430867e-03
6.257211709453258663e-03
7.411255463921406772e-03
6.727343150487286039e-03
6.263831029627908720e-03
7.211528774860198610e-03
7.561409638128679944e-03
7.221867284442851087e-03
7.101683007022074889e-03
6.833189361259428551e-03
8.502311359279701719e-03
9.275471493310760707e-03
8.185337846043694299e-03
8.173388160685135517e-03
7.908802452675445238e-03
7.411039437101862859e-03
6.332185823794134194e-03
6.771857704734429717e-03
8.623333307241409784e-03
7.789079436861356953e-03
6.637560325998492772e-03
6.627411436056718230e-03
6.548969257437420310e-03
6.229128507129644277e-03
6.375078763539931970e-03
5.786105752576986561e-03
4.952336188125627814e-03
3.080352122651675018e-03
2.589117551451636245e-03
3.668147616735950578e-03
3.876945891533978283e-03
3.260046716604847461e-03
5.287283425786881708e-03
7.080722565206087893e-03
5.504558160282613244e-03
7.250722992012015311e-03
7.839311657335201744e-03
7.370877066932735033e-03
9.204687420151458355e-03
8.580701509345090017e-03
7.938886212286888622e-03
8.390468405650608474e-03
8.211193110128078843e-03
8.964482034571119584e-03
7.899128817825840088e-03
8.508597715263022110e-03
1.023371285873508896e-02
9.886015395295544295e-03
9.064669536655856064e-03
8.506157475494546816e-03
8.273480800198740326e-03
8.668113749081385322e-03
8.251484243828599574e-03
8.434274624960380606e-03
9.511838154594443040e-03
9.761488195636047749e-03
9.793083495878818212e-03
9.787233855604426935e-03
8.849400698636600282e-03
8.773250486228789669e-03
9.229224922819412313e-03
9.518732860215095570e-03
9.376961420457519125e-03
9.994848659061972285e-03
9.777521273917955114e-03
8.774894466569094220e-03
9.190618853608611971e-03
1.066801777824366582e-02
9.870906083051522728e-03
7.859418935822759522e-03
9.440403442113165511e-03
1.024001721361855743e-02
9.821656530675682006e-03
8.600926754752435954e-03
8.139212025980668841e-03
9.444109353353269398e-03
1.006923603699760861e-02
1.139642811540397815e-02
1.071276857055636356e-02
1.030635526967671467e-02
1.050417002534231870e-02
1.242091022641034215e-02
1.272713771504641045e-02
1.085302299497925560e-02
1.114714534560334869e-02
1.072798779341610498e-02
1.085704282468213933e-02
1.139840312180240289e-02
1.087305055034448742e-02
1.096703799157694448e-02
9.014610867325245636e-03
9.343425290808227146e-03
7.435929381244932301e-03
7.323605610054073622e-03
8.148145920586102875e-03
7.556837254014681093e-03
6.308541157977742841e-03
7.699799027705012122e-03
8.397088632591476198e-03
8.523476575646782294e-03
7.706084193614515243e-03
7.303628799490979873e-03
6.306840969955374021e-03
7.504975729716534261e-03
6.039214997144881636e-03
4.532486894277099054e-03
5.046585237778344890e-03
3.358519520588743035e-03
4.603473958468384808e-03
4.061754994381772121e-03
3.130472489829116967e-03
2.394107581494608894e-03
1.687085467438009800e-03
9.454744263166503515e-04
8.828747277220827527e-04
4.872564941251766868e-04
2.167017300507723121e-03
2.132362003521848237e-03
2.166165846119838534e-03
2.489893565325473901e-03
3.533440238697949098e-03
4.146634117205394432e-03
2.573568251591495937e-03
2.632650487157661701e-03
1.449059099741134560e-03
1.145392616763274418e-03
2.093782995416404447e-03
6.853273607703158632e-04
2.349147071072366089e-04
5.084784429527644534e-04
6.465668898272269871e-04
5.139253307788749225e-04
1.222840423906745855e-03
1.523022587207378820e-03
3.429651187161653070e-03
2.940425074029917596e-03
8.965322995209135115e-04
1.641517391362867784e-03
2.068780463105213130e-03
2.578667265424883226e-03
3.775449543809372699e-03
4.380251613838481717e-03
5.821698191539326217e-03
6.424716526908014202e-03
1.026806336903973715e-02
9.633750481498282170e-03
9.075821699298103340e-03
1.008617997513283626e-02
1.100848619580574450e-02
1.129182078193480265e-02
1.182665342093969230e-02
1.142463409996707924e-02
1.274909415542424540e-02
1.278861947866971605e-02
1.298579471222183201e-02
1.256249996731639840e-02
1.205080349927811767e-02
1.277571135415200843e-02
1.172323969785793452e-02
1.199661770760940271e-02
1.076363543643310550e-02
1.139866368384900852e-02
1.091470220990231610e-02
9.863719543773186160e-03
9.855566661826742347e-03
9.402186408806301188e-03
8.111055321478488622e-03
1.027161137471921393e-02
9.727890228987234877e-03
1.102499635680942447e-02
1.031171141767117660e-02
8.961584869211947080e-03
9.836997141064784955e-03
9.577389805144775892e-03
8.617804481673374539e-03
9.730024165037320927e-03
1.042234919441398233e-02
1.120755114288840559e-02
1.161637159202655312e-02
1.028095380388549529e-02
9.746970232754392782e-03
9.662357890192652121e-03
1.042408669218275463e-02
1.143538071664806921e-02
1.290992545455083018e-02
1.220486360443828744e-02
1.313624049180361908e-02
1.199297852463132585e-02
1.209561235418732394e-02
1.147796995610406157e-02
1.212834843590826495e-02
1.064824765444427612e-02
1.006258550432903576e-02
1.002947659026176552e-02
1.102972325952578103e-02
1.115099180742618046e-02
1.178496729198741377e-02
1.422383500221258146e-02
1.530257385820732452e-02
1.503750123811187223e-02
1.520421287432327517e-02
1.690835100771437283e-02
1.672421635112186777e-02
1.856586610574595397e-02
1.907889952008190448e-02
1.970772986351221334e-02
2.071044003378119669e-02
2.022025407086402993e-02
1.856844298526993953e-02
1.722961266796119162e-02
1.733060305423350655e-02
1.576550432127987733e-02
1.579294217890492291e-02
1.558886353495836374e-02
1.717227551307587419e-02
1.885644461253832560e-02
2.135870588108446100e-02
2.131062377566195210e-02
2.133874078708686284e-02
2.196104891618233523e-02
2.130511519544597832e-02
2.153053337679011747e-02
2.103301884608299588e-02
1.942528093650253140e-02
1.917025179409392877e-02
1.941480137202233891e-02
2.045338535072005470e-02
1.968835051457062946e-02
1.929870706408109982e-02
1.906166206345005776e-02
2.013279293259984115e-02
1.952111381206123042e-02
2.037765965951621183e-02
2.112801214389037341e-02
2.010141008759092074e-02
1.959832710372211295e-02
1.855115415492036846e-02
1.705690287690231344e-02
1.688214652176611708e-02
1.579977316305303248e-02
1.182669601894303923e-02
1.228036476095439866e-02
1.125511914278831682e-02
1.084496549310642877e-02
1.038284282685708604e-02
1.259343351739516947e-02
1.234925988546820008e-02
1.199951465741833090e-02
1.184274573233778938e-02
1.115957242518561543e-02
1.219204837934739771e-02
1.162368490895460127e-02
1.161113525404289248e-02
1.141166557499673218e-02
1.040917746149716550e-02
1.333880191168645979e-02
1.470350444742507534e-02
1.482392440948387957e-02
1.359121043651612126e-02
1.675381186123559019e-02
1.697481315886761877e-02
1.757621828937772079e-02
1.733211912278420641e-02
1.945391957224273938e-02
1.978951207183854422e-02
1.902615507924565463e-02
1.971439528733753832e-02
1.878838988204734051e-02
1.807647049008664908e-02
1.670470830913473037e-02
1.495074236026994186e-02
1.594295010590940365e-02
1.647805180209616083e-02
1.353069239848991856e-02
1.245705983365041902e-02
1.319437735901374253e-02
1.157556576345086796e-02
1.422600758405678789e-02
1.573980765215310385e-02
1.574192602856783196e-02
1.395917757827191963e-02
1.259814824607019546e-02
1.349618865015145275e-02
1.576563142907616566e-02
1.479219686780197662e-02
1.573118307396725868e-02
1.460522897923510754e-02
1.429683248215951608e-02
1.200190232839304372e-02
1.308537181012070505e-02
1.031569013503030874e-02
1.201275869379969663e-02
1.017883371923744562e-02
1.110413899505147128e-02
1.082934975920579745e-02
1.006899021194840316e-02
1.003532461618306115e-02
1.043872820719116135e-02
9.709128346457873704e-03
1.062116749471897492e-02
1.176016021645409637e-02
1.013106171876643202e-02
1.049773408794862917e-02
9.969309063308173791e-03
8.365141623016825179e-03
6.094552580634626793e-03
6.924509375949128298e-03
8.692671604876522906e-03
7.780408421240281314e-03
7.064799626277817879e-03
6.531728986828966299e-03
7.122301030449307291e-03
6.344467853978130734e-03
7.003790688486333238e-03
8.315927374042075826e-03
9.045509557381592458e-03
8.490390336646669311e-03
8.591843113208597060e-03
7.273800687471521087e-03
7.286206297521857778e-03
7.783530632423207862e-03
5.067031361704721348e-03
2.858506868051335914e-03
5.083966552774654701e-03
5.424592665804084390e-03
6.321060676327761030e-03
4.161305144407378975e-03
3.401269796540873358e-03
3.932580460968893021e-03
2.242736751668417128e-03
3.778324901304586092e-03
1.593341484749544179e-03
2.151580351892334875e-03
1.026678472499042982e-03
2.770059958493220620e-03
1.506331978362140944e-03
2.615294270071899518e-04
2.459601517784903990e-03
4.301795249830320245e-03
2.869806482522108126e-03
1.823350783524801955e-03
1.550588613099534996e-03
6.372257116709079128e-04
8.384292868868215010e-05
1.346269405075872783e-04
8.865254358170204796e-05
2.780251084459450794e-03
3.017105743310821708e-03
4.363493530945561361e-03
2.716310549658373930e-03
2.348586397602048237e-03
1.786840497516095638e-03
1.603753937160945497e-03
2.611912535030569416e-03
4.733229226530966116e-03
7.870510852171719307e-03
8.111131033274432411e-03
1.063861921784337028e-02
1.028246895339179900e-02
1.229361058949507424e-02
1.401039468055387260e-02
1.316214116013725288e-02
1.443421010344536626e-02
1.699678131853943341e-02
1.681154421521569020e-02
1.885388308710389538e-02
1.949655313273979118e-02
1.885742292597569758e-02
1.746434517781381146e-02
2.001403676649715635e-02
1.787724964924564119e-02
1.811917664781503845e-02
1.745742007460648892e-02
1.725588086492280127e-02
1.683318621599028120e-02
1.865964178523427108e-02
1.915133501051968778e-02
1.757445190514772548e-02
1.912770434682897758e-02
2.140036411856272025e-02
2.310169881866386277e-02
2.438967427224270068e-02
2.147392450979168643e-02
2.380658014044456650e-02
2.587064409726735903e-02
2.785347315602848539e-02
2.998769051373528782e-02
2.913211099348700373e-02
3.051400701633610879e-02
3.247440499080767040e-02
3.137720400354737649e-02
3.111032257538681733e-02
3.219524094402004266e-02
3.142477935762144625e-02
3.148432714715454495e-02
3.062585567613496096e-02
3.384745688936163788e-02
3.500993935494989273e-02
3.799043005710700527e-02
4.150607284282159526e-02
4.073025400339247426e-02
3.822850962978918687e-02
3.687087788739518146e-02
3.676210982166594476e-02
3.657756229677033843e-02
3.543327483566827141e-02
3.350782719462586101e-02
3.407533737845369615e-02
3.663644404423394008e-02
3.553766759478094173e-02
3.480569203793493216e-02
3.285126898299495224e-02
3.466949369976646267e-02
3.633124113821395440e-02
3.717510848809979507e-02
3.906465436830330873e-02
4.143202297791503952e-02
4.118114499442526721e-02
4.172140021955783595e-02
4.327006251241982682e-02
4.294010662943037460e-02
4.467784798589491402e-02
4.460930342156643746e-02
4.764193006531058927e-02
4.789909055807584082e-02
4.938185750097545679e-02
4.838228318249093718e-02
4.859638920743236667e-02
4.792783575339853996e-02
4.836496528241696069e-02
4.593159491878395784e-02
4.532144910945135052e-02
4.322050028122248477e-02
4.441321150579824462e-02
4.379806128963537049e-02
4.647474811736174161e-02
4.939668229917515418e-02
4.824432655959753902e-02
4.545754860100714723e-02
4.606578325228838366e-02
4.775515730807455839e-02
4.642650345067522721e-02
4.475008779809286352e-02
4.588098768817872042e-02
4.647312773158773780e-02
4.843318317216471769e-02
4.768842120211047586e-02
4.758947581967731821e-02
4.469148786347432178e-02
4.504538526271062437e-02
4.592481961299199611e-02
4.571523785034514731e-02
4.484722548340869253e-02
4.545102957854396664e-02
4.662188157317359583e-02
4.669575498292033444e-02
4.618735979784105439e-02
4.546910015460525756e-02
4.424787091238613357e-02
4.471506342724751448e-02
4.579234063976400648e-02
4.496742587480184739e-02
4.349108291944503435e-02
4.563917349469193141e-02
4.541396405375053291e-02
4.743785846449100063e-02
4.810480172636744101e-02
5.010792914026751532e-02
4.977391867168989847e-02
5.150067244130696054e-02
5.111829521729305270e-02
5.229018653653838555e-02
5.213244451579157612e-02
5.420991233677341370e-02
5.485566191828183946e-02
5.386664795105389203e-02
5.590883863351336913e-02
5.510973883519909577e-02
5.154400494484434603e-02
4.897460967913502827e-02
4.951040841933718184e-02
4.947536109148131800e-02
4.872060024899838027e-02
4.963178894558950560e-02
5.134718704675833578e-02
5.136235796499022399e-02
5.148765275771438610e-02
5.211026911365479464e-02
5.600892009169911034e-02
5.454314248936498188e-02
5.497196443957363954e-02
5.479379614871504600e-02
5.771424027216198738e-02
5.608146936401681160e-02
5.742489182784993318e-02
5.813113110934864380e-02
5.974407714984408813e-02
6.009351005423013703e-02
6.036208189289027359e-02
5.934202132129939855e-02
5.888799811827993835e-02
6.044001473901516874e-02
6.047092806375076179e-02
5.798660539812772186e-02
5.761765459919843124e-02
5.747751554190472234e-02
5.609483190301034483e-02
5.848610278007981833e-02
5.998979908872570377e-02
6.116231757414425374e-02
6.109886520926011144e-02
5.813876584534227732e-02
5.842639888487610733e-02
6.028122171119321138e-02
5.926279093228004058e-02
6.217748886501794914e-02
5.777573324530749233e-02
5.538463316634079092e-02
5.520130353215790819e-02
5.384083707303943811e-02
5.408779311483158381e-02
5.503858637666780851e-02
5.267215061940078158e-02
5.843623196005864884e-02
5.936437003401806578e-02
5.934759275169199100e-02
6.286529614681057865e-02
6.465560135075065773e-02
6.532286764468153706e-02
6.616100369956257055e-02
6.429935490677962662e-02
6.560097070814663311e-02
6.663767758709582267e-02
6.704302375510451384e-02
6.606665974868519697e-02
6.473040101445803884e-02
6.662452873979418655e-02
6.966630625038305880e-02
7.040245625012175879e-02
7.066530370866530575e-02
7.050836312964747776e-02
7.364308540036290651e-02
7.381034273203113116e-02
7.524032017408899264e-02
7.863287028931154055e-02
7.786070507017939235e-02
7.662278423185853171e-02
7.635828270349520608e-02
7.922151432239843416e-02
8.245234746163987438e-02
8.520596963762727682e-02
8.482128191690208041e-02
8.247648717951960862e-02
8.157275190023938194e-02
8.173403917180621647e-02
7.960826656290009851e-02
8.126353629586446914e-02
8.027599782190009137e-02
7.930878019578813110e-02
7.779312330058019143e-02
7.831923450885369675e-02
7.806234332292660838e-02
7.542892836045211880e-02
7.606251210290793097e-02
7.368149800367973512e-02
7.254777430853209808e-02
6.850651259173901053e-02
7.226536464668242843e-02
7.216562778967272607e-02
7.444075305193109671e-02
7.361111256750518805e-02
7.284388486868920154e-02
7.352928790987789398e-02
7.458893200964666903e-02
7.400635313797465642e-02
7.192430625127599342e-02
7.224317790769418934e-02
7.102163801937422249e-02
7.212511498801177368e-02
7.455572206981742056e-02
7.389232644163712393e-02
7.292635991643692250e-02
7.000340102331392700e-02
6.928252114539645845e-02
7.166956710216254578e-02
7.247669782555021811e-02
7.350967945876618614e-02
7.686027454838040285e-02
7.439080772337547387e-02
7.129285410883312579e-02
7.037219419908069540e-02
6.938687734191262280e-02
7.044647650127444649e-02
7.362997987593189464e-02
7.490581969796039630e-02
7.391116107010020642e-02
7.258816945613943972e-02
7.090523302349538426e-02
6.570129762121723616e-02
6.375981407063591178e-02
6.604032627456035698e-02
6.492592154245357960e-02
6.832029580800735857e-02
6.797638053694754490e-02
7.025260727323257015e-02
7.119266076324493042e-02
7.187687896976058255e-02
7.160557216002416681e-02
7.371460502054105746e-02
7.376669860786932986e-02
7.489902338647880242e-02
7.815685429295626818e-02
7.982301772062783130e-02
8.091270243903636583e-02
7.828386610344750807e-02
8.042758266719829408e-02
7.634178182797768386e-02
7.549334656459905091e-02
7.414330704887106549e-02
7.397320614745694911e-02
7.389708740311107249e-02
7.186651725487536169e-02
6.915766826887193020e-02
7.030770211895287503e-02
6.788449424584541703e-02
6.657382382763898931e-02
6.587960813794779824e-02
6.792012745017927955e-02
6.724299261350097368e-02
6.328085877930789138e-02
6.048013016879849602e-02
5.919467460216765176e-02
6.142119370815635193e-02
6.020688603803137084e-02
6.204407244194953819e-02
6.142597096504687215e-02
6.338854722525866237e-02
6.510471211640833644e-02
6.387939723890667665e-02
6.704005990741279675e-02
6.771493556561836158e-02
7.084662921306517092e-02
6.913257972018982400e-02
6.849462338323064614e-02
6.643232825172162848e-02
6.567051598904072307e-02
6.409406201873935061e-02
6.312838732992531732e-02
6.152143010422150837e-02
5.901941795264065149e-02
5.598837839124826132e-02
5.666101067572526517e-02
5.471067852931810194e-02
5.239555523075978272e-02
5.297012792470923159e-02
5.283309122160062543e-02
5.224736941272567492e-02
5.624211629401543178e-02
5.458450096739397850e-02
5.517991052965953713e-02
5.728085183409348247e-02
5.851196396542945877e-02
6.154598126477139886e-02
6.397265066107138409e-02
6.815238513308941037e-02
7.109237776057852898e-02
6.941333607665001182e-02
7.164283518568481668e-02
6.981954415959990001e-02
6.797432937310077250e-02
6.704834144557025866e-02
6.901951821464535897e-02
7.115166798121208558e-02
7.125103511998531758e-02
6.889926404437574092e-02
6.727451574442966375e-02
6.226036007819857332e-02
6.577378044221404707e-02
7.018067655462800758e-02
7.020925151664414443e-02
6.953467884750352823e-02
6.555948268578504212e-02
6.567048047054413473e-02
6.724701032953817048e-02
6.667023743511890643e-02
6.636499027626996394e-02
6.641222978987570968e-02
6.770544245227938518e-02
6.934939661778116715e-02
6.874000482184783323e-02
7.114000431010936154e-02
7.026029232793007395e-02
6.879106455289729638e-02
6.614947122625380871e-02
6.552151001687889220e-02
6.379035534564536647e-02
6.855116476799594238e-02
6.927721582042067894e-02
6.964630809807204059e-02
6.799373569583622157e-02
6.581699745811420144e-02
6.913646726115985075e-02
7.051058750357697136e-02
7.176164693328246358e-02
7.755191626984014874e-02
7.769590738689657883e-02
7.544866063744848361e-02
7.636762232141336426e-02
7.599817584832635475e-02
7.415557314880061313e-02
7.453357813938055187e-02
7.723929478834179463e-02
7.645203832316838088e-02
7.317072119940348784e-02
7.690482469661219511e-02
7.778737989792716689e-02
7.675006240515358513e-02
7.438960725767174154e-02
7.174787827807449503e-02
7.433074704977116198e-02
7.281869237658611382e-02
7.253745574735148693e-02
6.824118680060564657e-02
6.974825443421650562e-02
7.258606527693700627e-02
7.701943006486544618e-02
7.648621177986569819e-02
7.570689888825654634e-02
8.000889697996171890e-02
8.062337740875591408e-02
8.073477939797157887e-02
7.746759929204927175e-02
7.781275098841433646e-02
7.999300686469723587e-02
8.148779024350005784e-02
8.372325239633937599e-02
8.437720948359128670e-02
8.333904291885119164e-02
8.303768763244079310e-02
8.620233773035579361e-02
8.646267009862640407e-02
8.597468629159266129e-02
8.618589692378009204e-02
8.732539171069220174e-02
9.028517774504507543e-02
9.035723727492950275e-02
8.979934199169292697e-02
8.680045666824298678e-02
8.546432203775111702e-02
8.231691363289428409e-02
8.032082496083603473e-02
7.763817775003190036e-02
8.022752764145479887e-02
7.743394102180900518e-02
7.455673257982198265e-02
7.977165065904046060e-02
7.751304061412156443e-02
8.069065694780874765e-02
8.064178143558820011e-02
8.459318633458678960e-02
8.386518441284351866e-02
8.076356550873242668e-02
8.157516680739718140e-02
8.014480074552920996e-02
8.108553540569118923e-02
8.118748813785714447e-02
8.288239686544329743e-02
8.101107283346209442e-02
7.974374277455353877e-02
8.459956116621469846e-02
8.318210918287149980e-02
8.305396933064912446e-02
8.203746314393356442e-02
7.999173270673054503e-02
7.952169441205114708e-02
7.840759293458177126e-02
7.611577403667979524e-02
7.450929024662400479e-02
7.221566652469846304e-02
7.054232739073995617e-02
7.145221534165102639e-02
7.169757615292837727e-02
6.946899059994393610e-02
6.836676597731639049e-02
6.853171710372407688e-02
7.116451496267472976e-02
7.360502026403992204e-02
7.624850993852305692e-02
7.358429290843560011e-02
7.340847825935270521e-02
7.367380263849554467e-02
7.636931926208490040e-02
7.690045440767789842e-02
7.612883996262098663e-02
7.520095086374567472e-02
7.573318609456691775e-02
7.501910813607537420e-02
7.424887144679814810e-02
7.219898065841334756e-02
7.675718569771561306e-02
7.690474078844999894e-02
7.649729450031372835e-02
7.970032834418816492e-02
7.962019179149137926e-02
7.965691707568112179e-02
7.866521706955609261e-02
8.001438515248082695e-02
7.797305947406130144e-02
7.636597381588217104e-02
7.288546454265087959e-02
7.664579054653586354e-02
7.907681213964679046e-02
8.206527057518542279e-02
8.321163300115586026e-02
8.497820689672153094e-02
8.496068180829752237e-02
8.276391735807919758e-02
8.598010084915586049e-02
8.524254914027551422e-02
8.427343457378810854e-02
8.235089422896635369e-02
8.127532790467739687e-02
7.883567775297706248e-02
8.018245613084218348e-02
7.732121992921747733e-02
7.628334912169520976e-02
7.586815061222296208e-02
7.694827836348849814e-02
7.654974114984725020e-02
7.616913672381997458e-02
7.819631394977477612e-02
7.817105777576216497e-02
7.978388314950279891e-02
8.041478284985714708e-02
7.544987463370489422e-02
7.686622637311302242e-02
7.509576179063515156e-02
7.601613091901526786e-02
7.857363972698294674e-02
7.422574986412655562e-02
7.314807080501850578e-02
7.398481001473555807e-02
7.422484510379945277e-02
7.706856067352418904e-02
7.611973194934762432e-02
7.823991625491544255e-02
7.746889162308434607e-02
7.480875845249101985e-02
7.474699676731688669e-02
7.715019211036633351e-02
7.662246232257530210e-02
7.564294380154024111e-02
7.968792134715840803e-02
7.655378897788978065e-02
7.762895219411802827e-02
7.451266416228463640e-02
7.825776409754325869e-02
7.691583192217876785e-02
7.882003850045293802e-02
7.932125042452753405e-02
7.963943133836437482e-02
8.378780279736020020e-02
8.151792570424731821e-02
8.126775046957845916e-02
8.043946269481239142e-02
7.900903596510033822e-02
7.854162271496534231e-02
7.918152733827810152e-02
7.379755899000883801e-02
7.321846376953544677e-02
7.554001570360924234e-02
7.561619490024895640e-02
7.645686373552962323e-02
7.737364187050843611e-02
7.734952453893129132e-02
8.030482626008961233e-02
8.199088595301873283e-02
7.988336262769735185e-02
8.402670544364809757e-02
8.235118832635635044e-02
8.704926962718673167e-02
8.295784525444105384e-02
8.555541799978527706e-02
8.570460451164763072e-02
8.629338635955718928e-02
8.642873794588012970e-02
8.671457674063276500e-02
8.665942466222986695e-02
8.847887523916142527e-02
8.415043220520601608e-02
8.189663152597859153e-02
8.085442821584365447e-02
8.040014298057940323e-02
7.635244565972243436e-02
7.485592834655108163e-02
7.472942040385532891e-02
7.554255433115031337e-02
7.648682043736698688e-02
7.854710406809317647e-02
7.762236740336447838e-02
7.490437786373149720e-02
7.170094043613062240e-02
7.169431023248762358e-02
6.975441068334475858e-02
7.207600401443414739e-02
7.026153163360504550e-02
6.916325137899548281e-02
7.233770120183180552e-02
6.807571650097088423e-02
6.515038492534586112e-02
6.788421023111368413e-02
6.998878723470625118e-02
6.628225184249458835e-02
6.518161510575737339e-02
6.135233953364149784e-02
6.109033446364264819e-02
6.526314480424844078e-02
6.482114568689212319e-02
6.613382233535958221e-02
6.548539797995545086e-02
6.148820279622668750e-02
5.941448453495468129e-02
5.761789573807618581e-02
6.151017668662461801e-02
6.552531374472891912e-02
6.380969711153738899e-02
6.473391961026209174e-02
6.161148075307210092e-02
6.327642277801714954e-02
5.665853541177057195e-02
5.580420523529028287e-02
5.413479287517475314e-02
5.647619675391979399e-02
6.127599738374556182e-02
6.288449246676464099e-02
6.534456825647794176e-02
6.358680836092389654e-02
5.941133652913777041e-02
5.710729502607136965e-02
5.301639137587699224e-02
5.459402991073147859e-02
5.699158817242278019e-02
5.512728119720122777e-02
5.646148957112018252e-02
5.537818207267264370e-02
5.334225303067796631e-02
5.527132090719533153e-02
5.309356046609536861e-02
4.944670570421294542e-02
4.326047647100494942e-02
4.855209015886430279e-02
5.066900319889100501e-02
5.298944913556624670e-02
5.370403148117475212e-02
5.131621175951295299e-02
5.183912075835905853e-02
5.304461046125652501e-02
5.278286331576964585e-02
5.198315374263984268e-02
4.955175302166026086e-02
4.604972320112210582e-02
4.452540837064589141e-02
4.356696534750881256e-02
4.212518504573381506e-02
4.154751161740932730e-02
4.033096136845415458e-02
3.774153270569513552e-02
3.702929978271640721e-02
3.823428367832093500e-02
4.221710565752800903e-02
4.497018846404898795e-02
4.652909470678423531e-02
4.588755543773004320e-02
4.567975740519614192e-02
4.678282899612895562e-02
4.441265710920561105e-02
4.541870056800689781e-02
4.352702615506132133e-02
4.082352252908094670e-02
3.924597758623349364e-02
3.699669166553576360e-02
3.424202889073058031e-02
3.425226602257680497e-02
3.299436476072514779e-02
3.332694411756165209e-02
3.308756555861691595e-02
3.214618881111164228e-02
3.129182774182481808e-02
3.269340914721396985e-02
3.293292898115396383e-02
3.441597737855772721e-02
3.653154486255516531e-02
3.574112095475356909e-02
3.639280352263085661e-02
3.857639071975427214e-02
3.808603312154446030e-02
3.975458775903462083e-02
3.991209789865024504e-02
3.728108703535326640e-02
3.824679454464785522e-02
3.862672346622275654e-02
3.813513460772810504e-02
3.998013921227538958e-02
3.945334299169189762e-02
4.095084695563855348e-02
4.359737754157322343e-02
4.282784781207737979e-02
4.666916174528523698e-02
4.733811005280585960e-02
4.960847133634160855e-02
5.106435712741586030e-02
5.112953104935513693e-02
4.853277009578960133e-02
4.657567756839853246e-02
4.578993063296366017e-02
4.904887296424931264e-02
4.754336552423410467e-02
4.847836789986104122e-02
4.700608637585901306e-02
4.736004420101380674e-02
4.820298763661412522e-02
5.153398481479598559e-02
5.149359402230402338e-02
5.111657541556269280e-02
5.314936455442875740e-02
5.187972859312139917e-02
5.105956128591060406e-02
5.372707564220036147e-02
5.647327902715915116e-02
5.441063190801287419e-02
5.486370845301280497e-02
5.343330890536890365e-02
5.455871038839177345e-02
5.501790563857866800e-02
5.261802993345554569e-02
5.580804548526430153e-02
5.743269416825569351e-02
5.422422553556316416e-02
5.886737226592231309e-02
5.933980114605219569e-02
6.259823160007726983e-02
5.670319394903344801e-02
5.675566897753014928e-02
5.446112699291916215e-02
5.266056192658652435e-02
5.406069752871189849e-02
5.337016765406588092e-02
5.339341179251277936e-02
5.058051117975992383e-02
5.043152654479854391e-02
5.068247870758568752e-02
4.717852800240507349e-02
4.848578158271266147e-02
4.844487497575755697e-02
4.750893531627298216e-02
4.823955189885964501e-02
4.839935079917268013e-02
4.551703548077057349e-02
4.381588701198779745e-02
4.409399105634292937e-02
4.420104528526280774e-02
4.183239196254362469e-02
4.182634497328763246e-02
4.114976982737061917e-02
4.329961352641475969e-02
4.138281833138535148e-02
3.924404950248572277e-02
3.761834129363705870e-02
3.988754737110866699e-02
4.239950035707806819e-02
4.529969446684845025e-02
4.682926152099753381e-02
4.579961053559600259e-02
4.678365689687780105e-02
4.658141414347483078e-02
4.688241865369491279e-02
4.721428189122889307e-02
5.016716979662305675e-02
4.849788963247192441e-02
4.788017530336219352e-02
4.746482259633921785e-02
4.482027047743031289e-02
4.151394722521217773e-02
4.144632611405540956e-02
4.290974940158776008e-02
4.277762183164668386e-02
4.363731661442216136e-02
4.282956013139482820e-02
4.363305194510758156e-02
4.315202423003938748e-02
4.423950938780762954e-02
4.365900889479235047e-02
4.462252478469963535e-02
4.346833431509367074e-02
4.970957989098678809e-02
4.880261236075966735e-02
5.055032651398505550e-02
4.993642888075555675e-02
4.982103195015952224e-02
4.996505138160500792e-02
4.908139980398118496e-02
4.961032402707132860e-02
4.990565448679262772e-02
4.733005858497563167e-02
4.825115966696102987e-02
4.803059352389027481e-02
4.815876318525624811e-02
4.568341717958901427e-02
4.569077847281732829e-02
4.530045830324525014e-02
4.326652345207548933e-02
4.329168590402332484e-02
4.056622547341248719e-02
4.137877004541223869e-02
4.163366066131857224e-02
4.128168803708831547e-02
4.211581836807454238e-02
4.168403343146565021e-02
4.177645214576841681e-02
4.280967254089773633e-02
4.293052857519796817e-02
4.341494832624448463e-02
4.468389335761457914e-02
4.550646876396058360e-02
4.602428387670443044e-02
4.652826652318253764e-02
4.690173757626325823e-02
4.702137151843999163e-02
4.839054551939625526e-02
4.885889489332839730e-02
5.067246151111248764e-02
5.170966900050188997e-02
5.173950770858937176e-02
5.178998789597244468e-02
5.168457430772832595e-02
5.191465261759731220e-02
5.198014164989217534e-02
5.210263949993532151e-02
5.187914955149608431e-02
5.211822105866303900e-02
5.220971607650426449e-02
5.277582945291214855e-02
5.315423790443674079e-02
5.457361950220729341e-02
5.286577554079485708e-02
5.428203113979179761e-02
5.485650613582038204e-02
5.579611632356318296e-02
5.616827674975866103e-02
5.549239970741837169e-02
5.534150246467106626e-02
5.350958327562693739e-02
5.464966422550787684e-02
5.276660279105271911e-02
5.146535862513701431e-02
5.102444211206602631e-02
5.050376950748614036e-02
4.989707536697096657e-02
5.051985515456181020e-02
5.001071546212187968e-02
5.252926614457464893e-02
5.502382465101618436e-02
5.426726601172049413e-02
5.330471655179280788e-02
5.405217907855330850e-02
5.410779745625404757e-02
5.514426544141315389e-02
5.516009367556762300e-02
5.366744572120296652e-02
5.341238118444380234e-02
5.375665518567984691e-02
5.504242591496222303e-02
5.465478829637504532e-02
5.596161822086287430e-02
5.868963491093381890e-02
5.753184275499734213e-02
5.822255132716236403e-02
5.754566021050777636e-02
5.770010247260870528e-02
5.655447044773609377e-02
5.633599311931902776e-02
5.554452719616165268e-02
5.668203801587878843e-02
5.754256702994098305e-02
5.948852567144058412e-02
5.700698768077927525e-02
5.621836652198908268e-02
5.715384786844879272e-02
5.534720295918305055e-02
5.387501696077379165e-02
5.350128443205903750e-02
5.225107915020998917e-02
5.166520791408402147e-02
5.102087552177181351e-02
5.235167072987678694e-02
5.281310971440689173e-02
5.241156765305277077e-02
5.429097644491776009e-02
5.334663903386172024e-02
5.285028596108531929e-02
5.319124575316891423e-02
5.357746141135066864e-02
5.655136157338347402e-02
5.809088326896016952e-02
5.877256631038108026e-02
5.793181873241337598e-02
5.776959275544868433e-02
5.940673351778968936e-02
5.988081963732838631e-02
6.022974999359576032e-02
6.107794046693015844e-02
6.151195700385869714e-02
6.224850971148043755e-02
6.229524444688649965e-02
6.202522905778096174e-02
6.240911765917189769e-02
6.215464131310000084e-02
6.207324115803203313e-02
6.215928553865524009e-02
6.146197876387304859e-02
6.110459563115000492e-02
6.163017718154151225e-02
6.182751888718485134e-02
6.204845679167192429e-02
6.157555332720221486e-02
6.422256853511498775e-02
6.408808688547651400e-02
6.360087554048732272e-02
6.402753033080443856e-02
6.382085961195116397e-02
6.433796198234631447e-02
6.494103833301778650e-02
6.515368423060863279e-02
6.819709957426312030e-02
6.890863056833040901e-02
7.137529732835901086e-02
7.143338946025323821e-02
7.407841650638147257e-02
7.343780094925023150e-02
7.477975608708220534e-02
7.474585505997310975e-02
7.621058160520988167e-02
7.349054171436364413e-02
7.552581853542505996e-02
7.647058220936742146e-02
7.390186678549071075e-02
7.273899351321233553e-02
7.397752125143597368e-02
7.303482699171581771e-02
7.132924274901597528e-02
7.331007498169128667e-02
7.331735368416048004e-02
7.282344257464501425e-02
7.253539172734235763e-02
7.257620952213983401e-02
7.308729220812892891e-02
7.299141312023493811e-02
7.307287701996756368e-02
7.482688295158368419e-02
7.646233182367723202e-02
7.608842220270162215e-02
7.722557436954957666e-02
7.667983308556358679e-02
7.568498742330120876e-02
7.595844025945552858e-02
7.398755876783980057e-02
7.563096066496655112e-02
7.498522498281090520e-02
7.365820186942073633e-02
7.372436512332569691e-02
7.275618851735998760e-02
7.056155201189540094e-02
7.046748903348998283e-02
6.915889178708312102e-02
7.066923027605298557e-02
7.046233193295847741e-02
7.091516738182690460e-02
7.072709216663497500e-02
6.908177959849126637e-02
7.024605905007774709e-02
6.903051815334038110e-02
6.990949301098225988e-02
7.054805521556772874e-02
6.853341956229996867e-02
6.848046650702599436e-02
6.886315651991026243e-02
7.024050680274740444e-02
7.030346251121954992e-02
7.049116565303847892e-02
6.998763651245099027e-02
6.973184132948517799e-02
6.891161092971742619e-02
6.954136625336104771e-02
6.960618966604670277e-02
6.946971489151110291e-02
6.984489628212031676e-02
7.076760022528105765e-02
7.025449511911574518e-02
7.143532706049882108e-02
7.135312171521945857e-02
7.085302174300522893e-02
7.074360609522045706e-02
6.959074364613115904e-02
6.930920238255566801e-02
6.848809324083049432e-02
6.912194213282418787e-02
6.770934331643729820e-02
6.764321237506010220e-02
6.933188442462778767e-02
6.899554099572924315e-02
6.832330838051348110e-02
6.680653517560131149e-02
6.515095287522854051e-02
6.480003791875788011e-02
6.486288683845486958e-02
7.041428463980992092e-02
6.932121491354337195e-02
7.250303330602037022e-02
7.419990369953666232e-02
7.521447911494760774e-02
7.836766165473818546e-02
7.715271564939030213e-02
7.886730687505405513e-02
7.774756602975685382e-02
7.737735779937793268e-02
7.691706829064060003e-02
7.790874441434425535e-02
7.908007609057676746e-02
7.869534952487811097e-02
8.037848934009161894e-02
8.066753948514815420e-02
8.144784937076110509e-02
8.058108167051614146e-02
7.840568021583749214e-02
7.937996945111081004e-02
8.055833595471995068e-02
8.220097701541817514e-02
8.305867142280476401e-02
8.427803639960984583e-02
8.483654530300555052e-02
8.354043829194779391e-02
8.525717975135194138e-02
8.340885935785991023e-02
8.201821730654046405e-02
8.184272688731653034e-02
8.298016214985182160e-02
8.213886140129034175e-02
8.083616896419698605e-02
8.097104686294187559e-02
7.945709396790334722e-02
7.872259132773251622e-02
7.547415899080078816e-02
7.399880124512492330e-02
7.404395548837783281e-02
7.510910104474533000e-02
7.622424642295300146e-02
7.567842698608728824e-02
7.823393563376157545e-02
7.775217931293809670e-02
7.648648704434890533e-02
7.737782549338589888e-02
7.807415433899222990e-02
7.929647636728986981e-02
7.948296833455970045e-02
7.687728147857342265e-02
7.893213345232652500e-02
8.130998695014568511e-02
8.253607582764743711e-02
8.266411868498835247e-02
8.279443664196151076e-02
8.210093350908209686e-02
8.218076049342926126e-02
8.205246915531461127e-02
8.204449821005255217e-02
8.194872787908025202e-02
8.147890661666679080e-02
8.119225588461631560e-02
8.128242341217628564e-02
8.211399227911897469e-02
8.107718540031783050e-02
8.103696296939233434e-02
8.182672148132041912e-02
8.149501091202182579e-02
8.070579126615484711e-02
8.080730399979074718e-02
8.049727815887308680e-02
8.045265886767083430e-02
8.055821531615947606e-02
8.027747234427806688e-02
7.915844260969606694e-02
7.934205536912486423e-02
7.873468626394242165e-02
7.944965035494533367e-02
8.330912193468975602e-02
8.207587915421754587e-02
8.336893977366344188e-02
8.391705330541299190e-02
8.065154934320162283e-02
7.924886266937392065e-02
7.874384981641924242e-02
8.093160584030556493e-02
7.997180401389414328e-02
8.061665724653721554e-02
8.075189122610026971e-02
8.388283817203046056e-02
8.557843437256451580e-02
8.550340468673311989e-02
8.510974802038617781e-02
8.535290838153741788e-02
8.524743505950027611e-02
8.509471172919802484e-02
8.767099341957873548e-02
8.800874953840320813e-02
8.841149774389123195e-02
8.737874252847177559e-02
8.544135929378171568e-02
8.513277960673804046e-02
8.681558982698334148e-02
8.554952818849415053e-02
8.549446595179688302e-02
8.418039152638812084e-02
8.683489695431489963e-02
8.776501156989979791e-02
8.792353602257207967e-02
9.068044181958612171e-02
8.942754979125311365e-02
8.992719506431967602e-02
9.118337808013166068e-02
9.176270759644467034e-02
9.120175618363646208e-02
9.038597318249230739e-02
9.009495954842350329e-02
9.131717460059007863e-02
9.292214057677483652e-02
9.104114938008933677e-02
8.830838244557526195e-02
8.824935460415872512e-02
8.860977932818059344e-02
8.720875157177943038e-02
8.668755787539339508e-02
8.498468814786974690e-02
8.389987678447141661e-02
8.524118335708408267e-02
8.584578279760535224e-02
8.581460355117087602e-02
8.506935933064596611e-02
8.723926037600904237e-02
8.745089446392739774e-02
8.624581832646072144e-02
8.352865672350162640e-02
8.270260310200683307e-02
8.445042587436546455e-02
8.376904867054690840e-02
8.372933436658058781e-02
8.373258390656701522e-02
8.430794997912016697e-02
8.392804493223593454e-02
8.451735931566872750e-02
8.333559221637187875e-02
8.386621466570431949e-02
8.367733229215446045e-02
8.482995028271034244e-02
8.441006546627249918e-02
8.464448611402985989e-02
8.413324249841025448e-02
8.247031809241889277e-02
8.271098070008520153e-02
8.318317646171635715e-02
8.203201454580266727e-02
8.251904876897242502e-02
8.304527152449736604e-02
8.449250851617762237e-02
8.387525431680842303e-02
8.100793012499707402e-02
8.371551830532553140e-02
8.512198385960800806e-02
8.420338896894463687e-02
8.466525775520494790e-02
8.323450058605885715e-02
8.100256039597297786e-02
7.925621165031770943e-02
7.751295551406656159e-02
7.640195149679129827e-02
7.792801665209481143e-02
7.635432799179397989e-02
7.737287632744482835e-02
7.884566466373144067e-02
7.692136596642740187e-02
7.770184685932690627e-02
7.823298772564157844e-02
7.756571946811163798e-02
7.596099871807382442e-02
7.631640523504756857e-02
7.522190214058355195e-02
7.412898990332905669e-02
7.436229259155879845e-02
7.399018026490011835e-02
7.412407230458484264e-02
7.432391222664591623e-02
7.277134955893416191e-02
7.281088518493561423e-02
7.201988264887404512e-02
7.380802828720334219e-02
7.266267434943074477e-02
7.331101179534016410e-02
7.098171655206897412e-02
6.906266777332348283e-02
7.129485858968109824e-02
7.008929986795919831e-02
6.858613110989608685e-02
6.661139004927463247e-02
6.621684624951740261e-02
6.411224188968844828e-02
6.247770027675869642e-02
6.151071780232086894e-02
6.000128781306557357e-02
5.874545611004577950e-02
6.127722153314607567e-02
5.731905338871001732e-02
5.510224164027022198e-02
5.495926823959962348e-02
5.386873536963321385e-02
5.575480837023860659e-02
5.772093561108704307e-02
5.752117188785632607e-02
5.807558014475944219e-02
5.751494236756116152e-02
5.771432096253192867e-02
5.652632580631689052e-02
5.826874778449564474e-02
5.877606764306619880e-02
5.891100669123261468e-02
6.015490134541323641e-02
6.021266085190291051e-02
6.046741527234189562e-02
6.092555658688070253e-02
6.062375976898692898e-02
6.015691012316892738e-02
5.987545176958519733e-02
6.114060942945798161e-02
6.156449559057364240e-02
6.191946589524377487e-02
6.231880680707035935e-02
6.236062948437393061e-02
6.233945244775895844e-02
6.180350600106976344e-02
6.107976423527361476e-02
6.227773749014886562e-02
6.282009823507905821e-02
6.276284533623766038e-02
6.382375039856924559e-02
6.508189993246560334e-02
6.543376279387302930e-02
6.571793481725762831e-02
6.344065689154376741e-02
6.466672294254749431e-02
6.670662294754947652e-02
6.242873744713506312e-02
6.063187151994497981e-02
5.957620231583860004e-02
5.759059786805664771e-02
5.567563794420493650e-02
5.505360717370422208e-02
5.109679851921100635e-02
4.826737905523259542e-02
4.923918876329480554e-02
5.034430415116730728e-02
4.903157374747024733e-02
4.716659246150811668e-02
4.674413328712034854e-02
4.979993966026086127e-02
4.957416137222026009e-02
5.079207980043065618e-02
5.061392468724079663e-02
5.173509317228308646e-02
5.152551826904527843e-02
5.116025964798609493e-02
5.382042690871458035e-02
5.390926757991110208e-02
5.293798536058602622e-02
5.195003241215090384e-02
5.236439439158857567e-02
5.364942304095166037e-02
5.461034706149803242e-02
5.573542130423447816e-02
5.384575557991411188e-02
5.453174708509322954e-02
5.549311464119455195e-02
5.400966857132516452e-02
5.385993501795383054e-02
5.533451384690124542e-02
5.302180213539031683e-02
5.134543252870571450e-02
4.752686796700800187e-02
4.838043196059516049e-02
5.059730306902565644e-02
5.170490255932236323e-02
5.078545947935708682e-02
5.063782235902181128e-02
5.149793216924081207e-02
4.975751325946475845e-02
5.081350239242965472e-02
4.847139549065104802e-02
4.622508534339431208e-02
4.461395611224361346e-02
4.478484323408338241e-02
4.662975808469127514e-02
4.710511153689367347e-02
4.754901998376226402e-02
4.838658973540077568e-02
4.824537276590490364e-02
4.825349901875597425e-02
4.722573339313385077e-02
4.723658534203423187e-02
4.729838457660662243e-02
4.708890741676441394e-02
4.859967096444961498e-02
4.943601474269598839e-02
5.046547227357223164e-02
5.238405782029076363e-02
5.093428569352909108e-02
4.931187390820923611e-02
5.016432485217592330e-02
4.936233546459334320e-02
4.909478679201129125e-02
4.839779292569801328e-02
4.924403325185267022e-02
5.115293701919654268e-02
5.270064899013959803e-02
5.240535024313430768e-02
5.193624818139142008e-02
5.268284228714037454e-02
5.000236656178458361e-02
5.503586972872653860e-02
5.751503090323240031e-02
5.399183064173485036e-02
5.830780246560607338e-02
5.899977640865472495e-02
5.973796479202064802e-02
5.786020840605488047e-02
5.608645061374772922e-02
5.454281457650722587e-02
5.547001821787489462e-02
5.747089938995486591e-02
5.575388901661426644e-02
5.722067376609629719e-02
5.741562012826761929e-02
5.727639983160770498e-02
5.686380979159366689e-02
5.629898493816654081e-02
5.687819559716444928e-02
5.692408879758659168e-02
5.773653404821743607e-02
5.856846340975607745e-02
5.735509703072239063e-02
5.683627641928978846e-02
5.659060532298099133e-02
5.512480768129535136e-02
5.694521313944278518e-02
5.686093851454643300e-02
5.694756754655827535e-02
6.006057508784579113e-02
5.973143406254166621e-02
5.760059021349661634e-02
5.825667525186872808e-02
5.776598972715873970e-02
5.568030082895347732e-02
5.630671920425811550e-02
5.706568891446295311e-02
5.787205091473879293e-02
5.720188059012798476e-02
5.635523908176764962e-02
5.504256325639289571e-02
5.630753077593908529e-02
5.483107983536683605e-02
5.568119446706987219e-02
5.630667788864229806e-02
5.908100238821134553e-02
5.956479285441673710e-02
6.205814589748115395e-02
6.286112846828473266e-02
6.336063646040202002e-02
6.337176856959558791e-02
6.327006936044199392e-02
6.053076699663506588e-02
5.871796511382854078e-02
6.045280995022039860e-02
6.008613104586402187e-02
6.144442600407273858e-02
5.931325755000216304e-02
6.262599608407981577e-02
6.104710934232571162e-02
6.030216145381928072e-02
6.023196701653432683e-02
6.044175075749080861e-02
5.986393973171288962e-02
5.949304421392298536e-02
6.108310739091393771e-02
6.139126301104624872e-02
6.193774355415371247e-02
6.156354574341094121e-02
6.290711308156460291e-02
6.224268142750588595e-02
6.068259127368946793e-02
6.376690344541202649e-02
6.439050192921058624e-02
6.481410294736633659e-02
6.611412790834947373e-02
6.394429101328569232e-02
6.308391626635057037e-02
6.304808086952107260e-02
6.397572467358259019e-02
6.631297353987974930e-02
7.123537359484544140e-02
7.341921508714222000e-02
7.159093153723006253e-02
7.280915735282178503e-02
7.296372185646760045e-02
7.346692990995506989e-02
7.277676642161168274e-02
7.323442621009235154e-02
7.154991706693181186e-02
7.418133298915563500e-02
7.124135376625417848e-02
7.077972453635084094e-02
7.248238964848496835e-02
7.506499480496131582e-02
7.797061907785973744e-02
8.174855894503707532e-02
8.282141207973836572e-02
8.132198497969511664e-02
8.076406183818107820e-02
8.178623880985469441e-02
8.109253374323088792e-02
8.057896052559954114e-02
8.103877254688995890e-02
7.973416071490646573e-02
8.236504452679582755e-02
8.252163473480322864e-02
8.223098910548287677e-02
8.066570234359460301e-02
8.247696498847290059e-02
8.098564135661945329e-02
8.161220745250830078e-02
8.213066774897015421e-02
8.041251181339248433e-02
7.986374664460527129e-02
7.733962855581921758e-02
7.508095737057374208e-02
7.517229067798325559e-02
7.531517785309915780e-02
7.456718063576772693e-02
7.657885042135603726e-02
7.494746513930294896e-02
7.686963186324646813e-02
7.566741483560690540e-02
7.378398531045604614e-02
7.795377498996458598e-02
7.871890876958786976e-02
7.764082427274843212e-02
7.700326802842027973e-02
7.754096409553312697e-02
7.746739637559585390e-02
7.839815353418089217e-02
8.121634212420758558e-02
7.979223313577676890e-02
7.817017362776823575e-02
7.822673418922931887e-02
8.008949155555455945e-02
7.985290091437491355e-02
8.040059204722638242e-02
8.117722155475348700e-02
7.968221398596142535e-02
7.970064340815952164e-02
7.971964721718904912e-02
7.953793090337057947e-02
7.912916730265351362e-02
7.820582644535534200e-02
7.982025010096549522e-02
7.973871612648508744e-02
7.968960967718885513e-02
8.011558438283827854e-02
8.136064626341976691e-02
7.963426508877091692e-02
7.900054267656742013e-02
8.007511630648878054e-02
8.094662057601453853e-02
7.916466493770712987e-02
7.960611103862902382e-02
8.079861318037728779e-02
7.849810771676857257e-02
7.669847091119663673e-02
7.588665049433984677e-02
7.534731828081930871e-02
7.833863661790019250e-02
7.605779419145619613e-02
7.498266761422200943e-02
7.526408661897221464e-02
7.476940079186533694e-02
7.451011520424799528e-02
7.363997217044015997e-02
7.610312358883675188e-02
7.753424129259656183e-02
8.035152008551449399e-02
7.920509017867516377e-02
8.164564677372254664e-02
8.040808203395499731e-02
8.044358927918437985e-02
7.617531451614922844e-02
7.466118213278605253e-02
7.268549516129496624e-02
7.468989318022067891e-02
7.652023651871786569e-02
7.569473106195800938e-02
7.256986412539845333e-02
6.978337273812940111e-02
6.777132768593219225e-02
6.576461996246507624e-02
6.410051943521466455e-02
6.518142854793040897e-02
6.656861956525972346e-02
6.692977389820953249e-02
6.912739888502983376e-02
6.984784748283345834e-02
6.813540646180626936e-02
6.793998030752845807e-02
6.510792306289658882e-02
6.605783427494316129e-02
6.866350726841119467e-02
7.339912342558818636e-02
7.221766562270204304e-02
7.190705507764505455e-02
7.290753652523562778e-02
7.481894956299584010e-02
7.525850550109680626e-02
7.600709853204534738e-02
7.336965217109536752e-02
7.353041505166402203e-02
7.300870294920969172e-02
7.309190935802689637e-02
7.403805766080040485e-02
7.532691287224224652e-02
7.503345291024743346e-02
7.634228776350937551e-02
7.646918105274380650e-02
7.460577398114764947e-02
7.355575379870060715e-02
7.674281950767181115e-02
7.443181551161615062e-02
7.315377906525100116e-02
7.539686320342298131e-02
7.478459854155516950e-02
7.362873285819659941e-02
7.360314667766942875e-02
7.352028871855509351e-02
7.312386405374127207e-02
7.283246715178393060e-02
7.201597503217271878e-02
7.105843621911844821e-02
7.187638193317980040e-02
7.210680827984106145e-02
7.146704449269236648e-02
7.138906332420447143e-02
7.214047208526608301e-02
7.315908670216231258e-02
7.217430426726423320e-02
7.188551167837431422e-02
7.475790128273729351e-02
7.424785555758717237e-02
7.302832802633929532e-02
7.181664858262593043e-02
7.453907542549131904e-02
7.505072415551694576e-02
7.261970316403676406e-02
7.118686195826740004e-02
6.879371166678538430e-02
6.262448352299543330e-02
6.457276181754423305e-02
6.217211340208450565e-02
6.199166601527394960e-02
6.057980885316283093e-02
6.348687041327139013e-02
6.062194513015128905e-02
6.032934937820755295e-02
6.075407086518680444e-02
5.970240118176661781e-02
5.889691956917886273e-02
5.919395066666766070e-02
5.876860291937191505e-02
5.773014879332549754e-02
5.609691713561915094e-02
5.627520292000554036e-02
5.539426363566235523e-02
5.761467820320831379e-02
5.801861717873180169e-02
6.071933906923732138e-02
6.392339388730761129e-02
6.779331431016544229e-02
6.961781515337861492e-02
7.293978021289149183e-02
7.341502195140492404e-02
7.331529219754884252e-02
7.344891275397458230e-02
7.373054976915227599e-02
7.418994129557177075e-02
7.686022183315799339e-02
7.817625488041812787e-02
7.969909389294116409e-02
8.387102413826141856e-02
8.387801052685972536e-02
8.344108576966391411e-02
8.363982804121405934e-02
8.439934747912047897e-02
8.475448728131595999e-02
8.519978053845989052e-02
8.715083787637922796e-02
8.480482355116691906e-02
8.360480186456697993e-02
8.456032210142438998e-02
8.625364560430170968e-02
8.591597873373757466e-02
8.869807262590256869e-02
8.944254407606422319e-02
9.188442482218306395e-02
8.996359281081822701e-02
8.873160670873403433e-02
9.096527067140414147e-02
8.871302995748919784e-02
8.726997160692917532e-02
9.002867920253265765e-02
9.001014820205455180e-02
9.101403437216504244e-02
9.183205962017382262e-02
9.175834189318265999e-02
9.196140945959996316e-02
9.179347763074474642e-02
9.241808141496221651e-02
9.199768433200006257e-02
9.154622805817780318e-02
9.170239052400575019e-02
9.048448669818753842e-02
9.171910938175642514e-02
9.247912307637307094e-02
8.968976965797992307e-02
8.975982731362819322e-02
9.076103601864815573e-02
9.048973847575325635e-02
8.852558122998743784e-02
9.034846768008719664e-02
8.914310022191784810e-02
8.731500242947731749e-02
8.783190856092915055e-02
8.875609420829277951e-02
8.690457955890451558e-02
8.606220384763219045e-02
8.597832261557414313e-02
8.950357156254540314e-02
8.826096505026725936e-02
9.060810073788161390e-02
9.069059045395988505e-02
9.114429634655607515e-02
8.910696464317879872e-02
8.995063769725675229e-02
9.004227307286782889e-02
8.941523287876407267e-02
9.408644361064943951e-02
9.327864572287580813e-02
9.424724595601219335e-02
9.582229410079889931e-02
9.608541509669521474e-02
9.248828840009082342e-02
8.897841759471702971e-02
8.889399848749235389e-02
8.765960061191435670e-02
8.440420363331213593e-02
8.377726925573369954e-02
8.255416742304078070e-02
8.458701834479143145e-02
8.470321791037349612e-02
8.561880582101366599e-02
8.407596876168099698e-02
8.625478948624731856e-02
8.409544240612376598e-02
8.236634750892335433e-02
8.086562129710728186e-02
8.310118602958027623e-02
8.203602817229693756e-02
8.507533530155342305e-02
8.493428638985278667e-02
8.212329790785588557e-02
8.160931605243604281e-02
7.925438481470337138e-02
8.107835753980907612e-02
8.343117342610639753e-02
8.165501506982764113e-02
8.256367693866195623e-02
8.456682648920832435e-02
8.617828053138509858e-02
8.917558560870020301e-02
8.960910291625623358e-02
8.857395743189044879e-02
8.759395490233146120e-02
8.958756662104860879e-02
8.544067358525353484e-02
8.611961056340078358e-02
8.596096760174987139e-02
8.670590566680402844e-02
8.817948904925287934e-02
8.912399055270725512e-02
8.734031669837349909e-02
9.197689700522460043e-02
9.113753115752842859e-02
9.251194945136376191e-02
9.231889574948581867e-02
9.216602377819071990e-02
9.203070558805848123e-02
9.141783046788987122e-02
9.084222833507737960e-02
9.022588838070078054e-02
8.892570260286447592e-02
8.645765477922395803e-02
8.818812818890364724e-02
8.734772879233787535e-02
8.587420240428400575e-02
8.943139108259856584e-02
9.071802517473770422e-02
8.938584053839804255e-02
8.855372310290476889e-02
8.691165017853563768e-02
8.483091695507027907e-02
8.441249679390239180e-02
8.354930326186149614e-02
8.440536309171875473e-02
8.266615614456895855e-02
8.449438722482227604e-02
8.592742857172197546e-02
8.367699560903929523e-02
8.625946270103668212e-02
8.555940588439625571e-02
8.659446297133399639e-02
8.805061082375686965e-02
8.250561644535991945e-02
8.429723061271943152e-02
8.735751547783365822e-02
8.495470255138570792e-02
8.460107406926908880e-02
8.104939317217940697e-02
7.775554518866556464e-02
7.818627093001850881e-02
7.939060205808345927e-02
7.583914221004306455e-02
7.520063570336787961e-02
7.548228618816210655e-02
7.354857837572126300e-02
7.159441056091964128e-02
6.868344078748123138e-02
6.948944866235251538e-02
6.853000309320123051e-02
7.198111019715724979e-02
7.014184523950461880e-02
7.143398476955553633e-02
6.851905632947818958e-02
6.735451818894944154e-02
6.547964210221834946e-02
6.802188246956575313e-02
6.771894977100600954e-02
7.044558664756550570e-02
7.302757782872504322e-02
7.627819417530190549e-02
8.101505095146421809e-02
8.462596334902627859e-02
8.587487490376588539e-02
8.517856475100415992e-02
8.288611513307841960e-02
8.119592754064797191e-02
7.942083720536174951e-02
7.758972975943834172e-02
8.127859513660951052e-02
8.278872750497612287e-02
8.350868311572412495e-02
8.170385474977592821e-02
8.227305116361094406e-02
8.079652733022157918e-02
8.244218434174399590e-02
8.383513501757988706e-02
8.538293173432975891e-02
8.571493525687401416e-02
8.440167488743099966e-02
8.316209278700625873e-02
8.430318417867965763e-02
8.592120588173202123e-02
8.400477655050053727e-02
7.676820539745676797e-02
7.677591237506931066e-02
7.690441952490800759e-02
7.681001722266955767e-02
7.664425790972018149e-02
7.630341575213606120e-02
7.693362261352376663e-02
7.653006192049360834e-02
7.746072590089170262e-02
7.534513581049395725e-02
7.679138838238941389e-02
7.899379052787480759e-02
7.981034027443456580e-02
7.788380294732633047e-02
7.939368657798695494e-02
7.994995888384437421e-02
8.160322800586072844e-02
8.276766410972413723e-02
7.863329009660446900e-02
7.478862540392583469e-02
7.614648164735626779e-02
7.023808981921320083e-02
6.463176255419966765e-02
6.699807246377531555e-02
6.742117494650301524e-02
6.647684162589939660e-02
6.640731330617200001e-02
6.346773437644515070e-02
5.838498656930823927e-02
5.689020715499282232e-02
5.509729901041282574e-02
5.677358567754708929e-02
5.807488330492560635e-02
5.878825085574135301e-02
6.009038305046487949e-02
6.197643189261725638e-02
6.102684108918765560e-02
5.966437630786458612e-02
6.002206504217610927e-02
5.909954642220327514e-02
5.990182825735246297e-02
5.917532776356893010e-02
6.075328954511860502e-02
6.317949230697195162e-02
6.136936038683415973e-02
5.974425246722603333e-02
6.089211560311014182e-02
6.113299197613741853e-02
6.243441290325790760e-02
6.408664410400888301e-02
6.225292271938087652e-02
6.167763344274135306e-02
6.383607228599430528e-02
6.689096083437107154e-02
6.809859611985302763e-02
6.926555194513639435e-02
6.726980492385337129e-02
6.755333617911674082e-02
6.395670344818427111e-02
6.244973443153867265e-02
6.373732346764882095e-02
6.396129674749317928e-02
6.122825478541926714e-02
5.976146580542263109e-02
5.882151605555918650e-02
5.703959231868793722e-02
5.781905821368127363e-02
5.862674919126220630e-02
5.809599916119623231e-02
5.942750499934845720e-02
5.971875342038401868e-02
6.385459639113832964e-02
6.183384483574627666e-02
6.022100618565673358e-02
6.412087313174197334e-02
6.790010986469496856e-02
6.293198637104069348e-02
6.289017456447254517e-02
6.325653516478269012e-02
6.205708638208307093e-02
6.140920797133730957e-02
6.148482920298192766e-02
6.169113943951742840e-02
6.165382111157668987e-02
6.182863418371198350e-02
6.286391795629242552e-02
6.449810385265664081e-02
6.379718444850368542e-02
6.334546302696253406e-02
6.663182138936463161e-02
6.654460049867338967e-02
6.458497716357669560e-02
6.580055982612975640e-02
6.812042509136517765e-02
6.699479893723037094e-02
6.700239873225655174e-02
7.237365314040289377e-02
7.047088105400689528e-02
6.967133958232807345e-02
7.232397447296534665e-02
7.304364345463909558e-02
7.089074236637316062e-02
7.315263333930488443e-02
7.649510731744157965e-02
7.425447931564121973e-02
7.236325626126927091e-02
7.790753244489678764e-02
7.427094874901740695e-02
7.440369516280043172e-02
7.362685598764073802e-02
7.568196701186025166e-02
7.223101644103735453e-02
7.304493454603289138e-02
6.933832543700191309e-02
7.019882710346792010e-02
6.872325798258316354e-02
7.048239175219350727e-02
7.132595695793497725e-02
7.057702773499840987e-02
7.378496388218991342e-02
7.142430513158615213e-02
7.195360353489377303e-02
6.992609230428570299e-02
7.749046216076749261e-02
7.871467705717805075e-02
7.997755226642766502e-02
8.241531342810048955e-02
7.731871531950673671e-02
7.718801520604756661e-02
7.758381309213291388e-02
7.625879840770721785e-02
7.847969428848955431e-02
7.959209483851736877e-02
8.439954094819768216e-02
8.538851989169415901e-02
8.661091056046643644e-02
8.952677508614215185e-02
9.052461975170444930e-02
9.060522650997882010e-02
9.057358615245902911e-02
8.965945332374758436e-02
8.996060420940921176e-02
8.953077547948851134e-02
8.928851897826461936e-02
9.148106316524717840e-02
9.326004322838343796e-02
9.309042008089818410e-02
9.340362006469149492e-02
9.393200831118520000e-02
9.292620437554433011e-02
9.162535850919084623e-02
8.823096126161544817e-02
8.916257503233282478e-02
8.847353042347094743e-02
8.573204761205488467e-02
8.678984074367690482e-02
8.358347641660657246e-02
8.389428884765948169e-02
8.557250992726039840e-02
8.500903787762581487e-02
8.762866790721091093e-02
8.771213747013462125e-02
8.785540256758395117e-02
8.858498586369023542e-02
8.964533446533096139e-02
8.972828432069945848e-02
8.796243185634011752e-02
8.655689287570567103e-02
8.497685679503774736e-02
8.475717419332795544e-02
8.181805931280905497e-02
8.323108810918711242e-02
8.829064272185860318e-02
8.634188696805722429e-02
8.527799363628218998e-02
8.487881341125103063e-02
8.849798805613318109e-02
8.757932239313959144e-02
9.036674001617939211e-02
9.069562365539241000e-02
9.363279752733433270e-02
9.091267512667400297e-02
9.263299331860253005e-02
8.931398502227239078e-02
8.648857579692048603e-02
8.614940100005696877e-02
9.109523857978274464e-02
8.881972610379307298e-02
8.979353542099488550e-02
9.155775873023230815e-02
8.944271583504814771e-02
8.581379828683566302e-02
8.713899303074867930e-02
8.688062686132980161e-02
8.795983438221810502e-02
8.595494609016895993e-02
8.428932862125293468e-02
8.258434949493675958e-02
8.033412418990337756e-02
8.184243831556159421e-02
8.098490961083371076e-02
8.056674214640224818e-02
8.547228153020114405e-02
8.201109442688903073e-02
8.417790283920112415e-02
8.599076185646481463e-02
8.717362260858863010e-02
8.494909849378018407e-02
8.407810419839734095e-02
8.343652598023254541e-02
8.183816844120883616e-02
8.267974016598600429e-02
8.209593424862760003e-02
8.652114011920275516e-02
8.443153651933243964e-02
8.503612071217503399e-02
9.070234193541182321e-02
8.786751743036802509e-02
8.790337576556339627e-02
8.692602349265143857e-02
8.604272241791477427e-02
8.253538267808835371e-02
8.433645544027967844e-02
8.415528916748371557e-02
8.211302565769074135e-02
8.816466907956055366e-02
8.774524777163605904e-02
9.220088498022960266e-02
9.077490226354711922e-02
8.730487114735296927e-02
7.969136476776839118e-02
8.417327558254328324e-02
8.222442928581585875e-02
7.798474018591150525e-02
7.939915325687252334e-02
8.239484558180265594e-02
9.306745560843410203e-02
8.532473246486915741e-02
9.229819641086578486e-02
8.956030244144130847e-02
9.276207278526271693e-02
9.510489730701010558e-02
9.568754907149923383e-02
9.710739970751092187e-02
9.687541590392356738e-02
9.761600559340877226e-02
9.483831720808666432e-02
9.550254252053491655e-02
9.619714343261875911e-02
9.196544381802596035e-02
9.684426390231237747e-02
9.622910953248720034e-02
9.598307948817819124e-02
1.030306185557492427e-01
1.042515640215242456e-01
1.030583874985495640e-01
1.036391721158906876e-01
9.992877742752170889e-02
9.596634826039007748e-02
9.710836909334830125e-02
9.569414296493050642e-02
8.877342841742574819e-02
8.888873746491299244e-02
9.893705273907471565e-02
9.630900129059227766e-02
8.820038513067629538e-02
9.055121890196460299e-02
8.764591211775041302e-02
9.100179144024878042e-02
9.300028243069391465e-02
1.044402064962923760e-01
1.065562661351577844e-01
1.130100842669889971e-01
1.093918509172908671e-01
1.054403383359385771e-01
1.061936449400491256e-01
1.056328812387619109e-01
1.028508840900030918e-01
1.123613295631002984e-01
1.064225150453239621e-01
1.070192068268625007e-01
1.017484260646597249e-01
9.767568072220456088e-02
9.336530255950492574e-02
8.904947722703582258e-02
9.684153200896616909e-02
9.021742686536526890e-02
9.294418092667910969e-02
9.542484340545343002e-02
1.031097932077500445e-01
9.983688345209884574e-02
8.908998786318989005e-02
8.960272557442294783e-02
9.287070129175845068e-02
9.761825864961792831e-02
1.048551560470514232e-01
1.113094954798725666e-01
1.159682112479458738e-01
1.122696641400580120e-01
1.137117274492993602e-01
1.180267363079110510e-01
1.181522892688917636e-01
1.157756049519775843e-01
1.171898048487491906e-01
1.221572751614985464e-01
1.226448674633502378e-01
1.254502302645050804e-01
1.231191504652997537e-01
1.162905718406364031e-01
1.152301610791255371e-01
1.121156081599110621e-01
1.183104475867367000e-01
1.121479335565709334e-01
1.097198166262387531e-01
1.115109210718401300e-01
1.077512935576123709e-01
1.137233784747877507e-01
1.130543905692320550e-01
1.100098031979541702e-01
1.135644522751135810e-01
1.159328672670199012e-01
1.169984932944316824e-01
1.185118364987829409e-01
1.137221124208736001e-01
1.134978847790080181e-01
1.108786642134873546e-01
1.123073192302399548e-01
1.133769216212385800e-01
1.121311253464227775e-01
1.138213555987022119e-01
1.105815594551131653e-01
1.136862480457239144e-01
1.120068662844460050e-01
1.107658759301557438e-01
1.068621170875303505e-01
1.093767085189938371e-01
1.065364447740648757e-01
1.108392184082731546e-01
1.155342771030518634e-01
1.216582282786475844e-01
1.307831842914310982e-01
1.359981466489443847e-01
1.311281264834178728e-01
1.329833174277155194e-01
1.310015079816366779e-01
1.305088968401832972e-01
1.282105880377457652e-01
1.272140193668747088e-01
1.295653373317691148e-01
1.315978567549791478e-01
1.263028650341766479e-01
1.214123518147971481e-01
1.117198930519407440e-01
1.070480541184224421e-01
1.060776904305384960e-01
1.079065273879677989e-01
1.027930786040087696e-01
1.066044611593497393e-01
1.078891962220041023e-01
1.137055543017595483e-01
1.121843787163925299e-01
1.123561388676534989e-01
1.135836755847776658e-01
1.084623980777905672e-01
1.141907598689613224e-01
1.150558306667335273e-01
1.197950324130943045e-01
1.217557380509788345e-01
1.188831696026682039e-01
1.149777184054983081e-01
1.117564118594600586e-01
1.100766707868388039e-01
1.124851805088837864e-01
1.213235378550052701e-01
1.224509872863563942e-01
1.317813451851179707e-01
1.289548854283566470e-01
1.261266042197348725e-01
1.294296799464973446e-01
1.269053894061471510e-01
1.227785634314386698e-01
1.295420300939440494e-01
1.339492954334673414e-01
1.441361160209453374e-01
1.489564235971556627e-01
1.562861230868293205e-01
1.614117592644106480e-01
1.618895945844087692e-01
1.698916253621973738e-01
1.683983985267332173e-01
1.639493444936306332e-01
1.715101051913734409e-01
1.753390941680663673e-01
1.790192019661844824e-01
1.786288754246925237e-01
1.778197855560392782e-01
1.804752270622884680e-01
1.825906688809482148e-01
1.757876536912590382e-01
1.705657835973397596e-01
1.722479622540049604e-01
1.734654578058325569e-01
1.719372168554400560e-01
1.684231399258351303e-01
1.711222777544207929e-01
1.684276060600495839e-01
1.733601652235847723e-01
1.740206747385855124e-01
1.746702746254413796e-01
1.765629954279575031e-01
1.789828229943850602e-01
1.779849993467905733e-01
1.743136602040067373e-01
1.716254217794812575e-01
1.790033339234469167e-01
1.736498622180988605e-01
1.806893745006163954e-01
1.742758630621210614e-01
1.775558924978213327e-01
1.802215868929124554e-01
1.811086810744200193e-01
1.786077389410820615e-01
1.802842792844785436e-01
1.666542662096617278e-01
1.717398702503487584e-01
1.691410878784154193e-01
1.692070176145534788e-01
1.654356993508372398e-01
1.615047070681612240e-01
1.591434637985003064e-01
1.528496046066720737e-01
1.529150950159419153e-01
1.420801291496900376e-01
1.421541444033209700e-01
1.468028128947480582e-01
1.425647806922825112e-01
1.418105836155518773e-01
1.511975933863141108e-01
1.457417174110560154e-01
1.418399979420428281e-01
1.392577143110429461e-01
1.327041713857397554e-01
1.267501811203146644e-01
1.250352422339346958e-01
1.217650978323945310e-01
1.187226343149632157e-01
1.200654660251530004e-01
1.208661942882827134e-01
1.192411624315354857e-01
1.104290314169702469e-01
1.126675334421634034e-01
1.106936369837967504e-01
1.060766502018850588e-01
1.045099399884747982e-01
1.025588646089090616e-01
1.083889546043792507e-01
1.030709830511113978e-01
9.668553235724175465e-02
9.535037726209338871e-02
1.036573324595337908e-01
1.007146575084334472e-01
9.945473789321113145e-02
1.081178510376048507e-01
1.016321197503202711e-01
1.028513922951788118e-01
1.020330536639448837e-01
1.007163215595028305e-01
9.154112022906701895e-02
9.504519931260801968e-02
1.044610246531192388e-01
1.022250725068261090e-01
9.797310044768892112e-02
9.984190370369105949e-02
1.073328618213054142e-01
1.126785273640962259e-01
1.045976797672665271e-01
1.148601751901878743e-01
1.207391364191607863e-01
1.138707141622035124e-01
1.134988443991460372e-01
1.181237174655507260e-01
1.214759424324256543e-01
1.198849232437169121e-01
1.213385674582241336e-01
1.195141525445251318e-01
1.209375543071473658e-01
1.240680874507233966e-01
1.257829289415894891e-01
1.316692644836621184e-01
1.371628612828317273e-01
1.400614896560909983e-01
1.316598494663594465e-01
1.318512653515426791e-01
1.324547286380948208e-01
1.371123396788789250e-01
1.332023717227457382e-01
1.398293381025723647e-01
1.495418778831663076e-01
1.456547137067900621e-01
1.365029076750943204e-01
1.393781128881528275e-01
1.395660851121647283e-01
1.434705223041419231e-01
1.485088571434971527e-01
1.514078279669774929e-01
1.421876560193595651e-01
1.418448905528748583e-01
1.438860575135549880e-01
1.463930608465489058e-01
1.454924320919417369e-01
1.456801562703731179e-01
1.408524788284921669e-01
1.503072974724091182e-01
1.434838201748789288e-01
1.462767698776588077e-01
1.311904480139673979e-01
1.309489494356057548e-01
1.320083373484521871e-01
1.314557331143078045e-01
1.337900799267117691e-01
1.267247448968191748e-01
1.309134642096978496e-01
1.268835134151231614e-01
1.306669233490538318e-01
1.383116901424727985e-01
1.392005873067319044e-01
1.366185174779275258e-01
1.266227637388510630e-01
1.286246620156816789e-01
1.345273257197732164e-01
1.305912628563419275e-01
1.326724938057850522e-01
1.314436044622198096e-01
1.412682226077777159e-01
1.360674770194236771e-01
1.296042844196563237e-01
1.181962276668855338e-01
1.190467752217045927e-01
1.309103335088366293e-01
1.336086590367813187e-01
1.353876195898919832e-01
1.353959562816271500e-01
1.361198008489736822e-01
1.375281353934951767e-01
1.424341980809913366e-01
1.380044962156716792e-01
1.344148997491174669e-01
1.287692822079407051e-01
1.314726896689535351e-01
1.408596760566069861e-01
1.432129303866531700e-01
1.429037704306210799e-01
1.538502877438077121e-01
1.490553483140502067e-01
1.589168171744859137e-01
1.685255065299315902e-01
1.717033061727306631e-01
1.618327391606726451e-01
1.689844959291804116e-01
1.700702200796513353e-01
1.663706292861206748e-01
1.653822154389672505e-01
1.645428060778613144e-01
1.700647997267878964e-01
1.687579525746514264e-01
1.634235187589183624e-01
1.619564348252424679e-01
1.635094008479427430e-01
1.599566543163746246e-01
1.634997141063649906e-01
1.625383191831133445e-01
1.615833685264078667e-01
1.572145135687605944e-01
1.544967908412218094e-01
1.551439768850286782e-01
1.504717172692835447e-01
1.487619860477025213e-01
1.533730998171449755e-01
1.438197505231073592e-01
1.359581243696084130e-01
1.331680717748895404e-01
1.297727820319778402e-01
1.296292451384033484e-01
1.336633771543347393e-01
1.231342336145644367e-01
1.228021206025005085e-01
1.339188113161071669e-01
1.427232410524084116e-01
1.480596888009131362e-01
1.423352640417760995e-01
1.431940972647680610e-01
1.484135254349894240e-01
1.469462343102350133e-01
1.391491714375661104e-01
1.401591972098685801e-01
1.426051602588813694e-01
1.432444808842774364e-01
1.489049553379118151e-01
1.501563681008519779e-01
1.599115672793232079e-01
1.621424971144733718e-01
1.633515383805388410e-01
1.633000572510354687e-01
1.595691550028277561e-01
1.612295374548011750e-01
1.642548271474879584e-01
1.641988826104352484e-01
1.777736470990021189e-01
1.635374370830504631e-01
1.612111468421062455e-01
1.556030975925750681e-01
1.558629976857446309e-01
1.639814472518992261e-01
1.624843696877178445e-01
1.544578328789611987e-01
1.598338332164530584e-01
1.693440666235801473e-01
1.717496259884683241e-01
1.682048567158744845e-01
1.636663036292702600e-01
1.696303713379165856e-01
1.765159172718995251e-01
1.757650757722331036e-01
1.695130790030816570e-01
1.709362890542251989e-01
1.842328328571056772e-01
1.922251878686438431e-01
1.946345039677908062e-01
1.865967041553631134e-01
1.742317947841911518e-01
1.775441194627092045e-01
1.812936646883827052e-01
1.670303676037292462e-01
1.609124312299172743e-01
1.630524144115952367e-01
1.614681264627506607e-01
1.704995080262960983e-01
1.679454964928481786e-01
1.811417864428221947e-01
1.824606280956686533e-01
1.757427582924719900e-01
1.750613762746979774e-01
1.814409536914354248e-01
1.649706392786356446e-01
1.564724764989477990e-01
1.618104410481464583e-01
1.709143983252943144e-01
1.582203299631146365e-01
1.668767942778686120e-01
1.667687873905379092e-01
1.635249226765154162e-01
1.648744019607875089e-01
1.537481506161384459e-01
1.543912887104852416e-01
1.758642764330033970e-01
1.879657374615817389e-01
1.922387762160724378e-01
1.909368068040748767e-01
2.125246413438617310e-01
2.265101959069397708e-01
2.253154106047077221e-01
2.436733015256322687e-01
2.349680073834861105e-01
2.293974111908028135e-01
2.188223890866538568e-01
2.343762785230865120e-01
2.328811176080307632e-01
2.347313860000213026e-01
2.416866611242767249e-01
2.278678779698566359e-01
2.380716416382711031e-01
2.431994231328644673e-01
2.358246809189950000e-01
2.344250837145409605e-01
2.445870654373720754e-01
2.522450583819590975e-01
2.463038893079101399e-01
2.387575287370964361e-01
2.430648185795689642e-01
2.495697798781293386e-01
2.667017211383608810e-01
2.744856930212336010e-01
2.632483378529286711e-01
2.634711230421089567e-01
2.579003022419783520e-01
2.469095766027749050e-01
2.555788961462894804e-01
2.619452343046759779e-01
2.770081103426491609e-01
2.686004929937553243e-01
2.564294833400708740e-01
2.714746252813711180e-01
2.858612189920677338e-01
2.757021924385298917e-01
2.804556758683247608e-01
2.747695918938006798e-01
2.796126429584546713e-01
2.894258586948126322e-01
2.820071724263470969e-01
2.945805922668114363e-01
2.796792855369858444e-01
2.940711883666153881e-01
2.953821200367201527e-01
3.098564349807020335e-01
3.074952458377993025e-01
3.084895498986952589e-01
3.038435628859588178e-01
3.008799903482213267e-01
3.078405027408734895e-01
3.125301743380077824e-01
3.038679690821481927e-01
3.053014300680843007e-01
3.030985631735347852e-01
2.938200572966707114e-01
2.908006140073666757e-01
2.889081238772632787e-01
2.969980396487699181e-01
2.836983298257109709e-01
2.955550851584121119e-01
2.945417223959339026e-01
3.051462041262311686e-01
3.075718144427810330e-01
3.075197972580099304e-01
3.156265571628864564e-01
3.230030975937552284e-01
3.164957857547960884e-01
3.198278749955534295e-01
3.284763788296913845e-01
3.245989129818553920e-01
3.286140697018709034e-01
3.315745676200094749e-01
3.343359874938869325e-01
3.327330461725068744e-01
3.370286224139817932e-01
3.247639056385196454e-01
3.184878099332308921e-01
3.191098643624172837e-01
3.213689238305050822e-01
3.180111081514951366e-01
3.177192015414220805e-01
3.189906890634119918e-01
3.175996112640859792e-01
3.277900569769371941e-01
3.305025729155204317e-01
3.302389913933438947e-01
3.289178578856990498e-01
3.187116458225318638e-01
3.229293567924287345e-01
3.146063701001367008e-01
3.020578889249918575e-01
3.083734353631371050e-01
3.175367345561426191e-01
3.131697948842884216e-01
3.153000832217003335e-01
3.103929381040870794e-01
3.274258326755443704e-01
3.398364019703876693e-01
3.420313205137972545e-01
3.398930267953801376e-01
3.353421569877355068e-01
3.439431179463099397e-01
3.240131720967838191e-01
3.167892436763395381e-01
3.122202993808969040e-01
3.279562283414634294e-01
3.298418056888294814e-01
3.295185501388004923e-01
3.390339780544309178e-01
3.472398737440016703e-01
3.521240874592876935e-01
3.457263635477829666e-01
3.427923603217095661e-01
3.443077656811510678e-01
3.310934290007025993e-01
3.314413672014779877e-01
3.291986379558693443e-01
3.375443220847955672e-01
3.442323118833883200e-01
3.519181229676178191e-01
3.539497158708400093e-01
3.405196401054126909e-01
3.426222525422417675e-01
3.251263281681531225e-01
3.132031929008007864e-01
3.215977690983891080e-01
3.342726681325984828e-01
3.323122250553751655e-01
3.386603955977989244e-01
3.211933257339296688e-01
3.167918564913634327e-01
3.115381449488268117e-01
3.199156196064905089e-01
3.219061266368044016e-01
3.269036337505895062e-01
3.131432036766454985e-01
3.093551451593157253e-01
3.021225166185104172e-01
2.878758244742130046e-01
3.036822580625084811e-01
3.017895498960569967e-01
2.958218265366667765e-01
3.019335113085617195e-01
3.080682966533458966e-01
3.009522285942693998e-01
3.068814026073596324e-01
3.145457474165596068e-01
3.227884953157627024e-01
3.178951933991811529e-01
3.131353273211061605e-01
3.203143114978956874e-01
3.367676229518110631e-01
3.361528786736016627e-01
3.286641903250711039e-01
3.249453799562616041e-01
3.175479917281336384e-01
3.082201317870385537e-01
3.033443734366301214e-01
2.935097514714470890e-01
2.974792591644472850e-01
2.971550087454488676e-01
2.925883645702924696e-01
2.914675342117334367e-01
2.758095786643934844e-01
3.043549002031795681e-01
3.154537324107877794e-01
3.091682219360336603e-01
3.031749269907777489e-01
2.895418128837263794e-01
3.035128825017636700e-01
3.031879887653303740e-01
2.878812131448285072e-01
2.757286427195140277e-01
2.718989399218116887e-01
2.861544259985748795e-01
2.813281923931754136e-01
2.796540093922885717e-01
2.820523431737456121e-01
2.911409116154572985e-01
3.021509996788154240e-01
3.053110824721443350e-01
3.043483056444529211e-01
3.079898044907167787e-01
3.035998772966195247e-01
3.217284445117911673e-01
3.230004845895564358e-01
3.366331924917176366e-01
3.237244103534067108e-01
3.219946509902911203e-01
3.265229562957756571e-01
3.279096503670189122e-01
3.338145126726885792e-01
3.257641564491677855e-01
3.152625183556665434e-01
3.172699904889668687e-01
3.144190627840544039e-01
3.239359089789104473e-01
3.143529069443502522e-01
3.182646498526082723e-01
3.167959130123563227e-01
3.250974870120444393e-01
3.197957271695486270e-01
3.184388492632024281e-01
3.226824945345470042e-01
3.165664283187652472e-01
3.133904698929654842e-01
3.100429188643829548e-01
3.082665555893981946e-01
3.001989201034120924e-01
3.023683746946517203e-01
3.044267436953305150e-01
3.011955321630921389e-01
2.939606188047036994e-01
2.881605542443139711e-01
2.844321853922338050e-01
2.820927083093920373e-01
2.759085941675039066e-01
2.778639556445341441e-01
2.606670819200189726e-01
2.614583105532801710e-01
2.656622480194528180e-01
2.790228168260000530e-01
2.788571243645492359e-01
2.803830163361453742e-01
2.733450675250423956e-01
2.726730720091836702e-01
2.720551742095267400e-01
2.770359146902592329e-01
2.713136063680394727e-01
2.673740976078988751e-01
2.655177324832038721e-01
2.684697365079955489e-01
2.767969189617360826e-01
2.684775186535262037e-01
2.651957890830090037e-01
2.609218877792045532e-01
2.712004318373146816e-01
2.839647655778207991e-01
2.747618349389995274e-01
2.697541182255918102e-01
2.639128363143754541e-01
2.655346752339937666e-01
2.729041188345036062e-01
2.755582356444392644e-01
2.748973379925701011e-01
2.801008309847929922e-01
2.796411885756242555e-01
2.820086917749904387e-01
2.847330404697459016e-01
2.778753616339599830e-01
2.796452954908090760e-01
2.775233002498680435e-01
2.638093314285470115e-01
2.604410027097401326e-01
2.418296609007484221e-01
2.291415558456719737e-01
2.299467734965219279e-01
2.359438090047660808e-01
2.315849448250446585e-01
2.317841411922927364e-01
2.287560825166110590e-01
2.209590758520789677e-01
2.147322613936921698e-01
2.133067982108514116e-01
2.137087021569641365e-01
2.128762528177503555e-01
2.065541647671125247e-01
2.169766745810193243e-01
2.246391391181532526e-01
2.269900486694496067e-01
2.407869712019419239e-01
2.420792972529852705e-01
2.438395706039955257e-01
2.499886838400016131e-01
2.494562093725107843e-01
2.366952744728223479e-01
2.417785443421962555e-01
2.416834568293779739e-01
2.373604784165763704e-01
2.259154822827440512e-01
2.264131034621641447e-01
2.121199367202279973e-01
2.202619963595680019e-01
2.173388591522780189e-01
2.137786505113581370e-01
2.103836296423651220e-01
2.157752397533840849e-01
2.195612296509352745e-01
2.241666993108992756e-01
2.245094887525738159e-01
2.176814584740895953e-01
2.059571341851551551e-01
2.110434682235791115e-01
2.135326737025025068e-01
2.260109774306329200e-01
2.290516896723602258e-01
2.315656917653541313e-01
2.273683797607191082e-01
2.253533926632371731e-01
2.306696692539844662e-01
2.334279835436063877e-01
2.396033086906754761e-01
2.357137826397774916e-01
2.412317340426852752e-01
2.397919443419596064e-01
2.431928367086584331e-01
2.492012560064722493e-01
2.416254213840147713e-01
2.422976769785236684e-01
2.419420502787943406e-01
2.395336553481683950e-01
2.450419279421112151e-01
2.503300869198028522e-01
2.459470832377519400e-01
2.418902770996282925e-01
2.451097473867775989e-01
2.399700323121578549e-01
2.406247991875716252e-01
2.461413718074254575e-01
2.443644601548840001e-01
2.518675064497983840e-01
2.513997822989040287e-01
2.503894164929079125e-01
2.548950653426800272e-01
2.546616276767963427e-01
2.482959245685378846e-01
2.518055533214464958e-01
2.501048979465849698e-01
2.470448445396868919e-01
2.544717912446685659e-01
2.399348127219127491e-01
2.396853001455383492e-01
2.472404474210634362e-01
2.438347890697514231e-01
2.428312931447180745e-01
2.270909318085614359e-01
2.350305502613991848e-01
2.389902797035574622e-01
2.353714281966858834e-01
2.349751066008138878e-01
2.386158814711052401e-01
2.246541878998868924e-01
2.163103198131466343e-01
2.192701007911637134e-01
2.148395072172206710e-01
2.068195523825124837e-01
2.003200111344085599e-01
2.039971754652469826e-01
1.938408381602130248e-01
1.979568943575031881e-01
2.000204246392058849e-01
1.941327544172963826e-01
1.992003502382431179e-01
1.872997402560940827e-01
1.944391201445796469e-01
1.985819322294446465e-01
2.015853802899982838e-01
2.066787254498194670e-01
2.094597429795612697e-01
2.133232252394918760e-01
2.138453325005684746e-01
2.121621800979482941e-01
2.012199366258755617e-01
1.962358458795279148e-01
1.892968609040508454e-01
1.677378333465640026e-01
1.711309813881598529e-01
1.769984718293926562e-01
1.727121628500754014e-01
1.888576076785284386e-01
1.782124717606166087e-01
1.791022563666047063e-01
1.794536130332744506e-01
1.864072627990935871e-01
1.878756829037229181e-01
1.772995800038188463e-01
1.742091072073890246e-01
1.566850964150034997e-01
1.460364107724672067e-01
1.544884007325890707e-01
1.496775120567690465e-01
1.596490295328294451e-01
1.598331707441502658e-01
1.571645072144747246e-01
1.437861640579285449e-01
1.409990298166121647e-01
1.492325485660330742e-01
1.442756148967418994e-01
1.426118916001541947e-01
1.554795769393422233e-01
1.471128904631768819e-01
1.475740378782575135e-01
1.410039364468502754e-01
1.463943769394973060e-01
1.406208222656459839e-01
1.543575151117693167e-01
1.519405616563744843e-01
1.525980835740483599e-01
1.637307743894780288e-01
1.707781012364648632e-01
1.808862637562924647e-01
1.902429662045506120e-01
2.047535666329167725e-01
2.170442377532708633e-01
2.140615690123013337e-01
2.157813280336995376e-01
2.231684244452480925e-01
2.268455996472766856e-01
2.089634057033435965e-01
2.117636120237875730e-01
1.977588522781843494e-01
2.005083161361653765e-01
1.992859984911774518e-01
2.160769791184975475e-01
2.049913612827367615e-01
2.070710388002225955e-01
2.035687434572537313e-01
2.016043547505432798e-01
2.212391523885344213e-01
2.101707682927553833e-01
2.147896311134900316e-01
2.138908969627664192e-01
2.267304986485214613e-01
2.074546674853081640e-01
2.008965610634732002e-01
1.970894140767995850e-01
1.903893104854432750e-01
1.866282467353812535e-01
2.034964803647199005e-01
2.106307608805764175e-01
1.947640345488252933e-01
1.781231327749992488e-01
1.728093197093585331e-01
1.690047656347815064e-01
1.650004467028338695e-01
1.750394342461731867e-01
1.609351568013153155e-01
1.593177661970912595e-01
1.527549415122848586e-01
1.542484209053327504e-01
1.577354057799311704e-01
1.609697519775181718e-01
1.632917892966361251e-01
1.665595009253593162e-01
1.596174118681119580e-01
1.553355557853137725e-01
1.660354051432477718e-01
1.715573189389942854e-01
1.635382106014731107e-01
1.780954303262660687e-01
1.638557679966652358e-01
1.705517106915976910e-01
1.782891329385165591e-01
1.842381779774768802e-01
1.693264452665061981e-01
1.750841782745737873e-01
1.773947643064275326e-01
1.866460094920512347e-01
1.865822580371059303e-01
2.012443038388482819e-01
1.942195050887676189e-01
1.848690110432471556e-01
1.794261957984417677e-01
1.726634979531809222e-01
1.739413153918576427e-01
1.681518163009059208e-01
1.705816177068300021e-01
1.853980753444375296e-01
1.830865440133493394e-01
1.770469112202590622e-01
1.687110173793371359e-01
1.717359511089853186e-01
1.650094017218179943e-01
1.611792929770672345e-01
1.530525267821758462e-01
1.553120274834327574e-01
1.500047357103539980e-01
1.323462421605654527e-01
1.270891909707643208e-01
1.338692115332378307e-01
1.354192063331538520e-01
1.515590169524330122e-01
1.330539172104181489e-01
1.372061507795478974e-01
1.458789502057697973e-01
1.595515805438481038e-01
1.829238238406105665e-01
1.836853218892429140e-01
2.045133814767723379e-01
1.978356049562535190e-01
2.042428539461980108e-01
2.152595417351221840e-01
2.118512788761108823e-01
2.070454994413921668e-01
1.902873318895217380e-01
1.906355213068309240e-01
1.998997506657360645e-01
1.939185563214778085e-01
1.775547009447109303e-01
1.752381366432018694e-01
1.704535470084920235e-01
1.669741225778125226e-01
1.648169282166236371e-01
1.667155697550697369e-01
1.700324840671783022e-01
1.782976452909679210e-01
1.662919078362392611e-01
1.698305433237692341e-01
1.757812177670530218e-01
1.785459713819363969e-01
1.812608758395981567e-01
1.851942502039491956e-01
1.742787468192545930e-01
1.849415016326929617e-01
1.951131735968374414e-01
1.871039024485980917e-01
1.922269389283428609e-01
2.005897060744246119e-01
1.815566387344915711e-01
1.920359710661614372e-01
1.968061875713829068e-01
2.055849612329438969e-01
2.297924814915859315e-01
2.355305649543879554e-01
2.276845364203836652e-01
2.170028561149592861e-01
2.221108337712394132e-01
2.168467241522193945e-01
2.244407947914623946e-01
2.119535868341699825e-01
2.209308538490404317e-01
2.158222029929675045e-01
2.130062269220616145e-01
2.256768552592802735e-01
2.154530607022024924e-01
2.151036344102976727e-01
2.146669549556463608e-01
2.136505502194268047e-01
2.110311781730160874e-01
2.162829320254786580e-01
2.143767860625303001e-01
2.161396261030859023e-01
2.280699946454660676e-01
2.330314940418247716e-01
2.260823943906871136e-01
2.289479585483604751e-01
2.276261571964823816e-01
2.230798380733176600e-01
2.197460482129827142e-01
2.211892006143898470e-01
2.132133621498724096e-01
2.334991598800115753e-01
2.208590600548632210e-01
2.294409799706045305e-01
2.274832657640217803e-01
2.144265064789578901e-01
2.112236069838218100e-01
2.235561805837278371e-01
2.261138451162878482e-01
2.304168846922038938e-01
2.349357575717476720e-01
2.366880056265472376e-01
2.390683307576182415e-01
2.595787850254964724e-01
2.548941738036774041e-01
2.383495374037920556e-01
2.409724651161013753e-01
2.633847863544360735e-01
2.683656862468524196e-01
2.636477758637738589e-01
2.578857275098016544e-01
2.603258783337878413e-01
2.729448188874812331e-01
2.784236059810609731e-01
2.820767487446573796e-01
2.961983392847287178e-01
2.896090445888148679e-01
2.840646876447863178e-01
2.742690192217196454e-01
2.689844943433854496e-01
2.653197492159051762e-01
2.734985320716987189e-01
2.734908310094397166e-01
2.701923409908886242e-01
3.000600439381742035e-01
3.166917358053069620e-01
3.120873967550323869e-01
3.108841809494151676e-01
3.147971096054789086e-01
2.964252795163702103e-01
2.835096057006012416e-01
2.862514274370369094e-01
2.760461250445587211e-01
2.867631031986093149e-01
2.880204113939726085e-01
2.944314251740252075e-01
2.891831765246024588e-01
3.093475514156125428e-01
3.173636056426403229e-01
3.100295369304149062e-01
3.118914430733639165e-01
3.048183202995460306e-01
3.144105572891930933e-01
3.271821552821165824e-01
3.435053063058148837e-01
3.390300763599043421e-01
3.469971422555317986e-01
3.291875573040670133e-01
3.378428422438446432e-01
3.192105445964443788e-01
3.090092043448748882e-01
3.141193353894777829e-01
3.030824195520835929e-01
3.199174575606775761e-01
3.405493788741296157e-01
3.479434161658900848e-01
3.470550465422093112e-01
3.699875600887025939e-01
3.600373327890338260e-01
3.556383739460216020e-01
3.453833180105903011e-01
3.311241157039148675e-01
3.209674642071149719e-01
3.286209923580827308e-01
3.441209535576490453e-01
3.263543208895498537e-01
3.033957902375732374e-01
3.116210344496721518e-01
3.042453760458556644e-01
3.032246176148873928e-01
2.956922747230237292e-01
3.107178409350126458e-01
3.090794630120399233e-01
2.838466070547838171e-01
3.058769914355252695e-01
3.028301614767769934e-01
2.975361939629692642e-01
3.178003393213657546e-01
3.017180756396555807e-01
3.150678023084765300e-01
3.117986787237896351e-01
2.900462727884587366e-01
2.833694044034018589e-01
2.835966168627237494e-01
2.832950145930226427e-01
3.021001597644499270e-01
2.962257135941399611e-01
2.831220899115578504e-01
2.809169960155486478e-01
2.729723011470923666e-01
2.380677232367816032e-01
2.425188085248919379e-01
2.544650764393736608e-01
2.607084822461729345e-01
2.807841671492496971e-01
3.035759201534347085e-01
3.081879648320864362e-01
3.240527543052849069e-01
2.904599175694784208e-01
2.852131129648114438e-01
2.790011385172874725e-01
3.036200025030666438e-01
3.050606505316864059e-01
3.097419229711704247e-01
2.956408548593572050e-01
2.919336194654533756e-01
3.041312459117762046e-01
3.009878584575744753e-01
2.891118700185870694e-01
2.785105645962175913e-01
2.533807541799433238e-01
2.408308586650491634e-01
2.518990219100487593e-01
2.424815171148111403e-01
2.461182469801315165e-01
2.495014953860845708e-01
2.552095298369749798e-01
2.619205301457441237e-01
2.450374733521130111e-01
2.407557717028794286e-01
2.574532033627292549e-01
2.423338800899728085e-01
2.242048686812267988e-01
2.410209364370530238e-01
2.356913993830858089e-01
2.342540501849725842e-01
2.314603212175825320e-01
2.211264278280395956e-01
2.345404697443882469e-01
2.356626014170615235e-01
2.476466103403254237e-01
2.292454439993889537e-01
2.143904414742792142e-01
2.238944018695292471e-01
2.584851340498062200e-01
2.666381040944543201e-01
2.587478915711471927e-01
2.396647952609782806e-01
2.132572083733066393e-01
2.176003783738451602e-01
2.342483988195454003e-01
2.475339371035261138e-01
2.638118400968778587e-01
2.666099191073953989e-01
2.662656880183931207e-01
2.708881376911449479e-01
2.748756543896888616e-01
2.784603791005793028e-01
2.908865927065562573e-01
2.995877212238156062e-01
2.849786294877958426e-01
2.823931578382143925e-01
2.805201431151544966e-01
3.058008344214613317e-01
2.852114072411495727e-01
3.181046197205432691e-01
3.329640028741778224e-01
3.360678502203882090e-01
3.493060884097758390e-01
3.709070953582340735e-01
3.524226503391219012e-01
3.543945915339463681e-01
3.624227730415441329e-01
3.615016828634907142e-01
3.553456723461749789e-01
3.473657893059680646e-01
3.404647080046743213e-01
3.624844520450096752e-01
3.850897428642383602e-01
3.860885891062935116e-01
3.743264630234079959e-01
3.933032454237945785e-01
4.073683348738086352e-01
4.039147660564594844e-01
3.837779257246438647e-01
4.022532039216457633e-01
3.751068305068656628e-01
3.787505516206692846e-01
3.788586607829529385e-01
3.858443924800667446e-01
4.002556405403083772e-01
4.232541281248813902e-01
4.207377210732374806e-01
4.475979390394968505e-01
4.487512985365356144e-01
4.664068128568032989e-01
4.703747329790530785e-01
4.597792573072183586e-01
4.563802764992033190e-01
4.506938908766642271e-01
4.572004076676421391e-01
4.643762944770060130e-01
4.749935382751573343e-01
4.880350670505322341e-01
4.590888077459567285e-01
4.750450579945209029e-01
4.362610471762309317e-01
4.279828012313373620e-01
4.345990896708826767e-01
4.412438326030496683e-01
4.426303182149240456e-01
4.384331915543953073e-01
4.517712276606289379e-01
4.508616453326794726e-01
4.160355521094061260e-01
4.289146016631093516e-01
4.415613168616800976e-01
4.388469460436681402e-01
4.450025626551905589e-01
4.574189777194987983e-01
4.845629923001979478e-01
4.746573915281260270e-01
4.720226559275033651e-01
4.644209205648621719e-01
4.715121960580290761e-01
4.691406746355823998e-01
4.696230943218324683e-01
4.771077417103697371e-01
4.944090890830921126e-01
5.181314635692615411e-01
5.144656086222312297e-01
5.066062579239769548e-01
5.078251781696963008e-01
4.899853274132510705e-01
4.917568826813294436e-01
4.920819852914064541e-01
5.007749888100079261e-01
5.087507845660184103e-01
5.113106361186510185e-01
5.001657661123317666e-01
5.118843954282965569e-01
5.096596656608198828e-01
5.140930186089462950e-01
5.074231339895050041e-01
5.272947322132495174e-01
5.497942245033300424e-01
5.512994982063901261e-01
5.212130705735944503e-01
5.099767865444846393e-01
4.959203389407775830e-01
4.686632658904272830e-01
4.746244229331750830e-01
4.907275431460220716e-01
5.270837349762587110e-01
5.231936384661821648e-01
5.379576948553221882e-01
5.399307405646140978e-01
5.465754087781533599e-01
5.398928638401230273e-01
5.044512017184388242e-01
5.085337516657091328e-01
5.102330746744883072e-01
5.158546097463840852e-01
4.956569290798142902e-01
5.121883395454460697e-01
5.223544219602445082e-01
4.893307277243366116e-01
4.844605685370879655e-01
4.597458685852870985e-01
4.425935077661051764e-01
4.424026569877241855e-01
4.667107050913728017e-01
4.876181927279503725e-01
5.040269651940434414e-01
5.059889666972594569e-01
4.990150017151790962e-01
4.714929915226093726e-01
4.800288093210838269e-01
4.609463953493104782e-01
4.499586843990073248e-01
4.543851027874552528e-01
4.740253698787455505e-01
4.801090945711621316e-01
4.823188425993976125e-01
4.921976414088931051e-01
4.985946833262460132e-01
4.940473123547235446e-01
4.706969223702799354e-01
4.756291884273196047e-01
4.619867479782442388e-01
4.310174248439579969e-01
4.227319089336560864e-01
4.260590546432467818e-01
4.347709862140618498e-01
4.340396026454982348e-01
4.138454702579110744e-01
3.876976417463993130e-01
4.054233351921538997e-01
3.757120757736629457e-01
3.574493874757536105e-01
3.656572812501508452e-01
3.850033455692027928e-01
4.064335427515288757e-01
4.083703129754212569e-01
3.787448712791956495e-01
3.901720909839241358e-01
3.927170031020068564e-01
3.684325678614186472e-01
3.705106678862648550e-01
3.741570888669230044e-01
3.760534609468777489e-01
3.702367695759676280e-01
3.527337669711414492e-01
3.461412350902719481e-01
3.470080410643276991e-01
3.407608307161353878e-01
3.035780133800471958e-01
2.746694978764026018e-01
2.403174559231047169e-01
2.412845604794711107e-01
2.468765518838154094e-01
2.434429410031953012e-01
2.526971675670210971e-01
2.706274003735416045e-01
2.587215227840715670e-01
2.394004093061994354e-01
2.432841738382194308e-01
2.360756326979753794e-01
2.151852790484554134e-01
2.409440696073943400e-01
2.601541715803250554e-01
2.460608101873731357e-01
2.487775332742785395e-01
1.937221209709605318e-01
1.792795593432856549e-01
1.663452759939900716e-01
2.007654932772311440e-01
2.185013588041329058e-01
2.552568227051779104e-01
2.569572960210280144e-01
2.386033022262381564e-01
2.438355637759741512e-01
2.422130772333730420e-01
2.692912857664850890e-01
2.895363511870527873e-01
2.997272060015347961e-01
3.292431038194081339e-01
3.275870195566312759e-01
3.062886392017389880e-01
2.954338552863191580e-01
2.639793252469644358e-01
2.413639827218503342e-01
2.161271341428800952e-01
2.313745569426828297e-01
1.914938552540661476e-01
1.905189623653313902e-01
1.959811479896416131e-01
1.881674922292404517e-01
1.712779032536673185e-01
1.767896552687489020e-01
1.698112225553813914e-01
1.429749878425354837e-01
1.486328722044163442e-01
1.394806820972007699e-01
1.697770133705489570e-01
1.660623629668407375e-01
1.726745909363671672e-01
1.895891840072181367e-01
2.034536615592514863e-01
2.047512985536741326e-01
2.264476039540568308e-01
2.281101807543564064e-01
1.998453801088544424e-01
1.707123066953499801e-01
1.913253786824498093e-01
2.015736901939817471e-01
2.029973326293657010e-01
2.163387145028536906e-01
2.143120647428986558e-01
1.992216302696760977e-01
2.175447364461433608e-01
2.043463325921948126e-01
1.831392233352744370e-01
1.917679411649260146e-01
2.416768436296479194e-01
2.051767145403573522e-01
2.048752561831861385e-01
2.467700897345821431e-01
2.466864167977291800e-01
2.453400828026133240e-01
2.517150331027551147e-01
2.250320780935908260e-01
2.254906275302346330e-01
2.519900591573787096e-01
2.535576252566897892e-01
2.565293920292788243e-01
2.339263253084027383e-01
2.253742232433069148e-01
2.190055179344199132e-01
2.162119954805348243e-01
2.139195859731444216e-01
2.539597511331521673e-01
2.421883669717317389e-01
2.177232928547709889e-01
2.277023566089155793e-01
2.228098045916340197e-01
1.838487159579926811e-01
1.862059919412786257e-01
1.643895850752414844e-01
1.750903727383956721e-01
1.892743766711646458e-01
2.086087908705849259e-01
