0.000000000000000000e+00
2.128217602148652077e-10
2.219167072325944901e-10
8.501956472173333168e-09
1.425905793439596891e-08
1.797525328584015369e-08
2.116394171025604010e-08
2.346678229514509439e-08
1.716034603305160999e-08
4.081266524735838175e-08
1.073058228939771652e-07
1.970311132026836276e-07
2.236847649328410625e-07
1.769931259332224727e-07
2.994383976329118013e-07
3.088935045525431633e-07
3.580025804694741964e-07
4.763460310641676188e-07
5.017027433495968580e-07
5.839119694428518414e-07
4.856301529798656702e-07
7.588641892652958632e-08
2.750894054770469666e-07
1.119879016187041998e-07
6.611899152630940080e-07
9.431823855265974998e-07
9.568739187670871615e-07
1.427757524652406573e-06
1.041989889927208424e-06
1.613097992958500981e-06
1.651989805395714939e-06
1.858556061051785946e-06
1.568936568219214678e-06
2.508728357497602701e-06
4.836711013922467828e-06
5.014828275307081640e-06
5.371999577619135380e-06
3.586732418625615537e-06
3.767569069168530405e-06
3.654036845546215773e-06
1.926999175339005888e-06
1.908789272420108318e-06
4.810535756405442953e-07
3.285367711214348674e-07
1.634651198401115835e-06
1.069853169610723853e-06
1.513542883913032711e-06
1.164891727967187762e-06
4.508759957388974726e-06
1.021219941321760416e-05
7.603985068271867931e-06
6.126130756456404924e-06
1.169217466667760164e-05
1.085366238839924335e-05
8.435719792032614350e-06
1.173669625131879002e-05
1.365174102829769254e-05
1.437351784261409193e-05
2.021125874307472259e-05
1.259317468793597072e-05
9.670500730862841010e-06
6.381336788763292134e-06
2.655373464222066104e-06
3.322167685837484896e-06
1.036534195009153336e-05
1.325244556937832385e-05
5.363763193599879742e-07
1.603189957677386701e-06
3.438741259742528200e-06
7.132566679501906037e-07
4.781359166372567415e-07
9.677738489699549973e-06
2.701590346987359226e-06
9.142131602857261896e-07
2.532962935219984502e-05
1.268721462110988796e-05
2.260899964312557131e-05
1.679929482634179294e-05
2.336498073418624699e-05
1.090400110115297139e-05
7.319729775190353394e-06
4.620688741852063686e-05
4.798496047442313284e-05
6.690331065328791738e-05
7.350466694333590567e-05
6.927413778612390161e-05
7.752742021693848073e-05
8.194132715289015323e-05
9.219728599418886006e-05
1.444591889594448730e-04
1.460509902244666591e-04
1.647477347432868555e-04
1.916292385431006551e-04
2.268331500090425834e-04
2.031429139606188983e-04
1.779691683623241261e-04
1.680144141573691741e-04
1.438878280168864876e-04
1.176174864667700604e-04
1.128342428273754194e-04
1.065526994352694601e-04
9.896396477415692061e-05
1.230946418218081817e-04
1.387250213156221434e-04
1.441947842977242544e-04
1.034814831655239686e-04
8.132315633702091873e-05
6.133107126515824348e-05
4.771603198605589569e-05
8.306174640893004835e-05
7.707515214860904962e-05
1.144663692684844136e-04
1.106879662984283641e-04
1.307413331232964993e-04
1.320840747212059796e-04
1.440034011466195807e-04
1.117557003453839570e-04
1.632842268008971587e-04
1.136198516178410500e-04
5.474218414747156203e-05
1.003089582809479907e-04
3.755542456929106265e-05
3.605487654567696154e-05
1.481762155890464783e-04
1.876105197879951447e-04
1.324968088738387451e-04
2.070763002848252654e-04
2.733083983912365511e-04
2.623696891532745212e-04
1.801885846361983567e-04
1.542138070362852886e-04
1.143120553024346009e-04
1.714834779704688117e-04
3.038228169316425920e-04
4.338154540164396167e-04
4.513426174526102841e-04
4.143459227634593844e-04
4.895053789368830621e-04
4.837268843402853236e-04
5.285615734464954585e-04
4.360934090072987601e-04
5.607816783594898880e-04
5.249874957371503115e-04
5.593273072008742020e-04
5.362618685467168689e-04
4.923727865389082581e-04
6.858759243186796084e-04
6.906087819515960291e-04
7.584326231153681874e-04
7.301412606466328725e-04
8.213245910155819729e-04
8.057944469328504056e-04
7.033772108115954325e-04
7.405353062495123595e-04
7.021411547611933202e-04
7.465715316357091069e-04
7.258072109834756702e-04
9.087868038477608934e-04
8.575681422371417284e-04
9.137568231381010264e-04
8.630046922917244956e-04
1.004533700324827805e-03
1.051519409884349443e-03
1.125422311815782450e-03
1.172103362478083000e-03
1.114112683353596367e-03
1.003021834549144842e-03
1.067468252585968003e-03
9.810542942432221025e-04
1.148141058365581557e-03
8.421915754297515377e-04
5.897902137803612277e-04
5.982622515148250386e-04
5.135041410539997742e-04
4.237326829752419144e-04
7.187362098193261772e-04
1.205632710480131209e-03
1.148520981587353162e-03
1.258774484085734002e-03
1.789779174941941164e-03
1.991698642086703330e-03
2.026989879595930688e-03
2.056739594991086051e-03
1.978663083718856797e-03
1.928873547512921505e-03
1.967502821571542881e-03
1.885466570456628688e-03
1.799597243007156067e-03
2.183742653869558126e-03
2.318611366717959754e-03
2.563577632827218622e-03
2.746577214566059411e-03
2.939813008197234012e-03
2.993740134115796536e-03
3.135863036732189357e-03
3.040622901608003303e-03
3.048214925001957454e-03
3.308803143227123655e-03
3.422048162974533625e-03
3.367813847944489680e-03
3.522902154145413078e-03
3.311889346150564961e-03
3.785435714235063642e-03
4.167582681475323625e-03
4.255229996488196775e-03
4.353248479674221016e-03
4.303325609726016410e-03
3.826244636002229527e-03
3.723298690601950511e-03
3.641633638835628517e-03
3.381700500540318899e-03
3.438884516071993858e-03
3.336707659400417469e-03
3.421639283260446973e-03
3.294268548415857367e-03
3.442115290454239585e-03
3.432527952099917457e-03
2.946077254819101654e-03
2.587233908343478106e-03
2.466792353516211733e-03
2.106179375914507546e-03
2.176305726607097313e-03
2.340389346500160173e-03
2.562079358540358953e-03
3.053173952139331959e-03
3.410415763937635347e-03
3.349911037730635144e-03
3.417280875510186888e-03
3.409422777622239664e-03
3.590142549001029693e-03
3.408902350201969966e-03
3.166456950566498563e-03
3.802826506216661073e-03
3.685561086967936717e-03
3.447422785029630177e-03
3.076339407925843261e-03
2.933166681032162160e-03
2.431575810987851582e-03
3.249718758524977602e-03
3.101171980233630165e-03
3.395312251086579636e-03
2.676265192349092104e-03
1.944482650287682191e-03
2.798875066218897700e-03
2.962786305943154730e-03
3.187068356055533513e-03
3.686109426780603826e-03
3.986377911132876761e-03
3.125991514025372453e-03
3.815498597759869881e-03
3.710046650667209178e-03
3.844259668767335825e-03
4.299768872442655265e-03
4.802964127520681359e-03
4.518082108916132711e-03
4.224179514494608156e-03
4.652393366995966062e-03
5.211116367718204856e-03
6.206807269336422905e-03
5.970277165033621714e-03
5.615580890662386082e-03
6.142743486634572037e-03
5.742702407587785274e-03
6.133773977126111276e-03
6.200576743140118197e-03
6.287336776949814521e-03
6.482673656137194484e-03
6.766252919987891801e-03
6.185137192005640827e-03
6.240578401047969237e-03
7.649985594980535097e-03
7.071680520311929286e-03
7.305287341296207160e-03
7.523072412368492223e-03
7.870872954299557023e-03
7.173448319008457474e-03
6.910254987815278582e-03
7.466974864655639976e-03
8.349927764356834814e-03
8.099093267446733080e-03
7.268370931342360564e-03
8.468128413369413465e-03
1.086513533118704800e-02
1.152046914103266317e-02
1.128294000045571011e-02
1.141090879536932334e-02
1.092793090538179968e-02
1.201867740201123524e-02
1.279608642653329298e-02
1.283236475319426972e-02
1.420901179699285422e-02
1.409375036200799514e-02
1.337089098888100125e-02
1.402026074902096298e-02
1.497213103175454307e-02
1.581648317733197473e-02
1.490709910103760194e-02
1.487686903601570521e-02
1.442533457884564996e-02
1.664756262107403018e-02
1.745127398135082331e-02
1.725206419359892607e-02
1.641585919969656970e-02
1.591393029775645118e-02
1.588274297137104440e-02
1.673349101656640414e-02
1.713002281394437887e-02
1.673154141826671548e-02
1.547711313833133318e-02
1.550465103173337411e-02
1.521134384529432282e-02
1.500914115786144976e-02
1.567100384818331804e-02
1.679359142144676298e-02
1.670886268948379438e-02
1.554290175772621296e-02
1.575253507508023176e-02
1.645421269313374069e-02
1.598752659265301190e-02
1.905073958732828032e-02
1.947796074819052592e-02
2.085110243569943123e-02
2.034443034426658414e-02
2.031406030982907396e-02
2.120065747112676036e-02
2.062221628330007661e-02
1.971467511611990631e-02
1.947556075901957229e-02
2.029057587787974626e-02
2.080183887483144645e-02
2.018131689146684948e-02
1.852120440889848396e-02
1.741573243089078460e-02
1.777302738992148079e-02
1.766634582054393832e-02
1.896952600873191841e-02
1.877072497336484957e-02
1.738252944960549939e-02
1.881916823549545370e-02
1.905489677483274136e-02
1.794878703731228597e-02
1.826532839004357811e-02
1.736695112049346790e-02
1.685676436318317428e-02
1.664518227516964544e-02
1.557724236590729561e-02
1.581553071991947945e-02
1.531754017196362838e-02
1.587691700115101412e-02
1.487670058122603223e-02
1.628623131364292931e-02
1.513446540593577083e-02
1.469027735220151953e-02
1.321995141734078061e-02
1.145525321408058517e-02
1.288442017539637163e-02
1.156067036026797723e-02
1.295756254694424570e-02
1.019028688824619167e-02
9.392098108946811408e-03
9.572057993864291348e-03
1.012046508003550116e-02
1.071715941725415178e-02
1.434986268395732623e-02
1.569721229134302121e-02
1.578447264546412043e-02
1.396732235662057064e-02
1.396947585817542858e-02
1.204618754672992509e-02
1.149172367695427965e-02
1.079106269025942311e-02
1.227693209511926398e-02
1.036013181328598876e-02
1.174997186535620131e-02
1.017835126003774349e-02
9.752046524226898327e-03
1.048724666361522395e-02
9.406309029145631939e-03
8.369192113605095074e-03
7.754017697152448818e-03
1.374001279509684537e-02
1.627050888600933831e-02
1.963898540998343378e-02
2.161947952117770910e-02
2.508352853328688070e-02
2.498854501027381048e-02
2.213472181756515056e-02
1.980344664661970455e-02
1.717720827218727209e-02
1.618276885164959822e-02
1.294910290926054586e-02
1.173968131843139417e-02
1.059153639471333008e-02
1.192966481721668970e-02
1.633955014585808385e-02
1.906796279763511848e-02
1.951820509566459805e-02
2.402663308203045744e-02
2.349646829861740116e-02
2.172408571277628653e-02
1.749866086538531817e-02
1.702125587689806707e-02
1.483680999081116170e-02
1.409967111794685479e-02
1.444466073735384271e-02
1.018194853531895205e-02
1.020046153644216247e-02
8.302241649289499037e-03
5.010958066122839227e-03
2.766333776889950968e-03
1.216320308230933733e-03
1.135780730692204088e-04
2.207819408795330673e-03
1.092564569262322038e-03
1.581659324074280448e-03
7.785663601680425927e-04
3.693507158459397033e-03
5.319082029018318281e-03
9.057498189577017911e-03
6.954768035939196125e-03
6.204219145729439333e-03
1.554006967126042582e-02
1.344928430626168847e-02
1.809075981873320416e-02
2.018955526000354439e-02
2.491913453013694379e-02
2.346825043423450552e-02
2.251146252456237562e-02
2.387132022158766631e-02
2.035952624646597542e-02
2.657956919574644417e-02
2.872537611256120726e-02
3.404847415549738798e-02
3.240353583350952249e-02
3.511872926355863456e-02
3.419212896915269084e-02
3.302126833295915276e-02
3.162796689321112353e-02
3.203356656740652397e-02
3.268569811007182579e-02
2.989819875983812381e-02
2.735044156906951685e-02
2.587548243536730297e-02
2.315867931793036405e-02
1.767013520839100238e-02
2.130049834158853628e-02
1.755891572065593209e-02
1.768583167722681537e-02
1.990631806438614149e-02
2.114099532991531305e-02
2.180923509695276152e-02
2.651186019102169666e-02
3.015978798612195533e-02
2.481067569351580460e-02
2.888427670404780656e-02
2.878471286931016948e-02
3.169121130304120015e-02
3.272248165740165859e-02
2.704888749394740444e-02
3.297131336694292258e-02
2.891750465278164484e-02
2.796513592511473689e-02
3.535017576723475941e-02
2.804968483724223915e-02
3.339251480065286160e-02
3.378187444650393445e-02
3.852162876501097344e-02
3.815705211854947265e-02
3.993814325986022595e-02
4.108486350742168725e-02
4.058265852108888794e-02
5.650879064887703862e-02
5.609448925861215685e-02
6.404390764146228321e-02
5.862597826126147993e-02
5.881838103050540667e-02
5.473414068728743587e-02
5.846738048603583593e-02
5.862622570384701248e-02
5.354689582782157231e-02
4.348261421728238929e-02
4.208500159074901603e-02
3.847199389929301105e-02
3.196335034408548381e-02
3.307063344982452691e-02
3.229429098610125948e-02
2.531622819697076920e-02
3.243572146857331973e-02
3.088002105323539581e-02
3.588563021912705153e-02
3.432589800286223181e-02
4.147657376961433329e-02
3.620022575159964617e-02
3.330927830575092230e-02
3.185097326240793336e-02
4.028229576761077624e-02
3.870994702629104722e-02
4.038919565573451109e-02
3.733889296745473985e-02
3.705703244668256957e-02
4.378248344073654152e-02
5.472751008892373648e-02
6.084847698548401240e-02
6.015752023631648626e-02
6.641866685640707146e-02
7.754647181900509167e-02
8.151775175610964652e-02
9.086102716719324235e-02
9.605275388821610250e-02
9.876030451050610282e-02
8.650657412181317341e-02
9.034254660764418077e-02
8.670813041135261301e-02
8.925022749099298380e-02
9.107945589857990853e-02
8.849630655822693370e-02
9.163578657717152964e-02
9.772546384738234337e-02
1.018312957094167359e-01
1.061733420337986900e-01
1.102415028562973021e-01
1.138142713225533953e-01
1.184435592040244956e-01
1.324809904308494879e-01
1.344702231981500518e-01
1.200940820090181660e-01
1.191406231791916071e-01
1.101827179900283227e-01
1.057823414648737526e-01
1.328758852523606038e-01
1.299060363107855665e-01
1.266895218923309585e-01
1.311115708522265777e-01
1.339747850779531291e-01
1.347445134069857886e-01
1.236392244591115741e-01
1.211820278840605170e-01
1.249439583680214128e-01
1.308667157172749285e-01
1.374154394561628578e-01
1.431145409042073879e-01
1.410548766980355140e-01
1.505966465647361474e-01
1.539005166869173991e-01
1.520854938280535862e-01
1.445312578744051280e-01
1.518290945623448351e-01
1.506475166133895982e-01
1.452565355702972738e-01
1.439416074135806412e-01
1.441515901206003036e-01
1.385573178158665542e-01
1.406522135221166536e-01
1.470939885239204159e-01
1.564350827029556967e-01
1.559094053736771457e-01
1.636246027846937068e-01
1.556355916982283816e-01
1.713279512860026443e-01
1.793756631886935793e-01
1.756865893821668578e-01
1.821583336768526351e-01
1.924776244813983794e-01
1.929082878796180012e-01
1.985457195569324540e-01
1.931403782946290448e-01
1.874012398911872879e-01
1.769474059583444614e-01
1.708860063918109518e-01
1.653547560526931193e-01
1.678168314319918863e-01
1.662265416325681144e-01
1.679851841363415588e-01
1.591473244388907915e-01
1.582335352795780636e-01
1.596727604664920364e-01
1.501217695658851881e-01
1.558761424967087805e-01
1.508443692691798788e-01
1.509055908827576786e-01
1.693006383793544956e-01
1.645886701026029186e-01
1.601136657791357720e-01
1.562213335473643383e-01
1.609745992809621384e-01
1.538524991883605253e-01
1.401087111516972072e-01
1.337249888983933488e-01
1.407407802562374854e-01
1.598011174373823451e-01
1.674650139993900666e-01
1.562931318876508158e-01
1.722943712884443812e-01
1.765680110547691584e-01
1.771499395708815427e-01
1.919134078889328521e-01
1.977544798446615459e-01
2.159982512366696028e-01
2.134752794099767925e-01
2.329846088196063647e-01
2.390941355024551740e-01
2.569517830834229244e-01
2.560821834395028418e-01
2.619229381580225891e-01
2.796695737015397754e-01
2.975678885923116468e-01
3.067826179121766472e-01
3.297597559103451204e-01
3.307719902841199655e-01
3.132417124361381866e-01
3.024964830801764037e-01
3.053395789265778149e-01
3.026081103344040457e-01
2.899794695404125378e-01
2.844364488482824527e-01
3.093669040808890713e-01
3.205348610808869125e-01
3.261800233540270710e-01
3.270552026169752935e-01
3.307171004580595763e-01
3.392873982629680540e-01
3.551618322017020546e-01
3.671820616527838865e-01
3.509656145906774327e-01
3.488368346552306321e-01
3.549524486788868671e-01
3.330095511410036124e-01
3.201841586978844134e-01
3.036912597835907945e-01
3.038025291807571193e-01
3.153291684920986881e-01
3.131938342048670165e-01
3.209477085983962752e-01
3.216169843290117569e-01
3.346470928281632951e-01
3.265914814619463868e-01
3.210648823333031032e-01
3.427609700629545841e-01
3.533412951655918732e-01
3.431194382574176416e-01
3.351437723613344133e-01
3.527115290544315940e-01
3.602413326952955686e-01
3.454562729893950745e-01
3.370547422928211745e-01
3.223876817246491555e-01
3.113794944129040232e-01
3.101385096724698087e-01
3.290913205255492358e-01
3.411810316410992527e-01
3.274623272809549235e-01
3.542610112399415812e-01
3.591074853466125205e-01
3.660111787630739855e-01
3.755137389034644002e-01
3.556407318937999662e-01
3.504323194501921535e-01
3.606250258544605458e-01
3.435471710563433589e-01
3.519911525545467157e-01
3.483680516455933684e-01
3.300916038733703317e-01
3.398522156712715514e-01
3.557184120472811628e-01
3.526477979576156940e-01
3.310836822820419911e-01
3.236532814808015246e-01
3.085905440348142292e-01
3.233743994587712223e-01
3.711221255161945010e-01
3.633362838063476374e-01
3.674518510797497584e-01
3.768856632650567917e-01
3.863560073896223912e-01
4.358370497866417281e-01
4.420479984219127800e-01
4.327317480456258636e-01
4.709743877992877970e-01
5.398147784326283727e-01
5.391990370571875246e-01
5.575379351867013611e-01
5.649008872060221620e-01
5.884991094990255078e-01
6.127840280114469351e-01
6.435702964263327885e-01
6.790316956612514332e-01
6.771234521129372297e-01
6.618128319241805002e-01
6.730700420721404953e-01
6.511685644618410151e-01
6.565765485629526665e-01
6.522973236569669098e-01
6.702200439412990818e-01
6.374993681401974754e-01
6.296966865047579631e-01
6.258172048019332578e-01
6.177266771355789388e-01
6.635158206481719390e-01
6.476809883297391934e-01
6.462593732376262778e-01
6.853581815266807098e-01
7.200983766724675661e-01
7.243019153920613462e-01
7.402246708061284153e-01
7.145016403683257522e-01
7.613707876025728183e-01
7.438429010744584957e-01
7.086158586807869142e-01
7.130401636386523023e-01
7.276237770565785468e-01
7.248398347528564045e-01
7.448577893246692838e-01
7.579546592769474955e-01
7.553052713519718964e-01
7.393100701629009563e-01
7.413088431258074706e-01
7.054790250494988868e-01
7.288064342355937697e-01
7.257590427980176173e-01
6.897386918044503545e-01
6.910139873180014547e-01
6.688447217093198560e-01
6.682042090596951311e-01
6.994288577807310503e-01
7.187566356697061565e-01
6.886441234601079486e-01
6.944910225338389864e-01
7.155768024895223789e-01
7.122888858002625057e-01
7.469414717334075249e-01
7.675820088597902213e-01
7.757877561807617894e-01
7.481251830686233006e-01
7.484892001066327794e-01
7.022583807256523869e-01
6.780966048745540320e-01
6.810140823563415324e-01
6.382341772168729221e-01
6.362833406847130391e-01
6.261414226728447829e-01
5.936493061526562087e-01
5.587431220601501991e-01
5.647787651532780728e-01
5.539611967060409370e-01
5.588998979119423893e-01
5.796361463599168928e-01
5.762346643132332247e-01
5.438063381316169398e-01
5.557425801125646103e-01
6.068736124116185238e-01
5.919750834236765513e-01
6.159366897809377406e-01
6.099566814928039094e-01
6.211302390720447875e-01
6.120076713759772247e-01
6.184641449663104140e-01
5.857340105731054791e-01
5.853396976899603033e-01
6.215846792047159397e-01
6.286601308056560811e-01
6.329133375011224416e-01
6.115468756452173693e-01
6.123735908413436846e-01
5.757506727431973559e-01
6.104082852207284304e-01
5.823930151473177830e-01
5.604629820973059395e-01
5.272833591061498737e-01
5.447081112943124026e-01
5.008614144526291057e-01
4.607356922651888453e-01
4.266793403321571532e-01
4.288059037817220087e-01
4.563774846119486028e-01
4.852878158635576256e-01
4.668183269022847526e-01
4.461894867308728863e-01
4.186540461705590133e-01
4.274691591481314390e-01
4.144798473726041266e-01
3.908999157165453653e-01
4.014341363908897620e-01
3.950587048448142014e-01
4.037057900359286577e-01
4.320411766057077330e-01
3.937661447589562158e-01
4.445470544524141587e-01
4.030520173273544060e-01
4.045391552872388274e-01
4.388187025442675804e-01
4.184298550799212535e-01
4.516961188483037404e-01
5.028056808832843672e-01
5.153711973889585352e-01
4.774610990780274733e-01
4.853685124962794362e-01
4.786460485620409600e-01
4.945262742830891511e-01
4.589488788096787175e-01
4.036904857093759347e-01
4.187861953132596682e-01
4.082855440683488268e-01
3.769849104382956284e-01
4.153064862921382883e-01
4.175547969434774132e-01
4.254368468082248000e-01
4.657764469238827587e-01
4.792078395075805020e-01
4.537530707957557752e-01
4.110868396755904541e-01
3.913592339777096640e-01
4.387601115049619693e-01
4.570146333744560252e-01
4.920102365758793894e-01
5.198497571345797041e-01
5.278513076436865958e-01
4.660597381962361396e-01
4.311787085889591253e-01
4.666087030491326004e-01
4.935180019510880811e-01
5.064935944856188144e-01
5.368965526540705469e-01
5.535988480069136131e-01
5.853949520105743431e-01
6.106646001608169172e-01
5.944543670739221852e-01
6.038511224905960262e-01
6.130536849004784017e-01
6.268458835174897104e-01
6.454632037684859824e-01
6.394014982488442911e-01
6.320260101365420269e-01
6.705638886896849726e-01
6.635497122324522934e-01
6.335951694554751157e-01
6.173049774397441070e-01
6.330434039118699729e-01
6.086306385313946521e-01
6.389541373600877705e-01
6.167472482902667252e-01
6.136806226531916764e-01
6.139606877186452039e-01
5.842311495507601649e-01
5.977404342502268264e-01
6.015464120200704201e-01
6.068661159961266094e-01
5.723047562651117914e-01
5.612523967538436409e-01
5.472893313399254112e-01
5.729831075514084660e-01
5.632232958414533641e-01
5.965711258177179843e-01
5.702393948304234073e-01
5.913690590259648161e-01
6.061253152884091833e-01
5.553945168558129808e-01
5.861263505557872122e-01
5.880856952380781877e-01
5.529443937284668209e-01
5.451906697817321401e-01
5.214144483061318169e-01
6.680361335074849194e-01
7.735681752174059511e-01
8.268582378941573552e-01
7.871301715413210331e-01
7.726428171245061094e-01
7.927515282099193428e-01
7.853529995363714988e-01
7.430460569812566973e-01
8.113930897025056765e-01
8.663396936972276308e-01
8.281249421143002110e-01
8.381243589774385327e-01
8.071525258355904953e-01
7.590164340936098597e-01
7.509479785949224606e-01
7.925449889908122714e-01
8.206872256114365882e-01
7.834341757761649205e-01
8.118427402214365429e-01
8.408010035236657131e-01
8.701343017937688273e-01
8.886596584288781742e-01
9.771927866222540615e-01
9.876733729297484388e-01
9.632316715978959110e-01
1.026070920995152846e+00
9.851944409183488460e-01
9.293614399366560974e-01
9.488841669426619774e-01
9.693072972640948137e-01
1.010791663661620987e+00
1.012121927992666315e+00
1.106521191220053879e+00
1.213356804034447123e+00
1.277125473943669931e+00
1.303738773262921313e+00
1.255030971992709965e+00
1.272330200998112559e+00
1.243451031848962884e+00
1.238676143480006431e+00
1.235857922341892845e+00
1.324551159912516596e+00
1.390792526870427537e+00
1.321484375808722689e+00
1.406491012534388574e+00
1.362318810871329333e+00
1.432196579451556318e+00
1.426898535890359199e+00
1.480970761470416619e+00
1.462614197469520150e+00
1.465455594310697052e+00
1.579662084692245116e+00
1.585659378821219434e+00
1.607317561738454970e+00
1.536790923325497715e+00
1.526204429704193899e+00
1.515575686515148846e+00
1.435457473835413111e+00
1.365241079121915391e+00
1.336528876136071631e+00
1.299570582274100161e+00
1.284852550988944131e+00
1.226138068712316453e+00
1.264979021087128785e+00
1.223151669394610508e+00
1.177390826912414923e+00
1.235419514022396470e+00
1.218391174366843188e+00
1.214567767339758575e+00
1.274169771658307582e+00
1.246110908421542263e+00
1.200549948439402215e+00
1.269938527188969601e+00
1.250628097423941654e+00
1.289276780678846990e+00
1.285173028324607003e+00
1.358484714937731042e+00
1.417765079224409419e+00
1.426686125587366405e+00
1.427126170445262687e+00
1.425619710251339711e+00
1.410823025835270528e+00
1.391343882549335831e+00
1.387481848888455715e+00
1.406980054153791571e+00
1.419664935905530001e+00
1.396073817905744363e+00
1.348482923149276758e+00
1.352878471985604847e+00
1.298624875748828345e+00
1.191753848041116726e+00
1.213532137230686203e+00
1.170751508675493824e+00
1.108843538590008393e+00
1.169974600909881701e+00
1.137834334991566720e+00
1.102146691625421226e+00
1.098544475796188635e+00
1.051370535266869410e+00
1.032109509227666422e+00
1.040350532544835005e+00
1.012342687388809281e+00
9.277665335675919778e-01
9.368110306158996536e-01
8.827457817260437878e-01
8.231099288714176510e-01
9.144291137599793728e-01
8.533211341709829867e-01
8.403375240632158238e-01
8.610626569925443619e-01
8.526839118867428624e-01
9.461160612390813185e-01
9.081259379127004649e-01
9.696485146232589614e-01
1.022722727931068221e+00
1.090216042418433062e+00
1.175491011284975684e+00
1.218349880042296718e+00
1.265189871619440964e+00
1.229021973107592203e+00
1.268826070764589531e+00
1.258826002620480722e+00
1.310063536891902913e+00
1.311886365286227374e+00
1.304493863923198660e+00
1.305499415242593386e+00
1.334380623379729514e+00
1.354623398884541530e+00
1.353607382370682899e+00
1.419847169595414016e+00
1.581564350219196058e+00
1.631569666677933128e+00
1.579231512169826601e+00
1.690941269220274989e+00
1.648875843298810651e+00
1.532891051517253800e+00
1.457287405703027616e+00
1.577882094593405782e+00
1.592782335291303752e+00
1.585473263025050983e+00
1.759951586002898694e+00
1.753564929374078929e+00
1.775283533384936163e+00
1.799241651769989403e+00
1.791011463908944279e+00
1.863691489995289885e+00
1.855374399163338239e+00
1.780217171751246497e+00
1.840301976708360598e+00
1.848551382668119913e+00
1.804688618967702496e+00
1.687476667773808003e+00
1.710062091810868878e+00
1.844471307282219641e+00
1.791678600638988428e+00
1.713584186575644708e+00
1.732451928121918172e+00
1.827030474528328341e+00
1.935136119528579002e+00
2.056116181905963458e+00
2.161671741430836846e+00
2.100867941615433665e+00
2.034962773328516050e+00
2.088566721430652251e+00
2.051242752722828300e+00
2.176848925219019293e+00
2.192249130316668015e+00
2.127712231538680498e+00
2.050273075927179889e+00
1.991861156904633390e+00
1.991711262652643200e+00
1.915445014143188018e+00
1.869884192826248182e+00
1.751551472122628184e+00
1.766932339543927810e+00
1.737765820435015485e+00
1.723674730994389392e+00
1.699103800541706732e+00
1.854604000550352794e+00
1.862320568011455180e+00
1.841069214238814311e+00
1.828020247414315236e+00
1.817651310283508792e+00
1.830190137070530909e+00
1.894840376996398845e+00
1.944977544279026915e+00
1.917031074634905963e+00
1.781404448809553287e+00
1.752658167054505611e+00
1.805104503480833955e+00
1.768872954682592535e+00
1.677359382299073332e+00
1.735021205195153016e+00
1.755301214866449300e+00
1.832739699646481313e+00
1.934551015679971897e+00
2.015647542185433849e+00
2.102661661289857875e+00
2.287436292428537854e+00
2.272340922672810848e+00
2.453445939190714853e+00
2.365762795838236343e+00
2.357953901569999289e+00
2.312683621297765058e+00
2.255336102155524713e+00
2.425862807762314333e+00
2.383416032055720279e+00
2.418082776444862247e+00
2.312644375511808903e+00
2.345054587720369454e+00
2.318560128413082566e+00
2.271311316102583078e+00
2.196592762530599430e+00
2.150252025327972660e+00
2.139548469332112290e+00
2.112229502842637885e+00
2.105807565141731175e+00
2.021711086704272020e+00
2.103026126919758099e+00
2.058166016438917723e+00
2.086450226162014587e+00
2.010835790261808143e+00
2.119932732366578421e+00
2.027219737795348919e+00
1.902605330474216316e+00
1.870779421563383949e+00
1.734302363163806149e+00
1.737756036187420250e+00
1.655306199023470981e+00
1.708075092582475918e+00
1.812578038458923402e+00
1.809982429033880180e+00
1.818292463675788895e+00
1.829854107144456066e+00
1.733173403898945253e+00
1.677722290490237356e+00
1.626142074448580388e+00
1.606583342248995905e+00
1.632317261038224387e+00
1.574852391252534289e+00
1.594484626145458606e+00
1.523927645940602815e+00
1.532094239875732455e+00
1.555603812142180686e+00
1.504558802202154766e+00
1.447418896142153244e+00
1.461487929619579518e+00
1.717328705173713388e+00
1.615796634925573017e+00
1.655821936442407605e+00
1.750098850330687128e+00
1.870097977937803080e+00
1.866941399789538991e+00
1.914299035020121664e+00
1.823522892367691384e+00
1.793386512908000441e+00
1.671024878082789655e+00
1.663482411541735928e+00
1.602927176619232341e+00
1.590619370210333727e+00
1.486932587333285483e+00
1.516320554329467996e+00
1.566604122805074439e+00
1.492781834082961723e+00
1.504176512123194698e+00
1.568491001137772400e+00
1.537814971981788403e+00
1.615622750853617617e+00
1.710805108004024078e+00
1.684531541383876174e+00
1.740550130617521063e+00
1.842532877511985134e+00
1.869297995195665862e+00
1.707000390028042602e+00
1.565425763546045346e+00
1.650455229560066073e+00
1.708417549666592095e+00
1.750105745134533208e+00
1.645638260433770483e+00
1.508092279877928377e+00
1.583744541218038648e+00
1.524967561826997553e+00
1.465999346759417676e+00
1.607815558736547246e+00
1.536140282531050616e+00
1.542277700041267963e+00
1.418017061652790289e+00
1.300291068566366448e+00
1.219410933524159191e+00
1.264430427048864658e+00
1.302836361780464358e+00
1.407488645139892469e+00
1.453924006742454367e+00
1.523081424936208350e+00
1.567842903398741328e+00
1.601531486854582909e+00
1.541289146623057604e+00
1.699808302092606027e+00
1.658354733212945575e+00
1.571962675117902108e+00
1.543734949016652536e+00
1.561065155429787410e+00
1.555558065188961336e+00
1.547714144242490875e+00
1.603606595795099565e+00
1.663993345908238553e+00
1.579544005471689161e+00
1.527612912799668266e+00
1.566970290981771541e+00
1.517606145403078699e+00
1.377845867064934282e+00
1.515450592047272949e+00
1.594241094252538460e+00
1.752430670215289865e+00
1.550836262686061673e+00
1.498268693497266213e+00
1.439785675269376952e+00
1.478467977081891149e+00
1.432947315693127166e+00
1.385256438389660616e+00
1.291503475311401417e+00
1.240819484921303228e+00
1.092090912990897777e+00
9.920044461305224104e-01
1.065336004526216129e+00
9.576454628240753664e-01
8.019623012023657793e-01
1.002997676086124557e+00
9.184280528997987858e-01
9.950290543210940086e-01
1.026510206741477305e+00
9.111749871772190090e-01
9.915227243063782225e-01
1.034086923936229141e+00
1.076071318384492770e+00
9.679062707418779610e-01
1.016066441251496144e+00
9.703438587202981580e-01
1.141335799930857320e+00
1.013774742017631070e+00
9.084422755177001818e-01
9.128359781898325309e-01
8.670811540732756839e-01
7.358974831258819904e-01
7.092949711777691846e-01
6.940056782086685416e-01
6.686714692641544389e-01
5.497224430546339136e-01
5.044303963268248481e-01
6.464251421075459803e-01
7.373596886782252113e-01
7.352668734374674386e-01
7.985900892645076965e-01
9.259062857245226041e-01
8.874206158589004190e-01
7.609713290585204959e-01
6.870149945516459411e-01
6.030795454526014510e-01
6.235962792870850535e-01
6.689678129205276491e-01
7.227493309910641983e-01
6.742092648037214531e-01
6.708247768137880485e-01
7.305671018693828955e-01
7.418975178479740862e-01
9.936247582108990173e-01
9.068571506541047711e-01
8.600459032968501560e-01
6.967694232416761224e-01
6.612025835520398687e-01
6.900275249408878153e-01
6.840556573306457722e-01
7.188881451465931605e-01
7.302123695335467346e-01
7.030027996106582577e-01
5.957001254582792171e-01
6.349311490694162785e-01
8.667101403843844309e-01
9.601938448804503423e-01
1.035323559581229347e+00
1.099877780485257972e+00
1.139776427041397255e+00
1.141588858597970102e+00
1.147856555030557502e+00
1.182663478758513520e+00
1.162545718522778770e+00
1.227079818861966487e+00
1.126267905961867655e+00
1.091132532414121670e+00
1.078128113171260338e+00
9.658194815710885450e-01
9.338305421251789085e-01
1.118942186390995630e+00
1.119450330244035285e+00
1.110003665648036986e+00
1.032900619858082791e+00
9.417656902296585031e-01
1.034806526491593104e+00
1.002310940394636418e+00
1.059574450394393352e+00
1.034039498275888036e+00
1.238717077770161268e+00
1.300862502875133941e+00
1.300437502627573849e+00
1.307084905660303775e+00
1.230562149649813364e+00
1.532040550610872742e+00
1.356798325368799851e+00
1.342011435490348958e+00
1.284564927615065244e+00
1.188042184259757050e+00
1.164383598651511420e+00
1.238321082611037127e+00
1.158285056395470747e+00
1.174402770393498940e+00
1.207799805550166639e+00
1.393579417390355957e+00
1.348756541273360199e+00
1.305648368746915367e+00
1.129625833783393318e+00
1.144269750704552280e+00
1.196860481009935029e+00
1.202721715237203171e+00
1.215144035175399040e+00
1.129553779941488756e+00
9.849461660523957107e-01
9.252687005237021367e-01
8.941270041550524184e-01
9.840967195204939344e-01
9.372923487308071344e-01
7.479627945131142042e-01
6.458147588673455175e-01
6.672622313553802087e-01
7.452592142217326909e-01
6.030807767592705204e-01
6.642196721722939401e-01
7.247114707124637789e-01
8.911465248111198889e-01
7.843305197402514750e-01
6.665478297782101436e-01
5.783925610594451427e-01
7.227065847282574396e-01
7.612212735393768526e-01
8.245474252307758434e-01
8.966413044026921852e-01
1.192821012405147485e+00
1.309521672758819477e+00
1.329632863302322221e+00
1.083922363896817842e+00
1.561366322291178221e+00
1.594670717819099082e+00
1.583568096351882559e+00
1.495160053388644883e+00
1.535272141853965877e+00
1.821329166745272232e+00
1.732731487870296405e+00
1.765747627110613394e+00
1.800545594658615300e+00
1.619105589934406453e+00
1.409804679075932654e+00
1.559146274191334669e+00
1.492250090925153927e+00
1.542565733473566070e+00
1.437693877094716299e+00
1.352865611483139219e+00
1.387065757809068600e+00
1.418663528947945451e+00
1.350298839081915503e+00
1.414618236929527484e+00
1.420466298822248064e+00
1.551102055110277433e+00
1.624064269411064743e+00
1.579864778549563198e+00
1.526833211647499411e+00
1.379407853948578122e+00
1.265835984942896175e+00
1.168585953474575945e+00
1.110660855249989254e+00
1.244013698535127332e+00
1.550709682160231750e+00
1.771600389883133175e+00
1.700343147231251351e+00
1.751025353350087244e+00
1.654858681109544705e+00
1.435215387660718989e+00
1.590913777728928835e+00
1.629967005660546420e+00
1.456468209789818502e+00
1.451437533762145904e+00
1.523329752696554351e+00
1.506918021943420172e+00
1.768397409407043597e+00
1.646311307800715440e+00
1.761971917484515870e+00
1.861521039923900389e+00
1.898365587123407749e+00
1.762704021132776688e+00
1.863919870108475152e+00
1.907275397232297109e+00
1.805763268948794575e+00
2.015214331850074814e+00
1.989458026390821033e+00
2.248473424077928939e+00
2.129713885231467430e+00
2.064874746683926787e+00
1.880478537520502869e+00
1.882877453141190927e+00
1.999608656013151631e+00
1.931517852120123280e+00
1.787134421500013559e+00
1.777787149867435801e+00
1.899378901053751179e+00
1.708507490749980207e+00
1.592062428071585600e+00
1.764817004780525167e+00
1.714439598575154378e+00
1.655013621410034830e+00
1.518997398165083723e+00
1.314507720148867520e+00
1.293376951114623807e+00
1.070321681720088236e+00
1.191194522740261164e+00
1.201120268156955717e+00
1.198768899826973211e+00
1.145718432583635149e+00
1.188317651760371518e+00
1.175480303501899471e+00
1.153917476870446990e+00
9.000275678481557406e-01
1.090337247876050242e+00
1.068949462628552283e+00
1.107387385293804982e+00
1.091258519734765287e+00
1.085538072337840276e+00
1.026148733678382996e+00
1.177160728431772441e+00
1.097570720101430197e+00
1.072898176346825494e+00
9.845337528822710738e-01
1.182931170600568294e+00
1.208811189642801764e+00
1.156215978061482019e+00
1.320739917563514609e+00
1.249806618180627993e+00
1.232255790177077870e+00
1.312052367030446476e+00
1.487560197478160262e+00
1.559806239191857458e+00
1.588128491322095215e+00
1.437013766514610325e+00
1.413587183016716153e+00
1.259799372139241314e+00
1.220475404910757788e+00
1.087834170871246897e+00
1.191155108194834611e+00
1.133554619399546937e+00
8.907265129482766497e-01
9.111947351111666649e-01
9.135349857815526775e-01
9.875069195513788145e-01
9.321611575560382335e-01
8.923773144242659328e-01
1.358101465239997196e+00
1.373737660341248557e+00
1.291380057498827227e+00
1.135976289389873273e+00
1.089928856157712289e+00
1.058363210219795292e+00
1.197407081241181004e+00
1.543671458626704407e+00
1.539416547710970917e+00
1.099706505107860721e+00
7.785520843708582106e-01
1.086379761308307934e+00
8.072620534194356878e-01
8.230942389291158179e-01
8.057926000246879994e-01
8.081791142913061776e-01
6.554534428069018759e-01
5.564400223101984011e-01
5.676001547526539071e-01
3.450660342914488865e-01
1.403556394579936750e-01
1.863258822922944091e-01
1.505650145600156975e-01
1.752333358990654233e-01
1.327140761150076287e-01
8.603925909028475871e-02
3.693086189423411270e-01
4.864178427060323884e-01
3.991623219653774868e-01
1.763680873300472740e-01
4.214630168080475414e-01
4.861013702993659535e-01
5.396395529760411591e-01
6.725241806816484313e-01
7.188736248963323305e-01
7.241509502255212283e-01
7.617437186672759708e-01
7.157661328956237412e-01
5.947385323006528779e-01
8.366631886656250572e-01
9.489158803180544055e-01
6.987026425740623381e-01
5.402135100257510203e-01
3.585820414318732219e-01
3.335818414088862482e-01
3.902349558511559735e-01
4.393036915789707564e-01
7.068359026234247722e-01
9.049725728564226301e-01
9.669335366015729960e-01
1.073806567572319182e+00
9.742411586084926967e-01
5.737744996176843415e-01
2.982432851249541272e-01
1.204781038204600918e-01
6.175101102508051554e-02
9.506728990709234495e-02
8.186314971680985764e-02
2.547530792762700003e-01
3.188124177677309490e-01
6.086910167341557099e-01
6.209771259100307361e-01
1.087826350711111445e+00
1.176277021942951251e+00
1.299911830063138041e+00
1.239863026750754216e+00
1.056130732826204621e+00
6.865277780734686530e-01
7.783612077600992052e-01
9.787039646143966820e-01
6.534794457629686804e-01
9.802636553285992704e-01
1.210018827790008800e+00
1.129685328104642394e+00
1.353504531920407317e+00
1.259206873372022528e+00
1.015372075245977612e+00
8.421039834993280238e-01
9.547334024682641029e-01
7.949302646211435786e-01
7.931040361481791479e-01
6.676480532532877987e-01
1.107239126722561195e+00
1.160364159036362253e+00
1.549378369583791937e+00
1.180710501233079412e+00
1.068656805613500183e+00
1.012934357864651247e+00
1.218565926370501984e+00
8.918162178479178692e-01
1.227856485433221678e+00
1.325099988244801352e+00
1.189406501222038059e+00
7.220195220252207946e-01
8.111581009825385991e-01
2.376340037881163880e-01
5.175475187570555136e-02
5.444451429775654105e-02
3.379542162047073361e-01
3.444990031393899699e-01
5.910279837535199476e-01
7.620120425253844587e-01
9.648836735714212409e-01
9.804619802343950141e-01
1.218693013121082913e+00
1.419354090592605644e+00
1.627389267767284764e+00
1.791391626620679745e+00
1.662270557611918775e+00
1.703588839291114709e+00
1.809359662453971396e+00
1.667277215012290981e+00
1.549393545991733845e+00
1.500276588713859383e+00
1.928433625976140320e+00
1.882966002484863566e+00
2.031927044567964913e+00
1.630440877889668627e+00
1.819793796057638247e+00
1.624177278478782682e+00
1.618927038953188458e+00
1.434934145962870389e+00
1.304555991524466663e+00
1.033339801599140628e+00
7.252235182077129139e-01
9.211875157434405992e-01
6.651782298049511155e-01
6.327851596715845517e-01
7.763308351604791824e-01
4.407664284235579544e-01
3.614909031593924738e-01
3.853942452033152222e-01
4.729168764442874817e-01
5.198290166290462366e-01
2.439717235429270659e-01
1.469143378799344646e-01
5.190587513352511451e-01
8.444799893004528712e-01
8.457894528610268026e-01
1.174631895993115904e+00
1.111812129812278727e+00
7.328601321887617814e-01
9.072304025576158892e-01
1.175343550596153364e+00
1.431756744017548044e+00
1.667575085843054694e+00
1.694425876781679108e+00
2.099443976372640464e+00
1.877571901522969711e+00
1.893606558296596631e+00
1.893060233523101488e+00
2.148990782743567252e+00
2.208018891138635809e+00
2.404605594465465401e+00
2.549763135379180312e+00
2.650239320956643496e+00
2.412252171268846723e+00
2.535950286656770913e+00
2.268690038472414017e+00
2.499460385883139679e+00
2.354244204397218709e+00
2.077493325212344644e+00
1.775065269129299850e+00
1.872300399503728841e+00
1.739302626274366048e+00
1.948447616012344952e+00
2.198677648822012998e+00
1.987116211947977718e+00
1.969444818174451939e+00
1.879469982220143720e+00
1.915531763424951350e+00
2.104731436176734860e+00
2.029466218751622364e+00
2.091337157814450620e+00
1.988213000434370770e+00
2.422810018929340004e+00
2.517343295077807852e+00
2.475846304578226409e+00
2.528048093769029947e+00
2.881290709173299547e+00
2.996659873163480370e+00
3.022469164618087234e+00
3.241462873594173288e+00
3.270089354747142352e+00
3.353945572639531747e+00
3.093242501194254146e+00
2.885640949183652992e+00
3.180590416813174670e+00
2.910809005516057368e+00
2.870774654297747475e+00
3.066410102354893752e+00
2.660551983943150844e+00
2.691536737046590133e+00
2.707564413202817377e+00
2.649879327070266299e+00
2.691894092821712547e+00
2.519042804394302948e+00
2.877162395598134026e+00
2.909863106482589501e+00
2.779492579045836465e+00
2.895518083509159624e+00
2.556128645678654721e+00
2.493594858166034101e+00
2.850948130305368977e+00
2.809613994641949830e+00
2.660770117739957641e+00
2.524951149663138494e+00
2.833834509469852492e+00
2.652037097617721884e+00
2.799580468871681660e+00
3.046602801148765138e+00
2.789594302308614715e+00
2.828258274792460725e+00
2.798274041580043558e+00
2.770481139177718433e+00
2.469029624120594235e+00
2.712899168192961952e+00
2.629358751707513875e+00
2.963264220083146938e+00
1.950412160901578318e+00
1.820461743737723737e+00
1.779981217492604628e+00
1.911769325101886352e+00
1.934628344288285007e+00
1.922589540013177611e+00
1.616060264042971539e+00
1.390135294619540218e+00
1.020365853938528744e+00
1.282061338726634858e+00
1.362882932375214295e+00
1.613536501999078610e+00
1.885176171049351979e+00
1.841314149151912716e+00
1.442773830189253204e+00
9.074897932687235880e-01
1.085285241451856564e+00
1.018971848611727182e+00
1.009720690422909684e+00
1.047835584834501788e+00
1.242171825677360175e+00
1.063798942568610073e+00
1.308322762574789522e+00
1.118725724396426813e+00
8.097805027946378686e-01
3.293824740694617503e-01
1.185711779626217321e-01
8.242137301385810133e-02
6.664484648081270279e-02
3.469090714952471899e-02
3.046179719494830351e-01
1.029375412981607951e-01
3.203939635013739462e-01
5.018243751328554936e-02
1.173489720622455934e-02
1.275289768364018528e-02
3.165490612354915356e-02
6.772326645659632050e-03
1.761212320434424328e-02
7.828988787878188305e-03
3.992179477008903632e-01
3.797969018296498689e-01
5.697766734310789616e-01
7.725522190658011823e-01
5.680381226311510545e-01
3.487204189304975444e-01
4.143326260127651040e-01
8.829386227889699512e-01
5.827797003485102323e-01
5.065422761699664989e-01
6.953969863789097872e-01
1.138050085296526959e+00
1.165453092563438986e+00
8.034890147691839957e-01
6.118129359638260212e-01
7.877175507537685917e-01
1.113209339706372702e+00
1.357990237899684871e+00
1.091610866536029789e+00
1.335961613330255204e+00
1.326359106124073151e+00
9.077243510982953012e-01
8.979932811134858639e-01
1.059144599454157287e+00
9.869099354400532320e-01
1.017153183005575556e+00
1.005171710632566828e+00
1.242556107646123564e+00
1.171995761470498110e+00
7.850182194733861252e-01
9.935205342653716798e-01
8.634174519138468895e-01
4.349487511144616292e-01
7.906049762459588237e-02
2.310768538181946496e-01
2.086833962939635967e-01
3.547662364944699220e-01
7.917821063183509978e-01
1.039821779677367886e+00
6.842936857156018959e-01
1.021109232691742363e+00
1.603350639393283927e+00
2.103721434304134164e+00
2.301280232981298468e+00
2.323565122614127176e+00
2.004491852113460482e+00
2.510493169107576250e+00
2.264316079322270525e+00
2.012908269394756644e+00
2.019332374518853612e+00
2.015544116484306869e+00
1.631560776481819630e+00
1.919630313813286193e+00
1.655690793500980362e+00
1.621759330107124697e+00
1.548346891021537886e+00
2.108602426735160407e+00
2.296471796803416510e+00
2.030819113168945478e+00
2.602010060746579256e+00
2.579765733725253085e+00
2.643835589210539183e+00
2.478328816527209710e+00
2.016208042574362480e+00
1.865639077323976380e+00
1.949667318104729929e+00
2.016358705414859287e+00
2.482003555011942808e+00
2.122272184197754541e+00
2.082343724824568199e+00
2.700950936884510156e+00
2.589571554000940523e+00
3.028689374408713775e+00
2.772288688916887622e+00
3.169410162663552910e+00
3.030925052822567523e+00
3.161034326422850427e+00
2.871180823361100920e+00
2.958638681383490621e+00
3.089180989307351410e+00
2.890272900638592546e+00
2.950948716281345696e+00
2.812042004922659544e+00
3.038355139049599529e+00
3.183988705813135311e+00
3.197649523977815988e+00
3.160752474278524460e+00
3.104701456800285087e+00
3.151996657133167901e+00
2.744148662860425247e+00
2.675431322440999793e+00
2.919284153548687755e+00
2.814387685923975368e+00
3.288313529361403198e+00
3.570530658744246466e+00
3.983364952093324973e+00
4.025303388553766126e+00
3.960274581892917922e+00
3.799118585865471687e+00
3.436435047875420423e+00
3.764757407731849526e+00
4.203770152677861915e+00
3.921469461390188371e+00
3.321259197752624459e+00
2.853252545002760598e+00
3.034368681119303801e+00
2.843400796868081670e+00
2.601621939244068926e+00
2.359110424293248798e+00
3.165445842974804691e+00
3.175958538128725195e+00
3.201290027097456914e+00
3.353411911043622240e+00
3.710155304248473840e+00
3.565961276683083270e+00
3.410581363646997488e+00
3.743890406399259518e+00
3.538092764854809502e+00
3.246192520966360462e+00
3.166603062298236182e+00
3.049369746773663792e+00
2.943484392886603018e+00
3.140385828969556314e+00
2.867627669854300620e+00
2.739331021994075854e+00
2.595789494890595961e+00
2.210942775790499581e+00
2.603215787193221331e+00
3.487658546414422744e+00
3.264956350300053600e+00
3.399484411126650230e+00
4.048584323163595400e+00
5.113872225459999754e+00
5.025407391442058724e+00
5.031302303622396721e+00
4.958147335096327879e+00
4.677349976041114132e+00
5.032219838034507120e+00
5.231867244481691159e+00
5.409455293906830775e+00
5.191840614061220549e+00
4.995721219187544193e+00
5.263087292863929179e+00
5.338761981638526777e+00
5.576793472208919411e+00
5.675412310178217012e+00
5.092087518614789587e+00
4.602083589842550282e+00
4.028616967933885462e+00
4.257893690479249926e+00
4.039304581450778642e+00
4.313775481592529104e+00
4.432395715689381177e+00
4.510867784826587013e+00
4.441206146761942364e+00
4.915312920344149461e+00
4.571275754989073903e+00
4.176301369067004998e+00
4.413050612110964721e+00
4.316436746517865686e+00
4.314491419614569168e+00
4.242153427970151824e+00
4.263213319427450188e+00
4.498463322429415712e+00
4.178596614613525162e+00
4.175795214803656563e+00
4.295515386284932902e+00
4.241760844707641809e+00
4.174433500168561295e+00
4.039181838371405320e+00
4.281816614899980777e+00
4.668680677470547380e+00
5.138880275277188048e+00
5.390927887649013428e+00
5.414528435820102459e+00
5.615240709855243040e+00
5.595827504153930931e+00
5.175669442523940234e+00
4.914486850334469636e+00
5.133679108746036945e+00
5.182561045447073411e+00
4.782896164635531022e+00
4.840184075048455270e+00
4.248778270512048039e+00
4.004940491489833221e+00
3.798956636654111207e+00
5.012497958560743427e+00
4.745348661184834782e+00
4.817405784095171839e+00
4.605253887853905326e+00
4.416383576577572967e+00
3.984746390353393508e+00
3.486858085600033519e+00
3.375530193306076399e+00
3.234677977286992245e+00
3.241650721523001266e+00
2.941997726179579331e+00
2.930912534085109655e+00
3.249061446331324987e+00
3.988806313075656362e+00
3.819609047899575671e+00
3.076958964646109962e+00
2.968873767466902791e+00
3.187231226768744818e+00
2.920412860994474613e+00
2.867010760799530544e+00
2.973002322690263100e+00
3.026005822416664159e+00
3.316256242837880563e+00
3.696935977181055932e+00
3.711642816282619606e+00
3.365426205727089837e+00
3.488851981630432419e+00
3.904153734469218762e+00
3.867948986527153465e+00
3.435950142330511881e+00
4.178756947227157070e+00
4.112832626999079366e+00
4.048294352463017276e+00
3.161812133327657648e+00
3.386304689070129825e+00
3.512948104965289531e+00
2.868280790145036008e+00
2.639401109628124686e+00
3.360699538732660585e+00
3.314258676591634867e+00
2.858830261136063200e+00
2.851008226800331613e+00
2.663125799795125204e+00
2.877277323430462275e+00
3.085896105177198478e+00
2.918127695746079553e+00
2.823968997565316386e+00
2.582419511308216897e+00
2.740061182629688119e+00
2.945413294473837595e+00
3.074757351674634265e+00
3.082152707484965504e+00
3.575548562693256827e+00
2.935864325516376994e+00
2.825409906281493022e+00
3.327114944180721068e+00
3.347788151078930241e+00
3.105978103445522720e+00
3.006070270183954563e+00
2.954711406782735139e+00
3.196821266285041929e+00
3.415284084007907950e+00
2.888550921318710607e+00
2.801307310704032716e+00
2.626147685201431159e+00
2.700587176334011019e+00
2.548215588399216358e+00
1.885370616822001466e+00
2.022345334774399817e+00
1.677603363912567147e+00
2.169578218376955192e+00
1.501018897264657426e+00
1.761211267905309796e+00
1.857951253461578744e+00
1.778140645993516955e+00
1.949005476158163219e+00
2.177819168939095107e+00
2.325317974780773511e+00
2.560687605129714939e+00
2.374321511567359266e+00
2.055468311747063126e+00
1.796888804550690111e+00
2.195208869547059294e+00
1.991997465953318169e+00
1.773750481860588479e+00
1.709414727261901135e+00
1.900213693565092399e+00
1.714879780622140970e+00
1.941970071421565081e+00
2.372960558923296048e+00
2.230148695790376223e+00
1.923902696237746568e+00
1.357973456661966338e+00
5.601674811596240033e-01
3.321422539465856971e-02
4.572651809594390215e-01
7.559691330407076748e-01
1.254703288305790920e+00
4.477091483095136937e-01
7.631309733060334111e-01
9.853203329430471058e-01
1.980455857501510764e-01
1.423975192456055083e-01
1.112374222047947114e-01
1.968555282655870542e-01
5.004958242989232531e-02
8.922596137381333392e-02
4.689582188566419063e-01
3.706324993700036430e-01
4.567600914197100792e-01
8.946123912983239279e-01
8.698348055895621656e-02
2.404251714060592349e-01
4.407397617296737735e-01
3.233030561668783776e-01
4.820363324060963350e-01
6.850663743234690628e-01
5.249716986727435142e-01
1.091784865129739046e+00
1.043446074962048442e+00
1.176088626062664844e+00
1.519562609777494799e+00
6.528012157614284661e-01
3.483876555856113555e-02
6.201583877418670454e-01
3.311809239912690828e-01
2.224365374886474456e-01
3.792602629673638148e-01
2.906520691831246950e-01
2.261978729729889892e-01
2.523517480649388744e-01
4.532402423556050053e-01
6.468108737226430094e-02
1.068459495400020387e-01
1.926751097735177609e-01
2.877671652695426019e-01
3.000416831619077129e-01
4.514582204901671503e-01
5.924470134414150380e-01
5.092971882513666060e-01
1.165644471754603728e+00
8.208078889556418289e-01
1.560175354609782516e+00
2.095797016994765727e+00
2.316849526824626082e+00
2.799941794300139009e+00
2.705539529812085675e+00
2.806207699032711389e+00
2.412562692096798855e+00
2.825613367119331087e+00
2.814093639281054493e+00
2.892550659111293498e+00
2.611235082702478394e+00
2.633796936524049670e+00
3.371039231468785147e+00
3.232660545556427678e+00
3.111891716254831408e+00
2.519984431965895055e+00
1.893394688939224579e+00
1.864273749247331580e+00
2.266318561381922336e+00
1.920259143958901404e+00
1.269889745561158634e+00
1.450007628945968463e+00
2.044613725277486083e+00
2.557087674218564644e+00
2.673441821134474594e+00
2.604168969414786261e+00
3.027382429266253894e+00
3.257444765896252648e+00
3.581235115610070352e+00
4.050926781505950203e+00
4.025912176552083110e+00
4.161331734598206822e+00
4.375876884368153696e+00
4.318369862343388377e+00
4.393271649011694535e+00
4.149040033426899754e+00
3.759245592335901165e+00
3.736385498260460736e+00
3.886516076739098935e+00
3.869568755198088184e+00
3.063569888338861347e+00
3.227929011199194065e+00
2.772603864922530192e+00
2.384280146000492095e+00
3.479652856906795932e+00
4.153205480336509936e+00
3.756591281175133190e+00
3.145439123899450351e+00
3.697381826614218880e+00
3.542065166522661457e+00
3.042529911389465269e+00
2.345915582383895526e+00
1.992932511504477588e+00
2.032545642050536117e+00
1.548126962777132576e+00
1.372423183253886236e+00
1.623823201976847486e+00
1.593860080811282387e+00
1.306171910035118344e+00
9.122297542426167638e-01
6.729974339759792201e-01
1.058499445003690198e+00
1.301361430259930785e-01
3.795395330507744802e-02
1.061505356747147744e-01
1.905337626485561486e-01
2.195420737125459709e-01
6.370918557513505220e-02
5.788585498739848845e-01
3.668540141397897969e-01
1.522829141695183353e-01
2.466141846616665134e-02
5.087056168758863350e-01
1.545880559751822148e-02
3.247228957043262199e-01
7.631464315718403668e-01
4.795398909718642244e-01
8.228243437606579391e-01
8.931590826350657153e-01
1.316696605672404985e+00
1.325710166627686704e+00
1.122962449635451776e+00
1.606660274106616271e+00
2.301395785747445188e+00
2.444251589657142176e+00
2.647361962800459878e+00
2.092679475861586980e+00
1.349175238564384927e+00
4.643876911850384204e-01
6.813155322597594932e-01
6.876162084281531861e-01
1.701478364257127396e-01
1.458906017714980408e-01
4.514468562656475115e-01
3.720155739138135687e-01
1.728500060197802668e+00
1.487519859686472046e+00
2.037528522730099212e+00
2.396744293140727677e+00
1.743225202195390011e+00
1.523487765983190911e+00
2.292777577629749430e+00
2.461795317315591092e+00
1.754897447493931395e+00
1.984761811191674497e+00
1.372429989884949464e+00
1.855460058169228432e+00
1.996516717344093195e+00
2.271636940734424570e+00
1.915328328651412448e+00
1.825618683372340456e+00
1.269845463463752822e+00
1.242763055459363386e+00
1.263743454285759071e+00
1.416025608348718379e+00
7.571086850821302505e-01
1.070006591490709980e+00
2.979095152871195751e+00
2.371273759561518091e+00
1.839307470551830193e+00
1.353115710966449114e+00
8.253462479133304441e-01
1.251057535200743587e-01
6.621175055724961567e-01
3.865410347598299268e-01
9.967634316799376393e-01
1.025618241710617440e+00
9.978869279675564030e-01
9.400548451139911776e-01
8.177324723374113091e-01
6.685754690533940447e-02
2.929675512041285401e-02
1.951977916087344056e-01
4.669081157790060388e-01
1.242590476316763670e+00
7.025520374345433083e-01
8.191302952245678171e-01
1.452213555304297188e+00
1.204604637725424254e+00
1.298108793167557451e+00
1.028605356657863013e+00
1.017975095062865876e+00
1.276299934363123612e+00
1.518155235386984714e+00
1.826489236113047809e+00
1.715684525667711569e+00
2.473770717440856970e+00
2.785695565450623690e+00
3.029710057640841114e+00
3.353913699781514879e+00
2.511593130639994342e+00
2.820605711280222749e+00
2.881860245244752150e+00
2.409450312593435228e+00
2.889956765759961854e+00
2.921715539090655511e+00
3.796612729778644280e+00
3.537091863714522333e+00
3.608865971711566090e+00
3.684032301574916346e+00
3.658506320877677354e+00
4.109907229300915787e+00
4.305415762460143014e+00
3.742327047788421623e+00
4.068858593296681647e+00
4.183329434442384809e+00
4.053805138263669505e+00
3.212993801049378817e+00
3.968148005388684396e+00
4.286589604052096547e+00
2.738217801154860354e+00
3.017953968782421725e+00
3.690085886096312606e+00
2.929527238014998147e+00
3.040530278290134447e+00
1.968331776849481685e+00
1.066467105920310132e+00
4.661733413377078250e-01
3.431395538127617328e-01
6.450239785772282630e-01
1.219106781158188824e+00
1.114299408850456530e+00
9.130434784528915770e-01
7.816617468743061181e-01
1.850844103421877662e+00
1.871045700241666054e+00
2.425885296580418071e+00
2.555568295520060929e+00
3.151130409777579189e+00
2.797620377467865183e+00
3.155864881054185389e+00
3.842829908724525012e+00
3.795959057892105193e+00
4.008535472474250128e+00
5.079781578507208906e+00
5.299927579711038561e+00
5.662108356139469834e+00
5.505403401353760273e+00
5.903600541497326049e+00
5.992606250164499215e+00
5.590594233980482386e+00
5.701163760395502322e+00
5.831973952377666137e+00
4.204444583229815180e+00
3.993042537131259451e+00
3.479384061235577974e+00
3.680429183724299946e+00
3.045077579261487699e+00
2.688091478781643673e+00
2.314302464435968432e+00
2.979581418600901088e+00
2.727516166028181033e+00
2.126964501210750313e+00
1.741284787799486367e+00
1.243199272652418585e+00
1.389230289880288183e+00
1.244498161306182737e+00
1.674952456085520680e+00
1.763275430308567593e+00
8.843211112343851710e-01
1.398669231322855921e+00
2.227552275401649240e+00
2.136951253718507360e+00
1.793481886742483766e+00
2.059869718696063501e+00
2.428200546144580585e+00
3.120054309090846800e+00
3.004133246443416283e+00
4.184664103058821638e+00
4.928367753674137930e+00
4.712632181911430962e+00
5.270423349481461628e+00
4.999590238488053728e+00
5.547332747931250196e+00
5.636709114917721308e+00
6.687210722941927088e+00
6.859862673429233837e+00
7.723715436791280808e+00
7.228867944579178584e+00
7.710578479525793227e+00
7.112299758494373236e+00
7.433512439248261217e+00
7.427511986959871138e+00
8.479305966783613258e+00
9.378714901572493545e+00
9.926265785967189004e+00
1.030925786008447176e+01
9.834987240833470423e+00
8.231521949503076030e+00
7.113972766562255856e+00
7.309765056907963299e+00
7.582302064579380385e+00
7.366425171673654404e+00
7.882349438618803106e+00
7.717772703967057168e+00
7.948602606264103088e+00
8.583618853393090831e+00
8.913357914095286105e+00
8.848729351658221276e+00
8.727858254703278362e+00
1.012945004358152801e+01
9.841101210544366040e+00
1.112209069241544057e+01
1.133951101767343062e+01
1.158557221751743782e+01
1.092703391823215497e+01
1.089141692184512067e+01
1.125136921033572435e+01
1.058975237598679087e+01
1.148317897637662099e+01
1.110615041803794156e+01
9.896089645638312504e+00
9.580894164431811078e+00
1.015999620191905706e+01
1.034260075516522193e+01
7.996562451191493892e+00
8.658382730397534033e+00
9.199745299895766948e+00
9.987618828429731366e+00
9.950062746678668191e+00
9.473785398393374635e+00
9.592261426756522269e+00
9.242149469550895446e+00
8.993114195799535082e+00
9.407890700425014074e+00
9.224496736431319732e+00
7.939689786496273882e+00
8.680242254644326749e+00
8.328834215532879170e+00
6.865137160200902144e+00
6.297830782171331521e+00
6.384491893172707933e+00
6.888263268145237816e+00
7.464122645281349833e+00
7.210158436473648180e+00
7.640172506088674709e+00
7.958389898873974744e+00
8.032498088404281589e+00
7.789749579994349915e+00
7.563000005968206096e+00
7.238875278408158920e+00
7.384630955471948255e+00
8.419720157758092682e+00
8.696346025795719470e+00
9.097338604734432010e+00
9.534410200349157094e+00
9.379269089755325695e+00
8.617363255011696310e+00
7.882062254140691948e+00
8.272040122559701558e+00
8.463331716136053728e+00
8.620475277013611048e+00
8.776267722892043821e+00
9.237116207746112195e+00
1.018273239011523401e+01
1.120175600352104084e+01
1.141676345100677281e+01
1.151795628999934706e+01
1.169146358933721785e+01
1.044554467614761961e+01
1.120559468016290339e+01
1.136689162311813561e+01
1.061992644392285001e+01
1.138203493371202057e+01
1.121895403639337019e+01
1.153700534737981798e+01
1.141729545287671499e+01
1.107308664065385528e+01
1.194798332365189708e+01
1.125596672335086623e+01
1.060211488351433218e+01
9.435375893126547453e+00
9.653233382030521170e+00
1.007917790264218638e+01
1.093798043590595626e+01
1.060069913316419843e+01
1.056556693234051636e+01
1.171325395173334982e+01
1.130883018153690500e+01
1.192490503926455858e+01
1.245675711118838080e+01
1.036285301997395436e+01
1.139618209655145620e+01
1.050201956544424320e+01
1.056332127175755886e+01
1.033149284728187922e+01
1.156408447832200181e+01
1.067589089428201987e+01
9.296596830534326728e+00
1.018899467636310874e+01
1.032578471404031006e+01
9.681680354935451760e+00
9.528794012720027240e+00
9.160771090820162499e+00
8.838098325039027259e+00
9.842537720885957242e+00
6.675907344820188882e+00
6.596984177079320943e+00
6.730390144281045650e+00
7.190064916801929940e+00
6.764587941032914387e+00
8.176065840982118971e+00
9.361652794043038739e+00
8.314716539759501757e+00
8.099196619724352786e+00
8.064218945114589587e+00
8.966178733757260488e+00
9.780723232584023208e+00
9.101400863183698675e+00
8.673618645766509871e+00
9.480663433725567302e+00
9.452992794889723882e+00
1.062668601981295069e+01
1.060259934349232935e+01
1.007877157012444513e+01
1.080737524411870254e+01
1.060317762113118079e+01
1.060886434341682616e+01
1.069952160611592262e+01
1.126411218458997610e+01
9.080001374684798066e+00
9.352105716185178608e+00
9.013378421812376473e+00
8.916727198075932392e+00
8.146123019522747200e+00
8.389971029127082147e+00
8.692991551134582551e+00
1.014637625244085939e+01
9.361417381814135297e+00
9.830470910086660297e+00
1.019173618139211612e+01
1.081207760224060621e+01
1.118540667117667908e+01
1.228572328492282395e+01
1.335283645172876277e+01
1.418502133662332199e+01
1.251762287751989788e+01
1.210199297129020124e+01
1.248840233835653635e+01
1.390542536449265754e+01
1.426821516928339406e+01
1.319327288535441767e+01
1.186590190995775629e+01
1.124866841126822692e+01
1.008009727395256050e+01
8.692894589851675846e+00
7.369246421731986629e+00
7.576770747029513586e+00
5.950002949021836685e+00
6.215113226886387565e+00
7.012994363593861635e+00
7.193361574785740231e+00
7.882577598054012924e+00
8.537008388522735913e+00
9.130070908528068685e+00
9.473357077027685591e+00
1.066485173874389147e+01
1.037902614608992735e+01
1.017907891184222535e+01
9.930882181801280240e+00
9.111218524218202219e+00
9.489203879801607400e+00
9.837463324553027633e+00
9.999141150198738615e+00
9.570035545232713048e+00
1.010267747721445630e+01
1.128376801553804398e+01
1.223354906985150592e+01
1.175915930059727543e+01
1.298927606196775741e+01
1.354418599263317446e+01
1.278512760742887622e+01
1.342144964473573054e+01
1.421974612547091965e+01
1.398519219409809011e+01
1.423719969689955178e+01
1.343221222339252563e+01
1.248078049569448922e+01
1.304092110274905281e+01
1.331754600654494425e+01
1.398162874765512242e+01
1.337075007772546087e+01
1.297544950257179153e+01
1.180179343837426131e+01
1.019702577292900969e+01
8.979711095322272740e+00
9.186347540381575527e+00
8.181019857214778312e+00
9.263182928221795009e+00
9.065189322790502047e+00
9.221814494421778363e+00
9.282564099544288183e+00
9.490911314799632237e+00
9.831839320020662853e+00
1.036310837680048280e+01
1.025661098098862567e+01
9.733321148216418806e+00
9.967787192003015662e+00
1.029567890733778768e+01
1.073284891288130893e+01
8.586109091676917160e+00
8.719074804353112995e+00
8.564332829777413281e+00
7.771598035830720619e+00
6.089809643245644111e+00
6.937780237425613450e+00
5.808410281410942844e+00
6.115072928444533318e+00
6.040411374821815116e+00
6.966082629786797042e+00
6.986610730168649752e+00
6.180515486314106965e+00
7.075256210547195224e+00
6.604355689798467210e+00
5.374306763165805023e+00
7.456784556005004561e+00
6.677868799883981410e+00
7.116361325189245690e+00
7.523263111173946527e+00
8.257398222744086524e+00
8.125859430349009926e+00
7.852862228764934116e+00
6.870583366933715297e+00
7.600001328467442363e+00
6.434729359889388434e+00
4.680157727217192587e+00
3.953206082733231597e+00
4.213238527961948421e+00
4.719311560825190099e+00
3.729841292394667107e+00
3.547143316917754419e+00
3.761138607193970529e+00
4.236376169376853795e+00
4.648816264690140088e+00
4.459450471350464795e+00
4.499333182185182523e+00
4.503788001627071935e+00
5.800121143372962251e+00
6.334966182922471489e+00
6.594366870675003156e+00
6.830533680791631923e+00
7.449352705875753600e+00
7.654463660788678681e+00
9.198527969159840723e+00
9.252004703615966719e+00
7.876567785384395393e+00
7.380232988359239243e+00
8.015675088586249331e+00
7.798273496407091443e+00
7.907679424262823886e+00
8.166539262106198294e+00
8.127554334722844942e+00
7.250422305698521086e+00
7.327516662225207256e+00
8.105778519513478386e+00
8.281226415058881685e+00
9.848685169667987793e+00
1.030143190205581050e+01
1.045253440251417487e+01
1.134966859266842221e+01
1.228869482878417330e+01
1.277915541353104345e+01
1.330950242060953315e+01
1.307650572516013199e+01
1.264919486144117400e+01
1.306148530067457614e+01
1.292227517906940193e+01
1.350816334486353298e+01
1.384110523173148977e+01
1.442492382847740373e+01
1.390881754367183021e+01
1.308168064653273177e+01
1.343120466791333456e+01
1.424958942735702294e+01
1.380597344810121285e+01
1.419059374276002927e+01
1.467066482320842624e+01
1.455180626501623919e+01
1.206160588036527770e+01
1.238955225150766637e+01
1.157454913930905605e+01
1.200470243799463788e+01
1.245966227936514770e+01
1.302579649617291579e+01
1.284942348941513046e+01
1.290186109745081922e+01
1.407564886233103607e+01
1.359610688049178862e+01
1.416557917723002902e+01
1.406204332647212141e+01
1.560752666717326065e+01
1.634337564446013857e+01
1.712185663780019240e+01
1.781424107179282146e+01
1.642741403837226244e+01
1.464350905116316426e+01
1.437870395917434507e+01
1.323401301389094442e+01
1.436709688124028617e+01
1.366466671904618124e+01
1.226214789678033412e+01
1.171667728533520858e+01
1.150066684442845144e+01
1.047756907665188919e+01
9.531478080976739875e+00
1.079443168517354934e+01
1.296165541287609813e+01
1.310596301239093009e+01
1.289325594123693008e+01
1.347355669171611225e+01
1.281185618922154390e+01
1.377064371413143817e+01
1.377863810773942532e+01
1.270597455412735144e+01
1.353907894257372391e+01
1.332785799470912025e+01
1.258522822709164757e+01
1.275687178886892070e+01
1.166434962170842482e+01
1.264460035897718626e+01
1.302220344283159648e+01
1.238731121451928630e+01
1.353668050495434727e+01
1.522050206083622470e+01
1.551737548694291036e+01
1.645210737230536324e+01
1.721742033623922907e+01
1.754937813660490065e+01
1.965262166094726126e+01
2.104675764226431056e+01
2.002048575931257801e+01
2.049312546171859140e+01
1.964855404952322715e+01
1.976258670003608131e+01
2.005905136721958115e+01
1.974575321030715713e+01
2.001794482510376838e+01
1.918756941290757823e+01
1.926046972179665318e+01
1.798792415412663104e+01
1.603794003836810589e+01
1.640959310833204654e+01
1.701484201875609870e+01
1.750007245262440847e+01
1.725298895620471740e+01
1.677250419422398409e+01
1.673917934808650898e+01
1.722997545994712709e+01
1.573680343655723846e+01
1.713473612441885052e+01
1.689534466599980078e+01
1.832322638032928808e+01
1.828068577258727601e+01
1.816947047799567372e+01
1.917128345784294652e+01
1.832500581765089009e+01
1.720093548989643750e+01
1.785969627753729583e+01
1.869689469064451259e+01
1.871776224897439533e+01
1.885963447089852707e+01
1.955463038088691974e+01
1.908629463591114472e+01
1.766357553605212161e+01
1.805182312204760819e+01
1.658896692416055885e+01
1.679860091896534868e+01
1.754015778508346557e+01
1.698503880455427861e+01
1.670534311790379434e+01
1.536109528303222760e+01
1.638384136626427789e+01
1.790156805696096853e+01
1.818410188643520087e+01
1.761574933336578397e+01
1.709256890545111673e+01
1.847968756369300536e+01
1.837812100376959279e+01
1.765023297914012801e+01
1.796246387692372082e+01
1.400996898637640697e+01
1.353327685849217232e+01
1.418414385496453178e+01
1.634698323792690644e+01
1.677918004162165744e+01
1.659069206711137667e+01
1.576349810154079023e+01
1.633372118566421705e+01
1.524473657414182526e+01
1.476441274791704927e+01
1.441019560025688406e+01
1.261796140810474753e+01
1.164033408457271435e+01
1.044087605891218118e+01
1.142267469622038334e+01
1.294434068033024232e+01
1.223609411197048757e+01
1.160393184334589023e+01
1.202096889038693917e+01
1.253313726272153872e+01
1.268635179790453549e+01
1.349352958278541337e+01
1.307770813573461055e+01
1.136281413063989021e+01
1.094400778218277992e+01
1.092205522214590019e+01
1.021494950250598777e+01
9.764901831578754354e+00
8.770091814558327314e+00
8.864347068618371850e+00
1.000678543285994238e+01
9.897756060544452339e+00
9.438342829022985825e+00
8.834174739165973733e+00
9.380951204887423955e+00
1.065946731266740244e+01
1.275616393674954452e+01
1.183422316906580818e+01
1.130638235677452030e+01
1.051426444798744342e+01
9.234905987186721177e+00
9.836855554760404630e+00
7.765507797300415405e+00
8.102512899449720862e+00
9.246729453801890486e+00
9.111202283213060582e+00
1.045106448481419648e+01
9.213139334610787046e+00
9.233895554018999974e+00
9.164831111459534441e+00
8.984208855570614105e+00
1.043907919897628744e+01
1.047057143637084664e+01
8.562543415671825642e+00
9.337149352171763894e+00
1.046925890259717562e+01
9.080441332018381217e+00
8.971380919160765188e+00
8.736438644932604802e+00
8.057229444466429413e+00
7.551518867578124627e+00
5.235617268950591097e+00
4.804368474068724026e+00
5.653055949648660317e+00
6.159252422746249067e+00
7.194990853540730313e+00
7.327098594108065299e+00
7.822173039378867543e+00
7.944405776950588915e+00
8.450211076906271046e+00
9.356049349871682352e+00
8.647199811159225646e+00
9.171888537683116738e+00
9.710098742799345928e+00
1.037955321492336225e+01
1.085159935049341584e+01
1.090131932712120033e+01
9.718831653271081450e+00
9.985376517429358501e+00
9.969341214772612147e+00
8.742564562358893454e+00
9.060113466191069165e+00
9.866793166132083570e+00
9.292563877631437208e+00
1.025872285137393192e+01
7.878721025928825838e+00
7.964967529559544346e+00
9.440101989902359492e+00
9.771725437925852020e+00
1.082980195897562226e+01
1.246229636076895986e+01
1.223107233014343365e+01
1.221712970415228483e+01
1.329952551867609145e+01
1.281388889442314394e+01
1.319465804280025623e+01
1.264399507893995178e+01
1.121243588703327987e+01
1.131634658798338933e+01
1.156729200568679516e+01
1.156926403997749730e+01
9.744643038992762740e+00
9.048864935415622313e+00
9.076925722108171612e+00
9.546591391183028463e+00
9.770902591893900535e+00
9.279415871629680623e+00
8.562166370060367626e+00
1.058475499098494765e+01
1.024704254003336246e+01
1.045744347216168535e+01
1.220638282110576256e+01
1.269108667552882252e+01
1.335727767106345709e+01
1.349075921228813968e+01
1.477547862530718703e+01
1.396127570360022219e+01
1.271674738740512112e+01
1.080093762176147720e+01
1.266330639784337109e+01
1.406591853183635976e+01
1.536581257215129881e+01
1.557461629096815159e+01
1.663350897429427278e+01
1.507368030596535391e+01
1.548603460882532090e+01
1.381567095837453962e+01
1.293313346667127917e+01
1.311694501830606896e+01
1.094147242667349929e+01
1.016335852891461400e+01
1.057785779632376943e+01
9.882925820053969801e+00
8.191846378721493238e+00
6.044531543152515951e+00
5.705474882958696980e+00
6.549990303824415605e+00
7.360378542421130987e+00
5.938285366747550142e+00
3.140979827219780418e+00
2.509718341424559185e+00
1.665456496415572474e+00
1.593767891354218591e+00
1.694274606119506643e+00
1.690880928230399149e+00
1.761724679703547736e+00
2.106883588820892328e+00
3.054732406789298693e+00
2.296078353837401664e+00
1.093936845916687162e+00
2.469880063596065156e+00
2.301083238608953252e+00
1.411898859490975155e+00
1.772232594892557245e+00
8.166500850056763738e-01
1.737028814204677474e-02
7.970649102626339300e-01
2.018331888631109905e+00
9.531649596465285867e-01
7.599529920425993623e-01
7.099272660043425276e-01
1.786253382072573004e+00
3.920981982055309345e-01
3.854760677859303541e-01
7.467701472605767776e-01
3.562308132864927757e+00
3.297938265234733990e+00
4.762056819910867489e+00
6.021443127193379041e+00
5.343246682451535889e+00
3.982121461960559827e+00
3.080434113692717801e+00
2.961156686806134530e+00
2.761254670589551097e+00
5.908878171385367750e+00
9.281809838696062798e+00
7.318024365630662942e+00
6.492977120678006031e+00
4.943031098549909075e+00
7.399248249284028134e+00
8.142259825316614297e+00
7.770033214905197383e+00
7.738104078774085792e+00
8.256346170484903269e+00
8.490400152285474178e+00
7.115212481256094179e+00
8.942222830103673914e+00
8.817478157220648427e+00
9.893501133738936915e+00
1.248367655707716040e+01
1.448959627166095743e+01
1.301682301433811517e+01
1.386227667193270463e+01
1.398565544455414056e+01
1.512361948591842520e+01
1.386993604867711838e+01
1.478404280274116900e+01
1.595494064396007161e+01
1.750592353289266612e+01
2.058132537147048424e+01
2.286714673642563866e+01
2.251072351577568043e+01
2.200277789001029305e+01
2.121002225944266684e+01
2.100514028133238753e+01
2.034994547820497246e+01
2.049391630258287478e+01
1.954176034841748333e+01
1.975196842795776320e+01
1.981443626617783593e+01
1.954519221932514483e+01
2.020535576700331148e+01
1.919319116248243517e+01
1.931065501632201631e+01
1.954418077441914647e+01
1.820432736307520827e+01
1.860163917838599446e+01
1.725211462420611497e+01
1.766936486836129916e+01
1.825457010043646733e+01
1.838754877404790022e+01
1.811092382338301832e+01
1.937858204517033300e+01
1.821452029636384395e+01
1.718364113800271298e+01
1.638246018998961517e+01
1.375585378379491885e+01
1.619014934824735974e+01
1.642177618119058025e+01
1.528276242769334203e+01
1.584876931798407895e+01
1.431993433477600774e+01
1.358398093925552530e+01
1.286096418241413630e+01
1.496319755080548930e+01
1.663208770626715705e+01
1.648800469774505473e+01
2.069210496097730356e+01
2.030194852727163379e+01
1.969331398496160546e+01
1.941181135386523238e+01
1.956894987463419966e+01
2.221358317828526197e+01
2.029462331624108629e+01
1.956428930977199343e+01
1.764875450959334557e+01
1.931923764077055239e+01
1.881283292165244347e+01
1.671731170940620359e+01
1.630554833620044519e+01
1.670162105313011125e+01
1.775466136124123295e+01
1.658200220174148853e+01
1.632511454533323558e+01
1.725049041946658690e+01
1.659966069842084835e+01
1.449927718491744599e+01
1.503848406081760913e+01
1.650653289611454966e+01
1.559305400412449671e+01
1.666763123293458193e+01
1.507030165223750373e+01
1.532915546422736952e+01
1.503549761930935347e+01
1.578837451571780548e+01
1.418252235693580587e+01
1.487678580446390697e+01
1.653680447300030210e+01
1.940224313215367147e+01
2.210848407891171519e+01
2.417295900948829512e+01
2.515872889514230337e+01
2.574526778273411765e+01
2.673505158582247532e+01
2.544433961140020983e+01
2.425722425801086501e+01
2.398445723377608374e+01
2.228400748312833457e+01
2.146623517164607620e+01
2.060643387676464044e+01
2.362372014947686694e+01
2.411113796041809110e+01
2.360971425188472494e+01
2.320559887905528740e+01
2.163963667418647674e+01
1.973552766477496334e+01
2.025136605545867496e+01
1.951056754123237624e+01
1.840076965549815213e+01
1.825366372543066973e+01
1.779330427033255546e+01
1.783126527714102849e+01
1.730514612823390053e+01
1.630027535334284039e+01
1.496500308687609504e+01
1.547378778179881920e+01
1.645815560460141569e+01
1.695885810367781232e+01
1.701774468770690873e+01
1.589992260522467404e+01
1.462723966618159466e+01
1.621989286970438116e+01
1.627480259921230754e+01
1.999154021711001405e+01
1.798627600088639156e+01
1.667095312680339703e+01
1.626316645559018070e+01
1.642055336299199553e+01
1.619572052376679494e+01
1.527679205676304264e+01
1.667092442187731649e+01
1.602155130827213725e+01
1.784086878667130804e+01
1.743719104438787326e+01
2.205417220085109875e+01
2.236227891569888016e+01
2.341447048134523357e+01
2.426532447913268697e+01
2.442018406021816190e+01
2.329341531740919891e+01
2.453865080987452529e+01
2.433114628308339888e+01
2.363294437863351050e+01
2.417340633248386439e+01
2.494267717616912705e+01
2.261690683813503711e+01
2.095528168332930363e+01
2.414877341343617445e+01
2.473278256492085347e+01
2.678043219370374572e+01
2.576019833446935081e+01
2.749881314821504930e+01
2.660354633050610573e+01
2.875095625585254311e+01
2.931057095487540209e+01
3.266499962755005981e+01
3.239973513858330989e+01
3.445767175389573822e+01
3.360593774758126528e+01
3.328052450838185905e+01
3.179889017255209183e+01
3.130877530916313845e+01
2.922589889514893002e+01
2.960376835816987295e+01
2.894170334001228184e+01
3.087449391731388459e+01
2.912639108393432252e+01
2.829637815282967495e+01
2.832500788998368080e+01
2.570350094418517983e+01
2.430920285484808119e+01
2.680133209679661377e+01
2.779225348450017918e+01
2.861885647164399415e+01
2.660942011636598181e+01
2.957610703445425315e+01
2.944621985999765457e+01
3.031185386767538148e+01
2.751680068455880246e+01
2.662705144598567131e+01
2.542461415489469800e+01
2.293966691749392339e+01
2.302132878979773523e+01
2.109526445134360984e+01
1.947779911212091974e+01
2.107796080272146355e+01
2.019788419419637648e+01
2.102752233113187685e+01
2.277107025337681989e+01
2.056382197745097073e+01
1.953525006616109749e+01
2.008267123431323853e+01
1.988305156998740131e+01
1.937072720411651972e+01
1.837372681044780620e+01
1.666299961695767706e+01
1.528889722606345458e+01
1.310785950712852355e+01
1.381029695949564484e+01
1.562671755226710957e+01
1.536789421520643373e+01
1.557537937605411571e+01
1.512339851362594345e+01
1.272005587919375103e+01
1.131014770548608794e+01
1.366974505999041867e+01
1.403543816280034662e+01
1.326369659941701684e+01
1.469258820653703879e+01
1.343700455479938682e+01
1.372919451102461608e+01
1.408532499795546755e+01
1.396619467770779011e+01
1.308825335375968280e+01
1.233819155609580775e+01
1.189806285976555955e+01
1.170208131711297028e+01
1.070642917258828675e+01
1.102352867891386268e+01
1.339248552809840476e+01
1.172918607568408333e+01
1.297819613450155884e+01
1.276000778634806920e+01
1.194464310323201062e+01
1.064959006840581424e+01
1.094783112659297331e+01
1.018602169783025602e+01
1.106703893802659877e+01
9.729765837049853872e+00
9.682178029619535664e+00
9.718955644424568163e+00
1.010434615357826260e+01
9.636749844078622118e+00
7.519287829287350178e+00
6.941269277499486634e+00
4.849609370990947355e+00
6.420339870618590794e+00
5.422853272210886644e+00
3.699441832515731221e+00
1.936266176164281205e+00
5.948982061543574673e+00
1.073563506710706861e+01
9.919130027476057876e+00
8.853752333246120543e+00
8.306700236238611978e+00
7.778635201904762653e+00
9.494391127252129081e+00
1.015124550301243289e+01
7.987109512254392030e+00
6.759849763498095854e+00
7.394465905985271093e+00
7.435060553323637578e+00
7.171278698151581921e+00
6.014196323959367874e+00
5.197634801859749132e+00
2.836226497821371595e+00
2.494096120249196247e+00
8.375451211377367144e-01
2.212294436369120376e+00
1.796023895877624454e+00
2.135377183193668316e+00
3.136340796930198849e+00
4.085894190229737433e+00
3.803876604089964530e+00
3.004757379306283838e+00
4.186214820395434799e+00
5.392166597644063586e+00
4.766998320152197266e+00
4.237007298404023459e+00
4.012626626617020520e+00
3.995105876087109209e+00
2.772279333596998185e+00
3.976129023480098112e+00
5.925819258010960766e+00
6.395422850128852588e+00
8.156261344283848302e+00
1.014704822576095467e+01
1.203264295866847533e+01
1.292962421148786234e+01
1.280774187331462599e+01
1.421814539105980657e+01
1.598024088869442494e+01
1.721879098630051885e+01
1.729729725850484101e+01
1.672079501272310154e+01
1.693488499515024159e+01
1.937032058336262708e+01
1.776784485766074795e+01
1.887799775911753386e+01
2.152611938293466665e+01
2.335951651464074530e+01
2.213127051392439171e+01
2.381693628037737653e+01
2.251684967519940983e+01
2.283307973969385785e+01
2.549720073333628534e+01
2.553519823928672849e+01
2.776287154064721108e+01
2.876266769360154285e+01
3.075664569776745338e+01
3.295182894790104910e+01
3.434011531480609847e+01
3.382050204347433464e+01
3.040327621225151233e+01
3.066747871356801625e+01
2.729344659139223950e+01
2.907933835434323555e+01
2.777580996832057281e+01
2.854251888677208626e+01
2.862453059488689178e+01
2.599015137056358071e+01
2.783574422802666959e+01
2.760991615787315823e+01
2.972933496402583842e+01
3.011527623975871393e+01
2.996467100424979435e+01
3.045839241342218884e+01
3.167837580789091589e+01
3.334527531645380805e+01
3.234146342143958464e+01
2.496950376818494988e+01
2.583077680579117441e+01
2.589360750468495098e+01
2.611728808265797852e+01
2.617844276186497154e+01
2.722327996911553782e+01
2.714787050682207337e+01
2.535993798076106032e+01
2.552902187673953449e+01
2.691389756520129595e+01
2.784042564765150019e+01
2.945094282868922164e+01
3.194288681556645315e+01
3.177309264670475386e+01
3.446983515970714507e+01
3.408667083476666448e+01
3.511592040384675784e+01
3.513118809819752641e+01
3.340081483632366144e+01
3.365355711550364504e+01
3.189982422237972060e+01
3.418867940406380512e+01
3.138353538762203243e+01
3.452821899364062119e+01
3.271752682820442715e+01
3.558258736444076931e+01
3.381702710577064863e+01
3.248196694492162351e+01
3.065677644697643700e+01
2.733967383343861002e+01
2.980690230721393164e+01
2.464634103557273193e+01
2.553892201802864292e+01
2.635176052627684840e+01
2.625542886744642601e+01
2.364363094154941791e+01
2.449433109599067393e+01
2.367229753225365130e+01
2.335036595743349608e+01
2.282692774174665828e+01
2.357065648336174490e+01
2.458462116544342280e+01
2.156690937023449806e+01
2.305172014237177791e+01
2.333290875076090742e+01
2.321049648264670395e+01
2.246917824394313357e+01
2.354561837316941819e+01
2.566309587420437310e+01
2.519307866154940712e+01
2.781197010629148281e+01
2.690411957646483643e+01
2.663974103830696549e+01
2.616299975461879512e+01
2.591753531792710419e+01
2.868233466265701281e+01
2.649630188053015445e+01
2.807841545407609374e+01
2.994505806357756228e+01
3.050826745859194489e+01
3.035467134998725669e+01
3.277310300954104605e+01
3.256122336630232894e+01
3.342630651440958900e+01
3.163858298991181073e+01
2.945216599113609846e+01
2.761025395186334208e+01
2.697368318530607212e+01
2.754914982198897633e+01
2.667489573871353059e+01
2.396940943084973696e+01
2.294886152066737850e+01
2.571226585495514882e+01
2.572215368076740560e+01
2.439214440984687826e+01
2.342451547522432520e+01
2.149657565991310548e+01
2.246978432332343800e+01
2.488584080752571026e+01
2.463330747513919050e+01
2.428190705482666090e+01
2.270123023133237439e+01
2.461577557709279063e+01
2.549782821593544213e+01
2.665587140334901051e+01
2.605614404351490521e+01
2.563883366397567443e+01
2.682220113823586871e+01
2.826957990326445724e+01
2.758964740968076512e+01
2.804815174987925275e+01
2.897913941142360272e+01
2.776902423583123891e+01
2.907317291588242369e+01
2.851035581467385782e+01
2.564057037033671804e+01
2.661382849032816011e+01
2.722260663215274690e+01
2.922192487140000594e+01
2.784502041234918579e+01
2.802136072614121076e+01
2.984480548704323155e+01
2.984691824937817728e+01
3.117498279534083849e+01
3.059079802719224972e+01
2.979910473914242175e+01
2.964918951320760243e+01
2.983989645542078506e+01
2.977689327327061619e+01
2.963557373117691895e+01
3.085825011928591266e+01
3.120510856451619475e+01
2.933842735384587286e+01
2.714235449477928341e+01
2.606227291875075025e+01
2.691510673248012608e+01
2.524929842906658450e+01
2.763093595791633561e+01
2.506788968731780187e+01
2.443521639760456310e+01
2.293858320492563507e+01
2.419999754596392449e+01
2.514362163311307086e+01
2.618073739449027926e+01
2.557390043601390062e+01
2.481840841373832518e+01
2.610308602467102901e+01
2.437253943852556404e+01
2.321226429576836381e+01
2.351239238444668445e+01
2.392983687333344278e+01
2.546565246061254584e+01
2.403519157165192155e+01
2.465047919832795742e+01
2.483192533728924900e+01
2.400952242329003639e+01
2.511911446340945986e+01
2.152417723757116619e+01
2.165258443211041595e+01
2.304624533389232965e+01
2.329807599458308687e+01
2.395617140274953272e+01
2.619889530851469317e+01
2.436198912887721235e+01
2.680078522403255192e+01
2.799742364981739229e+01
2.788523773579345288e+01
2.781364815531014756e+01
2.604493540555995423e+01
2.635151735704948806e+01
2.685427628909292253e+01
2.523280286877616163e+01
2.284388629378554469e+01
2.532186521769654064e+01
2.280290179406529205e+01
2.525831211592958425e+01
2.629391607851448498e+01
2.588516743479704019e+01
2.359477778411292093e+01
2.452555878768907860e+01
2.440912556680177659e+01
2.411091235975072777e+01
1.971979823649053287e+01
1.947840756398090889e+01
1.776391764033724030e+01
1.999066609390229132e+01
2.182862966746870370e+01
2.079660964242611954e+01
2.068825271718105796e+01
2.305183318545459770e+01
1.957875983200574410e+01
1.858691565880508278e+01
1.833023301310095121e+01
1.689406876937573543e+01
1.845674002131090674e+01
1.531062467524134263e+01
1.620218517302419059e+01
1.804020629366823414e+01
1.926424441351355199e+01
2.016917541623115540e+01
2.024258043870304391e+01
2.078178638326426153e+01
2.106732880381059658e+01
2.088953298914202605e+01
2.187828755834289041e+01
2.299376126499373640e+01
2.363983473211919772e+01
2.581110813369195967e+01
2.320826543042585399e+01
2.600005928753944318e+01
2.676463741888710501e+01
2.727199425811340916e+01
2.934277757236304751e+01
2.944182157950217515e+01
3.022589239611261291e+01
3.003809617811475619e+01
2.896144810293480987e+01
2.956459687761889654e+01
2.956894899450890080e+01
3.093987500365346932e+01
3.065838769944184605e+01
2.950048880260419537e+01
2.796348776023751270e+01
2.568609172764899995e+01
2.710273870823675679e+01
2.728715043518423045e+01
2.646001641646762437e+01
2.376768918756533822e+01
2.435471082439926249e+01
2.549264991356085375e+01
2.865755010858083551e+01
3.017137711807572487e+01
3.283176423903023533e+01
3.584940460530106066e+01
3.615209343998230906e+01
3.479126138419451308e+01
3.459881076667898014e+01
3.178471568359418598e+01
3.300742259177968663e+01
3.350054688377349521e+01
3.576647102025071945e+01
3.332662974244612997e+01
3.146473589641482249e+01
2.900532391315937275e+01
2.816176843214634573e+01
2.502208357263225480e+01
2.641487299923574028e+01
2.319732548077990941e+01
2.374564767865831527e+01
2.510140221551773720e+01
2.718905154841922922e+01
2.658219195400397439e+01
2.585892555036207341e+01
2.448003731072640221e+01
2.366001696428247669e+01
1.854717856591923919e+01
1.787378184977569617e+01
1.882691578848516656e+01
1.466589447149908665e+01
1.259642927523873368e+01
1.174852050176741614e+01
9.248280833576245641e+00
9.985039984078866837e+00
1.281670203898465843e+01
1.060151566576860205e+01
1.207121842126616684e+01
1.364464139543906640e+01
1.549910233900482126e+01
1.405449129788212304e+01
1.237023218561080284e+01
1.173939866518685449e+01
1.013611513597788871e+01
1.203123474046606134e+01
1.238161910184317094e+01
1.052968277014588239e+01
9.036955156049771176e+00
1.007491379185103142e+01
4.690319445836394152e+00
8.158324628275295254e+00
4.813873920601508871e+00
3.360575965724819980e+00
5.667321032275140169e+00
7.058320746459685324e+00
6.755461033360006695e+00
3.736137402014719555e+00
5.668610549040749902e+00
5.054622228283733421e+00
4.835288210369981243e+00
6.389382976679371495e+00
8.176762142887127993e+00
9.678636230199117563e+00
1.174092615819154162e+01
1.279408834155492514e+01
1.386118277867171855e+01
1.232018632092422195e+01
1.514682794311192993e+01
1.630976499883399811e+01
1.801466361555048934e+01
2.180205502168701059e+01
1.969746465509251721e+01
2.190666734117621672e+01
2.236359316188190860e+01
2.503769257419662608e+01
2.449097469535627170e+01
2.657543617328792607e+01
2.645529207837716967e+01
2.402135838536833035e+01
2.009677937535434467e+01
2.293855585678284115e+01
2.104650668506474176e+01
2.215863636113317625e+01
2.220874252412704664e+01
2.117841964872059179e+01
2.112071738282156730e+01
1.967891588814109127e+01
1.838309268279317621e+01
1.829377382203983871e+01
1.941334426206958597e+01
2.013983639775233314e+01
2.071518035030567262e+01
1.743501300011394051e+01
1.872471877604948531e+01
1.790573526608477550e+01
1.742504330436713644e+01
1.778985921282946947e+01
1.932805146909595351e+01
1.936853554625304241e+01
2.201770167507129372e+01
2.378201639095186692e+01
2.107308449515039683e+01
2.205612735916474776e+01
1.903811114051495679e+01
2.185032878564379644e+01
2.250632669376136619e+01
2.440661158911734674e+01
2.325257340720600041e+01
2.396909018539281533e+01
2.449757533914453234e+01
2.791025095399982092e+01
2.998481102566984191e+01
2.723590143323781376e+01
3.145972367987633334e+01
2.944420377953611023e+01
3.181340301983436802e+01
3.145758870002737240e+01
3.227829753553669434e+01
3.178457854016232886e+01
3.455026285930034646e+01
3.249636655466656521e+01
3.302243631578403438e+01
3.133862386326200067e+01
2.996844382144445262e+01
2.939464979444892379e+01
3.241092580964141234e+01
2.921566690719646431e+01
3.233322575586316816e+01
3.357970537959863577e+01
3.144885135010372323e+01
3.099174136837336846e+01
3.302377758297188848e+01
3.307910627799992653e+01
3.480365704750238365e+01
3.325579351531632710e+01
3.573323705916664039e+01
3.558301050822319667e+01
3.269036953623981390e+01
3.599533845347286842e+01
3.531093461262116762e+01
3.398630594746373390e+01
3.642337113948360638e+01
3.625807570769939048e+01
3.955817821032906068e+01
3.897461111019947566e+01
3.655645677149641415e+01
3.343900537159788655e+01
3.411232142994958849e+01
3.513498743476338859e+01
3.322074623391199566e+01
3.409216416466733790e+01
3.215802225941843062e+01
2.809750830251596199e+01
2.739879546120027953e+01
2.739144361693161045e+01
2.601085513113048364e+01
2.375173394951343653e+01
2.653935701594309648e+01
2.866149317390772921e+01
3.053009753962760442e+01
3.114743004984939034e+01
3.198581634180754918e+01
3.277248382350899192e+01
3.368403891134221340e+01
2.886906382487541123e+01
2.689091251923127857e+01
2.899055594556193682e+01
2.766851037937885849e+01
2.975502406244686426e+01
3.257257331654454902e+01
3.424581401408158854e+01
3.532064285350224964e+01
3.274030404860695853e+01
3.488063588971999707e+01
3.391167744183530885e+01
3.476219223277075798e+01
3.277067120485662599e+01
3.175123266389437049e+01
3.182992479422773613e+01
3.012422697363035695e+01
3.112701073165499110e+01
3.233918969691694656e+01
3.390366528408776503e+01
3.406911040212162334e+01
3.589574209481088474e+01
3.876355891519688157e+01
3.697338601509636646e+01
3.765013685064513993e+01
4.113756996989286563e+01
4.250759104797907639e+01
4.162685481707467261e+01
4.269753532802951668e+01
4.561055482007486717e+01
4.275168240741822956e+01
4.322442412617965601e+01
4.331816441459432099e+01
4.445049346571158821e+01
4.686689055956321681e+01
4.840568740944308956e+01
4.982931204622946098e+01
5.115078654681929038e+01
5.151480302808522538e+01
5.074348668490529235e+01
4.800883618600528280e+01
4.804912705343031121e+01
4.757166897266688466e+01
4.560083927320192743e+01
4.745413171779910044e+01
4.894899959139092971e+01
4.821696001837335643e+01
4.499062071423759335e+01
4.385723107259673270e+01
4.589537432029283082e+01
4.623862734996328072e+01
4.454169454972907261e+01
4.247956486556722666e+01
4.382374380561577709e+01
4.478447939386569487e+01
4.736281013094503578e+01
4.539386040132740163e+01
4.394008775353086094e+01
4.300123811983485211e+01
4.439515240034961607e+01
4.589048417822596093e+01
4.686545691387800616e+01
4.863084344302478712e+01
4.840920722813098109e+01
4.762218074914926547e+01
4.684744855249209650e+01
4.725991953665743495e+01
4.719202192302873300e+01
4.689612720077002450e+01
4.808651145289968554e+01
4.896641488268141984e+01
4.629039132172238169e+01
4.430885849917467567e+01
4.658409934504925332e+01
4.585393128698251530e+01
4.482786620796468924e+01
4.419018663790029677e+01
4.529336636407333572e+01
4.377006588552831090e+01
4.088271202260693826e+01
4.070455952963402524e+01
4.103262289017129660e+01
3.988227242756329360e+01
4.187946510636447783e+01
4.383154224401368992e+01
4.470120937933370442e+01
4.685771883617599087e+01
4.678597646092930518e+01
4.891567671508164494e+01
4.983266777958215243e+01
5.139424813366986200e+01
5.146867584848405386e+01
5.293278785983420676e+01
5.334967731916367484e+01
4.930565935866889049e+01
5.020309654583070369e+01
4.700382313168574910e+01
4.323619057090763818e+01
4.105795246122397657e+01
3.697110970103040017e+01
3.820861079958012851e+01
3.436199875529291603e+01
3.517047402880780282e+01
3.313532951061552012e+01
3.505140004937220510e+01
3.188983080894558952e+01
3.363097903787001997e+01
3.478864782954588009e+01
3.555861318820188899e+01
3.238420449747718521e+01
3.290837150850802573e+01
3.197690626588791929e+01
3.319766031234667025e+01
3.071044270232414419e+01
3.268663016240407160e+01
3.634644259272135969e+01
3.798379483079952479e+01
4.040227379471889435e+01
4.257121189945064543e+01
4.402282369699878473e+01
4.489788610770847299e+01
4.424683220466249622e+01
4.394537170162948314e+01
4.154986089750127576e+01
3.903337234560149227e+01
4.096331806286798383e+01
4.040053126110251469e+01
3.754091387202515762e+01
3.773392408357813110e+01
3.971353297598216159e+01
3.484483365590040194e+01
3.484043666766592651e+01
2.827322860616186517e+01
2.799225190303877753e+01
2.429928480734633922e+01
2.647279205110498879e+01
2.550004351072584541e+01
2.615099804236433556e+01
2.503629765620280523e+01
2.482916938435846532e+01
2.716210917449734552e+01
2.998013125234047038e+01
3.040982935719966918e+01
3.098326084666678071e+01
3.285459725395412534e+01
3.190289343664062471e+01
3.121656946461553161e+01
3.259535746701294556e+01
3.203427473893498245e+01
3.158678866168884269e+01
3.253020673834998888e+01
3.239124229089702567e+01
3.435500907762525458e+01
3.053392374929171638e+01
3.229482089586781512e+01
3.128812831362301949e+01
2.887468022553366609e+01
2.509752052265230304e+01
2.485189766642815812e+01
2.667099605348812474e+01
2.218874622328530677e+01
2.201924764892646635e+01
2.515215564102254575e+01
2.453369143746203918e+01
2.355250438455277617e+01
2.277276997473290976e+01
2.291712965597253060e+01
2.281646764459219412e+01
2.133491650257838046e+01
2.384874936016785796e+01
2.423316184356190206e+01
2.083591427637293236e+01
1.835658909253015736e+01
2.084496603754723765e+01
1.728411823607075348e+01
1.959636819137722341e+01
2.086237266174521210e+01
2.105735649641064811e+01
2.208010065251801279e+01
2.211217307505194185e+01
2.407955433565439307e+01
2.280932893421777408e+01
2.387419665610559605e+01
2.396889169502082950e+01
1.814057125249564706e+01
1.945989573987117183e+01
1.851453238793328637e+01
1.869710742934239533e+01
2.052957365395195666e+01
2.138289751114189130e+01
1.839960917156622600e+01
1.760777892769419850e+01
1.893601314053830720e+01
2.109900221617590432e+01
1.877884959533457732e+01
2.231434001198067563e+01
2.479244450292026158e+01
2.790512904536080896e+01
2.241442686697882891e+01
2.361433808955280256e+01
1.908191943600013474e+01
2.107371863031403336e+01
2.367314987302324880e+01
2.527286412139073946e+01
2.612276411170478241e+01
2.666926536821483751e+01
2.698956548841397307e+01
2.918071408554442314e+01
2.583670288745815924e+01
2.525049616126216279e+01
2.597961914997631538e+01
2.860485775711003953e+01
2.485957023364153429e+01
2.445060207751976122e+01
1.881507776647777064e+01
2.144736295251914271e+01
1.629417329078569310e+01
1.744468857965694042e+01
1.449395858148454863e+01
1.568156642660960642e+01
1.403688178276934195e+01
1.351021526973181608e+01
1.395019576856611820e+01
1.580190366435999749e+01
1.828046980800718302e+01
1.845807022416920518e+01
1.787046728449877264e+01
2.098158796057487052e+01
2.324278824568682467e+01
2.529043524961161893e+01
2.862117541064890247e+01
2.864821836847022496e+01
2.940596770395222848e+01
2.996663741926022340e+01
3.388955359824649349e+01
3.479924961512642767e+01
3.685277306957505061e+01
4.133403587314842298e+01
4.041532675982944056e+01
4.399628140176355373e+01
4.331485658294241148e+01
4.382950257248467096e+01
4.240600705017004657e+01
4.395109133989262773e+01
4.634713424382425728e+01
4.536666137411975797e+01
4.314199157227903925e+01
4.494246147396825108e+01
4.561190644332964439e+01
4.596218646856596024e+01
4.600604514043880044e+01
4.507197673450355069e+01
4.580220941219067754e+01
4.408694470963382628e+01
4.324815864509400853e+01
4.545804145735201018e+01
4.837575636028850568e+01
4.844540505605709768e+01
5.004860693903265201e+01
5.015037345603468566e+01
5.077866349127452850e+01
5.111608825829989655e+01
5.280267417265986296e+01
5.274452906480655656e+01
5.463036734607157996e+01
5.494683688600798632e+01
5.745706519283339730e+01
5.024364343107390596e+01
5.232492652783002995e+01
5.184756470840147813e+01
5.354154868154091673e+01
5.641814317807165935e+01
5.873256147572374175e+01
5.939041523696869262e+01
6.024633872486447217e+01
5.931671878427914635e+01
6.364146807020006236e+01
6.419761177772033989e+01
6.555951653329248074e+01
6.343532810571105074e+01
6.338509338163657958e+01
6.625148790581988578e+01
6.571127175990932301e+01
5.995586585039291094e+01
6.000606693583085871e+01
5.984090069777448662e+01
5.919087843693705508e+01
5.468264364044716785e+01
4.872919050720156520e+01
4.894406464093390241e+01
4.816272917544210941e+01
4.968119234257937933e+01
5.056558617634254915e+01
5.286952887523239042e+01
5.499395135343547736e+01
5.037092039097660745e+01
4.775811328765394137e+01
4.855947847038078180e+01
5.099474157821714471e+01
4.963459409453389526e+01
5.274219162239660363e+01
5.138674339954104653e+01
4.951894411736975599e+01
5.070209752173741435e+01
5.119368918637246679e+01
5.150706342835928808e+01
5.378304229146215221e+01
5.615121190216814284e+01
5.790044664043125522e+01
5.338517334190146357e+01
5.082191201024215843e+01
5.071547981882213207e+01
5.203691398608043528e+01
4.986521132369489351e+01
5.066735517294273450e+01
4.834458118848215236e+01
4.883800772704944393e+01
4.603123369624063344e+01
4.510379089261732588e+01
4.404469390506073978e+01
4.500896147491130250e+01
4.544140651585803425e+01
4.419333995177294128e+01
4.269050859312301327e+01
4.305697234595663758e+01
4.309977054975843203e+01
4.423461562047668849e+01
4.363578026752657024e+01
4.657910265107420855e+01
4.736714434413897834e+01
4.628590002967484907e+01
4.268966515702413744e+01
4.133532148311405763e+01
4.314892962850717595e+01
4.446581366588361561e+01
4.199955743273585540e+01
4.341405505119018926e+01
4.437644848236413964e+01
4.483736741100074141e+01
4.940390620148173184e+01
5.080380377652181778e+01
5.397377960927860840e+01
4.916615520210234536e+01
4.882981119956184557e+01
4.874174248454073677e+01
4.951247306687764649e+01
4.792676281405329064e+01
4.624633254809123173e+01
4.677744736862769059e+01
4.097201065833451139e+01
4.354674317564331432e+01
4.600429747013822634e+01
4.593094560044755781e+01
4.300348757274605305e+01
4.359461537684092036e+01
4.593188708913021401e+01
4.506990546480028570e+01
4.380293286864252877e+01
4.549500294442168524e+01
4.157736577372725151e+01
4.021635584866271529e+01
3.977115039975433319e+01
4.113627954632192996e+01
4.117511307600580039e+01
4.514578315870039660e+01
3.768659619911886693e+01
3.516448718569427001e+01
3.552716001354929176e+01
3.659057276539351733e+01
3.660466971992718754e+01
3.466849176681444078e+01
3.116238730036820925e+01
3.246932759567425819e+01
3.446762711799692624e+01
3.333568843551256577e+01
3.557000370266905520e+01
3.376170514749628637e+01
3.797739496685335325e+01
3.760880177770195587e+01
4.157947422449706210e+01
4.147509595029896445e+01
4.382748079499560845e+01
4.541335888469166093e+01
4.938058759584055224e+01
4.935416724178412551e+01
4.826153565579897986e+01
4.847048986987647368e+01
4.797601297320761660e+01
5.072655553614367818e+01
5.101730861205578549e+01
4.946824625692806876e+01
4.866979843862918642e+01
4.960877030857318459e+01
5.126600842683546944e+01
4.482423146052769880e+01
4.160466122582056414e+01
3.771288425789407484e+01
4.002785684407899680e+01
4.171328894635189499e+01
4.393802560972108040e+01
4.428866049204316369e+01
4.610887395299414493e+01
4.622498998471382947e+01
4.517003709201071615e+01
4.773717039159873821e+01
4.533344732601472060e+01
4.292067373689405940e+01
3.959227851861032832e+01
4.194335559854880557e+01
4.218579412660801609e+01
4.044747211420508393e+01
4.450619672266384441e+01
4.465685470880998764e+01
4.596486803745665384e+01
4.329757342791344854e+01
4.269394351296341483e+01
4.420397992200923909e+01
4.688042757551920658e+01
4.590418185980070120e+01
4.811918725917439588e+01
4.939832557158479176e+01
4.647080977176483430e+01
4.890023562549504277e+01
4.463068224140442908e+01
4.372683944188702299e+01
4.266289021007014526e+01
4.141998604421132768e+01
4.228092494022985193e+01
4.226099485525264754e+01
4.159371440493487171e+01
4.106161158488976071e+01
4.341249530782260990e+01
4.359379746647300635e+01
4.271743396500005474e+01
4.430636291699102003e+01
4.742865241699200851e+01
4.781896792560019094e+01
4.567195448901838972e+01
4.255520735934169352e+01
4.177370351436002238e+01
4.344539057615202182e+01
4.530865129540688940e+01
4.413734026081874617e+01
4.429585680054606200e+01
4.631682457552233245e+01
4.727586616543248965e+01
4.136939249847728206e+01
4.497086874477190577e+01
4.611553521614132478e+01
4.871530140507366013e+01
4.769980331906481297e+01
4.564930149100655399e+01
4.453174310380927636e+01
4.686702256624266738e+01
4.485502624812397698e+01
4.633751057567042153e+01
4.756768487259068934e+01
4.777851639268919826e+01
5.200156280445935408e+01
5.535780646155672002e+01
5.252559385411768744e+01
5.443807883070712705e+01
5.102492846958557493e+01
5.029620009758127708e+01
5.260395541889101878e+01
5.618431871797929489e+01
5.348288375108950277e+01
5.333731846438240609e+01
5.119657000887309550e+01
5.381013528268977097e+01
5.609717731254750106e+01
5.627240506649650342e+01
5.026117981872084783e+01
5.084817367065261351e+01
4.994208473922026315e+01
5.048834109943436488e+01
5.069127466275494953e+01
5.000556672370748856e+01
4.974890041944672703e+01
4.649389938910098863e+01
4.683992565591415769e+01
4.726450376268257969e+01
4.689497688093797478e+01
4.589548923573693173e+01
4.679110084712374373e+01
4.511033863080501760e+01
4.392530671094664285e+01
4.411306389503442915e+01
4.289385472446338099e+01
4.091557104336970951e+01
4.295442472077411367e+01
4.073893324845084862e+01
4.083462872939617228e+01
3.840081011887923523e+01
4.003972679146045266e+01
4.046554613446915027e+01
4.355275120698024693e+01
4.686247166637258488e+01
4.622973002390517649e+01
4.774250330727682012e+01
5.046606023479034775e+01
5.142108797773926199e+01
4.864941803148121835e+01
4.815277639425585221e+01
4.693303053273848491e+01
4.198807403352202527e+01
4.144097590830097033e+01
4.066403180221368530e+01
4.208978984474742902e+01
4.150285675508075656e+01
3.943268772170085867e+01
4.260154139920996386e+01
4.295878050369265111e+01
4.419799103996138001e+01
4.513772416646497732e+01
4.855417115236468817e+01
4.683898924859204271e+01
4.719016303797889123e+01
4.237290675930671568e+01
4.216766017188547266e+01
4.315628709615521075e+01
4.352702351999414532e+01
4.036971607691612007e+01
3.709773728944310278e+01
3.911798243100292893e+01
4.122698754735483817e+01
4.370781096174050617e+01
4.773965304390094389e+01
4.882624262677654770e+01
4.750149534377942473e+01
4.870314515092559304e+01
5.142627673393963050e+01
5.325656750444613863e+01
5.503370002918927639e+01
5.117189259095448506e+01
5.347496656302428164e+01
5.563323758723163337e+01
5.730291552605012839e+01
5.003395348580397695e+01
4.850036294119126978e+01
4.632519848042738886e+01
4.935713127142571466e+01
4.446934601354587357e+01
4.385324074182244658e+01
4.343557565901392081e+01
4.607201925840672629e+01
4.699067651838504389e+01
4.919828605173188407e+01
4.924748658904263721e+01
4.779632324706381041e+01
4.640373368667133036e+01
4.643606830971111776e+01
4.883749532825368078e+01
4.858768083674203808e+01
4.693659264081361471e+01
4.930498394841924892e+01
5.218270166890943074e+01
5.287479195411833643e+01
5.214604466260061599e+01
5.570178039956954308e+01
5.606888937747589807e+01
5.107046058747437201e+01
4.713926186110347771e+01
4.620267425460951927e+01
4.691393658467040950e+01
4.384402276705804979e+01
4.413683830161971855e+01
3.964477408286347782e+01
3.811376492400813731e+01
4.150481346066135302e+01
4.032097638063260092e+01
4.063944661695404648e+01
3.850034762109771691e+01
4.033071219029807253e+01
3.973580534848588286e+01
4.027641061708618508e+01
4.437473898941698280e+01
4.973172730477654113e+01
4.770945981951354042e+01
4.591665094848303852e+01
4.655210612441169360e+01
5.070960009600821650e+01
4.736343932413547009e+01
4.544446575300116820e+01
4.112449092255610594e+01
4.381379673149058362e+01
4.274719848833865399e+01
4.456339864097844838e+01
4.289083173697326856e+01
4.204335051180623850e+01
4.426370066028812289e+01
4.602484862768051244e+01
4.596844715467705100e+01
4.812787913949341601e+01
4.457106969251071860e+01
4.687466776710789418e+01
4.845142338632012979e+01
4.738151170426226599e+01
4.925633216433016059e+01
4.218019893582004443e+01
4.225381502389973321e+01
3.911530713147203642e+01
3.713841751848576678e+01
2.790291754887493880e+01
2.818465848742562230e+01
2.693643558763142210e+01
2.438859817859702162e+01
2.712336304183645552e+01
2.551749436274167238e+01
2.129342246335909294e+01
2.362213565197635035e+01
2.095588927203971252e+01
1.925944413318575243e+01
2.185713020268485707e+01
2.252779317315525986e+01
2.090669977466404816e+01
2.169885389440150902e+01
1.765314927942290524e+01
1.878936814473672712e+01
2.087263097000322887e+01
2.299626081981205061e+01
2.120963284854860831e+01
1.888009245875673514e+01
1.886060570866175112e+01
1.905719709560162300e+01
1.930966223266568704e+01
2.127017835233164078e+01
2.327996649057513423e+01
2.315123438230784814e+01
2.012028280343110964e+01
2.215854220652181539e+01
2.036649267528355267e+01
2.015458262493211805e+01
2.131845264863386546e+01
2.291268921380014945e+01
2.036268631381790328e+01
1.822290722931029450e+01
1.902752733242323302e+01
2.127390668979205657e+01
2.186051343079634535e+01
2.303920964140343131e+01
2.219379809931342606e+01
2.396590089194069151e+01
2.799863827638182556e+01
3.191046045384518948e+01
3.467496948804273416e+01
3.364462814973558125e+01
3.288207208075164090e+01
3.349704038069739909e+01
3.690943831117056106e+01
3.682352487105890759e+01
3.661421505898124451e+01
3.350865821907700592e+01
3.530096142905676970e+01
3.914171066399194387e+01
4.047420931905253383e+01
4.454675305547516473e+01
4.400661851987206319e+01
4.640327022031488013e+01
4.475934000666893553e+01
4.309168292414324242e+01
4.507765026298875455e+01
4.205820571538515651e+01
4.294383449490396742e+01
4.685133963524094725e+01
4.927811570795347507e+01
5.471682579192020057e+01
5.247538299353254843e+01
5.389556594706391479e+01
5.374094132858772355e+01
5.231210555060988554e+01
5.042079664160064567e+01
5.197382571770958748e+01
5.463682834748215100e+01
5.264679352031180315e+01
5.494429674281946063e+01
5.226463937630069267e+01
5.446694185020169243e+01
5.551705680210216087e+01
5.443874789181154483e+01
5.672004074795040651e+01
5.696235644738499104e+01
5.604260146995420655e+01
5.937756675426044239e+01
5.880319562432759994e+01
5.417084660620730574e+01
5.551725337112566194e+01
5.899205070849166077e+01
5.490502045140419796e+01
5.402731015453719010e+01
5.398430061355793441e+01
5.736818322695671668e+01
6.016817090284348524e+01
6.024025857851756882e+01
5.971251057112840499e+01
6.329834304319501825e+01
6.746329256215813075e+01
6.903218108492910687e+01
6.869140526376941125e+01
7.193097819187551067e+01
6.694475559051443270e+01
7.038276826992569113e+01
7.237992169819608534e+01
7.134541744945636310e+01
7.208515264445213688e+01
6.629252243342580186e+01
6.120283633296639891e+01
6.521362066436813620e+01
6.655077482834622060e+01
6.721420881402809755e+01
7.040949130179069471e+01
6.363794624797901633e+01
5.917267384825481713e+01
4.932778499719097454e+01
4.803048107979884662e+01
4.794055631817991525e+01
4.666681401970345178e+01
4.746860623361590115e+01
4.968377495660752174e+01
5.299797860912622127e+01
5.534478796604798845e+01
5.514431159241485148e+01
5.412337625088366622e+01
5.675587637911939964e+01
5.641933921286727127e+01
5.358710200628956954e+01
5.800225499596490408e+01
6.170533437959056755e+01
6.387828624677695188e+01
6.555460616147865949e+01
6.623855963277037517e+01
6.310940092675082269e+01
6.059942239215251902e+01
5.938563202190289303e+01
6.271821919841113413e+01
6.222868973347613064e+01
6.156015040590682474e+01
6.607438337962776131e+01
6.551405043640170334e+01
6.292167106984561542e+01
5.894851691780786496e+01
5.995647640175411652e+01
6.105865006156000163e+01
6.622534154490313085e+01
6.825755136252064403e+01
7.122069088069201825e+01
7.198766532593162992e+01
7.436563501446926239e+01
7.504641797408021375e+01
7.662365045471506164e+01
7.779375797608008725e+01
8.084662573480181891e+01
8.437844093736111972e+01
8.914488864520990319e+01
9.017367875350282702e+01
8.505649398378591286e+01
8.457388297823126777e+01
8.691734664132127364e+01
8.943261793929832493e+01
9.005984287232058705e+01
9.058869996782323142e+01
9.125225106674133713e+01
9.082006613942576223e+01
9.073438374043962540e+01
9.016137775736569893e+01
8.971080004336454294e+01
9.303932073209034570e+01
9.655115422914877854e+01
9.801669727142962074e+01
9.976536656383177615e+01
1.024039315770332905e+02
9.943072061429120367e+01
9.204299148450718349e+01
9.049096360560906760e+01
8.944223370613963198e+01
8.948888652925234055e+01
9.111307778341961239e+01
8.846538712159690476e+01
9.172431367435365246e+01
9.565782880549249967e+01
9.854971071851468878e+01
9.883977793152462255e+01
9.994715772794734221e+01
9.880328560710586316e+01
9.164782653294605552e+01
9.317332008423090883e+01
9.582168979438938550e+01
9.544652695275999577e+01
9.056029968749771797e+01
9.241370256425216212e+01
9.281134803056920646e+01
8.895765324917374528e+01
8.987290873504935007e+01
9.038081298812085151e+01
9.397283063857685192e+01
9.608948588619659859e+01
9.748419418077810406e+01
9.724233255606668536e+01
9.382878189144230419e+01
9.130914262896476430e+01
7.935678731008647446e+01
7.868073879300209228e+01
7.662451065206187195e+01
7.433862000597673614e+01
7.654664657687771978e+01
7.892625958696680755e+01
8.109280542309807061e+01
8.365379448009298358e+01
8.464551744287928159e+01
8.649154861314400478e+01
8.108935301887868263e+01
8.491094978836281371e+01
8.844143782403989462e+01
8.882139177532917529e+01
9.275824018391722348e+01
9.181016660309342114e+01
9.136829534640855854e+01
9.522590782477800531e+01
9.629275137953391095e+01
9.689865884579285193e+01
9.707808370177281176e+01
9.197960973395674955e+01
9.251986182468499464e+01
8.764692170542639360e+01
8.862523726928156975e+01
9.126061000141635304e+01
9.559352931670127873e+01
9.740826530562208063e+01
9.312027935809874180e+01
9.131033918214870937e+01
8.945829538925590896e+01
8.754814021464881080e+01
8.738787246820083965e+01
8.714077525880475150e+01
8.534495580934799364e+01
8.193724012964958092e+01
7.885537822347851034e+01
7.739666625206245953e+01
7.737696684253205603e+01
7.336752755721954600e+01
7.321982885393754259e+01
7.316408858053728181e+01
7.464426546223512560e+01
7.252914676877117017e+01
6.404780904964445654e+01
6.205296531458770914e+01
5.909840670853282063e+01
6.107599179872158857e+01
6.414584852479674737e+01
6.515627258011681988e+01
6.356949716019698826e+01
6.130962289621038508e+01
5.787142197480989125e+01
6.075795417279186950e+01
5.673924429091675847e+01
5.649542461143391847e+01
5.869073280171323859e+01
6.217556293760571862e+01
6.237857881036052277e+01
6.161846286027412134e+01
6.171626355841362965e+01
6.291007270680802321e+01
5.969490166061677883e+01
5.715359218343292014e+01
5.734679038078957092e+01
5.744898978295168490e+01
6.031754186412126728e+01
5.739180468526319601e+01
6.156423939200431050e+01
6.508372906367912947e+01
6.040549657170140563e+01
6.156955402950097778e+01
6.069701113100654766e+01
6.125194317639943620e+01
5.613791945748107537e+01
5.758217081072871224e+01
6.170474698000998615e+01
6.366626809512490581e+01
6.312990212366730702e+01
6.632521449117939483e+01
6.347659737984849926e+01
6.302793446572286484e+01
5.983686389319700538e+01
5.677603598688438069e+01
4.833241818465739925e+01
5.263884018103635754e+01
5.669635025907155068e+01
5.757617950892108638e+01
6.060161009234889207e+01
5.995047844895270828e+01
5.026364353168992238e+01
4.700147193376960786e+01
4.985690849685761350e+01
5.075194815112263313e+01
5.135856980804783234e+01
5.111189185941930191e+01
5.740038075248958194e+01
5.713369926455743553e+01
5.928376751589257765e+01
5.657108256899482512e+01
5.706841800836809853e+01
5.943196260400691244e+01
6.295222498106249986e+01
6.552518396261984890e+01
5.977385381677777332e+01
5.984892301867239439e+01
5.967892986270362599e+01
6.150410144037687132e+01
6.244096649685343436e+01
5.919739611412023805e+01
5.811954787034665060e+01
5.439028263016462006e+01
4.594447107954056264e+01
4.578151910830183624e+01
4.705321557839124580e+01
5.056563207131694071e+01
5.330145955391981261e+01
5.271381107806519140e+01
4.814058400914109370e+01
4.875769303139895783e+01
4.949018054372299957e+01
4.712379935886201565e+01
4.939562716377258766e+01
4.911310965087341174e+01
4.673814610759472998e+01
4.789769750214327360e+01
4.962355236214352772e+01
5.153370543831078976e+01
5.344222366635403887e+01
5.376985485999830416e+01
5.417144701300912857e+01
5.345304991997363686e+01
5.231345964006777649e+01
5.200304135286660312e+01
5.224726164469939249e+01
5.206863230761973682e+01
5.335027511533735378e+01
4.596406102480796108e+01
4.504039200562056067e+01
4.462959388825584028e+01
3.980327578820833878e+01
3.981640907315068034e+01
4.085708492634512368e+01
4.184242651673957880e+01
4.210257426428415783e+01
4.301273199208935694e+01
4.720540234664258605e+01
4.678047780164160940e+01
4.406493200770546537e+01
4.186587212997346796e+01
4.675083654839363589e+01
4.636959934340302425e+01
4.452909893765263405e+01
3.614296883692895790e+01
3.854782576356319623e+01
3.262577715908719256e+01
3.491751849178308476e+01
3.863235036851983750e+01
3.561416332515182148e+01
3.604227493659527681e+01
3.721545821098152373e+01
3.502637537875943963e+01
3.271356198142711946e+01
3.122791868459717080e+01
3.220374260486460116e+01
3.456353079114069260e+01
3.714161043587682798e+01
3.160653211310818733e+01
3.382209381938719162e+01
2.926284066439075104e+01
2.910508932777065638e+01
2.912408071749450755e+01
3.183352232759898470e+01
3.596018641188038600e+01
3.802833012982955552e+01
3.783733352029321395e+01
3.547223822025443951e+01
3.843758118623463815e+01
3.528912582257726172e+01
3.554760928856558166e+01
3.377688813866370765e+01
3.393123663856840722e+01
3.766464052369610727e+01
4.209548805229496793e+01
3.815642498025135865e+01
4.081115510939798696e+01
4.187464153034215997e+01
4.299750816919276986e+01
4.442894614659417130e+01
4.140052459951402852e+01
3.864241334176858800e+01
3.631406885088017589e+01
3.725879396543678013e+01
3.990474224061108544e+01
4.205531071612585947e+01
4.199139141127034236e+01
4.637739230905663135e+01
4.473214170210849261e+01
4.840896556673123996e+01
4.627638452004339342e+01
4.730770243946881237e+01
4.809848833192882012e+01
5.028314153431801969e+01
4.696170775815153320e+01
5.071639957119623432e+01
4.840484263521193498e+01
4.562976077899929805e+01
4.545570647031490807e+01
4.649248037791494426e+01
4.343569912012208079e+01
4.759349255200231710e+01
4.597834403627621214e+01
4.565415645049233717e+01
4.230994288867623254e+01
3.883575205649685813e+01
4.329353328623710695e+01
4.260597270142170601e+01
4.475187501332675311e+01
3.925186224989647599e+01
3.893364335687056155e+01
3.909943059115721553e+01
3.963954908624418749e+01
3.429086098471179866e+01
3.329306961878410220e+01
3.312757882349706051e+01
3.269589935345265985e+01
3.880748079204931855e+01
3.479135778052568639e+01
3.568461981423024554e+01
3.298685098697933427e+01
3.272972710823705711e+01
3.678046748074211791e+01
3.603473268764446402e+01
3.736307961633701780e+01
3.763711595105996821e+01
3.985275965819437261e+01
4.153588625776410481e+01
4.174183562135203829e+01
4.059967773411608505e+01
3.947225481435270922e+01
4.101637324644525506e+01
4.205807027203536563e+01
4.076335785630362807e+01
4.331164991092646233e+01
4.635242968832426413e+01
4.775660287464143039e+01
4.979849330705746979e+01
4.951816507482180896e+01
5.187086848289072805e+01
5.261767790560861613e+01
5.655792437191666977e+01
6.123205337284980487e+01
6.288892360688714689e+01
6.234659224251299747e+01
6.521742398723381484e+01
6.964787301828437194e+01
7.331259121925359068e+01
7.182453726873336564e+01
7.195409629909499927e+01
6.924902470243705466e+01
7.036570350360580051e+01
7.386727107611022802e+01
7.110700949729744025e+01
6.988155962746895966e+01
7.312222793522778375e+01
7.058873240406410332e+01
6.535493522405704425e+01
6.536449606855603633e+01
6.416959325332936714e+01
6.081830389154310978e+01
6.045975045077830146e+01
5.460283553579029103e+01
5.296293277681797917e+01
5.214504548018157948e+01
5.316106434221546806e+01
5.283118089853451238e+01
5.568969820230449841e+01
5.828542396230295708e+01
5.865358164852659684e+01
5.927179730579337047e+01
6.258282165015680221e+01
5.894848197562805581e+01
5.944933146208040853e+01
5.960398637649541342e+01
5.983177015516776009e+01
5.605842518500321603e+01
5.503464941921174614e+01
5.744844326016664127e+01
5.228729821214528783e+01
5.336431465199530066e+01
5.283282017821966292e+01
5.047017546108600072e+01
5.117766720624877053e+01
5.272679441164473246e+01
5.398617822069991234e+01
5.643535858168615960e+01
5.324206829046852363e+01
5.541523155616960139e+01
5.576011858622223372e+01
5.520857576040452841e+01
5.597508890069730114e+01
5.754634275043918024e+01
5.887448328688151378e+01
5.772363918005976302e+01
5.585175600321599632e+01
6.047983866970753297e+01
5.949660469554783049e+01
5.965207661037220532e+01
6.117460018810106703e+01
5.948946670968325634e+01
6.086994543084711040e+01
6.063050187935459689e+01
6.272403136619232100e+01
5.436836188682354987e+01
5.301097088092228660e+01
5.107575504707165237e+01
5.340159014046457742e+01
5.847392681973178696e+01
5.920707327578838886e+01
5.853014318110308523e+01
6.159012546523990750e+01
6.098261411910243623e+01
5.991590070808342716e+01
6.249226883143091982e+01
6.277940627316820610e+01
6.245613619233063218e+01
6.011373051879672857e+01
5.970233743737935583e+01
6.307768667132495466e+01
5.985024225491542893e+01
5.819460327434717328e+01
6.094345614282065071e+01
6.011530017842324014e+01
6.269993490110846324e+01
6.303814573542604194e+01
5.772094897929127910e+01
6.035521392025566456e+01
6.112967943533476500e+01
6.563581442053418868e+01
6.574250215985830437e+01
6.271611485304765665e+01
6.575914120626021031e+01
6.620690976641981251e+01
6.692499261447937897e+01
6.351671472939415253e+01
6.203930042742649675e+01
6.582491509053215850e+01
6.479846815711971431e+01
6.738392351134098135e+01
6.017219964783362229e+01
6.246189992683321179e+01
6.203122281184823805e+01
5.900264599416823330e+01
6.019250003404704330e+01
6.050349794697194739e+01
6.101381609494001168e+01
6.620906814879435842e+01
6.683359608742557612e+01
6.303197363337949355e+01
5.247029230523003207e+01
5.554329219588998967e+01
5.428410489782709192e+01
5.404910092669706501e+01
5.327695055863750895e+01
5.500338895769618830e+01
5.544076552366095711e+01
5.601207358758620103e+01
5.700481413468969549e+01
5.666971267941971746e+01
5.524989028965228499e+01
5.624093187031758134e+01
5.702955645563633880e+01
5.767746573998192616e+01
5.198757420435322274e+01
5.490058604194564396e+01
5.475046384654615395e+01
5.695604480471774878e+01
5.906147581702498428e+01
6.285884122382140049e+01
6.534357098701821087e+01
6.773241411482467811e+01
6.345493596701180650e+01
6.415056500487389712e+01
6.017994722625917348e+01
5.863417305458096962e+01
5.975931686940475629e+01
6.281485278003310668e+01
6.308988320791013393e+01
6.406376342633575405e+01
5.883764136404261080e+01
5.881147536697517353e+01
5.834432470678711979e+01
6.171399171523898985e+01
6.270657646583367750e+01
6.088535884670545784e+01
6.295155572645853681e+01
6.321346592009103915e+01
6.436253921264415112e+01
6.802657362269837904e+01
6.752569834886708122e+01
6.814677603545260354e+01
6.325030922381210985e+01
6.436649794022741844e+01
6.220397924457029148e+01
6.657174113559449324e+01
6.595667220444011036e+01
6.550710692511802336e+01
6.448484671323785733e+01
6.449771664683430572e+01
6.663797893450555421e+01
6.470426003394186409e+01
6.001412839067506866e+01
6.038740776533268217e+01
6.246380567719916144e+01
6.476231231973270042e+01
6.540786521293648548e+01
6.767635756702657090e+01
7.178291213963530026e+01
7.068278028000167978e+01
6.630496085248887539e+01
6.955890808142066817e+01
7.087145327016150986e+01
7.544080360082625702e+01
7.641935442958128988e+01
7.527357965782903193e+01
7.107151749324475531e+01
7.308357045992397616e+01
7.382097573925148026e+01
7.613093005284918036e+01
7.751238390107846499e+01
7.812239793720982561e+01
7.648818386891889531e+01
7.209759964353452233e+01
6.874950040850853838e+01
7.148528621206696698e+01
7.338567854756820452e+01
7.482150079469101911e+01
7.589595048914634390e+01
7.814686173797417723e+01
7.878653918497366249e+01
7.577201591568973527e+01
7.514339986565482832e+01
7.600194163881951681e+01
7.622202145160281361e+01
7.447401732100570371e+01
7.665105366640909779e+01
7.699701445742994110e+01
7.499300297311492614e+01
7.454813777804065467e+01
7.142812489067910064e+01
7.251123870981791697e+01
7.702019949192526838e+01
7.811168432456815935e+01
7.857371985034114914e+01
8.183528705316530250e+01
8.264402074428107881e+01
7.971609015594731318e+01
8.380735703384470980e+01
8.622076284225477139e+01
8.707245401455020328e+01
8.578225672449207195e+01
8.519156162634862994e+01
8.524828735019946180e+01
8.704581877201235329e+01
8.815995680773266940e+01
8.764452093373074604e+01
8.773628110623849352e+01
8.590620661737011687e+01
8.556754890002503089e+01
8.664258483830053592e+01
8.812649346504986170e+01
9.217556319157756661e+01
9.404834874217340257e+01
9.416595274329120002e+01
9.156045888681364886e+01
9.771222580496214505e+01
9.666283891361035785e+01
9.785926254854348372e+01
9.727388640092976857e+01
9.195246481989033782e+01
9.325179848898187629e+01
9.525795554738579085e+01
9.494874170898037846e+01
8.855687032591504249e+01
9.109008733841255889e+01
9.565474574961353937e+01
9.975976165984229738e+01
1.006565533639513887e+02
1.011940253911216132e+02
1.026020661860184191e+02
1.044562150232486601e+02
1.044791147141722831e+02
1.029371768596020047e+02
1.021316505507365946e+02
1.007698498595200363e+02
9.680492276793847850e+01
9.533349058743806381e+01
9.664236923239241150e+01
9.485910117314779200e+01
9.266976940798394935e+01
9.556326067699774285e+01
9.506433947535788320e+01
9.350220538295616279e+01
9.077983697165200283e+01
9.394385629109638103e+01
9.815170146900163672e+01
9.690552064326948312e+01
9.425535498168756021e+01
9.683515652315509215e+01
9.524595810858045297e+01
9.608585835941539699e+01
9.336085161778828478e+01
9.261546755767449213e+01
9.767695485614785866e+01
1.017450750865946247e+02
1.028694119235133257e+02
1.048945104190424900e+02
1.018213113015553972e+02
9.870004913131288049e+01
9.735967699230604921e+01
9.288760844684384210e+01
9.286075300872289517e+01
9.598991019506229350e+01
9.465939449593133759e+01
9.785284616570606886e+01
1.004688085889474678e+02
9.734377655193748069e+01
9.538320238087089820e+01
9.045139028161520400e+01
9.218821018322068994e+01
9.049251275762253499e+01
9.135886725729778846e+01
8.989054944532472291e+01
8.633042311770350352e+01
8.247663690419722116e+01
8.203624839095118659e+01
8.643003176687307132e+01
8.904329891869110725e+01
8.979302311078026833e+01
9.096877016250527959e+01
9.354336905385207501e+01
8.975502395896546659e+01
9.203471704107232654e+01
8.824392841073222371e+01
8.511127190194110881e+01
8.203884747657230037e+01
7.757312484416252119e+01
7.187686636453781830e+01
7.072231548962918168e+01
7.360160767158504314e+01
7.549633907745464967e+01
7.853002548088261392e+01
8.180234265363469603e+01
8.413516876791527466e+01
8.623363248271652992e+01
8.804445760650378361e+01
8.833443365147013537e+01
8.614617693065429194e+01
8.628130653129665006e+01
8.695341192714295175e+01
8.881986397850414505e+01
9.158810727697164111e+01
9.340296346241029823e+01
9.212684911691212619e+01
9.112820821974855789e+01
9.388854574842662259e+01
9.255065550078506931e+01
8.725120148190489999e+01
8.893634551505965646e+01
8.644301112731045578e+01
8.650366909007334471e+01
8.852759840515318501e+01
8.979563989958023740e+01
9.091084737603250687e+01
9.361174750565987779e+01
9.334404104120676493e+01
9.233586946739524137e+01
9.050019458663700789e+01
9.491756884733513289e+01
9.365792683762811066e+01
9.280050692886561592e+01
9.347722502216129215e+01
8.833534874486485933e+01
8.720346140746278252e+01
8.179733886412213906e+01
8.310682282923244202e+01
8.319675462437044189e+01
8.703959584571384767e+01
8.464849176163534139e+01
8.626379752795128297e+01
9.101501841374738433e+01
9.099503512221599522e+01
9.054240921105338202e+01
9.188715979457083449e+01
9.003121028192344966e+01
9.256578980944868817e+01
9.334136259339811659e+01
9.524167150388893788e+01
9.404835108376391872e+01
9.589447546627161501e+01
9.721662948889206746e+01
9.657027616529830993e+01
9.780628091565813520e+01
9.875251206857501529e+01
1.008565018407007301e+02
9.568383018251915928e+01
9.009140844429202843e+01
9.206921603706359747e+01
9.670110661808303121e+01
9.780322339333451964e+01
9.120457581570099137e+01
9.464397729125903425e+01
9.458064004074276454e+01
9.285812459278258757e+01
8.737765387831132102e+01
8.728093012180579535e+01
8.841835015435481182e+01
9.203035823938262183e+01
9.469154947390416055e+01
9.501464857332939573e+01
9.548312645140504173e+01
9.546516547043756873e+01
9.442994647028808686e+01
9.485956813219036121e+01
9.535105291911622771e+01
9.595468367153080180e+01
9.375036987784642406e+01
9.545003422078389121e+01
9.682554748669463152e+01
9.608524975499221910e+01
9.790895397535859956e+01
9.842412618683647452e+01
9.985928049975791509e+01
9.864827707260701573e+01
9.889566936721257662e+01
9.649575906956579274e+01
9.905823958846212918e+01
9.931094903173834609e+01
9.791272742294950149e+01
9.850854262615212065e+01
9.868266154276807356e+01
9.774971904176709359e+01
9.769680448347571655e+01
9.616665302295223228e+01
9.830438518280789140e+01
1.002316446636432374e+02
9.910872118584575219e+01
9.831876173569253297e+01
1.013570695329399314e+02
1.022247735115388423e+02
1.075027582984375840e+02
1.062514985007137511e+02
1.043663707113209966e+02
1.079995477100528660e+02
1.072546011145786906e+02
1.090427020362794792e+02
1.106299249589155806e+02
1.149216580389211231e+02
1.181480981974027600e+02
1.122005803764350276e+02
1.121341884531939286e+02
1.113439541073548753e+02
1.143068751256068936e+02
1.117376217097435074e+02
1.065234799373765782e+02
1.075739583091735767e+02
1.103007654784933038e+02
1.089349680100804107e+02
1.102625638736963083e+02
1.088448363437228181e+02
1.120861125628853188e+02
1.152179246613504802e+02
1.151770556206374749e+02
1.159776554722793662e+02
1.179819980443071472e+02
1.164478246986545855e+02
1.169462041216738726e+02
1.185161551712008077e+02
1.201732392182975673e+02
1.208669113072019172e+02
1.170794732893900800e+02
1.150296413017185841e+02
1.145344668927900784e+02
1.152582564349295353e+02
1.161582373329201801e+02
1.162446221000445803e+02
1.179023581752207974e+02
1.145965511821441396e+02
1.088687770631113381e+02
1.072943223246529669e+02
1.037560482453054647e+02
1.045313134011348666e+02
1.030963418767169060e+02
1.017644122543042613e+02
9.851972800323619595e+01
9.565730920039641205e+01
9.705153360923486616e+01
9.538464405123431789e+01
9.827332979587845330e+01
9.490543501682896022e+01
9.701100960956227937e+01
1.001563868146158711e+02
9.641218486761590611e+01
9.497682956875723903e+01
9.274292186462480458e+01
9.472503404508461244e+01
8.939823425050963124e+01
8.999626100993555156e+01
8.784704582709036913e+01
8.812613619876719895e+01
8.959456131193564943e+01
8.989327039756972226e+01
8.965146830615594808e+01
8.917361299629919813e+01
9.138750405398604926e+01
8.721356154723980580e+01
8.984725091743166558e+01
9.008836831643202459e+01
8.544854167680387036e+01
8.775041388654881303e+01
8.680647490162391477e+01
8.790628781649593293e+01
8.733818531250744854e+01
9.186688017652249982e+01
9.271296704533779121e+01
9.081471620979391446e+01
9.573327668952788372e+01
9.572669128139477834e+01
9.772236579719810834e+01
1.014114433652912339e+02
1.005185016340992661e+02
1.010515051426000355e+02
9.664576750381365855e+01
9.878112986895666836e+01
9.683930163973309391e+01
9.782432065140073973e+01
9.089950775719171361e+01
8.966669728048873367e+01
9.114572449929073628e+01
8.182017944434755918e+01
7.926411622220985009e+01
7.788115520796600322e+01
7.665637638226235140e+01
8.050449968345128582e+01
8.066241676836034458e+01
7.853267377105839842e+01
7.813528963153567020e+01
8.278189905491126410e+01
7.597960515657632641e+01
7.723425183333074528e+01
7.573551829097777954e+01
7.361691233630244824e+01
7.161837457117235317e+01
7.305205106614084798e+01
7.355816040760146279e+01
6.948305523869839817e+01
7.097258550006972655e+01
7.327831749780580139e+01
7.225765207489621389e+01
7.472530061473753449e+01
7.618914318939368968e+01
7.787625538677002623e+01
7.781395625099412428e+01
7.456377253226582980e+01
7.348374924877134617e+01
7.384867893620048562e+01
7.202314792405741173e+01
6.991695357328262617e+01
6.921367657410246466e+01
7.171036492988514510e+01
7.291638491024968971e+01
7.069999892543273745e+01
7.058009962323649233e+01
6.805931455489917425e+01
6.853458253629560204e+01
6.969659767717348586e+01
7.010661368796809256e+01
7.137007769525826006e+01
7.229090771979372221e+01
7.439826694019029674e+01
7.269910674183120136e+01
6.917792158370411926e+01
6.892275988480923843e+01
7.104667727764444862e+01
7.216069738344049256e+01
7.198925697356480669e+01
6.602249998685965693e+01
6.705944809438005905e+01
7.107654573714262369e+01
7.101019149987314449e+01
7.144270778287591384e+01
7.477573008202853089e+01
7.514172822514228756e+01
7.571251491909697506e+01
7.402387559844919451e+01
7.377123543448033161e+01
7.707789195188706799e+01
7.377871625149418833e+01
7.269575683265338739e+01
7.285482123889505601e+01
7.351572735568242933e+01
7.415940605288051302e+01
6.855687646588648931e+01
6.996758192643210350e+01
7.146864368311344151e+01
6.962015526665800280e+01
6.854405301371025416e+01
7.028734063851425162e+01
7.107430949335594050e+01
7.272227876792749157e+01
7.383482098046442843e+01
7.338102827727379918e+01
7.479898300177774217e+01
7.309700703629732743e+01
6.785145898443988699e+01
6.892569578178427037e+01
7.267109948076267756e+01
7.381150277810684202e+01
7.324957375977373886e+01
7.093553972166137100e+01
7.080227296974135243e+01
7.247577606784307136e+01
7.074444062237944308e+01
7.251479477279553976e+01
7.626110769355091179e+01
7.830788479345937958e+01
8.023140804273316462e+01
8.185567366236045928e+01
7.913196910504120751e+01
8.068419327577521472e+01
7.716266776813426986e+01
7.763936437550000846e+01
7.995616551588227594e+01
7.516369363174180762e+01
7.658225229919844423e+01
7.705185763700046664e+01
7.855875451825613709e+01
7.926899169554508262e+01
8.082058691874499345e+01
8.175714664405222720e+01
7.966648572578105814e+01
8.335668140443976881e+01
7.796674868108129886e+01
7.589779004814863583e+01
7.193342179845603823e+01
7.186875754252196202e+01
7.291240338909938146e+01
6.979507056505826768e+01
6.933175178087731183e+01
7.280650671748207969e+01
7.051657964483638352e+01
7.299371552957290987e+01
7.115462099109754490e+01
6.942923774656082969e+01
7.077030161878610670e+01
7.315922953272547602e+01
7.083528416575791198e+01
6.952731886356832547e+01
6.949710831551237789e+01
6.769904766063882562e+01
7.005054403529447882e+01
7.043173075877712108e+01
6.823682467591061140e+01
6.890446948269618588e+01
6.481640610604517860e+01
6.452640356622487161e+01
6.772959568713849876e+01
6.683991282135775691e+01
6.896816505941205833e+01
6.808273183008986962e+01
7.000354583237913175e+01
7.369702706307907647e+01
7.142934866290397622e+01
7.324526646997219359e+01
7.285477231112054142e+01
7.227430716280287015e+01
6.521252310729960300e+01
6.480214019986487983e+01
6.596525378467049450e+01
6.922794473029171058e+01
7.058930753024378646e+01
6.905475591267622804e+01
6.996503939941521821e+01
7.302030658046987810e+01
7.349829905367096217e+01
7.823508163661972503e+01
7.497722766808601591e+01
7.757304897231824725e+01
7.548614738694868720e+01
7.715737266968972108e+01
7.912509389790375280e+01
7.996210072425492399e+01
8.329175123382356105e+01
8.378214544077764003e+01
8.472992152875940519e+01
8.180614428773878899e+01
8.101886190693130629e+01
8.135854084839411371e+01
8.483895977147767553e+01
8.364160912530860514e+01
8.615426852027940186e+01
8.744840317756916193e+01
8.950793523995162104e+01
8.729268817644515366e+01
8.903486332473403309e+01
8.948378342918840644e+01
9.166842902317239350e+01
9.228077811122420826e+01
9.734311602565230714e+01
9.530121043473627651e+01
9.652992232629549108e+01
8.999717241436519544e+01
9.345461195898587903e+01
9.141039250149606232e+01
9.161832744272396667e+01
9.270031578166708641e+01
8.603872888730256818e+01
8.402380277798147290e+01
8.186911431963380892e+01
8.351116293963241333e+01
8.485760102044514497e+01
8.267305554657377797e+01
8.392457205685514054e+01
8.390281651606073865e+01
8.527877955760413897e+01
7.750248168423786410e+01
8.176107734756897116e+01
7.444925755580788973e+01
7.518516374403861846e+01
7.361265568024646200e+01
7.054207572474479093e+01
7.099369884511634154e+01
7.405378513362575177e+01
7.336120348167423799e+01
7.375888196218784287e+01
7.517316333916551230e+01
7.347430884930145112e+01
7.289959846625697537e+01
7.169380267477845337e+01
7.206694898759360512e+01
6.595107841888602707e+01
6.646607580951695127e+01
6.265673761390826257e+01
6.505999724623234215e+01
6.810735261904483195e+01
6.723142097703293985e+01
6.446495201083052962e+01
6.452951982127160591e+01
6.424832356518254528e+01
6.642213726914178551e+01
6.584125432871496741e+01
6.601187564080100856e+01
6.492986596808350441e+01
6.349437568963730882e+01
6.540340898567228578e+01
6.927624282774468156e+01
7.164447484590618842e+01
7.238227815697791812e+01
7.281842663947645633e+01
7.220174734714419174e+01
6.933536131143318926e+01
7.093989640826657705e+01
6.987324100671503402e+01
6.957200103597733687e+01
6.771757841942508094e+01
6.615834842394997395e+01
6.682560589972399612e+01
6.951128626814715972e+01
6.738042712928017863e+01
6.699879383332518046e+01
6.212291237093813834e+01
6.195464931347305537e+01
6.195563565091288183e+01
6.435452999866447499e+01
6.379589433551427646e+01
6.366554063304465672e+01
6.601210477989843639e+01
6.923635623688460328e+01
6.700316375933471136e+01
6.990601432953735639e+01
6.961992010460471647e+01
7.420226219317737559e+01
7.470126678582164459e+01
7.531953562838134530e+01
7.507360289111056773e+01
7.651271621042087645e+01
7.829735484970842663e+01
8.071774345525500394e+01
7.897412747052749182e+01
7.680528415998560376e+01
8.012296801868887997e+01
8.338085537303868477e+01
8.500817418387123325e+01
8.791765416978250869e+01
8.954526738796994323e+01
8.437778486564184277e+01
8.271672350011976960e+01
8.110334290721675643e+01
8.397297123044882028e+01
8.725547769923105079e+01
8.495481766211014474e+01
8.508643355447475187e+01
7.916728227611019975e+01
8.253718918498907442e+01
8.664857335821034212e+01
8.755599683677974099e+01
8.869282903909697779e+01
8.925560990815483819e+01
9.220101206093386281e+01
9.311687665682984516e+01
9.720886413535572501e+01
9.785063943980458134e+01
1.004779461941898262e+02
1.041479208786431627e+02
1.063070478873996763e+02
1.008316225339704033e+02
1.033256691255883197e+02
9.878002537902193581e+01
9.702813140468151687e+01
9.668446364725332387e+01
9.428160219676465204e+01
9.402536659285487985e+01
9.527586906721626292e+01
9.381812463929963997e+01
9.380384298038461566e+01
9.485752537942698837e+01
9.647593396775027941e+01
9.506061047485945892e+01
9.806048371564520494e+01
1.015560554065086762e+02
9.893336515767168748e+01
9.383256762299879483e+01
9.675519428609186434e+01
9.510569224903065333e+01
9.607227346587751526e+01
9.742698416093753622e+01
9.771079484935762594e+01
9.358914114156323194e+01
9.476358187470941630e+01
9.393105638814267877e+01
9.769329901558103302e+01
9.754500407043087762e+01
9.786320911017355684e+01
9.794377049715058092e+01
9.897101733426552528e+01
1.026906860833096289e+02
1.029851376260294273e+02
1.049616576388589237e+02
1.052017187763867696e+02
1.076206354479772926e+02
1.061896554341738010e+02
1.055590248998214520e+02
1.018159184549867859e+02
1.029399762121638560e+02
1.019020836229947236e+02
1.037144068365314524e+02
9.835682962164173659e+01
9.826843069078313420e+01
9.579116397354300716e+01
9.302901082995049364e+01
8.795870861059574963e+01
8.934799006842331437e+01
8.833808811349172174e+01
8.763163777922727604e+01
9.182427472813833447e+01
9.250172914693121129e+01
9.102906579353657435e+01
8.825152387114212615e+01
8.541515725506997114e+01
8.381123651070265623e+01
8.542686273714116396e+01
8.225689293080813513e+01
8.205633583005419496e+01
7.744144111760851956e+01
7.854125079684672528e+01
7.743752925343324023e+01
7.719243498076139076e+01
7.741032473281120474e+01
7.482979103203251725e+01
7.746081109136321174e+01
8.280798816219430591e+01
8.140032303239331668e+01
7.948100135326239979e+01
8.168717829513934703e+01
8.056037257998559653e+01
8.443819240963512129e+01
8.548936359780600469e+01
8.427772975100742769e+01
8.034073480569531966e+01
8.373957669633819023e+01
8.533260832236010174e+01
8.855202820684917242e+01
9.143694563227381877e+01
8.977576587796829699e+01
8.863055614286531636e+01
8.921886333521069901e+01
8.645098564173258637e+01
8.679195413278102933e+01
8.525281709070986835e+01
8.529939335980179749e+01
8.333866558229783550e+01
8.426268592410269775e+01
8.433962088743373897e+01
8.482910619667472929e+01
8.838017451995347074e+01
8.787746021311158984e+01
8.949696266706177994e+01
8.923843151530581963e+01
9.136008736413623410e+01
9.120455742572994495e+01
9.159238749397354695e+01
8.983956377948834415e+01
9.034502488082489435e+01
9.058431987242875039e+01
9.309494888784229261e+01
8.897650082378186198e+01
9.253811417228916980e+01
9.242896490119892405e+01
9.359621221844827232e+01
9.381087336790551490e+01
9.512139688468505483e+01
9.496383333129142557e+01
9.823825065443088533e+01
9.461977510162796534e+01
9.321081646534366882e+01
9.036004505130404141e+01
9.274720793814412900e+01
8.853935594827635214e+01
8.981662068032164825e+01
8.943904749638295471e+01
9.049206186396259000e+01
9.275886904559956747e+01
9.549547380983494804e+01
9.625245907391217770e+01
9.375864907506456802e+01
9.403208439878108038e+01
9.387089637321969349e+01
9.633488013474470790e+01
9.752904332180514757e+01
9.653696295475674560e+01
9.544329371197090950e+01
9.354678503499417275e+01
9.446195047565561254e+01
9.580042920149298880e+01
9.586420729392648354e+01
9.333805705313898216e+01
9.602318573553202441e+01
9.637676538690720918e+01
9.539403816041976825e+01
9.567061922852462885e+01
9.720879714652073744e+01
9.783799126004578284e+01
9.980623688147989014e+01
1.006640415633410157e+02
9.946793935216555838e+01
1.021822876990299847e+02
1.029474184068703835e+02
1.005369124312210261e+02
1.004445561497041126e+02
9.961876480414048274e+01
1.004637855274131653e+02
1.026756394700587407e+02
1.035861718066107642e+02
1.035161396706607775e+02
1.048224095264977223e+02
1.027111142176818248e+02
1.036709270198716695e+02
1.007642270982305490e+02
9.827667302039481001e+01
9.565823724960500840e+01
9.737648619503579539e+01
9.900141540024196729e+01
9.707494452132868901e+01
9.444527388737333240e+01
9.099541671233782836e+01
9.322225818658444041e+01
9.469044856611526484e+01
9.479678251561654179e+01
9.651684979354922689e+01
1.001609336334240652e+02
1.032823069576470516e+02
1.037238922839114821e+02
1.070146347625177441e+02
1.095706039294509537e+02
1.098057836553252855e+02
1.117205346504588306e+02
1.116250254238657362e+02
1.147700812411812876e+02
1.140256653910782916e+02
1.147957449250907302e+02
1.151192532032109739e+02
1.172887430368418791e+02
1.167534004222070507e+02
1.187458551347453977e+02
1.177233534191573199e+02
1.172404281151038958e+02
1.186739178501820788e+02
1.197844418255526762e+02
1.214162673059818189e+02
1.235511362921415639e+02
1.251050854922732469e+02
1.248360096220067135e+02
1.274019361104828931e+02
1.240137841524647229e+02
1.232932705950570380e+02
1.235180714295102007e+02
1.222815028300492486e+02
1.234456271739736621e+02
1.245688730037163623e+02
1.214346546345432216e+02
1.158634944896612069e+02
1.174896218367430265e+02
1.107148539429690572e+02
1.078122919509169151e+02
1.100398795032124326e+02
1.125742578312720070e+02
1.121040971451157020e+02
1.104457080634347221e+02
1.103707138146091893e+02
1.115434871617435419e+02
1.089996604018606376e+02
1.080903607711652512e+02
1.109567962878491016e+02
1.106597642247870681e+02
1.103731845150086883e+02
1.083550109649231672e+02
1.108622926234411352e+02
1.111943268496261226e+02
1.089791681964125019e+02
1.110899556007789215e+02
1.015034680026847127e+02
1.027065065873503045e+02
1.014169625359345446e+02
1.032207089704406826e+02
1.027245548549008163e+02
1.005859007522467437e+02
9.988372999833609356e+01
1.034995143349478894e+02
1.060523533356508779e+02
1.065081985218739646e+02
1.076638911392647060e+02
1.052756311404955341e+02
1.045217596527872956e+02
9.955305557995325216e+01
1.019285130172656864e+02
1.040303746734762171e+02
1.046026733515845990e+02
1.066785003008808417e+02
1.035668044277617810e+02
1.017688890411145621e+02
1.032043510730645721e+02
1.011637998210353544e+02
1.006158354437948219e+02
1.002104206644562510e+02
9.963824390172248968e+01
9.912405219375432353e+01
1.003279360857141000e+02
1.019822227060012665e+02
1.023014278318923971e+02
1.012118981692656234e+02
1.024193189414718290e+02
9.807297329235916550e+01
1.013452838307757702e+02
9.823908399865194951e+01
9.883576228035053646e+01
9.673237891051030601e+01
9.891959713918731723e+01
1.009751092721680834e+02
1.019543352223854527e+02
9.461451831282010971e+01
9.563729245652848476e+01
9.490304200378614041e+01
9.718079001676596818e+01
9.654464733205986704e+01
9.484199889221872581e+01
9.614492821650401311e+01
9.799652205617348955e+01
9.708695276034541166e+01
9.540712618411271251e+01
9.378147806024298916e+01
9.343454450671470113e+01
9.544544085363486374e+01
9.418877657351367816e+01
9.539583477885480534e+01
9.670473486293485621e+01
9.742363651575578842e+01
9.848510270056522131e+01
1.000625960661882345e+02
1.038892275790994972e+02
1.033309907813472819e+02
1.011309497364945855e+02
1.037203546172358983e+02
1.028273383610148812e+02
1.040561559811667394e+02
1.034122847435028234e+02
1.007108506455642782e+02
1.038225097255199216e+02
1.062912136675877264e+02
1.100438273972786192e+02
1.099345768379798756e+02
1.114529517217806642e+02
1.112090752529420570e+02
1.140724089553086742e+02
1.158090008614080944e+02
1.157388009535579840e+02
1.150551778619455945e+02
1.137312526936357244e+02
1.147238205487074083e+02
1.142380454832255054e+02
1.143682731188710022e+02
1.137775506641401080e+02
1.136201763415519963e+02
1.093359608885939451e+02
1.110558551960175464e+02
1.126047360707907501e+02
1.104413517738057635e+02
1.108626495438502388e+02
1.141480980552341862e+02
1.148267949921082618e+02
1.157773077512101736e+02
1.179771382892477050e+02
1.170760596184463793e+02
1.108742712480661794e+02
1.097940668208002535e+02
1.075110868045730967e+02
1.084680904846827616e+02
1.072423614460121826e+02
1.049373294240722316e+02
1.053720671247228893e+02
1.037649334659181477e+02
1.035487273268881836e+02
9.662736630173822050e+01
9.771630743572495703e+01
9.897891736917063099e+01
9.637186414750431140e+01
9.520161044423457497e+01
9.516757600737037137e+01
9.610423904763320024e+01
9.585141294499771902e+01
9.452674441656017734e+01
9.466590148764043988e+01
9.028410739404080232e+01
9.181635987643767294e+01
9.327432235325795773e+01
9.231997228277941758e+01
8.876761971586165600e+01
8.826858426753005915e+01
8.695282953002970316e+01
8.812801127765942510e+01
8.591191938637712155e+01
8.724330048424144479e+01
8.629617645406051452e+01
8.692344822795621440e+01
8.540618132496456383e+01
8.539537602381369652e+01
8.588702799513976061e+01
8.646051223921676865e+01
8.925100802502674924e+01
9.119181669233694265e+01
9.250712769551773818e+01
9.172015905258467683e+01
8.970923525833313761e+01
8.989888797851381241e+01
9.123827789659935661e+01
9.254533711310068611e+01
9.350838759366706654e+01
9.745813198116502463e+01
9.733964540904526075e+01
9.360827910825628351e+01
9.086483889086321142e+01
8.767256618768169574e+01
8.952900739684810105e+01
8.647003250915713579e+01
8.579601365593225637e+01
8.698257471006490960e+01
8.602716654288997233e+01
8.425895230512378475e+01
8.417998956288829504e+01
8.107826795974415290e+01
8.184427936580686946e+01
8.152950279363358277e+01
8.226139726029396115e+01
8.257708043151797028e+01
8.084820456926263432e+01
8.263225355116173887e+01
8.121639988784136222e+01
7.180633953774213296e+01
7.148327626406262425e+01
7.184737112814309512e+01
6.962868219354641042e+01
7.173297137567897153e+01
7.101196223848819500e+01
7.333274115505537338e+01
7.314622139664697897e+01
6.971914119939447119e+01
6.900686845125801483e+01
6.908316200251465489e+01
6.784289126596377173e+01
7.001786208991961757e+01
6.904164302239769313e+01
6.645932937324141676e+01
6.615742463415426755e+01
6.876633131650214636e+01
7.031010610054636345e+01
7.017376669541408774e+01
7.042776570777186862e+01
7.129501191215695144e+01
7.126674072885907663e+01
7.134233484905143996e+01
6.790599880739409855e+01
6.764222829887421540e+01
6.147721630360319978e+01
6.089943855565161357e+01
6.079072672349047934e+01
6.144932898913521058e+01
6.216161002658463985e+01
6.298084867628585926e+01
6.237231244072336267e+01
6.197262693594620941e+01
6.333297008900171932e+01
6.304377723646757659e+01
6.042847398446883744e+01
6.250029536851161538e+01
6.341260466551466379e+01
6.432133165833238309e+01
6.082938403231401026e+01
6.085252993207268446e+01
6.207469874485104810e+01
5.946822770875951392e+01
5.798367657802646136e+01
5.918323186747147702e+01
5.786008838999350701e+01
5.710871388233135804e+01
5.724990186225568323e+01
5.638030630531011411e+01
5.715508679993945407e+01
4.828412717757055361e+01
4.693986931270865171e+01
4.875065713870662876e+01
4.803609248768134421e+01
4.369234537985903444e+01
4.470110383330666082e+01
4.313946590295745409e+01
4.200736898929153540e+01
4.407612175134727295e+01
4.721803196725795715e+01
4.883969894857091276e+01
4.864215938181496313e+01
4.893243476226416533e+01
4.653204721258862264e+01
4.633200020374624728e+01
4.736476523564033414e+01
4.619884312424983364e+01
4.308630695789906895e+01
4.163956478701948072e+01
4.027370891593636770e+01
3.976150233848420612e+01
4.211830687141718954e+01
4.366817695679765166e+01
4.565380148460644705e+01
4.797849987959853024e+01
4.910586024158874352e+01
4.670297248840688553e+01
4.646877271692028444e+01
4.750124577808946924e+01
4.808329627832699771e+01
4.979384436613872822e+01
4.911710714787113830e+01
4.844025404690819414e+01
5.039660163531516446e+01
5.063034421190604917e+01
4.780845554012466891e+01
4.822924380620042939e+01
4.954663929692560487e+01
4.907359945013740798e+01
5.057798224778434815e+01
4.837042201962594845e+01
5.035777998634330288e+01
5.060103020310634747e+01
5.181839970929650008e+01
5.256189835589157155e+01
5.553365829844642576e+01
5.641958083359804732e+01
5.723533935431532882e+01
5.823243286790147977e+01
6.004346519914179225e+01
6.061670330226934311e+01
6.096854626323511184e+01
6.168484341230396240e+01
6.270909335914984695e+01
6.319873114356687438e+01
6.346789459715546400e+01
6.196357864030414930e+01
6.063522407953314541e+01
5.681124944453767966e+01
5.548693886265209585e+01
5.179614047001905419e+01
5.289094310581367608e+01
5.197495481662281236e+01
5.176492018942735740e+01
5.219207057174935471e+01
5.160468905261313921e+01
5.240579712546787050e+01
5.021821846018065116e+01
4.794300408527033142e+01
4.802413355357839464e+01
4.852692334588209633e+01
4.957735373352170427e+01
5.019623338167366455e+01
4.778130057019643573e+01
4.944746201264024421e+01
4.776072467277390388e+01
4.674241610402623337e+01
4.754149888146912417e+01
4.913211174388197833e+01
5.073099051668577886e+01
5.284842289438256557e+01
5.135057688241613505e+01
5.173484354239280947e+01
4.797222337544280890e+01
4.667748895135355269e+01
4.763110371617403871e+01
4.594379993076472601e+01
4.564888046313444647e+01
4.591477468076300283e+01
4.605947736585585517e+01
4.176699514868232654e+01
3.818834698957834917e+01
3.932182801171256870e+01
3.849051716500798648e+01
3.923003062599946134e+01
3.910407805157592520e+01
3.898019855216080032e+01
3.954198418255782599e+01
4.045019733520803129e+01
4.126672429774953343e+01
4.133479289638034970e+01
3.566466417102583364e+01
3.505343138869284303e+01
3.514508163268510543e+01
3.581304317776539392e+01
3.722356856999340380e+01
3.760138662536064658e+01
3.819349820871684642e+01
3.765821099662389315e+01
3.889221041026303283e+01
3.810025392198258487e+01
3.740422107369340665e+01
3.793536627556659369e+01
4.042592339494331100e+01
3.833657595919339656e+01
4.017140680722786783e+01
4.101994627818112349e+01
3.831080778786417795e+01
3.928982221603746439e+01
4.042410677189400303e+01
3.976481532691013854e+01
3.903254878253028437e+01
3.797374377310552518e+01
4.029993192396523227e+01
4.001769891412186553e+01
3.245638305820921232e+01
3.320845110106893117e+01
3.452584992184438306e+01
3.517915102311690134e+01
3.649411342585881357e+01
3.860827022548437526e+01
3.837714734932978899e+01
3.929735503576011979e+01
4.095460899749286909e+01
4.268228648391141178e+01
4.246856253973055573e+01
4.215783497432312288e+01
3.993355113262987288e+01
4.088575496553312405e+01
4.194140191974656773e+01
4.174043677233294147e+01
4.007746593997489981e+01
4.017525063326593227e+01
4.280658399578896933e+01
4.031831550686183618e+01
3.856991396686498774e+01
4.029993085108890227e+01
3.970259369574978336e+01
4.146569994570108975e+01
4.108532136928988621e+01
4.183314452136346517e+01
4.204111092633957014e+01
4.241387828672577598e+01
4.272949362965118780e+01
4.488947727451068204e+01
4.421504142808498727e+01
4.307183223132415151e+01
4.473798753072333056e+01
4.582812201048091083e+01
4.655458382086635538e+01
4.827564762518159114e+01
4.681532198650256760e+01
4.826354930890011019e+01
4.933495070078060962e+01
4.831836654623020877e+01
5.001062159392949980e+01
5.043556464574066922e+01
5.098445015964080085e+01
5.139196262971927354e+01
5.157018740650619293e+01
4.902711715478562837e+01
4.835360407322787069e+01
4.911950711498320743e+01
4.721502889444400353e+01
4.785487598592771974e+01
4.445926562984641350e+01
4.279548480231005669e+01
4.312123655557024904e+01
4.404515206518044579e+01
4.558362334966022900e+01
4.639246691719745286e+01
4.262365050370681274e+01
4.153355372781788901e+01
4.248576187963953998e+01
4.301639455188433203e+01
4.496986514999480278e+01
4.679216666829051974e+01
4.646838612731698959e+01
4.350626991878834815e+01
4.532415327205308131e+01
4.717345024509722862e+01
4.706425703190052445e+01
4.757439119417904294e+01
4.880621886739209003e+01
4.893467032149328588e+01
4.997540495527300664e+01
5.116362697219483380e+01
5.073780563634318241e+01
5.063411862095927063e+01
5.192774877026931790e+01
5.272039760866118741e+01
5.334185142720525619e+01
5.185195981501328788e+01
5.489861550614023145e+01
5.624964683256712306e+01
5.635012700980041700e+01
5.528431464996901923e+01
5.695500920825452340e+01
5.623672328920292784e+01
5.444744279906899465e+01
4.975811399073154462e+01
4.880406994736677007e+01
4.968248773875075130e+01
4.347638755639127339e+01
4.520941208132899192e+01
4.457323228828408901e+01
4.476639093888570642e+01
4.549252510962196538e+01
4.691639517030671414e+01
4.486691364280704875e+01
4.489266038019104599e+01
4.558037524752944591e+01
4.683508959517621406e+01
4.755286763309686648e+01
4.509851041284946405e+01
4.530502558114767453e+01
4.813249307194655557e+01
4.526334213620248192e+01
4.466605229587366921e+01
4.486584025679985643e+01
4.612102023199895484e+01
4.719678648066746973e+01
4.725594309352072742e+01
4.716711631564703566e+01
4.883096783294695342e+01
4.942622176010081603e+01
4.979976600884765503e+01
4.918110629529110156e+01
4.815797714564814669e+01
4.714765529514443188e+01
4.887370406988702598e+01
4.879152733782666473e+01
4.715915050252533547e+01
4.626509242301835911e+01
4.697564379579671368e+01
4.628339997099737957e+01
4.390271915775610978e+01
4.593310823643787444e+01
4.727857763415795489e+01
4.855260040107350505e+01
4.876346334640948044e+01
4.751090313844451885e+01
4.808988212759868475e+01
4.695900623456418543e+01
4.778952521703922685e+01
4.788825268111668265e+01
4.896900660441315267e+01
5.018986024094374443e+01
5.071114171838053153e+01
5.106497684360147105e+01
5.213557222748204367e+01
5.265117860575082886e+01
5.261954727369356988e+01
5.233272131395096949e+01
5.221749178774098255e+01
4.999815484446025948e+01
5.081533417483660742e+01
5.248887946778904734e+01
5.255427536347997375e+01
5.257161229802113667e+01
5.178548065547420265e+01
4.998936792648964911e+01
5.003366381989962974e+01
5.146581032786070864e+01
5.161709736085776967e+01
5.143218185276236909e+01
5.324533605529995839e+01
5.383212799935790827e+01
5.380985651718310692e+01
5.346803685918348492e+01
5.297904995330372913e+01
5.375174627064097876e+01
5.494475203549609432e+01
5.364203539491427364e+01
5.319693532607561792e+01
5.426643349152436713e+01
5.601130007970095903e+01
5.669124592930165818e+01
5.779120016269007465e+01
6.017496526390641520e+01
6.106666801339270023e+01
6.015677941778085369e+01
6.066134525641609798e+01
6.023399513630374713e+01
6.127366912877278082e+01
6.180754761362004501e+01
6.234015891872059001e+01
6.352487156615916319e+01
6.128413628263297142e+01
6.304559986628100887e+01
6.192038711388795491e+01
6.064876031100448017e+01
5.991959469471112243e+01
5.874170289521043742e+01
5.834514792236132052e+01
5.876885441139074828e+01
5.955369633812188113e+01
6.080809697142740333e+01
5.994989600320877798e+01
6.039638225709586550e+01
6.089785567875333072e+01
5.824220081154635409e+01
5.733205087575606740e+01
5.935169065645823139e+01
6.028548243651130178e+01
5.763863197373120784e+01
5.894154470221474185e+01
6.142513006435729039e+01
6.379864550228739972e+01
6.398260008233228291e+01
6.179151119626112632e+01
6.166689623786987795e+01
6.302230134853198251e+01
6.287285956920550234e+01
6.334318998686558189e+01
6.291984058558955439e+01
6.181998334758281999e+01
6.111217384169231082e+01
6.216666698499466293e+01
6.172994810322143167e+01
6.288944878669644822e+01
6.373521496837111044e+01
6.469726274978711444e+01
6.622343706922583806e+01
6.658706424192132545e+01
6.556316431946106604e+01
6.607402786276452389e+01
6.666370918469237949e+01
6.699151939076364215e+01
6.603637457285549317e+01
6.792120024643281795e+01
6.908672147393644991e+01
6.853126712306493573e+01
6.699284777496450261e+01
6.713864868867494806e+01
6.727546835559405736e+01
6.600778227835144207e+01
6.733442957744500745e+01
6.406370935044378712e+01
6.475990441441717849e+01
6.605781425611439772e+01
6.574858016977395891e+01
6.716808438314910745e+01
6.653138691166986973e+01
6.805634013719190989e+01
6.667936078496404662e+01
6.806260665446552593e+01
6.798523118354387407e+01
6.857494591875820333e+01
6.735588829247353715e+01
6.761038666498097882e+01
6.775939118556834728e+01
6.602212947415682720e+01
6.754289646965298743e+01
6.614669345861784677e+01
6.765922823130495090e+01
6.706410735933150136e+01
6.766584696654626896e+01
6.824910621274193545e+01
6.927807458014012809e+01
6.898101594837044104e+01
6.990570788695549709e+01
6.936385147157943720e+01
7.061493591232374456e+01
7.124429224918731052e+01
6.966777751507197536e+01
7.086351837323582004e+01
6.903284937130865728e+01
6.821676052881230135e+01
6.616700486456375074e+01
6.499668542507970415e+01
6.595039257201005967e+01
6.530467652296192682e+01
6.525597300239951437e+01
6.541021453054327139e+01
6.332039408576292772e+01
6.216053218608249153e+01
6.139005090127648145e+01
6.120843956158023502e+01
5.947389120995194389e+01
5.808918920750784309e+01
5.804492385830690182e+01
5.810749332234809117e+01
5.783453719578301389e+01
5.940261096594531409e+01
5.960816114654517150e+01
5.879278331906425592e+01
6.066700787386525917e+01
6.055512309973437368e+01
6.020728036923446780e+01
5.925509343825524411e+01
5.844359650946535112e+01
5.759370287551610090e+01
5.809801546998460253e+01
5.789436955753444636e+01
5.847339507536980818e+01
5.779818521051402058e+01
5.909093967469834752e+01
5.789038285873266432e+01
5.868139969365893194e+01
5.950335276823170716e+01
5.931754654650194425e+01
5.638135925603910437e+01
5.611235026528356684e+01
5.746979537391325721e+01
5.769254705430921604e+01
5.638284549419040559e+01
5.531384577565677318e+01
5.659324765048586414e+01
5.455344009112559434e+01
5.604909468077221391e+01
5.673583343551581493e+01
5.818574094996711210e+01
5.877987267066055210e+01
6.045061875024566689e+01
5.959545511400210671e+01
6.039481873948079738e+01
6.115705506241010880e+01
6.007739819787366287e+01
5.953783794699120335e+01
5.978416531624770869e+01
5.827879649531405448e+01
5.878605771650654788e+01
5.899991903254704084e+01
6.079590448608178122e+01
6.042801412119115412e+01
6.162821338148660288e+01
6.326823149823667336e+01
6.376658339451023494e+01
6.357524542946339352e+01
6.517966170968702500e+01
6.721168491245407495e+01
6.737168702294275136e+01
6.832910747639925830e+01
7.013741221201144072e+01
7.139660624298721814e+01
7.139403229951858521e+01
7.107353428823535069e+01
7.268897148697669763e+01
7.397745553519507666e+01
7.421896174849462113e+01
7.459417908883642667e+01
7.316090808913395449e+01
7.360278258348262170e+01
7.054909446056353772e+01
7.046014051551173907e+01
7.071978863296953932e+01
6.990407592712836049e+01
7.090082017696113326e+01
7.225207549061542522e+01
7.210595633467892185e+01
7.315624800352543389e+01
7.287474085717713024e+01
7.195180535041799885e+01
7.251990281876715017e+01
7.377959202242163883e+01
7.130052608882851928e+01
7.255714765068478300e+01
7.447987263817685744e+01
7.321062303883263667e+01
7.518203070929030218e+01
7.436143991847620782e+01
7.346066332771533780e+01
7.308204831396233203e+01
7.488397289612112218e+01
7.573010440729194670e+01
7.446028054686848918e+01
7.422787913821775874e+01
7.588092967890770524e+01
7.509317858463873563e+01
7.523768813903370756e+01
7.507246897332879598e+01
7.305891813596372231e+01
7.310307926390487410e+01
7.327124471843399078e+01
7.427304591354004515e+01
7.251794074452118366e+01
6.867938314374987385e+01
6.850391961455261480e+01
6.613203414280360448e+01
6.624569721920033771e+01
6.628827656022622250e+01
6.753928847523729928e+01
6.868335895226300636e+01
6.750513318062803592e+01
6.857942914194609330e+01
6.880632380520637525e+01
6.902219770397823595e+01
6.447341789252095623e+01
6.383958201838140667e+01
6.357247042706239881e+01
6.401834073245845502e+01
6.224596568471952196e+01
6.204486464257297484e+01
5.962672607541207981e+01
5.790091810947706108e+01
5.614577460475265980e+01
5.559815666788745148e+01
5.554698688712232979e+01
5.498821001626401994e+01
5.495024170819033316e+01
5.453408212514750630e+01
5.472632788906958012e+01
5.551852036214950203e+01
5.629899270371606690e+01
5.505141520486540685e+01
5.434999456720288435e+01
5.530968239362846361e+01
5.327869687249767594e+01
5.449303434319426742e+01
5.388272070298262406e+01
5.442190435515931313e+01
5.525209302975235914e+01
5.697242772349454754e+01
5.660822507161901740e+01
5.726149887148767448e+01
5.576132046292423183e+01
5.736437968619520689e+01
5.753648511513347330e+01
5.805072463515170966e+01
5.805466205554239423e+01
5.881572553299247375e+01
5.706090303056316770e+01
5.637140860364979744e+01
5.760408102832207078e+01
5.639966433395784406e+01
5.552866586310483399e+01
5.544819923550403473e+01
5.594545919047777716e+01
5.617941017138764437e+01
5.663875643991104880e+01
5.741064157611162955e+01
5.876880665709813911e+01
5.901473669068309391e+01
5.808498894323111017e+01
5.740468984398376051e+01
5.797860779993243341e+01
6.009418463135716593e+01
6.055541337803060742e+01
5.956389518537162076e+01
5.983175393487636029e+01
5.991226981094587245e+01
5.950639604688876716e+01
5.757864693954343238e+01
5.822079198005576472e+01
5.725658257415216212e+01
5.656855165633805882e+01
5.715642108314568759e+01
5.896814994605938409e+01
5.961962951560326474e+01
6.074797367943665449e+01
6.088704030256030819e+01
6.179673367189298006e+01
6.252662570570737444e+01
6.272846333668621810e+01
6.284725019414418057e+01
6.343884920090113155e+01
6.422415463541165082e+01
6.544269587091457652e+01
6.545661231585563655e+01
6.099128502908297378e+01
6.170019843314003083e+01
5.991245209389489901e+01
5.750843924644323124e+01
5.677941276058663789e+01
5.633487685722775495e+01
5.650131242213865335e+01
5.630932921004750824e+01
5.711869368910720368e+01
5.801627049638864264e+01
5.791272263088194450e+01
5.878997220464225393e+01
5.970611365519289393e+01
5.880595331063159392e+01
5.833357220773723384e+01
5.968226971133299230e+01
6.077177361693611601e+01
6.116433703050643089e+01
6.158317772012105706e+01
6.234833607754353579e+01
6.192159636391897948e+01
6.248129298771800677e+01
6.264221292553702369e+01
6.273201809049896838e+01
6.221477904867879261e+01
6.371062204185091105e+01
6.341600896262661990e+01
6.213065074388032372e+01
6.130034050126778311e+01
6.201128395383693714e+01
6.278949604470108170e+01
6.130012504589831224e+01
6.113801701715055970e+01
6.139012731071034068e+01
6.225453928991646535e+01
6.293400840967296972e+01
6.159233345039592677e+01
6.072416344175235281e+01
6.042487965325562982e+01
6.142116696526500164e+01
6.133843679309120489e+01
6.265913030839237763e+01
6.227420221490137919e+01
6.223350899185243179e+01
6.286270855623934040e+01
6.303201566493953578e+01
6.262291346925212565e+01
6.190451158714040503e+01
6.275869497065923497e+01
6.269811202880737255e+01
6.412340415283142647e+01
6.482149198810839152e+01
6.567435945910619921e+01
6.686505970352573058e+01
6.764946432927808928e+01
6.866346777552826097e+01
6.717081954273635347e+01
6.545291277085379988e+01
6.645863237544108415e+01
6.701804162870575965e+01
6.823955809130256966e+01
6.897214880366482248e+01
6.932982945119056239e+01
7.015693425298741204e+01
7.097466989935583115e+01
7.040948734038465773e+01
7.122357842874043854e+01
7.094043082959615276e+01
7.038351527929171425e+01
7.086214208684486948e+01
7.105271425830233056e+01
7.110702118894187151e+01
7.104461788485969009e+01
7.083069301553859987e+01
7.242395709823267680e+01
7.292725739816887653e+01
7.339412635839835275e+01
7.287352007828394562e+01
7.200099417555975378e+01
7.258963723641227261e+01
7.309074372507529915e+01
7.455975772675083135e+01
7.473976858024980174e+01
7.484367308185028378e+01
7.555376024292309012e+01
7.721829060070376727e+01
7.730980899709538789e+01
7.745078794934397592e+01
7.828453877942138206e+01
7.761182117199859931e+01
7.836303993206274754e+01
7.788071934987783607e+01
7.870606053018036619e+01
7.780175307254194195e+01
7.783941082298224501e+01
7.697295685213794059e+01
7.586049454239309853e+01
7.763107201521961542e+01
7.758995503833921248e+01
7.754534767348923197e+01
7.773996736807384877e+01
7.883271220885035291e+01
7.987869006693017582e+01
8.044495831761651061e+01
8.104247511327776010e+01
8.184667353918030130e+01
8.178532084684775327e+01
8.164792565727657347e+01
8.194296594400384492e+01
8.268667714027560578e+01
8.159351103195058386e+01
8.052489966537814325e+01
8.131796646692600916e+01
7.995489616111990472e+01
8.069685902266610356e+01
7.942231592096868553e+01
7.808743920380129566e+01
7.633944421940759639e+01
7.746146330997817131e+01
7.641738410109701363e+01
7.638592258151038550e+01
7.644788824545139505e+01
7.756193640410583612e+01
7.598860278304982785e+01
7.675324888294289849e+01
7.740589712807923206e+01
7.725467463318454975e+01
7.668205744996521389e+01
7.624342625764256809e+01
7.392465344308129716e+01
7.299760789341053169e+01
7.336538854560967593e+01
7.388400428512795770e+01
7.331496408479142701e+01
7.394643096787876857e+01
7.425103244412366621e+01
7.494739921510790737e+01
7.594064237885231705e+01
7.593822415395698044e+01
7.688982260529883206e+01
7.520237088586691243e+01
7.448109785215365264e+01
7.490582147372606414e+01
7.585874695745042118e+01
7.630395007935294416e+01
7.512243746549938805e+01
7.557566701945324894e+01
7.659937990537946462e+01
7.719936072473410604e+01
7.713146863328893232e+01
7.815441568601545441e+01
7.851605055045638437e+01
7.862153407874393451e+01
7.949835805907150643e+01
7.955986947464953118e+01
8.001461859637220186e+01
8.092062071566670056e+01
7.994065525912355952e+01
8.047772185022677149e+01
8.156729272342545300e+01
8.158543964752061584e+01
8.166125990460568573e+01
8.115817155732747779e+01
8.245466079348079802e+01
8.189959716045450477e+01
8.283953776929683954e+01
8.341185546867200173e+01
8.286546324317441758e+01
8.297422185898358293e+01
8.302925947397034179e+01
8.385685409528468881e+01
8.538101950760301406e+01
8.610062621274209960e+01
8.506145984876002331e+01
8.465670112762381905e+01
8.497047118531372689e+01
8.424179159524010174e+01
8.467096678078360128e+01
8.472045638054714800e+01
8.540460026230812218e+01
8.567813772181034437e+01
8.615711696815378673e+01
8.650717680201796611e+01
8.732274268378296256e+01
8.743593230922215298e+01
8.811809584718503174e+01
8.905965641227339802e+01
8.876918928996474278e+01
8.915144939988658734e+01
8.752129537919063296e+01
8.755747361430621822e+01
8.667638004117907258e+01
8.639983214543281065e+01
8.773451745416423364e+01
8.690597601113313431e+01
8.640985194105633127e+01
8.640065051655437856e+01
8.619272163305413414e+01
8.586123433138436667e+01
8.614244488981148606e+01
8.683928767621455336e+01
8.684620066014576878e+01
8.712983731197800807e+01
8.733744941628719971e+01
8.677605684936952457e+01
8.698283397272643924e+01
8.675522012904730218e+01
8.640807574398513680e+01
8.636173831848191185e+01
8.709080983562853362e+01
8.721955877408981905e+01
8.728104272659857088e+01
8.725678282137141650e+01
8.784562148090026312e+01
8.720957141685357783e+01
8.851643381582744041e+01
8.846981303584652778e+01
8.818968386113374436e+01
8.829575889450370596e+01
8.714124562400320428e+01
8.621245544091198099e+01
8.671696046467968699e+01
8.673787921657822153e+01
8.698342765653342212e+01
8.647550097996099794e+01
8.708363612192533765e+01
8.629980451668870955e+01
8.656713826958275604e+01
8.709015281824304111e+01
8.835472820026279805e+01
8.920318968208903243e+01
8.992906412605225341e+01
9.017873918698023772e+01
8.868601400344687136e+01
8.818573977949927212e+01
8.948774860718822310e+01
8.934177742867541383e+01
8.857644779769452725e+01
8.788442232166107715e+01
8.842087346294738381e+01
8.866591464189059479e+01
8.835903151878937933e+01
8.819813490633714537e+01
8.833742053698370000e+01
8.837534382291505608e+01
8.868699546810057655e+01
8.954721385269840539e+01
9.008327023330457450e+01
8.997635388807066192e+01
9.038053296707403206e+01
9.016314390804836876e+01
9.024820353782615712e+01
9.080954390091119421e+01
9.174763326470201719e+01
9.084946957683769142e+01
9.057778839616094047e+01
8.972241266200944665e+01
9.062058445011552976e+01
8.980863840533129405e+01
8.982236056001056568e+01
8.891513086785926134e+01
8.955453970195321745e+01
8.973925425646484655e+01
9.028613616131951858e+01
9.101776211369906378e+01
9.177126137209961598e+01
9.213970471085303870e+01
9.231730459568825609e+01
9.169684155205777643e+01
9.238276563059935143e+01
9.141143467156507540e+01
9.093780089487609075e+01
9.032822590050454892e+01
8.997413011889420886e+01
8.930976133530930383e+01
8.882059817331810336e+01
8.935465468987422355e+01
8.999679131474294991e+01
8.939269410496217461e+01
8.889319304491800722e+01
9.022316075265462132e+01
9.023928299131330277e+01
8.961407866907757125e+01
9.046303323156553233e+01
9.082020905517038045e+01
9.114004172571276285e+01
9.177660194000600313e+01
9.194803308376503992e+01
9.233210694194349344e+01
9.211764043961193238e+01
9.096988842568498512e+01
9.196640686574664869e+01
9.304648354568598734e+01
9.395342447381426609e+01
9.371683068037145858e+01
9.328424263964916463e+01
9.248140394489109894e+01
9.263466187283756881e+01
9.214520252979764336e+01
9.202400190424123139e+01
9.128635340145501686e+01
9.147337449731003289e+01
9.118013358644202526e+01
9.157267233301263332e+01
9.150429901907682506e+01
9.181991378798375081e+01
9.212049642813781247e+01
9.150523733360932965e+01
9.193633866724576365e+01
9.240684642296673701e+01
9.247419647493279626e+01
9.217615715668489429e+01
9.103152003522063751e+01
9.106159194663723611e+01
9.111102964026031259e+01
9.154833020014848444e+01
9.211595888245028618e+01
9.133805653537638136e+01
9.176486148669118847e+01
9.142336900790633081e+01
9.069137951516222529e+01
9.077450753263292427e+01
9.113864111039492855e+01
9.115556819556604751e+01
9.026408611924762226e+01
9.007796445777057670e+01
8.836828203186269093e+01
8.976320883309654164e+01
9.082913028345774364e+01
9.126444080530927749e+01
9.173372335967087565e+01
9.217407796954921650e+01
9.119194039704780153e+01
9.170808916799705912e+01
9.172906447987770662e+01
9.208388945063416031e+01
9.256420308198266866e+01
9.243226971212607168e+01
9.312838400324926624e+01
9.407707582143302716e+01
9.309239386504941649e+01
9.322644408196811128e+01
9.336344862493206165e+01
9.329391302016574627e+01
9.297437998637542478e+01
9.296012080887157936e+01
9.238612240140537324e+01
9.296196495943877380e+01
9.211961465947115357e+01
9.238436639871270017e+01
9.323607932058894221e+01
9.251643288274681254e+01
9.331686748437368806e+01
9.388382507658207032e+01
9.275021257070602587e+01
9.323844027205814200e+01
9.066802768304205529e+01
9.105398501719537308e+01
9.075427874508204695e+01
9.093723507612048707e+01
9.145439820274987142e+01
9.120772529834721354e+01
9.099001520646288554e+01
9.100377667726479558e+01
9.124115831702420110e+01
9.126781756268519530e+01
9.113295982748513779e+01
9.119946233314840356e+01
9.070981939771536418e+01
8.995360090056965419e+01
9.002213828977346566e+01
8.957894380016114155e+01
8.867338464314616431e+01
8.855476258619000873e+01
8.948672875481770461e+01
8.950229051843689376e+01
8.923035682607496710e+01
9.003759433657160116e+01
8.987153108911843447e+01
9.013556257656910020e+01
9.039026142682268983e+01
9.086536040284227056e+01
9.111365077988830308e+01
9.131977925204046187e+01
9.126033240800188651e+01
9.145043523988351808e+01
9.111502941591425042e+01
9.182492890019784681e+01
9.172871122418018786e+01
9.210908480952912214e+01
9.263677949119210098e+01
9.207250065974130848e+01
9.192451183577850315e+01
9.194219486048041290e+01
9.190873516632473184e+01
9.237056701037909079e+01
9.301257355084544542e+01
9.366370750289479474e+01
9.406294612926831178e+01
9.428192528836279962e+01
9.434969355313569395e+01
9.438345611412569269e+01
9.485174530603671883e+01
9.423036768422298337e+01
9.451592271234858345e+01
9.464788714409405657e+01
9.477652171582212759e+01
9.486697723305132968e+01
9.467738975804786605e+01
9.470672157424905890e+01
9.486806122571942979e+01
9.515413688298121997e+01
9.517586327520530176e+01
9.494271013645902713e+01
9.515533170725302625e+01
9.498729131204527221e+01
9.508868104276734812e+01
9.497439411820596433e+01
9.456223851613049192e+01
9.385121500009881856e+01
9.390037642466722900e+01
9.297267756818928319e+01
9.290848366886348231e+01
9.241266945445931924e+01
9.288450083349380293e+01
9.258102688010967540e+01
9.278676252868626761e+01
9.305214569736017438e+01
9.346907951912635326e+01
9.342891618386693153e+01
9.364723677858273732e+01
9.296391511455021828e+01
9.350729575651621417e+01
9.398439819984014321e+01
9.374471069795072253e+01
9.413154413523443509e+01
9.445351991233746958e+01
9.416618485349863477e+01
9.480409425114612532e+01
9.464626785856671631e+01
9.458126112928130169e+01
9.513340949737539631e+01
9.551878292355013400e+01
9.507191468030578108e+01
9.501415960274061945e+01
9.540664000626111374e+01
9.559678956129937433e+01
9.577477323722177971e+01
9.533990703568360914e+01
9.512610596648210048e+01
9.555652806699163193e+01
9.538195534500209760e+01
9.412366119413945853e+01
9.472289391916365275e+01
9.378326944344462390e+01
9.360022964747349761e+01
9.376244779739863588e+01
9.342358930091177172e+01
9.343681323339842493e+01
9.368887120619729103e+01
9.369807579766711569e+01
9.389998336749522423e+01
9.440153508878574939e+01
9.494291946618704969e+01
9.540005801657662232e+01
9.504796645449278003e+01
9.514300374190952425e+01
9.508801281680553075e+01
9.419533663894344500e+01
9.429956297612898197e+01
9.460466598647690262e+01
9.524222985178312229e+01
9.509995567552141438e+01
9.490511894717747055e+01
9.356290096737302520e+01
9.365475783615602268e+01
9.247727642590689356e+01
9.227047330590630736e+01
9.228907554746274400e+01
9.252495615734642342e+01
9.193824010214757436e+01
9.224818376471102965e+01
9.171206287374388921e+01
9.195266618059849861e+01
9.158087419511866756e+01
9.175611611871772766e+01
9.206602291572653485e+01
9.172580203404049826e+01
9.245225518500683393e+01
9.249414833965329308e+01
9.301394987121966551e+01
9.297508964558983280e+01
9.290463786603322660e+01
9.310763622817103169e+01
9.313474813301036193e+01
9.357786960602697945e+01
9.374017969111810089e+01
9.421317835484478564e+01
9.418500545535334822e+01
9.403130233707179286e+01
9.416765726776156953e+01
9.366853654272745189e+01
9.392040941899176687e+01
9.350086760997601232e+01
9.374484913270862307e+01
9.349097146326585062e+01
9.350450025749432825e+01
9.339035796099778963e+01
9.346969697484746575e+01
9.322549765603434935e+01
9.374872167824923963e+01
9.316675996053436393e+01
9.256427761230861506e+01
9.200271549645003688e+01
9.211422604980634787e+01
9.232703864024733775e+01
9.263752546260911913e+01
9.292489631203807221e+01
9.295652646767848637e+01
9.262512758169486915e+01
9.239726079257707170e+01
9.201734439644951635e+01
9.197542480744959903e+01
9.203609199858692591e+01
9.209143877410770074e+01
9.248497580029743403e+01
9.282425903977764392e+01
9.249511747826818464e+01
9.274211430322156957e+01
9.251741457206026098e+01
9.219640062314920215e+01
9.214053430586955074e+01
9.090657371601901104e+01
9.129850036651532719e+01
9.141094539949335740e+01
9.140335270140803914e+01
9.176249443553206220e+01
9.158804421822333097e+01
9.153178274891706678e+01
9.185708173746843386e+01
9.183469245238666190e+01
9.178404105097342836e+01
9.131888870073817088e+01
9.163785003945213248e+01
9.183443435826757195e+01
9.205526373374414106e+01
9.190041346991620230e+01
9.205383838083889714e+01
9.215146367583565734e+01
9.203302701514803630e+01
9.233880118344859511e+01
9.262338593490130734e+01
9.279203899185631599e+01
9.298944966929684597e+01
9.299885182921480009e+01
9.292132142048467358e+01
9.272643755283115752e+01
9.273793070878127764e+01
9.299089605016160931e+01
9.310854201621714310e+01
9.288141424254263256e+01
9.290588222338101332e+01
9.290243722038576379e+01
9.173847741198551375e+01
9.121481892556766979e+01
9.105844387753586489e+01
9.109186410792062816e+01
9.103391635202297039e+01
9.056160945955889474e+01
9.060403072115877876e+01
9.054211998717255483e+01
9.065351870523863909e+01
9.057393210486952739e+01
9.032994506863451534e+01
9.015690206843009946e+01
9.010330833524130867e+01
9.025186763524197886e+01
9.026899397226497967e+01
9.027322073846062267e+01
9.038911919315796695e+01
9.043829150166948239e+01
9.057203289978679095e+01
9.048307259795365098e+01
9.029425662326957536e+01
8.990398582158013596e+01
8.988115854331044829e+01
9.010072260806555278e+01
8.987908305452856439e+01
9.002117987316978542e+01
9.000287831687364815e+01
8.996329877142215992e+01
9.009972228510923742e+01
9.030255837147069542e+01
9.015693081524204899e+01
9.029335315983917098e+01
9.035996322570917982e+01
9.025422366839848110e+01
9.033821516712941957e+01
9.011184210295232333e+01
9.028634414492080396e+01
9.044011825598863652e+01
9.060476741861566552e+01
9.058754146103092353e+01
9.067258223111184634e+01
9.089227969204694091e+01
9.078683508085305220e+01
9.065215365250696777e+01
9.069858942291193671e+01
9.074994172326296393e+01
9.062135679915445508e+01
9.064884620220618672e+01
9.063343160067324789e+01
9.064782790876779472e+01
9.080573678199380083e+01
9.044642247980027605e+01
9.058188085966958170e+01
9.081336383697725978e+01
9.097712159069760673e+01
9.097336264286332153e+01
9.096162562069275737e+01
9.096343090302980272e+01
9.092385011937585659e+01
9.073223296834748908e+01
9.050202060419269401e+01
9.042697494034564443e+01
9.061180698497446429e+01
9.063014607839613745e+01
9.068889937383755750e+01
9.020748498278408078e+01
9.021961658186137356e+01
9.029630360481587559e+01
9.034909557281116577e+01
9.038343230156078789e+01
9.036369353062400478e+01
9.048228527661376575e+01
9.020906374528658489e+01
9.034976326434025395e+01
9.036280868159155943e+01
9.035536502159266092e+01
9.027886672199019813e+01
9.027777059218624345e+01
9.018888978304403281e+01
9.012452578645206813e+01
9.016945601477800665e+01
9.032210493576621957e+01
9.043652088404542155e+01
9.048281970231073501e+01
9.033274317960149347e+01
9.032488227187695884e+01
9.027355476785214705e+01
9.033778720677310048e+01
9.020595896250688384e+01
9.029447357849312539e+01
9.040172784568039788e+01
9.040133740188775846e+01
9.028328372294890869e+01
9.015410745203553233e+01
9.001366961088479002e+01
8.985804963115151622e+01
8.996777106616536912e+01
9.000385343034668040e+01
9.002732059300797118e+01
8.999306487874309823e+01
8.994975939458072389e+01
8.983058283279478928e+01
8.987177895368222380e+01
8.982398915162866615e+01
8.977880488929531566e+01
8.979808610382224288e+01
8.985154302501450729e+01
8.982125921567239857e+01
8.986225505491620424e+01
8.972238275196923496e+01
8.974450518103731156e+01
8.963331712830222386e+01
8.961326321149954310e+01
8.959609166598056618e+01
8.946086449091490067e+01
8.945903747606644174e+01
8.939449250282723369e+01
8.931443756383760046e+01
8.931421780053642578e+01
8.935612092149403907e+01
8.926293313579753885e+01
8.927804920471498917e+01
8.924279373056742770e+01
8.921321605125558563e+01
8.923716960352157912e+01
8.923332472719903308e+01
8.917576994843966531e+01
8.918195951742563921e+01
8.919855703342091147e+01
8.922552459467078734e+01
8.923398583113885252e+01
8.921839423109213385e+01
8.917827021522043651e+01
8.920337757291417802e+01
8.920942330603702430e+01
8.922385199762902630e+01
8.919382230956034618e+01
8.920134774338021089e+01
8.921785453523170872e+01
8.921443607099081419e+01
8.919257112288960343e+01
8.915855489676414436e+01
8.914278771922545275e+01
8.909143576019232569e+01
8.904836550098207226e+01
8.909563508668634313e+01
8.907504717662686744e+01
8.903079635076755949e+01
8.894030280348670203e+01
8.894121289829945454e+01
8.890241353983128647e+01
8.888807560049644962e+01
8.890476546635181876e+01
8.884719285447772563e+01
8.879879655023160012e+01
8.878285756868808676e+01
8.871320392834786617e+01
8.865306211540973891e+01
8.862547890324094624e+01
8.857058065668206837e+01
8.854752275709324749e+01
8.845531322273654951e+01
8.843393779105917929e+01
8.839621626108782948e+01
8.837267064834577468e+01
8.834399730543646001e+01
8.833972634816836944e+01
8.833282271436473820e+01
8.831248796923773625e+01
8.829447742763204587e+01
8.827462053408271458e+01
8.825269021770327527e+01
8.821006896672133735e+01
8.817943461905360891e+01
8.817525777140053833e+01
8.815735035874786263e+01
8.814817432933341479e+01
8.814285557471066568e+01
8.808648344596440438e+01
8.808223535101024027e+01
8.802023551035290438e+01
8.797931133810743631e+01
8.795667363263783045e+01
8.795931479864339053e+01
8.792517236984531337e+01
8.793734302706434391e+01
8.790013500212171493e+01
8.783868195578634186e+01
8.780465391053348867e+01
8.773398912433640362e+01
8.772423088680352521e+01
8.775182674091320223e+01
8.770988945743556542e+01
8.770399759184147115e+01
8.768920703816002060e+01
8.767442653461603186e+01
8.770937175970266253e+01
8.770339967748714116e+01
8.770335860910745396e+01
8.768226535011126543e+01
8.766903719707443088e+01
8.767205520253537543e+01
8.760488630713280145e+01
8.766296817004240438e+01
8.767179768650839833e+01
8.763201301244589558e+01
8.756875404133370466e+01
8.745352547253605735e+01
8.741165186114085373e+01
8.742194298483627790e+01
8.739505807324621856e+01
8.726942281796436873e+01
8.722717097758686577e+01
8.725545745892122795e+01
8.720002046667923423e+01
8.712590233565697417e+01
8.713307556484141969e+01
8.711710578369547875e+01
8.699183651607654610e+01
8.693278047013154719e+01
8.689638172043214581e+01
8.688386115141747723e+01
8.687448654416402860e+01
8.675837432365551649e+01
8.665684094159860251e+01
8.668568878488349583e+01
8.661147294708371192e+01
8.659567190394318459e+01
8.664382730433590041e+01
8.677875170903735125e+01
8.669026617852523486e+01
8.654190808773182653e+01
8.642348443839637184e+01
8.636341335763063398e+01
8.639888568518381362e+01
8.648729894228836201e+01
8.647656905890380585e+01
8.638704589607004891e+01
8.628166099128611677e+01
8.629441049582328560e+01
8.619441376576469338e+01
8.612061637031729333e+01
8.608972063653618534e+01
8.626871179699446657e+01
8.616469138753291190e+01
8.617902199983382161e+01
8.605238885929520620e+01
8.594380377563902584e+01
8.591004186284953903e+01
8.591516373040485632e+01
8.599406403144166688e+01
8.587492210403615900e+01
8.582618584858391841e+01
8.598057100155710941e+01
8.598240485860333138e+01
8.603179190758510231e+01
8.594252638374109665e+01
8.595253371275066456e+01
8.591221959335598513e+01
8.582225737189855863e+01
8.581717777540688985e+01
8.598487409204790310e+01
8.591699904240431351e+01
8.599403394727050909e+01
8.610039690221310593e+01
8.600180600818475796e+01
8.596084648016130814e+01
8.575490868625456642e+01
8.562190479668879561e+01
8.569926271254371386e+01
8.563031772954036569e+01
8.549779458678403898e+01
8.566906920753899612e+01
8.574747514380851499e+01
8.570938946342266718e+01
8.575812517637950805e+01
8.596266586544697930e+01
8.611517310766430455e+01
8.605930943868042959e+01
8.601543742141802795e+01
8.616192627633517986e+01
8.616863020080290880e+01
8.607888646493483975e+01
8.589458351697521721e+01
8.582955725061037811e+01
8.590950899596828094e+01
8.578309178623476328e+01
8.573888829656425514e+01
8.556798710603106883e+01
8.557270667508691986e+01
8.562038196015964786e+01
8.582614374601052987e+01
8.585974282268853131e+01
8.592757842217633879e+01
8.615848888902291947e+01
8.609464244937589683e+01
8.589950769858387503e+01
8.578918100372993649e+01
8.596199444621197472e+01
8.605679265610888251e+01
8.597899004539249290e+01
8.571848386221063265e+01
8.557527181692512386e+01
8.546751870873868029e+01
8.536029857208814065e+01
8.533849055288283125e+01
8.506754965606614860e+01
8.545175562548229209e+01
8.539008244497017586e+01
8.513163734772933822e+01
8.502162593204320729e+01
8.503437421991020528e+01
8.504397228474408621e+01
8.526424380804382963e+01
8.506825491333802347e+01
8.511061692404473433e+01
8.504263105894551700e+01
8.538326231961491430e+01
8.538893644311337994e+01
8.519140339266141382e+01
8.489559046602335002e+01
8.478325238951947540e+01
8.468111245357431471e+01
8.455542840537600568e+01
8.434991152262682590e+01
8.443062540583559894e+01
8.449744687828570022e+01
8.481239042349261581e+01
8.463623468166952080e+01
8.451219825649332051e+01
8.446299090754928329e+01
8.472997665927323396e+01
8.456208002121820755e+01
8.427464605731165648e+01
8.418605482048224076e+01
8.411131451466826547e+01
8.387115219626411999e+01
8.379592609806877590e+01
8.375670406154677039e+01
8.355148778753482475e+01
8.344919157670574350e+01
8.354652406273999077e+01
8.347015175664910203e+01
8.317762066413342836e+01
8.320587203754257644e+01
8.311807846136889566e+01
8.306377973647522595e+01
8.316437953314652987e+01
8.302985545644241938e+01
8.306669859311114124e+01
8.311171007193297555e+01
8.329368057105057233e+01
8.322603086670187622e+01
8.310031087694642338e+01
8.288075180201576586e+01
8.297074105022056756e+01
8.282168398375051765e+01
8.257066511973607703e+01
8.264317247035069158e+01
8.248201268569573585e+01
8.250973507516209793e+01
8.221581996821078064e+01
8.204100806585029204e+01
8.178563316251802462e+01
8.144404186217070674e+01
8.121557307839520945e+01
8.110668213098779233e+01
8.091067140512222977e+01
8.109816616688476643e+01
8.077012141757313657e+01
8.056489677383342496e+01
8.053901586016490910e+01
8.032435403609179048e+01
8.018223393745302019e+01
7.996093249142541026e+01
8.014160515990806744e+01
8.019653148926317954e+01
8.019728473523355206e+01
7.984719325752848818e+01
8.011794798808205087e+01
7.991185214160122996e+01
7.976403070425749320e+01
7.939897757802646083e+01
7.923366004357376369e+01
7.948371144604061556e+01
7.912092493064210430e+01
7.904240127044522524e+01
7.933285277668801427e+01
7.926712453409345471e+01
7.920716425236423675e+01
7.916272264006693149e+01
7.915380281823308906e+01
7.903980302573836525e+01
7.888516716065350920e+01
7.891320453941170854e+01
7.985007727980155323e+01
8.010177922317052435e+01
7.971017017599115206e+01
7.949540465448080795e+01
7.932207926138471521e+01
7.914514606061857194e+01
7.909888123859491316e+01
7.933567225402839540e+01
7.913511705815290043e+01
7.928697124451809941e+01
7.915272651303257589e+01
7.911939794980753504e+01
7.880785709197789402e+01
7.837592917399706494e+01
7.823518813129339833e+01
7.822990744609069225e+01
7.808009212584238412e+01
7.781195824172027642e+01
7.762929522588729014e+01
7.761638864641008695e+01
7.724131659690101515e+01
7.680734900762035977e+01
7.655323018616763875e+01
7.663242198345687939e+01
7.668641840567943291e+01
7.641251634962372918e+01
7.703256929098643013e+01
7.675408350533416524e+01
7.674319742209991091e+01
7.697875976360046479e+01
7.730296955346875620e+01
7.723655652241177449e+01
7.701748967564162740e+01
7.861160392742294789e+01
7.827889775059611566e+01
7.809322752776552079e+01
7.842523199445167847e+01
7.826267615212691453e+01
7.806868778946682141e+01
7.840511965994937782e+01
7.830776355577654613e+01
7.883631989535660978e+01
7.857463798385560949e+01
7.833316098142404371e+01
7.781378042622964131e+01
7.751036564963214914e+01
7.746617275016251369e+01
7.717726547212350852e+01
7.702400014593240485e+01
7.716324893576711474e+01
7.700151602363439451e+01
7.715802008291029779e+01
7.681114329511729011e+01
7.661670498247167416e+01
7.681979738400877977e+01
7.733140151203951973e+01
7.689419631714281422e+01
7.649430049564580258e+01
7.628227252163742378e+01
7.604362075860808545e+01
7.585520088793236937e+01
7.636247452085535770e+01
7.609742335532337165e+01
7.623624848616691452e+01
7.629523554104252980e+01
7.649860557022839203e+01
7.725606415339461819e+01
7.694436778294675605e+01
7.744032027018874942e+01
7.718163746656773583e+01
7.671029532659667893e+01
7.627470164730129909e+01
7.643938664534471172e+01
7.629332361022625264e+01
7.639587491026031785e+01
7.644782082299025205e+01
7.632810133976090583e+01
7.629688211695247446e+01
7.598402034564242058e+01
7.584386878381701536e+01
7.547663012023258489e+01
7.535468236998167413e+01
7.534171248604707216e+01
7.507133405010790739e+01
7.479434583128841041e+01
7.475256603174875636e+01
7.466449563228979969e+01
7.463446570690575754e+01
7.475949670293357485e+01
7.551626944710460521e+01
7.512536334353899292e+01
7.477512388124887366e+01
7.472648208299506223e+01
7.448843809908157709e+01
7.431289526497039333e+01
7.418578737863572314e+01
7.455121986482208740e+01
7.440575775125216751e+01
7.391436577118474816e+01
7.382112895793943608e+01
7.377483995556121954e+01
7.401530762415768550e+01
7.362864775914385973e+01
7.341801068847053102e+01
7.282359009575611708e+01
7.272729155793058453e+01
7.331807835151903419e+01
7.292829575373798434e+01
7.285038989809254417e+01
7.284332771798744943e+01
7.261226561633066012e+01
7.205880769485702331e+01
7.245721004635743157e+01
7.235357930202280841e+01
7.234447464250843041e+01
7.243219757828046568e+01
7.206178354010626208e+01
7.256266177486759261e+01
7.208492915326860384e+01
7.217219561623824120e+01
7.236677350925492647e+01
7.220958929247990454e+01
7.236026745807521365e+01
7.181002320881361811e+01
7.208469654018790607e+01
7.192252434964029817e+01
7.240272617055234150e+01
7.280365577296379342e+01
7.305530381567405129e+01
7.288481481024518871e+01
7.243430128951240476e+01
7.202995683373228530e+01
7.216504017953684524e+01
7.190466642684350518e+01
7.231309320703621779e+01
7.234308883548510494e+01
7.188580732338596135e+01
7.267272459982268629e+01
7.245966858061728999e+01
7.188203377592162724e+01
7.174952661459974479e+01
7.133608078015458887e+01
7.074847209603558440e+01
7.044898311217184528e+01
7.024614216077225137e+01
6.987901172619967838e+01
6.943913244036230026e+01
6.954366540026785515e+01
7.008661612110790884e+01
6.975012784626505891e+01
6.911955808528637135e+01
6.953895971473139070e+01
6.934944973395431589e+01
6.961771912629501458e+01
7.003088400158958393e+01
7.019943512204463332e+01
6.981736678419929376e+01
6.962961633150734997e+01
7.000464103057038301e+01
7.087417284985531296e+01
7.060707112730506196e+01
7.104253293682631920e+01
7.103159689714993874e+01
7.096722394942116807e+01
7.043725417858149740e+01
7.006468525275795400e+01
7.050085238912470231e+01
6.984377007531929848e+01
6.995407601016995613e+01
6.960022740654039808e+01
6.954439951549375110e+01
7.064888307593537320e+01
7.026595285254552437e+01
6.974879117787077121e+01
7.020392413771060092e+01
7.043236550077472202e+01
7.058183638269201765e+01
7.006207411905688787e+01
7.000337382561974664e+01
7.000758157208929333e+01
6.981991748963173450e+01
7.047439874467181653e+01
6.992552560354215530e+01
6.969924275235098321e+01
7.028334892562543246e+01
6.944086791910922329e+01
6.932019682215468492e+01
6.954552307741960249e+01
6.940624338790257752e+01
6.877488576316591207e+01
6.860801413845365460e+01
6.910892538217285619e+01
6.833105049021742161e+01
6.855669703300009132e+01
6.825992117605983367e+01
6.909361608215931483e+01
6.859010528928047279e+01
6.852696093382019171e+01
6.874375749442788219e+01
6.840898600395667017e+01
6.814545219044066471e+01
6.789424071787743742e+01
6.776179680772474967e+01
6.751869508948493603e+01
6.695473160355231812e+01
6.611410975561921077e+01
6.662928095942606888e+01
6.677779489236945665e+01
6.706700627094414813e+01
6.734127938410165370e+01
6.868426348172033613e+01
6.903254227013167110e+01
6.892771114899005624e+01
6.867336309937400074e+01
6.848819236088365869e+01
6.783402262487652479e+01
6.777048287749585143e+01
6.736975629097196361e+01
6.782825916001911537e+01
6.696644570778425987e+01
6.672225975759192806e+01
6.685477174746392848e+01
6.684944058857126947e+01
6.702044664718505373e+01
6.670579633266697783e+01
6.580427966039860621e+01
6.520849931851535075e+01
6.550799924217517400e+01
6.580322172202795628e+01
6.535333329929835600e+01
6.483100526065936720e+01
6.488665205586676166e+01
6.456518188698919403e+01
6.398590530827823386e+01
6.387155562540829123e+01
6.380958298544646823e+01
6.371088953607431904e+01
6.354827488756291132e+01
6.302996835360045225e+01
6.337157283518536133e+01
6.338669605439827137e+01
6.446959230104766903e+01
6.439791550397330866e+01
6.371977404400240630e+01
6.307213932344984642e+01
6.360660040423954342e+01
6.348128721199009306e+01
6.317846494864897977e+01
6.344398361205458059e+01
6.354016007627251383e+01
6.325071182556439453e+01
6.415146175902555115e+01
6.433532631034267979e+01
6.400535522924838006e+01
6.324003944102696551e+01
6.351976495631333819e+01
6.375734984745122347e+01
6.511992180117613316e+01
6.483818660116412502e+01
6.456953665150376764e+01
6.425857225544405082e+01
6.388407277030637488e+01
6.366470329005005624e+01
6.394123079833843803e+01
6.491226222961813619e+01
6.474415028753173829e+01
6.412545571781447507e+01
6.454343494668410131e+01
6.416890322123526857e+01
6.420595847457025229e+01
6.379198196686411393e+01
6.417792125624146138e+01
6.353136381451258785e+01
6.394253062977168156e+01
6.395690553028180148e+01
6.322726386415706656e+01
6.273864451629106043e+01
6.259892101989589719e+01
6.199088335247961368e+01
6.164932766308356804e+01
6.148356991326818388e+01
6.159027591302037763e+01
6.246234652628481854e+01
6.168094069885682984e+01
6.222620698770788294e+01
6.294121635668216186e+01
6.363300076513587555e+01
6.381206866458524019e+01
6.328020599662158929e+01
6.322493494726859353e+01
6.396937956430610939e+01
6.384829390262893867e+01
6.339812993353825732e+01
6.321856838451731164e+01
6.350781464130432141e+01
6.432446021854048013e+01
6.423274034565019974e+01
6.405356406168175454e+01
6.360998672460846137e+01
6.297773917692029499e+01
6.267092181457792321e+01
6.329174476548814710e+01
6.279392014468157868e+01
6.193143823780792445e+01
6.094390068841767061e+01
6.114644331308954861e+01
6.157769813487720967e+01
6.158171196983221307e+01
6.141431292248853424e+01
6.249982112269026402e+01
6.224430956762353162e+01
6.249266637356686260e+01
6.308815743445939006e+01
6.279007350307438173e+01
6.221424822463541204e+01
6.335268799238110660e+01
6.406180194895205204e+01
6.527861788094105577e+01
6.576959940899087087e+01
6.648249634629974025e+01
6.692237554159964930e+01
6.656819535451086267e+01
6.578036567805702362e+01
6.555487454970261751e+01
6.649899815332446451e+01
6.653012246033631527e+01
6.637148851892925450e+01
6.700718149742078822e+01
6.601554437387585494e+01
6.555249165032819292e+01
6.554628457218677795e+01
6.534887174238519947e+01
6.661549721730807505e+01
6.669052557361737854e+01
6.711384491499575233e+01
6.867247627790584374e+01
6.829740177608164231e+01
6.792706091140553326e+01
6.868110003826313914e+01
6.980506050755047909e+01
7.022161330120070488e+01
6.971251405681141478e+01
7.011182060989540332e+01
7.010583425693766912e+01
7.075032996778918459e+01
7.112064700569135312e+01
7.109574091416016017e+01
7.132321658797627606e+01
7.124166178046561981e+01
7.078990888708358398e+01
7.173922848446181888e+01
7.209133310755441926e+01
7.223433083562576940e+01
7.255302235466297134e+01
7.209693607472399890e+01
7.351791315763330203e+01
7.406505834230938490e+01
7.378671790337102721e+01
7.335614047083163314e+01
7.357440119768398290e+01
7.314845316262108099e+01
7.255858506475578906e+01
7.238722085542030982e+01
7.349640052819722769e+01
7.546884525355926598e+01
7.523762260275634617e+01
7.480495526782397064e+01
7.449897027116912795e+01
7.363619398278569861e+01
7.396602326954780438e+01
7.426613196034668363e+01
7.362786833957488852e+01
7.367058505337990937e+01
7.492508453644677502e+01
7.443468467323873483e+01
7.416492640261276392e+01
7.342625239197786868e+01
7.337844064359069307e+01
7.288302065805146412e+01
7.325775205627542164e+01
7.299478810594791867e+01
7.258219272530823218e+01
7.266224369172414299e+01
7.288180924075186340e+01
7.254864126736538310e+01
7.241459547617705539e+01
7.257091440329440957e+01
7.202496498766959121e+01
7.175158325380380120e+01
7.242795956278314407e+01
7.363452741446963046e+01
7.268274435166858893e+01
7.250936060128697136e+01
7.164435621454504144e+01
7.168226393542590813e+01
7.178988180302712863e+01
7.200654207912884885e+01
7.221705370869131002e+01
7.452958633932666999e+01
7.378569412645083503e+01
7.463517652516475209e+01
7.440124790491518070e+01
7.390387968599407031e+01
7.408719116011161532e+01
7.412176808385174809e+01
7.399260634506754286e+01
7.483324839226770564e+01
7.367636073659105023e+01
7.420557473217013467e+01
7.432518889497623604e+01
7.407994285218046571e+01
7.372676679410324141e+01
7.431277776566639659e+01
7.410508226828733314e+01
7.381935919043371541e+01
7.291423082242181408e+01
7.327386794089579780e+01
7.398185370585906639e+01
7.342803366595762782e+01
7.402249861231757677e+01
7.655690305579992128e+01
7.665979040730780980e+01
7.600359211556042283e+01
7.677081606470073893e+01
7.736837178280984517e+01
7.846947338693735219e+01
7.813740245861845324e+01
7.795489059234478191e+01
7.958753299418276583e+01
7.962898248840519955e+01
7.959809497562218894e+01
7.928617343067435286e+01
7.931206238024969934e+01
7.889643199616330094e+01
7.955005495709519892e+01
7.934668296597465087e+01
8.123734195756242116e+01
8.238635852766674361e+01
8.190777292050279357e+01
8.200965632642419223e+01
8.193559622349312122e+01
8.272384455131941650e+01
8.275413740933709050e+01
8.209382991926577233e+01
8.204189450886406121e+01
8.265634824411336012e+01
8.246978315240721713e+01
8.197088100789096643e+01
8.098261123654083349e+01
8.034848313288421195e+01
7.916231402608718781e+01
8.037634909222833812e+01
7.944220459619918984e+01
7.845051694191079150e+01
7.804511161846585310e+01
7.751976371156524692e+01
7.846614865525589266e+01
7.877869089733758301e+01
7.769487578872212907e+01
7.965507441929821653e+01
7.994510142083254323e+01
8.064767429903986340e+01
8.075159645518851903e+01
8.176580050056418258e+01
8.217685929143408430e+01
8.234014217259755242e+01
8.287771106299078383e+01
8.330892483019306383e+01
8.347475850739010639e+01
8.381039199415499752e+01
8.401288522463619302e+01
8.486130614727335342e+01
8.454940435281696409e+01
8.394946749506198103e+01
8.327974020924921206e+01
8.239778338741780317e+01
8.318978727287594666e+01
8.371453223140451883e+01
8.344891019227634388e+01
8.343321776119228161e+01
8.381645672829381510e+01
8.380415063307282253e+01
8.354504357348469057e+01
8.332413566952163819e+01
8.251953087039964885e+01
8.258348470640066807e+01
8.225869998575217323e+01
8.146519639222606202e+01
8.071486100453967083e+01
8.058835135810932115e+01
8.076560825056549220e+01
7.969167793632368557e+01
7.883013330435460375e+01
7.861887569553255162e+01
8.001930119737335190e+01
8.001115812942316552e+01
8.050648494222332374e+01
8.185498724779336044e+01
8.264551591372401163e+01
8.198761259322054684e+01
8.105439029025183117e+01
8.115532027672634285e+01
8.055517969129505218e+01
8.132220245595181041e+01
8.001609616461246333e+01
7.912452913495781104e+01
7.850030894304927642e+01
7.719493835798857617e+01
7.738300457440527680e+01
7.747573054332406173e+01
7.734758114054238831e+01
7.767392621955787035e+01
7.794746039778510749e+01
7.830342604010365903e+01
7.970252542663001805e+01
7.898378011921795405e+01
7.856367002824390511e+01
7.893922043897691765e+01
7.911394756352183322e+01
7.913480420790165226e+01
7.766505470918218634e+01
7.736457544425957167e+01
7.655839835861388565e+01
7.593621834695750294e+01
7.603344653366002603e+01
7.610444053694300237e+01
7.633339308814265678e+01
7.579334153358831827e+01
7.564459979539151391e+01
7.518206938151524810e+01
7.634009216022604960e+01
7.590380877277766558e+01
7.620223065593927458e+01
7.613515472022208996e+01
7.708991421351129247e+01
7.637279752396261756e+01
7.639470849825738696e+01
7.591158565478326636e+01
7.555118317029064201e+01
7.744310943523487367e+01
7.772338384008708090e+01
7.832226564880147635e+01
7.726213106127579522e+01
7.560494521944383450e+01
7.537391050394762715e+01
7.563030047293068492e+01
7.554760092454580445e+01
7.593559700143214286e+01
7.560622206282187108e+01
7.520271396122370788e+01
7.486908027034587576e+01
7.448348004305626091e+01
7.612745025782714947e+01
7.569563419741734833e+01
7.481809304678608896e+01
7.564936884234339232e+01
7.718838450903785997e+01
7.708384194747759466e+01
7.610203679150617972e+01
7.582701318276394886e+01
7.592944317655019404e+01
7.523144228471574024e+01
7.483700131457226234e+01
7.497615008348202537e+01
7.415076473630415421e+01
7.348086825070004124e+01
7.384142156440066174e+01
7.427875273302743153e+01
7.322000804068829893e+01
7.382422758173652255e+01
7.222704527724272339e+01
7.416047286986577092e+01
7.705798072506331664e+01
7.633536607867426937e+01
7.663444429044920980e+01
7.587705661936797696e+01
7.578707612748439715e+01
7.460128696614810906e+01
7.419025525991401082e+01
7.399648080751012458e+01
7.416342814807558170e+01
7.418199205842120136e+01
7.384598764428574214e+01
7.345812400168142631e+01
7.318056771330975607e+01
7.230535868661627319e+01
7.348738833843071916e+01
7.337076619286017376e+01
7.358879303771391278e+01
7.456939857803808991e+01
7.482726525538691931e+01
7.385595617381477496e+01
7.363813464342729276e+01
7.410538046772580856e+01
7.392427781031346967e+01
7.467520165822770650e+01
7.397304642416293063e+01
7.377443597293313360e+01
7.384890212351001537e+01
7.277134090630443097e+01
7.245823625891353004e+01
7.192593043714259693e+01
7.098940637902342132e+01
7.072422977263067878e+01
6.985830392207117256e+01
7.065093133498248790e+01
7.011950713408623415e+01
6.990358562483015703e+01
6.962584079937823844e+01
6.973129910982333968e+01
6.858490481974786235e+01
6.827862326806189230e+01
6.824693229245622206e+01
6.722537536769959843e+01
6.855814424906839122e+01
6.790024230505878222e+01
6.754389413974058698e+01
6.780143390810735582e+01
6.725454497070768412e+01
6.703798806856866577e+01
6.651457982836200244e+01
6.619115604292528587e+01
6.610255638448234095e+01
6.644602330945690483e+01
6.775213464095759264e+01
6.746543801914231153e+01
6.648305808924396842e+01
6.614727825490263058e+01
6.651092627600064588e+01
6.575317748634915915e+01
6.600764870347302349e+01
6.545505494107601407e+01
6.437334998533515318e+01
6.592640665292219637e+01
6.501788759796818340e+01
6.427518204353873443e+01
6.326468278673200984e+01
6.509941350194458209e+01
6.520881156077302876e+01
6.609708373076500720e+01
6.603448855202077539e+01
6.606268311511303182e+01
6.695513294360080181e+01
6.748018962410060340e+01
6.796454228022321331e+01
6.790591094956926099e+01
6.718688094148819800e+01
6.649775299689099484e+01
6.639537737890623248e+01
6.607492945281228458e+01
6.610214985180482472e+01
6.671322192203842860e+01
6.770919403418974980e+01
6.754181780347425956e+01
6.802601837114161754e+01
6.697365344764057227e+01
6.715673190630332101e+01
6.717962379681193852e+01
6.757322444185228960e+01
6.678784802920745278e+01
6.597245529369047290e+01
6.560936620068605407e+01
6.445930719049010804e+01
6.501796674260549480e+01
6.481034454389646271e+01
6.504108817644919327e+01
6.450473705201238772e+01
6.432224461881742172e+01
6.408793596267696557e+01
6.390663889608731552e+01
6.373413591236840148e+01
6.257354759052213922e+01
6.297753414012458961e+01
6.358315649512951495e+01
6.277796033322738367e+01
6.253094277472700924e+01
6.262514401099633687e+01
6.276500232379476074e+01
6.200845068916441960e+01
6.191058032798173372e+01
6.082638052383481408e+01
6.137271279846754624e+01
6.073172915419127094e+01
6.139065527429829672e+01
6.156340978930165875e+01
6.101702989747991523e+01
6.191983671448360838e+01
6.403310923675599042e+01
6.452146843174523383e+01
6.443887015827749565e+01
6.449762454193296435e+01
6.449867504194207868e+01
6.394108772893741843e+01
6.370544796674948884e+01
6.349822068412868248e+01
6.365395118991091294e+01
6.366029984012584464e+01
6.372917823003353988e+01
6.421807456877195364e+01
6.330141221799931373e+01
6.243168915885598835e+01
6.351848269909714872e+01
6.381172107125803450e+01
6.349543524314958631e+01
6.458439459403689398e+01
6.381212003884138539e+01
6.420024921130698203e+01
6.398196310042385448e+01
6.505123870032912237e+01
6.511529494095520931e+01
6.508987853513735899e+01
6.549184465244161402e+01
6.548392048771529517e+01
6.435457133168893051e+01
6.543491526038815209e+01
6.609727218665102555e+01
6.614081900393466640e+01
6.754326322932593030e+01
6.734097466367347806e+01
6.635195488952194864e+01
6.633020789510464965e+01
6.685131878548600071e+01
6.775413158963783644e+01
6.691735114302719012e+01
6.896071083387687395e+01
6.985720499821763951e+01
6.889230234875867609e+01
6.789341235004303599e+01
6.842479319364701951e+01
6.820982141084004979e+01
6.883280630250101240e+01
6.809523052420172462e+01
6.765048124508120964e+01
6.967922791970977414e+01
6.902994029383899033e+01
7.075503984814895375e+01
7.011911058592249901e+01
7.096246614883784787e+01
7.071129299411404645e+01
7.068496804626647645e+01
7.086391067660861154e+01
7.145743418527035828e+01
7.200914407126128935e+01
7.220829398050955206e+01
7.271014314681633550e+01
7.115654818233542755e+01
7.173589682108013221e+01
7.210929852827393916e+01
7.159883296979205625e+01
7.125539342419415334e+01
7.099079779139174207e+01
7.110262366034385195e+01
7.081987004630082083e+01
7.012861320299998624e+01
7.079444188072375255e+01
6.957503892417298630e+01
6.985287122055524378e+01
7.136636626725703536e+01
7.114017743754084222e+01
7.079570369412977016e+01
7.025135464845880051e+01
6.973145689092416433e+01
6.935977273017942935e+01
7.034164952665651072e+01
6.974139758845012693e+01
6.934321051640836231e+01
7.030847648674534867e+01
7.031443862081778207e+01
7.068079504516572342e+01
7.075370649254546151e+01
6.997065606055093667e+01
6.937274986961710965e+01
6.895591344714739535e+01
6.767433904015524604e+01
6.750037585256995953e+01
6.708751801691596484e+01
6.701541522909974447e+01
6.754753995800547273e+01
6.694375987418243312e+01
6.734588189312307804e+01
6.699578563428076450e+01
6.909741266239961988e+01
6.931141074459264928e+01
6.909264533817167830e+01
6.999669282633931289e+01
7.008471692386592622e+01
6.953829992225837486e+01
6.923127250044581160e+01
6.827000862295517436e+01
6.970782038090055721e+01
6.979072158683538873e+01
6.996669602728616155e+01
6.921119034199728048e+01
6.833134677483485575e+01
6.781214546612409322e+01
6.757494284766107739e+01
6.724173696524030674e+01
6.566392602933592570e+01
6.501412238421016809e+01
6.463322903901280370e+01
6.419851667690636532e+01
6.500634330395951110e+01
6.455837089087799541e+01
6.436555864105503133e+01
6.475173797023762745e+01
6.437195698753112083e+01
6.399491264596872497e+01
6.522085812867953791e+01
6.366825367107048805e+01
6.330273459135878511e+01
6.225455527505710052e+01
6.213614944328946876e+01
6.240949827678559814e+01
6.298059518845821003e+01
6.409609969483426539e+01
6.290453086489105772e+01
6.302631645244764513e+01
6.326287611892530549e+01
6.367689152813090914e+01
6.389138626214207761e+01
6.400836735884422524e+01
6.508725119507198542e+01
6.522817787451367622e+01
6.599920217465569294e+01
6.510982577407412464e+01
6.458999154209595872e+01
6.397310458265565103e+01
6.400476793166581047e+01
6.506736562733749452e+01
6.610223275115458819e+01
6.487590619435741246e+01
6.621962824182810436e+01
6.563657176796550630e+01
6.466642958506508876e+01
6.408108510604688490e+01
6.453904177100594097e+01
6.528242564833362849e+01
6.459295933714383864e+01
6.452932489737213473e+01
6.393135572255778243e+01
6.559783929112836631e+01
6.459975939651394583e+01
6.488075565619510598e+01
6.434964914687861892e+01
6.517435341609143507e+01
6.511268534730425017e+01
6.446171418011363130e+01
6.408694317555455200e+01
6.392552071636418987e+01
6.272015684643702116e+01
6.299022765835161408e+01
6.207525804327087826e+01
6.219037830530942301e+01
6.253117721280068508e+01
6.150593612058855797e+01
6.176459799434633169e+01
6.144663596096597757e+01
6.031922539392053295e+01
5.992312669142484083e+01
5.939532228260395641e+01
5.999519941761536757e+01
5.977826544701383682e+01
6.003608336793331546e+01
5.975724097534839530e+01
5.886141142950236826e+01
5.741217937961391726e+01
5.789490683036092378e+01
5.750057398004719289e+01
5.792163181975956832e+01
5.842314416467797855e+01
5.863374253956317261e+01
5.915350439275152894e+01
5.981295431658691086e+01
6.027541073491829593e+01
6.010924241915836319e+01
5.947563009757959662e+01
5.988607100002718653e+01
5.970974784445206751e+01
5.983708750479399896e+01
5.930559764908866782e+01
5.892056105373285391e+01
6.030923708891896240e+01
6.015937455413404678e+01
6.128943641336081782e+01
6.338992370974847290e+01
6.369021279437765770e+01
6.278813744390845386e+01
6.312042353771357739e+01
6.316944924865947542e+01
6.186022170469641424e+01
6.139678266615737812e+01
6.404201210039173020e+01
6.431777330702789186e+01
6.378889303651612863e+01
6.347981258409618022e+01
6.335790242251277959e+01
6.236842085518765089e+01
6.216760421752860566e+01
6.156961446601690113e+01
6.123454790283994953e+01
5.954598187733427039e+01
6.026030147300025419e+01
5.972179027165475418e+01
5.898928947879085172e+01
5.966685531575421919e+01
5.924441296704753768e+01
5.825139913761086063e+01
5.923234572879664483e+01
5.945798109905899764e+01
5.850763082092544209e+01
5.959708363223489869e+01
6.000653146511558589e+01
5.993921174148090358e+01
6.018600701092691452e+01
6.122958794090573065e+01
6.126499989523563272e+01
6.173008464887971058e+01
6.038342230780108366e+01
6.095841370960351924e+01
6.168529731545822870e+01
6.152504779266837431e+01
6.189386754417682823e+01
6.184792960988397681e+01
6.063788446907528851e+01
6.051197399938064336e+01
6.000218782449974242e+01
5.879456731993923313e+01
5.784365666179564869e+01
5.811997125878042425e+01
5.752524397455363214e+01
5.670558443510799407e+01
5.760540821200720529e+01
5.685160346529846720e+01
5.667812185040293116e+01
5.804611914341603551e+01
5.804707306903401332e+01
5.663647853335714899e+01
5.699344498830214434e+01
5.588725535268258682e+01
5.806584704114538908e+01
5.773390712000491476e+01
5.713906223940648488e+01
5.792002905057688622e+01
6.033851051100464247e+01
6.068043632130229526e+01
6.038452290532131883e+01
6.098795870324465795e+01
5.934209143033967848e+01
6.045996500822002417e+01
5.969021886305472435e+01
6.118222040075761470e+01
6.246330495355050516e+01
6.081309278536264173e+01
6.289122879689148249e+01
6.569789413352009433e+01
6.627015203744667815e+01
6.619108785308708320e+01
6.537331205536065681e+01
6.525012683068325714e+01
6.343631784442732169e+01
6.415686603468748217e+01
6.442514274215591286e+01
6.508307557171247026e+01
6.558860424731847161e+01
6.663520762270582054e+01
6.656977445854408870e+01
6.623391304456345097e+01
6.657066054257848009e+01
6.714379919077964587e+01
6.665794527003163239e+01
6.720604778868710127e+01
6.924359257867945416e+01
6.859081658139348292e+01
6.754607464528544369e+01
6.748831132866325788e+01
6.687123310858169134e+01
6.558629019565432827e+01
6.642552887669353368e+01
6.651957907765427080e+01
6.667524431589481537e+01
6.660883339683641680e+01
6.502014953967227484e+01
6.452433138204651186e+01
6.335976685081641335e+01
6.373202057214712113e+01
6.249647638652641035e+01
6.215536607981994166e+01
6.216929562994573644e+01
6.322514545760623150e+01
6.194838346855794953e+01
6.142606070620877290e+01
6.359919409169924620e+01
6.255038648857862427e+01
6.202693222942434659e+01
6.252036867846618406e+01
6.448138826655304001e+01
6.447522615838261117e+01
6.476574770112893020e+01
6.450359135299368063e+01
6.376743883855033346e+01
6.254614248754933215e+01
6.250897436030209064e+01
6.229414912857191666e+01
6.167658257443690673e+01
6.085363204396071524e+01
6.107553623695639544e+01
6.162152134426378325e+01
6.038417814873355383e+01
6.045416976900469308e+01
6.002355434413311741e+01
5.963631343339420710e+01
5.870002585778274806e+01
5.779269461454259726e+01
5.710067878201425629e+01
5.745876092612888897e+01
5.713817912922422693e+01
5.630600263709129649e+01
5.634473357874321664e+01
5.779364827780773339e+01
5.749832374050492945e+01
5.902162163042703469e+01
5.925069582734431606e+01
6.015194871060521109e+01
5.969164487492980697e+01
5.911191938237880095e+01
5.952758059107236477e+01
6.052949130929300736e+01
6.011162119041910046e+01
6.222551288296108396e+01
6.148354657790332567e+01
5.960834467203403619e+01
5.908268881698222685e+01
5.764200343231095758e+01
5.743023161459313997e+01
5.756659986506929272e+01
5.660904169495915994e+01
5.750767237856325664e+01
5.705478937583029619e+01
5.799854047991811967e+01
5.785287241156220261e+01
5.765159245995437232e+01
5.794697018799797661e+01
5.847916886269103998e+01
5.870100005742642679e+01
5.771197902767471533e+01
5.686291587816322135e+01
5.624012457117078156e+01
5.745925984764107852e+01
5.802338206546392030e+01
5.884433053863176610e+01
5.784981470059847197e+01
5.713322786254138919e+01
5.673920669304879993e+01
5.822902554400388908e+01
5.807633149481534929e+01
5.853574498144735117e+01
5.828412341697458032e+01
5.859130172817822313e+01
5.850225906615469285e+01
6.038670271252067323e+01
6.098804003659188311e+01
6.161853440310915175e+01
6.151607649187371862e+01
6.214868123577252845e+01
6.234232497238554060e+01
6.312389724449076311e+01
6.308653950320331205e+01
6.305163636729230348e+01
6.482913308769548166e+01
6.352709783206410066e+01
6.630586913981733233e+01
6.625918127935074153e+01
6.705784691309054324e+01
6.721879410630936036e+01
6.598894843271864374e+01
6.503617915478298528e+01
6.351858149562576727e+01
6.399732948755536199e+01
6.420106161949024681e+01
6.391913787586781837e+01
6.367229545849477290e+01
6.351535462410720356e+01
6.455261265606168308e+01
6.423609772257896111e+01
6.573595714916700672e+01
6.605716887590824626e+01
6.508084484286791849e+01
6.470942285338333022e+01
6.485564788698229677e+01
6.372925690406191279e+01
6.350102399944989884e+01
6.359716608483995515e+01
6.255197743924327369e+01
6.203761514439793245e+01
6.221124781237176649e+01
6.059257868811891967e+01
6.050526366628037067e+01
6.004015892201914539e+01
6.038887293754578423e+01
6.211243088309856830e+01
6.295412691592810006e+01
6.687806070825263305e+01
6.654278365700611175e+01
6.612265306775680074e+01
6.531041414105675358e+01
6.515176254885864182e+01
6.515502300790558365e+01
6.551609744359484466e+01
6.436585880398706649e+01
6.704001403685833793e+01
6.633366005102288909e+01
6.472312284950385219e+01
6.450619225405171164e+01
6.406166724520608113e+01
6.307329943804052164e+01
6.134730814941485733e+01
6.209519368025030417e+01
6.111191836010766565e+01
6.176377912256612035e+01
6.170248394745431142e+01
6.210560006202285876e+01
6.155510180254532315e+01
6.214558930500061251e+01
6.059247474919629894e+01
5.894667848973494984e+01
5.759683915225468809e+01
5.784846929475588695e+01
5.724564977927821019e+01
5.608028541923158627e+01
5.766798663149802451e+01
5.639876570836167957e+01
5.649296881769078027e+01
5.778195381319528678e+01
5.785840518472014082e+01
5.733405366502029210e+01
5.749157388178991823e+01
5.650646346691883082e+01
5.537114894402930076e+01
5.486513459763136780e+01
5.537525449091572227e+01
5.421632123487415811e+01
5.314916037113289349e+01
5.338214365144267504e+01
5.341199582079116226e+01
5.304594617548536917e+01
5.265104806023191486e+01
5.213837392328605347e+01
5.274461103738667589e+01
5.343337710088326276e+01
5.370552801424855716e+01
5.348317860621045838e+01
5.285087108577772597e+01
5.328574223365649232e+01
5.271583923632806545e+01
5.168162398962249426e+01
5.100970177965609764e+01
5.198664519133490103e+01
5.130774358139751712e+01
5.077570575334630121e+01
5.260843048717288184e+01
5.152868957004920958e+01
5.239826456268656329e+01
5.199270419553795364e+01
5.160906720206094178e+01
4.957726533728691720e+01
4.858163380036421586e+01
4.871342776141318609e+01
4.788791128561661026e+01
5.080610876231730799e+01
5.153026929612133245e+01
4.892273695588119153e+01
4.788948602190885140e+01
4.864233364659048675e+01
4.790889028572291863e+01
4.783000253639602306e+01
4.787087801852430857e+01
4.671271520654590859e+01
4.624092962727809208e+01
4.635240793795401260e+01
4.500952011838944600e+01
4.534995957744104089e+01
4.448581453621591209e+01
4.418343720967914123e+01
4.376416678751411382e+01
4.354962880786297319e+01
4.449526210061776510e+01
4.535010606680771161e+01
4.415760999926078512e+01
4.434173569110771496e+01
4.510623618162753701e+01
4.424713340302605502e+01
4.532853869062728336e+01
4.565977827856659133e+01
4.689385492840392544e+01
4.668360027928520140e+01
4.597503794315070991e+01
4.557865405989377905e+01
4.584777836740522616e+01
4.646544772491415642e+01
4.601027559294925595e+01
4.667604606160602998e+01
4.716757804608823790e+01
4.765310848733588500e+01
4.656852007890665845e+01
4.709767559660849656e+01
4.761776924427886115e+01
4.720191046993204509e+01
4.753687685089062143e+01
4.860016724233082641e+01
4.993531810734111787e+01
4.883001162022355857e+01
5.178649308166950505e+01
5.109707411472209060e+01
5.129711765444972116e+01
4.948689173232287430e+01
5.082639882994499203e+01
4.996872912697926949e+01
4.948983005220634368e+01
5.045754528662200755e+01
4.828394576459231757e+01
4.769566580901118868e+01
4.821262726622626360e+01
4.802724869062603830e+01
4.917070801090721943e+01
4.890906376363091113e+01
5.001765218488890241e+01
5.086318569773720810e+01
5.210017556808725203e+01
5.156885327252348361e+01
5.213523169775180577e+01
5.216343144019174360e+01
5.240684461332966748e+01
5.337691638959768170e+01
5.201468342111365928e+01
5.264937501368603989e+01
5.302256913926430570e+01
5.146335282290965552e+01
5.102599859129441029e+01
5.096587276636091701e+01
5.190965993882673502e+01
5.125919951800278795e+01
5.022866770080418064e+01
5.102598179751112184e+01
5.115999514634313527e+01
5.033695823491143528e+01
4.964242712652867340e+01
5.093234162829412526e+01
5.140876286702132347e+01
5.104790520899405237e+01
5.022335011436643981e+01
4.995517266864590056e+01
4.853690234099940426e+01
4.992794974884145631e+01
5.046267701058422972e+01
4.931369905403607845e+01
4.966560812719399109e+01
4.851060589673761569e+01
4.597794781378070184e+01
4.588256565059327841e+01
4.499939060456199513e+01
4.570256841987702501e+01
4.503522623799199209e+01
4.459310902961897227e+01
4.445161426240065339e+01
4.456224416734221450e+01
4.317162775115775730e+01
4.415726920222823537e+01
4.393754049015933560e+01
4.404671211499771744e+01
4.344549118043869385e+01
4.447360892134111054e+01
4.458448222116385296e+01
4.557112601509652450e+01
4.496051614919360873e+01
4.807399740837990976e+01
4.729677773354433157e+01
4.649251868893315986e+01
4.602370324138610158e+01
4.536184834958294232e+01
4.585463373887614580e+01
4.578552589364153391e+01
4.554684476588590769e+01
4.626768763573909382e+01
4.739794866300053400e+01
4.549858463647615281e+01
4.472780617646731116e+01
4.372463824811165978e+01
4.144472181321998505e+01
4.228062478777428623e+01
4.252967654003350617e+01
4.326588458402784454e+01
4.419974830178853153e+01
4.423462308664511511e+01
4.390045637463936146e+01
4.281158932424023078e+01
4.372810405847667425e+01
4.438584154135423887e+01
4.283783359813787683e+01
4.292090670945526654e+01
4.355280231951201131e+01
4.330553020870502223e+01
4.299518321055984416e+01
4.411723378191254596e+01
4.338381820056838478e+01
4.331937868397199054e+01
4.241022291752051387e+01
4.271250109895845526e+01
4.447958461584312317e+01
4.368989704181331035e+01
4.356856242023150116e+01
4.222730113909710781e+01
4.171795635619309905e+01
4.210953581605372165e+01
4.138334005646902369e+01
4.194316801649074478e+01
4.068227723493055237e+01
4.002635115976045199e+01
4.080558177687362331e+01
3.916935848067078041e+01
3.847522758515515306e+01
3.899991951721403893e+01
3.933916862860951369e+01
3.952782578711958195e+01
4.117733543076974456e+01
3.961926405917984084e+01
3.926500405446040531e+01
4.044984894938897924e+01
4.221315636961753626e+01
4.179342667395849276e+01
3.985084649252075906e+01
3.958541677284847538e+01
3.971033232900754228e+01
4.074980298750779184e+01
4.026654949241037684e+01
4.033790146052433556e+01
3.978529547177913628e+01
4.008835967402592360e+01
3.879953655042936589e+01
3.999372204914379836e+01
3.894387462621398299e+01
3.953116715700070927e+01
3.938220254836505774e+01
4.058908037614037312e+01
4.203649640892763273e+01
4.291109350138685841e+01
4.202901476828174054e+01
4.210658977657476498e+01
4.219311123874558689e+01
4.327971382844225445e+01
4.301944634822029911e+01
4.485085324109513749e+01
4.364239816223107482e+01
4.255156307311426644e+01
4.260353960565953457e+01
4.160636603027523961e+01
4.072541335608730151e+01
4.048714233989358036e+01
3.975745577564157429e+01
3.915387968423419807e+01
4.155650868636530504e+01
4.158845754516642046e+01
4.015531820812338992e+01
4.030942482103364455e+01
4.067457841999839729e+01
3.881011305293122859e+01
4.075458651890494366e+01
4.128278581085305632e+01
4.095279072562243527e+01
4.064382926794769446e+01
4.156825955341446388e+01
4.055671518110830220e+01
3.949314966806196026e+01
3.917526533096588537e+01
4.128995245906935452e+01
4.342279973811218952e+01
4.384161118385145528e+01
4.437079898411502654e+01
4.376045852669176384e+01
4.261658845491274406e+01
4.395607990283770050e+01
4.335709159454745532e+01
4.241454899865766492e+01
4.113300538416751806e+01
4.181568151991359628e+01
4.252251830611749028e+01
4.383958012710809271e+01
4.219939055166378239e+01
4.098645185009809211e+01
4.069869323827151675e+01
4.157632380962422758e+01
4.085224583314629854e+01
4.128583843353590055e+01
4.023292494273300690e+01
4.119853437771143945e+01
4.279946451134856034e+01
4.164109812252536358e+01
4.178622165634078556e+01
4.028892212513528648e+01
3.987167320371554524e+01
3.996073603843433375e+01
3.830180447422208090e+01
3.702871331702499447e+01
3.657770771240029717e+01
3.714864011175541236e+01
3.691217410352783190e+01
3.683550883380758023e+01
3.648547580922968336e+01
3.701755888045045140e+01
3.564496072778547386e+01
3.909365775517562724e+01
4.024033042869359633e+01
4.060233879759380216e+01
4.000011829736195068e+01
3.957816280394308706e+01
3.895444328813846369e+01
3.923229932381127583e+01
3.954827459381431254e+01
3.955149303863436216e+01
3.840980215631589090e+01
3.858368126750792726e+01
3.943283706350757711e+01
3.870776858317549340e+01
3.833204321630455524e+01
3.854866568146462669e+01
3.884816618220702367e+01
3.823168541070299398e+01
3.797354294378055783e+01
3.626022899207873706e+01
3.462614712825143215e+01
3.465098260510603723e+01
3.375147828727040178e+01
3.331173709947961470e+01
3.201047622683199734e+01
3.149315628583099169e+01
3.038330301747464546e+01
2.911923533751269133e+01
2.738797301956856245e+01
2.678167643832603062e+01
2.667084208095002396e+01
2.600879178434752248e+01
2.765086301796418411e+01
2.653804534581104235e+01
2.624158296244149824e+01
2.670253733071513125e+01
2.672239579645247431e+01
2.649485152093620854e+01
2.788688125357202807e+01
2.773071589638766454e+01
2.817487826288652286e+01
2.671261677419352054e+01
2.633216549708413368e+01
2.686833327135173022e+01
2.513009246437013644e+01
2.827625586466092500e+01
2.873380383367839386e+01
2.770757967491499585e+01
2.834809833071449248e+01
2.765344700851437665e+01
2.793299840860163386e+01
2.744466818896125915e+01
2.719736652064511873e+01
2.755005225635341048e+01
2.671984839661399747e+01
2.566627682160560653e+01
2.657627653987310623e+01
2.863059717286978412e+01
3.061501033915374137e+01
3.319767678118387266e+01
3.205136396049147152e+01
3.169503461874319328e+01
3.047482714117631986e+01
2.954572630517395737e+01
3.096894863554098265e+01
3.092656200570036162e+01
3.037857652254660934e+01
2.886230412328586681e+01
2.765194825366597797e+01
2.889023848640772485e+01
2.868280084315938439e+01
2.781978856626574270e+01
2.833004265600720828e+01
2.951784847738872486e+01
3.181674201146597625e+01
3.075239521383264218e+01
3.101340125598835584e+01
3.043165378997764492e+01
2.984769079025954852e+01
2.927681236554144562e+01
3.122919377124344464e+01
3.122060415502164687e+01
3.061236273730810353e+01
3.132426829593441653e+01
3.364517721515130688e+01
3.382753580661119486e+01
3.248777000247446267e+01
3.187727685272329836e+01
3.006722361896936491e+01
3.133332809748662839e+01
3.055692078766423947e+01
2.969178792782713572e+01
2.946591677519154473e+01
2.926601632288020483e+01
3.007790447488878272e+01
2.960243521615211648e+01
3.045728847729060362e+01
2.931274367352216359e+01
3.055666236620527343e+01
3.022843354909582558e+01
3.003211795395509398e+01
2.982844954645406688e+01
2.834297278908161388e+01
2.838327438184023777e+01
2.771882431979884132e+01
2.807257234981807414e+01
2.751641237638978055e+01
2.573664088474288292e+01
2.594174680130618071e+01
2.687180506239565148e+01
2.588447684746461164e+01
2.601454997717792139e+01
2.544852861334493355e+01
2.486986259424702439e+01
2.547398249337948073e+01
2.469460704229368275e+01
2.452011859149388329e+01
2.361001532962927740e+01
2.427412516743424931e+01
2.422171000536945940e+01
2.295059466326983966e+01
2.241985430368094967e+01
2.402161767489087651e+01
2.472446810646488302e+01
2.449078262160946906e+01
2.464758642524975585e+01
2.512293718255295971e+01
2.477266854283334396e+01
2.411722392062620202e+01
2.288825846803865716e+01
2.317956198989759287e+01
2.251635948681087029e+01
2.164163384707717341e+01
2.145655028427790967e+01
2.106323616320878500e+01
2.013983760440532933e+01
1.972885615246104862e+01
2.010802701911143231e+01
1.993567333652663365e+01
1.890956354571608244e+01
1.864594876406044932e+01
1.785943535273509042e+01
1.698960000831266370e+01
1.694998067471624381e+01
1.576497935102906922e+01
1.381317241256965644e+01
1.478830141950402322e+01
1.410365767909388524e+01
1.335159411588301737e+01
1.269138476312218700e+01
1.179493807538619876e+01
1.234043304126498697e+01
1.365456497126706381e+01
1.268682927232566726e+01
1.108004447948860616e+01
1.252609338368165481e+01
1.294070441774238134e+01
1.315396928468362603e+01
1.324542488587030675e+01
1.403846847080149018e+01
1.504939174765877397e+01
1.422235399636156217e+01
1.213455820706712984e+01
1.171484723628509528e+01
1.127017943349164852e+01
1.154283537791343406e+01
1.057946640024329099e+01
1.195141067296390247e+01
1.185590762393803743e+01
1.100666281750909548e+01
1.142831940707674221e+01
1.259448878239254555e+01
1.205568802620746283e+01
1.145334328074841324e+01
1.087627262063142553e+01
1.072809206722013187e+01
1.003123120539476076e+01
1.200794103426505899e+01
1.261574734996884217e+01
1.122027867935685208e+01
1.093210274098601076e+01
1.049797417402623978e+01
1.055613673972129618e+01
1.116061208068094857e+01
1.130903799195584725e+01
9.390745541341857461e+00
8.663933412731239514e+00
7.514719866974701290e+00
7.363402718506222300e+00
6.128319534534057311e+00
4.874330906307477562e+00
4.970167737041265354e+00
4.627065906256575545e+00
3.873265710872146883e+00
3.551456747218253440e+00
4.731338646451149543e+00
5.131394144341356878e+00
5.798638890238180466e+00
6.379368160925878328e+00
7.127690026223717723e+00
5.939769138844894769e+00
6.165726127837842796e+00
5.503978399450716097e+00
6.785593442004937970e+00
6.615031596055814589e+00
5.713830643218898331e+00
4.449200006454702816e+00
5.874189513057899603e+00
4.953595962196231994e+00
5.828112271658937971e+00
7.083988211712494376e+00
6.173932510801932949e+00
5.661454740860790480e+00
5.743393434311656165e+00
5.454106100924036582e+00
5.272653556644399941e+00
4.450094938639267639e+00
2.953906242240009306e+00
2.880056505585343984e+00
1.281891166568129847e+00
2.442207007466095092e+00
2.843523297679894313e+00
4.513760402508523839e+00
4.480381879673586809e+00
3.858560105591095635e+00
3.701874522564139625e+00
3.774529246767997392e+00
4.325323837151699990e+00
4.622836230490065645e+00
6.217917558662520605e+00
7.486440939202111622e+00
8.186058589223648596e+00
8.326992836075987725e+00
7.535694360258275992e+00
8.906829747433221200e+00
1.018456404778044089e+01
9.414396365809807321e+00
9.264567419598279230e+00
8.111369882386497920e+00
7.284728683838693541e+00
5.981418078430579044e+00
5.476197827628311643e+00
6.897850059365737252e+00
6.002668546696440899e+00
4.337373252651559596e+00
4.675513353212409129e+00
4.280977241676737322e+00
3.326027322427762556e+00
1.937829136115396977e+00
1.387526727168733487e+00
1.570301445323821099e+00
2.389801969678046589e+00
2.300961019187525380e+00
2.232206180070534174e+00
1.881175446983434085e+00
2.974721830474663875e+00
2.717399860459408956e+00
2.619729218423344719e+00
1.172990916911658132e+00
2.161424117936803668e+00
2.550714962634629046e+00
2.113207495700407890e+00
1.094206842224593856e+00
8.940084130672403262e-01
4.969816174416337162e-01
1.151194223029960995e+00
1.679349622068912140e+00
2.009864816186563985e+00
3.370757683356714551e+00
3.741955179837532341e+00
3.184196403046371415e+00
4.260551608283094538e+00
5.841912807684821018e+00
5.862256179975702253e+00
5.788483348468616896e+00
4.530373445533768972e+00
6.093548126699715795e+00
5.051563656097641797e+00
6.462107057086541317e+00
4.845474530529827462e+00
6.274385143319705094e+00
5.640285105998373183e+00
5.637493974342760339e+00
5.439604016154589772e+00
3.034160540895754821e+00
4.099380500809274963e+00
4.760308555806659569e+00
5.007571711542368575e+00
4.494111391969454417e+00
5.658216778191672347e+00
6.120133922731838538e+00
7.848846439446788281e+00
8.568861889884828997e+00
8.767818072978116106e+00
9.516097919296043983e+00
9.747389595729146095e+00
9.935797927440034982e+00
9.076893557215043984e+00
8.828066508364827314e+00
8.738684361999730754e+00
1.014539266911106097e+01
1.000102063239955896e+01
8.584707592865925108e+00
8.642804397229156166e+00
8.896907886663029785e+00
8.500024257244149339e+00
