0.000000000000000000e+00
1.069201971404254436e-08
5.127731128595769405e-09
2.622073225211352110e-08
2.965498424600809813e-08
6.168193067423999310e-09
1.239641278516501188e-08
4.100911610294133425e-08
1.758417056407779455e-08
4.429784894455224276e-08
2.984234015457332134e-08
5.890979082323610783e-08
1.520238583907485008e-07
2.325541572645306587e-07
1.787448127288371325e-07
2.510278136469423771e-07
2.073884388664737344e-07
3.058285074075683951e-07
2.089273039018735290e-07
4.023440851597115397e-07
6.209356797626242042e-07
5.283200152916833758e-07
6.020381988491863012e-07
9.476370905758813024e-07
5.373076419346034527e-07
3.918758011423051357e-07
2.875967766158282757e-07
3.507429937599226832e-07
7.031085260678082705e-07
6.691370799671858549e-07
6.313694029813632369e-07
3.504537744447588921e-07
1.651806087465956807e-07
8.541992428945377469e-07
6.813843356212601066e-07
5.459587555378675461e-07
5.464644345920532942e-07
2.896194928325712681e-07
5.047932063462212682e-07
8.997958502732217312e-07
1.611088009667582810e-06
2.760607458185404539e-06
3.048018697882071137e-06
3.198334525222890079e-06
1.845761289587244391e-06
1.808772140066139400e-06
1.947533746715635061e-06
2.186108758905902505e-06
1.883510776679031551e-06
2.383345417911186814e-06
3.406736141187138855e-06
3.924220436601899564e-06
4.424244252732023597e-06
5.260713805910199881e-06
4.797173460246995091e-06
4.520530637819319963e-06
6.009711796650663018e-06
6.149008186184801161e-06
5.732870704378001392e-06
5.850246452610008419e-06
5.797524863737635314e-06
5.544638042920269072e-06
5.211806637817062438e-06
6.673935786238871515e-06
7.970029400894418359e-06
8.819899449008516967e-06
9.167502867057919502e-06
1.042985604726709425e-05
1.153898665506858379e-05
1.338786569249350578e-05
1.349333979305811226e-05
1.405412876920308918e-05
1.380650792270898819e-05
1.326077835983596742e-05
1.391607838741037995e-05
1.381432957714423537e-05
1.366316610074136406e-05
1.011397034744732082e-05
1.166445872513577342e-05
1.128645635617431253e-05
1.494468415330629796e-05
1.786309076123870909e-05
1.989518932532519102e-05
2.129969288944266737e-05
2.184192453569266945e-05
1.412456367688719183e-05
1.809003515518270433e-05
1.661471833358518779e-05
1.679331217019353062e-05
1.649605837883427739e-05
1.905292629089672118e-05
1.589059866091702133e-05
1.770803282852284610e-05
1.711576987872831523e-05
2.269858850922901183e-05
2.305532325408421457e-05
1.939145658980123699e-05
2.493577449058648199e-05
2.168181345041375607e-05
1.863436227722559124e-05
1.910190621856600046e-05
1.564488229632843286e-05
1.986946699616964906e-05
1.432499630027450621e-05
1.242612961505074054e-05
1.646229611651506275e-05
1.726443770166952163e-05
1.206732304126489908e-05
9.737286745803430676e-06
1.131427416112273932e-05
1.753972719598095864e-05
2.581150147307198495e-05
2.450401370879262686e-05
1.920415343192871660e-05
1.105589944927487522e-05
1.629861799301579595e-06
6.219986971700564027e-06
2.851629687938839197e-06
7.477932740584947169e-06
7.799790182616561651e-06
2.348699854337610304e-05
2.791673432511743158e-05
3.580870361474808306e-05
3.071203718718606979e-05
4.046071080665569752e-05
4.365399763628374785e-05
3.490300514386035502e-05
4.769581391883548349e-05
5.011428766010794789e-05
5.119912384543567896e-05
5.551980211748741567e-05
4.990777779312338680e-05
4.807666300621349365e-05
4.542455280898138881e-05
5.003126716474071145e-05
4.625380097422748804e-05
4.979930599802173674e-05
5.073043394077103585e-05
5.065488039690535516e-05
4.047915172122884542e-05
3.651751649158541113e-05
3.848190681310370564e-05
4.642109524866100401e-05
4.617430204234551638e-05
5.098814654047600925e-05
5.434262129710987210e-05
5.411977508629206568e-05
6.375372504408005625e-05
6.050075899111106992e-05
7.863317114242818207e-05
7.703344635956455022e-05
8.052072917053010315e-05
6.036008380760904402e-05
4.768828512169420719e-05
5.226611210673581809e-05
4.822938717552460730e-05
3.766973713936749846e-05
4.142644684179686010e-05
4.720700235338881612e-05
6.547067278006579727e-05
5.505000808625482023e-05
4.187359991192352027e-05
3.675160951388534158e-05
6.237828347366303205e-05
5.634493936668150127e-05
6.551067235704977065e-05
6.078767000872176141e-05
6.210359970282297581e-05
7.538881254731677473e-05
8.905100912670604885e-05
7.464866212103515863e-05
6.738087722624186426e-05
6.960431164770852774e-05
6.144503822724800557e-05
7.970138176460750401e-05
9.602863065083511174e-05
9.187371688312850893e-05
9.110728933592326939e-05
9.539512211631517857e-05
8.427310967817902565e-05
1.081546542991418391e-04
9.840363782132044435e-05
9.857495751930400729e-05
8.114188494801055640e-05
9.077148752112407237e-05
1.081604186765616760e-04
1.122297580877784640e-04
8.508059545420110226e-05
9.171102283289656043e-05
1.074599877028958872e-04
9.535575736663304269e-05
1.059307414834620431e-04
9.805716035771183670e-05
1.092121383408084512e-04
1.171083385997917503e-04
9.913877875078469515e-05
1.369955989503068849e-04
1.321897580055519938e-04
1.507176875747973099e-04
1.522393940831534564e-04
1.351009468635311350e-04
1.375907086185179651e-04
1.484309141233097762e-04
1.601319527253508568e-04
1.403399146511219442e-04
1.508760215074289590e-04
1.501979495515115559e-04
1.518076041975291446e-04
1.408581392752239481e-04
1.283306810364592820e-04
1.609254904906265438e-04
1.927472403622232378e-04
1.968433589354390278e-04
2.047591315204044804e-04
2.178003669541794807e-04
2.014896144828526303e-04
2.080709346046205610e-04
2.385876341577386484e-04
2.561524543125415221e-04
2.322921682207379490e-04
2.273793852509697899e-04
1.939153571584029123e-04
1.896641933853970841e-04
2.096599819196853787e-04
2.089255303872050717e-04
2.037431986536830664e-04
1.702382378425681964e-04
1.785084095899946988e-04
2.001182256208267063e-04
2.268607950099976733e-04
2.100544770655687898e-04
2.528366312617436051e-04
3.125154253211803734e-04
3.118445474683539942e-04
3.014973899553297088e-04
3.392634698684560135e-04
3.308197501610266045e-04
3.238357330701546744e-04
3.256720574427163228e-04
3.479075530776754022e-04
3.579789572540903464e-04
3.407079875614726916e-04
3.246148571633966640e-04
3.117636042588856071e-04
3.159032567054964602e-04
3.343738753756042570e-04
3.266987041570246220e-04
3.762350297620287165e-04
3.805348169407807291e-04
4.239767586113885045e-04
4.009099011454964057e-04
4.256530119164381176e-04
4.418552798597374931e-04
4.541048147075343877e-04
4.828967903449665755e-04
4.748252049466827884e-04
4.552840255200862885e-04
4.923441119899507612e-04
4.138778112974250689e-04
4.419428787514334545e-04
3.799137994064949453e-04
3.845572318823542446e-04
4.434142101672478020e-04
4.859156142629217356e-04
4.782608812092803419e-04
4.509167501964839175e-04
4.787339112226618454e-04
4.871031724178465083e-04
5.034840651205740869e-04
5.427007545222295448e-04
5.773104876425350085e-04
5.784896002296591178e-04
6.193721619638381526e-04
6.713838938594562933e-04
6.823828953201882541e-04
6.050072479411028326e-04
6.314214188023470342e-04
6.023811074555851519e-04
6.418929297069553286e-04
6.943612406757893041e-04
7.334082092711469159e-04
7.605678547406569123e-04
7.805420245858840644e-04
7.629908523085759953e-04
7.219274284580023959e-04
7.446494128089398146e-04
6.519092275993898511e-04
7.604191068821819499e-04
8.157388074323534966e-04
8.192307286662980914e-04
7.995967444003326818e-04
7.784394256304949522e-04
7.648388909728964791e-04
8.958327634900342673e-04
8.998639696073951200e-04
9.345092530566034839e-04
9.957102920452598482e-04
1.056859446180169471e-03
9.595633491699118167e-04
1.021501928335055709e-03
9.822692863963311538e-04
1.013546067042625509e-03
1.065425400156527758e-03
1.106680827433592640e-03
1.091990512577467598e-03
1.132260869781021029e-03
1.103214141039643437e-03
1.123584575907443650e-03
1.090796695280005224e-03
1.177322064904728904e-03
1.142835144491982646e-03
1.087690159693011083e-03
1.041381625327630900e-03
1.053108500855159946e-03
1.098592472771997564e-03
1.048660917149391025e-03
1.034227660056785680e-03
1.105573732274933718e-03
1.034687207720708102e-03
1.089444016542984173e-03
1.141606817327556200e-03
1.127973029724671505e-03
1.153925104517838918e-03
1.221448823343962431e-03
1.207710158269037493e-03
1.211562424941803329e-03
1.199354539494379424e-03
1.217252862261375412e-03
1.221691325554274954e-03
1.353516727249370888e-03
1.388119673720211722e-03
1.401480321874259971e-03
1.512795672169886529e-03
1.478360227338271216e-03
1.415677086697542109e-03
1.391724510540370829e-03
1.429831478162668645e-03
1.390302517393138260e-03
1.442679906176635996e-03
1.420513912307797000e-03
1.379270956022082828e-03
1.467260644858470187e-03
1.568595529533922672e-03
1.633300913454149850e-03
1.686838870227802545e-03
1.732753324176883325e-03
1.681296953393029980e-03
1.659996913076611236e-03
1.639246254853787832e-03
1.624106575036421418e-03
1.640104081161553040e-03
1.774175389073207043e-03
1.775747361534740776e-03
1.796296071916003712e-03
1.782794639439089224e-03
1.891649284516461194e-03
1.887861961222370155e-03
1.892447085992898792e-03
1.911345647386042401e-03
2.116992289302288555e-03
2.155167878299835138e-03
2.200218999860226177e-03
2.288085081090684980e-03
2.352675992369768210e-03
2.506519576854771003e-03
2.596755670310813002e-03
2.586464468549820594e-03
2.624312295665731654e-03
2.635136081153177656e-03
2.622836031150654890e-03
2.596121665192185901e-03
2.578249062935356051e-03
2.634438347740797326e-03
2.557714266004040837e-03
2.681250613022712059e-03
2.625420427648350596e-03
2.525115911339526065e-03
2.429443909932160750e-03
2.443670275170006789e-03
2.398023367277346551e-03
2.499812151654623449e-03
2.517959341275854968e-03
2.461574173139524646e-03
2.597757922558230348e-03
2.705626140595995821e-03
2.666652535481262021e-03
2.753500293692923151e-03
2.733934641582891345e-03
2.639216858369763941e-03
2.813270402839407325e-03
2.890840256441151723e-03
2.924040292782592587e-03
3.070931421461864375e-03
2.941313638075371273e-03
3.003084862939431332e-03
3.013423478478216566e-03
3.073566134844440967e-03
3.158236064336961135e-03
3.313617989988415502e-03
3.333291047965758480e-03
3.329895198476151563e-03
3.394342400497407652e-03
3.331074196466943249e-03
3.421053716010646895e-03
3.321631644212175161e-03
3.319703197121270932e-03
3.278596012023626827e-03
3.287208794063189998e-03
3.300971369753824547e-03
3.346167755807982758e-03
3.259558434365317225e-03
3.221189808755298145e-03
3.141584509648964740e-03
3.137815188893000595e-03
3.239182922698091716e-03
3.128650780126918107e-03
3.113839013167307712e-03
2.970977633594884537e-03
2.948857760202372447e-03
2.978089712996734306e-03
3.003239675308577716e-03
3.054302704185829498e-03
3.175009902406600304e-03
3.279540189396357164e-03
3.312754717626376078e-03
3.226842052754363976e-03
3.202414121915353462e-03
3.341215846376144327e-03
3.378332161446451209e-03
3.303927202068734914e-03
3.448927307545091026e-03
3.506521041344967671e-03
3.450548598266323097e-03
3.577107332603191026e-03
3.479564293229486793e-03
3.701878338688402437e-03
3.599870056859799661e-03
3.514757891025510617e-03
3.471175428785500117e-03
3.489337059363606386e-03
3.619540730142034590e-03
3.811905295151518658e-03
3.879959760524798185e-03
3.819104347712709568e-03
3.832028925899066962e-03
3.905289640897535719e-03
4.124493860217626207e-03
4.222993309667799622e-03
4.024535724965971895e-03
3.926950825189123861e-03
4.160292839515022933e-03
4.090529486347804777e-03
4.265346198735642247e-03
4.241311315126949921e-03
4.422383504788740538e-03
4.426558063642005436e-03
4.466818712899112143e-03
4.392415465190424584e-03
4.354544458692544140e-03
4.422072215675143525e-03
4.407732492836657912e-03
4.622215754352509975e-03
4.557340909741469659e-03
4.535935966487159021e-03
4.537869892374146730e-03
4.580457025440409780e-03
4.838112858124077320e-03
4.811879889530246146e-03
5.144543136339052580e-03
5.036123040554230101e-03
5.110577958475914784e-03
5.123318958794698119e-03
5.270230190944857895e-03
5.360202074371045455e-03
5.464601183120976202e-03
5.420119452537619509e-03
5.375299815568723716e-03
5.315055861501605250e-03
5.115170044518890791e-03
4.914005467071547173e-03
4.813663141248980537e-03
4.794665210283710621e-03
4.680817157350247726e-03
4.791366229255800135e-03
4.863584623308270238e-03
4.887761559075443074e-03
4.877973891780129634e-03
4.845653274969663471e-03
4.932299811116536148e-03
4.902395547105697915e-03
5.096099292131839320e-03
5.253529125184286386e-03
5.296392844684305601e-03
5.390411188272992149e-03
5.596664641416282393e-03
5.635023824652307667e-03
5.614505898847710341e-03
5.595934762823162600e-03
5.563166398133034818e-03
5.584252696280600503e-03
5.581534927841858007e-03
5.544785482925362885e-03
5.639031287500984035e-03
5.721968482248485088e-03
5.643546508508734405e-03
5.663399182594730519e-03
5.518341908100410365e-03
5.704281313228420913e-03
5.598689653197652660e-03
5.947596693658852018e-03
5.814453927087015472e-03
5.772917405920452438e-03
5.819049009005539119e-03
5.819279764182283543e-03
5.846956477398634888e-03
5.813650159325334243e-03
5.854248027389985509e-03
5.834591758684837259e-03
5.849064333233400248e-03
5.886537799597135745e-03
6.033732746800524183e-03
5.973209968942683190e-03
5.947696801740676165e-03
6.086746363507700153e-03
6.039609508661669679e-03
6.215870980668114498e-03
6.194153453179751523e-03
6.151713694634963758e-03
6.175439162689144723e-03
6.133935141406254843e-03
6.284102206336683594e-03
6.288326279900502414e-03
6.332223876597709022e-03
6.243137397177633829e-03
6.191756368934875354e-03
6.158034730106010102e-03
6.119673578723450191e-03
5.979550291158375330e-03
6.042922885171719827e-03
6.071118266845587641e-03
6.287721475018770434e-03
6.180543528898851946e-03
6.188939098137780093e-03
6.262575636355904862e-03
6.282564765569986776e-03
6.340832987916655838e-03
6.463634304964216426e-03
6.546352382429176942e-03
6.490128929726779461e-03
6.586640918612829410e-03
6.673275180219206959e-03
6.725536864905734546e-03
6.731625888278358616e-03
6.666535746262525208e-03
6.553565623107715510e-03
6.609677557207760401e-03
6.606578215723857284e-03
6.495176327007357031e-03
6.563632719917222857e-03
6.811899385866126977e-03
6.799329639761708677e-03
6.802008099839440547e-03
6.889428968861466274e-03
7.066153248160844669e-03
6.948154870769940317e-03
6.731178418704075739e-03
6.794301883928710595e-03
6.946964755115914159e-03
6.712658836477203295e-03
6.673155465250601992e-03
6.686055170575855300e-03
6.933584820217220113e-03
6.746336810465436429e-03
6.824199039328959771e-03
6.815834363806061447e-03
6.772809729227446951e-03
6.805975857787416317e-03
6.752077852070215158e-03
7.037715216938522644e-03
7.018350806902162731e-03
7.076096373566542752e-03
7.275001933521707542e-03
7.505202369429753162e-03
7.529215969043434598e-03
7.684210357183474116e-03
7.694148160226177424e-03
7.657121252123033628e-03
7.792067397531354800e-03
7.862366794142872095e-03
8.023419477467541583e-03
7.984966896401601844e-03
7.814443224560818635e-03
7.854549357944051735e-03
7.871964493460836820e-03
7.762759738398017362e-03
7.589295424622832797e-03
7.534779510024236515e-03
7.660283481527585536e-03
7.688260437134886160e-03
7.705074964178493246e-03
7.780639703923952766e-03
7.739858179775183089e-03
7.687338213145267218e-03
7.813749929482582957e-03
7.832215482267201878e-03
7.947226253236294724e-03
7.939459606859600171e-03
7.826625374946161173e-03
7.903702035036985762e-03
7.702732955294777639e-03
7.701751384956878610e-03
7.654308477867743932e-03
7.570972695248201489e-03
7.333893359827925451e-03
7.679425489186542109e-03
7.693798952459474094e-03
7.606959134136559442e-03
7.567770939203910530e-03
7.526449791839695536e-03
7.519124446844216436e-03
7.466520422894973308e-03
7.629930649272864684e-03
7.670228356801089831e-03
7.768655390464118682e-03
8.047709365200717002e-03
8.141764215906732716e-03
8.146236614265944809e-03
8.128044350087293424e-03
8.235990619141375646e-03
8.208697561713051982e-03
8.349028177690343000e-03
8.234922339397598989e-03
8.278558778329170309e-03
8.453241611277917400e-03
8.496243905028677545e-03
8.553395002309116535e-03
8.344872780071455054e-03
8.154171466230764054e-03
8.260517854068893939e-03
8.015949621039908379e-03
8.016912461243919097e-03
7.972514109496842138e-03
8.125116322844405659e-03
8.111277858915855177e-03
8.068589724643970840e-03
8.129818419547518715e-03
8.062467430136166513e-03
8.221212046919390559e-03
7.882175401391577907e-03
7.786815709550864995e-03
7.901493356257560663e-03
7.930185216537211090e-03
7.814765713192173280e-03
7.907598583187791519e-03
8.022887815968715586e-03
7.895286809798562899e-03
7.828896495993831195e-03
7.993147852175752632e-03
8.285940326459240168e-03
8.309874006954487413e-03
8.521030655174399726e-03
8.311457426316337660e-03
8.373298584047006443e-03
8.385098510188981891e-03
8.139162851875880733e-03
8.243702040999778546e-03
8.271516077002161182e-03
8.123808105665375479e-03
7.725566802037064917e-03
7.482540355340461247e-03
7.680139069634606130e-03
7.574773533633560874e-03
7.495339377783238888e-03
7.958259471706696786e-03
7.688843743380857632e-03
7.402441498925327323e-03
7.614515396198839881e-03
7.409519163047662005e-03
7.347360346102504991e-03
7.133909801268600859e-03
7.194696514488896355e-03
7.325614089495502412e-03
7.098404252246837132e-03
7.704738678512512706e-03
7.528158936111140065e-03
7.559861289337277412e-03
7.783934288454474881e-03
8.068112279943306930e-03
8.436772654022206552e-03
8.361736112419748679e-03
8.453315602309885435e-03
8.418943370998022147e-03
8.115488883049692959e-03
8.295883835671702400e-03
8.298692388052586466e-03
8.164550794390379451e-03
8.430803858573199250e-03
8.534960375982336700e-03
8.623824216556386091e-03
8.690904222021345049e-03
8.631597758721909486e-03
8.741480356547981501e-03
9.089800540095893666e-03
8.827241945255082101e-03
8.744485125134815462e-03
8.531313118510297500e-03
8.628055038570892066e-03
8.531204399332636967e-03
8.609666592747089453e-03
8.757700214118813165e-03
8.582073243815102614e-03
8.791952574028982781e-03
8.980345961390412413e-03
9.145666972472099587e-03
9.438715074793435633e-03
9.477653848080080934e-03
9.269173368011252023e-03
9.461700710744480602e-03
9.203969682857859880e-03
9.764643460584920831e-03
1.013875292665034067e-02
1.022394139545212965e-02
1.021266306634061038e-02
1.019566506511182524e-02
1.030549763163435273e-02
9.847277322478475980e-03
9.826855426581460051e-03
9.764099564563366584e-03
9.750535034072527196e-03
9.689889504443272017e-03
9.568261387357779313e-03
9.734349260725139175e-03
9.737372623021656182e-03
1.005804867509141332e-02
9.923550788698776159e-03
9.665670109825441614e-03
9.454042016841412988e-03
9.389752402967133094e-03
9.673009032667323481e-03
9.570916687152930535e-03
9.639379217333043925e-03
9.810342871787725016e-03
9.978230340493610129e-03
1.005309293395839632e-02
1.006502982090751175e-02
1.024615710412035696e-02
1.041761984379263595e-02
1.072216766351630213e-02
1.079848688823403791e-02
1.095757156872423366e-02
1.112201447267580079e-02
1.105198803816165309e-02
1.135227087161183590e-02
1.116283004375873134e-02
1.128253161823522532e-02
1.130228895999607630e-02
1.126847947580245091e-02
1.092200717084779171e-02
1.089984574082336621e-02
1.063822529977187514e-02
1.079345391190145165e-02
1.073474684289976722e-02
1.059712995629524812e-02
1.063343179521325510e-02
1.094227351586596342e-02
1.065392458713176893e-02
1.038966915348282782e-02
1.048135110340808751e-02
1.065223341083765263e-02
1.075022830173111288e-02
1.109663366787572159e-02
1.129860341097810306e-02
1.132584164224681444e-02
1.113506598176172702e-02
1.110561174664326245e-02
1.116832658044586424e-02
1.089296048485266510e-02
1.044749822358426172e-02
1.022074092725233641e-02
1.018224964718683623e-02
1.040513778116292087e-02
1.000653164555842523e-02
1.018185998873377685e-02
9.744234766912995838e-03
9.591771455234265886e-03
9.894515810628945474e-03
1.021106988719111541e-02
1.067689382762182504e-02
1.096014872837258736e-02
1.044779469611967215e-02
1.037241667745547602e-02
1.077136435014836024e-02
1.074109881301410496e-02
1.061085871424438665e-02
1.093297582247032551e-02
1.093575279537617462e-02
1.069006481793621788e-02
1.052483724652120145e-02
1.012355247985397000e-02
1.001791931685147574e-02
9.911562960951414425e-03
9.786465701836277731e-03
9.421132654097164050e-03
9.063895112376485486e-03
8.650341785141790751e-03
8.502593103912658989e-03
8.853774107592471410e-03
8.932838481996441260e-03
8.438965566710976418e-03
7.984713031873980071e-03
7.981149837178236339e-03
8.076883675130375195e-03
8.464066294436634053e-03
8.793038796284236014e-03
9.279630647142766975e-03
8.999166439934924711e-03
8.562170187360607088e-03
8.570023969696194399e-03
8.598935193731449544e-03
8.697359949110250454e-03
8.719669766833249014e-03
9.068648847460281104e-03
8.748717784328619018e-03
8.918443829315947369e-03
8.688575505402695853e-03
8.561947164707817137e-03
8.677471260853053536e-03
8.977988507467671297e-03
9.471541399761918001e-03
9.220067455316893756e-03
9.421343882422661409e-03
9.021367131936131045e-03
9.520126865027123131e-03
9.833682555836276151e-03
1.027267787230812246e-02
1.040432673926261486e-02
1.097695230600947980e-02
1.080663765242206864e-02
1.091527948665316217e-02
1.119970962008665083e-02
1.175647094351006672e-02
1.183616661455744179e-02
1.126347910121694440e-02
1.109384601113561075e-02
1.090076281343499431e-02
1.095220487877668347e-02
1.152934381570958067e-02
1.086661107274267124e-02
1.091159229690674692e-02
1.041165367132634856e-02
1.011534029748872854e-02
1.034285863624972990e-02
1.026552672192337923e-02
1.062400893351878040e-02
1.013942300687631359e-02
1.027990632155706408e-02
1.007064980967697920e-02
9.977336714655393735e-03
9.887620156405318994e-03
9.552486179018160328e-03
9.829831404204014689e-03
9.970537633307685610e-03
9.574920361956174020e-03
9.125094994487881195e-03
8.786761201008630451e-03
8.516501792655617464e-03
8.434612876044411678e-03
8.536212536455423106e-03
9.369491145662323106e-03
9.262970561394467950e-03
9.145609970801160671e-03
8.719867518266255502e-03
8.838731732794258278e-03
8.620191319096193183e-03
8.479456127133744303e-03
7.859223765990464017e-03
7.379671070339099970e-03
7.786440961353946477e-03
8.049187387769052293e-03
8.601958312283386476e-03
8.558301323319028597e-03
8.154294924679561518e-03
7.950513636387768202e-03
8.047070310567505658e-03
8.474111147734220140e-03
8.629200467112241313e-03
8.916608949220972136e-03
9.455223784243571572e-03
9.927454909302468877e-03
9.966531030840997119e-03
9.888089970445435029e-03
9.922229433868778870e-03
9.759388590282469522e-03
9.865646647995163221e-03
9.997654953622259200e-03
9.844996980064024683e-03
9.452917754970258102e-03
9.606101128156296909e-03
9.167149100903770886e-03
9.628797872210270725e-03
9.837021963903680444e-03
8.965860513853840530e-03
9.233667342414264567e-03
1.023785652887454489e-02
9.950262443453539163e-03
9.451651758354273625e-03
9.474500582655309699e-03
9.163228363831876777e-03
9.267595299206732307e-03
8.953550860496761743e-03
9.786225591597030871e-03
1.004663542244088603e-02
1.031412703741807491e-02
1.034857186004956020e-02
1.038029205756174633e-02
1.049793355377914850e-02
1.044055796592147090e-02
1.025422385646379553e-02
9.914557114825583994e-03
9.431229628717119340e-03
9.725646094011608511e-03
9.669054074038285762e-03
8.887776682968251407e-03
8.744648354877426755e-03
8.693632429640274495e-03
9.402852945640916005e-03
9.584648883901536465e-03
9.705395190394483507e-03
9.856805156232439913e-03
9.852684988800319843e-03
1.032911466700170422e-02
1.085975205205613747e-02
1.072845131693611620e-02
1.071705487538565649e-02
1.085466638596699340e-02
1.059984658786561340e-02
9.705904723887215368e-03
9.459821782002109103e-03
9.144697809460922144e-03
8.346275009898818098e-03
8.390703912482422311e-03
8.581105457778903656e-03
7.721327694525825791e-03
7.860025937588943634e-03
7.600919934702687897e-03
7.508775059250183403e-03
7.364108911133371294e-03
7.261318509335978888e-03
7.650335696780530270e-03
7.679393004764278885e-03
7.250731269778043497e-03
7.874182796513196081e-03
7.447004610185103957e-03
7.093184090990689583e-03
6.931292581612069625e-03
7.073068235513346735e-03
6.882106642478902359e-03
6.019924890097172465e-03
5.966250665551342536e-03
5.752951704380393494e-03
5.649932554661063477e-03
5.420263607447850518e-03
4.841180049879767466e-03
5.255123711322085001e-03
5.137922989888465963e-03
5.655309137182484847e-03
5.834003574818780180e-03
5.680810191734053660e-03
5.812873568174836691e-03
6.210258638020604849e-03
5.617030861685634591e-03
5.894482645089738071e-03
6.351674900543002877e-03
6.803640928410459310e-03
6.569468985617277212e-03
6.261947551138291601e-03
5.057674399722600356e-03
5.099293207422306295e-03
5.001572665605635848e-03
5.101180628116708249e-03
4.115452416954212822e-03
4.286473467800533399e-03
4.913095881420304067e-03
5.606068072665948421e-03
5.911113177717197686e-03
5.058942799223586917e-03
4.720538468973245472e-03
5.142924523170222528e-03
5.018189716793131083e-03
4.491291073463798966e-03
4.054325338984199334e-03
4.030129246530123055e-03
3.014511717083223630e-03
3.246137823225581087e-03
2.509046928935276810e-03
2.164471748073992785e-03
2.755665716904331930e-03
2.293765305694250856e-03
3.174329873218084686e-03
2.800048899189278018e-03
3.316563796943228226e-03
3.876562774166814052e-03
3.688014111503434833e-03
4.134506002628768329e-03
3.834318194094521459e-03
3.584604845855210442e-03
3.975309175984875765e-03
4.631795611203415319e-03
4.097811770407133736e-03
4.209940695545810740e-03
3.623028683250595350e-03
3.674436891742516309e-03
2.989021903886168730e-03
2.309193377186602447e-03
2.319594620530551765e-03
1.519941439255489968e-03
1.461688642848457675e-03
1.642823136535298545e-03
8.891181960279936902e-04
2.640741556206194218e-03
2.837676332092087250e-03
3.121771956102747936e-03
3.221664532247814350e-03
3.111788782916846685e-03
3.351892544742440805e-03
2.643185474880738184e-03
3.783152857067761943e-03
3.439813141085323878e-03
3.706996758410241455e-03
4.423356588631577324e-03
3.850550835522881243e-03
3.400880017579765990e-03
3.546776208168012090e-03
4.043067900056485087e-03
5.485871551172749605e-03
4.539794441370759159e-03
4.935154285703902133e-03
4.679526368818187620e-03
5.083458292574505322e-03
5.254242877526849043e-03
4.860594339334056713e-03
6.485785323093296029e-03
5.769258279542555101e-03
5.629100158330402337e-03
6.084907026888686232e-03
6.803008001043053810e-03
6.186202964272524696e-03
6.465405962444492616e-03
7.450844990671612322e-03
7.715107019066635985e-03
6.702267779473913833e-03
6.575811363290995359e-03
6.616746028157649562e-03
6.843687853688606992e-03
5.809141432109754533e-03
6.210504334376309998e-03
6.423613345759804361e-03
5.334197186130040791e-03
5.007555577321909368e-03
5.419637006525590550e-03
6.490630787084228359e-03
5.989844869873195421e-03
6.622553186389268376e-03
7.022205917564861011e-03
6.518834862617950421e-03
7.950397614877147134e-03
6.574808695404499304e-03
5.491784882906358689e-03
4.977048048203869257e-03
5.047410964834853075e-03
4.709848209131450858e-03
4.173517370873014443e-03
4.221473090183280874e-03
4.335847726906649768e-03
4.820379313969169743e-03
4.158586587436730042e-03
4.119802776585856918e-03
3.758172741981979925e-03
4.157340396886866074e-03
3.891425812071247492e-03
4.300109153518860694e-03
4.319171264796750620e-03
4.086360931978560984e-03
4.466225082978780847e-03
4.684843880568223540e-03
5.409622131992364302e-03
4.914590014777786564e-03
5.454465995171631221e-03
6.293371247011236846e-03
6.975698407586605754e-03
7.361723742178583052e-03
7.085068699780094903e-03
8.013944584490673151e-03
7.758947489492129534e-03
7.896461320342496037e-03
8.131599631269637030e-03
8.506052460688806605e-03
8.488706520438427106e-03
9.742904676386388019e-03
8.743774536924320273e-03
9.223542901054315735e-03
7.803556283761281520e-03
7.402248366815911140e-03
6.203710243426030502e-03
7.733401209407020360e-03
8.076909461124159861e-03
9.915863204696506727e-03
1.156062625068443595e-02
1.174413999342505122e-02
1.054129855037899688e-02
1.061239628597832052e-02
1.116153681050491286e-02
1.177520813689625356e-02
1.117186870942532551e-02
1.110532996153779095e-02
1.087314332653477322e-02
1.114135153784445720e-02
1.162025801750132814e-02
1.112187444687151583e-02
1.164897418584587285e-02
1.291230024435208179e-02
1.371828328228730243e-02
1.439732244762126356e-02
1.437027018437220249e-02
1.511070055494201370e-02
1.511281239436357282e-02
1.528190208409796469e-02
1.539519603466033004e-02
1.622941589175752597e-02
1.617399758742976701e-02
1.587908061810594518e-02
1.640087456871697214e-02
1.697233998402225552e-02
1.883432927752437536e-02
2.008450166886177612e-02
1.900062106506084092e-02
1.840041422019567108e-02
1.795550114275101805e-02
1.707318085664155660e-02
1.784666632920561824e-02
1.765818793046491919e-02
1.853895659041882027e-02
1.810738467702321941e-02
1.859481957853859058e-02
1.796437915982096456e-02
1.725584716223238502e-02
1.882218828450277215e-02
1.922581056624039775e-02
1.940890688365470851e-02
1.921285553817142500e-02
1.913377657547243871e-02
2.000195536402316066e-02
2.138501644094503717e-02
2.034788038417900680e-02
2.018569923893664964e-02
2.066198700777022168e-02
2.058634085824451176e-02
1.973761283261410426e-02
2.008957294947322225e-02
2.122729374150367221e-02
2.010716267977841198e-02
1.986874363410606747e-02
1.973282812377874507e-02
2.113947939324134495e-02
2.209407641475991113e-02
2.088958889089553850e-02
2.199745669804542558e-02
2.246193727387435501e-02
2.366382422223978210e-02
2.368715688317024615e-02
2.318618498065916356e-02
2.508623421908851014e-02
2.586298674214049242e-02
2.625342442206601845e-02
2.646366481440054486e-02
2.590964123828598531e-02
2.635445999203511747e-02
2.655634886195912259e-02
2.811263464172952808e-02
2.776386009009002009e-02
2.778017433683999116e-02
2.715507701122987783e-02
2.655025984131498262e-02
2.628087422090175096e-02
2.629866592997132102e-02
2.613016756822617026e-02
2.478177760895050596e-02
2.395574983620463172e-02
2.463569988049130188e-02
2.464702257839235244e-02
2.547075882921490120e-02
2.378865862647217000e-02
2.429652774844726082e-02
2.285789207962807268e-02
2.290882012948713964e-02
2.187255260923848255e-02
2.129039670944621321e-02
2.094540553571277997e-02
2.058508309983153595e-02
2.120501672652608249e-02
2.146531003381824121e-02
2.270672619579272578e-02
2.326242834897129796e-02
2.281369732372695580e-02
2.322611380168382311e-02
2.413662552862660959e-02
2.443462716109934263e-02
2.354724745873681968e-02
2.377737231836363208e-02
2.236330063897185028e-02
2.264113447381532751e-02
2.178569265379337594e-02
2.232741273382998770e-02
2.310258447687374428e-02
2.339783560364594450e-02
2.355141298448870657e-02
2.379520937120105373e-02
2.219981150847161189e-02
2.167357496000477113e-02
2.237768150280317059e-02
2.137707197562122019e-02
2.132435582097969018e-02
2.159113597372197546e-02
2.144036194476939272e-02
2.078681676357518882e-02
2.211025957058154745e-02
2.081443470251542749e-02
2.136510478976560989e-02
2.151194080943241715e-02
2.216379265064460924e-02
1.910733296790567692e-02
1.997362391011847649e-02
1.795003596635069698e-02
1.622492208753101295e-02
1.585891018021357013e-02
1.647853187660075491e-02
1.619554654735111399e-02
1.528761264580680290e-02
1.378982381265814183e-02
1.310833517436549300e-02
1.439088522602105513e-02
1.456930603126238566e-02
1.604315668646449922e-02
1.627323676984815393e-02
1.518715784641244682e-02
1.585776114370673895e-02
1.489310795386700192e-02
1.578077097565255826e-02
1.567052089194476139e-02
1.639910889025486540e-02
1.762773159043717897e-02
1.843772980737412581e-02
1.924973529912676895e-02
1.893524675233493326e-02
1.895441151009435998e-02
1.864096965437056497e-02
1.715401625915546902e-02
1.666745001239178237e-02
1.730411509197438136e-02
1.662084652434714371e-02
1.703952980915346416e-02
1.726945641348720528e-02
1.723591313930228353e-02
1.855021429582848214e-02
1.873702124521514634e-02
2.025991130540205631e-02
1.975674017739947885e-02
1.783975717717112275e-02
1.786588571940228576e-02
1.932670773476274917e-02
1.887059484488418093e-02
2.011580090402276255e-02
2.211915618590865051e-02
2.283016775891155703e-02
2.302461567342106719e-02
2.160050610200414667e-02
2.342962303009699099e-02
2.285474891050398583e-02
2.191343407594104065e-02
2.417173552294116234e-02
2.450595846312353387e-02
2.452341667685686843e-02
2.489325160331645748e-02
2.499290630112227518e-02
2.541672079860290978e-02
2.555428525283787167e-02
2.565585735283093527e-02
2.542146380528720329e-02
2.527036954415962100e-02
2.484140395699796500e-02
2.472200827651249710e-02
2.515671841956645949e-02
2.511919535209017340e-02
2.523344870223809266e-02
2.554656264601362636e-02
2.578675561471754918e-02
2.605096692877850728e-02
2.630225128632446285e-02
2.639329796056699706e-02
2.600246912970760604e-02
2.607298881412134506e-02
2.644456551752227824e-02
2.621632601130841067e-02
2.625540039298357442e-02
2.591024057528557023e-02
2.616269683585414896e-02
2.624888024183746893e-02
2.617035363709874218e-02
2.609198560094228014e-02
2.615267701730772387e-02
2.661025814177264692e-02
2.673154440981306834e-02
2.679018173239455791e-02
2.679163806078577181e-02
2.696087226649979129e-02
2.673542190041189315e-02
2.675584202916070353e-02
2.647481854455691064e-02
2.629620177685865201e-02
2.657111085045471555e-02
2.615936665642948356e-02
2.636486642586532980e-02
2.621891042326751631e-02
2.592746897880715551e-02
2.614970375725533813e-02
2.641589767790719634e-02
2.675461277158319717e-02
2.660010388626687927e-02
2.617387150166905485e-02
2.654908814838563558e-02
2.680321090247161919e-02
2.642343632487609284e-02
2.659553033572592540e-02
2.637997600140806753e-02
2.610514198204327840e-02
2.674804885282355826e-02
2.664335225927061401e-02
2.703509684306482086e-02
2.703228333120932803e-02
2.731092879184870981e-02
2.761614346763963113e-02
2.793551790728088235e-02
2.782300034596119076e-02
2.768861669119360158e-02
2.750913352520001354e-02
2.757340740390645806e-02
2.754382376224384643e-02
2.709260016490588896e-02
2.690728141897125170e-02
2.698439899177174084e-02
2.723761956258385908e-02
2.743311815447668778e-02
2.732681049201346468e-02
2.792978214347385801e-02
2.808083022046048427e-02
2.841888654802460223e-02
2.883813141306745820e-02
2.914741362201311858e-02
2.937266735989396693e-02
2.948412197474681307e-02
2.928588365921314107e-02
2.960577892918081488e-02
2.961684180172596825e-02
2.941418726823030738e-02
2.957985341981839156e-02
2.973404046133509837e-02
2.980410026430035941e-02
2.948842946898366790e-02
2.918515250803466188e-02
2.947241425135871395e-02
2.925421639520209283e-02
2.907019071517424891e-02
2.910397921550611500e-02
2.934361248298955616e-02
2.848390906456188532e-02
2.882230396880913759e-02
2.880307722534780623e-02
2.912893984557740623e-02
2.927947917760320706e-02
2.873325734253739938e-02
2.881684420572128147e-02
2.898253186322108377e-02
2.862446697054110700e-02
2.807057516201894032e-02
2.855230516888696002e-02
2.876825403654947877e-02
2.873747970443218946e-02
2.841334273307438707e-02
2.853847773349116324e-02
2.828381325070949970e-02
2.813965286713937530e-02
2.811992781334993197e-02
2.746266193116753129e-02
2.747194614948966773e-02
2.779147282490157522e-02
2.732319845654274104e-02
2.769329565126099624e-02
2.828226752444606973e-02
2.810887752366397763e-02
2.798280876140779583e-02
2.800120318079279969e-02
2.755931406591116684e-02
2.751034505217830883e-02
2.746480982204957400e-02
2.765896134314971277e-02
2.824832389705989044e-02
2.823971225461718859e-02
2.834576045188441640e-02
2.844973166429554112e-02
2.904230880994873587e-02
2.889284887987741968e-02
2.865075894351321040e-02
2.889533767302054912e-02
2.895257119962479919e-02
2.910216714553826023e-02
2.885894145583733916e-02
2.854374616345012328e-02
2.816052510479494231e-02
2.806265435901877936e-02
2.787721266759035643e-02
2.826123009072034620e-02
2.865444080180168385e-02
2.906002312283817446e-02
2.906617247481335653e-02
2.938931752123608021e-02
2.953377019912295509e-02
2.922554103406582726e-02
2.938529292259772774e-02
2.934530104630539427e-02
2.940375521757232491e-02
2.914413087364664534e-02
2.899606992195913335e-02
2.923668285711755743e-02
2.948334213670023018e-02
2.929183856758754700e-02
2.970714555613085395e-02
2.971820339007535949e-02
2.923167840981477639e-02
2.943826584578346228e-02
2.952113112678489415e-02
2.898716455456451513e-02
2.883123407627863344e-02
3.013383574852923630e-02
2.693707340313267196e-02
2.495271592852077447e-02
2.289331447991571622e-02
2.211522223387873964e-02
2.335510468219581526e-02
2.496273435735929525e-02
2.320814394715853268e-02
2.223143886749312514e-02
2.268289756193553330e-02
2.331745733772550011e-02
2.626246359159267740e-02
2.683321602944488404e-02
2.851213887333869934e-02
2.798420884028018918e-02
2.990469650103477761e-02
2.957467309079220286e-02
2.616440546717058169e-02
2.809898192845139420e-02
2.544242384192330064e-02
2.310440201199526200e-02
2.457741104808519594e-02
2.872076577932602959e-02
2.808421474401257001e-02
2.840079437191889156e-02
3.021473925946338568e-02
2.872301873412652640e-02
2.726242061089578783e-02
2.577009891228954075e-02
2.627654764273756882e-02
2.556090558846335625e-02
3.268256038245453965e-02
3.478909998102608370e-02
3.420616048333613435e-02
4.192063039863569429e-02
4.239859559311298653e-02
4.473877432610606775e-02
4.576892971999768633e-02
4.330207084331050282e-02
4.434773271077574464e-02
4.291403896513656946e-02
4.400427814471186139e-02
4.283960322209168226e-02
4.048526604219659930e-02
3.762415203891578130e-02
3.679133862351591233e-02
3.861624226010462735e-02
4.171967188995040487e-02
4.246573477121273754e-02
4.369338725064153550e-02
4.271861199777049478e-02
4.388420369923551334e-02
4.154177035616157809e-02
4.218987367767113028e-02
4.103367661264201161e-02
4.297125264110945864e-02
4.550673170524532907e-02
5.064079817475430900e-02
5.071160870465973858e-02
5.062278956393129192e-02
4.870258086430112598e-02
5.100250635405245703e-02
5.038260783567238832e-02
4.526521587831666693e-02
4.339891834570153151e-02
4.355673338886845158e-02
4.195487215838511474e-02
4.592427946408861317e-02
4.525997364089562325e-02
4.720817450470349286e-02
4.834221734199672937e-02
4.647042422220692970e-02
4.235374413474346511e-02
3.799696111400407972e-02
3.651088814058311982e-02
3.463559931788040558e-02
3.674036350093956571e-02
4.089776722412352683e-02
4.281965523932740325e-02
4.287529288558289409e-02
4.107210636993841035e-02
3.800981572931050323e-02
3.536095041363296332e-02
3.443966519716923358e-02
3.172726860702823615e-02
3.013613187886221567e-02
3.096913047284033382e-02
3.289928338381287176e-02
3.811275946554815164e-02
4.062149470337317325e-02
3.923317186763597419e-02
4.207775781742384424e-02
4.698090193141979398e-02
5.073171472395188175e-02
5.012202378838992445e-02
4.815130766655784100e-02
4.935881897745275637e-02
4.829792983491643099e-02
4.717462814733153209e-02
4.792857161828578683e-02
4.597972855390253244e-02
5.328598575579235330e-02
5.123473926232691156e-02
4.686387559650029289e-02
4.645572725439706119e-02
4.424276822555839317e-02
4.511732348601071863e-02
4.401422084993100725e-02
4.651716628904978279e-02
5.086913359264144674e-02
5.046404958920902573e-02
5.110409628105117008e-02
5.232046889523189748e-02
4.965725792953890050e-02
4.984869642339617712e-02
5.165390680031123338e-02
5.012223787252878537e-02
5.259499336807493819e-02
5.363879168180574197e-02
5.592270367651508423e-02
5.686691194205195643e-02
5.461984109751938377e-02
5.511753472092095762e-02
5.379958087269187672e-02
5.132411209160636645e-02
5.305204976775712566e-02
4.972136569722351851e-02
4.914835500039771432e-02
5.182378162680834066e-02
5.259683177791885100e-02
5.609586102582397871e-02
5.375829237345897127e-02
4.940862894818565110e-02
5.018045066117338138e-02
4.464926327182183741e-02
4.868962455748260254e-02
5.356486057371512288e-02
5.089837397736118874e-02
5.331943801684246864e-02
5.054494707201229176e-02
4.906785551156644942e-02
5.056587394483358366e-02
4.754057649734022561e-02
4.993725614804134239e-02
4.821147774146083975e-02
4.414946253564266954e-02
4.668679753558535594e-02
4.552207934557372937e-02
4.736302813216752838e-02
4.466219316873321077e-02
4.286819123444729485e-02
4.709483286296745064e-02
4.457874122908833669e-02
4.369667762603057781e-02
4.690435227166744880e-02
4.824858065876469482e-02
4.722479494193976279e-02
4.392750036549841752e-02
4.863830652266187826e-02
5.153088501447200542e-02
4.580836490822548512e-02
4.719913255121355178e-02
5.084764023104071384e-02
5.255419088280177675e-02
4.974741123805870302e-02
4.867504085268592462e-02
5.114336551014275756e-02
4.787326780115108704e-02
4.851065754883165937e-02
5.545539190643467009e-02
5.906645506820495939e-02
5.567506587794923689e-02
5.942192125985457096e-02
6.653101671417971374e-02
7.020168250710412394e-02
8.466284486803488107e-02
8.997264316258224426e-02
9.070533400699787308e-02
9.549663554753351491e-02
9.050107728398870677e-02
8.354923072238307213e-02
9.411486510816757800e-02
8.702659081791352946e-02
8.616309886838280363e-02
8.982741616637213156e-02
8.616909150168794440e-02
8.059280764700815780e-02
9.032706143716495717e-02
8.547085177633562125e-02
8.794026501254847972e-02
8.823299878986290423e-02
9.535669949127623113e-02
9.315064928523497656e-02
8.865985662396269618e-02
9.514232089350116439e-02
9.630243243464065017e-02
9.635142323440959444e-02
9.843159298270620639e-02
1.040364140553720063e-01
1.038341132361892960e-01
1.072124995498597855e-01
1.136941862714593299e-01
1.106316891709866468e-01
1.093325821275357157e-01
1.168319350690580904e-01
1.136307244032650487e-01
1.042576534464387805e-01
1.133371959895157488e-01
1.180960146966754110e-01
1.238944521792291198e-01
1.306783969084790442e-01
1.237087831595999887e-01
1.212758356359699974e-01
1.162041807774585322e-01
1.240002383265164099e-01
1.194131190241023432e-01
1.232123472373132245e-01
1.207510396243378636e-01
1.281297503373934887e-01
1.298134178405234707e-01
1.343502663285107701e-01
1.339682723155419808e-01
1.418808941734823748e-01
1.390659896542274510e-01
1.491083390774292639e-01
1.442145440578315174e-01
1.440156644976013922e-01
1.398434116317730513e-01
1.456485706676176051e-01
1.436353866192803252e-01
1.350930296375736361e-01
1.350112693962728372e-01
1.415857276188035030e-01
1.419390871014911681e-01
1.501171389691080549e-01
1.491330337321414845e-01
1.489633177852738299e-01
1.457410502498532878e-01
1.464848360819814843e-01
1.443133632483295514e-01
1.528134041436715052e-01
1.578109374413543264e-01
1.546444458108453546e-01
1.568691004104039166e-01
1.627572384932136629e-01
1.715981025445216801e-01
1.669108657188189682e-01
1.638712036319702747e-01
1.601397079602975282e-01
1.559478067620148067e-01
1.509796452419323032e-01
1.515345001371315448e-01
1.533315741189653636e-01
1.529849511698557762e-01
1.525500200559690711e-01
1.474905725535791134e-01
1.503903920920492965e-01
1.480812277250151965e-01
1.455945309398885001e-01
1.406144982756813988e-01
1.354727498774082051e-01
1.294980836100876331e-01
1.269102191545243841e-01
1.298052825795821263e-01
1.287533293434535153e-01
1.254271009702279116e-01
1.253066070212298655e-01
1.300846724097937113e-01
1.318059797804380651e-01
1.322118453190341825e-01
1.366333953574212501e-01
1.334189244680601405e-01
1.284608217229106231e-01
1.360103898859961191e-01
1.342017168135498650e-01
1.333916457415398327e-01
1.308194534367430606e-01
1.259577410510246409e-01
1.291731706232894794e-01
1.284519018308856175e-01
1.314590344027237734e-01
1.336927720321909874e-01
1.303000888374299393e-01
1.255494195929713896e-01
1.209441992405118071e-01
1.259801986170714372e-01
1.245734312087733997e-01
1.306913252783488133e-01
1.251024937209876953e-01
1.252348149191675475e-01
1.284100170396413887e-01
1.330687147674325388e-01
1.374801993624714669e-01
1.351278303181970841e-01
1.446844959746158565e-01
1.505218260326728341e-01
1.551857522754289676e-01
1.497533807614672696e-01
1.517070255686121527e-01
1.480961240749820718e-01
1.552037266783372615e-01
1.646284687940351432e-01
1.745965080581299844e-01
1.738765331592730945e-01
1.664519499609014019e-01
1.707261571455092053e-01
1.607470971366637968e-01
1.766602509369477048e-01
1.716598833736497909e-01
1.744982924838041072e-01
1.862272732359997462e-01
1.853917431453737663e-01
1.879068310972797917e-01
1.996701272328209598e-01
1.954206560494640144e-01
1.904956404505355749e-01
1.973648210050669149e-01
2.017307561945926864e-01
2.035547856412449619e-01
2.029412861165837967e-01
2.132961085226270370e-01
2.102838723239983665e-01
2.169056822240236215e-01
2.142898256834087078e-01
2.185598579499128391e-01
2.105807052721502259e-01
2.140166571534791728e-01
2.107966262001355062e-01
2.185409072535549058e-01
2.228283669701340841e-01
2.274838283728968236e-01
2.237863578357064398e-01
2.360945272648677928e-01
2.417725672166852746e-01
2.536446797839744249e-01
2.538105376870589680e-01
2.457865872647744254e-01
2.395053560085216304e-01
2.378543842351064086e-01
2.371295422417460941e-01
2.379463140141524491e-01
2.348167185346028418e-01
2.300733580668747891e-01
2.392795646455851966e-01
2.355967979819979519e-01
2.336781739495563670e-01
2.310000322140695062e-01
2.346187807297610561e-01
2.261227037224671221e-01
2.351694630160636734e-01
2.391142797869179049e-01
2.350928518171713222e-01
2.280881489868988865e-01
2.143260203238241957e-01
2.197644430334548815e-01
2.221398142546604504e-01
2.225711907767617959e-01
2.274379748532737722e-01
2.260611188685288653e-01
2.221449335338547826e-01
2.159867129721533274e-01
2.220019587157366914e-01
2.231047399054659763e-01
2.209603006713223294e-01
2.204552535567927407e-01
2.089846294365997892e-01
2.126641480754187796e-01
2.121652998830541037e-01
1.983575864096565056e-01
1.941691700885712635e-01
1.942855224724553409e-01
1.929055374575909809e-01
1.989962322741121170e-01
2.086345364496082766e-01
2.108585623773251427e-01
2.141073924030933995e-01
2.233360057880418026e-01
2.181388035378404311e-01
2.118011793227196904e-01
2.031874141721345950e-01
2.117919491620341432e-01
2.073680832208992797e-01
2.193126468037007726e-01
2.140082493133377284e-01
2.070436912290460896e-01
2.061313550984777976e-01
2.065765469278630917e-01
2.119142319779712125e-01
2.241078624783767737e-01
2.283538710562424967e-01
2.296274246291432064e-01
2.248711201091282419e-01
2.246124624161893735e-01
2.190813866573080304e-01
2.137086619222827721e-01
2.025500355730400770e-01
2.007188816423877142e-01
1.932123464248434175e-01
1.972978198546115891e-01
1.968781562864023726e-01
1.906114536495806533e-01
1.893332850040678750e-01
1.833523660807259148e-01
1.780781095403654035e-01
1.805871228170872200e-01
1.949894651352224173e-01
1.965653553606898640e-01
1.982658338411056320e-01
1.958663207051358768e-01
1.931369271269431920e-01
1.836966242744892952e-01
1.746492949623643653e-01
1.767705188167383312e-01
1.855074482527925284e-01
1.870759751618606970e-01
1.879897269054708886e-01
1.851907399050105596e-01
1.867028273018149775e-01
1.887283635905987467e-01
1.839853063238479081e-01
1.729946737013960956e-01
1.675641055617234088e-01
1.640220646004308946e-01
1.647688850862323307e-01
1.550688014576735441e-01
1.479963833935471484e-01
1.452258795816305792e-01
1.711496290163267986e-01
1.599261722103619832e-01
1.659566933394671651e-01
1.627477435849868925e-01
1.509518912125713541e-01
1.596842090684731374e-01
1.604340617541311076e-01
1.676415598221865366e-01
1.658835484286100836e-01
1.519471603287456674e-01
1.553093662132596364e-01
1.512698729075054871e-01
1.453437576719807112e-01
1.561648045653782901e-01
1.591040473249449860e-01
1.489741491550375940e-01
1.404060620461677900e-01
1.319931002490193350e-01
1.363911044882115675e-01
1.379566105269987020e-01
1.415783488228044007e-01
1.550131287449403317e-01
1.414808413837818080e-01
1.389994063947597169e-01
1.307099906662188005e-01
1.264964811134632328e-01
1.132688176267038216e-01
1.115577482723892899e-01
1.311345588428594056e-01
1.501593681969097815e-01
1.423671614957129350e-01
1.444819779617319000e-01
1.554860668948094826e-01
1.428863791452386067e-01
1.330577515664117527e-01
1.258211189424400800e-01
1.262044239110764465e-01
1.328054471614450449e-01
1.427095219078182708e-01
1.321876281845106860e-01
1.161833644073340110e-01
1.157504298944331822e-01
1.059742895631643478e-01
1.033684315552818589e-01
1.106215195268305251e-01
1.217967395059531555e-01
1.231834736690871068e-01
1.235933006910272525e-01
1.324547868198351352e-01
1.300840222893384635e-01
1.226563676982550533e-01
1.235802523378879414e-01
1.260632449375407305e-01
1.122906779610275407e-01
1.135301020685801632e-01
1.160129350992065156e-01
1.186934820925671374e-01
1.157355687109884457e-01
1.210296019489760511e-01
1.201831111175124533e-01
1.284814202781490167e-01
1.338684003858361393e-01
1.353408317481807899e-01
1.416094046626312775e-01
1.443296307061245898e-01
1.510560537808487425e-01
1.652897667972865747e-01
1.553526155266808928e-01
1.557878622934367741e-01
1.601975125686294632e-01
1.540981411226312048e-01
1.522528912510097143e-01
1.548141105931790662e-01
1.381133269369456684e-01
1.269688728762048413e-01
1.399713986329516047e-01
1.493483066360568046e-01
1.501973284639461781e-01
1.551234718954219716e-01
1.510334182166843675e-01
1.577747397914208705e-01
1.729239508204045705e-01
1.674979937843090738e-01
1.582715424156049266e-01
1.555412464585970156e-01
1.553091645391759812e-01
1.579719337960341363e-01
1.607805974535949645e-01
1.502779724360152613e-01
1.599865675434557488e-01
1.451689785990311066e-01
1.601343883121444378e-01
1.498321098424639786e-01
1.449690781291792518e-01
1.387189437600682140e-01
1.309563482654994004e-01
1.261237147582505713e-01
1.421777964924331172e-01
1.274219689321398619e-01
1.272703794938934152e-01
1.161405066668521613e-01
1.313239945120585617e-01
1.193424298735408229e-01
1.241133610910765128e-01
1.280583627894884557e-01
1.434796813709908747e-01
1.410761399984039599e-01
1.383477202380163362e-01
1.339891780835387181e-01
1.354077695332307485e-01
1.323871232489182148e-01
1.478085042035672814e-01
1.564872049948462518e-01
1.495790691178626730e-01
1.594980409081472317e-01
1.574484669145022053e-01
1.528625405526327086e-01
1.602424337070260663e-01
1.566600648638996063e-01
1.508835125123368925e-01
1.480097012672558776e-01
1.593089897723984905e-01
1.561766148706738022e-01
1.596170879593046266e-01
1.725510015394320362e-01
1.807155438737026998e-01
1.970189508410840062e-01
1.971878890390144079e-01
2.141028410287617589e-01
2.002905054177972488e-01
1.993978357095329557e-01
2.104751494425727287e-01
2.169284188812525827e-01
2.207896012641867856e-01
2.106136812572003691e-01
2.189645971566278604e-01
2.156744900385092478e-01
2.297915567123709479e-01
2.435711928101227386e-01
2.415707384607230779e-01
2.334186430089175701e-01
2.414990064216908650e-01
2.396342153788282303e-01
2.473597442913160194e-01
2.416377273912075907e-01
2.469466333668606239e-01
2.409800064460796420e-01
2.334403416971326806e-01
2.243196709487165208e-01
2.271134971488208976e-01
2.267090836576244328e-01
2.276631462100340286e-01
2.254843978644203162e-01
2.262272074995053117e-01
2.261193566964720958e-01
2.298579117659755866e-01
2.280295091613879777e-01
2.331922815392317716e-01
2.290302001656527864e-01
2.330360728656160063e-01
2.223521066507601063e-01
2.281014377231258550e-01
2.353845613879457233e-01
2.432833256216326845e-01
2.526545437585809850e-01
2.529912686568422941e-01
2.566888369728985708e-01
2.604673541818556259e-01
2.519820816323772306e-01
2.502338691119803116e-01
2.424448864176156349e-01
2.362159684626021772e-01
2.305587379660209990e-01
2.252038722008364857e-01
2.151052998206068878e-01
2.352395220104881446e-01
2.281900941925414372e-01
2.147672960745694581e-01
2.064611910145686124e-01
2.309220063098109677e-01
2.176203104581873049e-01
2.216679996226957883e-01
2.217444485095256823e-01
2.271277568543155212e-01
2.262393841056109522e-01
2.155068181082242518e-01
2.251727593547911965e-01
2.254854581324252649e-01
2.146071772722280002e-01
2.433035974190715933e-01
2.355057233507977799e-01
2.386095786769146798e-01
2.400812806899921270e-01
2.336904386856986093e-01
2.357424790006916737e-01
2.157079713560960954e-01
1.990576419275384978e-01
2.097026967248893925e-01
2.094905926342107705e-01
2.189894601933701779e-01
2.214627934190502856e-01
2.156352865131339058e-01
2.014270228683017194e-01
2.030046602158108726e-01
1.969008031228440814e-01
1.911509032497633598e-01
2.109065173790440895e-01
2.129332643162342720e-01
2.366171686289817444e-01
2.313928674820999731e-01
2.175867137566456222e-01
2.280262369231422781e-01
2.469227336359836045e-01
2.492689158762004809e-01
2.396850745681149419e-01
2.353435549111964065e-01
2.241581927328297752e-01
2.264707156682561617e-01
2.149045129481237382e-01
2.160615718039480271e-01
2.060664302634904743e-01
2.060256591694269446e-01
2.480074876066282741e-01
2.452251872573469882e-01
2.495969894298468716e-01
2.415273449350934243e-01
2.636580232792766765e-01
2.702755295122187817e-01
2.764471472564764554e-01
2.751408907133736648e-01
2.681564432459708769e-01
2.734001567487212014e-01
2.663974071610937244e-01
2.766114940932311583e-01
2.760279093990902766e-01
2.877942543964309152e-01
2.894821326699457131e-01
2.864005646551959217e-01
2.998754664158695959e-01
2.980728460743193864e-01
2.922224832782376325e-01
2.978999652650600183e-01
2.959316005662913085e-01
2.899554151817937964e-01
2.955789682437170995e-01
2.954537857322065975e-01
3.003434427282627439e-01
3.093042211639840389e-01
2.914820291080104653e-01
3.067620627925862209e-01
3.292277454402210424e-01
3.232043893285663216e-01
3.362201847103278851e-01
3.344432112562572001e-01
3.296654127825604519e-01
3.169993936635364662e-01
3.358197995403315872e-01
3.411224096980731701e-01
3.432666378075737157e-01
3.398876476003351854e-01
3.364483432942506624e-01
3.275523259571855306e-01
3.363026111837825738e-01
3.320584403936663875e-01
3.349825831983253011e-01
3.364865800858751754e-01
3.371901173550213571e-01
3.507645522659004200e-01
3.535402979541686364e-01
3.499936597245323355e-01
3.445863658216694603e-01
3.204868966231515515e-01
3.278196772025694372e-01
3.298393780924016028e-01
3.340467420193817816e-01
3.344903038860138622e-01
3.359338074515108019e-01
3.494434767017082777e-01
3.601417121026315726e-01
3.571589622924875584e-01
3.611975134181193425e-01
3.348514487115608063e-01
3.242713706540598650e-01
3.359834046013929765e-01
3.610004655711236410e-01
3.716932293164063594e-01
3.881432306470742333e-01
3.963208879140438512e-01
3.885009526356952847e-01
3.873547941293509211e-01
4.017910659986227984e-01
3.931722446859566844e-01
3.987068507576623233e-01
4.045942154389194911e-01
4.029724121028266381e-01
3.971560387490171706e-01
3.821414523226849269e-01
3.810083804428359144e-01
3.754024908830615459e-01
3.886312786653434159e-01
3.741927899545771652e-01
3.831330278990208171e-01
3.961463003024618956e-01
4.038522602359080338e-01
3.995635174987910432e-01
4.021964121920973412e-01
4.183003661419206765e-01
4.233748998894952820e-01
4.191669333231402561e-01
4.242868695682773250e-01
4.263741668946749996e-01
4.276103005277036573e-01
4.669189854848809773e-01
4.729144362063379958e-01
4.971055339428858133e-01
5.017673088150331751e-01
5.060232674341023085e-01
5.077275173644011375e-01
5.178969344415236264e-01
5.133367174512386555e-01
5.199255048073609942e-01
5.220956180801294977e-01
5.180608720520467614e-01
5.258487751152642886e-01
5.306311138256205595e-01
5.193948499545513187e-01
5.315524523257408873e-01
5.268870483077989775e-01
5.173247335351334186e-01
5.102902655735306325e-01
4.971801176470762584e-01
4.907620009053061949e-01
4.868728718665806809e-01
4.998589577198799816e-01
4.880443467809527647e-01
4.817478291606676066e-01
4.736417070835159393e-01
4.687047328507105703e-01
4.881877212565086666e-01
4.832196795978234150e-01
4.793616990382361109e-01
5.025633989598645712e-01
5.156101900920475600e-01
5.347803579988976708e-01
5.551607101433546632e-01
5.659839133213608875e-01
5.683889011415885761e-01
5.768041233213807573e-01
5.715111645622528158e-01
5.899596025601567817e-01
5.807151308599713957e-01
5.795046188395645004e-01
5.825372450071881758e-01
5.796841209257763694e-01
5.587648452838038793e-01
5.490581462545378599e-01
5.501622916581254685e-01
5.422698339634735021e-01
5.350700420867724461e-01
5.460814116204346647e-01
5.478784326032837271e-01
5.553595481060256134e-01
5.553701271992395050e-01
5.587998873052129056e-01
5.324552024039803655e-01
5.528095086956454907e-01
5.596896273900711094e-01
5.373011789579322794e-01
5.538167035820151796e-01
5.292865691526458249e-01
5.332027909216776607e-01
5.104821614559114096e-01
5.251929905534780119e-01
5.377718103482038714e-01
5.259630560512960074e-01
5.173738307566964068e-01
5.128752575465114205e-01
5.293997077205858659e-01
5.276630512571500731e-01
5.335169690033580991e-01
5.240685932703854633e-01
5.236079575515759643e-01
5.536680723134850268e-01
5.767777581668269704e-01
5.909627381452082773e-01
5.865182056140838540e-01
6.033518711910801358e-01
5.860742415998174693e-01
6.010150858137421892e-01
5.971218178519848152e-01
6.092573229925619671e-01
5.964192678766266908e-01
5.882184483243690920e-01
6.080502261511355755e-01
6.090904433440300636e-01
6.225463084565490135e-01
6.105176743367337622e-01
6.352001757168181939e-01
6.511213129715542891e-01
6.426868963308152161e-01
6.425619350611668779e-01
6.516428240965979057e-01
6.529029463290498825e-01
6.733545734086874290e-01
6.893413215748296352e-01
7.148304037982597947e-01
7.193520652526785852e-01
7.043423029617770226e-01
7.024613182120447163e-01
6.782389603149567847e-01
6.892831269306043396e-01
7.175404188819811679e-01
7.237336828102343134e-01
7.277194961388886441e-01
7.318419315633946098e-01
7.311324636375502450e-01
7.237031242557350197e-01
7.128347738616866991e-01
7.283377251569618238e-01
7.038574178268390824e-01
7.283913338369529811e-01
7.417752800856760587e-01
7.579370509238287923e-01
7.514929611406842014e-01
7.684476168278706609e-01
7.722758442114354693e-01
7.620796682504078490e-01
7.828554680736488081e-01
7.795821465979315690e-01
7.856327108856930863e-01
7.744796522219985491e-01
7.976860465696518077e-01
7.916498460072034504e-01
8.012814896464988124e-01
8.035812696653010789e-01
8.112036570601048879e-01
8.212068228458520025e-01
8.199142057710560039e-01
8.268710989268583944e-01
8.127383470609856886e-01
8.193128014645481016e-01
8.580137829821978812e-01
8.428717638535090373e-01
8.341744465769806993e-01
8.239115324540762231e-01
8.261024350495063118e-01
8.292783571187101188e-01
8.386314615045193932e-01
8.191090313430322567e-01
8.221530787359370152e-01
8.264975796510043438e-01
8.348874220873767626e-01
8.240575811150847585e-01
8.182847771849992569e-01
8.301106939452438382e-01
8.298691284335291130e-01
8.257763344608974876e-01
8.291890787950251251e-01
8.289109455554353190e-01
8.762303490902922931e-01
8.964705414891795954e-01
9.007255669475853210e-01
8.877955706875582109e-01
9.040585769571407582e-01
9.195392501960668596e-01
9.361360379671168630e-01
9.472897111891143140e-01
9.540822980534358067e-01
9.471925755078700604e-01
9.339541271274356404e-01
9.395413684123923304e-01
9.512604174378793687e-01
9.508108558002277277e-01
9.467945088554188260e-01
9.486146308208844857e-01
9.861262164504296379e-01
9.980076654619551846e-01
1.006067300670110853e+00
1.007085021949933434e+00
9.964451926198307774e-01
9.877283083860675106e-01
1.021303506548065343e+00
1.006544438063428970e+00
9.986507967369107064e-01
9.913703949114278657e-01
9.880075712317193393e-01
9.746838658375054365e-01
9.842568480116824503e-01
9.796024016623050557e-01
9.944479822397624957e-01
9.804116797849928844e-01
9.792032456689412356e-01
9.782499848397492315e-01
9.752401215791905997e-01
9.747064537768892478e-01
9.629035741545521887e-01
9.668754516715125646e-01
9.666121499785731430e-01
9.836086548957609921e-01
1.040136901413461601e+00
1.034722342421446228e+00
1.041557340730832948e+00
1.038097727210697485e+00
1.010891370430726965e+00
1.009025164245031192e+00
9.919739639599356451e-01
9.818346603551617591e-01
9.940042011048717541e-01
1.026290375271855737e+00
1.028910379114677198e+00
1.027194032871193485e+00
1.064981589942362916e+00
1.041296263325421023e+00
1.035538486871701025e+00
1.034842255106013909e+00
1.043691848355592811e+00
1.025693348492495716e+00
1.019468097560093156e+00
1.007650841379472695e+00
9.954331844910484506e-01
1.016917991163609258e+00
1.023331159129156731e+00
1.027121066310428432e+00
1.007726716419711011e+00
1.075474841783943702e+00
1.077023269896926649e+00
1.072452092921594158e+00
1.079805872614997497e+00
1.100927420026891923e+00
1.126382625002406712e+00
1.130220824789830658e+00
1.127284053856783430e+00
1.128783206478146894e+00
1.119580379971921502e+00
1.145508543741925678e+00
1.126217689722579962e+00
1.116945515039333259e+00
1.101303093231763341e+00
1.126707289479782048e+00
1.150672075824331841e+00
1.133089980837212352e+00
1.153826436664530775e+00
1.154641395427461248e+00
1.160520368088327814e+00
1.159306255862247781e+00
1.164230345273608691e+00
1.183286073367526114e+00
1.164560695909131027e+00
1.147457202379882801e+00
1.152912964284041664e+00
1.142845830960141029e+00
1.129693297204539704e+00
1.136948073455641861e+00
1.134479811601522670e+00
1.125533376784915163e+00
1.116981739471157198e+00
1.133975433123850962e+00
1.126679975855040539e+00
1.113870062180467357e+00
1.092350453050130454e+00
1.115539909737890412e+00
1.103756447409978136e+00
1.073972945848254312e+00
1.094223543925181730e+00
1.082494648063402565e+00
1.083844359891372733e+00
1.049849654876197746e+00
1.058276902687794063e+00
1.076207293420338829e+00
1.085340520646241202e+00
1.104854434591288737e+00
1.094357742802458233e+00
1.090843300515189185e+00
1.087094601106400660e+00
1.056119569531801972e+00
1.087449458732407948e+00
1.080730504319944885e+00
1.089652239517818089e+00
1.078498710557141749e+00
1.072733151613647351e+00
1.085046876478372724e+00
1.103595336554462847e+00
1.131974659663683269e+00
1.136961233751208056e+00
1.128574320255211205e+00
1.103968407387583284e+00
1.113980858845934563e+00
1.103272283296064415e+00
1.115986198760765546e+00
1.144268358844783506e+00
1.149917509869737842e+00
1.158188397193043784e+00
1.152075639021859388e+00
1.138027944031819061e+00
1.116405226832284825e+00
1.120486741948298004e+00
1.134113797056670592e+00
1.116214714159468713e+00
1.115042028732204926e+00
1.099192253514956974e+00
1.123593944434105651e+00
1.126009925294056302e+00
1.121621434902408510e+00
1.111944962834968464e+00
1.145150846651631582e+00
1.174830235143417667e+00
1.192501404567337886e+00
1.205733076763863210e+00
1.176078745372251433e+00
1.160138946444931207e+00
1.187578336916885746e+00
1.178874514212111535e+00
1.193690795844304375e+00
1.190193092348636128e+00
1.182208829008231987e+00
1.178298987315429258e+00
1.177906314834217483e+00
1.184880695185711375e+00
1.164046006754688278e+00
1.164562715720421693e+00
1.156614326750059263e+00
1.162093442741024774e+00
1.215630177637649467e+00
1.262547691184408905e+00
1.281104242338187760e+00
1.266685426742697018e+00
1.270410560578056902e+00
1.272902409948073910e+00
1.276329473269470327e+00
1.247135985359818733e+00
1.258474693318021309e+00
1.241434029965603258e+00
1.265214019616905716e+00
1.285724772111279890e+00
1.290192314794694539e+00
1.288354589766640856e+00
1.265663092165596026e+00
1.259600484240763763e+00
1.276077772056851245e+00
1.274299902505845239e+00
1.270875589001661865e+00
1.286935336703209032e+00
1.296205948650822393e+00
1.292424123970704386e+00
1.301539153885642008e+00
1.285297719853588205e+00
1.274317476381838787e+00
1.265164047768848832e+00
1.250371566051398986e+00
1.231459984259345219e+00
1.220731472772968118e+00
1.228168501918844413e+00
1.246190741287136916e+00
1.220490230024552147e+00
1.219614672345414874e+00
1.220658197727971128e+00
1.262231797406457190e+00
1.270273518356589193e+00
1.274185512189433211e+00
1.281467609524042928e+00
1.284099303099537792e+00
1.306137715959266643e+00
1.320846169757714961e+00
1.315813613267891924e+00
1.304100927699437307e+00
1.270950883127625275e+00
1.258176644440027303e+00
1.262441883709470858e+00
1.259303373893089883e+00
1.295376689825388894e+00
1.304641811669171148e+00
1.298815762920639827e+00
1.281469362804273260e+00
1.266003157303202897e+00
1.218139999818959041e+00
1.201192578630070784e+00
1.188426242614696093e+00
1.196871230118631502e+00
1.205681999740590982e+00
1.187191112575419538e+00
1.179526658563190722e+00
1.178487237828448997e+00
1.159769329101436597e+00
1.187682745677193452e+00
1.217157288414455252e+00
1.228433252925242414e+00
1.219336330853366235e+00
1.247753150291828206e+00
1.267895731128191983e+00
1.249275295559527876e+00
1.256864481248157972e+00
1.238938693644740852e+00
1.244820224759678240e+00
1.285565495378250489e+00
1.296337016819052224e+00
1.296349144269697717e+00
1.310143740691273706e+00
1.285541484234272502e+00
1.289292022583140351e+00
1.270326222957010032e+00
1.259903756927087670e+00
1.252722652410739101e+00
1.275830648690316593e+00
1.253716304427143768e+00
1.253570455544831930e+00
1.266526307226740755e+00
1.275430325068555248e+00
1.237440465540203149e+00
1.222855649809389433e+00
1.213997981237298518e+00
1.209395104076065763e+00
1.201631104137959483e+00
1.198660743576510868e+00
1.220741145769352443e+00
1.218814595607000228e+00
1.204057835123421683e+00
1.198909277807615581e+00
1.180140479566034628e+00
1.198634896938528982e+00
1.206993952509947121e+00
1.179390028264606372e+00
1.193709556870999222e+00
1.187758473540270643e+00
1.177647082358816988e+00
1.153353960230560915e+00
1.136780557627389499e+00
1.140820965121747577e+00
1.147651575314739603e+00
1.135700793089199578e+00
1.104118876298343821e+00
1.101841422973848239e+00
1.084514097686223977e+00
1.086965218581099180e+00
1.133380486994610692e+00
1.108885976955207298e+00
1.093280558176957129e+00
1.087597213248045591e+00
1.097458206293595140e+00
1.112832785302089178e+00
1.109615259703787160e+00
1.185798923877882771e+00
1.190176420122043055e+00
1.184870737204619218e+00
1.208028365328573273e+00
1.244060135848485515e+00
1.223228829477193358e+00
1.259325490898845601e+00
1.241713271981097932e+00
1.257982993995028664e+00
1.282862630380805058e+00
1.280490058326904546e+00
1.315205685225009802e+00
1.333907608631307085e+00
1.310993096640231670e+00
1.285917684846026532e+00
1.275135935670732579e+00
1.277046474023336486e+00
1.280361713647835131e+00
1.264033281806405284e+00
1.293593848067757790e+00
1.307553810950594197e+00
1.339066070569060685e+00
1.381988517055106058e+00
1.391351562830095645e+00
1.386516025901073590e+00
1.379549662906356389e+00
1.379927806883642916e+00
1.384829422441725910e+00
1.377784483624054701e+00
1.375030161973882059e+00
1.432808058404589246e+00
1.406020565333164996e+00
1.368558464399029617e+00
1.385978514000271389e+00
1.389625732895183319e+00
1.392694744139589602e+00
1.367506565334224433e+00
1.382126088986296963e+00
1.399963220719655510e+00
1.410783295631517831e+00
1.380157962345947453e+00
1.403713932918435603e+00
1.424962453669650131e+00
1.394000362708538887e+00
1.391335183327100822e+00
1.376711016256194853e+00
1.383800434939985280e+00
1.388242844998785586e+00
1.396183501477025857e+00
1.408141968753625406e+00
1.430795453684368113e+00
1.421983002844172006e+00
1.430149747358882450e+00
1.439009038015683473e+00
1.452009419220303243e+00
1.456851740666934347e+00
1.434985746506754367e+00
1.390156721098719572e+00
1.402304976559207716e+00
1.395062939574927441e+00
1.392302397855928575e+00
1.382737535780506732e+00
1.397164385132782627e+00
1.373779262416064739e+00
1.369602563804619422e+00
1.396156082023480849e+00
1.383905172900995240e+00
1.390511175454776094e+00
1.377185862868827826e+00
1.403088919708352478e+00
1.380244448958364956e+00
1.364805729281215463e+00
1.342926109113250277e+00
1.317895652260631323e+00
1.325281162080500508e+00
1.346049463605595520e+00
1.340837108711639303e+00
1.369188959660277760e+00
1.353177043485629838e+00
1.329565012592865969e+00
1.345751270520850085e+00
1.376678842756518861e+00
1.374273587309289724e+00
1.385626263813719561e+00
1.405225518706174626e+00
1.397461832349108590e+00
1.369564644028287148e+00
1.341789942846844497e+00
1.328779906047202530e+00
1.342641982308123261e+00
1.367194742411811603e+00
1.378576519015041413e+00
1.393628626626195910e+00
1.389971631674598029e+00
1.413801696116024686e+00
1.413224476835239329e+00
1.408125622506304353e+00
1.370640209000157483e+00
1.342805085731015424e+00
1.333130303972211550e+00
1.314814594789822877e+00
1.336072776770379278e+00
1.345930837282139692e+00
1.341930333515847451e+00
1.360865242595536984e+00
1.342511928096428164e+00
1.367619201026172959e+00
1.397457223451056052e+00
1.392979893205847475e+00
1.394246520942942880e+00
1.407210259098064853e+00
1.405709474559444061e+00
1.412954670304316096e+00
1.397857430241856491e+00
1.404728244463512965e+00
1.398633163285012415e+00
1.372446360276626365e+00
1.386867777327097428e+00
1.426066777185951651e+00
1.399413679967437929e+00
1.410850537633450585e+00
1.418248012679214298e+00
1.416446276207352639e+00
1.464858652455404808e+00
1.479163445143967692e+00
1.473705510306899669e+00
1.449047331807378214e+00
1.437155754919331230e+00
1.452669589955803531e+00
1.444394368231769477e+00
1.453120848584148916e+00
1.447631641065527219e+00
1.463888600766040327e+00
1.446086763427956612e+00
1.471251801317521313e+00
1.474222671753523173e+00
1.466504188588260149e+00
1.471371693710352702e+00
1.480813302725437097e+00
1.507231598913676862e+00
1.508665055025630863e+00
1.545390582270556479e+00
1.544851585731521482e+00
1.556956792205710371e+00
1.568622061022324488e+00
1.564880980964517221e+00
1.575055138410789368e+00
1.587115661069219641e+00
1.571287322405623854e+00
1.564987247348653909e+00
1.577073168570677808e+00
1.553091467650119739e+00
1.523569021946059365e+00
1.554783947023679502e+00
1.549189148986442888e+00
1.544373409255967999e+00
1.574262695449760940e+00
1.610637335284081928e+00
1.637171279064205009e+00
1.653491847454461094e+00
1.626524331805740076e+00
1.654478963411747827e+00
1.633363587290659780e+00
1.609213256111615920e+00
1.618331488043622812e+00
1.649877957149328722e+00
1.676505185676433030e+00
1.658627358234298299e+00
1.671053507322540099e+00
1.662404632787911396e+00
1.683344551269328804e+00
1.703513797997402435e+00
1.723470495452602336e+00
1.724026327149658755e+00
1.727508458506235911e+00
1.757890206072261208e+00
1.762426585009961855e+00
1.775305595128884306e+00
1.738755568751003011e+00
1.713110960477933986e+00
1.686245878390764119e+00
1.668304865809659532e+00
1.664387315321619099e+00
1.676118330199642514e+00
1.667006831451544713e+00
1.621554398474472691e+00
1.596642755453103746e+00
1.588093731471417414e+00
1.580553087234875420e+00
1.581022301698794763e+00
1.575761448531011411e+00
1.553735458141090930e+00
1.554863804167325725e+00
1.553343098672485212e+00
1.552541524722073518e+00
1.522981827432886348e+00
1.492153293475894316e+00
1.477728807239145681e+00
1.500315318904540618e+00
1.527345636760401248e+00
1.523093469941159128e+00
1.493524096260443912e+00
1.503515757387503982e+00
1.501933209089656884e+00
1.490492508280112816e+00
1.458335891139540763e+00
1.444321401530942239e+00
1.450544785077909182e+00
1.451154756768119114e+00
1.458471239951904863e+00
1.435056206535591627e+00
1.455667483267461648e+00
1.460032158763169718e+00
1.433686611141638423e+00
1.417460082940124266e+00
1.415707915728489752e+00
1.434990344499965431e+00
1.413604463352385210e+00
1.380198604552788311e+00
1.390821618724658038e+00
1.391579900915530743e+00
1.398608929874171736e+00
1.405586588489313726e+00
1.390478191262445762e+00
1.443035089771910862e+00
1.443529498674251954e+00
1.429304326615238097e+00
1.454638765790150501e+00
1.435259309715547715e+00
1.403105728631999227e+00
1.406521938469268207e+00
1.400874728889903054e+00
1.409863737168052467e+00
1.405089344258158235e+00
1.397737392826456926e+00
1.390283154944881971e+00
1.384631915592763107e+00
1.406592171560077986e+00
1.386697775727043336e+00
1.455218760835123248e+00
1.423110269533935934e+00
1.467976992003968917e+00
1.499163186143050552e+00
1.484282294328295393e+00
1.483633109985021292e+00
1.488362013905316417e+00
1.463917012344609248e+00
1.455199464108773100e+00
1.439738830847090867e+00
1.473980818059317244e+00
1.482343792425126594e+00
1.479041122269336483e+00
1.498727570218761684e+00
1.505966084298052010e+00
1.471630455715057906e+00
1.423892255057580769e+00
1.418253580728560337e+00
1.466812985532669700e+00
1.469979996564688918e+00
1.495767515429179184e+00
1.500649032165711105e+00
1.482322926046435896e+00
1.487361908491948270e+00
1.476557188715560187e+00
1.510749694321020797e+00
1.518752837321699189e+00
1.552951230090911849e+00
1.528140096795141289e+00
1.522785730607211008e+00
1.520806673554943700e+00
1.532097148856337299e+00
1.524743217274590279e+00
1.513853198102879105e+00
1.486020903855205688e+00
1.496020707082607260e+00
1.541884471881530771e+00
1.514942300649636309e+00
1.514743865730451944e+00
1.546168253637006273e+00
1.600590144732450426e+00
1.591630563031685597e+00
1.573279346126582823e+00
1.570408595486696868e+00
1.648909268343231815e+00
1.669311270974503714e+00
1.651005435779552499e+00
1.653338802716461942e+00
1.675516091207100544e+00
1.694445328917936422e+00
1.701716689447493991e+00
1.733029396091296803e+00
1.716617793469595199e+00
1.804683722773916088e+00
1.838270573549380060e+00
1.845607104873124626e+00
1.866894408849475440e+00
1.836770153639918135e+00
1.842078868686257920e+00
1.837684181175973208e+00
1.904851952278477256e+00
1.911809701711717935e+00
1.946873087593303353e+00
1.945862003144611663e+00
1.920023353130090982e+00
1.928316861498387880e+00
1.929087885207081854e+00
1.917100929639673268e+00
1.900773903608751425e+00
1.910889093007426709e+00
1.930665556498752267e+00
1.955964131232576619e+00
1.948385978609621816e+00
1.934185670284023217e+00
1.910031185620027827e+00
1.937323827537511534e+00
1.925338521998128272e+00
1.958916549014247721e+00
1.917966046667970659e+00
1.972645729345458676e+00
1.953476401416082808e+00
1.997812937202070316e+00
1.987002727194521867e+00
1.979347186796076130e+00
1.961491578585992102e+00
1.949728869789396413e+00
2.006811847310927988e+00
2.002735114790993975e+00
1.979232393991878780e+00
2.026335622879742004e+00
2.015702604638136108e+00
1.962585369513362821e+00
2.005149340896423382e+00
2.001953537564986618e+00
1.974346204621724610e+00
1.972275124258885626e+00
1.953119857045749086e+00
1.949010982143590809e+00
1.938276401716393593e+00
1.961881236599765543e+00
1.948803021747153252e+00
2.020218110948007961e+00
2.062525688795176393e+00
2.063478370699158404e+00
2.032326297950930893e+00
2.036468131098445156e+00
2.016703863580914913e+00
2.011984015575762896e+00
2.003093875088779896e+00
2.013665965772815980e+00
2.013238465009635547e+00
2.045298494953385671e+00
2.017940085765985714e+00
2.023334726956818486e+00
2.014301056425210845e+00
1.984309776655209134e+00
1.958612918981998519e+00
1.958399478331557475e+00
1.927991724708590482e+00
1.905531726400113257e+00
1.923574184716926538e+00
1.923884226320296875e+00
1.927698463749038638e+00
1.930708314477669774e+00
1.930338014764856780e+00
1.938126555863163958e+00
1.915346920101910655e+00
1.872388450245125568e+00
1.870296950164629379e+00
1.854026920403157419e+00
1.838994453833038278e+00
1.870928187657227681e+00
1.896352672204557166e+00
1.871091608378264937e+00
1.813907204635142989e+00
1.798372445543463982e+00
1.744871295165467018e+00
1.729423827468053787e+00
1.738725484074166161e+00
1.697603244383572019e+00
1.668076110283436719e+00
1.652879871141522017e+00
1.624035137961982400e+00
1.635657794041435409e+00
1.707387484920218412e+00
1.713511014100731700e+00
1.753696019926792360e+00
1.755770387413576827e+00
1.773924096194605227e+00
1.806572425974991347e+00
1.798068409110783250e+00
1.795104433358574170e+00
1.770618036395717354e+00
1.805123054298746865e+00
1.792741473078422132e+00
1.834889692204342282e+00
1.797419498371709778e+00
1.790928372909547761e+00
1.798316317896933469e+00
1.801462573981552850e+00
1.829737878163541609e+00
1.813111695680163393e+00
1.797825465909227205e+00
1.762365985567157622e+00
1.736467672207254509e+00
1.798170146287702664e+00
1.832182820930029266e+00
1.794790849634409824e+00
1.823045271975388459e+00
1.809365900471675559e+00
1.864825173158351390e+00
1.904295428532350343e+00
1.916427565633057384e+00
1.927172601060192392e+00
1.948653523071698146e+00
1.927914383670213283e+00
1.942194001074312837e+00
1.896274261111102533e+00
1.884874190553091466e+00
1.934687223967557657e+00
1.937961154271761188e+00
1.921687292475326103e+00
1.947067444847562001e+00
1.959379896429709333e+00
1.933247538820978662e+00
1.941693730095721548e+00
1.955479157086301711e+00
1.909210938664728019e+00
1.908828094305135892e+00
1.894532515221726499e+00
1.900838191268121591e+00
1.924158523315782077e+00
1.997931314414927328e+00
2.071550387760908052e+00
2.100874182511688559e+00
2.110334208541644330e+00
2.130724635535443667e+00
2.101286570061347447e+00
2.076129044493427500e+00
2.073852857613019296e+00
2.051458987132718903e+00
1.994351053594073164e+00
2.020493800988333533e+00
1.993305648477871728e+00
1.995672122780888458e+00
1.989509660251314926e+00
1.972765064603663632e+00
1.976921529201717931e+00
1.995435522037041665e+00
2.005143217658769572e+00
2.042735989467473701e+00
2.008574038001825102e+00
2.025113294024777133e+00
2.021241940129584691e+00
2.046598561210885237e+00
2.056231174719869159e+00
2.067455949450959451e+00
2.087104880831248011e+00
2.092237061884588911e+00
2.054262685132925981e+00
2.082772143133297504e+00
2.087581654209316184e+00
2.153054582789081906e+00
2.194590344633070345e+00
2.197163814613304567e+00
2.180699646843095252e+00
2.290986412279380602e+00
2.343718248121149372e+00
2.332381663782143733e+00
2.312433960344606021e+00
2.296597837696936040e+00
2.257011488746684336e+00
2.254902878482425876e+00
2.251871018959718640e+00
2.255704727108422958e+00
2.239087819405540358e+00
2.310455178206211713e+00
2.303173969319686876e+00
2.283896189514052821e+00
2.321475534392448026e+00
2.315868539162693196e+00
2.338524050946944044e+00
2.322033539127005497e+00
2.260788385040541471e+00
2.253147109729980002e+00
2.199912704058078816e+00
2.194617502453183988e+00
2.174002774812834105e+00
2.163433794573393243e+00
2.130660946325406258e+00
2.193221262682527595e+00
2.168424833380413475e+00
2.152046552152569348e+00
2.148096484002053330e+00
2.153385196332237683e+00
2.136517055351760064e+00
2.101773570459954499e+00
2.078384434485997190e+00
2.100417535712949757e+00
2.168650102204992436e+00
2.153443616552067397e+00
2.195798895480038482e+00
2.242593805456635891e+00
2.210757243153238960e+00
2.219023434520750016e+00
2.213180848592855909e+00
2.203427588638987800e+00
2.177160818829179334e+00
2.155760748428292572e+00
2.110140354358009063e+00
2.088737288188895036e+00
2.092998013108626765e+00
2.177423576257751847e+00
2.176673325896445021e+00
2.192230527070023527e+00
2.218179810741276015e+00
2.222414849891720223e+00
2.240130563720413193e+00
2.269533842360033304e+00
2.298725761130299361e+00
2.295919062955363188e+00
2.292859875279646076e+00
2.288976146780441923e+00
2.251627464578632498e+00
2.291197430491592968e+00
2.272418749027565354e+00
2.302475600657999166e+00
2.256944148018192209e+00
2.267896909295814112e+00
2.287091667937602324e+00
2.270353251331471256e+00
2.303251970102792257e+00
2.320550282517615415e+00
2.331511051554116420e+00
2.349961250459273288e+00
2.449899367025864194e+00
2.497645387315969856e+00
2.486246020130238321e+00
2.512771242616508971e+00
2.500518602981173899e+00
2.479502652894552739e+00
2.476991193028879934e+00
2.538313971072057029e+00
2.534468700205252389e+00
2.553272660807124339e+00
2.575559536669970839e+00
2.539775683401785500e+00
2.524607582716271281e+00
2.528725477182888426e+00
2.611559867884352570e+00
2.590750651120288239e+00
2.590676075436022074e+00
2.572789082324561605e+00
2.569838101336245018e+00
2.552140769038487633e+00
2.579588707078983134e+00
2.566496898023615358e+00
2.568845952164338087e+00
2.632483492338906217e+00
2.601464043790656433e+00
2.575497669264223077e+00
2.588397746550981537e+00
2.596714861929285689e+00
2.592725012564187637e+00
2.620136691827610775e+00
2.578557393617302296e+00
2.571366266917721077e+00
2.512896489934973943e+00
2.510240205060654262e+00
2.522499679344946344e+00
2.620758112392650219e+00
2.583481334057069034e+00
2.540720580203014833e+00
2.557442081773842801e+00
2.548153435845961212e+00
2.585294390454691893e+00
2.626729570270981640e+00
2.606001879292307422e+00
2.609807488050137181e+00
2.579817107382041286e+00
2.608338165324312286e+00
2.554897062255804485e+00
2.574042491909494856e+00
2.605198072223174677e+00
2.617337124724144815e+00
2.561211953628117044e+00
2.541878172755787091e+00
2.514702740610118781e+00
2.507129993356102204e+00
2.502495660314707493e+00
2.479795170759643952e+00
2.558348684957309160e+00
2.583495555594709003e+00
2.594290168376574002e+00
2.621618434128322406e+00
2.633666134691338812e+00
2.659795425392076140e+00
2.650518001329146500e+00
2.615505175351245271e+00
2.609590892432606779e+00
2.655723435132131272e+00
2.697101236190064810e+00
2.707322563979687402e+00
2.762877735952315561e+00
2.775295528658716648e+00
2.760786859843392449e+00
2.773886439103989687e+00
2.762892285470115894e+00
2.763197827738622436e+00
2.777107213328235957e+00
2.746695068467488454e+00
2.696225472021069436e+00
2.732243710779584944e+00
2.725084831917229167e+00
2.692711336289903556e+00
2.754552231584966648e+00
2.736129490705934586e+00
2.724076092099494417e+00
2.699843817144028435e+00
2.636146591101351078e+00
2.670976939206411771e+00
2.721113770632655360e+00
2.795940309340949170e+00
2.799958868768953835e+00
2.829036420643205929e+00
2.847838146537469584e+00
2.833000581919804972e+00
2.783777286022996122e+00
2.793541871775232721e+00
2.819228463033141452e+00
2.797545265204462339e+00
2.809095217167850933e+00
2.826189684177734307e+00
2.863253998588334071e+00
2.863722067780145153e+00
2.820085192809528962e+00
2.836487624314031564e+00
2.904342502927647729e+00
2.900453352302974963e+00
2.871909280097497685e+00
2.892799210359953577e+00
2.815804952825601504e+00
2.806628843782164040e+00
2.826507142846821807e+00
2.757336098040468642e+00
2.710733888848153583e+00
2.720718272649719438e+00
2.720020851572371612e+00
2.684582894403320097e+00
2.713329175579929142e+00
2.719323530296605895e+00
2.694749177272569796e+00
2.693553881348634604e+00
2.687024448988267977e+00
2.687814497234285227e+00
2.653239576814485190e+00
2.618339919702521001e+00
2.649373401853154064e+00
2.610139249721214583e+00
2.603743285233576898e+00
2.652741272611820023e+00
2.676343116490897955e+00
2.668768103778347722e+00
2.699418541843442654e+00
2.758878588167135604e+00
2.703559681614024157e+00
2.698162181954103289e+00
2.699386605056133703e+00
2.661178217677843350e+00
2.681649995442967338e+00
2.672984448383431300e+00
2.689753381326227100e+00
2.730219182972177805e+00
2.689576409725304984e+00
2.732070645245585183e+00
2.713644483770622173e+00
2.715704940260366129e+00
2.704494679184790584e+00
2.695160461445084366e+00
2.710108524509450945e+00
2.697001579864263476e+00
2.649987930300085281e+00
2.738459139759470418e+00
2.801608866127025976e+00
2.802566564289008966e+00
2.771030668408457132e+00
2.776798896548825724e+00
2.763578757010691334e+00
2.722220364394161152e+00
2.757043106810669997e+00
2.721597322370143957e+00
2.710717359391310310e+00
2.734855165369481256e+00
2.729198523626109818e+00
2.731364266076525382e+00
2.793269925353342842e+00
2.799342048509060987e+00
2.811846138420150965e+00
2.837108967966742057e+00
2.818805724617050146e+00
2.794938463466678513e+00
2.790365214135817951e+00
2.800702433476544684e+00
2.837274301175057190e+00
2.827940878078152309e+00
2.825617836220772006e+00
2.858204629028477939e+00
2.831354176478271256e+00
2.793246165614618803e+00
2.791530225928909204e+00
2.811852956711845763e+00
2.848077771574935468e+00
2.791170042920384731e+00
2.777997519053315045e+00
2.774185652020605630e+00
2.792806857964933442e+00
2.863980835908478184e+00
2.866481381508492632e+00
2.858546410032431595e+00
2.848693404278492380e+00
2.862836918270659226e+00
2.866391286504949676e+00
2.870101622638685512e+00
2.911213075934028893e+00
2.921801716169284191e+00
2.916739864698683959e+00
2.951117327079373354e+00
2.938819199062891130e+00
2.888292520186041656e+00
2.837043631931919663e+00
2.882521163252022234e+00
2.859602940700824547e+00
2.880123643943989009e+00
2.874303472501196666e+00
2.896570135128968104e+00
2.892292024464950373e+00
2.904053406368802825e+00
2.916685925479214347e+00
2.992748428325285204e+00
3.028043276091921143e+00
3.078834246083715698e+00
3.081743199839365843e+00
3.089106633934534329e+00
3.118852350931774708e+00
3.083136820209801954e+00
3.110553930137939460e+00
3.131538970344081463e+00
3.124204757446932490e+00
3.114128161615553836e+00
3.155013669783329533e+00
3.119088263369121705e+00
3.062778054531008820e+00
3.130851378588886291e+00
3.104587270854608505e+00
3.111821019661874743e+00
3.140254205687597278e+00
3.126016710943986254e+00
3.125725947075807198e+00
3.161468092339418945e+00
3.195082407333757146e+00
3.161506770657069865e+00
3.162689980917093635e+00
3.176744297901677783e+00
3.124088623874740733e+00
3.169671018528788409e+00
3.241361806773056742e+00
3.218513394524961768e+00
3.229365380002491293e+00
3.237841460423624085e+00
3.195996794930579199e+00
3.216873320137892733e+00
3.255576214416578296e+00
3.256877240406538476e+00
3.259697062615487084e+00
3.237817980482759594e+00
3.238648091314644262e+00
3.236102095540445589e+00
3.280366873045750253e+00
3.265506899094361870e+00
3.250590999884479970e+00
3.287377195762928750e+00
3.323414533679169836e+00
3.313163321864522004e+00
3.313765839764528209e+00
3.377154702243387874e+00
3.341611544973602577e+00
3.365294512689615658e+00
3.353068585560322390e+00
3.325114081600077043e+00
3.366442597683999338e+00
3.288047607017688279e+00
3.299996904027466371e+00
3.287368335703831690e+00
3.277139815673763223e+00
3.271753318683295220e+00
3.323883413059775194e+00
3.305902530074490642e+00
3.365257294007278688e+00
3.350046833244959998e+00
3.363378839015240374e+00
3.343114360422987374e+00
3.339142196412467456e+00
3.464050071249403118e+00
3.521722693814808736e+00
3.519437903397374612e+00
3.555222711063834140e+00
3.601945441627321998e+00
3.599291907959923265e+00
3.648567244569676404e+00
3.674615717615779431e+00
3.613001403450653015e+00
3.594450097002663824e+00
3.665788324868117343e+00
3.651700167419221543e+00
3.665956255887067528e+00
3.682005717816537071e+00
3.646764546843769494e+00
3.689441254318808205e+00
3.645487095242970099e+00
3.627503682944734464e+00
3.593746457480847312e+00
3.649650130706504569e+00
3.620818678388786793e+00
3.651990280144673306e+00
3.652178482396266190e+00
3.606869264472152281e+00
3.601545725346113613e+00
3.622680546590345330e+00
3.701804040991191869e+00
3.705661706127102661e+00
3.693113481461296033e+00
3.706883793570341368e+00
3.701443229108917876e+00
3.670170779132604366e+00
3.686299635203795333e+00
3.642978492862312123e+00
3.622300275994348340e+00
3.623986008845349716e+00
3.628742513493307342e+00
3.646751968835815205e+00
3.692569673966318078e+00
3.709351049434189918e+00
3.723573299291274452e+00
3.764874493448587600e+00
3.768359672959377349e+00
3.823856861011336150e+00
3.817404893194179749e+00
3.804828972441100632e+00
3.843996797302679624e+00
3.919179028238431783e+00
3.880908468906454800e+00
3.898602700203809945e+00
3.927084106146139675e+00
3.912689895046241872e+00
3.917428502066286455e+00
3.889742214752004656e+00
3.863671982718187792e+00
3.923075450275973708e+00
3.936156429644142918e+00
3.943961556841713900e+00
3.919515098323245184e+00
3.923115047326973581e+00
3.887671780157688772e+00
3.895659542482462712e+00
3.916788384761275665e+00
3.879217050100123743e+00
3.914682139383330650e+00
3.932207937276871235e+00
3.894245861780291307e+00
3.904277574832121900e+00
3.916946167435526149e+00
3.907757098686488462e+00
3.901971712074555398e+00
3.893894191221988876e+00
3.960753469032169960e+00
3.991161015734178363e+00
3.938979944568018254e+00
3.910265822097244381e+00
4.004374704623842263e+00
4.037862763389966858e+00
4.030441601036727661e+00
4.029722604998823954e+00
4.023709349701675819e+00
3.999305677543816273e+00
3.999298774906492326e+00
3.992781094893871341e+00
3.928223767369672714e+00
3.878196783577550377e+00
3.815681169709932874e+00
3.802684814684653247e+00
3.836140095958398888e+00
3.820448554047288781e+00
3.762451605729438597e+00
3.777649989510791784e+00
3.817859309525374556e+00
3.809670601793186506e+00
3.864171647121111164e+00
3.840568525713933923e+00
3.747632510820039897e+00
3.787245395979880414e+00
3.811592668103003234e+00
3.812648073174386809e+00
3.860793117581124534e+00
3.815231733898144739e+00
3.821844107588731276e+00
3.844935525366963702e+00
3.849632086426026945e+00
3.822600739447807427e+00
3.854405753749233554e+00
3.846380663729178195e+00
3.850451348414935637e+00
3.843337879245154909e+00
3.943204820287974144e+00
3.956600765574876277e+00
3.979927051003869565e+00
3.996832167245884193e+00
3.996454117221219349e+00
4.012192862744086597e+00
3.996077236375640496e+00
3.977403273142044782e+00
3.946169106723573350e+00
3.924482885144243483e+00
3.942265193175444438e+00
3.944898638191261853e+00
3.960646257399275783e+00
4.006874965742099448e+00
3.983378044234086701e+00
3.911009780437780137e+00
3.861956735650892369e+00
3.867784490877056669e+00
3.884671324643022672e+00
3.883219153256504796e+00
3.814409080032419297e+00
3.736814827173475351e+00
3.756337391730085074e+00
3.760106625814842118e+00
3.755107728047732962e+00
3.740665605144386063e+00
3.740859786642431573e+00
3.734521787509947899e+00
3.692997143550201145e+00
3.727482964855880709e+00
3.725722578866225376e+00
3.700281738054400194e+00
3.668548803771955136e+00
3.678759884374812827e+00
3.645001530700938019e+00
3.660226543966928148e+00
3.664978735817385314e+00
3.672271676632590243e+00
3.677094184790803411e+00
3.692802900999595295e+00
3.740101310352656583e+00
3.757472903814232268e+00
3.713055345042448607e+00
3.747481304080793052e+00
3.740877778892354399e+00
3.763102431859806529e+00
3.825813359942912939e+00
3.870287402838584967e+00
3.932945506858231965e+00
3.932877394431670837e+00
3.860779146209097235e+00
3.915337751433071389e+00
3.897791723043155798e+00
3.877279078324136208e+00
3.864890233311598422e+00
3.870992480141467240e+00
3.932244103874836583e+00
3.945408095567472628e+00
3.985433875701346551e+00
3.953244597296361462e+00
3.921618227661383571e+00
3.935137788527754310e+00
3.930789414587707142e+00
3.889990227623457031e+00
3.882819435065357538e+00
3.883475205820104748e+00
3.877290838979206455e+00
3.886253810758717009e+00
3.857540366634566453e+00
3.871771984000588418e+00
3.976879534386171144e+00
3.957974159840887296e+00
3.978397988958022324e+00
3.949791212980926502e+00
3.940419811778156145e+00
3.880960911581496475e+00
3.886436890272307210e+00
3.867842263727652607e+00
3.854439912534871837e+00
3.802278567251960339e+00
3.842140401623510115e+00
3.850949824721283221e+00
3.838438849205886072e+00
3.842559539873946051e+00
3.809084193655507988e+00
3.779838437061698642e+00
3.775215708190444275e+00
3.790152888785087271e+00
3.771073094596431474e+00
3.690554185362998396e+00
3.681265025709762995e+00
3.694229584761160368e+00
3.689943245858557930e+00
3.693242476473642455e+00
3.782791970586004027e+00
3.745334591219034337e+00
3.799073307087383000e+00
3.843473232187534450e+00
3.855641881171322893e+00
3.864643897027235653e+00
3.882762126710986195e+00
3.892366124321597454e+00
3.875903274827578571e+00
3.860337225974944886e+00
3.836538852619924000e+00
3.814017395898190443e+00
3.824169159467601276e+00
3.818995712424111844e+00
3.769579473746489384e+00
3.795431904465658590e+00
3.786542508567436016e+00
3.805800234527850989e+00
3.853331043289472291e+00
3.847154856532142730e+00
3.766232472628871619e+00
3.695442728477246419e+00
3.712856033964271774e+00
3.714216805746218597e+00
3.725553836563449295e+00
3.695929900129158341e+00
3.702101395789213711e+00
3.671584906709540519e+00
3.614648060511171934e+00
3.576136651372507913e+00
3.556786656225995102e+00
3.534535724767010834e+00
3.597201150101682288e+00
3.547583346099600021e+00
3.566439114957574930e+00
3.644165544533279899e+00
3.615174518568892381e+00
3.609384851333743427e+00
3.624864344679735950e+00
3.575556835596216843e+00
3.571838531231151137e+00
3.544837228931100981e+00
3.546969673870080442e+00
3.567690628022319288e+00
3.615995042038775864e+00
3.614154907400006778e+00
3.620443707171943970e+00
3.710943418179340370e+00
3.651642352698218019e+00
3.678498592841606296e+00
3.631919471099536167e+00
3.629785859850926499e+00
3.616668044920515968e+00
3.669899333137436770e+00
3.683540424522107060e+00
3.684525408797526325e+00
3.627872629749617772e+00
3.668185180264117662e+00
3.692736702065303689e+00
3.678405380164804228e+00
3.737735943558618601e+00
3.794476339405264298e+00
3.760076000099616067e+00
3.718317515727903810e+00
3.698568673770751047e+00
3.753372660524291859e+00
3.726340215252093913e+00
3.686913007933071640e+00
3.698340347208613821e+00
3.683534244479233166e+00
3.697773275441250007e+00
3.657609501273327623e+00
3.661548695457895519e+00
3.636815723518338928e+00
3.656622996608348330e+00
3.676681843853657483e+00
3.659621852117197705e+00
3.659695236652623862e+00
3.652331626671184495e+00
3.678580404019157868e+00
3.647805238450928300e+00
3.619778741578556946e+00
3.642279721332670306e+00
3.679309177688082855e+00
3.641691076265487936e+00
3.655395717367355246e+00
3.656987625310648582e+00
3.730972553044921369e+00
3.734629858384323597e+00
3.731156901917529467e+00
3.708293861132005986e+00
3.681430965825711610e+00
3.710566894980729558e+00
3.697774356207446544e+00
3.701696623074894887e+00
3.722058047307655215e+00
3.736359369677302311e+00
3.734288355888566002e+00
3.744382383671108983e+00
3.791795403471041936e+00
3.724632848845430999e+00
3.723430104628278059e+00
3.724563086435409787e+00
3.709859605416568229e+00
3.737652553585576243e+00
3.738204494515230181e+00
3.785050891108767246e+00
3.780302007125101227e+00
3.739951637561716780e+00
3.727676442883421259e+00
3.772333914516821096e+00
3.747870231846718525e+00
3.721141014551903936e+00
3.783845960614598880e+00
3.792140807931900781e+00
3.794195018767823058e+00
3.809573071886006801e+00
3.795726941206339689e+00
3.828643765647939290e+00
3.846147050468061934e+00
3.816280473904953396e+00
3.833501551570407173e+00
3.839393923273746623e+00
3.839556998193984327e+00
3.810636543213149707e+00
3.754586273336826707e+00
3.762345086801360594e+00
3.712349458498465538e+00
3.720142895949720696e+00
3.673933627658698242e+00
3.682170219215549878e+00
3.710341174210043391e+00
3.705246289658134629e+00
3.695824540151079418e+00
3.702672311324022303e+00
3.663134565031214152e+00
3.680954200753149053e+00
3.673774326727652806e+00
3.701446069138000894e+00
3.696069066882046172e+00
3.700725333680566109e+00
3.654376823479651648e+00
3.661036142902958090e+00
3.672386588650624617e+00
3.674275093147116422e+00
3.793734165619753185e+00
3.759107550368753436e+00
3.764241281829526997e+00
3.743267795659448893e+00
3.731331199493979511e+00
3.743365685079879768e+00
3.804892195240427100e+00
3.813350437148073979e+00
3.827791828045519651e+00
3.838446670039957098e+00
3.894921935721868067e+00
3.860236285124301503e+00
3.858038445530837635e+00
3.851710575881043042e+00
3.882775552274324582e+00
3.878985134335380280e+00
3.902598933996159758e+00
3.899555037954087311e+00
3.856407009112444939e+00
3.813275615489146730e+00
3.783751647335520829e+00
3.803121686458325712e+00
3.841581154150844668e+00
3.837267738859736710e+00
3.780280551048235793e+00
3.837706224803696387e+00
3.796630360188828490e+00
3.731960424571298063e+00
3.771171865221731423e+00
3.805942277527719853e+00
3.861668936332534940e+00
3.872302918074638001e+00
3.852241716195749177e+00
3.850341546924028080e+00
3.820394695608229085e+00
3.809479174721673189e+00
3.805879638218357286e+00
3.827118363344197860e+00
3.807720404006431636e+00
3.799264943851085263e+00
3.816751721704349620e+00
3.779702798174184863e+00
3.794467016006819904e+00
3.837528075062436983e+00
3.841067521252625738e+00
3.871070346641317883e+00
3.862196877279529872e+00
3.880243777492978552e+00
3.837937672191401361e+00
3.866938589442725061e+00
3.857927119393934845e+00
3.859825949531114020e+00
3.842838293979184527e+00
3.789614029184122046e+00
3.731284771867649397e+00
3.720573582490942499e+00
3.674600233347518952e+00
3.628821111648903752e+00
3.632473305987332424e+00
3.599299121327931061e+00
3.609770314993511420e+00
3.581009630027438106e+00
3.606679915124004765e+00
3.618991811287742166e+00
3.639829024100436072e+00
3.581907379020776716e+00
3.558669897554864292e+00
3.559871027027838863e+00
3.649145252513335436e+00
3.605390031740171253e+00
3.645275156278330542e+00
3.652910325804441527e+00
3.656752879128362110e+00
3.638166743176952878e+00
3.623276722270929895e+00
3.610302223056351067e+00
3.596449167886930809e+00
3.552870927454932826e+00
3.485824888530260068e+00
3.539364230789033172e+00
3.565160126911905536e+00
3.525616298716158781e+00
3.518288157518327353e+00
3.521135017748747487e+00
3.509280949819185480e+00
3.479523705081192020e+00
3.473343063285028620e+00
3.484736845018232998e+00
3.471230155716511945e+00
3.472963895129396406e+00
3.444181847271465813e+00
3.403632885913793871e+00
3.403223878039170813e+00
3.441777004846699128e+00
3.446744677284186764e+00
3.435585061544770724e+00
3.402784184499068942e+00
3.398431149263160478e+00
3.443599953548073245e+00
3.486290508470119676e+00
3.504984819483979663e+00
3.487088616480832570e+00
3.516432015999271243e+00
3.485823250902285508e+00
3.494509687253412267e+00
3.475643613175634528e+00
3.513434356967991334e+00
3.555720101918268483e+00
3.611502815831954649e+00
3.568329135375279293e+00
3.546282296520985255e+00
3.531480072291742545e+00
3.505318440319570072e+00
3.476883945205372584e+00
3.473543855789102963e+00
3.452704279565296019e+00
3.459863625632351614e+00
3.486102551056319498e+00
3.467671140871061652e+00
3.487803247185183864e+00
3.497216476215726289e+00
3.481263259039224067e+00
3.457350080878313747e+00
3.454249783824707265e+00
3.462735177740796644e+00
3.397961114309509867e+00
3.337100570664006227e+00
3.364596753337536938e+00
3.338207143315230496e+00
3.328460373790221638e+00
3.286841070373156981e+00
3.286274476940889144e+00
3.277860439823598426e+00
3.284591817332511710e+00
3.265547381725809828e+00
3.230173932259276626e+00
3.214858785482647363e+00
3.240251166512280179e+00
3.260109554476002813e+00
3.290625932796501729e+00
3.277283450212962634e+00
3.300127799340771162e+00
3.272691049923196260e+00
3.255422768929747690e+00
3.293649798544720397e+00
3.299731361228623427e+00
3.283900853497470962e+00
3.253529999834427144e+00
3.258416911303356756e+00
3.235189886594525888e+00
3.251125921765378735e+00
3.220902120200662466e+00
3.189941340037876216e+00
3.217802812568152149e+00
3.212075604699748510e+00
3.195550098700550734e+00
3.212024497454876837e+00
3.181105507977918023e+00
3.148996952370907820e+00
3.074995547077378433e+00
3.061720906697701139e+00
3.051204578579927329e+00
3.009443892919080099e+00
2.966910849009764206e+00
2.974941413320266292e+00
2.975277285618176393e+00
2.953228916585430852e+00
2.925471100033064431e+00
2.907853704124136129e+00
2.884417991045665985e+00
2.870005681344082404e+00
2.863779799596159137e+00
2.852778544811371830e+00
2.829040004040507483e+00
2.811743007691802632e+00
2.797970459127100185e+00
2.858979159517730295e+00
2.805214930647707661e+00
2.775758855863386998e+00
2.724068269400959252e+00
2.725933117186286836e+00
2.781753427439070947e+00
2.801132967998455570e+00
2.828935087772151746e+00
2.791652429461464635e+00
2.738593220188704436e+00
2.794579249173693825e+00
2.764703062972330372e+00
2.766905668042454636e+00
2.757998509801836917e+00
2.759762542123098683e+00
2.724771623386004649e+00
2.734590351133192598e+00
2.761891581988493272e+00
2.756897189175106178e+00
2.727834740664548008e+00
2.725533022476156475e+00
2.737105019776208792e+00
2.729012079187668860e+00
2.755337837477782159e+00
2.664773736133611237e+00
2.680458596371863678e+00
2.670962219051943976e+00
2.685089613116360852e+00
2.705769835896717268e+00
2.729302686915616505e+00
2.755650570438774594e+00
2.732188695869808726e+00
2.745750266143659246e+00
2.781874938327746349e+00
2.834464859985018848e+00
2.847482919825779391e+00
2.854196424914334784e+00
2.929057307041148306e+00
2.946070754996981123e+00
2.926774552989627409e+00
2.924463640483736526e+00
2.997312406937453488e+00
3.039317070406468702e+00
3.051135513782355702e+00
3.014963651291509450e+00
2.998363936654641293e+00
2.998263414053326414e+00
3.005540229827602161e+00
3.031383144140818331e+00
2.986671839184054988e+00
2.965056001438824751e+00
2.959663778515277954e+00
2.993687608336585981e+00
3.008371461126444046e+00
2.999954776312733884e+00
2.942035772494818957e+00
2.899205755464208778e+00
2.856308342938973510e+00
2.849648962244827999e+00
2.811407296985635185e+00
2.761394156301321345e+00
2.741142445653167670e+00
2.740196219167955860e+00
2.802376459329025238e+00
2.783716244991410349e+00
2.768223757672785723e+00
2.757193067970547418e+00
2.756650547773460858e+00
2.749176695722781005e+00
2.767926075783179840e+00
2.758345709098648513e+00
2.777684885186317842e+00
2.782046068502495473e+00
2.759969826709493645e+00
2.747957187390966283e+00
2.746184310934950190e+00
2.722619096726702992e+00
2.710620669086893031e+00
2.684274070276842394e+00
2.664387462104059523e+00
2.661766421937500127e+00
2.651957944995956495e+00
2.643842275431779854e+00
2.657226437711869949e+00
2.647035199513084081e+00
2.629856632541304862e+00
2.653811951278839842e+00
2.643409638793855265e+00
2.638558574945818691e+00
2.635196453204116551e+00
2.622101165638923703e+00
2.615886854552627483e+00
2.592123278247527196e+00
2.610358413736321381e+00
2.620571812276466517e+00
2.611046005757998500e+00
2.603277819818686112e+00
2.607984635899811110e+00
2.604776931538253848e+00
2.590714313058015250e+00
2.588422748201992363e+00
2.593934571892532404e+00
2.589300569126862683e+00
2.571211209036846412e+00
2.572441621487996599e+00
2.566949907263733621e+00
2.574745826150319772e+00
2.581971425996925973e+00
2.575143627456782269e+00
2.566078265100259159e+00
2.566474072976234311e+00
2.547105939716857392e+00
2.531224277524415811e+00
2.520987126244108367e+00
2.530102821851869521e+00
2.503826821306574857e+00
2.508080066069851455e+00
2.496680937450946658e+00
2.490833756627580442e+00
2.479276190662858426e+00
2.472075973106257152e+00
2.460479452083745855e+00
2.456567489431108697e+00
2.450328169219574193e+00
2.447029957148515678e+00
2.428356630857706477e+00
2.424090088195043791e+00
2.411600322297090315e+00
2.423023465392361686e+00
2.402536118417629041e+00
2.389886901526551810e+00
2.384754928540132823e+00
2.386434503439886612e+00
2.374498174082873447e+00
2.365921698410602403e+00
2.362426563616281783e+00
2.356593713207075780e+00
2.369608355395030230e+00
2.376160298232207424e+00
2.370739694991243596e+00
2.354482254729191482e+00
2.328501639120986511e+00
2.343681596772512421e+00
2.325047217286737578e+00
2.330879958501100191e+00
2.325682376425902476e+00
2.306358859029387531e+00
2.300558298448777350e+00
2.288013022415725573e+00
2.323853114172379719e+00
2.333324575336519047e+00
2.325660968224838143e+00
2.323677346460499393e+00
2.340080797490372788e+00
2.338667067185269843e+00
2.335118731987677165e+00
2.310344722644003923e+00
2.295488249943446135e+00
2.305535994545607537e+00
2.306943770102407143e+00
2.287283068372744310e+00
2.264516141081912792e+00
2.253396229782083537e+00
2.226303432978056662e+00
2.213045881444486440e+00
2.213435726082025212e+00
2.208007929606537800e+00
2.209867727260643733e+00
2.201104945152110304e+00
2.193517734191118507e+00
2.215184213891006948e+00
2.189458039492819807e+00
2.181077899430420075e+00
2.190368555070563161e+00
2.173656159458914772e+00
2.163726999466234702e+00
2.173858084741368657e+00
2.171599958621300175e+00
2.159688113786614849e+00
2.158616749704378890e+00
2.146635698874888476e+00
2.168017025681365340e+00
2.160196840928620077e+00
2.167298383582419774e+00
2.158653151889666333e+00
2.150670513676232076e+00
2.151266239301548922e+00
2.127462648861182970e+00
2.104932910179741157e+00
2.078457820855874161e+00
2.085638198062042648e+00
2.083239221738949709e+00
2.060986288614003570e+00
2.051380022237026424e+00
2.055985412928748701e+00
2.039545125317090424e+00
2.040084639499582408e+00
2.022104376501374645e+00
2.010206750242105045e+00
1.996115433419618057e+00
1.980340539407734468e+00
1.991126462758074922e+00
1.985494052135436505e+00
1.962966283142122847e+00
1.955497857577938703e+00
1.945528637066672673e+00
1.941808128031880187e+00
1.936832506453356473e+00
1.925147775152254326e+00
1.928643308239770704e+00
1.941700024098281574e+00
1.947469556342184660e+00
1.955974330403478234e+00
1.949402165092578798e+00
1.925294835047679953e+00
1.914663236932938162e+00
1.907933065222096047e+00
1.898391199772049731e+00
1.902325087153258210e+00
1.887876707283794531e+00
1.881432982506339613e+00
1.867263547802394896e+00
1.866336546600905422e+00
1.876861001855104405e+00
1.862726167782966513e+00
1.878678802321701369e+00
1.869707863314033602e+00
1.870881754092806659e+00
1.859880959542351775e+00
1.847453661584950169e+00
1.819262719247490168e+00
1.814713790266068827e+00
1.806760486450002645e+00
1.813717514919517271e+00
1.808147063546130084e+00
1.806697220187743369e+00
1.800760033472215582e+00
1.800315762548962084e+00
1.777205914209844195e+00
1.785755300112214172e+00
1.772173195521645539e+00
1.751839939434830740e+00
1.752801387554427492e+00
1.726225026008251007e+00
1.722412972298116074e+00
1.726767105044928030e+00
1.754760964932756906e+00
1.760765421580799739e+00
1.756918664834302035e+00
1.761843222853713087e+00
1.769713987503564567e+00
1.772451981228186924e+00
1.782205353066274256e+00
1.755832956137965084e+00
1.751725706813886063e+00
1.765453505209734431e+00
1.762554607594211120e+00
1.777925879609938420e+00
1.791810877891293785e+00
1.777208837756006687e+00
1.765176184951997129e+00
1.755952902167337015e+00
1.755382969115999003e+00
1.754330974247750419e+00
1.771731513581471518e+00
1.745138237753053545e+00
1.727484154548619699e+00
1.727673348599637393e+00
1.726175846201840614e+00
1.734940411638490332e+00
1.760621874586831836e+00
1.775529727253342571e+00
1.759669870540164993e+00
1.765818292622498120e+00
1.763393113473284757e+00
1.758710505500857835e+00
1.748967858083233295e+00
1.736110896044010588e+00
1.732321948578828597e+00
1.725397493481978017e+00
1.722637968096933037e+00
1.713084270641047624e+00
1.699557002065375855e+00
1.697957459234203270e+00
1.691610849357857660e+00
1.695153629941160034e+00
1.693849166865220468e+00
1.669127360847596719e+00
1.655181832228663552e+00
1.656942057287778880e+00
1.657654428850946715e+00
1.645301304229178641e+00
1.629580442204314750e+00
1.638654963821863930e+00
1.620204223318978620e+00
1.608195726493249822e+00
1.590255525571592443e+00
1.582958837407204555e+00
1.557645694069833553e+00
1.544638561881583882e+00
1.536805022468797688e+00
1.504820048518922704e+00
1.520992476375795377e+00
1.495313269070720708e+00
1.476787399737986561e+00
1.465549093596564489e+00
1.454860423614263709e+00
1.458954638284922112e+00
1.446207700129889417e+00
1.440389764570682019e+00
1.452293938574257481e+00
1.446397660652110062e+00
1.426591059799648065e+00
1.436874845310740056e+00
1.405940131436182128e+00
1.417533147749963973e+00
1.411634450107158045e+00
1.422488794110904564e+00
1.411604876762794447e+00
1.385131964065294596e+00
1.384929489543537784e+00
1.399385338982938265e+00
1.383838914487569127e+00
1.386985678701421421e+00
1.394762636461564398e+00
1.391170214593330456e+00
1.377672773206541024e+00
1.375965864216595946e+00
1.371138189527300710e+00
1.378737984530744143e+00
1.358957451952846895e+00
1.339247575038825744e+00
1.344213972347461095e+00
1.358329368871636689e+00
1.376667805364377273e+00
1.384070618047189782e+00
1.379859962393311434e+00
1.408444737264289870e+00
1.396535300532377732e+00
1.375752738433220657e+00
1.387414746930517140e+00
1.392198944577103248e+00
1.402631379864033079e+00
1.393777445026898931e+00
1.377030371823821042e+00
1.360336804666985699e+00
1.346931287102961505e+00
1.342581576523116382e+00
1.356626283765763219e+00
1.361471666659781476e+00
1.336956169920085813e+00
1.322789586087310454e+00
1.311782005458553613e+00
1.309246936933050165e+00
1.304115189836011268e+00
1.295675738710087899e+00
1.261895365841155581e+00
1.270125913856645639e+00
1.267011811777592811e+00
1.279424291251416435e+00
1.262715705880509631e+00
1.248390477759130590e+00
1.240525233963126084e+00
1.229405676186615892e+00
1.208632306436811632e+00
1.212562352121494769e+00
1.205422257933605579e+00
1.218684390223643277e+00
1.241137119106497266e+00
1.227084525635291357e+00
1.229645128371885221e+00
1.242160499464262102e+00
1.246497370897486690e+00
1.228565282764975564e+00
1.255260942362838250e+00
1.230801474059262546e+00
1.221387932916513819e+00
1.181923546586403972e+00
1.182648501582661993e+00
1.192245311141959974e+00
1.193665316599435755e+00
1.193849335253617028e+00
1.158101417038778891e+00
1.137105691752367420e+00
1.141941221937486262e+00
1.146893067942073685e+00
1.128114609176918748e+00
1.113954616019327659e+00
1.108513251053409476e+00
1.104889474928313575e+00
1.110200915409222944e+00
1.113613178543346294e+00
1.096660847517341608e+00
1.105249673481011996e+00
1.077781051711099281e+00
1.110568510121993313e+00
1.113039314362140431e+00
1.143047999369628087e+00
1.152453177919596783e+00
1.131143292653177923e+00
1.136691929758853803e+00
1.106997470168607833e+00
1.112512022129521938e+00
1.124113465791197086e+00
1.138919371648626111e+00
1.123238619095900503e+00
1.157389131974923657e+00
1.164672353555943118e+00
1.196263898531469749e+00
1.193512363625814032e+00
1.173771018357911089e+00
1.194806772723495669e+00
1.196147366248624166e+00
1.196352744816977065e+00
1.201027671555493725e+00
1.193175320009686402e+00
1.187603051724181569e+00
1.171825874371279497e+00
1.143597962962303427e+00
1.132738193467957899e+00
1.096686336841230514e+00
1.103333993691194337e+00
1.094845340008760104e+00
1.090544477308867499e+00
1.110004328064860601e+00
1.087703597060681204e+00
1.111162899995179032e+00
1.113918429506156826e+00
1.124535583102442615e+00
1.140815086267139122e+00
1.176011123806347314e+00
1.180681368781733909e+00
1.190605698078798014e+00
1.193035544371923606e+00
1.168548676010686904e+00
1.161705843820527662e+00
1.163291681219561724e+00
1.193430859156251245e+00
1.203501558986317832e+00
1.209318385408550967e+00
1.193444319852460467e+00
1.166542161872712313e+00
1.149018084372983139e+00
1.176162347382160078e+00
1.150941976695321500e+00
1.115232071993887075e+00
1.141141107798830490e+00
1.117536155597008474e+00
1.101832331550212984e+00
1.065341348032234237e+00
1.061385024363517005e+00
1.075797737779794261e+00
1.078340156094782287e+00
1.081131768195518816e+00
1.072522416480751417e+00
1.054327403669049090e+00
1.052180516340740724e+00
1.031732428006762348e+00
1.035535757056095463e+00
1.032302544167578162e+00
1.025528037075673637e+00
1.019030480063520372e+00
1.009036597674821678e+00
1.013390980742769898e+00
9.906449758173039299e-01
9.822119133887099451e-01
9.876203848607474356e-01
9.756999819537668373e-01
9.576030019152312889e-01
9.640250409756845329e-01
9.636783614587329794e-01
9.219467604052624665e-01
9.121674365960643627e-01
9.073644002610308235e-01
8.898456236765923677e-01
8.929815448445879156e-01
9.003945430858948384e-01
8.705513725508353673e-01
8.313278433515733923e-01
8.548462167445904925e-01
8.418945167250058148e-01
8.284805291377779213e-01
8.220954756352512049e-01
8.188199701698977151e-01
8.428198389419776504e-01
8.332285748720096308e-01
8.183558909449857310e-01
8.173755492352938745e-01
7.995202881593286293e-01
7.857398364149048575e-01
7.892719060964736855e-01
7.753804415860940935e-01
7.908534055259224260e-01
7.762000652819551760e-01
7.698334397209691815e-01
7.568703860961250030e-01
7.482218501063471194e-01
7.474899725139039219e-01
7.648483656867028913e-01
7.567555488194557256e-01
7.829104331785856630e-01
7.956396556119216257e-01
7.991852989316612366e-01
7.899796816436719382e-01
8.047116076841120957e-01
7.881193104094563751e-01
7.854035254149493994e-01
7.763249347290184232e-01
7.885113558468219708e-01
8.021709413915232290e-01
7.870495988063339610e-01
8.186669582164540770e-01
8.267791577764000976e-01
8.528019519262670656e-01
8.435235073638978065e-01
8.393586474321637070e-01
8.424906499276403338e-01
8.238979914076480782e-01
8.223258236876063165e-01
8.153716239276036504e-01
8.269689226472110022e-01
8.128584553269320168e-01
7.969150332583012641e-01
7.792589877226419048e-01
7.768849495523681981e-01
7.703431310701489565e-01
7.675205026325784274e-01
7.450585896867778501e-01
7.490217082922754344e-01
7.254231934884955990e-01
7.202166016504634172e-01
7.210363353706270573e-01
7.176243711082861410e-01
7.489785166844740161e-01
7.481343380595717463e-01
7.529242302534839837e-01
7.321103832218796015e-01
7.296398071312069078e-01
7.261367550736395060e-01
7.063769102314836346e-01
6.907989504434226546e-01
6.978612506782155833e-01
6.935203225593795651e-01
6.637288195161090698e-01
6.600149751648132224e-01
6.661208002706189291e-01
6.676910801652411465e-01
6.391213914257605211e-01
6.515333927800384117e-01
6.203179760968851042e-01
6.291488310334898415e-01
5.997481347385473782e-01
6.065304229678076808e-01
6.005333067641913658e-01
6.176283423983477405e-01
6.100342129229829879e-01
6.054092006424980354e-01
5.976872152723444742e-01
5.985340441247899435e-01
6.203967607179947663e-01
6.177690229351355811e-01
6.070631243146635825e-01
6.149965556815004675e-01
6.044847879857115913e-01
5.980215334620879730e-01
5.855925086170827853e-01
5.972571709498879500e-01
5.669094515842516557e-01
5.682679532246766030e-01
5.807364818747373647e-01
5.697347690229435102e-01
5.448872869610568159e-01
5.363074853867146885e-01
5.537580755844828673e-01
5.648112648441383499e-01
5.746544595458544791e-01
5.750179955111889285e-01
5.865077287198801059e-01
5.521854061507838196e-01
5.388519727730454179e-01
5.184323405246686889e-01
5.029552986561611760e-01
4.818191132380889030e-01
4.720523584810507600e-01
4.587910417449165834e-01
4.616119522361259442e-01
4.574928817628460820e-01
4.532057439610071015e-01
4.636652355366095435e-01
4.612921121206454700e-01
4.381166607026898419e-01
4.050407829508912982e-01
3.989116955053759739e-01
4.029751507814580691e-01
3.661306503954619984e-01
3.742839757696856395e-01
3.466416001447214512e-01
3.236007224777495139e-01
3.230465001743141329e-01
2.866777812714644824e-01
2.713125219006542466e-01
2.673215275954134995e-01
2.710117330007051351e-01
2.691690382844171836e-01
2.740424525964044733e-01
2.631038749068466132e-01
2.442808265323037631e-01
2.371353197995631490e-01
2.512663928955589654e-01
2.397478554239569348e-01
2.379153530700932606e-01
2.104427848453269689e-01
1.812929689731390681e-01
1.767479698883107631e-01
1.787060450733406469e-01
1.794095700442994712e-01
1.642770346770703327e-01
1.569989502258977154e-01
1.468763222883353592e-01
1.397308123378024902e-01
1.301463565068843309e-01
1.135183664327996667e-01
1.239444987222668715e-01
1.089443516966639436e-01
1.206043477577622980e-01
8.889034554431418655e-02
9.148009050477412529e-02
8.435369853486918146e-02
9.469847776290407637e-02
7.973612362275162013e-02
7.101944461282982957e-02
9.116707412795221899e-02
1.003662642870040145e-01
8.419867227075883420e-02
7.324429531672649318e-02
8.979760541387804551e-02
1.039647793377298512e-01
8.419273782874370227e-02
1.092145327866091975e-01
1.081586187474385952e-01
1.109924032471099054e-01
9.635673432148905704e-02
1.017814309325331124e-01
1.150001032319778460e-01
1.261164168136019725e-01
1.124220007350231754e-01
1.190378558139855159e-01
1.138935025828686776e-01
1.134697863690234954e-01
9.938712829261930892e-02
9.488987508666468784e-02
8.367423946492635878e-02
6.952660301249125041e-02
5.924214862170629203e-02
6.095962230028817430e-02
5.827289598346396815e-02
5.236239735313574784e-02
5.285209966586990049e-02
4.409038986068480881e-02
2.102618882327078609e-02
3.557387127330002841e-03
1.702495349309174344e-02
8.879692768459790386e-03
9.148507093414082192e-03
1.146549873737967573e-02
2.373710605297674192e-02
4.136215050129976589e-02
2.980979320636834018e-02
2.087986415153864073e-02
5.187198409748816630e-02
5.621925092509627575e-02
4.870988764196226839e-02
6.833456379627023125e-02
6.650777498543902766e-02
1.002049824719506432e-01
1.067110747308106511e-01
1.342066679544586805e-01
1.427929228766515735e-01
1.504518260207987623e-01
1.673575540426099906e-01
1.667017195368316607e-01
1.603739175461669220e-01
1.583447292214259505e-01
1.595748976587856305e-01
1.635650089583577937e-01
1.718290370536124101e-01
1.798944162055704510e-01
2.021262826438032789e-01
2.059890369728236692e-01
2.249059376890727435e-01
2.260534161005125497e-01
2.572424865029461216e-01
2.728383724006562261e-01
3.112193248352923547e-01
3.359752200512957643e-01
3.438978223484809860e-01
3.362616968997826916e-01
3.344502479931179550e-01
3.424210139255592367e-01
3.633277043663838413e-01
3.677089812135818647e-01
3.469821943399438169e-01
3.343228794692549855e-01
3.210838556024100399e-01
3.176647989812408923e-01
3.111504198031980195e-01
2.824109356570261298e-01
2.933128995200604550e-01
3.025353671609991579e-01
3.135278760055371094e-01
3.221818833771976642e-01
2.903922010482347105e-01
2.943269716897702892e-01
3.217930469700149843e-01
3.681989293636434013e-01
3.553069294403030653e-01
3.654185941732066567e-01
3.648086679777406971e-01
3.528110315965022892e-01
3.519991466946521541e-01
3.550068266849848442e-01
3.542595553162755095e-01
3.542315838731155964e-01
3.431948066745462711e-01
3.832395656636435888e-01
4.002627068830406643e-01
3.815383584951632656e-01
3.904545461127781891e-01
3.985789050611856510e-01
3.966789331880136160e-01
4.155137685720546870e-01
4.164437903973521315e-01
4.352778491056596977e-01
4.388175009880797006e-01
4.493546146495646099e-01
4.433773398441189784e-01
4.612518837384413928e-01
4.798018995370512130e-01
4.828623817911648075e-01
4.803308463078792556e-01
4.730016203311606660e-01
4.765061177931784187e-01
4.912040363651613006e-01
5.031617775866834563e-01
5.344131442252546549e-01
5.277613412090431666e-01
5.389030609912879299e-01
5.297464585028137662e-01
5.458414255654133740e-01
5.407837855073012179e-01
5.507916563665276044e-01
5.168809353153847042e-01
5.118309420649893582e-01
5.197041806204651948e-01
5.267404213736881502e-01
5.201892842933375505e-01
5.086492565624212148e-01
5.026667650790841435e-01
5.054284263524095877e-01
5.165190043690017774e-01
5.255630373503663577e-01
5.323266347522803699e-01
5.402995090362310293e-01
5.399263534691272071e-01
5.507350448342549498e-01
5.332670202014924143e-01
5.167213002996504656e-01
5.095497169650116120e-01
5.348289369349004119e-01
5.635752527623481001e-01
5.610393345523334574e-01
5.491157865753848455e-01
5.786624061574912048e-01
5.894748906412132783e-01
6.174793861700891284e-01
6.283454331278335303e-01
6.542374039390779217e-01
6.298351520981668727e-01
6.408269341291088494e-01
6.388085644666716689e-01
6.904801272066833917e-01
7.117841469234917895e-01
7.296126587034450495e-01
7.082183674319821876e-01
6.966593692086462397e-01
7.050091981409423170e-01
6.982366776801427477e-01
6.932919106438930612e-01
7.091420105871293345e-01
7.398832183007471031e-01
7.344908655395556707e-01
7.450966819869790925e-01
7.593737035567755811e-01
7.554429817719210405e-01
7.575448969409990241e-01
7.613905175048785168e-01
7.509161464658973273e-01
7.490145391693658894e-01
7.748560873978931340e-01
7.991990233640535735e-01
8.164000032084004488e-01
8.118970044461093494e-01
8.084627918806290836e-01
8.306001036953603034e-01
8.459504739003023133e-01
8.553201800941678812e-01
8.450678943563616485e-01
8.521608848050163942e-01
8.712797926564235240e-01
8.640864405570027884e-01
8.708161374734117999e-01
8.858995003374730004e-01
8.899094400239846436e-01
9.121011683846518281e-01
9.088269670701265568e-01
9.338590621337061748e-01
9.384471898583797156e-01
9.748422017719349242e-01
9.802773412648093654e-01
1.002401824098342331e+00
9.961566570118520758e-01
9.826328633434968651e-01
1.006046076683560386e+00
9.934153339845579467e-01
9.980475949296305771e-01
1.002825280707838829e+00
1.004295105611163308e+00
1.003540974260431540e+00
1.022260548576014116e+00
9.917296935518606915e-01
1.027335171153026749e+00
1.021964546293020248e+00
1.040585698512586532e+00
1.034970815637279884e+00
1.041841952290269546e+00
1.035891938159693382e+00
1.045765565455440083e+00
1.017715898236929206e+00
1.019743364896385174e+00
1.006263958242016088e+00
9.974447630547729204e-01
1.029039853337962995e+00
1.031071990118107351e+00
1.050642708002669679e+00
1.032426903060695622e+00
1.036821464760578237e+00
1.035065267740719719e+00
1.037455297935593990e+00
1.031023433468362782e+00
1.047732050534250448e+00
1.033250634051910311e+00
1.017455184576647298e+00
1.043327173675606900e+00
1.060759565752050548e+00
1.061924145316879731e+00
1.064089195477208705e+00
1.065135513698805880e+00
1.082148288411190151e+00
1.088431669136298297e+00
1.100730593465414131e+00
1.105124064518349769e+00
1.113737222381132597e+00
1.125971518824371742e+00
1.104506903746369062e+00
1.121205961935629603e+00
1.106766875280300155e+00
1.108022599866671953e+00
1.108319195765034237e+00
1.085290075039665680e+00
1.094574019959509315e+00
1.106511700054397807e+00
1.094205518739727268e+00
1.120491801352727634e+00
1.113154141260565666e+00
1.096538778681861004e+00
1.115307001323344593e+00
1.113165660405684321e+00
1.102889002280790010e+00
1.126562715711770579e+00
1.083501107126721763e+00
1.086769792029372184e+00
1.095588399990447215e+00
1.093801305727538420e+00
1.099427964299138694e+00
1.100346096741304791e+00
1.089078866634736187e+00
1.096629624508750567e+00
1.116813914852173184e+00
1.139672455158688535e+00
1.129645292928216804e+00
1.152882026059160125e+00
1.148598290971676761e+00
1.171125886276968231e+00
1.182718571678378794e+00
1.185488902792712906e+00
1.176765012165560620e+00
1.178917823438496271e+00
1.168607401008557645e+00
1.152489322878864186e+00
1.164306844000748242e+00
1.177955941588152200e+00
1.166810493267803395e+00
1.154018599401751999e+00
1.162886737252847524e+00
1.170437477509949531e+00
1.184297929384229064e+00
1.201207118399906904e+00
1.189525330315518659e+00
1.210336856813228223e+00
1.210489911257354834e+00
1.218408516190720547e+00
1.259187667126752785e+00
1.251137098033723305e+00
1.267497322779490787e+00
1.275379433475791302e+00
1.283702232637551788e+00
1.302720613532983407e+00
1.320263847794194589e+00
1.334248319367361546e+00
1.356791239524682169e+00
1.381388179147506889e+00
1.409270005357029731e+00
1.391672949724124919e+00
1.373645643747295253e+00
1.413774492431912222e+00
1.438205673146512709e+00
1.433185649349979940e+00
1.431314591171940265e+00
1.452444409468625963e+00
1.448670681029398111e+00
1.492505433296173578e+00
1.520723325907965773e+00
1.515465256335119193e+00
1.528788792185878265e+00
1.537534505428084231e+00
1.551849114242941141e+00
1.544654296118096681e+00
1.542800136602636485e+00
1.559321246900253755e+00
1.568346911366461427e+00
1.561752879892992496e+00
1.577487007923082274e+00
1.574073403241527558e+00
1.595759026085033838e+00
1.595624012831649452e+00
1.605815773034919403e+00
1.599347337898507249e+00
1.597346399324123922e+00
1.607847234692599159e+00
1.624838351443031570e+00
1.635923443036517710e+00
1.650915279415130499e+00
1.648608131525179488e+00
1.658844559682620456e+00
1.692894882943619450e+00
1.709173493729394977e+00
1.727659601985578774e+00
1.758815797468741948e+00
1.772822112831818231e+00
1.769260732738985098e+00
1.753282776493506390e+00
1.776349191100962344e+00
1.808446038122383470e+00
1.813069143736356637e+00
1.819791179920684954e+00
1.806129052863070683e+00
1.816600282451872772e+00
1.793483997452312906e+00
1.796968920357358002e+00
1.792566013165924232e+00
1.782324428749234357e+00
1.804906439211663383e+00
1.776918117145214637e+00
1.753310381125629647e+00
1.719605492435221095e+00
1.747063601480476791e+00
1.764881450296343246e+00
1.777243615063525795e+00
1.778517167953395983e+00
1.800445317723642802e+00
1.808963895412489364e+00
1.807117884402032360e+00
1.827812358100345591e+00
1.836854386083359714e+00
1.851390248585630616e+00
1.855029922966423328e+00
1.874801480162204825e+00
1.888200189679992036e+00
1.897079441805544775e+00
1.905371314039257413e+00
1.921323205970111303e+00
1.914093424967177270e+00
1.934604214341561601e+00
1.946954001155063452e+00
1.942663967627595412e+00
1.942731425941019552e+00
1.957928468914360565e+00
1.944011395249617635e+00
1.952152431582362624e+00
1.968122586825302278e+00
2.001716399060569529e+00
2.014464448972830724e+00
2.040844239500074764e+00
2.060654639049971593e+00
2.063575916140507616e+00
2.074077218097045261e+00
2.113905916988187528e+00
2.119768743929853372e+00
2.111841987271873222e+00
2.094935769308904128e+00
2.084230457376179402e+00
2.096845191325883206e+00
2.107632659236514883e+00
2.114761289027228486e+00
2.106226603744289605e+00
2.110874910304119112e+00
2.144558006280931295e+00
2.158305155273410492e+00
2.151716056904660945e+00
2.189641389190001064e+00
2.195347034962651378e+00
2.213473944799261517e+00
2.208358662073806045e+00
2.209846469502735999e+00
2.196391680199667462e+00
2.219500906671783014e+00
2.206850334651790035e+00
2.207891249249769317e+00
2.213750532157064299e+00
2.223855418457787891e+00
2.249182263634793344e+00
2.236012809835301596e+00
2.248986551344387408e+00
2.247473515858473547e+00
2.240027872723658220e+00
2.223560959604583331e+00
2.194784845794856665e+00
2.191943628335138783e+00
2.210520343863208836e+00
2.207415003652386076e+00
2.226461037752414995e+00
2.218882714523715549e+00
2.222352632160436769e+00
2.208822558645806566e+00
2.230728838234426803e+00
2.228601819933828665e+00
2.234536078839482798e+00
2.229052353945007781e+00
2.215445383139922342e+00
2.192739341167907696e+00
2.198055855543316284e+00
2.200455453177710297e+00
2.210295027081883745e+00
2.191475145743424946e+00
2.206121954354784975e+00
2.209820927432701865e+00
2.221685207311566046e+00
2.208226103201013757e+00
2.212648175055619504e+00
2.220063339772423205e+00
2.190514525488651998e+00
2.193259500102612947e+00
2.214955891174213320e+00
2.234782758404435299e+00
2.264116550942162576e+00
2.281776828778674826e+00
2.266810360220006260e+00
2.286477112261309230e+00
2.294321403349385946e+00
2.296594495164754335e+00
2.291845770277177508e+00
2.291173033065206255e+00
2.288843881832690386e+00
2.270981381754609174e+00
2.315189377969545603e+00
2.320519266013434390e+00
2.325913711887551472e+00
2.330696930250269361e+00
2.308552788649649301e+00
2.335071751134819351e+00
2.346210091748616833e+00
2.334314736177475424e+00
2.327433196815945848e+00
2.358476957921084249e+00
2.373575639525370207e+00
2.360816964752302738e+00
2.380535255554605101e+00
2.414292666931032727e+00
2.404334849749830028e+00
2.462117317776574055e+00
2.468281912801103317e+00
2.486254085392829438e+00
2.495400958073332731e+00
2.508882373945198196e+00
2.522647723592854163e+00
2.542164171998592792e+00
2.554006042280889233e+00
2.553344756929618597e+00
2.586367340108154167e+00
2.587429360117312171e+00
2.593225604554390884e+00
2.591295515907404479e+00
2.629764325532050862e+00
2.642187280832331453e+00
2.665267412191496987e+00
2.683969752257326036e+00
2.653904262407195347e+00
2.641166165390131937e+00
2.639300882165116491e+00
2.638548146800530958e+00
2.599958010376212769e+00
2.586578720308352786e+00
2.579189457473148650e+00
2.606933359298636788e+00
2.615151558733487036e+00
2.628350788309944619e+00
2.609074103563216340e+00
2.609445235233579297e+00
2.586111467877344694e+00
2.597595722652840777e+00
2.597832101354470069e+00
2.606592887344049814e+00
2.584897051201551221e+00
2.588926084428749164e+00
2.610871897828474175e+00
2.639518532724650868e+00
2.666409864492379711e+00
2.671523715257535514e+00
2.657600543385342462e+00
2.686093911221178132e+00
2.685052586783967854e+00
2.698532467703444127e+00
2.672002009220705077e+00
2.673909055484728015e+00
2.691946287827704509e+00
2.707195829539159604e+00
2.731478798077660031e+00
2.735868893265433144e+00
2.770341847181043704e+00
2.774734915946282854e+00
2.785093575478640560e+00
2.796941460717789596e+00
2.804595784104094491e+00
2.816911181490468152e+00
2.827551068813590973e+00
2.792858858912950382e+00
2.801311854043888161e+00
2.803099122362255002e+00
2.790338788112421753e+00
2.790773845784315199e+00
2.802878328559927468e+00
2.818779662011365872e+00
2.828592912776912272e+00
2.818548342454960220e+00
2.806360043663516990e+00
2.800922930970955349e+00
2.796976623990303779e+00
2.815260783752819407e+00
2.809287295535796147e+00
2.836412743482469523e+00
2.869148952367140737e+00
2.868979058760487533e+00
2.844747811453999020e+00
2.839610624018860108e+00
2.851591142020879488e+00
2.880659645707055461e+00
2.860582202500154381e+00
2.869246351518086158e+00
2.877530759189539822e+00
2.883721682823306764e+00
2.885226907925243722e+00
2.875410341845963558e+00
2.890766904006341065e+00
2.891925749031543091e+00
2.891650548567668011e+00
2.869967137209641805e+00
2.853307277781823359e+00
2.871976559024005837e+00
2.881371765035510180e+00
2.873984131600991532e+00
2.897107114735263167e+00
2.873236391200407525e+00
2.858408628819233854e+00
2.871682471131862258e+00
2.879739918086670514e+00
2.894729290070245042e+00
2.909376704041278572e+00
2.956116720416503085e+00
2.942351329606026411e+00
2.941164472488708270e+00
2.943616061855209409e+00
2.941094600610995258e+00
2.958690490156186570e+00
2.986583744140261842e+00
2.984003078655405261e+00
2.990414139801032434e+00
3.002954247011984990e+00
3.000161631536684581e+00
3.015444031002516567e+00
3.008341691261193773e+00
3.025188326353600132e+00
3.036539210314913362e+00
3.037553362998551165e+00
3.027601956747275835e+00
3.027925045214942656e+00
3.029092515625961823e+00
3.042770030706378748e+00
3.072508774387642916e+00
3.053227329193759942e+00
3.069538931626084377e+00
3.070548921908084594e+00
3.059768090074612701e+00
3.047353618578199530e+00
3.026059804581564094e+00
3.019939063588935824e+00
3.024672536047546600e+00
3.028472222906202660e+00
3.038981446065008640e+00
3.069708529493254900e+00
3.075748204824776622e+00
3.084161096477146202e+00
3.077138193873906857e+00
3.117299389662548492e+00
3.152075578042058623e+00
3.138991803555654769e+00
3.129897730352240615e+00
3.122097353380922868e+00
3.142419469277228927e+00
3.121336430491282954e+00
3.123408422039574361e+00
3.112825451724347658e+00
3.136201326962691383e+00
3.124784343987812463e+00
3.115349659682578931e+00
3.096998086078201595e+00
3.079751905035664095e+00
3.078220253577455878e+00
3.055382605103659444e+00
3.090108611186224152e+00
3.088999558729483397e+00
3.069495962959081226e+00
3.103612261679700168e+00
3.085898438960612111e+00
3.099120994202166912e+00
3.104579989475496404e+00
3.154815575107932091e+00
3.183123660736782767e+00
3.171840414836879063e+00
3.180511171875878063e+00
3.210575012815752416e+00
3.198637432997202268e+00
3.239686074874043697e+00
3.258409966428189364e+00
3.280997547793049307e+00
3.278425070051525836e+00
3.306255618018440146e+00
3.328256937660626136e+00
3.332076629645598587e+00
3.353835161131428322e+00
3.352798193171111052e+00
3.370551049493769824e+00
3.369678524752998783e+00
3.371736695680738194e+00
3.404606243860143877e+00
3.410668480755703058e+00
3.409177295487097581e+00
3.408208458273293218e+00
3.415268139227009669e+00
3.439716013573161035e+00
3.436790547814780439e+00
3.422379921252286294e+00
3.427033071867299441e+00
3.431841974371309334e+00
3.449734555694703886e+00
3.462924388169085432e+00
3.486317659286214621e+00
3.480736387186880165e+00
3.488572085013402102e+00
3.489233351824623242e+00
3.465215090745914495e+00
3.465779289395868545e+00
3.453165005314986047e+00
3.454030010285350727e+00
3.485302948589378502e+00
3.500739652993615891e+00
3.481489255171254626e+00
3.467819276999762224e+00
3.460687846951259417e+00
3.486233461636402353e+00
3.515665161728975363e+00
3.550592987697200442e+00
3.559781603280498530e+00
3.571061539372749394e+00
3.590185057790222345e+00
3.607181667327495234e+00
3.583823355229469598e+00
3.586286038127582287e+00
3.586020262193414965e+00
3.583304987811970932e+00
3.608915499274189642e+00
3.635265319741847634e+00
3.632524540713347960e+00
3.630719478297578462e+00
3.615437561424187152e+00
3.634858516436906939e+00
3.632360050885836245e+00
3.632289602558557817e+00
3.640937974262669741e+00
3.630116762185025436e+00
3.651310962906791246e+00
3.655610581101427670e+00
3.651940435275719210e+00
3.671608604325228953e+00
3.683828650073337485e+00
3.684697853987017879e+00
3.696536684393322503e+00
3.680989468200095871e+00
3.695681909801351139e+00
3.691171904160000850e+00
3.714004639878112357e+00
3.717674490624631289e+00
3.724484630560255027e+00
3.692269625568769698e+00
3.699015563377543003e+00
3.718083855193981435e+00
3.747892639744350163e+00
3.754946102630128735e+00
3.776299706511053955e+00
3.787172796189224755e+00
3.801174450325561338e+00
3.764712896185301361e+00
3.762629813416424440e+00
3.775070954708098725e+00
3.782018061729104375e+00
3.784338978091909667e+00
3.787672118499358476e+00
3.767420724861040071e+00
3.806223360111289367e+00
3.831297786347022338e+00
3.837555910911760293e+00
3.845976162231636408e+00
3.869197773498854076e+00
3.834148479468240112e+00
3.856275338212981296e+00
3.839333083792553225e+00
3.849338749820162775e+00
3.894929840667828103e+00
3.884346382053990965e+00
3.891953500166891899e+00
3.915951530300844752e+00
3.918461813542307937e+00
3.921381872385609313e+00
3.948407424098149932e+00
3.956095438931697572e+00
3.949901729309203802e+00
3.999853975781661575e+00
3.998201902668370167e+00
4.031028970473926165e+00
4.030982684314949438e+00
4.049665750669191766e+00
4.063981115711612802e+00
4.070048729755399108e+00
4.084454489267955068e+00
4.102755469314615766e+00
4.100527162314392626e+00
4.134264090991564444e+00
4.134727463466333575e+00
4.149477526868395216e+00
4.170940501696350111e+00
4.161016149440911249e+00
4.179173461109712662e+00
4.222032474754087161e+00
4.235254562659065414e+00
4.213271219106900389e+00
4.224756821978189691e+00
4.231884701757735456e+00
4.261985997412921279e+00
4.265931275759612618e+00
4.270158964795882639e+00
4.243809766887352453e+00
4.261632858887423936e+00
4.266413489699516504e+00
4.290902778062445577e+00
4.285505032335095166e+00
4.308961380012078735e+00
4.320906725423810713e+00
4.306629984298524505e+00
4.319739595664032095e+00
4.302045066807295370e+00
4.300453022513465839e+00
4.329506502611366159e+00
4.361753837103606202e+00
4.360993585900359903e+00
4.343011415147884691e+00
4.339422940573058440e+00
4.337349702541359875e+00
4.339709240010961366e+00
4.343748094239344937e+00
4.340774920505282353e+00
4.323879427576684975e+00
4.305511312217277009e+00
4.314413891784170119e+00
4.340538899971761566e+00
4.326361549683497287e+00
4.321932724154976313e+00
4.315728403887078457e+00
4.314033575039502466e+00
4.328500134706700919e+00
4.327349650388896407e+00
4.342645341822390037e+00
4.349973928935469303e+00
4.360851815470596193e+00
4.350640825071423023e+00
4.347069503211059782e+00
4.347772128521683044e+00
4.351787983655412972e+00
4.356410879384384316e+00
4.363520291014538088e+00
4.335619868514186237e+00
4.375379882769266260e+00
4.384041795057783020e+00
4.383157070286870294e+00
4.408073585466809163e+00
4.404793646126563544e+00
4.423907609273555863e+00
4.404279872618644731e+00
4.412801293739903485e+00
4.422658078580752772e+00
4.424920093219952832e+00
4.461582984540655161e+00
4.463431407959433272e+00
4.469119031600712333e+00
4.476903274000505917e+00
4.436930217617373273e+00
4.410521121861165739e+00
4.402081303441264026e+00
4.420312876812204195e+00
4.418193877801968483e+00
4.446870831099658972e+00
4.450967815263538796e+00
4.445320951492249151e+00
4.416501753872580593e+00
4.434803286114401999e+00
4.433346835833617661e+00
4.456674290073351585e+00
4.447005587412604655e+00
4.427422092246160901e+00
4.436269343347703398e+00
4.441682140191005601e+00
4.446736017136572627e+00
4.456786659332465206e+00
4.462681676904139749e+00
4.506893775538628688e+00
4.523374671120109269e+00
4.552229550263291458e+00
4.596358968230561004e+00
4.622120658382300462e+00
4.610198519281766494e+00
4.632659303324544453e+00
4.641220410901951254e+00
4.636558210884686559e+00
4.618273063183551130e+00
4.640201055985016865e+00
4.641840326428791741e+00
4.647995242934484850e+00
4.655853941900204518e+00
4.634239982192411844e+00
4.651785639228364744e+00
4.634507944568213134e+00
4.648954348084771482e+00
4.653846131639511441e+00
4.677929633006897348e+00
4.678918577658805589e+00
4.702549452700623078e+00
4.693224881208152510e+00
4.707061824464290112e+00
4.693226239072828321e+00
4.719176795365456201e+00
4.726817201334597485e+00
4.715594286582017958e+00
4.733805888419738039e+00
4.705990510656192782e+00
4.719278150339050626e+00
4.722074531779981044e+00
4.758143298039613001e+00
4.764930091651876864e+00
4.760191396660957253e+00
4.775599131924536778e+00
4.785618248733044311e+00
4.795295851736227633e+00
4.814745987774585956e+00
4.833679938311433943e+00
4.822849763580961735e+00
4.869840513847520924e+00
4.879533461274149886e+00
4.897038271213205007e+00
4.924943168060963217e+00
4.949302347985394590e+00
4.951185780442756368e+00
4.967240790668256523e+00
4.964627606593239761e+00
4.973360125392900954e+00
4.974467174858546059e+00
4.973278217592451256e+00
4.974132799139624694e+00
4.981545877956705226e+00
4.987432187285776308e+00
4.983132694911546423e+00
4.991931694331469771e+00
4.992510078556733788e+00
4.988490431721402274e+00
4.982617095636669546e+00
4.999723048342275433e+00
5.004740674958156887e+00
5.014247259036892501e+00
5.028758030534845602e+00
5.036426986657716043e+00
5.068857228760862199e+00
5.065208695168621489e+00
5.079545348193278187e+00
5.097816219737069332e+00
5.101070903479921981e+00
5.109234270989873039e+00
5.122346089372513234e+00
5.115890658600619645e+00
5.140958420509377902e+00
5.108438104767628829e+00
5.101213054736945196e+00
5.114106038603495108e+00
5.141733409031985502e+00
5.130851724710737471e+00
5.165356163578508131e+00
5.165506230736355064e+00
5.164977192728656519e+00
5.153157530542557652e+00
5.157058653802778281e+00
5.205729146960948128e+00
5.196085877964833344e+00
5.196331442082737340e+00
5.200776439205583301e+00
5.204266816365816339e+00
5.199015692278408096e+00
5.165031241279393726e+00
5.199557184930199583e+00
5.189454631627086201e+00
5.191105993523706275e+00
5.238606763356983720e+00
5.257968556643390912e+00
5.279968878443469293e+00
5.296953668277637917e+00
5.313318580537270464e+00
5.313202387052115228e+00
5.289697714475551038e+00
5.288764695133068017e+00
5.264314908436972473e+00
5.289203810746585077e+00
5.299960595946686226e+00
5.283726867560289975e+00
5.269936119601879909e+00
5.284345242581366620e+00
5.318360348368514678e+00
5.321843972995338845e+00
5.323895673613151303e+00
5.332253805117943557e+00
5.306800408659000823e+00
5.320922551101830322e+00
5.336751223423561896e+00
5.350029402280597424e+00
5.359018830896275176e+00
5.365544942268570594e+00
5.410946745958426618e+00
5.390822868488612585e+00
5.375180513459781650e+00
5.374297254576958949e+00
5.378369555499375565e+00
5.394930055626900867e+00
5.411229417962204025e+00
5.416039819480829465e+00
5.432734217909455765e+00
5.419986662417613843e+00
5.422893974157886987e+00
5.415846559726560372e+00
5.439475467994270730e+00
5.437973805548608652e+00
5.439941933892441739e+00
5.451403621910685615e+00
5.465809752227869467e+00
5.471566021606122376e+00
5.487198144684043655e+00
5.484515516586725425e+00
5.491403470772638684e+00
5.481969555906289315e+00
5.490510301724498277e+00
5.504392065820866264e+00
5.520895510604532319e+00
5.507613810827933776e+00
5.517364523635478690e+00
5.544550700428771961e+00
5.535966782932518981e+00
5.549993056740277098e+00
5.562716125906263187e+00
5.571294298722932581e+00
5.580699349327915115e+00
5.604405233103534556e+00
5.619251544169856061e+00
5.597294034429978637e+00
5.588609545715371496e+00
5.624141458703888929e+00
5.655512298510075198e+00
5.665679303137949319e+00
5.683621402954486257e+00
5.715473565245702048e+00
5.709420722454524366e+00
5.697733637928649841e+00
5.697604028305249813e+00
5.675997592985368101e+00
5.679652436891956313e+00
5.678737577121864888e+00
5.683448899445465941e+00
5.688476770134911931e+00
5.671288096975331428e+00
5.703679996724531520e+00
5.702901702369672421e+00
5.705925251452754310e+00
5.710693942542093282e+00
5.735725015915704716e+00
5.708110173204659077e+00
5.718258764444726694e+00
5.744358454972825712e+00
5.767076099802579847e+00
5.795295916335817310e+00
5.779599725959087664e+00
5.763769102715741610e+00
5.779077042377139151e+00
5.774068231812634622e+00
5.789468862658395665e+00
5.782547285838518292e+00
5.756606706043385202e+00
5.756740677732523181e+00
5.753395181487576338e+00
5.766569771871218109e+00
5.805766118746760185e+00
5.824448385486903135e+00
5.826978913102720981e+00
5.832571297244612651e+00
5.839271096846459841e+00
5.838266366164134524e+00
5.842613347488622821e+00
5.847642064200954337e+00
5.852892445407633204e+00
5.845298733612253272e+00
5.842623132136395725e+00
5.860223107171805168e+00
5.864072760272392770e+00
5.880347322098714358e+00
5.870850885751679016e+00
5.869115894709466374e+00
5.888248895404103678e+00
5.905543640202267852e+00
5.913524717117979890e+00
5.912626825278493925e+00
5.950220332490061992e+00
5.964748092963418458e+00
5.963027359492116375e+00
5.968545716952576186e+00
5.999707964268964133e+00
5.995194816990078834e+00
6.021445169872094993e+00
6.051848052329660277e+00
6.044972790490646730e+00
6.033863155200378969e+00
6.049826259704786935e+00
6.052766329207770468e+00
6.094598811255309556e+00
6.082641702178989362e+00
6.093448524734412786e+00
6.091488513022341067e+00
6.112671285904070828e+00
6.079705135930453253e+00
6.110338236352617969e+00
6.120108272119978210e+00
6.148557876719678461e+00
6.139095825743424939e+00
6.131903622743266169e+00
6.163502669367517228e+00
6.162106159478753398e+00
6.161516723980639654e+00
6.151031838389826589e+00
6.184228163404441148e+00
6.205992123203941446e+00
6.225125251601639320e+00
6.229728691657328454e+00
6.236451691595902957e+00
6.243728878889669431e+00
6.228092523946543224e+00
6.243830118148252950e+00
6.249476332178346638e+00
6.278672561769781169e+00
6.284676115295042109e+00
6.258070761699855211e+00
6.242862589032483811e+00
6.206194141525884334e+00
6.228982031097075378e+00
6.221605826918676030e+00
6.236576204679295188e+00
6.257646874596503039e+00
6.243351019039437233e+00
6.275831483609181305e+00
6.258299854937831697e+00
6.262146278202635585e+00
6.278601101824278885e+00
6.293583584828411404e+00
6.313093966936321522e+00
6.310143844708363758e+00
6.317439498760904826e+00
6.324994133240579686e+00
6.340399653392523760e+00
6.342106947069623857e+00
6.309855681107364944e+00
6.338643409457290545e+00
6.333901280725513061e+00
6.340721918153576553e+00
6.353409515598286816e+00
6.366686938513339555e+00
6.382756694159070321e+00
6.374871241875553096e+00
6.365356376483759959e+00
6.353053353987888840e+00
6.367783712251366524e+00
6.395704501276668452e+00
6.424912742376363894e+00
6.440187614151000162e+00
6.467165157010640542e+00
6.454860483673655835e+00
6.480696459378123109e+00
6.478961845843514311e+00
6.486401128907345992e+00
6.477499902079216554e+00
6.489967926527242525e+00
6.490468795675042202e+00
6.493063931978213077e+00
6.498377685827108508e+00
6.518758583609269408e+00
6.549089200961134338e+00
6.563609721421926224e+00
6.541270163318586128e+00
6.537319575746550981e+00
6.544187931618580478e+00
6.521998433242515603e+00
6.511755865713894309e+00
6.526347928367613349e+00
6.493627356566321396e+00
6.494972157551273995e+00
6.517646635244091158e+00
6.546136022146129108e+00
6.520781971792530385e+00
6.526658110184143879e+00
6.557509629754349589e+00
6.550924463514093077e+00
6.517561871327416156e+00
6.530832166962682095e+00
6.566095659776692628e+00
6.588154340521214181e+00
6.581442569977298263e+00
6.529526764466936584e+00
6.543444780548270501e+00
6.549711857815964322e+00
6.556314185033443209e+00
6.552401192182514933e+00
6.543510332798177842e+00
6.510392564931862580e+00
6.493520506666754954e+00
6.525648884369729785e+00
6.541701661574734317e+00
6.549789781671279343e+00
6.557003501322469674e+00
6.597547550007220707e+00
6.608201518295572896e+00
6.600016468625653943e+00
6.642714446677018714e+00
6.651825858905795030e+00
6.675766510689754796e+00
6.677311343387373199e+00
6.676055073115094274e+00
6.661120475396273832e+00
6.687706033691029006e+00
6.696372249158230261e+00
6.712231337422963406e+00
6.710957664106899756e+00
6.717878223716070352e+00
6.740533387762297934e+00
6.756881187049657456e+00
6.749949736095004482e+00
6.730615898028190713e+00
6.715717352460160328e+00
6.724893932771919935e+00
6.728780109974650259e+00
6.737231347904526046e+00
6.721841351276452770e+00
6.727897843868959171e+00
6.744072651365058846e+00
6.774613221027721011e+00
6.755994819550323882e+00
6.768957027532451320e+00
6.787799865993292769e+00
6.755969315086986171e+00
6.796966415773567860e+00
6.783564943458259222e+00
6.746524574608883995e+00
6.744679820564670081e+00
6.744136161534697749e+00
6.777875878980921698e+00
6.770107620466660592e+00
6.794657639448814734e+00
6.806016271995758871e+00
6.787297959702300432e+00
6.795951655378303258e+00
6.840170697845678660e+00
6.820943311145128973e+00
6.844314240655876347e+00
6.835457109236813267e+00
6.835293581941186858e+00
6.836669414406060241e+00
6.801605357926746365e+00
6.813331868066597963e+00
6.834513110147781845e+00
6.831396125227911398e+00
6.835424128532395116e+00
6.858922505348346021e+00
6.850733593660152110e+00
6.867630010528955609e+00
6.868209777830998064e+00
6.845836762126054964e+00
6.847892510463680082e+00
6.827333425129836542e+00
6.844893072070590279e+00
6.852128948507925088e+00
6.863557559670880437e+00
6.892644495365857438e+00
6.891198941489165009e+00
6.880185326268474455e+00
6.889975280438193295e+00
6.905495310143123788e+00
6.904532598382502329e+00
6.902652428402689111e+00
6.900292060028732521e+00
6.909832280843147601e+00
6.922812338226322026e+00
6.929973620517557720e+00
6.894103506700957951e+00
6.865631724091144861e+00
6.827456643215555232e+00
6.832164685915813607e+00
6.836225903329250286e+00
6.844641274617970339e+00
6.855299370018656191e+00
6.878649148801741831e+00
6.899096588118482032e+00
6.902373704077035654e+00
6.924617401473369682e+00
6.941593493320397101e+00
6.924434205501711403e+00
6.923821049589605536e+00
6.941208918328811706e+00
6.947137263203330804e+00
6.960973851466405904e+00
6.993680757116635505e+00
6.997779093429016939e+00
7.005462962341880484e+00
7.012312112041399814e+00
7.001774515264514775e+00
7.013797184817121888e+00
6.982421620104105386e+00
6.976567432192496199e+00
6.973961587543271889e+00
6.984509921479912009e+00
7.012746913098453660e+00
7.035396809605117596e+00
7.042909504103590734e+00
7.055691356153147353e+00
7.072127678474316781e+00
7.059321218352124561e+00
7.049104569568044099e+00
7.063429484902371769e+00
7.068947669042245252e+00
7.094353266816142423e+00
7.107641753442294430e+00
7.095394960188968980e+00
7.115484454513534729e+00
7.130736580103075539e+00
7.155862149886161205e+00
7.193387911492209241e+00
7.198861599224073871e+00
7.201979261986707570e+00
7.222123542535882734e+00
7.223825500264865695e+00
7.254595949731992732e+00
7.237008390899063670e+00
7.247531159780010057e+00
7.237691125118544733e+00
7.255756095985816501e+00
7.273711862167147046e+00
7.278513488946373400e+00
7.282895893828936096e+00
7.300452169782147394e+00
7.289969940363334899e+00
7.285084205900602683e+00
7.271437883192447771e+00
7.275695372771224356e+00
7.281693588305643061e+00
7.263634565687425493e+00
7.266862699457306007e+00
7.247080847661891312e+00
7.270232458165992284e+00
7.283149043846606219e+00
7.269920952919164847e+00
7.263840708218594955e+00
7.287914420430752216e+00
7.295804174119439267e+00
7.290854219028005900e+00
7.326750606155655987e+00
7.326994164644929697e+00
7.295275230333572836e+00
7.290684579216758721e+00
7.276251153289194917e+00
7.268048657812869351e+00
7.266602726433120552e+00
7.276162266360188369e+00
7.296334048153767071e+00
7.301431119637527445e+00
7.309506024225811416e+00
7.351573021211152081e+00
7.376954403562194784e+00
7.373689640259726730e+00
7.390388627514766995e+00
7.335754965183696186e+00
7.346068462778021058e+00
7.345990204633380927e+00
7.362538128043524921e+00
7.362593671717149846e+00
7.359899049009072769e+00
7.335228440733772004e+00
7.348026565801774268e+00
7.356496790839628375e+00
7.345071344768257404e+00
7.350683592235327524e+00
7.362956081271477160e+00
7.373115413091909431e+00
7.390889794728536799e+00
7.387476273485845013e+00
7.398985931135030114e+00
7.393231846930575557e+00
7.397557636233614176e+00
7.412308539634977933e+00
7.402401906527302344e+00
7.426763698584181839e+00
7.408199819275068876e+00
7.396613599183183396e+00
7.386720421694917604e+00
7.357739616250000836e+00
7.358496724139513390e+00
7.343166266613479820e+00
7.360761405609991925e+00
7.373920802895554516e+00
7.383147963716510276e+00
7.418639064946546569e+00
7.439045027858810499e+00
7.436033418945953599e+00
7.444326426631050708e+00
7.463377300378851942e+00
7.486247131804702803e+00
7.501865690546765109e+00
7.515038271051707852e+00
7.541224591181162396e+00
7.530443892516814230e+00
7.530343460735821282e+00
7.541458493661593820e+00
7.562228419457824202e+00
7.571566193811122503e+00
7.586888229560827313e+00
7.570731946240812249e+00
7.574589096121599141e+00
7.537101383102708496e+00
7.532036301445259596e+00
7.523590505443280563e+00
7.503845609925519966e+00
7.533723422329785535e+00
7.513053396457507915e+00
7.515623338164004963e+00
7.557703795298948535e+00
7.561854018015765178e+00
7.562495335023413645e+00
7.568237786252211663e+00
7.576315168510518561e+00
7.588770798346558877e+00
7.620864087894915428e+00
7.640661379396078701e+00
7.668111551938636694e+00
7.672932111652698950e+00
7.713951156454641023e+00
7.723772658230700472e+00
7.733275055709782464e+00
7.741730321615250432e+00
7.776451651368006424e+00
7.800089084047613142e+00
7.803614624156580248e+00
7.819171283949799545e+00
7.851679706520371838e+00
7.863252449237734254e+00
7.862948807056454825e+00
7.874228548088467505e+00
7.896015732249907160e+00
7.905931908583625045e+00
7.939200187904134509e+00
7.978795911428278487e+00
7.998076426664738392e+00
8.015947069337926223e+00
7.999472482089004188e+00
8.013361512931624020e+00
8.023544506898360851e+00
8.048129235814485583e+00
8.045227361716570158e+00
8.044990986687480472e+00
8.050469521623199398e+00
8.072597941253661702e+00
8.089000383999518817e+00
8.103663215626511374e+00
8.114657266652102408e+00
8.136640086903753399e+00
8.157909087658481440e+00
8.155418871450820006e+00
8.123105027741075901e+00
8.144100531941148802e+00
8.157370114575314801e+00
8.169710299269354437e+00
8.207611028389692365e+00
8.206829631752952992e+00
8.223870473404531367e+00
8.244853011794475606e+00
8.248139330752565002e+00
8.258141874265675142e+00
8.280161214378495060e+00
8.312264600902381062e+00
8.337123645902465796e+00
8.318397121704947494e+00
8.341289893529392430e+00
8.348079703483563208e+00
8.362497726558103750e+00
8.357847629630668962e+00
8.368931906176840130e+00
8.382135311807360267e+00
8.372573557036957936e+00
8.393346274765463022e+00
8.392368491166962485e+00
8.411854930864137714e+00
8.420425474570947699e+00
8.420372129041425069e+00
8.415402045668088249e+00
8.428998432714251976e+00
8.411631466711696703e+00
8.417609087133314461e+00
8.427222660450752301e+00
8.433850841993262293e+00
8.441483837276791746e+00
8.438333325482744840e+00
8.439568941541438107e+00
8.441528675039080554e+00
8.427937377055059187e+00
8.443137410261442710e+00
8.478876907262929308e+00
8.501829857989832817e+00
8.524056301047494344e+00
8.527609925795331947e+00
8.543163128016203700e+00
8.538955085301495274e+00
8.564537968662989442e+00
8.593511664552352158e+00
8.585434093970434333e+00
8.588236116474035953e+00
8.588408934674589545e+00
8.585698647553726914e+00
8.548203810521044943e+00
8.563128291293651273e+00
8.579184854732375243e+00
8.622884215178601153e+00
8.614968073632553569e+00
8.629522809500485891e+00
8.658581075485926704e+00
8.650497873029962648e+00
8.638063232579042960e+00
8.658272621388277912e+00
8.646582101965577749e+00
8.639099269471444131e+00
8.653906344687129604e+00
8.625185284204235359e+00
8.636475909632281400e+00
8.662314434644031280e+00
8.671122636596919619e+00
8.676038835556028062e+00
8.692394433292975009e+00
8.699875684295875544e+00
8.718604990908715990e+00
8.732578267020471685e+00
8.708617009347108251e+00
8.706656808190928132e+00
8.717679205443346291e+00
8.722768242168058350e+00
8.719941448213830881e+00
8.715622221819103288e+00
8.687508386786248593e+00
8.710248840407984972e+00
8.715797663126068073e+00
8.703265954657581460e+00
8.702221261194608815e+00
8.695314806067472091e+00
8.689707000600719766e+00
8.719243489395012148e+00
8.701585598934798327e+00
8.717266975048005406e+00
8.734510915019200183e+00
8.754303874849938438e+00
8.757270812380738789e+00
8.784935961064547882e+00
8.771694747460969666e+00
8.787028637661023822e+00
8.827350013296381803e+00
8.837190168324923434e+00
8.853155872091519996e+00
8.876705418406345416e+00
8.885731101008786936e+00
8.906279462827114912e+00
8.896316962730452360e+00
8.898897831702925032e+00
8.894587595097618760e+00
8.907086546175378317e+00
8.864920021520447335e+00
8.893830944396540872e+00
8.905815682114734955e+00
8.937397296668677882e+00
8.952688372286502272e+00
8.990342981735011563e+00
9.012781460680344026e+00
9.029849584961084474e+00
9.062070482798844751e+00
9.047866034858088824e+00
9.064051069147353701e+00
9.062956074662906758e+00
9.057985003062640317e+00
9.058571286865117145e+00
9.090444755091994011e+00
9.137084292893632664e+00
9.137207418362777389e+00
9.154993095622558030e+00
9.191809987623855704e+00
9.200435843667037261e+00
9.202397273575115833e+00
9.214986605185913504e+00
9.227058670374390204e+00
9.210184151326757274e+00
9.227610043212735036e+00
9.228814192123536486e+00
9.257382139941000787e+00
9.301850867657776689e+00
9.306489896682251128e+00
9.335561670002789469e+00
9.321860044316053973e+00
9.310969021389610134e+00
9.303784348455337749e+00
9.313346384865326399e+00
9.325953852603561245e+00
9.316094997923755727e+00
9.344588372165162582e+00
9.341984467182555818e+00
9.339079112467516097e+00
9.345368329657503637e+00
9.364008886102055840e+00
9.330418918533723627e+00
9.358098643106131931e+00
9.361279910633129475e+00
9.388554522785852896e+00
9.424263480582339980e+00
9.454751602530450327e+00
9.462518780900609272e+00
9.436578922331136710e+00
9.457886636013427051e+00
9.440516133946402988e+00
9.452919941174513951e+00
9.447827396170396241e+00
9.464697862681532570e+00
9.484223136117179820e+00
9.499569725065157400e+00
9.525392503731382021e+00
9.525569513204573013e+00
9.543703919671315816e+00
9.582191967496328289e+00
9.597615073205815861e+00
9.589280820953717921e+00
9.593154766183033644e+00
9.591919708213026752e+00
9.609501589116916875e+00
9.650399248107532912e+00
9.670049641321384115e+00
9.684915962336162920e+00
9.707985026809183182e+00
9.748890690383632318e+00
9.777430962439211726e+00
9.782209573393629398e+00
9.778530152441817336e+00
9.801683653117834183e+00
9.797291362290707184e+00
9.794623807119023695e+00
9.779590108231786871e+00
9.766401945541474561e+00
9.786771510552171094e+00
9.795391142908556503e+00
9.800427665642928332e+00
9.770118155239288171e+00
9.779772530371701578e+00
9.765533757984485419e+00
9.785336072426616738e+00
9.795428981493387255e+00
9.817372538688687200e+00
9.816849730596914014e+00
9.850196032007261238e+00
9.857835212900681654e+00
9.871544681577688607e+00
9.861993032209284138e+00
9.871578757897623291e+00
9.888249826183709956e+00
9.911701671822811477e+00
9.935355301836352737e+00
9.948425790540568414e+00
9.972106886831170414e+00
9.993940245588419202e+00
1.001552111676664936e+01
1.002421533052529412e+01
1.002019703849327925e+01
1.003970471838874801e+01
1.004106281333497463e+01
1.005289894678116980e+01
1.006556920360799268e+01
1.009179989829408441e+01
1.010275873972841509e+01
1.010791877114388626e+01
1.009987474651734374e+01
1.011392888709724502e+01
1.010420620796685398e+01
1.008429948287721345e+01
1.010222724634786573e+01
1.009770758980175742e+01
1.012763790694771160e+01
1.015728619067795080e+01
1.014862912668104400e+01
1.018171456024265353e+01
1.017990598788037460e+01
1.019967803761028335e+01
1.018775259494668717e+01
1.017881667600249784e+01
1.011830378289505461e+01
1.011312289630041050e+01
1.012926103541394696e+01
1.014585585556051228e+01
1.016175989053044759e+01
1.020153539923376229e+01
1.022339043726333330e+01
1.024279324565941351e+01
1.025900052897213754e+01
1.024691555128629261e+01
1.024781584708307491e+01
1.023277553230582271e+01
1.026242636964707344e+01
1.028262817710219679e+01
1.028388629633536766e+01
1.028085213867507264e+01
1.029491980353577674e+01
1.028190481571800774e+01
1.027599957163238287e+01
1.029711331583894207e+01
1.028701823826577311e+01
1.027017178449386847e+01
1.025707010050882673e+01
1.026829146652653435e+01
1.029295060421918606e+01
1.032117288893641671e+01
1.032395331368934421e+01
1.031228893488514586e+01
1.030975273174317408e+01
1.032818000503993972e+01
1.031826204287699511e+01
1.030858621265451802e+01
1.032197290648036869e+01
1.036131677081448288e+01
1.036607263918813260e+01
1.037228209070872254e+01
1.036032579813672783e+01
1.038507466165810911e+01
1.039395944075204170e+01
1.041012822749598854e+01
1.041917352170185040e+01
1.041705644551620935e+01
1.043660116892533551e+01
1.043008670523249748e+01
1.041690195703449717e+01
1.042742425949836615e+01
1.042603154743301275e+01
1.044523644315177080e+01
1.047521444180347316e+01
1.048252372786282649e+01
1.048529775815222820e+01
1.050057761632706388e+01
1.051589176508241508e+01
1.055152515807731106e+01
1.056129987662461645e+01
1.057705381992764160e+01
1.059704650423464045e+01
1.062209371597509744e+01
1.063140272072268999e+01
1.061267309304184892e+01
1.060217497911435203e+01
1.060439746541032946e+01
1.065811872839640273e+01
1.069425139725808549e+01
1.069329017265044968e+01
1.072268891931889812e+01
1.071180091103906307e+01
1.072408889156758960e+01
1.076008913655368815e+01
1.075224951914060512e+01
1.077804922844006796e+01
1.077286558945797879e+01
1.076938598941069358e+01
1.079131966594013647e+01
1.079666550975071004e+01
1.082656200417750370e+01
1.081349882764152426e+01
1.086655045043607970e+01
1.089540186477188399e+01
1.090417166441602603e+01
1.092545447134762071e+01
1.096997072797330475e+01
1.100005100319413032e+01
1.103204280931277026e+01
1.104651448658751178e+01
1.103820709995579818e+01
1.105919416232154617e+01
1.107707639871205174e+01
1.108417396243112307e+01
1.109092120789409819e+01
1.110461099854001077e+01
1.111488078924958245e+01
1.112858392125508544e+01
1.114135899259508733e+01
1.116041111905178695e+01
1.117238031259421405e+01
1.118850766017931164e+01
1.119071216217071196e+01
1.118682872719637089e+01
1.120584214982955018e+01
1.119830572670343827e+01
1.119756577213138371e+01
1.122276074990804773e+01
1.121996925069379358e+01
1.122804956762956863e+01
1.123583353110916505e+01
1.125212056059535826e+01
1.127265548893319647e+01
1.128959257584392617e+01
1.131768198071313236e+01
1.131574976082538342e+01
1.130912625010296324e+01
1.131159673101592489e+01
1.130058261629528715e+01
1.129153022777518345e+01
1.129205108673340874e+01
1.130660566830647440e+01
1.134192219876877061e+01
1.133345763680335949e+01
1.136911875205714750e+01
1.136770161886670394e+01
1.138026311814337532e+01
1.140365081263280445e+01
1.140879285947539756e+01
1.141651436635493155e+01
1.141004648425041523e+01
1.140465279105501395e+01
1.142639118749593763e+01
1.144514458678804658e+01
1.143619543626118684e+01
1.145054671419256920e+01
1.145879500466344325e+01
1.147254604720001225e+01
1.149776375830424513e+01
1.155264115064164798e+01
1.156536730167135829e+01
1.157017211535730894e+01
1.155047211212058755e+01
1.156410975858398160e+01
1.154868845527744270e+01
1.156763996109202708e+01
1.157981383068909054e+01
1.158521176651811402e+01
1.159196166115634696e+01
1.157679576798363996e+01
1.159500234961706155e+01
1.159440683001594152e+01
1.157880069984003057e+01
1.154739795563091320e+01
1.157198202856397984e+01
1.157502774488693831e+01
1.157096433048536710e+01
1.158439031007492304e+01
1.159831219000443525e+01
1.158329426230193349e+01
1.157674331488942698e+01
1.159189802235232492e+01
1.158074124872200628e+01
1.158956483229849255e+01
1.161915561949717812e+01
1.163365637614697334e+01
1.163721700567748485e+01
1.162244259914223221e+01
1.161720224219334341e+01
1.164008181292774680e+01
1.163227815335176274e+01
1.163349157765969721e+01
1.164470129301753332e+01
1.164420631602388312e+01
1.164900201235013810e+01
1.164799736094937543e+01
1.164823608728238469e+01
1.164332664111861959e+01
1.161749913871608442e+01
1.162904843787509890e+01
1.163060344616042130e+01
1.163898252486706042e+01
1.167196179062830197e+01
1.167677130494485027e+01
1.169775002982350998e+01
1.172143507356759073e+01
1.173172297610472015e+01
1.173769504839674482e+01
1.174264633868824603e+01
1.176017998748648097e+01
1.173946121156950539e+01
1.173313529935694532e+01
1.176003039594070287e+01
1.177455455259314476e+01
1.177255013365538616e+01
1.180390595899098116e+01
1.181567425283901684e+01
1.181745102206605225e+01
1.180848825685097836e+01
1.180174280278242804e+01
1.179352797262072272e+01
1.181224056327118888e+01
1.182012434087209840e+01
1.184908195047864865e+01
1.185636532921853359e+01
1.187565960667507170e+01
1.188210279765462474e+01
1.188213069028370228e+01
1.187959499014777975e+01
1.190122224386959715e+01
1.192149381115177675e+01
1.193972511086758459e+01
1.200188920283108018e+01
1.195384662344167737e+01
1.200021428451236716e+01
1.204628255821262428e+01
1.206167847162487305e+01
1.195318202621183445e+01
1.195800875486929726e+01
1.208121026562821498e+01
1.214387011787948722e+01
1.221317451894810802e+01
1.226813337019120809e+01
1.222213767281664332e+01
1.214137975799985725e+01
1.218674503542661114e+01
1.217905516473638272e+01
1.210599307334723562e+01
1.214750824606198876e+01
1.210829505293986585e+01
1.211650291599016782e+01
1.207724258807138540e+01
1.215435477911705675e+01
1.210826160421402165e+01
1.217241051453220280e+01
1.217113936823534459e+01
1.213235149360207288e+01
1.218211799147866259e+01
1.224082744063889550e+01
1.222011204409409402e+01
1.223907667178627889e+01
1.233196175576813403e+01
1.229922893080311042e+01
1.227430793217718019e+01
1.227954823051368294e+01
1.228736739606119954e+01
1.241703240397146146e+01
1.246655481436846458e+01
1.250579538121473888e+01
1.247848915975919226e+01
1.252590451889773249e+01
1.248195096156814543e+01
1.238108117186038726e+01
1.229966779099777341e+01
1.232758447689320747e+01
1.235671908822678233e+01
1.231303241790737957e+01
1.234461356783594965e+01
1.234373433633118111e+01
1.230685496517980937e+01
1.225652521791107574e+01
1.221612794428165216e+01
1.225347747441082902e+01
1.228447287237759156e+01
1.236482184729902656e+01
1.236994800291085994e+01
1.248000703619709384e+01
1.250458715545209998e+01
1.253427067046777665e+01
1.249811573033093737e+01
1.250071893502899911e+01
1.256953342704582610e+01
1.257582848507445306e+01
1.263559788511247461e+01
1.257931298295079614e+01
1.256987226589080819e+01
1.257334285664728668e+01
1.256837186199481948e+01
1.255406782773843588e+01
1.253711651788216841e+01
1.254505140203400515e+01
1.254953233711694338e+01
1.256688689470138343e+01
1.258861999325927172e+01
1.252804713492787414e+01
1.263096680716898845e+01
1.256519483408374072e+01
1.254459154265259713e+01
1.248173212114397757e+01
1.252524315719983861e+01
1.263863905753169092e+01
1.272288968590873992e+01
1.275004287024330552e+01
1.272506277106276684e+01
1.279777231507614488e+01
1.280153607615102374e+01
1.269787811747846717e+01
1.270661832370296906e+01
1.267197076211868989e+01
1.271027294602572510e+01
1.273503424745194934e+01
1.284072408877818816e+01
1.283767320348306384e+01
1.279740825715907704e+01
1.271984709207845299e+01
1.275079984640615294e+01
1.266711870990639000e+01
1.265918047077411757e+01
1.270930204023807164e+01
1.260377153450099286e+01
1.254696928735575057e+01
1.254162951385296765e+01
1.258391399056017690e+01
1.257559876393497689e+01
1.256711389781139587e+01
1.259700322595563193e+01
1.267247961347584351e+01
1.262428426765200129e+01
1.264238161414868955e+01
1.263490639963129070e+01
1.266226624745013396e+01
1.266327128761167842e+01
1.266477333665807237e+01
1.279176748536519881e+01
1.276086390930231573e+01
1.268108017712893343e+01
1.260434956946028251e+01
1.261692485452476831e+01
1.268595024926435144e+01
1.268335001440482301e+01
1.269545031774669042e+01
1.276333790620901709e+01
1.278005206654961512e+01
1.276862496595640550e+01
1.272896791720177134e+01
1.278879135444549320e+01
1.273948822340662446e+01
1.276454545309206878e+01
1.267949900700841681e+01
1.273163335479694069e+01
1.265013226485643827e+01
1.258747539522573788e+01
1.254966240266548994e+01
1.266165774015280476e+01
1.266399546523643949e+01
1.264089784647512715e+01
1.259319594824046362e+01
1.253544782602148189e+01
1.258014376762275788e+01
1.256620996799028944e+01
1.253894620705432317e+01
1.241547295189229771e+01
1.232287427568462590e+01
1.236811387545822072e+01
1.242962868978793267e+01
1.239860643254178285e+01
1.244395144023565081e+01
1.238588266638544155e+01
1.229907621636994008e+01
1.232891275777910778e+01
1.235210840164927504e+01
1.224561510437797551e+01
1.228165941346833279e+01
1.232801676221333764e+01
1.223169800900905102e+01
1.217081155229516298e+01
1.207490892577243358e+01
1.212602214111848298e+01
1.210788447399318102e+01
1.214594352502717811e+01
1.213256208131861058e+01
1.216359923932122911e+01
1.234380325415804691e+01
1.253416083675983828e+01
1.264230889688678872e+01
1.249417410310888954e+01
1.235211302995230653e+01
1.240623113989568083e+01
1.242906765100269695e+01
1.233704765280526772e+01
1.232192838027549442e+01
1.231374541007426160e+01
1.224421673366578034e+01
1.218410289720850415e+01
1.206146786571207485e+01
1.208050708163591480e+01
1.224046575863212638e+01
1.219825762855998619e+01
1.202391100671502500e+01
1.200952447400868550e+01
1.190126595795936737e+01
1.195741197347342677e+01
1.193728982453467324e+01
1.182862244446732802e+01
1.188672571858842275e+01
1.167865841353977885e+01
1.158327015270333504e+01
1.160270191737799905e+01
1.163745236268277949e+01
1.171077115812840930e+01
1.164983631235190842e+01
1.142500872638720466e+01
1.140785078842327493e+01
1.145330659011597163e+01
1.155202390282738634e+01
1.163264909846202499e+01
1.170548831309406523e+01
1.165344261108293722e+01
1.163836613479816151e+01
1.155007328113970289e+01
1.174787413867579744e+01
1.182631325316015136e+01
1.183418395038461313e+01
1.185445387507661508e+01
1.178619699579667213e+01
1.192792722178546683e+01
1.187126311167685344e+01
1.178103035322328651e+01
1.163347536900801060e+01
1.168239719190569303e+01
1.184583200323322671e+01
1.181261201502729818e+01
1.160266901679824514e+01
1.130579939925610233e+01
1.131865378749716911e+01
1.140713053543822753e+01
1.158774942647414719e+01
1.164064483556740015e+01
1.131751814326889871e+01
1.137997836824979458e+01
1.147297881445410894e+01
1.153875236734984355e+01
1.159040117525637470e+01
1.163740008698459860e+01
1.142575725150891230e+01
1.136375702728128090e+01
1.117486932192332461e+01
1.143114825292286696e+01
1.145164795219443477e+01
1.147208839903578337e+01
1.139552380132863618e+01
1.148387533397817606e+01
1.157770633718700992e+01
1.145004265068655513e+01
1.153058578082527674e+01
1.153745391147276678e+01
1.143381986428630626e+01
1.146355644323284650e+01
1.150107406411370903e+01
1.159938071847591345e+01
1.144407806954313855e+01
1.145804569374558923e+01
1.157749016381421825e+01
1.156213810757071769e+01
1.155415462601376930e+01
1.149544860874084407e+01
1.149357431372845895e+01
1.135075138105003134e+01
1.097940096392358100e+01
1.111336823039528099e+01
1.109866842438532331e+01
1.117839306550649781e+01
1.104438820958966971e+01
1.088626805409876397e+01
1.073116350100917771e+01
1.090068934438750148e+01
1.080659627268687473e+01
1.060743379736868519e+01
1.062554802316390123e+01
1.049394589286384871e+01
1.034727869385460508e+01
1.042505178225201234e+01
1.030284534231032012e+01
1.035640484156374441e+01
1.025876303173481574e+01
1.049803248139869538e+01
1.035796327884781931e+01
1.036755862810787221e+01
1.029800264855566638e+01
1.020441465297426475e+01
1.034722990520549502e+01
1.046927621955455834e+01
1.041610409142231219e+01
1.050075792840016220e+01
1.066370493406066089e+01
1.065673680458803574e+01
1.076589265948041430e+01
1.082404874084204494e+01
1.097745648766795057e+01
1.117831980881328491e+01
1.118937819931397826e+01
1.116433380926264363e+01
1.139207462684953498e+01
1.141513551449315855e+01
1.157683841026573646e+01
1.183622425741396000e+01
1.168024192253778892e+01
1.173828346300979319e+01
1.173389557104019332e+01
1.186266513876489626e+01
1.181936831776420149e+01
1.199849723595070827e+01
1.179279935032445792e+01
1.181210494952119916e+01
1.186957099858955189e+01
1.188901154153427342e+01
1.174887738187226205e+01
1.146671147748293151e+01
1.153841460420608200e+01
1.144526010889421741e+01
1.129146844797469385e+01
1.122057170795778802e+01
1.104469962258735904e+01
1.074255286136121867e+01
1.067433507124951575e+01
1.073663413337544625e+01
1.085956558990983467e+01
1.087442867364006815e+01
1.100587298483878840e+01
1.101767880997977045e+01
1.085516888182883122e+01
1.087063221222160792e+01
1.093639657371477369e+01
1.091221912834680552e+01
1.091659187249570095e+01
1.083594151555917051e+01
1.068660344398449524e+01
1.073776599986831570e+01
1.067128826535281405e+01
1.077637139870148530e+01
1.052173096026672283e+01
1.036696950220266444e+01
1.015384214316054567e+01
1.016130202981548791e+01
1.037005073180716863e+01
1.028279580844991870e+01
1.039565902722097235e+01
1.043499065308424179e+01
1.046459904463335988e+01
1.034951645500859740e+01
1.048150874401108013e+01
1.055815672681364958e+01
1.057736361318438867e+01
1.057527472222227516e+01
1.058945775500251330e+01
1.066849054368685756e+01
1.085589727617116296e+01
1.058543681363971700e+01
1.050748675241902674e+01
1.046162679154440411e+01
1.041437867483182345e+01
1.036700449830004800e+01
1.053353634823088214e+01
1.058861510382121196e+01
1.067918436886247946e+01
1.066102840907296923e+01
1.072101025074334757e+01
1.069476121221669018e+01
1.076464733407010499e+01
1.071336728232108726e+01
1.074778978749964153e+01
1.076537867037313845e+01
1.081101804823902057e+01
1.052409712912321993e+01
1.069009455769992201e+01
1.082302501227968605e+01
1.066636854682565172e+01
1.059989187498922547e+01
1.044481687478946697e+01
1.038428393152480567e+01
1.045904529277413531e+01
1.052249811568435689e+01
1.064147267983571510e+01
1.076984743726370652e+01
1.091126471122515795e+01
1.074321441201391281e+01
1.079201273567559838e+01
1.086088929638935952e+01
1.085323595127829321e+01
1.075940589173751505e+01
1.071151651645504899e+01
1.080986635297085741e+01
1.085807011667202460e+01
1.059017254974423849e+01
1.064455662777345424e+01
1.077851170003941661e+01
1.080740828593661718e+01
1.069471565742696839e+01
1.078509404622673173e+01
1.052484422755151172e+01
1.058169075421847083e+01
1.051301790888101095e+01
1.044745537462767970e+01
1.043197507066906837e+01
1.021652862160863151e+01
1.047446626776672929e+01
1.058136220231790503e+01
1.064318965894653957e+01
1.060598886045318068e+01
1.040010254460321448e+01
1.043335257422222639e+01
1.046808342340682429e+01
1.060685065348843636e+01
1.050955413135943672e+01
1.048286969594755647e+01
1.060389088309875660e+01
1.065155129774302623e+01
1.052623835348549619e+01
1.047523220978564495e+01
1.061986484447970724e+01
1.073673856148707273e+01
1.064180406318519090e+01
1.073193839517716697e+01
1.079797871110895358e+01
1.101385534221572016e+01
1.092997162050232873e+01
1.102624910396116320e+01
1.108378543902108504e+01
1.100366677474175958e+01
1.097887000609080133e+01
1.111413898154114577e+01
1.107199183367720252e+01
1.107827303589510848e+01
1.087778284737942158e+01
1.101297660467116657e+01
1.116962266466907749e+01
1.133677983647521614e+01
1.130326314251578879e+01
1.124474547318186524e+01
1.146598493430337840e+01
1.157274819021222356e+01
1.134706888097116462e+01
1.138411838241609075e+01
1.132542987798387912e+01
1.149790198525806773e+01
1.138121476935248211e+01
1.158384560268768837e+01
1.139171295228334202e+01
1.121715884615787218e+01
1.107135097930768097e+01
1.102954626037262642e+01
1.097162035394831037e+01
1.113858509134570340e+01
1.128693206279695005e+01
1.143466143838850257e+01
1.138983132542125531e+01
1.144919501893764391e+01
1.162923055402552563e+01
1.160272362172963767e+01
1.172784052823135426e+01
1.158721573011825967e+01
1.171484949631576455e+01
1.173839962204965559e+01
1.187283258666047914e+01
1.199628670010952192e+01
1.209599013228853437e+01
1.222212180075894139e+01
1.226005607422575849e+01
1.248261856540557346e+01
1.223753516211763781e+01
1.223517688368247036e+01
1.235441733942752762e+01
1.226676836216665833e+01
1.233463029636186548e+01
1.233964356148771913e+01
1.236879138817948842e+01
1.225493592000566423e+01
1.218445415649694041e+01
1.235266870236500836e+01
1.215089063686355075e+01
1.210152951487816608e+01
1.205593549975492351e+01
1.187063196965027601e+01
1.197771487730915396e+01
1.198870927339339687e+01
1.184577922770495206e+01
1.203865722945829475e+01
1.207501860104366642e+01
1.231606111382552626e+01
1.235677142368058412e+01
1.240270593185596226e+01
1.243045522650390922e+01
1.253177735857116204e+01
1.254510407633461000e+01
1.243369917606196395e+01
1.256669607687399548e+01
1.248317821076943801e+01
1.247693658429307106e+01
1.231866465301391145e+01
1.248976013671290275e+01
1.241855120407217328e+01
1.212732883133503492e+01
1.199426615966240206e+01
1.186688049331405637e+01
1.186095965662661911e+01
1.208476000406972162e+01
1.215044019275410392e+01
1.226133689854123077e+01
1.218104302700885455e+01
1.229449065802327823e+01
1.226366405966018647e+01
1.212611863394158718e+01
1.193170219066632853e+01
1.193315943447760219e+01
1.202897529359597684e+01
1.215247267518316221e+01
1.227870925661591173e+01
1.240040908896116889e+01
1.250952332808446954e+01
1.226086804072747327e+01
1.234020670187783253e+01
1.236772192976695806e+01
1.236028386822636094e+01
1.238100905481587688e+01
1.238885799592117110e+01
1.223250594928231294e+01
1.242112013548739924e+01
1.261619215793598414e+01
1.249629561126403132e+01
1.250411726363017806e+01
1.259685963308493228e+01
1.272982995272559492e+01
1.272635069187344925e+01
1.264728944760918239e+01
1.280893274541813298e+01
1.278180570096083102e+01
1.288118020040292322e+01
1.282637237245126016e+01
1.279834510132423020e+01
1.274597577347958577e+01
1.294722421997812489e+01
1.298370387869545084e+01
1.295503601378732128e+01
1.312175937781739776e+01
1.329819130082341871e+01
1.329786135117592494e+01
1.333163267943200481e+01
1.311045832869422156e+01
1.320553150449450186e+01
1.335165514074469684e+01
1.328933835489351623e+01
1.327179586110287346e+01
1.314927137359791232e+01
1.301740585167863173e+01
1.308775024785518326e+01
1.309416564633374946e+01
1.309355205135761935e+01
1.329286013048022141e+01
1.335047620123896195e+01
1.336624895088698395e+01
1.335982822674304771e+01
1.311245842974585685e+01
1.305734810010471847e+01
1.297466687707219535e+01
1.302550818491181417e+01
1.290574535945233947e+01
1.303594789469752868e+01
1.299211910522808466e+01
1.309455298655848310e+01
1.315777972901105386e+01
1.326758173972120858e+01
1.338185608276307903e+01
1.340727639795113646e+01
1.334640601957471517e+01
1.332620062146543205e+01
1.330767975406251935e+01
1.313047108793944062e+01
1.297599745744901156e+01
1.311006327892937406e+01
1.308826353934091458e+01
1.292465197975525371e+01
1.313651506643873290e+01
1.306053426870585099e+01
1.317749575273137452e+01
1.303145428992502275e+01
1.299240639755589655e+01
1.318478624457657133e+01
1.319318736852619622e+01
1.331344399576209980e+01
1.347075438464253239e+01
1.356353296264114761e+01
1.320146866183222301e+01
1.329731882424221112e+01
1.327636867367345985e+01
1.333412265526567353e+01
1.327618540577077511e+01
1.330587913653380383e+01
1.320484315434987366e+01
1.302104669640903012e+01
1.307135622246823914e+01
1.301917171247441729e+01
1.304432819669546006e+01
1.315661297534370533e+01
1.317821835346057924e+01
1.294133024188431591e+01
1.284933545600961224e+01
1.291448821047924866e+01
1.308331242058466160e+01
1.317806723878766206e+01
1.313579023196598428e+01
1.313630083836324047e+01
1.301967599096224149e+01
1.289513768094184343e+01
1.310209160408339812e+01
1.300443981421085482e+01
1.289549971306496445e+01
1.310198486775334459e+01
1.324852400860072521e+01
1.327855672916757612e+01
1.316997146016819897e+01
1.306605535390553996e+01
1.299799530766540556e+01
1.283781350863864645e+01
1.280732141765565757e+01
1.296251298900097026e+01
1.306762490648816311e+01
1.297970947233261541e+01
1.277440872715669684e+01
1.271318592950137827e+01
1.256870536046790221e+01
1.223955808202299522e+01
1.195258752155768889e+01
1.190804759807815572e+01
1.186458390805364616e+01
1.192698792688497633e+01
1.213243080528536666e+01
1.211793727922940889e+01
1.213526155987347011e+01
1.237179238281441940e+01
1.257739557376589801e+01
1.278653840345486969e+01
1.288344634536861122e+01
1.267411351288592414e+01
1.255374887885136559e+01
1.266632430592653691e+01
1.259072531768015324e+01
1.255390704617184383e+01
1.255359640213100647e+01
1.253157744715826993e+01
1.260951987232147076e+01
1.250818941983834520e+01
1.252747811880726658e+01
1.213533456584627857e+01
1.212346418136439752e+01
1.205040570443270553e+01
1.209338090457276849e+01
1.212483502266150026e+01
1.206381182228051330e+01
1.188701741702243453e+01
1.203213881279498310e+01
1.210004764338373207e+01
1.235763232336830697e+01
1.236106600853054260e+01
1.231847060231484647e+01
1.232366256354907819e+01
1.236595460188073048e+01
1.205515331605056417e+01
1.233070073348608275e+01
1.245485104255021724e+01
1.235337060746223870e+01
1.225292543424984615e+01
1.223055830603061622e+01
1.223770519611116470e+01
1.227812076610462100e+01
1.220921747402189794e+01
1.204755493437642144e+01
1.180047887709497445e+01
1.182355949461998534e+01
1.155094740250115137e+01
1.150383679113565449e+01
1.157283621573242272e+01
1.162681209359652712e+01
1.145483464065455337e+01
1.167202769413052010e+01
1.157398493551318097e+01
1.148847776067941595e+01
1.162079446143343375e+01
1.167272776099071052e+01
1.178091090908856131e+01
1.179700682011116442e+01
1.197969759730312944e+01
1.211367953577337175e+01
1.222026296515741706e+01
1.234092077181412606e+01
1.269539728824020131e+01
1.265861585218499386e+01
1.252015698237391916e+01
1.246879886215265287e+01
1.263927753414191102e+01
1.265778328244232398e+01
1.258650406483320694e+01
1.241304652866529068e+01
1.240881660055765678e+01
1.228630582696223428e+01
1.220273052284937876e+01
1.217170631973749551e+01
1.214366731150948908e+01
1.201625551621509658e+01
1.221526873188940954e+01
1.223861946092256403e+01
1.217256410560275981e+01
1.212326129585926537e+01
1.233131094197688071e+01
1.235040248189943668e+01
1.240608348130081140e+01
1.247224126077435358e+01
1.251439905716233625e+01
1.262730158642898459e+01
1.277309039714236860e+01
1.284545231019637868e+01
1.295457214845282579e+01
1.283347413959199912e+01
1.277479930026947841e+01
1.298605458243127941e+01
1.270659833535955840e+01
1.280378245597694331e+01
1.262218812842820626e+01
1.276495048707693059e+01
1.281638401251620962e+01
1.291563537341426127e+01
1.278290169023239287e+01
1.277390238935822708e+01
1.268767578468668944e+01
1.266286480893541011e+01
1.264218734227779350e+01
1.273752699419583223e+01
1.274854623776809603e+01
1.261447542568475910e+01
1.260714310102957825e+01
1.272137824544734030e+01
1.279805776351622626e+01
1.250694565486810461e+01
1.253394451272833976e+01
1.231284745913217193e+01
1.231979992504511756e+01
1.233497063468621491e+01
1.227680131015131337e+01
1.236660530794597435e+01
1.221642669531320280e+01
1.227178634939900803e+01
1.229382913030713098e+01
1.221088908298315800e+01
1.228195402508117695e+01
1.244624528869371716e+01
1.235004903556546196e+01
1.238406680807838711e+01
1.232600699555405299e+01
1.220599576017593790e+01
1.222834822982531477e+01
1.236287089748566359e+01
1.225066171436355944e+01
1.233697229229619552e+01
1.226963755026645231e+01
1.214080622532037523e+01
1.231204542785417289e+01
1.233235011715714791e+01
1.230240978343408642e+01
1.239016008831549698e+01
1.223423438286590681e+01
1.230501156680020358e+01
1.224906231505337928e+01
1.239408847781396616e+01
1.235644034094366361e+01
1.240656559828948957e+01
1.245298337664826249e+01
1.248749765019329061e+01
1.250861333364628081e+01
1.259014125135672657e+01
1.251443708513033926e+01
1.253630564445666096e+01
1.261515909760782961e+01
1.258020788777412236e+01
1.258437981447787024e+01
1.256021359149781347e+01
1.266854399124895281e+01
1.263374995626236341e+01
1.269459467909382511e+01
1.236840749056318600e+01
1.221310732347137673e+01
1.233409497227785323e+01
1.222074250664263673e+01
1.236491277901495778e+01
1.245924684905094182e+01
1.272208379287985736e+01
1.272596884500671877e+01
1.287443077607804298e+01
1.294764391175158380e+01
1.299074466054025834e+01
1.305658302049505437e+01
1.282573398092699790e+01
1.254681114792583685e+01
1.279377868295068765e+01
1.265534873122487625e+01
1.277503240418627684e+01
1.276930646046730544e+01
1.272683403564678883e+01
1.249376148465944425e+01
1.266542128190849326e+01
1.244365520216979348e+01
1.238860636063691345e+01
1.214058501358613285e+01
1.216406321406338975e+01
1.213388888140980271e+01
1.211363491573592910e+01
1.208900814110620558e+01
1.222541247048775404e+01
1.223771839127039129e+01
1.229117495989066811e+01
1.218881117722685303e+01
1.220149448500160361e+01
1.205979882112205814e+01
1.204914904964698508e+01
1.200414450630523788e+01
1.205744403896278527e+01
1.188315535039328097e+01
1.176279243656517792e+01
1.178473379512161046e+01
1.162266099360022054e+01
1.131587291898631520e+01
1.131608436822625663e+01
1.133692729309768765e+01
1.158283792662132328e+01
1.160356744690307096e+01
1.172853454161850095e+01
1.158678494615924137e+01
1.161400492938264506e+01
1.152426438416387100e+01
1.132810777760096244e+01
1.137174083459740359e+01
1.136007312715537410e+01
1.113900337140785268e+01
1.114233113090631377e+01
1.106117015626750799e+01
1.080304381372297939e+01
1.079382908038769529e+01
1.097759181045603327e+01
1.120167730541379569e+01
1.116887060667249898e+01
1.124344293549347640e+01
1.151104719848171953e+01
1.158916666928416817e+01
1.157039250043089851e+01
1.174811272536499018e+01
1.168599448932400264e+01
1.158061612367691851e+01
1.146021913849108387e+01
1.156383592612564826e+01
1.160215648664234322e+01
1.136216321935535234e+01
1.144103734310010623e+01
1.122741519303872337e+01
1.099429865679576324e+01
1.102214620308222948e+01
1.095206773484642326e+01
1.119291837580112770e+01
1.116643747033322143e+01
1.127569673796733696e+01
1.108122962290872238e+01
1.096465040161547222e+01
1.108572981338602403e+01
1.096883322722169396e+01
1.081428927355318592e+01
1.072541515327429806e+01
1.074294867478511151e+01
1.069817546960439358e+01
1.075178659540142689e+01
1.083471637237016694e+01
1.080546826648696879e+01
1.091857498482477240e+01
1.077608786130076624e+01
1.086825959106772643e+01
1.091219147989613703e+01
1.091989610488508333e+01
1.092012667894596234e+01
1.075514733124600752e+01
1.075533058788005292e+01
1.084377174725250370e+01
1.089355097389852745e+01
1.092078097568082740e+01
1.091273414746501658e+01
1.090264978893083025e+01
1.091165180242569477e+01
1.079514060149176657e+01
1.086127626143206726e+01
1.057267949664856133e+01
1.073459054238082899e+01
1.038384859155394224e+01
1.039068876503006322e+01
1.063284131298587454e+01
1.072431787846835505e+01
1.030643734773184406e+01
1.041795125485350582e+01
1.051463552315544803e+01
1.054141699371029972e+01
1.073786190517057548e+01
1.062131574487011676e+01
1.060212534652873728e+01
1.063240519450755528e+01
1.036897050407060306e+01
1.047666350501458510e+01
1.052646564311180555e+01
1.034529878736975661e+01
1.052624509992801904e+01
1.039471625526493881e+01
1.040304853493944393e+01
1.024220064689325227e+01
1.019820431329026178e+01
1.024715639013720647e+01
1.038286894958218909e+01
1.037471616883522074e+01
1.034509887563854136e+01
1.029436883490598120e+01
1.030463464451713662e+01
1.053411321243856946e+01
1.078219633695516677e+01
1.094513312828803464e+01
1.100417963508516550e+01
1.104924108567229268e+01
1.091175429241411621e+01
1.100097350511623517e+01
1.110089570797208580e+01
1.111297770280725672e+01
1.112178764044256241e+01
1.090494375517664594e+01
1.092954798999926425e+01
1.070674507188959979e+01
1.068907493296501343e+01
1.071949224887248420e+01
1.079403887144508190e+01
1.050288767124402511e+01
1.041434164221573155e+01
1.057947531600530056e+01
1.037997686857488588e+01
1.032539819880548748e+01
1.030506606305789319e+01
1.030946170607785461e+01
1.022581307134805684e+01
1.010957469507502537e+01
9.966621773216502334e+00
1.005738714934341260e+01
9.986943539367530320e+00
9.858211545652920904e+00
9.880635745802464953e+00
9.738950305677462893e+00
9.791675808831314498e+00
9.885200325202276872e+00
9.998724151959322626e+00
1.006979918139131769e+01
9.939355193582741776e+00
9.970211365548493632e+00
9.087032431527404697e+00
9.058086862363779801e+00
9.055308465779489779e+00
9.018596710579913633e+00
8.906349361609500193e+00
8.964251394576422172e+00
9.124792822992276342e+00
9.057751564584577864e+00
9.159673911372919974e+00
9.133500476503286336e+00
9.125699396591699042e+00
9.218463327611061686e+00
9.024244767723757832e+00
8.723546071719283646e+00
8.691446008882849128e+00
8.388674637649273791e+00
8.522853682414279319e+00
8.575884676231908088e+00
8.385252283930640260e+00
8.365605755569959001e+00
8.353838850532156357e+00
8.460995456924138125e+00
8.351001802739119739e+00
8.278217721365763282e+00
8.300729395471535099e+00
8.433441672483240836e+00
8.431972095383571286e+00
8.356490681185277936e+00
8.422739647435264487e+00
8.479004271639496437e+00
8.216109816497919383e+00
8.306131104637643148e+00
8.153254829242541746e+00
7.903053557029124931e+00
8.000135042248075479e+00
7.912583337142677919e+00
7.787489064838155173e+00
7.640186912188255519e+00
7.450924359713098966e+00
7.323877960849131341e+00
7.467542897116800305e+00
7.719128233992705646e+00
7.622574519952650007e+00
7.745736783269421721e+00
7.894408953194215428e+00
7.595309244404234050e+00
7.562087984932986728e+00
7.442012815798989323e+00
7.551040386462773313e+00
7.677868785360260517e+00
7.885312264990716358e+00
8.029563672283074993e+00
8.076328369507791649e+00
8.243544630378892180e+00
8.435705821305418795e+00
8.414790771131265501e+00
8.433996075948016369e+00
8.432930172249143652e+00
8.492925137330530561e+00
8.592471382798066770e+00
8.555321545556580531e+00
8.571166386430377315e+00
8.608943339491816005e+00
8.622130107935845444e+00
8.471972399220248917e+00
8.365426516015759262e+00
8.452069542890967568e+00
8.377635287432894984e+00
8.334562700555579795e+00
8.391318179014888301e+00
8.664544619736261666e+00
8.754831683863812941e+00
8.727514336340391310e+00
8.582518921315568150e+00
8.488370731225586496e+00
8.519135614846163662e+00
8.557155596063239500e+00
8.538520689980032330e+00
8.257219008144602412e+00
8.228153857902725576e+00
7.975374972055760736e+00
7.817274978384375572e+00
7.957965142684770399e+00
8.037332208632506081e+00
8.256930703415491735e+00
8.151940153509713127e+00
7.746568117217066174e+00
7.524801185456453823e+00
7.537678838509236812e+00
7.522097948043665383e+00
7.677438334452745039e+00
7.899531324677809607e+00
7.795596391802064318e+00
7.686499498793637031e+00
7.529316060713426850e+00
7.451592887963670364e+00
7.355682829801480693e+00
7.301382552285758720e+00
7.284587635962452623e+00
7.304643364706862485e+00
7.243976303919225757e+00
7.302336935473249468e+00
7.270456851769267814e+00
7.406820231739402516e+00
7.594994505444446986e+00
7.939238305326398404e+00
7.566471088327489269e+00
7.680150269003206631e+00
7.764587587290407100e+00
7.790338914175663376e+00
7.726038112672540592e+00
7.646643029401275271e+00
7.613577432008241885e+00
7.524811978781144717e+00
7.436370381458800694e+00
7.403881470664600783e+00
7.517941480028639489e+00
7.403283885308155732e+00
7.457857530696855974e+00
7.590646547711912717e+00
7.694236886499311368e+00
7.816464480598369846e+00
7.822724881323665613e+00
7.879124441036765347e+00
7.837026575753043289e+00
7.845569270259147743e+00
8.051208999253503862e+00
7.765880788161666715e+00
7.545317701918065723e+00
7.499318922456950531e+00
7.530868261972500477e+00
7.598679060087306425e+00
7.675978859848328284e+00
7.841244260689563816e+00
7.919559089021277032e+00
7.900112622894084780e+00
7.914938006399097503e+00
8.110712856005193316e+00
8.006873980359159759e+00
8.150320911457129114e+00
8.267834649946962600e+00
8.212774962239564047e+00
8.314333517153499997e+00
8.195505844656508998e+00
8.132549889515757968e+00
8.174674192343445611e+00
8.211120127532922197e+00
7.865242556453267753e+00
7.857825231886636175e+00
8.032423429991467856e+00
8.125235182656979305e+00
7.719953138513119484e+00
7.765352199840890535e+00
7.698340271693268733e+00
7.796158833961271739e+00
7.951381787094760512e+00
7.624772476241560071e+00
7.573435754093225114e+00
7.505493018607012345e+00
7.674764509190936224e+00
7.519362664482287073e+00
7.749393047526609735e+00
7.600042037077400892e+00
7.343594979864064953e+00
7.413358022597094532e+00
7.194605312311068701e+00
7.325543028216998209e+00
7.358960398226372490e+00
7.265857065044656338e+00
7.014140689208034019e+00
7.073961245328973746e+00
7.199623834740123129e+00
7.131638341822508664e+00
7.022602173436098383e+00
7.012537831270492461e+00
7.100041484334724373e+00
6.980155743308387173e+00
7.121441634799339226e+00
6.863061619808831892e+00
7.060759618137126381e+00
7.112632779046180076e+00
6.938982983800997317e+00
6.928816728381207213e+00
7.069944611299433745e+00
6.761920486407689168e+00
6.636476731723632838e+00
6.557608811685895489e+00
6.564524081854870019e+00
6.446201535219188372e+00
6.625557469795239740e+00
6.652255587628133071e+00
6.397584381121305341e+00
6.332296068483628915e+00
6.222530712516345375e+00
6.350340436015358137e+00
6.263665816141838150e+00
6.215616124890402716e+00
6.428199120306999248e+00
6.696342921446557739e+00
6.659321402255955036e+00
6.443663716392620699e+00
6.491250594537632423e+00
6.405951579385146033e+00
6.477765160358103458e+00
6.214747476834418194e+00
5.902155400119227124e+00
5.963069199115125230e+00
6.097783341368995025e+00
5.828203427221524180e+00
5.987427968803785916e+00
5.671413595978265221e+00
5.837682942664287111e+00
5.666078829322941601e+00
5.620803017487560282e+00
5.700456260548889986e+00
5.614282922847451118e+00
5.400051468118363118e+00
5.555171370131574804e+00
5.502178721687414509e+00
5.540863074701519508e+00
5.490961484774743440e+00
5.450655973186258052e+00
5.630746232838646392e+00
5.680204962421157688e+00
5.752049477247965115e+00
5.866621929107168398e+00
5.887450948149307806e+00
5.790485453133442206e+00
5.695369940634009254e+00
5.654764993930257333e+00
5.618483623085921863e+00
5.696004170166816039e+00
5.439977554696270090e+00
5.279544946156420338e+00
5.257119761668946012e+00
5.393433907881444611e+00
5.139762401281586790e+00
5.206401342082244810e+00
5.058450577278563287e+00
5.129968014891346684e+00
5.130220122765422275e+00
4.842942093423516781e+00
4.852921338892883796e+00
4.792838118150029914e+00
4.632255607554725430e+00
4.637603274960383715e+00
4.897196116393388365e+00
4.974103227991690801e+00
5.141652468902975670e+00
5.244865615000890102e+00
5.270007282072583621e+00
5.223490749608572514e+00
5.274986365108816244e+00
5.131025158554621157e+00
4.993680509759542474e+00
5.061114850938793097e+00
5.029197956973803230e+00
4.825879485064433538e+00
4.874492981619368948e+00
4.912158943222493690e+00
5.043597973152827763e+00
4.807052399333770154e+00
4.683642035233788192e+00
4.769495242517223232e+00
4.799422339460761577e+00
4.913565116108657094e+00
4.705798447974302690e+00
4.715854204920105985e+00
4.822844808507397829e+00
4.917204233045595174e+00
4.810261167022872542e+00
4.805061249189748196e+00
4.929849872351041995e+00
4.977860032435273752e+00
5.081897041157390049e+00
4.929734372468374204e+00
4.594845831004022330e+00
4.340313885463729093e+00
4.489994501515866432e+00
4.437273090299640899e+00
4.267171064467220276e+00
4.307551549413801695e+00
4.127360248473451065e+00
4.356341196788889647e+00
4.317494913359041675e+00
4.112852181825473963e+00
4.120263862919273379e+00
4.173343800335715059e+00
4.058120044478528143e+00
4.050281865352189925e+00
4.137595441050507361e+00
4.379422856081873761e+00
4.397756119847144873e+00
4.341327984983763599e+00
4.471646242241149594e+00
4.267221256750417524e+00
4.207572454155524611e+00
4.453773059173727233e+00
4.216080888844771835e+00
4.072228774811264884e+00
3.885274341691001609e+00
3.906537597124042804e+00
4.096948019524461415e+00
4.124733559071501077e+00
4.029257830974529497e+00
4.106857871352076472e+00
3.996993131495401030e+00
4.226374505033163587e+00
4.259448978628824989e+00
4.143930344174805214e+00
3.971615089827537304e+00
3.891973959606730205e+00
3.854503283365374955e+00
3.856905214702237572e+00
3.851663202844065381e+00
3.985600727161909163e+00
3.533710095074638957e+00
3.439062468559313857e+00
3.449543260896462016e+00
3.636291959048321587e+00
3.602699512231993140e+00
3.744009472204197664e+00
3.832603387812923756e+00
3.522504831378682866e+00
3.295674254157347605e+00
3.473791321649514430e+00
3.789940826072779601e+00
3.814462908771020011e+00
3.756868433752970304e+00
3.663490414111038262e+00
3.681440742125232646e+00
3.556572446727841452e+00
3.465871665856866457e+00
3.588642291152609687e+00
3.423488254035873979e+00
3.368298435398173751e+00
3.330834136188059347e+00
3.404467749617651862e+00
3.344386814386780316e+00
3.302462573575212446e+00
3.272259049886997673e+00
3.298939526819594903e+00
3.471636211011173145e+00
3.549194872844964266e+00
3.469034054009171086e+00
3.617684702365295379e+00
3.752727371936089185e+00
3.842354419293769752e+00
3.680990617077441129e+00
3.668782644140264892e+00
3.569951037200553401e+00
3.392686048429823131e+00
3.368057561975547287e+00
3.384660478405749018e+00
3.173409731441097392e+00
2.951472828529404069e+00
2.997619176281659747e+00
2.853801841200038325e+00
3.005641822423058329e+00
2.944684315879385395e+00
3.019115422504000890e+00
3.099580035367580422e+00
2.705664671869271842e+00
2.648610613797245605e+00
2.626186937973216118e+00
2.920895875520727714e+00
2.947605018382091657e+00
3.101153939957839611e+00
3.421663996102324745e+00
3.104015951278597640e+00
3.130630135367937328e+00
3.180287798916651809e+00
3.236114691730108461e+00
3.194135040167566331e+00
3.225106090663757641e+00
3.272454971997831308e+00
3.329124545685772318e+00
3.257899305320279382e+00
3.063684167073006392e+00
3.241492137551176711e+00
3.194509865873442322e+00
3.359271420390541607e+00
3.514019507973898726e+00
3.573319988235198252e+00
3.704941430612961994e+00
3.819552083381495322e+00
3.675324438681855099e+00
3.441922585367137799e+00
3.448547462530768826e+00
3.379375582590000704e+00
3.346785743772670685e+00
3.248672437893219467e+00
2.795676591937080957e+00
2.837020407330783200e+00
2.975462644552862912e+00
3.125643069290163112e+00
3.288993565908640448e+00
3.468735256486979779e+00
3.634018167824251577e+00
3.636758448611544736e+00
3.456424548041468370e+00
3.540016127955823322e+00
3.455514976966696850e+00
3.302925550328836835e+00
3.189477231931959977e+00
3.357200807741719473e+00
3.315951574696555326e+00
3.137264242869605368e+00
3.195486532570612326e+00
2.854715859140924294e+00
2.418744306660300936e+00
2.333919030199467670e+00
1.978990225611596543e+00
2.009725127265483025e+00
2.199059661373212293e+00
1.549088784402556485e+00
1.765958615621457284e+00
1.793412755506324174e+00
1.804573586694459664e+00
1.787465494367097563e+00
2.024742398391936149e+00
1.884763131891304511e+00
1.948909778161578288e+00
1.947945827044350153e+00
2.169543365239405830e+00
2.170092128838405188e+00
2.099268658088476514e+00
2.115468484065786470e+00
1.967800245978651219e+00
1.635344803697080351e+00
1.738448929845617386e+00
1.604152654193967464e+00
1.472157248284020170e+00
1.310038109769266157e+00
1.159922413224194315e+00
1.110381265880278079e+00
1.157485710423316050e+00
9.268252824294904713e-01
5.281128484248256427e-01
3.116019198869253160e-01
2.695923889059486100e-01
3.566077264022169402e-01
3.663934781116040540e-01
4.436256795952431276e-01
3.188210113012246438e-01
3.004376131993922172e-01
1.269952027278122841e-01
2.836918452539975988e-01
4.665785179558952223e-01
5.213390254348269082e-01
4.739979061860140064e-01
3.673085547870869050e-01
2.846540016898870817e-01
4.012815493424568558e-01
3.198032105656238855e-01
3.095385461683690664e-01
3.231212631480957498e-01
3.418854094888956752e-01
2.047157219931250438e-01
2.691626922005525557e-01
7.471688856003311230e-02
2.083516709562900360e-01
3.200332996502766036e-01
2.314291517704987200e-01
1.071801202124333940e-01
4.385829467537405435e-02
3.750063284496718552e-02
5.651380813833384309e-02
3.289475265228247736e-02
2.550759903897414915e-02
1.385167257003558916e-01
2.581520914636712405e-01
3.377999330496095354e-01
2.100094012448607828e-01
2.035285977490275400e-01
1.325521547396419919e-01
1.085813584913921659e-01
4.110379493340587942e-02
1.328391906827164348e-02
9.706082902994239703e-02
5.247924484501709230e-02
2.560935846695429063e-01
1.505574169195824652e-01
2.839036745672274265e-01
1.487988328090068535e-01
5.633926449445425533e-02
9.027710897953511449e-02
3.739628901621472323e-02
8.772904277702764375e-02
1.249706674298067810e-02
7.660831167504511541e-02
2.518490646061763982e-01
1.157183462992179557e-01
7.649887359093554551e-02
2.761444657890024246e-01
3.291412021435462520e-01
3.098055588561692275e-01
3.232338292864369578e-01
3.771743964080087608e-01
1.671779166599662858e-01
2.910314895943884039e-01
4.024168785517758806e-01
4.788940909320444916e-01
8.598398771346182912e-01
9.937329503054570523e-01
1.095189203364498098e+00
1.226481541251814633e+00
1.026483865636691917e+00
1.189322296564569115e+00
1.061216200194394332e+00
1.250290655549179064e+00
1.495136262319647358e+00
1.612385460535733728e+00
1.473056810868001776e+00
1.644836131127703993e+00
1.656905814322271908e+00
1.729922860452461464e+00
1.760348966245146585e+00
1.886740198116058309e+00
1.894337433877808508e+00
1.995829123888142931e+00
2.116561530304352345e+00
1.938384417752786248e+00
1.898405310385896883e+00
1.995738471596268937e+00
1.981850986099743750e+00
2.003395275116417906e+00
2.108295795742378687e+00
2.180194568955812429e+00
2.279445681846482330e+00
2.197185743753834686e+00
1.896687648404622450e+00
1.762972383909982454e+00
1.637273933077267429e+00
1.523041524081236275e+00
1.405911239937267965e+00
1.215652932803095609e+00
1.063350130587423337e+00
9.967815929667267483e-01
1.095402727747568861e+00
9.248257621475204360e-01
5.940009686828489066e-01
3.467198775924771326e-01
2.983021994368755259e-01
1.260689967930375133e-01
9.237066611785849091e-02
1.077986394657273195e-01
1.975689863011211855e-01
3.279859063213734771e-01
2.508955939547377056e-01
2.745836767380751553e-01
2.013333373170098639e-01
2.105320201480935793e-01
3.033215412979188841e-01
2.209369313495699316e-01
2.919750703331374098e-01
1.544229158034795546e-01
2.302255112545026350e-01
2.675786449481165619e-01
3.609927312845684355e-01
5.361998410671731108e-01
5.000990151374935522e-01
8.462661319836115581e-01
7.580366737274744082e-01
8.755354151944629848e-01
8.048011453865910880e-01
9.372366051247809082e-01
8.350169499153707875e-01
1.069259790929208975e+00
1.008131425463943742e+00
1.161133449668341200e+00
1.227489897192754142e+00
1.213523200976851513e+00
1.377038243029346631e+00
1.450687706410462852e+00
1.456764242954704969e+00
1.666417690104026406e+00
1.719869680393458111e+00
1.778450783255721035e+00
1.450738223333246424e+00
1.410866360778527451e+00
1.244323934421117883e+00
1.318078064997280308e+00
1.513502486784091161e+00
1.362316084194389987e+00
1.597618530358886346e+00
1.805254786147997947e+00
1.880675653312209761e+00
1.855205651348114770e+00
1.851650857910499326e+00
1.627931237104348838e+00
1.529080999297548260e+00
1.720147339227878547e+00
1.653021031682328612e+00
1.834511237781043747e+00
1.689663607915463217e+00
1.833854485201300122e+00
1.868840782984079851e+00
1.996978069802935352e+00
2.009474241229327163e+00
1.906940432694682386e+00
2.080432991965608380e+00
1.939728853022643307e+00
1.567150489187042695e+00
1.798238635068628355e+00
1.974958010990121693e+00
1.909192486447864212e+00
1.923158820025491877e+00
2.107900995853924542e+00
2.271282372556925111e+00
2.100410884122538846e+00
1.931952590845867235e+00
1.988720822238065011e+00
1.931521238319874101e+00
1.988327888777348562e+00
1.979343109969704528e+00
2.052185781558364397e+00
2.232581957564434560e+00
2.218216910282535537e+00
2.391773041558735713e+00
2.243030107727463474e+00
1.675733530038087338e+00
1.728571221614402020e+00
1.700625322660926031e+00
1.876940772978741734e+00
1.870299444955890067e+00
2.020441071938876121e+00
1.967609253390037338e+00
2.013162811270376551e+00
2.074354171882987430e+00
1.979911298771185102e+00
2.097617918519063096e+00
2.160821429903990065e+00
2.089596747239738761e+00
2.173703232048865175e+00
2.190827918644572492e+00
2.439261931373948755e+00
2.564908094665952376e+00
2.705569469585498155e+00
2.429002441873308271e+00
2.454212976318558503e+00
2.522140767516248161e+00
2.491708605029089085e+00
2.618221519531289232e+00
2.579461608542260365e+00
2.581020518823606835e+00
2.428992050762644794e+00
2.308214499536916264e+00
2.464435649508232018e+00
2.709281716623991088e+00
2.877226996858553321e+00
3.010186867828451796e+00
3.047233931342816504e+00
3.020130198604420002e+00
2.858744930261309491e+00
3.140827233557502041e+00
3.221923609278746881e+00
3.193418168745665753e+00
3.345952015930379275e+00
3.339724379046856484e+00
3.572986019539712288e+00
3.125918658718546794e+00
3.205476892637307174e+00
3.466780520333486493e+00
3.337031162376661086e+00
3.311674997885347693e+00
3.142711211076857580e+00
3.125169620171618590e+00
3.027035811281166389e+00
3.037545908047832199e+00
3.170271365764165239e+00
2.890733152526991034e+00
2.836086788008287840e+00
2.995634812546995818e+00
2.864497914160892833e+00
3.011098949818006076e+00
3.113836282794181898e+00
3.014235033273507725e+00
2.746586358543027018e+00
2.724904038321255939e+00
2.853683597943017958e+00
2.935590474067794275e+00
2.998437987894249090e+00
2.967643457738631696e+00
3.149387477787968237e+00
3.326960618183875340e+00
2.988226815653433732e+00
2.884254092928131286e+00
2.892498897258519719e+00
2.924053556434046186e+00
2.986832069038428017e+00
2.956431726510345470e+00
3.147663382377686503e+00
3.090348872921822476e+00
2.932131750571898010e+00
3.225107311959618528e+00
3.309289177193932119e+00
3.415274037930430495e+00
3.655117539608909283e+00
3.807225783612921077e+00
3.790057357567093277e+00
3.970988589589978801e+00
3.833078786302394292e+00
3.882706444605901197e+00
3.929090704972622916e+00
3.588111410502278886e+00
3.556941026792628691e+00
3.671043946870668151e+00
3.661114264963543974e+00
3.880975760241199168e+00
3.908242429419260588e+00
4.027449761476418644e+00
4.015974115490280383e+00
3.990296256960391474e+00
3.905090330985331093e+00
4.044158347488519212e+00
4.192307729300409846e+00
4.207227650143977371e+00
4.187533328435165458e+00
4.033817309304140508e+00
4.179375931494178076e+00
3.966649410327590886e+00
3.881873786747746635e+00
3.995927827994819381e+00
4.121335626521613449e+00
3.934512210156754008e+00
3.958330010505051177e+00
4.009115507330534456e+00
4.189407406652208010e+00
4.324445589698370895e+00
4.265465829258573649e+00
4.300935809255861386e+00
4.394235622435189725e+00
4.277769039159466047e+00
4.309025172078690957e+00
4.353473447888973169e+00
4.437593518465291709e+00
4.453828039858308330e+00
4.601214398464435362e+00
4.579641133769655426e+00
4.654606490581500111e+00
4.731189381123840576e+00
4.741664595279871719e+00
4.759381676078191958e+00
4.913696184209584317e+00
5.093758070150215644e+00
5.269500435928421211e+00
5.304571812502217654e+00
5.277574994160204369e+00
5.249101415671248105e+00
4.969587193309052964e+00
4.898350378990471654e+00
4.965495750506306649e+00
5.236302188670379110e+00
5.160257577175798360e+00
5.262016149566079548e+00
5.429625379550088837e+00
5.427801824282141752e+00
5.282300338452841970e+00
5.082009899753757054e+00
4.849766805390572699e+00
4.626756405343257939e+00
4.551655738382578420e+00
4.600528277920602704e+00
4.751914081493850972e+00
4.911965144323403365e+00
4.892699099364108406e+00
4.931849543051612272e+00
4.954077109167883464e+00
5.017903712250699755e+00
5.188759492692042841e+00
5.229293666778175975e+00
5.064362045904999832e+00
5.255567686690483242e+00
4.995327740248285409e+00
5.236746577026679006e+00
5.386485671288937738e+00
5.363398500800940383e+00
5.376173530394225963e+00
5.670991282887371199e+00
5.716962185168085853e+00
5.815016709143492335e+00
5.772511805215799541e+00
5.729592931489605689e+00
5.804036106197600020e+00
5.786888775471197732e+00
5.607663310668613121e+00
5.755645233006362105e+00
5.770794717386706907e+00
5.550978790690351161e+00
5.688818047673521505e+00
5.519893976276762260e+00
5.303270174373210466e+00
5.248812813007134537e+00
5.265596439032378839e+00
5.183988319001400669e+00
5.278346333858280559e+00
5.533445420372117951e+00
5.629638871468159778e+00
5.778882111611892469e+00
5.670054311022795446e+00
5.955471218774619047e+00
5.638162817320335307e+00
5.708009914041213051e+00
5.820753190076175088e+00
5.715143948364129756e+00
5.840453465779319231e+00
5.590508658134240250e+00
5.546774540479418647e+00
5.394270629526545235e+00
5.577526410892460262e+00
5.549375915862583497e+00
5.260859877223992953e+00
5.488833950870684930e+00
5.443221210798583343e+00
5.503778140350732428e+00
5.659646258060092805e+00
5.795231050739857892e+00
5.881385230570231215e+00
5.908153789904645237e+00
5.715220577247237088e+00
5.905520917008288961e+00
6.207728550500178244e+00
6.250359674028004520e+00
6.407339394961127255e+00
6.458167330439209763e+00
6.333503227561777749e+00
6.387176502426882507e+00
6.471387376969687466e+00
6.433246246961971337e+00
6.320607812924208702e+00
6.270128459940679022e+00
6.420229774250401533e+00
6.502932398260782065e+00
6.625240919643147208e+00
6.630865515017831058e+00
6.395395326701873273e+00
6.415134687121280876e+00
6.303360310291282076e+00
6.487929910607817874e+00
6.638310163305504830e+00
6.323377686697313038e+00
6.508112425003673707e+00
6.333073912661348004e+00
6.110505405146795965e+00
6.144384714738407638e+00
6.111374213031922409e+00
6.410196520146200783e+00
6.328593878716674226e+00
6.393383658688435389e+00
6.458270795089447347e+00
6.283252795683438308e+00
6.006701855336359586e+00
6.067996535201018560e+00
6.200151544622713118e+00
5.942161936444790626e+00
6.056260527991980780e+00
6.209544972434741794e+00
6.260339103619116941e+00
6.216375110659100756e+00
6.172934674921634723e+00
5.947936368834234599e+00
6.038023360260922345e+00
6.030328425006700854e+00
5.868384709488964290e+00
5.760737017137216753e+00
5.909750855401398439e+00
6.027636973997687164e+00
6.019474760810226144e+00
5.998393382720678346e+00
6.002193450204686087e+00
5.804959924503236834e+00
5.708544179861746670e+00
5.737642144315032056e+00
5.771951767977952841e+00
5.347680801407477702e+00
5.245000345856169588e+00
5.214582542087555339e+00
5.104367943342367653e+00
5.232184089824841067e+00
5.056353271927036985e+00
4.785241415054770187e+00
4.835570889446898946e+00
4.887736978227621876e+00
4.981421517869421223e+00
4.818064835053519346e+00
4.975524144365408574e+00
4.677908471458977147e+00
4.622796139151432726e+00
4.741383848339864926e+00
4.950002600275183795e+00
5.000631230967883312e+00
5.193467680248431861e+00
4.709845716954987438e+00
5.018117715183507244e+00
4.987531145997309068e+00
5.108413563245449041e+00
5.070638293068441271e+00
5.146452587986459548e+00
4.945470544716954464e+00
4.621698961001129646e+00
4.731753329854655021e+00
4.741462753009727749e+00
4.782248687685751065e+00
4.899189660106458177e+00
4.716215252337860875e+00
4.690140060242811160e+00
4.597861733906029258e+00
4.679819884727294266e+00
4.745708895292409579e+00
4.512096472716621065e+00
4.434360853110774769e+00
4.426028957737798919e+00
4.260467255066032521e+00
4.056543019041782827e+00
3.949696190354188730e+00
4.115526706252239819e+00
4.211391273013759928e+00
4.298951499569739099e+00
4.313786260292545194e+00
4.270311327801209700e+00
4.418824399667755642e+00
4.332969774074626912e+00
4.594240761258333805e+00
4.428359369829195202e+00
4.273033843263874587e+00
4.399964283785266161e+00
4.367946401496737963e+00
4.250675492822665547e+00
4.349837932861191803e+00
4.381767796116037061e+00
4.130248469769867370e+00
3.967642487051307398e+00
3.941428179587092018e+00
3.826389453154661169e+00
3.860305327565583866e+00
3.713511772380115872e+00
3.645735179112307378e+00
3.895036450840052566e+00
3.918177345583899296e+00
4.044933280703844503e+00
4.266281257763694157e+00
4.452662301836426195e+00
4.312595824701929814e+00
4.411064134825210203e+00
4.441498604119260563e+00
4.343445080637138744e+00
4.210322615685072378e+00
4.120201638171238301e+00
4.155039585775739397e+00
4.120691405989418854e+00
4.350381959005972021e+00
4.363658148227841593e+00
4.226196541490935488e+00
4.509764748519046407e+00
4.627939033875918540e+00
4.738546520939053153e+00
4.670015906651315163e+00
4.600406994301010855e+00
4.814858494386498933e+00
4.963041125734889647e+00
4.936729146477773611e+00
4.792976470205758233e+00
4.624457680540217552e+00
4.712110409462184180e+00
4.804225456191488774e+00
4.734412124838854652e+00
4.531010026519652456e+00
4.625034324807529629e+00
4.145744506351547898e+00
4.046632554953248473e+00
4.012361054697976215e+00
4.045065756552503444e+00
3.916742953881112044e+00
3.754373869006485620e+00
3.776763253753415484e+00
3.431426692553031899e+00
3.548417375677672680e+00
3.617654665590634977e+00
3.685991982129962707e+00
3.895153872862465505e+00
3.862422496125873295e+00
3.698962365167972166e+00
3.682433796676377824e+00
3.742292710257061117e+00
3.497873869763679977e+00
3.451130805148750369e+00
3.609854952998830413e+00
3.681941204943541379e+00
3.672717299798023305e+00
3.611811544247757411e+00
3.421797810266980377e+00
3.399067921178357210e+00
3.454587531979996129e+00
3.560232793873183255e+00
3.464469692004058743e+00
3.608984044773933419e+00
3.702097816768400662e+00
3.749563371297881531e+00
3.712958573042669741e+00
3.857581066625243693e+00
3.998653054524766048e+00
4.234940740752790589e+00
4.066385098167302203e+00
4.250470125022729917e+00
4.377199598845436412e+00
4.458859386885706044e+00
4.444888072895082587e+00
4.446186634809237148e+00
4.520311681812927418e+00
4.470108105335384607e+00
4.546896203628421063e+00
4.580124607806283166e+00
4.679613093706393556e+00
4.777842060872899310e+00
4.875831091959298647e+00
4.808393803128637956e+00
4.822995104615984019e+00
4.907222054134763312e+00
4.950020760487859661e+00
5.173941253859993594e+00
5.252811738906530081e+00
5.150860887020826340e+00
5.237397108879122243e+00
5.233289132446770964e+00
5.168248118493465881e+00
5.386147621543386776e+00
5.261228683286390151e+00
5.304192792383219057e+00
4.778541191538351995e+00
4.793143575879184937e+00
4.732579856737174850e+00
4.728677007334226801e+00
4.772470579793662182e+00
4.801609250665023865e+00
4.827175536308459414e+00
4.941179771896713646e+00
4.871163108005930553e+00
4.914111258907723823e+00
4.824108005984271585e+00
4.622771040533734777e+00
4.605137542474949441e+00
4.461341929967602482e+00
4.398243315622494265e+00
4.497974408674963342e+00
4.680987873430240143e+00
4.474116684094951779e+00
4.671684006477335060e+00
4.752973417755129049e+00
4.722396336466772482e+00
4.795855145681343856e+00
5.058467797214689199e+00
5.097671850961887685e+00
5.258988020284050435e+00
5.410641426009533461e+00
5.114822884654131485e+00
4.468086166300054174e+00
4.572660626273318485e+00
4.793918774093071988e+00
4.902834969954710687e+00
4.884677650943558547e+00
4.958178032631622045e+00
4.965548991183823091e+00
4.946445142535594641e+00
5.040896102857004735e+00
5.053063852154991764e+00
5.123405261132575106e+00
4.546967566675448325e+00
4.674127641283121193e+00
4.620014846263984509e+00
4.862170802965920302e+00
4.868331276599747071e+00
4.967784457634479622e+00
5.066188467758365732e+00
4.961102255143487127e+00
4.879639629393750511e+00
4.978743955793106579e+00
4.895770054766217072e+00
4.297342719117295928e+00
4.462206756509658589e+00
4.500847219037495961e+00
4.301701266156669590e+00
4.370741160655597923e+00
4.370577541073544126e+00
4.689431955116560857e+00
4.565176929341760115e+00
4.781572595691613969e+00
4.866281945905939210e+00
4.960439301195037842e+00
4.918043235734330665e+00
5.156872751635091845e+00
5.307985559230473882e+00
5.078006176312555908e+00
5.180783876181521919e+00
5.231426219693275925e+00
5.093571405702277843e+00
5.123273152767978900e+00
5.230242080683638051e+00
5.242245530010222865e+00
5.336088482524246501e+00
5.561188727784610819e+00
5.751359890281491971e+00
5.827163457958704385e+00
5.983870225523787667e+00
6.179107863024910330e+00
6.300196632069855696e+00
6.450868687929869338e+00
6.564483372540053097e+00
6.711995458623277955e+00
6.958636603858394665e+00
6.999299304445230518e+00
7.044500400588731281e+00
7.069409330723829044e+00
7.222713498857046943e+00
7.330969856553565478e+00
7.482876039776783728e+00
7.234617619883465522e+00
7.382877730531617999e+00
7.479931641265466169e+00
7.482305062478189939e+00
7.285133459994540317e+00
7.171357534734852379e+00
7.168565088701143395e+00
7.242662101487439941e+00
7.119140187488483207e+00
7.281938095205987338e+00
7.383238411582169647e+00
7.274546631453631562e+00
6.837758488705730997e+00
6.913488413399136334e+00
6.573553634214476915e+00
6.453879952552597388e+00
6.550798621139620082e+00
6.591002033242148173e+00
6.487113540678365098e+00
6.415126801964106562e+00
6.543470940338920627e+00
6.622283632386825047e+00
6.354707410963783332e+00
6.248097313337893866e+00
6.171613751131189929e+00
5.935145550585730234e+00
6.040411108110674832e+00
6.140204221193926060e+00
6.310164789564623788e+00
6.211096062548676855e+00
6.196005783171131043e+00
6.256582336472092720e+00
6.330963735410477966e+00
6.432854217917338246e+00
6.363754995370072720e+00
6.365872420530649833e+00
6.348913455594811239e+00
6.379291562180696928e+00
6.494656985647452530e+00
6.711272774767166993e+00
6.817815399315804825e+00
6.898177026835583092e+00
7.097767070091322239e+00
6.904718669844442047e+00
7.085608436109396280e+00
7.251845067231442954e+00
7.239959879696471035e+00
6.813159672969050007e+00
6.779199912862168276e+00
6.818691905466948810e+00
6.698553652385271562e+00
6.885274124840179866e+00
7.000659648845612537e+00
6.966267893341864692e+00
7.117288160969110322e+00
7.343795257991587278e+00
7.496879164914389548e+00
7.390407830821459356e+00
7.597510666996640794e+00
7.836791243990774092e+00
7.438441711419727653e+00
7.248067352051293710e+00
7.041080212789893267e+00
7.029992840120939945e+00
6.880738935424233205e+00
6.960673306109129044e+00
6.941525206535516190e+00
6.967806596507216454e+00
6.956970501824798703e+00
6.959302836100505374e+00
6.870470934956756537e+00
6.929032764049225079e+00
6.907388283531872730e+00
7.135835278038939578e+00
7.399409347107393842e+00
7.157667399948877573e+00
7.261443770587902691e+00
7.569796405289707764e+00
7.126124065290241560e+00
7.184286672147209174e+00
7.249846524229724309e+00
7.289844992028520210e+00
7.244077240012302354e+00
7.172268659172914340e+00
7.280969410820034682e+00
7.249261649042637146e+00
7.160962855747129652e+00
7.266346450467608520e+00
7.485046541907649953e+00
7.309313821490832197e+00
7.325354409464125638e+00
7.343604114243134973e+00
7.432723627392078924e+00
7.307816866644316178e+00
7.299706794815392641e+00
7.548938205288322933e+00
7.794411367774955579e+00
7.582687101046758471e+00
7.643812216207152233e+00
7.574503738901512406e+00
7.624676806897696224e+00
7.526299884145373653e+00
7.477891363570961403e+00
7.586631371606017638e+00
7.614891871920008271e+00
7.459740809252252802e+00
7.322721280990663217e+00
7.105123510444173007e+00
7.000337598690748564e+00
7.097417356066216598e+00
6.886535852934684954e+00
7.038852162082548602e+00
7.151165611559008539e+00
6.989659598280923092e+00
7.194086844433513761e+00
7.199572510867255914e+00
7.003371883160070865e+00
7.095690388210641686e+00
7.065477735465719888e+00
7.330317545418438385e+00
7.352112480913092440e+00
7.573383075358833594e+00
7.585830533698754152e+00
7.489328248400852317e+00
7.471200874304486206e+00
7.588562481299959472e+00
7.615275599753658753e+00
7.627394421164353844e+00
7.565763583942498371e+00
7.607699499812952126e+00
7.599568254141559009e+00
7.755304024618453695e+00
7.923322308347451326e+00
8.046573167396672943e+00
8.072559763500976260e+00
8.039923680264109862e+00
8.162083863445332099e+00
7.982121731012739474e+00
7.945781206510218908e+00
7.927768018617825874e+00
8.251490199953877891e+00
8.283985913950346003e+00
8.387801543207388022e+00
8.269258265621829196e+00
8.361745303528550721e+00
8.530326188479193661e+00
8.446415613128010591e+00
8.441511605979030719e+00
8.547909298202284845e+00
8.826754936356337566e+00
8.755733913707445026e+00
8.913140584447319270e+00
8.838338043650765030e+00
8.863245460822327004e+00
8.762708863250736613e+00
8.714387832713327953e+00
8.751298370774748037e+00
8.527478024611809815e+00
8.667426068392160232e+00
8.498074604746761906e+00
8.314028851045804913e+00
8.433916153384416248e+00
8.413217106676711410e+00
8.540184274544117216e+00
8.587436672732110310e+00
8.588802097939151281e+00
8.675619281298168062e+00
8.714914436908657080e+00
8.777429444868175779e+00
8.436133929060815717e+00
8.563064787759685714e+00
8.697894614299002569e+00
8.809338751204450091e+00
9.096874074714833114e+00
9.047689805824120413e+00
9.025818455633270787e+00
9.116834317048414960e+00
9.116283915166604856e+00
9.055046736219992454e+00
9.144169397081896022e+00
9.186948534171278880e+00
9.162240822858620959e+00
9.137006934091914445e+00
8.756513523908324714e+00
8.989922353119254694e+00
9.117141884407828911e+00
9.012701555418971111e+00
8.982620422775653424e+00
9.056867432153012487e+00
8.998716813976898266e+00
9.013306726052178419e+00
9.020155759358203795e+00
9.098829433469290962e+00
9.110154158011027903e+00
9.104074432638299186e+00
9.129955120569320570e+00
9.140753359067275596e+00
9.034417264131661796e+00
9.076971038550254889e+00
9.166212076863303082e+00
9.073767771502389223e+00
9.124557832946265989e+00
9.143147862008845550e+00
8.988451222972798860e+00
9.024640169578560744e+00
9.023275525505596306e+00
8.965336518564981816e+00
8.669599740161174850e+00
8.636485513293337135e+00
8.502036583866356523e+00
8.519909907321562059e+00
8.664709460692392895e+00
8.510521160145799513e+00
8.477132976800930919e+00
8.580984948962395720e+00
8.690590080691436015e+00
8.733868118474674702e+00
8.802780713667743839e+00
8.844073137945997587e+00
8.783037021380550868e+00
8.684196249961132708e+00
8.627767002439213684e+00
8.659045134090774809e+00
8.778308257323260477e+00
8.826237224126089131e+00
8.920042334934805695e+00
9.013936960021965206e+00
9.194524026920589677e+00
8.991912080288784637e+00
9.087288525351141288e+00
8.954762254343222594e+00
8.749912084547759150e+00
8.786097748298743682e+00
8.761310522078019858e+00
8.918518484948435798e+00
8.888821109600030468e+00
9.015549190361525689e+00
9.006159988442959730e+00
8.976297987082034524e+00
8.932333077165822033e+00
8.989188439685676713e+00
8.930494893402283196e+00
8.995543774227371614e+00
9.074165630514471559e+00
9.070304994483194605e+00
9.054934996491283528e+00
9.088380645055622153e+00
9.100946431445663620e+00
9.087970620565101854e+00
9.119909404973441269e+00
9.138532918634155067e+00
8.978833999995913473e+00
8.992056901124669821e+00
9.147173477191245183e+00
9.307646107788059453e+00
9.410740194229219924e+00
9.406465664323150122e+00
9.601686424734907632e+00
9.703866441271202348e+00
9.594761882493003213e+00
9.529189124612457817e+00
9.530648608457340742e+00
9.503866976883728057e+00
9.543207239397816011e+00
9.676995417374200770e+00
9.684480957153937197e+00
9.472296604842085799e+00
9.486248293229436968e+00
9.491817916996296844e+00
9.635730873224019888e+00
9.545177625865107984e+00
9.564336414447097923e+00
9.606566072641726350e+00
9.641186808751626813e+00
9.615421608673386800e+00
9.660001574344278197e+00
9.713333766400864988e+00
9.841965825584338745e+00
9.808544643875393376e+00
9.950008027718467929e+00
1.004007383276257315e+01
1.002803362939084764e+01
1.017538666992368235e+01
1.039160959544187790e+01
1.031779259069298860e+01
1.044332436326567404e+01
1.053459827451933961e+01
1.068317743881561910e+01
1.076501368289791571e+01
1.079542312838566431e+01
1.073734708163374307e+01
1.078431796328186465e+01
1.077830660433846788e+01
1.074599905216473417e+01
1.070019271465480415e+01
1.067047089200514165e+01
1.051378045121418836e+01
1.054902438822591648e+01
1.068241275000582391e+01
1.079755063108677859e+01
1.074025138024626358e+01
1.075106293642056698e+01
1.078615101442846935e+01
1.093709060882520134e+01
1.100849804788231268e+01
1.100201293087957310e+01
1.095393747784055449e+01
1.100374233096590615e+01
1.087928445276975253e+01
1.084219055560151901e+01
1.086774347988739464e+01
1.088455421497928910e+01
1.097758771219832852e+01
1.105010561377093836e+01
1.111872554031651816e+01
1.105729832632277976e+01
1.119124281043150404e+01
1.105548613439441397e+01
1.122708114222768927e+01
1.126864330010448612e+01
1.142459945156315371e+01
1.151403117021254729e+01
1.128802830535551038e+01
1.125458033689301374e+01
1.128471960184742784e+01
1.128081274409214529e+01
1.133083681261268794e+01
1.134920969003269420e+01
1.110117721457208972e+01
1.105260845486554899e+01
1.103533144135690236e+01
1.096707978728591115e+01
1.106979215085084434e+01
1.098399159360815247e+01
1.085089068390061584e+01
1.104550339775050816e+01
1.114477336221898440e+01
1.117115732548154483e+01
1.120322400189161272e+01
1.123870691942738631e+01
1.131559963170911942e+01
1.133008223759770772e+01
1.124279193991151260e+01
1.130959041522601183e+01
1.134690483851409226e+01
1.145075487709709705e+01
1.154906880184535112e+01
1.169148485467485443e+01
1.183898797129313607e+01
1.191827402703620464e+01
1.195181153384601203e+01
1.196185148821405164e+01
1.190437060842941719e+01
1.183804502230486833e+01
1.179637456562977604e+01
1.185648316138122027e+01
1.182524995845778903e+01
1.183813970319806685e+01
1.191877497546101949e+01
1.200041206965215679e+01
1.210058523436964606e+01
1.214435727617637895e+01
1.211609119062813988e+01
1.232713360586603812e+01
1.225217548968521442e+01
1.232106489280704409e+01
1.242544904880014656e+01
1.226777084049535915e+01
1.202835966599468520e+01
1.205817088018920913e+01
1.222365740653276589e+01
1.203784017879752355e+01
1.213205257708978024e+01
1.220651371128133178e+01
1.205608251882131299e+01
1.207438431052014494e+01
1.206328017518171691e+01
1.209805038145259459e+01
1.209324923610802216e+01
1.191095114909512631e+01
1.182312461183119012e+01
1.179689010991023679e+01
1.193068223044883780e+01
1.184545523391716415e+01
1.197790537284072343e+01
1.192018862405438995e+01
1.189498171970717522e+01
1.187146830182246049e+01
1.179185701038022671e+01
1.180268093495033099e+01
1.193162326636593207e+01
1.185265606406755978e+01
1.188834662196131831e+01
1.198944479290275922e+01
1.189344670505670365e+01
1.202861538663910324e+01
1.214147717495507095e+01
1.209998353146602312e+01
1.217162643925530574e+01
1.229382734294631518e+01
1.239693157693636749e+01
1.252048439140435221e+01
1.247042901661825454e+01
1.232402377166727092e+01
1.230106156730016664e+01
1.232529354988764680e+01
1.220989197582184715e+01
1.231899160015291272e+01
1.227877702065052290e+01
1.208919782995235437e+01
1.217851276575220254e+01
1.220353082168367109e+01
1.215376605120673048e+01
1.210897784250664699e+01
1.215406298661855544e+01
1.223850773118647339e+01
1.233660852385764883e+01
1.240907187008087931e+01
1.236760851161398023e+01
1.228221974129883165e+01
1.225384609228785848e+01
1.230608980293618515e+01
1.238363854032741074e+01
1.240925217022049765e+01
1.243400268374898587e+01
1.242862576061543223e+01
1.244460231580796972e+01
1.236684570284069196e+01
1.239258692667135620e+01
1.223468633849552134e+01
1.218668546298249566e+01
1.234064222220877127e+01
1.234538179283754289e+01
1.244051220943310909e+01
1.241099121684601414e+01
1.235775557355464116e+01
1.221466128996144107e+01
1.204799650338736683e+01
1.195380761059186625e+01
1.182371567649624922e+01
1.178123433094242500e+01
1.179200300366755982e+01
1.169573145932463376e+01
1.154260978181264363e+01
1.158522744343918021e+01
1.159352111372299987e+01
1.153438962114159949e+01
1.149741418309531582e+01
1.149976050736950128e+01
1.140391034497406508e+01
1.134657003453776269e+01
1.146460776043113583e+01
1.138908844044908619e+01
1.152621485385316191e+01
1.161121797273335687e+01
1.169106657075099065e+01
1.166477940386357659e+01
1.179625298448536341e+01
1.177921078048530035e+01
1.178979537950090162e+01
1.171069780659945536e+01
1.174405132934407447e+01
1.176791406359097891e+01
1.178539477897538745e+01
1.190227411658997880e+01
1.186952982321599848e+01
1.180121430180133757e+01
1.179048383784083853e+01
1.176958505223046814e+01
1.186975796154456475e+01
1.190243433843988896e+01
1.188123017887483002e+01
1.188857667905176640e+01
1.195582658853072644e+01
1.198944012344145449e+01
1.211111776728830591e+01
1.217629997860512958e+01
1.212273576213010529e+01
1.223982005378456961e+01
1.229375466568490083e+01
1.225087001216525096e+01
1.229181196709578217e+01
1.235654662488286704e+01
1.216484474283697637e+01
1.207718528022269311e+01
1.205915009296859353e+01
1.207498025726908963e+01
1.215078296110732481e+01
1.218181999207627086e+01
1.216875797161446826e+01
1.213880488360609888e+01
1.216288702452584403e+01
1.217013591969134723e+01
1.227652987177953037e+01
1.225956314198720065e+01
1.233598619382883044e+01
1.230295101492720278e+01
1.244241001983118622e+01
1.245305874583846162e+01
1.220944659659926401e+01
1.210531648980031605e+01
1.215451321172986354e+01
1.211590476913170278e+01
1.194432489577775414e+01
1.209640006760764663e+01
1.200168692772513168e+01
1.201432556543113606e+01
1.205390056183114211e+01
1.219225116740381054e+01
1.220732271503584343e+01
1.223679153180364665e+01
1.226641966566785413e+01
1.236108822929509188e+01
1.235405835140500130e+01
1.246318024307220185e+01
1.261190988188536721e+01
1.266852602052586008e+01
1.271879667124630942e+01
1.270580941905154759e+01
1.273049323919804010e+01
1.267711952597710479e+01
1.271776659179249691e+01
1.266491487637995306e+01
1.280944912634822686e+01
1.271058617133257940e+01
1.263335789173470403e+01
1.271901836499273486e+01
1.280785253653994005e+01
1.279524789560764475e+01
1.272960320713991678e+01
1.274155953945046349e+01
1.279675560233499709e+01
1.282461741663337307e+01
1.282609548200252902e+01
1.294127771949661110e+01
1.295706015421546908e+01
1.289262792068984709e+01
1.289402196053288208e+01
1.285322888639711891e+01
1.291978151177318068e+01
1.279765581957781251e+01
1.277027720065416361e+01
1.268572898315323982e+01
1.246383007507211005e+01
1.251190787512769020e+01
