0.000000000000000000e+00
9.708973038868862204e-07
8.289061952382326126e-07
2.831958454407867976e-07
1.575635906192474067e-07
1.511563709755137097e-06
2.693783471841015853e-07
4.705476612798520364e-07
2.078025318041909486e-06
6.134349177955300547e-06
6.989045800764870364e-06
6.663720000688044820e-06
4.291865707273245789e-07
3.486357854853849858e-06
7.735221743132569827e-07
2.918396148743340746e-06
9.181253972201375291e-06
1.285769428704952588e-05
2.044971961367991753e-05
2.736372834988287650e-05
2.280115847952401964e-05
2.627297453727805987e-05
4.459154263258824358e-05
5.300913653627503663e-05
2.179285127112962073e-05
1.053518769822403556e-05
2.616302060687303310e-05
2.300140681654738728e-05
4.683231566104950616e-05
3.191919495293404907e-05
4.660503645936842076e-05
4.486498824007867370e-05
7.523824638155929279e-05
9.060750346634449670e-05
1.320638874631185899e-04
1.585714929888126790e-04
2.117311158826851170e-04
1.616829841850631055e-04
1.834082518143986817e-04
1.910212039319958421e-04
1.973911228105862392e-04
2.092073503945357515e-04
2.656880263884886517e-04
2.979027816536472528e-04
3.040875620854421868e-04
3.095632979466245160e-04
2.640843335939280223e-04
2.175477695800509537e-04
2.923496679159143241e-04
3.124354836927523138e-04
3.316344354971079156e-04
4.212550086322153220e-04
4.119341630257622455e-04
3.176421278112684377e-04
2.354605048822122626e-04
2.245497997819256852e-04
1.575336317500841687e-04
2.251863838864665013e-04
1.881785501609556377e-04
1.531527743736660341e-04
2.376470190483814804e-04
1.273870536806498421e-04
8.968824317889811937e-05
2.156918367290927563e-05
4.214202408547862433e-05
1.438397409856406739e-04
2.524805577195365913e-04
3.048180208224948728e-04
4.539002445653750328e-04
4.223008972985553555e-04
3.830369901152153034e-04
3.654503839243261609e-04
1.926983272824145388e-04
1.441920271645358298e-04
1.842091483013064135e-04
3.473752253739803564e-04
3.042695034309872426e-04
4.200529815534537192e-04
4.184632475698890630e-04
5.342711867797333980e-04
8.688530679137329571e-04
1.035333855043063522e-03
9.466294523008400574e-04
7.841756178095238283e-04
6.609763629512599437e-04
1.006883844638650771e-03
1.132510046318202512e-03
1.317438807973303483e-03
1.517554193924297579e-03
1.153259951252039173e-03
1.401796441314218100e-03
1.490718518198264064e-03
1.383647977036162047e-03
1.841658520561395562e-03
1.828829694204614498e-03
1.798642479116097093e-03
1.876085538242477924e-03
1.713945228630109341e-03
1.534562439246656140e-03
1.587881180967087857e-03
1.700913722061159206e-03
1.862150885699520586e-03
1.450623038635967532e-03
1.356218232331229956e-03
1.271004724685553811e-03
1.494477707637997810e-03
1.661313103795691859e-03
2.099182667279819725e-03
1.944881900271866471e-03
1.849008261388007668e-03
1.818927868271202897e-03
1.662728557676018681e-03
1.503606551523262169e-03
1.808737816645589191e-03
2.325319280544135836e-03
2.495227290182810975e-03
1.976863105028314749e-03
2.202398637109581614e-03
2.401022155936516356e-03
2.363340601732488722e-03
3.100138027548382524e-03
3.754750140842588735e-03
4.183635585377487587e-03
4.461768043711344944e-03
4.232544906017210451e-03
4.282714774717533146e-03
3.835293128986450029e-03
4.281971170030374196e-03
4.178261002380168065e-03
4.617167452806825167e-03
4.275077686543227173e-03
3.873789760518775438e-03
3.638372439581871731e-03
3.422432957677301602e-03
3.610574273807287682e-03
3.056381716078249156e-03
3.704555722606528434e-03
4.382323256777453935e-03
4.293861169117008103e-03
4.182062225936533650e-03
4.485586164719279623e-03
4.144696096545885666e-03
4.340706907214553212e-03
4.497359282822799287e-03
4.496490892734072986e-03
4.651912037388683530e-03
4.404369335588853573e-03
4.794838693896963377e-03
4.667598145488227601e-03
4.876387534750392660e-03
4.453933542436061543e-03
4.637721051722110133e-03
4.203147843327315059e-03
3.797181833306240151e-03
4.348163912936797715e-03
4.861013301024286193e-03
4.422393509685207391e-03
4.501361234588330262e-03
4.691680773021289497e-03
5.063343013034682372e-03
4.443539429075826774e-03
3.679958087559498381e-03
4.128272147454481455e-03
4.823777902856818400e-03
4.201250989353866316e-03
5.822448833896487486e-03
6.790253295093862107e-03
6.279602404447359731e-03
7.420859834837756352e-03
6.914956183663889533e-03
6.784047612882204703e-03
6.323002043473024969e-03
5.492759713888517581e-03
5.347567777562289848e-03
6.185227336573007051e-03
6.602886997598034213e-03
6.775344628749735421e-03
8.086217572781606577e-03
7.841690205850682105e-03
7.914379355725031928e-03
8.673731839735410176e-03
7.962109969867015025e-03
8.903061707314918749e-03
8.277554393316677306e-03
8.126603677510502166e-03
8.081439112174848560e-03
7.600527176236937521e-03
6.556358771376835648e-03
9.093388224073351012e-03
1.047325881654614932e-02
1.118175804617749236e-02
1.019522102365044702e-02
9.078933697082902654e-03
9.185502039144921582e-03
8.799015465228876565e-03
8.307316415312016034e-03
9.450133949712835602e-03
8.693377205872820923e-03
8.946066485577830463e-03
7.661289576162744197e-03
7.496971187265444314e-03
6.373029205178681877e-03
7.911484142596236779e-03
8.710647751968281227e-03
8.639571468393114628e-03
8.234485924049295136e-03
7.899220391891503823e-03
8.073749105506067281e-03
6.975870820724594523e-03
6.320646451285938383e-03
6.930383830649589072e-03
6.420168330578235327e-03
6.903429828298612847e-03
7.011042995600291761e-03
7.421592415539635113e-03
7.266765131817010115e-03
8.411727841576066567e-03
9.031619852066796739e-03
1.080383494900161168e-02
1.094084687679242052e-02
9.868988213156626443e-03
9.857070078851393191e-03
1.046841041238621983e-02
1.308507344469944655e-02
1.173162062718802190e-02
1.125432216144872655e-02
9.186436451727786334e-03
9.722848063802302931e-03
1.121546513195426087e-02
1.094663668163775583e-02
1.114592577414441621e-02
1.404790295237035025e-02
1.590418402975046774e-02
1.565711865760022192e-02
1.532736411400037468e-02
1.652823822564641887e-02
1.566979730841921992e-02
1.524657064487655589e-02
1.396419184493424837e-02
1.397429909729908104e-02
1.569462012275835150e-02
1.560344200174768048e-02
1.493014368429612659e-02
1.469818708619641257e-02
1.584369284523745591e-02
1.624299205946044822e-02
1.428925204891129397e-02
1.602371145963843446e-02
1.696872213256028772e-02
1.674010438682671520e-02
1.563334902857604902e-02
1.637398808406942408e-02
1.678509522798776743e-02
1.524822070200571034e-02
1.666394905100787582e-02
1.724718730019958457e-02
1.510591695887342212e-02
1.618696089076365752e-02
1.229883331575365446e-02
1.331272780271319789e-02
1.211701352553973265e-02
1.391413886426562385e-02
1.467206734287174186e-02
1.684224441351034329e-02
1.648974896534127765e-02
1.579158076015119150e-02
1.658694680236294516e-02
2.047119267876951199e-02
1.903967929797545366e-02
2.106364528117410373e-02
2.284949292106830399e-02
2.357583289017384232e-02
2.572319606429118721e-02
2.722955404033200466e-02
2.708551464024822053e-02
2.491507990498575964e-02
2.513917204350946122e-02
2.331041861020821671e-02
2.751131725631239533e-02
2.753193623334482254e-02
3.185000749135724618e-02
3.210053505858923018e-02
3.457705485061524087e-02
3.086041706546893693e-02
3.014361425289280305e-02
3.226173671987453417e-02
2.851737343166860228e-02
3.210349488608699176e-02
3.384804868824176083e-02
3.261809115429059602e-02
3.441375221700582188e-02
3.338758232189320552e-02
3.297501604788521945e-02
3.633295607323816512e-02
3.635723313027483528e-02
3.503315062107503763e-02
3.920722469888460182e-02
4.170815019961082726e-02
3.952556749686664261e-02
4.159948790311318589e-02
4.031425119796949730e-02
4.136817900325695518e-02
4.244517681036086287e-02
4.292558898509923893e-02
4.300347919320302026e-02
4.390475066202270682e-02
4.289464400517317699e-02
4.289092560952667554e-02
4.122934452652771142e-02
4.537457458422977652e-02
4.533512314424115175e-02
4.334731469862163067e-02
3.836948399566608714e-02
4.109780317230615765e-02
4.192199061230894586e-02
3.837075669798650779e-02
3.668329269657988334e-02
3.735756096580189478e-02
3.577108050239985459e-02
4.086750113424386655e-02
4.351184646725414495e-02
4.293512580852620886e-02
4.532445248560179607e-02
4.823129150099703111e-02
5.011856644227918878e-02
4.984182084763233433e-02
4.829700768368638819e-02
5.110106045117390750e-02
4.872154310737641936e-02
5.391398071151343174e-02
5.517305275952821830e-02
5.331298556120600551e-02
5.654975664742778463e-02
5.322791747403243789e-02
5.067327351230233035e-02
4.888071419622974645e-02
5.092050334701525571e-02
4.913682602909830166e-02
4.826288419417323894e-02
4.934375087123044068e-02
4.573680468342899985e-02
4.755015194496081676e-02
4.861187794676880003e-02
4.999416388523059140e-02
5.028634837935896940e-02
5.326998190821541357e-02
5.188112921678111888e-02
5.166086564145189186e-02
5.188448110379795253e-02
5.203198867252467608e-02
5.518775604446091165e-02
6.009525187005237967e-02
6.048846300313925894e-02
5.970686729006047244e-02
6.065469373947962595e-02
6.364328619201842230e-02
6.512085456552085816e-02
6.404833118153874238e-02
6.671626650654616242e-02
7.498918855571901076e-02
7.410297380988595251e-02
7.606555783968360629e-02
7.988280161134753143e-02
8.291436035278820782e-02
8.798821990149008343e-02
9.036615977902329178e-02
9.221252359998288739e-02
9.341917630922580429e-02
9.184303781921698828e-02
8.986378201393563359e-02
8.803145296542425058e-02
9.006342812858747493e-02
9.190261154640211316e-02
8.924503805701533565e-02
9.622267605141132663e-02
9.724945123753059306e-02
9.076302855396534142e-02
8.524911124777645455e-02
8.722644853855854308e-02
8.793192842404096154e-02
8.871405180479996488e-02
9.158812805594607198e-02
8.782954607181636675e-02
9.323265732427898911e-02
9.465991860633948818e-02
9.282944833671535889e-02
9.518228688648378011e-02
9.179124285969919583e-02
8.849219717490086623e-02
9.433416057504473429e-02
9.841289338692149613e-02
9.891891275810849038e-02
1.002025996283464337e-01
9.413409701051023148e-02
9.717516313548912876e-02
9.522842860792479769e-02
9.902877778085894533e-02
1.038908467489818577e-01
1.131990354033405310e-01
1.129963279304320167e-01
1.123012221723911352e-01
1.148303139286781516e-01
1.123394273897702078e-01
1.152761455102790933e-01
1.103241874006926082e-01
1.101072468807160476e-01
1.070326976357591775e-01
1.123700667915272788e-01
1.135305519567282317e-01
1.164407021603892645e-01
1.109708560554736323e-01
1.078089330419516045e-01
1.038960359030625114e-01
1.054079333712252264e-01
1.050661805936670135e-01
1.013465281687331299e-01
9.990377474332490237e-02
9.994085699258903333e-02
9.839362504499149509e-02
9.508836810186949151e-02
9.473983019779552706e-02
9.546755599171774520e-02
1.010318461910628685e-01
1.017092229494664934e-01
1.028212015323788364e-01
9.905248154018408968e-02
9.816936373613316391e-02
1.031841564756632579e-01
1.032035510429523129e-01
1.012934611860600853e-01
1.113639662405603303e-01
1.127892005486046401e-01
1.115617967263915489e-01
1.204118799639672943e-01
1.217639857291032968e-01
1.264520753647957463e-01
1.233878362243103766e-01
1.228942228585765406e-01
1.186260583911007416e-01
1.204286346635399241e-01
1.260351175405958202e-01
1.358051822942343279e-01
1.383852733515595901e-01
1.368334021481132368e-01
1.362408278582734056e-01
1.346268531015084591e-01
1.454106219478035200e-01
1.490748505996180029e-01
1.439160298070873978e-01
1.396552348899149365e-01
1.453987919767314452e-01
1.438091662821534555e-01
1.510297953318513464e-01
1.490135477106377948e-01
1.538572733206819976e-01
1.579926245765364001e-01
1.565505974649568088e-01
1.533247259949348518e-01
1.546785354937583179e-01
1.551864584967006522e-01
1.555871120215215342e-01
1.679932985784944321e-01
1.629917977854802302e-01
1.621992059326657909e-01
1.605641247294897767e-01
1.655531726817116578e-01
1.722257307533254789e-01
1.702176911821879912e-01
1.843155834906156088e-01
1.823978806135073683e-01
1.870745535052265041e-01
1.884194049025609274e-01
1.944132545738739282e-01
1.933445256461254758e-01
1.969064876677748543e-01
1.979252264779916004e-01
1.943272035027803213e-01
1.911438897118387104e-01
1.853645795281408937e-01
1.805216144657606492e-01
1.781696470320639492e-01
1.765753914119159163e-01
1.716801259522071632e-01
1.769870944074227737e-01
1.794910894925578759e-01
1.803178022432803118e-01
1.792337308081641822e-01
1.752607515052204690e-01
1.795363112632912816e-01
1.774966564983060380e-01
1.830117314430026454e-01
1.865542975472180842e-01
1.901549491394689539e-01
1.931127010570889979e-01
1.986823203542371630e-01
2.006880191579512029e-01
2.010651242928815918e-01
2.002475022975431784e-01
1.992716495692548051e-01
2.003293015970939450e-01
1.991804596077599854e-01
1.979170176200568676e-01
2.007722370219653385e-01
2.072905390557480132e-01
2.044516880559967831e-01
2.030140803703943675e-01
1.984089593026965304e-01
2.034667887317027635e-01
2.003856006247133337e-01
2.120289550337020046e-01
2.101536343543557450e-01
2.091539047162314091e-01
2.109434712726852013e-01
2.130439928805571981e-01
2.115500747859186959e-01
2.098210884785203234e-01
2.093630891235989111e-01
2.068978306549524859e-01
2.088073216491466155e-01
2.110146757534039352e-01
2.150661937319000572e-01
2.119665018251453148e-01
2.104761474117822218e-01
2.114046662486543937e-01
2.090944027199839184e-01
2.130540395291973255e-01
2.131592261539481115e-01
2.147763415216559224e-01
2.140685453819060058e-01
2.135165017675717536e-01
2.191421512357010215e-01
2.192682585971397202e-01
2.193416457655530394e-01
2.153177009859064128e-01
2.140180929106918484e-01
2.128912833065896848e-01
2.128853334663745045e-01
2.067197951448633830e-01
2.121640174764252151e-01
2.117684733359510574e-01
2.176067622219761688e-01
2.129478623905924906e-01
2.119948417378054728e-01
2.143952717276533804e-01
2.160915115848638379e-01
2.179245833281129308e-01
2.220190927980638662e-01
2.263248161195861030e-01
2.234997933273916715e-01
2.289449703457648866e-01
2.324531884244152025e-01
2.333036389911740116e-01
2.320461285542023688e-01
2.318434950680057227e-01
2.248231366477284610e-01
2.257906965380698239e-01
2.275699745198380697e-01
2.218166312329685752e-01
2.250067898864926974e-01
2.297994215141443419e-01
2.322014926762676623e-01
2.348289883241250209e-01
2.394429748846960138e-01
2.467630697401546058e-01
2.430746898239704024e-01
2.382611141283632605e-01
2.392647293017944321e-01
2.447906716192846943e-01
2.377325266543266480e-01
2.379045098716687789e-01
2.359924672314264171e-01
2.394657293039017532e-01
2.339824678490458609e-01
2.350434883085199544e-01
2.349588313159074460e-01
2.375500643511259113e-01
2.405625538071944902e-01
2.398923244093111862e-01
2.477981152317170199e-01
2.462042309525713790e-01
2.450355008800215728e-01
2.504326488949573104e-01
2.563158805705825216e-01
2.592177758476736926e-01
2.648710423134161829e-01
2.629941206794228492e-01
2.627945679109870980e-01
2.670252382349644904e-01
2.722670088878658134e-01
2.745720912121214496e-01
2.750911979303509725e-01
2.710948904091310396e-01
2.732282059196222690e-01
2.752924934104612475e-01
2.696474556250905152e-01
2.641472836103275768e-01
2.623051844138899469e-01
2.667900121916773060e-01
2.668009538781461742e-01
2.658129265250863682e-01
2.696182056802172156e-01
2.694284221270208945e-01
2.687996372515044641e-01
2.716776721056248789e-01
2.713655108891543932e-01
2.776105800783170707e-01
2.769400366885292897e-01
2.751126764994751284e-01
2.759017023929573043e-01
2.666104291988631303e-01
2.679748204325278493e-01
2.706479654309532634e-01
2.666400552195682394e-01
2.595230330905451410e-01
2.697511740111622203e-01
2.687695896245259064e-01
2.654421673998967890e-01
2.645616279824025696e-01
2.616770538259061141e-01
2.636359739312865713e-01
2.607527616512470559e-01
2.635521715419599786e-01
2.677670578937068058e-01
2.717471874861985270e-01
2.781399474126828864e-01
2.796677448079663009e-01
2.804699005848760862e-01
2.792102576770503219e-01
2.824349393522425089e-01
2.829669663906315691e-01
2.862737270886555052e-01
2.837898347422651568e-01
2.811667915932503092e-01
2.837116967721158289e-01
2.856731286183276097e-01
2.888036501360602415e-01
2.818958972809468833e-01
2.769800335158834059e-01
2.837032608620120300e-01
2.767484997009432846e-01
2.754712137057140353e-01
2.735455776685284945e-01
2.801942630892426678e-01
2.777207637273022556e-01
2.772894599092978751e-01
2.782393466584380803e-01
2.833663517978948221e-01
2.849341557150637527e-01
2.763609094981802627e-01
2.727921227292426920e-01
2.747245223536083358e-01
2.780466302156128222e-01
2.751123171778999676e-01
2.783560947236765060e-01
2.817834633290203783e-01
2.806130707863303542e-01
2.791889739603448106e-01
2.872727552626201941e-01
2.987752039564384177e-01
3.020673286966939486e-01
3.096425625153642613e-01
3.033672939725420292e-01
3.030974473294918425e-01
3.029742554833774193e-01
2.975281192918828310e-01
3.040694388471365528e-01
3.025578361591669818e-01
3.008203202934964793e-01
2.925152190191511181e-01
2.868129966814194631e-01
2.919763696604604775e-01
2.886006753838046279e-01
2.846292541864841041e-01
2.969557972096481535e-01
2.884655513876168698e-01
2.825482479256606894e-01
2.846703162781523133e-01
2.768337828726998850e-01
2.777779663258570508e-01
2.728687078777056740e-01
2.713394194199736376e-01
2.732335608134235372e-01
2.730196998434166744e-01
2.867677568995077309e-01
2.822667797693156899e-01
2.827795188952677563e-01
2.909179571149707044e-01
2.959793299307875714e-01
3.043363558197142993e-01
3.016440097449049063e-01
3.007598322030844429e-01
2.986522349954157107e-01
2.874338453482323530e-01
2.914803445935376658e-01
2.909794986896940827e-01
2.858226167879820423e-01
2.894177521561687172e-01
2.931071929433528567e-01
2.962258421932801866e-01
3.019078732497746387e-01
3.006287334992521210e-01
3.053852613870731147e-01
3.186728485320600157e-01
3.088175067182419298e-01
3.050107023086638947e-01
2.998180393130951416e-01
3.007768974794089445e-01
2.996761804886318714e-01
3.011031716396246338e-01
3.020444545657028357e-01
2.987309912750788499e-01
3.034024261023660074e-01
3.072685434738104959e-01
3.111765657938576624e-01
3.176855986623650097e-01
3.165891423345783551e-01
3.108382089021688444e-01
3.154069350309782749e-01
3.104833000870712567e-01
3.177716230909481965e-01
3.308444248693831469e-01
3.337875758375048463e-01
3.303798262327291013e-01
3.325418668805468769e-01
3.402330075559802935e-01
3.244456093520966533e-01
3.207064002124297986e-01
3.194303685863815190e-01
3.153362979212488426e-01
3.158603111012325826e-01
3.130525088990907534e-01
3.132603521921737411e-01
3.132645011546628666e-01
3.238233257748106553e-01
3.189288015660167730e-01
3.141594385365351627e-01
3.083326937146466662e-01
3.032350769533422863e-01
3.062850037165389949e-01
3.057990272438928514e-01
3.041701091083268693e-01
3.070034121460594179e-01
3.115069952661997377e-01
3.174385612469450280e-01
3.188631046298269212e-01
3.271428818852655240e-01
3.295045097324873495e-01
3.391986257554435724e-01
3.411920617959367519e-01
3.460810100523303845e-01
3.459673935781211185e-01
3.468403860192665888e-01
3.533440895482726773e-01
3.524484660592861474e-01
3.604078842672606697e-01
3.592527892224097741e-01
3.629202578292733961e-01
3.576428525232131506e-01
3.597709185667099518e-01
3.557067964468387800e-01
3.565582724381783919e-01
3.588812023813261476e-01
3.524495251401731366e-01
3.564201606375263509e-01
3.624941299885904300e-01
3.558933990325385821e-01
3.474718404493160051e-01
3.464704329526284710e-01
3.485842864429287147e-01
3.524213259461248526e-01
3.545922665905436588e-01
3.660059881144661631e-01
3.680849153247436334e-01
3.656526143531664275e-01
3.641726048565487872e-01
3.662042720345652924e-01
3.616761522337128554e-01
3.556881175491071190e-01
3.464253701472443936e-01
3.457145474294520682e-01
3.471077925487406901e-01
3.322889281482730439e-01
3.366656860512193816e-01
3.259645214759530063e-01
3.260585551620351907e-01
3.355254263622100552e-01
3.377901284316067176e-01
3.470944165096625511e-01
3.551780387367671210e-01
3.475215608075359341e-01
3.459325623528002325e-01
3.552841287512364943e-01
3.520710026673441462e-01
3.469655195253835700e-01
3.550118722748720756e-01
3.560403447586395487e-01
3.512714375237919739e-01
3.431813204515492544e-01
3.335994572510116996e-01
3.253519495783621096e-01
3.205359181881703989e-01
3.160061600415247085e-01
3.057502597046095616e-01
3.013029307919623534e-01
2.944548626689993398e-01
2.894405126432957331e-01
3.003878043843997148e-01
3.053083227321167215e-01
2.933547822242417169e-01
2.814113864408227528e-01
2.780310007262869476e-01
2.790877719633044762e-01
2.849278380838313751e-01
2.888259931542052072e-01
2.989070738640293712e-01
2.913415131490637577e-01
2.838401594265178574e-01
2.863157635135848977e-01
2.840707080179072364e-01
2.854170235289075208e-01
2.853370198852189787e-01
2.909834804149795673e-01
2.812905176883759850e-01
2.785821140812458907e-01
2.728748851479849691e-01
2.682986887114111596e-01
2.738876684179558652e-01
2.810482265583686967e-01
2.917925759256831952e-01
2.889672872045139229e-01
2.919035496579454048e-01
2.831574504043601337e-01
2.984587896346511116e-01
3.060797341322540888e-01
3.137599897747804789e-01
3.159950996930547262e-01
3.245366045839546132e-01
3.213517122146640759e-01
3.249134724592295242e-01
3.261610057309098920e-01
3.410635104607990797e-01
3.491383790321833658e-01
3.317580822686068132e-01
3.308523390694517730e-01
3.258264160215276206e-01
3.289049650973083772e-01
3.428755790478135168e-01
3.290238720687739260e-01
3.316140549984538666e-01
3.191363367577650934e-01
3.144234272085668636e-01
3.241580314852399169e-01
3.237116488646734069e-01
3.325206557483397773e-01
3.199446543337671756e-01
3.206169500931537186e-01
3.131664996710696869e-01
3.130933107297551032e-01
3.154081725572268624e-01
3.086846027927094838e-01
3.177295089926701621e-01
3.236467233000439592e-01
3.094175222299782035e-01
2.975068681553239003e-01
2.930389740008649824e-01
2.849213171989504190e-01
2.853098408438654587e-01
2.855856273656627309e-01
3.019103840983916598e-01
2.947814576120890706e-01
2.914560470808282844e-01
2.786762145208285801e-01
2.769100044642982539e-01
2.732151902139321464e-01
2.715867759723096242e-01
2.607888678421659279e-01
2.482931103411374352e-01
2.543295209388816147e-01
2.580130605556405499e-01
2.705766322721956385e-01
2.716731257644369180e-01
2.658102146090186579e-01
2.620014147105393931e-01
2.640992841729712381e-01
2.746958884620198660e-01
2.781982139686078881e-01
2.815523560288966110e-01
2.941448942415263446e-01
3.087977337206666562e-01
3.114375950572139118e-01
3.167335355483373860e-01
3.162393306804460735e-01
3.166472863899798540e-01
3.136281673437224526e-01
3.182047485468046943e-01
3.174182510797436407e-01
3.124962911410875677e-01
3.163808597944353096e-01
3.090213223310911417e-01
3.162267494344632723e-01
3.144029249847335450e-01
2.963278211911983817e-01
3.000000180013557838e-01
3.186913762040148868e-01
3.095330578155426338e-01
2.964188630965054472e-01
3.036666207649432181e-01
2.965302182626601279e-01
3.008376617215162696e-01
2.909844440259803378e-01
3.043167850712507061e-01
3.093016582122345426e-01
3.193301086942028633e-01
3.171150942880558432e-01
3.172970772150165431e-01
3.161015173920986854e-01
3.187670999254805793e-01
3.104105218569657154e-01
3.025218636848876486e-01
2.968263995010147482e-01
2.979695565622932918e-01
2.940104783715469239e-01
2.773025922792839992e-01
2.752939988465641363e-01
2.736490805423272832e-01
2.818794870936471852e-01
2.842950858780568524e-01
2.892534300572151551e-01
2.967102841969335714e-01
2.986889082931156736e-01
3.114839287202357809e-01
3.183173103548142535e-01
3.224511402545431338e-01
3.233614209948427742e-01
3.300206328262902389e-01
3.305256819730857387e-01
3.103015473336654395e-01
3.034436794691828254e-01
2.943839886693240260e-01
2.780667583106151142e-01
2.794007325703660172e-01
2.826831907048017456e-01
2.641502206258792285e-01
2.669792854896968493e-01
2.615896660799990059e-01
2.620530013464303920e-01
2.562216130609158427e-01
2.567941484603579738e-01
2.713676922837748862e-01
2.720461600467842800e-01
2.661297930233104125e-01
2.796550969710551726e-01
2.677241444609990140e-01
2.586658678553703794e-01
2.538374602438580041e-01
2.506410451526335237e-01
2.480810303684393148e-01
2.263645259183704184e-01
2.282002215526972577e-01
2.250491993615924002e-01
2.232577656443481828e-01
2.183297321266763902e-01
2.092395444003614102e-01
2.166525403110881598e-01
2.100173490264296561e-01
2.184108728454248194e-01
2.269619854621396371e-01
2.287903693661519355e-01
2.302022676169599436e-01
2.372461713741813583e-01
2.288315824887376948e-01
2.310623467142249865e-01
2.397792810672854102e-01
2.490183865472772595e-01
2.471198449245548545e-01
2.427629789572165464e-01
2.127780949642783526e-01
2.122370071967907279e-01
2.173319514470222202e-01
2.242563584788968001e-01
1.986606932230188249e-01
2.040852310201444197e-01
2.220034470039990993e-01
2.319148109493198717e-01
2.321946794247651269e-01
2.213786151526164758e-01
2.166049515865324793e-01
2.298233311178137228e-01
2.268161137849347142e-01
2.196062991129110742e-01
2.071263649852426170e-01
2.059382737927535345e-01
1.867446212374943570e-01
1.837272029067662515e-01
1.633690746866705013e-01
1.581984048998492653e-01
1.688879163284582319e-01
1.634061167330855824e-01
1.873839703293924686e-01
1.725705667740839999e-01
1.853120516075250634e-01
1.927667524546450295e-01
1.934030002780673385e-01
2.017347016278563387e-01
1.997803056665361510e-01
2.003788774088661739e-01
2.085195086622206873e-01
2.222482595404926542e-01
2.147214908775367803e-01
2.212217502778912603e-01
2.097172724597839988e-01
2.121504300123433495e-01
2.004240895346356410e-01
1.889115022711393976e-01
1.864169715784100845e-01
1.690927832753459370e-01
1.609388611022950499e-01
1.624461032886301837e-01
1.466034465945540433e-01
1.776099806450019969e-01
1.827460368053834827e-01
1.860624593819011352e-01
1.846019110678298603e-01
1.815301392698529526e-01
1.917488724300255853e-01
1.754406700647450634e-01
1.978288597779283009e-01
2.016764574732405890e-01
2.149562621557379316e-01
2.332227928552583762e-01
2.223296070280866843e-01
2.101117023610186152e-01
2.112416975564883614e-01
2.278951150753982802e-01
2.501806379334539088e-01
2.256822957940585184e-01
2.299050569081373396e-01
2.224759908069700032e-01
2.314994164105428354e-01
2.397992674941633595e-01
2.280286064105894184e-01
2.607629552658181638e-01
2.379044669737595541e-01
2.283224318348402448e-01
2.402001708819625492e-01
2.538887942819201271e-01
2.443348292140399280e-01
2.479720841115522489e-01
2.599038513467348821e-01
2.687140051289134135e-01
2.552777431674257969e-01
2.557388553796045016e-01
2.526806857345036406e-01
2.585240811172297981e-01
2.420892456589172070e-01
2.531440237808055826e-01
2.589888609577428724e-01
2.341969055298704916e-01
2.319153465678027715e-01
2.472477570599949104e-01
2.669075836895444809e-01
2.547118473369209823e-01
2.654457753733368008e-01
2.740126771041104803e-01
2.700872498346598150e-01
2.824891953334827122e-01
2.539396801346356369e-01
2.375069423749209818e-01
2.329790968615270685e-01
2.266209119957238727e-01
2.274381600548167626e-01
2.164180245367788302e-01
2.154433652660827647e-01
2.180999384777351224e-01
2.287130164804693777e-01
2.163962576491940126e-01
2.190911013233289850e-01
2.107716253271973983e-01
2.311236535356329114e-01
2.229776683445834351e-01
2.318309386680539319e-01
2.260455772268414876e-01
2.155442487432992493e-01
2.224877088676748826e-01
2.239372732713036385e-01
2.428400380927087099e-01
2.366039556732175697e-01
2.457931345009001234e-01
2.599367929046820791e-01
2.757056559023567388e-01
2.902838585971494467e-01
2.870683475971418375e-01
3.057447662265531108e-01
3.021684606635517412e-01
3.054395152194047114e-01
3.093696023647680704e-01
3.240828986256474309e-01
3.257098405529177398e-01
3.460660606224337243e-01
3.267479540193107823e-01
3.348875989663611108e-01
3.126023128290853492e-01
3.061715443834600592e-01
2.842759051141001692e-01
3.110840396948333364e-01
3.165498435130302823e-01
3.468685316001938190e-01
3.810573977953026770e-01
3.812978740352264140e-01
3.583285308025097038e-01
3.532527305542316753e-01
3.629403962763717573e-01
3.677989207744758460e-01
3.600691331939742668e-01
3.587312006027332245e-01
3.602498006937366881e-01
3.655353350472978491e-01
3.758587615811848082e-01
3.654813364657911734e-01
3.713835055361869308e-01
3.886993496230388700e-01
4.029235080138278136e-01
4.113379078460184246e-01
4.110656370123706438e-01
4.273184493097232917e-01
4.217891508305910975e-01
4.260182687164615345e-01
4.366141082875856227e-01
4.460622784890801995e-01
4.404561567646396725e-01
4.310206179652595893e-01
4.422872724680928513e-01
4.489793344664576580e-01
4.877161446299851377e-01
5.123318678602117870e-01
4.899443992671876913e-01
4.769227222031986457e-01
4.672808764853471075e-01
4.449699785420762055e-01
4.643623399249463546e-01
4.570139675277005153e-01
4.687375789717407315e-01
4.637576684233408741e-01
4.731282419209037471e-01
4.576392458286591136e-01
4.522933488851776929e-01
4.806864599736400123e-01
4.880695245979040919e-01
5.036426120627766068e-01
4.983944228283689881e-01
5.002654624793194671e-01
5.270452394167932653e-01
5.512158225760686037e-01
5.381624818346608663e-01
5.300783821191998868e-01
5.378565203702692088e-01
5.386831294258627167e-01
5.237015969951244188e-01
5.391233573532190348e-01
5.542465935598102078e-01
5.356035448835427815e-01
5.308247068107903033e-01
5.246310814081880380e-01
5.432709720712409762e-01
5.596023363866606815e-01
5.436135461852700246e-01
5.566301802382440655e-01
5.645444499659788562e-01
5.747949309900377557e-01
5.714736656186687469e-01
5.549934877990381210e-01
5.786813421354963793e-01
5.987949267032490752e-01
6.100732460115523281e-01
6.145861516401964764e-01
6.141173215396520391e-01
6.173035031665676797e-01
6.252755247157892882e-01
6.541915212715139205e-01
6.472475646908151248e-01
6.449979367273499520e-01
6.388537344857923017e-01
6.276264032533163117e-01
6.223821924147614482e-01
6.293618299325771659e-01
6.290800054916871886e-01
6.139265681983943068e-01
5.989227287795984012e-01
6.125256396528584446e-01
6.162532934035880317e-01
6.283061842407278164e-01
6.003607112791087275e-01
6.058124313919961423e-01
5.811729360004846967e-01
5.788012970458566997e-01
5.653180377469197992e-01
5.578601386798709427e-01
5.596315807006249088e-01
5.546311916184549773e-01
5.606777114646774862e-01
5.608461612687278830e-01
5.841545846485587390e-01
5.872940867282068211e-01
5.822856204717936635e-01
5.986899630372590764e-01
6.056525848766796116e-01
6.112705609239128535e-01
5.951253333689692226e-01
5.921883602834441263e-01
5.726091597464346705e-01
5.683484144356043544e-01
5.540748034723037563e-01
5.601656692142569227e-01
5.716034636579934158e-01
5.803784885397362814e-01
5.748051742375537287e-01
5.762459018858407944e-01
5.536216163388871792e-01
5.526467715819762816e-01
5.643105092512996634e-01
5.464973352297874953e-01
5.389483201279290370e-01
5.378048987447527907e-01
5.333207229020899831e-01
5.183052942086305848e-01
5.467503948527792090e-01
5.284298444637443026e-01
5.379340733511526196e-01
5.363358930887898168e-01
5.544974536653626274e-01
4.965740713344075630e-01
5.167951524567797605e-01
4.863080015588820970e-01
4.571006770479471015e-01
4.567507269939596881e-01
4.725371485280902561e-01
4.699265815363560250e-01
4.576200238559522404e-01
4.354431835786272131e-01
4.345178997182301828e-01
4.578878775998873607e-01
4.663387469888675696e-01
4.934632932784097648e-01
4.963966912710020551e-01
4.713420223254161101e-01
4.943882551215210697e-01
4.719824470703315455e-01
4.937565547772919672e-01
4.880158104051588452e-01
5.113209256282971182e-01
5.288614572787082579e-01
5.383433572974354320e-01
5.556844576005914860e-01
5.543858427606664918e-01
5.502187036697705480e-01
5.478819055285839568e-01
5.211369978053426166e-01
5.123221130845649895e-01
5.229286012345255585e-01
5.044922241788754036e-01
5.178092155351805559e-01
5.336602544068682619e-01
5.243576045618283388e-01
5.394277079935818620e-01
5.484296277536486741e-01
5.766224834871991334e-01
5.672964149966901459e-01
5.321335939240725565e-01
5.381459356233335711e-01
5.614275299701603217e-01
5.589814191657751508e-01
5.869729647677104367e-01
6.199578343357643462e-01
6.339662948789737129e-01
6.388059468940809893e-01
6.154336233562389680e-01
6.477716098720520677e-01
6.284513379814598011e-01
6.070812118089179421e-01
6.450511868567900819e-01
6.502326239117337536e-01
6.531083922614016046e-01
6.591943185530908522e-01
6.616775641250569606e-01
6.677751230749890965e-01
6.704182584676345869e-01
6.725830299694735004e-01
6.700482027692942211e-01
6.677801204093611886e-01
6.615317325376963709e-01
6.589630852570280695e-01
6.657032872799391043e-01
6.652337007806181646e-01
6.661857568376490235e-01
6.717180840525998065e-01
6.745340888096507115e-01
6.783848212667180633e-01
6.815766998308845359e-01
6.820725879956626159e-01
6.756169429629608203e-01
6.770846935453391779e-01
6.842500591296811763e-01
6.794481362499027455e-01
6.806858351117170969e-01
6.763642784897001548e-01
6.788475451419344608e-01
6.799179654356066749e-01
6.791652935551155679e-01
6.787199071366103453e-01
6.799827944437311089e-01
6.879570878097638342e-01
6.899156689269148046e-01
6.900130008996256947e-01
6.913704706180396897e-01
6.937149783389031654e-01
6.918377916522331361e-01
6.935173914505412540e-01
6.891300444638090994e-01
6.860883804104105366e-01
6.911187682021591172e-01
6.867164042471358698e-01
6.889529439454236126e-01
6.870279236920850963e-01
6.840234039684673917e-01
6.877868802637294721e-01
6.920571047169232770e-01
6.960255084884465759e-01
6.934206505391102837e-01
6.873265626270494977e-01
6.930663323630597006e-01
6.976090413761539821e-01
6.925404801338572724e-01
6.970064127951900446e-01
6.948894667473268782e-01
6.910837821546920168e-01
7.009773793067779479e-01
6.986825985384257365e-01
7.044876093016227969e-01
7.060143399742173642e-01
7.092929254752107227e-01
7.145903942969198397e-01
7.186333157130775362e-01
7.181140375953418697e-01
7.159375611013274465e-01
7.154151382230793388e-01
7.160614332406112226e-01
7.144698180757131922e-01
7.084030393450575502e-01
7.064093005142240145e-01
7.084217667886605341e-01
7.119840951781952754e-01
7.167301091731133056e-01
7.146535753106491029e-01
7.219939899364362645e-01
7.250574864074224024e-01
7.300442313674011530e-01
7.375858625541695801e-01
7.435311610815915628e-01
7.452639135342451482e-01
7.471837162775045726e-01
7.449097011049161665e-01
7.500381566696887603e-01
7.483943149056813127e-01
7.460944774547897396e-01
7.492255100203237816e-01
7.498273868468459114e-01
7.519629888342933555e-01
7.469282275808382110e-01
7.422557228919686168e-01
7.479781658196316130e-01
7.456454973837480793e-01
7.438013010064423725e-01
7.450090414197347854e-01
7.473563833677872026e-01
7.347267967616062379e-01
7.410306945937463752e-01
7.408889064088270970e-01
7.457206807005150040e-01
7.471203310851706192e-01
7.379898739634427329e-01
7.397125014122138964e-01
7.412336872585001402e-01
7.344501847137507866e-01
7.266615896267012431e-01
7.341282356026113121e-01
7.360035724666431634e-01
7.358934414432951598e-01
7.324641231518853601e-01
7.337537215666998236e-01
7.319564961121614033e-01
7.281645500033846474e-01
7.284311686016735621e-01
7.196781035365802381e-01
7.191447115776554710e-01
7.229293698799210688e-01
7.156975260511444503e-01
7.217770262441263185e-01
7.317147456078600953e-01
7.278783382541860192e-01
7.274586158334841457e-01
7.277224200486216432e-01
7.219232666943753429e-01
7.195565275687840767e-01
7.185794008489665430e-01
7.206004023182686069e-01
7.287554188781086850e-01
7.294787108310174517e-01
7.320214900785231293e-01
7.343548976177771692e-01
7.433781340898804046e-01
7.397967176930251298e-01
7.364521860934019060e-01
7.394067163631916628e-01
7.393174540125073690e-01
7.405602478513628739e-01
7.360747503423681337e-01
7.307259568422068696e-01
7.250489991210997687e-01
7.229840766440247535e-01
7.173497810319986456e-01
7.213886829056264105e-01
7.260177076780109928e-01
7.336242576504901081e-01
7.337259031194207637e-01
7.381728034176830988e-01
7.404701950899834628e-01
7.359164063448133675e-01
7.374735491889623518e-01
7.382380858666692802e-01
7.395551872327814635e-01
7.371429118218202348e-01
7.373190091095693788e-01
7.411075111197078513e-01
7.450512864415941294e-01
7.410041642779106041e-01
7.464836847741480597e-01
7.475612553187147569e-01
7.398779051800374873e-01
7.432220484886329359e-01
7.440334882940078387e-01
7.273768932723214675e-01
7.282110613034546986e-01
7.518827952458195796e-01
6.989647752393466362e-01
6.726831136193140992e-01
6.435129197850528726e-01
6.308756825976615801e-01
6.333039992796329898e-01
6.440254037713657453e-01
6.177752797912035021e-01
6.073143125627211703e-01
6.219744488550986716e-01
6.236448035010653257e-01
6.658871461359012756e-01
6.779684404775707662e-01
7.039926258073592180e-01
6.909920997343306226e-01
7.099530527789283951e-01
7.066699523211354972e-01
6.579525659369664936e-01
6.854342140952667251e-01
6.339862570196146407e-01
6.025306754920620733e-01
6.091911290407097113e-01
6.866567638508058735e-01
6.822223157271309901e-01
6.786238899078398390e-01
7.005862735491064086e-01
6.741478797071067675e-01
6.591473018972919817e-01
6.308626273548725294e-01
6.451249563338024018e-01
6.296578413337101665e-01
7.352718377908331604e-01
7.578032513106336410e-01
7.463785179277238058e-01
8.251449225542728527e-01
8.445783197707896761e-01
8.948544090972063714e-01
9.172606391571207496e-01
8.787401954039069096e-01
9.104829855509706249e-01
8.891211288689646608e-01
9.099688505434642138e-01
8.885088911872571771e-01
8.621207577041332115e-01
8.068173999295140675e-01
7.911860546601019450e-01
8.162434190644489718e-01
8.676094185102556366e-01
8.805707925787373824e-01
8.959607236092779203e-01
8.854999745872191852e-01
9.016211184930398304e-01
8.767212393088357203e-01
8.866063614036647778e-01
8.515456633601843350e-01
9.075222577098429610e-01
9.502885740387227997e-01
1.024479463532316004e+00
1.026111678222832779e+00
1.019351279496049756e+00
9.904860401195492159e-01
1.017500102420626718e+00
1.016947581951853863e+00
9.408545658388902666e-01
9.088047769932927622e-01
9.229669120413745986e-01
8.990779953064702568e-01
9.429460408337035915e-01
9.333479972190161789e-01
9.673482936079835781e-01
9.935912290434316674e-01
9.690196623582778557e-01
9.174359248834207392e-01
8.608210277716352721e-01
8.438063056007649720e-01
8.078705511425141594e-01
8.248969091330309311e-01
8.834837428159971751e-01
9.074406203749276756e-01
9.163695778695455374e-01
8.967314665962931031e-01
8.492045830387269234e-01
8.199616732229060290e-01
8.033071351892431267e-01
7.668705009134555439e-01
7.444391635326610412e-01
7.499363109495789104e-01
7.804869238170795143e-01
8.508025495796118776e-01
8.985996466365122615e-01
8.826115661886433372e-01
9.112597083337732329e-01
9.705229020312344801e-01
1.027457675301775453e+00
1.007580005237514342e+00
9.763620461985738075e-01
9.965124366201507655e-01
9.841239132088048791e-01
9.630768963174887176e-01
9.719873819371969148e-01
9.372186320422315475e-01
1.036203986399414134e+00
1.006947189789798358e+00
9.496860960289268405e-01
9.518366314589457033e-01
9.132726388268110895e-01
9.355181277715018950e-01
9.248233297453225532e-01
9.799373491052847385e-01
1.038177103061343587e+00
1.026381746983815901e+00
1.029501805677000448e+00
1.058904021528178419e+00
1.022842042134470830e+00
1.030073974614197141e+00
1.069969656485000087e+00
1.045594571349056423e+00
1.059716918445246847e+00
1.069516729565066271e+00
1.098294353919072819e+00
1.123217297741348375e+00
1.089158500453095257e+00
1.084526280121281161e+00
1.066626443305267458e+00
1.042157797880008729e+00
1.072222051775497675e+00
1.013199649732086982e+00
1.006096115711216044e+00
1.032898316888349655e+00
1.045477698161676017e+00
1.084876051235141858e+00
1.045864311200602970e+00
9.942146220887480013e-01
1.019761356418939613e+00
9.499825882453478698e-01
1.003246958153340529e+00
1.055071304308512481e+00
1.019523250935208125e+00
1.050086486846339540e+00
1.013325473895292816e+00
9.791760571508802968e-01
1.002089747421678112e+00
9.562614700673748303e-01
9.752786589169772924e-01
9.558786010356925544e-01
9.009630450609620311e-01
9.495765665114959120e-01
9.299129541122965747e-01
9.766335459628407989e-01
9.465097523934673518e-01
9.223682242143240728e-01
9.773969989955730853e-01
9.350891901601698919e-01
9.168692503076272260e-01
9.613195371889560192e-01
9.832190549159349757e-01
9.626777908381427551e-01
9.113783181694543600e-01
9.636270570827036863e-01
1.005110082300461727e+00
9.384245356361589074e-01
9.807663631354444078e-01
1.026538158014318469e+00
1.066887372956216495e+00
1.038466027515823953e+00
1.023233189158190726e+00
1.080524572391368565e+00
1.050858813114473378e+00
1.073584602858318249e+00
1.175147888030096510e+00
1.251524808334806949e+00
1.208016633958550301e+00
1.258110901659165393e+00
1.355894130628939820e+00
1.412554949961531747e+00
1.571691899214329169e+00
1.642468922685793586e+00
1.625547010585023600e+00
1.743282295912649715e+00
1.678780461523047052e+00
1.592864966044089670e+00
1.715478187916687602e+00
1.634618584120744345e+00
1.645346104821555855e+00
1.691344637357587999e+00
1.626100834605722412e+00
1.533142110818289439e+00
1.629867017263222806e+00
1.537235937533750985e+00
1.551677414503274122e+00
1.545792412058517584e+00
1.635501825842993640e+00
1.609578795513243676e+00
1.551450065534481837e+00
1.637304948198561760e+00
1.659187530312010495e+00
1.632858994566277033e+00
1.693031049308274305e+00
1.750451794642685854e+00
1.779171956946129285e+00
1.835630261059577606e+00
1.925324144991691355e+00
1.890087420390500483e+00
1.864874318690226573e+00
1.968899636226751682e+00
1.929963843958375946e+00
1.806271488198717634e+00
1.921555992468711338e+00
1.984793657263026034e+00
2.058868380986723423e+00
2.131933883529427476e+00
2.022213700989141216e+00
1.981295260238994160e+00
1.922392320547714917e+00
2.032458293326044441e+00
1.960415810361610056e+00
2.007265005025146820e+00
1.969146039024735728e+00
2.078213340196953141e+00
2.090329286123733254e+00
2.133005317055904015e+00
2.130931034239893052e+00
2.204091029910614452e+00
2.178852816289236216e+00
2.283001737952872645e+00
2.193970111893577268e+00
2.185189042463207443e+00
2.146283500263052701e+00
2.233940187948746825e+00
2.211981794925350187e+00
2.094442820513904735e+00
2.077140916661619485e+00
2.166557652563824377e+00
2.169997806909577776e+00
2.265189838708010939e+00
2.252576488052227432e+00
2.267450196881554803e+00
2.245633679030561325e+00
2.234093538004572110e+00
2.213152720618836611e+00
2.328037310119270842e+00
2.380110361948936770e+00
2.354740424367037122e+00
2.352358894825556490e+00
2.439391099623435366e+00
2.558901395680777568e+00
2.495000268808780675e+00
2.480962919027888347e+00
2.409208584831048938e+00
2.389241095565694195e+00
2.330210410347262950e+00
2.353195390725204561e+00
2.373104535967513584e+00
2.379158945345125176e+00
2.367194039237574543e+00
2.295970342590180735e+00
2.310980883564297983e+00
2.322656940443948770e+00
2.285862993177033786e+00
2.218501133678728365e+00
2.154087695040061590e+00
2.068663611436249994e+00
2.021030291107081212e+00
2.070809437890829940e+00
2.087109862044826514e+00
2.080394451372512776e+00
2.071069394934738739e+00
2.150386461846665043e+00
2.189087169485219420e+00
2.226437365950459935e+00
2.276937565916341555e+00
2.246101364383775945e+00
2.170527994107942504e+00
2.253829100633765847e+00
2.220892800772617193e+00
2.189443149410408296e+00
2.158184420742600196e+00
2.130369929935113760e+00
2.169405948643316151e+00
2.162663597608343480e+00
2.191319617126509911e+00
2.242844275165680301e+00
2.185735122087407944e+00
2.131639801283199631e+00
2.112584451656402962e+00
2.202559251242973914e+00
2.191887268077152839e+00
2.262684587887406451e+00
2.193247783847255050e+00
2.186125170869672729e+00
2.215796307008986332e+00
2.233342696542877093e+00
2.289820148360604435e+00
2.251170976505591170e+00
2.357995915169112777e+00
2.433011649508898699e+00
2.502621222697598569e+00
2.458004375204609460e+00
2.507499910586830083e+00
2.465559174232339501e+00
2.588977379152311187e+00
2.702979919067047376e+00
2.819349974502983969e+00
2.814827733055153658e+00
2.706297139706293819e+00
2.789270436125661945e+00
2.685359543443382790e+00
2.865924633350459771e+00
2.790756835104502898e+00
2.822281500379403951e+00
2.994689519582834691e+00
3.006780262657230196e+00
3.043256817664087066e+00
3.155467384816347476e+00
3.116346599822918506e+00
3.075728248607902060e+00
3.160327443545384085e+00
3.216196218814729946e+00
3.230980730952751401e+00
3.203446550628314071e+00
3.340060670081811622e+00
3.289129901900878394e+00
3.370137615240992091e+00
3.353893620323333380e+00
3.424078372336680332e+00
3.312325548672333753e+00
3.351083170059609984e+00
3.298972971150760713e+00
3.423448670835341545e+00
3.469237619231989811e+00
3.560504812449607925e+00
3.526267620568887651e+00
3.683184952905548926e+00
3.747928324805798184e+00
3.894967416376175606e+00
3.888534996339558347e+00
3.804134755493578268e+00
3.760505190160756683e+00
3.730872482580934957e+00
3.698301009860415434e+00
3.723155871485005264e+00
3.689918144015791768e+00
3.645275661607911388e+00
3.750865465976630730e+00
3.663314132383902688e+00
3.635253886628106557e+00
3.605839260896118503e+00
3.637540417448008156e+00
3.527929787529274108e+00
3.629131626580601733e+00
3.661039244931998837e+00
3.604399410299947704e+00
3.515673105658606801e+00
3.364415501064286218e+00
3.456978471802813146e+00
3.472832121213969003e+00
3.508385009647327024e+00
3.575328744968601313e+00
3.535426213643177107e+00
3.498911381111383889e+00
3.439655149877125950e+00
3.518604680119551631e+00
3.518061787116494088e+00
3.519041934516735637e+00
3.501668671941615685e+00
3.365806303129602384e+00
3.393436610773733264e+00
3.399769034048858884e+00
3.228066231303728273e+00
3.178938281246701081e+00
3.191746760899604851e+00
3.177189901381552772e+00
3.246239398695706768e+00
3.347116154266359445e+00
3.378109735506996003e+00
3.429366249913073261e+00
3.577797702509997180e+00
3.510084659407311847e+00
3.467574974688432121e+00
3.370171144860250934e+00
3.463895343132435301e+00
3.427349620032373423e+00
3.536904255698118504e+00
3.483639950393808249e+00
3.424863608601981468e+00
3.422977944556123475e+00
3.465533091037968916e+00
3.534203348707478654e+00
3.694859399799724997e+00
3.752230857847735024e+00
3.797377756865898846e+00
3.744252775017230306e+00
3.778262100428946724e+00
3.743943580515178837e+00
3.693346078614922590e+00
3.564233469419832545e+00
3.508989349651301382e+00
3.421407282480913636e+00
3.471428835500091736e+00
3.456011665580035697e+00
3.384790539329060266e+00
3.401548388395440270e+00
3.326297336664083559e+00
3.248322865151067163e+00
3.270816507860217826e+00
3.420375236885774939e+00
3.439134816558180319e+00
3.423078311102926818e+00
3.384242443702987657e+00
3.351147662524226689e+00
3.261838032304922308e+00
3.155468679109389996e+00
3.165558398526172823e+00
3.229459777051033598e+00
3.245624160324723562e+00
3.252210397020007804e+00
3.240302721284024301e+00
3.267499024904282123e+00
3.318425465032532884e+00
3.274630073727621493e+00
3.161527992732317216e+00
3.095693490271060000e+00
3.038408121198472145e+00
3.009799806933642685e+00
2.892418632315184368e+00
2.816343831511403550e+00
2.783490233161728611e+00
3.087068796648054558e+00
2.954743866065655311e+00
3.032124863041417484e+00
2.990474046049257595e+00
2.900114279289027763e+00
3.000414716757177302e+00
3.017011189817139893e+00
3.105516918349394473e+00
3.083180654752368355e+00
2.944444239110907802e+00
2.985024255019652628e+00
2.953608208612649833e+00
2.902137707156498436e+00
3.030497247360699475e+00
3.068163835662289785e+00
2.951493923682846798e+00
2.849016174518737898e+00
2.751573381773823712e+00
2.791693512842584823e+00
2.800290028676954535e+00
2.839528023991761074e+00
2.997035000378900804e+00
2.866792114233476241e+00
2.870797180736190057e+00
2.794050298192814807e+00
2.749306181338852184e+00
2.595830307128380809e+00
2.555391459919746922e+00
2.761511941711660256e+00
2.958285297145721415e+00
2.864257537576349932e+00
2.867325908965540293e+00
3.010040236959866888e+00
2.876555256113761061e+00
2.771567537671444370e+00
2.671519211819941120e+00
2.663026451124778760e+00
2.737974402299414578e+00
2.860623485227733909e+00
2.770562059050462267e+00
2.588983620288672682e+00
2.584154382862152488e+00
2.505425198094371808e+00
2.471006638223798291e+00
2.564300582642772497e+00
2.697780709145717992e+00
2.687983916447137744e+00
2.712398155581468018e+00
2.788073452483331494e+00
2.762255773437118478e+00
2.679739984380830720e+00
2.679762100834750527e+00
2.687629585000195220e+00
2.530036324238153611e+00
2.574691960189966267e+00
2.601606095577835731e+00
2.620881677192755888e+00
2.618014797624482526e+00
2.666668478115298058e+00
2.671349365069772830e+00
2.739154368694244113e+00
2.795111203703754654e+00
2.825710346569849207e+00
2.909089075760675769e+00
2.966018232726128190e+00
3.064226621013403928e+00
3.212054431723800008e+00
3.095722908597963396e+00
3.077547860125150692e+00
3.123467139096874234e+00
3.081647394673836970e+00
3.059831275773603920e+00
3.089863068610384289e+00
2.904598309690527458e+00
2.776328275955165736e+00
2.905849258997477591e+00
2.992696552628331119e+00
3.005054105950648591e+00
3.054024427676722553e+00
3.027246156753335526e+00
3.063763767372165603e+00
3.184969404461526210e+00
3.150656804810296308e+00
3.058459984840965262e+00
3.026171804743626126e+00
3.038066630170533244e+00
3.051537094141167472e+00
3.071990169108403279e+00
2.959891532905430722e+00
3.085277119521379063e+00
2.930981165960702128e+00
3.068112092056480833e+00
2.934586613370584018e+00
2.881176696537750104e+00
2.834282836632610270e+00
2.739646700545790736e+00
2.686297554347447658e+00
2.845837840153535581e+00
2.679765154929555138e+00
2.699449474557241047e+00
2.598164505621525677e+00
2.742466591899074047e+00
2.624573037832533373e+00
2.697101299321502665e+00
2.732154054305283353e+00
2.853602079698930538e+00
2.831557915994380892e+00
2.839404108728558640e+00
2.822100967494634460e+00
2.863762113178381696e+00
2.818318677778506753e+00
2.937544445486537370e+00
3.028714847491301043e+00
2.933239142796310261e+00
3.041286855870794170e+00
3.023002897117748944e+00
2.981722353602890507e+00
3.072117240254783610e+00
3.047903662833732596e+00
2.997270891347625366e+00
2.987256008638269122e+00
3.117273316789805904e+00
3.093323664038962306e+00
3.121638781093224679e+00
3.280527690410963260e+00
3.380953893598871218e+00
3.519095867190117133e+00
3.521794585079760509e+00
3.702661231749971193e+00
3.560102006007809905e+00
3.548650925356241714e+00
3.679808247007031241e+00
3.718868142207156779e+00
3.775114233665590291e+00
3.694110831109355786e+00
3.748980589676421005e+00
3.710905183531622242e+00
3.833379551577309030e+00
3.977778019258721542e+00
3.976916973746938311e+00
3.902023869927006672e+00
3.965087221451540245e+00
3.928615303173501161e+00
3.973737399247511348e+00
3.938671324945971719e+00
4.003270605795023585e+00
3.955868992011801311e+00
3.871659694837489951e+00
3.785632732064186712e+00
3.831512811745142244e+00
3.815241009079500145e+00
3.805281116842706979e+00
3.795724256715175216e+00
3.805443286505123979e+00
3.826104203647446411e+00
3.834507020702176305e+00
3.821563569964155249e+00
3.856993303825902331e+00
3.800946049870844945e+00
3.836985529774665338e+00
3.717104255955064218e+00
3.756504735950784379e+00
3.838884556788798363e+00
3.894030556676398191e+00
3.978474568851879667e+00
3.979333608919205290e+00
4.013097603106189126e+00
4.025000969522352534e+00
3.930167390984024678e+00
3.902652693322579580e+00
3.831967860950499016e+00
3.780906024263231302e+00
3.728758508646251357e+00
3.708040325271667825e+00
3.631588663409729634e+00
3.806353625230030957e+00
3.723134827096600930e+00
3.582036023688033310e+00
3.487595202335796785e+00
3.741002170796946302e+00
3.597596317554689449e+00
3.652732110255101361e+00
3.650133679733016834e+00
3.740016362434062103e+00
3.704659757055651426e+00
3.613273641786236112e+00
3.694461786044257678e+00
3.712366758763209873e+00
3.606294837393761554e+00
3.845396089644509630e+00
3.778654961563916004e+00
3.782050702134483799e+00
3.826372251554857939e+00
3.772796363505676709e+00
3.788670499234967792e+00
3.575706498371346242e+00
3.419091849719961829e+00
3.541666745227303181e+00
3.555637638133248402e+00
3.681126735407815431e+00
3.763375740323681384e+00
3.710905560787750801e+00
3.602643363027254964e+00
3.618681412840487610e+00
3.556292058103963427e+00
3.517964584847504739e+00
3.688774783329790807e+00
3.691695963616666631e+00
3.920784570870182506e+00
3.889051841633090589e+00
3.752166839191886538e+00
3.826020638499130655e+00
3.977676241949666291e+00
3.998680218619711013e+00
3.926050917029897391e+00
3.899608659644172803e+00
3.804196822431777036e+00
3.836200481350260816e+00
3.729851009735511980e+00
3.732829778502718909e+00
3.658697697193474596e+00
3.660943484582276142e+00
3.980397093011333709e+00
3.940012369622309052e+00
3.988243079142876013e+00
3.935797507880351986e+00
4.164684169252495849e+00
4.230081653638080752e+00
4.272059194132680204e+00
4.228514145428789561e+00
4.139826477453880216e+00
4.186910696556196854e+00
4.122754582728703099e+00
4.185165397023865808e+00
4.201348485148628242e+00
4.305072676735107962e+00
4.293036061257907932e+00
4.255772476567472040e+00
4.398467786861374407e+00
4.384989966627244939e+00
4.304797671393544078e+00
4.389929707942656023e+00
4.386380138005279150e+00
4.312475829188542775e+00
4.342841907812271529e+00
4.344169295712617895e+00
4.365557321644928379e+00
4.436404987378182341e+00
4.293291878162335706e+00
4.440597305060919098e+00
4.662532994398816300e+00
4.615211910659809291e+00
4.754456775907328847e+00
4.766765113985911739e+00
4.725102749590632811e+00
4.617068160687722411e+00
4.802454276820753876e+00
4.839831220075438978e+00
4.883797733129767948e+00
4.878040316817759958e+00
4.827549112796987174e+00
4.741486011381539356e+00
4.793123794676603211e+00
4.759652429243033112e+00
4.765970804847938780e+00
4.776578668199590538e+00
4.766711124904759345e+00
4.899954177490371876e+00
4.939970385563356103e+00
4.903193960719363531e+00
4.843546597281147115e+00
4.641301433765420370e+00
4.696896530405183512e+00
4.706536776729080884e+00
4.766199953968452974e+00
4.760443585331131544e+00
4.761687370252730034e+00
4.895557265084107712e+00
4.994159522880863733e+00
4.952549190367790288e+00
5.013951373160125513e+00
4.798818559190749511e+00
4.689947532051746748e+00
4.782205675410068579e+00
5.005921675566924023e+00
5.074876000682252197e+00
5.199128519730948028e+00
5.271752021050815529e+00
5.185843386939723132e+00
5.186968406864252756e+00
5.317152963914168140e+00
5.256801100209941069e+00
5.336028619186436117e+00
5.373863007541785919e+00
5.368397316731034152e+00
5.329541324101228383e+00
5.203237238954216082e+00
5.188076097638486317e+00
5.144467635416276607e+00
5.283943495007633828e+00
5.159513040035562881e+00
5.232493015984346130e+00
5.309429024852079237e+00
5.354566556585496073e+00
5.312648826319673390e+00
5.334031213966909490e+00
5.475631385039378074e+00
5.508017015383529724e+00
5.471323052305933743e+00
5.501917407914334035e+00
5.503578373619575359e+00
5.506517605034559892e+00
5.850392179899699840e+00
5.905750814476732558e+00
6.159100762269872575e+00
6.182724142262486566e+00
6.194326273336855593e+00
6.208176522764006222e+00
6.309299372223449609e+00
6.286192874251810281e+00
6.339902527981166713e+00
6.374135225010149952e+00
6.341888573182814071e+00
6.418743899398577923e+00
6.430254909077120828e+00
6.332523770614670866e+00
6.446749776278011268e+00
6.390986100090003674e+00
6.337357129579004322e+00
6.280074483928274276e+00
6.177391685067505023e+00
6.112779692026151679e+00
6.063439786776370966e+00
6.180853216739023992e+00
6.084559888968442465e+00
6.019207244239623833e+00
5.963443242901576014e+00
5.942912779329617479e+00
6.077855557270595455e+00
6.029474436493501344e+00
5.999240796536014386e+00
6.215136103267241197e+00
6.331703357886453887e+00
6.466409322891649936e+00
6.611996302129682590e+00
6.721312844211070114e+00
6.763019348856005308e+00
6.836736788715825242e+00
6.789715806015010457e+00
6.930132828969817638e+00
6.857500387182653867e+00
6.833851793789335716e+00
6.864306600739155328e+00
6.885375241094152443e+00
6.741785172145000615e+00
6.654753908548627805e+00
6.662353671915525410e+00
6.596342513482113645e+00
6.542884732025868288e+00
6.630232900666669593e+00
6.672213306035473579e+00
6.740092068813055448e+00
6.742107900191967929e+00
6.742546716859123990e+00
6.507082886469333971e+00
6.677898550608460937e+00
6.739133611885335995e+00
6.562408007850308422e+00
6.688497807896965242e+00
6.477972548372008532e+00
6.576448405514156548e+00
6.364560477663872007e+00
6.438233546886976910e+00
6.540632785466414134e+00
6.482716852148996622e+00
6.408624060374222609e+00
6.415149730087932767e+00
6.555118969092745829e+00
6.540842828252380059e+00
6.598812399722874034e+00
6.542994208643449383e+00
6.567786876859372569e+00
6.798560790331976023e+00
6.979381128246359367e+00
7.058149538444240534e+00
7.024676159299133360e+00
7.149820725137487898e+00
6.986539400553283485e+00
7.131206228183600615e+00
7.091693234485774155e+00
7.190812715372658204e+00
7.061545225176587337e+00
6.994488228428735965e+00
7.118888102266282658e+00
7.131767038915540979e+00
7.221206520647456273e+00
7.109126991268794882e+00
7.298659919692909170e+00
7.422823239932995421e+00
7.325072544920658402e+00
7.330226503269841487e+00
7.396182980197181678e+00
7.399098656612068226e+00
7.535205917314669932e+00
7.656939471953364773e+00
7.850150827265679254e+00
7.889691311446313193e+00
7.770659274732452104e+00
7.740204306100849863e+00
7.539976280079827120e+00
7.641850899738074077e+00
7.905470653217889776e+00
7.948180190975108417e+00
8.004205449981554921e+00
8.049158812495079474e+00
8.046996137596806875e+00
7.960761119634298666e+00
7.850919865208425108e+00
7.975653854761731054e+00
7.790772873026071466e+00
7.999405587964474762e+00
8.079423389821386081e+00
8.196095276603273305e+00
8.120236599387681053e+00
8.251929791404336356e+00
8.273205131849863392e+00
8.172397227269129871e+00
8.353187263256131700e+00
8.310785318143871336e+00
8.346815621817995634e+00
8.267381223371330634e+00
8.434547824191895415e+00
8.401782408711824246e+00
8.473846174470963888e+00
8.540849798192311937e+00
8.603789556964329677e+00
8.699302960224031267e+00
8.683285012820533666e+00
8.767536828003358096e+00
8.638727131231007661e+00
8.694562389135398917e+00
9.014317047190843368e+00
8.910084462910617731e+00
8.808278360383383188e+00
8.730506251809856622e+00
8.787626046530249369e+00
8.806800372530005916e+00
8.880914954633226444e+00
8.724384986807763198e+00
8.737659583190406920e+00
8.749169404221220248e+00
8.806200166128746787e+00
8.730612116774636888e+00
8.690748885975835947e+00
8.764145495068987657e+00
8.772751365026124404e+00
8.736900436713085583e+00
8.753387152949244410e+00
8.734614633259297989e+00
9.071325456355907590e+00
9.230252287856956173e+00
9.268352598763613059e+00
9.183783188966799571e+00
9.286689303564571674e+00
9.404719049125787933e+00
9.525649778805245660e+00
9.565647195153587745e+00
9.590325479718558199e+00
9.532121196266416518e+00
9.427376964928271263e+00
9.459083269750408363e+00
9.551166636728112280e+00
9.545726119587243375e+00
9.526809196333488217e+00
9.565916863992242725e+00
9.859252513569117582e+00
9.953023911600439533e+00
1.001764653272175565e+01
1.000570365145381402e+01
9.938966884286855930e+00
9.882429374645653297e+00
1.013295727340914709e+01
1.002716734906425700e+01
9.956404360432316025e+00
9.937291722609415956e+00
9.912144604637660450e+00
9.817055954267061679e+00
9.892385610374958560e+00
9.863910461602472424e+00
1.001311387264081532e+01
9.935516492298575031e+00
9.907352669441024773e+00
9.891240154953720776e+00
9.865467691723779353e+00
9.861205383567948957e+00
9.752791780756524531e+00
9.780072758625692586e+00
9.771833658687000934e+00
9.917680588217081095e+00
1.030719973869781825e+01
1.022908446498149715e+01
1.029125617356453404e+01
1.023762964797606401e+01
1.000877879189260966e+01
1.004759203136563883e+01
9.931005082652518468e+00
9.843275685179150969e+00
9.942212539461024789e+00
1.023535111835667522e+01
1.028049399880319470e+01
1.029128857305909150e+01
1.057747837446481753e+01
1.039304079406429082e+01
1.034294724735650561e+01
1.036133574976702221e+01
1.042685408883880882e+01
1.031521897726247516e+01
1.029348973435139669e+01
1.021396063205384053e+01
1.012959367167809432e+01
1.032054108381043989e+01
1.035887773942363310e+01
1.040680891114243423e+01
1.026723801521234236e+01
1.080235123751185711e+01
1.081716131739995035e+01
1.078511345274978339e+01
1.085181971312863425e+01
1.098139761151219318e+01
1.119639094737885898e+01
1.122025154522748380e+01
1.119762172421769719e+01
1.123850950464066045e+01
1.119137790633158147e+01
1.137244838488368259e+01
1.124965166724655319e+01
1.120055081243845052e+01
1.108878230479035665e+01
1.128055068700359698e+01
1.147632729880956504e+01
1.137195575120767899e+01
1.151296470597003463e+01
1.154716630507550690e+01
1.159021295732850376e+01
1.156932627645483080e+01
1.157176448544737468e+01
1.167792830191137909e+01
1.153461575027426989e+01
1.141236755472414188e+01
1.141539026970963278e+01
1.134375752991309128e+01
1.127914470527298363e+01
1.130518505753116187e+01
1.130043596660698313e+01
1.122868122611998842e+01
1.114806549082322817e+01
1.127316238247726687e+01
1.120757933949562357e+01
1.112183201260154419e+01
1.096510052748249109e+01
1.113145304958311499e+01
1.106289462123208978e+01
1.085047492216290266e+01
1.099953440530953230e+01
1.092801615949929328e+01
1.093890374594798232e+01
1.067091811486284314e+01
1.069636895592020664e+01
1.081471705873832434e+01
1.086151483440630727e+01
1.101822314992386964e+01
1.097533345819056194e+01
1.094860091229816135e+01
1.093244303162100550e+01
1.068797932868142198e+01
1.090201258506499471e+01
1.087134153234865153e+01
1.095946061695121898e+01
1.089607604607977009e+01
1.085035235929876762e+01
1.097264427181357860e+01
1.110508977288191090e+01
1.132535802374604827e+01
1.136777208615285417e+01
1.129606551315669094e+01
1.112918776397805232e+01
1.119483662240600097e+01
1.113862198086349053e+01
1.125415580922458503e+01
1.142966022432597128e+01
1.147123230421357221e+01
1.153867715519254489e+01
1.148280224936115701e+01
1.139332336835514070e+01
1.124973389496881282e+01
1.130734484907884507e+01
1.143655622050960119e+01
1.132637090505841115e+01
1.128736447522737762e+01
1.117285786424440630e+01
1.131762622017186004e+01
1.131230576584925984e+01
1.129640760238703479e+01
1.123046038756342568e+01
1.146976504335998470e+01
1.171607433444023627e+01
1.188897813895596300e+01
1.198641992437615045e+01
1.178143365384153185e+01
1.167742713657639797e+01
1.184744911420989411e+01
1.178931644206500096e+01
1.189598264988012488e+01
1.187751221956841619e+01
1.182038461161232590e+01
1.177950050952222227e+01
1.179225239977063211e+01
1.183936101380118089e+01
1.169307892467054444e+01
1.172116366316959102e+01
1.168047557829709149e+01
1.173644557863985938e+01
1.210757832370381948e+01
1.243001775355219252e+01
1.252551761443942269e+01
1.244618985792794774e+01
1.244694019711528199e+01
1.247097549751265433e+01
1.250190427161282969e+01
1.230690460249707030e+01
1.238345275800065792e+01
1.225951797842299129e+01
1.239673486117135326e+01
1.252271118808721440e+01
1.257092713370957426e+01
1.255662302021073629e+01
1.240994395387406257e+01
1.235214137596176442e+01
1.247173422388505060e+01
1.245897453842735558e+01
1.243957972426596825e+01
1.252671384478344407e+01
1.256857146951051618e+01
1.254322018810353256e+01
1.261390309126636566e+01
1.248364354053819625e+01
1.242962193472021681e+01
1.236489836878217830e+01
1.224798603087856463e+01
1.212613268832274116e+01
1.205976781277013288e+01
1.210011910763978449e+01
1.223930492650697488e+01
1.210073288583862450e+01
1.207677047523384317e+01
1.204647671568454825e+01
1.230125588716509810e+01
1.234950054878709125e+01
1.235964855057090972e+01
1.240115305288645686e+01
1.243460272099582653e+01
1.261157157067646040e+01
1.272364962514075160e+01
1.270323685222365384e+01
1.264633865158975823e+01
1.242705156917281784e+01
1.235502498907180779e+01
1.236135402736272226e+01
1.235962609311400229e+01
1.257223930292184377e+01
1.265176564199555287e+01
1.261607217384334945e+01
1.251238062051515953e+01
1.243192875652312068e+01
1.212682420124019700e+01
1.200941136793835540e+01
1.194284497468015616e+01
1.200562849146353983e+01
1.209939813035634870e+01
1.196630844572655405e+01
1.193638038318840700e+01
1.192957915960278115e+01
1.178165446796629112e+01
1.197621751041378957e+01
1.217995362512829161e+01
1.226597336606300814e+01
1.219819996026717490e+01
1.239860334767672612e+01
1.259229720241728501e+01
1.246032004599601350e+01
1.252017168887778098e+01
1.238211609188147122e+01
1.240950041382711788e+01
1.268111096375832858e+01
1.277792523187235929e+01
1.276701317148399539e+01
1.290103303370779031e+01
1.274969588631938677e+01
1.274846826040493397e+01
1.263318009604381587e+01
1.254414782854564692e+01
1.251530793490383076e+01
1.263511883245382705e+01
1.248650613954850996e+01
1.248506925336050699e+01
1.260081690928245735e+01
1.266651885750616202e+01
1.240119061753466667e+01
1.230552118564082775e+01
1.225891660744537148e+01
1.224096962777548470e+01
1.218594663992280402e+01
1.215931138841915526e+01
1.231768823628408427e+01
1.227664795320515623e+01
1.219549972365575741e+01
1.217650574151593901e+01
1.206185696124794049e+01
1.218373136563695880e+01
1.222564394785649711e+01
1.204862363657639435e+01
1.211614413992765549e+01
1.209844483025062800e+01
1.203727518136929575e+01
1.187624442851074491e+01
1.177759923560051902e+01
1.178298651446357326e+01
1.178952996529505981e+01
1.170266125678017488e+01
1.152183293285042964e+01
1.152126334640797722e+01
1.139031104163586861e+01
1.136484562350869965e+01
1.165429529915672902e+01
1.151708212472294690e+01
1.141979156117531602e+01
1.138175213692829857e+01
1.147772803014277088e+01
1.155176284378148921e+01
1.153487862411020615e+01
1.195492879236917361e+01
1.197923140187185709e+01
1.191837545486941963e+01
1.210673052188985821e+01
1.232242643376230262e+01
1.217217832646292663e+01
1.245497083818008832e+01
1.233470128189264869e+01
1.243423416259975056e+01
1.261155644805648990e+01
1.256082608437191084e+01
1.279557728980944376e+01
1.291122073494989309e+01
1.277868564062964651e+01
1.262143335695009227e+01
1.254697190792558104e+01
1.256857801622254556e+01
1.259308441884968488e+01
1.249471488309109191e+01
1.269097215550527835e+01
1.278416749937059649e+01
1.295053645473853976e+01
1.321169330900693240e+01
1.327013497551433829e+01
1.325493218144220009e+01
1.318914057542724549e+01
1.319628983120810517e+01
1.325284606938748766e+01
1.323647112066873888e+01
1.325633660498851896e+01
1.368124429581303048e+01
1.351217527139442609e+01
1.327864775627358540e+01
1.340764315274009277e+01
1.344502380309677392e+01
1.344138252259745059e+01
1.329509208973877321e+01
1.337007805354369339e+01
1.347845049699708397e+01
1.353626155399342679e+01
1.334165653088120962e+01
1.348864039539967052e+01
1.363124248951044137e+01
1.343501313971364652e+01
1.345485452441926100e+01
1.337951527942368557e+01
1.343775170482103931e+01
1.344912684812334192e+01
1.349462537632462045e+01
1.356834799268926872e+01
1.368291207061747627e+01
1.364285587285348811e+01
1.371575482149728487e+01
1.375337921097616345e+01
1.380651575221372696e+01
1.382929668180213412e+01
1.367833074349573508e+01
1.340746214040791529e+01
1.345971741680068590e+01
1.340187779490270259e+01
1.342461655677061572e+01
1.339484342070045386e+01
1.346865220815243447e+01
1.332485152559866037e+01
1.333129254390314600e+01
1.348942115055842805e+01
1.344073478127029375e+01
1.346371347645890637e+01
1.335866580703759610e+01
1.353040955164851766e+01
1.339617610545747084e+01
1.327437699852725927e+01
1.315134954886298146e+01
1.299151397776267913e+01
1.303872472147577355e+01
1.318556216408251203e+01
1.316882374773058473e+01
1.330001852455689004e+01
1.319692410187371934e+01
1.305599211059370646e+01
1.313889121295642326e+01
1.333741587365284431e+01
1.331890377329727926e+01
1.339253513459516398e+01
1.354811027462073980e+01
1.352345934205141020e+01
1.337430652791090324e+01
1.316984961413663768e+01
1.307506877515334054e+01
1.318981125784421238e+01
1.334556751684158371e+01
1.342677170708884660e+01
1.350738151716632274e+01
1.350295413709454806e+01
1.365728373045385524e+01
1.363716913086273053e+01
1.364537859391521124e+01
1.340979354265891743e+01
1.324164022454715450e+01
1.317157915585266892e+01
1.307228926020388826e+01
1.319740709604275253e+01
1.326510654834055458e+01
1.324232703111738374e+01
1.331540487611391654e+01
1.321246740891638183e+01
1.337885471498066181e+01
1.353544306230787697e+01
1.351797210738095600e+01
1.351805219148945980e+01
1.361341264995644451e+01
1.357884311776297181e+01
1.361681044797387585e+01
1.355756114707673987e+01
1.356727616740590747e+01
1.351008458110527499e+01
1.336353152979427250e+01
1.343009104855309488e+01
1.366703914507206719e+01
1.349216017652588562e+01
1.353909412608481944e+01
1.357981382048046726e+01
1.357459008701698622e+01
1.386639047149901671e+01
1.392274953706555607e+01
1.387830100463725103e+01
1.374384849458056124e+01
1.369872988317138152e+01
1.375720303525531563e+01
1.373249275413445503e+01
1.379419924583226020e+01
1.375164573009669766e+01
1.384702774052311725e+01
1.374600044788576270e+01
1.388024430152881905e+01
1.387578924264425950e+01
1.382432052441799897e+01
1.382770423832516826e+01
1.389178369876117358e+01
1.404792807107605768e+01
1.407996848341326768e+01
1.427883661689384098e+01
1.426981945382703998e+01
1.433520312057453339e+01
1.439233075584115795e+01
1.441051860434345144e+01
1.445151470188056919e+01
1.450007429847983076e+01
1.441890116351851248e+01
1.441470688376648468e+01
1.452959812245171634e+01
1.440288631305111267e+01
1.421916810096900008e+01
1.439263449516693072e+01
1.437459878760137144e+01
1.435623538258505505e+01
1.455136511701311974e+01
1.473927488450681267e+01
1.486200094862942933e+01
1.495738154720493185e+01
1.479932621485977506e+01
1.492319388998794238e+01
1.479842802011125968e+01
1.468724008682875137e+01
1.480232744465047290e+01
1.495298427818943310e+01
1.514835036070689966e+01
1.503906348622513178e+01
1.509025049528781892e+01
1.507709016894568776e+01
1.521599381882288071e+01
1.535568488257831632e+01
1.547901799320425198e+01
1.547942146457126000e+01
1.548249556159635176e+01
1.564231116642122288e+01
1.565146201182642471e+01
1.573812497132848875e+01
1.553074342312720546e+01
1.537961646145231498e+01
1.524315011246335416e+01
1.513629039211809868e+01
1.513114709530282198e+01
1.518552271209364335e+01
1.511511127822768685e+01
1.487396136484267117e+01
1.472226021031656273e+01
1.469094121458010704e+01
1.463926109288195221e+01
1.464200960775269778e+01
1.461906011647261039e+01
1.450020508907709882e+01
1.454356419341092987e+01
1.452349697364024905e+01
1.453523511615412644e+01
1.434966512917571890e+01
1.420196361930538842e+01
1.411075088523875820e+01
1.424880427253629023e+01
1.443153872793345727e+01
1.440050120524847443e+01
1.420388800245200400e+01
1.424313340455819343e+01
1.425261008566440069e+01
1.418132118497442207e+01
1.398525015531095050e+01
1.393644691434428751e+01
1.397028668657003436e+01
1.397231545748081771e+01
1.401991389274053290e+01
1.387909073957553119e+01
1.400756699059320454e+01
1.401903194880696901e+01
1.384086862703907173e+01
1.375888199024893765e+01
1.373509614132626666e+01
1.387026352352495451e+01
1.374718202109534104e+01
1.355496124396222513e+01
1.361377106261898007e+01
1.358828877310634198e+01
1.362113559090994386e+01
1.365844476931442841e+01
1.357414329324092250e+01
1.390523154622269431e+01
1.393205866463449638e+01
1.386416643200345789e+01
1.402633153454098647e+01
1.392591232533050061e+01
1.377924697183425451e+01
1.379933573322932716e+01
1.375238548358356638e+01
1.382174077988929639e+01
1.382662369402351032e+01
1.379461511475483348e+01
1.375805003169625707e+01
1.376977562687852696e+01
1.384613519678669036e+01
1.376191671169272013e+01
1.419520821257947318e+01
1.401595079962089585e+01
1.430368820613875869e+01
1.449304275352824334e+01
1.442532149294765986e+01
1.442492597092677897e+01
1.447544107617704867e+01
1.436044009915576680e+01
1.432762370272848784e+01
1.427115899501859531e+01
1.446933692570564745e+01
1.451025562455606632e+01
1.449546526066251317e+01
1.462157327916065697e+01
1.463128228387768104e+01
1.443949645494967626e+01
1.420945164547083550e+01
1.419632741718396574e+01
1.440908187391914907e+01
1.440989778339644545e+01
1.454989810949609819e+01
1.456571370800202203e+01
1.448245523155264891e+01
1.450034156014635300e+01
1.444406754388910485e+01
1.465139784518896704e+01
1.473766001906142264e+01
1.497066030305222739e+01
1.484216307602173401e+01
1.484979615595875657e+01
1.482910901678542359e+01
1.486123177709441734e+01
1.481722598308351735e+01
1.476652274115576802e+01
1.461215745512163267e+01
1.465340567616385670e+01
1.491938155362504403e+01
1.479283102421368312e+01
1.479205118746267544e+01
1.497329544453032213e+01
1.523308775608757060e+01
1.519848251409757722e+01
1.508883430400874204e+01
1.509918242033063507e+01
1.549320631156206218e+01
1.562938842061976175e+01
1.553534744266835332e+01
1.558275386806826646e+01
1.568845951149023676e+01
1.576715975898150646e+01
1.580172099691526455e+01
1.595466501671353399e+01
1.588605853167609894e+01
1.631303586373132930e+01
1.654137107635779103e+01
1.659529048603553747e+01
1.669154179951965489e+01
1.655480656681856999e+01
1.657147680334128381e+01
1.653079643848332125e+01
1.684240563055982420e+01
1.689544961974297621e+01
1.706892379314513164e+01
1.709466776193676196e+01
1.693200535168580245e+01
1.698154948616320326e+01
1.697864662240226608e+01
1.693818753060077142e+01
1.685114845681573570e+01
1.691367870327849232e+01
1.699721749231048307e+01
1.712389876058932714e+01
1.709038584582140174e+01
1.698399442745630950e+01
1.686110310043022764e+01
1.699080681721534347e+01
1.696427494425688565e+01
1.717657670486369170e+01
1.696995273674838245e+01
1.724905634740161986e+01
1.712997000763562028e+01
1.736832590683616218e+01
1.732218036472841050e+01
1.731205173533953712e+01
1.723605648347574970e+01
1.720598188754047442e+01
1.750633376019368370e+01
1.748062076539554255e+01
1.736651092398642504e+01
1.761512134459098888e+01
1.758666299422384327e+01
1.733126280452052015e+01
1.757496066503836118e+01
1.755625622503976047e+01
1.744241185632563429e+01
1.743691649043466896e+01
1.733688410548620595e+01
1.734652255004448307e+01
1.728878743264522200e+01
1.739541264803574450e+01
1.732488626416261468e+01
1.771232336922184913e+01
1.794839857951637896e+01
1.796908357786469423e+01
1.780907232263371043e+01
1.784365997465420151e+01
1.774840065601119932e+01
1.772751324256978478e+01
1.767669380147299307e+01
1.773434868439471757e+01
1.775404738584438746e+01
1.790426539808822781e+01
1.777591428193090906e+01
1.782054129407970322e+01
1.783780678745870318e+01
1.769124153707252844e+01
1.754248495268211627e+01
1.757924906706148249e+01
1.743987833413029875e+01
1.736313872147229631e+01
1.745912695375636758e+01
1.744301315265920493e+01
1.744357720997686556e+01
1.749869635854111038e+01
1.747876760262897733e+01
1.749944959976392056e+01
1.737566764336588676e+01
1.719583418930824337e+01
1.715926476464437656e+01
1.707837552884393517e+01
1.701840272872505011e+01
1.718788050323564676e+01
1.729934339571491364e+01
1.715947937880355312e+01
1.689390148871189012e+01
1.684784633251365449e+01
1.657761851445002321e+01
1.646186639279676456e+01
1.650701342220691004e+01
1.631584737495268200e+01
1.617822834396656617e+01
1.610832584296849745e+01
1.596080464379065234e+01
1.602515091335226316e+01
1.637189385298188427e+01
1.640541878620615535e+01
1.660337966076713201e+01
1.664890428115222676e+01
1.671374845215359528e+01
1.689055914076834597e+01
1.683763570049768532e+01
1.679403297306680543e+01
1.666887081845743523e+01
1.683695579761933914e+01
1.678298666240561943e+01
1.696403347713749099e+01
1.679286074792389627e+01
1.674658495634002975e+01
1.680687091364916341e+01
1.683374775857964778e+01
1.696408482804599771e+01
1.688406973926248611e+01
1.681476126671714155e+01
1.663534615098933500e+01
1.651318217205289329e+01
1.684516114728012326e+01
1.702608369065319494e+01
1.684222178482150412e+01
1.700146915308687312e+01
1.694907005399363698e+01
1.724016978856889182e+01
1.746938392535957973e+01
1.749223129813481137e+01
1.756809542386463363e+01
1.765786041810952156e+01
1.759825212894611468e+01
1.769284706045937128e+01
1.747267321258505035e+01
1.740164780777286069e+01
1.759763339459823328e+01
1.759246177112891019e+01
1.749725909665949075e+01
1.765299204794109755e+01
1.767633214151692300e+01
1.755371883714542491e+01
1.757548258937913488e+01
1.769448381871325182e+01
1.748916662736428407e+01
1.746356554605426936e+01
1.741242888585793480e+01
1.744380604595744444e+01
1.757048611165646435e+01
1.791906736500050101e+01
1.831785045918695687e+01
1.846955416663968208e+01
1.854750437019401943e+01
1.862731061251224673e+01
1.848216704473406935e+01
1.839641071587675469e+01
1.838949237951601390e+01
1.828058111490918236e+01
1.800660600455057647e+01
1.815256422964512240e+01
1.803880802692629004e+01
1.808988770768473842e+01
1.804642635210029766e+01
1.792930849040931207e+01
1.798311043899957440e+01
1.806361866237875802e+01
1.809469521878372689e+01
1.826254230993845340e+01
1.809828770174362944e+01
1.817182251725807873e+01
1.813948789437699816e+01
1.823710300115362770e+01
1.829049848998511152e+01
1.834919638063456659e+01
1.846867423999447055e+01
1.848863841484990189e+01
1.829652494477204527e+01
1.844960105450718402e+01
1.847639418607559492e+01
1.881728878852845810e+01
1.904487279282375312e+01
1.905353761459400630e+01
1.898397384343843441e+01
1.954253313581466500e+01
1.984143211219543446e+01
1.978549538515017048e+01
1.970752695255805520e+01
1.963450697486132412e+01
1.946758248898868260e+01
1.947786034112141351e+01
1.942776499710862481e+01
1.942969305629821974e+01
1.933907792471836729e+01
1.965763391646396485e+01
1.960613691173011830e+01
1.950082845939368781e+01
1.968982991650091208e+01
1.968344472169337678e+01
1.985557957916807936e+01
1.973763349810042200e+01
1.944047830710633207e+01
1.940187019378709010e+01
1.914120390213429346e+01
1.908175424591536284e+01
1.902237998948112363e+01
1.896613175419315667e+01
1.876265348940933109e+01
1.910506871011511976e+01
1.899647475863048385e+01
1.895228564781427849e+01
1.894620138231357487e+01
1.897478654766291584e+01
1.889051212980302807e+01
1.874244712569770854e+01
1.862325240984500851e+01
1.872848980468370428e+01
1.900953512238174881e+01
1.896976866300155962e+01
1.916985113232658478e+01
1.937688533187929352e+01
1.923222236975470878e+01
1.930536022624846737e+01
1.926769443092189249e+01
1.919730994221208675e+01
1.908033565850155355e+01
1.899758226190260757e+01
1.880144588562279750e+01
1.872761300977435894e+01
1.875879531774126008e+01
1.911554848655214300e+01
1.907279439539524901e+01
1.919826185176953004e+01
1.930163580825046665e+01
1.936078008326603594e+01
1.944336558932582193e+01
1.957828616280676215e+01
1.967540084473603201e+01
1.967670539217851911e+01
1.965342966796833934e+01
1.961579126055903544e+01
1.945924820111622466e+01
1.965791920660194592e+01
1.958536298135732068e+01
1.971240415849979399e+01
1.951038717674919098e+01
1.958994391905798693e+01
1.964541940150638766e+01
1.953582131771599961e+01
1.970904156157621401e+01
1.984568250785787313e+01
1.989855816602130290e+01
1.997021960533402307e+01
2.036569268908715458e+01
2.058787099638357176e+01
2.051002570895025201e+01
2.062966854611113376e+01
2.058166689992458487e+01
2.049202926072030095e+01
2.048818507985879478e+01
2.078335049421775693e+01
2.080945900388314840e+01
2.089269767281029999e+01
2.100661271550870879e+01
2.085440144716267241e+01
2.084178431446389368e+01
2.084431690783731028e+01
2.119738320780106733e+01
2.109798018391757068e+01
2.114504404582794450e+01
2.108267084620001697e+01
2.112460246024784283e+01
2.102809041562204584e+01
2.114408534958420205e+01
2.109104904721607454e+01
2.112096609066156816e+01
2.140498857511283859e+01
2.124301217239872130e+01
2.112947622861793207e+01
2.120242477846295515e+01
2.124098410546594096e+01
2.124489384411572246e+01
2.140097358938010075e+01
2.120494951221280644e+01
2.117483285280559357e+01
2.091265535128604824e+01
2.089964171165956941e+01
2.093624960414626912e+01
2.133080970156015610e+01
2.115729692705235720e+01
2.099196589985149330e+01
2.110535826758268740e+01
2.107845127723976475e+01
2.123076794402049927e+01
2.143940343394842785e+01
2.136087337056505930e+01
2.138081663082402883e+01
2.125312108131856803e+01
2.138995071562248995e+01
2.118344450349559338e+01
2.125517104009441027e+01
2.139587267169326879e+01
2.142774061521959084e+01
2.117346196634662192e+01
2.109316274229422561e+01
2.096122920679727031e+01
2.096185087733920227e+01
2.095326121853486256e+01
2.086901769758969749e+01
2.119682222398796512e+01
2.127966887742650215e+01
2.134271514492866118e+01
2.147208346701472692e+01
2.151691195188641359e+01
2.166413386435078792e+01
2.163064928223093375e+01
2.146379389662024550e+01
2.144925606290780706e+01
2.168138859916780348e+01
2.183291204233637472e+01
2.186718317408258372e+01
2.212146807451244968e+01
2.217209258469438282e+01
2.212413702963613105e+01
2.216154652466957486e+01
2.209641256626082395e+01
2.208099244910317793e+01
2.214826339611818184e+01
2.201775393257730684e+01
2.181183323931600171e+01
2.197692476600059308e+01
2.193904819027784470e+01
2.179475247601112642e+01
2.203861039234925556e+01
2.194978655376462484e+01
2.191952163815358290e+01
2.181945480262129422e+01
2.155903646164142629e+01
2.173171026767704461e+01
2.195931591120097437e+01
2.226277382725947973e+01
2.226995784063319661e+01
2.239052530116350681e+01
2.248066824243051087e+01
2.242772450889924585e+01
2.222648346200685410e+01
2.225955814697817914e+01
2.240601226924718503e+01
2.227776390882718260e+01
2.233299318066565320e+01
2.240061298043656279e+01
2.256820852859027582e+01
2.258701331798602041e+01
2.242697049638445606e+01
2.248151965109673256e+01
2.271684856943875275e+01
2.268541629300625573e+01
2.258772411795735024e+01
2.271385239909341180e+01
2.238963567743485328e+01
2.238439614678736689e+01
2.248137709810634988e+01
2.218957046511741282e+01
2.201085001849469336e+01
2.206835996208974393e+01
2.208170361292923189e+01
2.191826783039732618e+01
2.204283973517567574e+01
2.205006725387511324e+01
2.192767095940553190e+01
2.192211331019689169e+01
2.190394373219442059e+01
2.188600747847249295e+01
2.173703070959481920e+01
2.159614259949694315e+01
2.172855316409095394e+01
2.156671940336718762e+01
2.154226105761699728e+01
2.173783111808961621e+01
2.185084914420440327e+01
2.183791959548671002e+01
2.194845262304079370e+01
2.217515779227414896e+01
2.194453197343591455e+01
2.191698122004572724e+01
2.192798450381087605e+01
2.177827729488126351e+01
2.183846300991126554e+01
2.182137864648393588e+01
2.186908385710148650e+01
2.204503297320707134e+01
2.189317167737453929e+01
2.206894634004720501e+01
2.200023997180278457e+01
2.202021980530389555e+01
2.198346548296512992e+01
2.192870818578603576e+01
2.202406114085624722e+01
2.197941172632226881e+01
2.180462084336386397e+01
2.215184235553124381e+01
2.242268304407753021e+01
2.239208171146583481e+01
2.229109168159266119e+01
2.227750986591718174e+01
2.223717667308574164e+01
2.207803127529405174e+01
2.218271675822597899e+01
2.203523082044102921e+01
2.199719015120490440e+01
2.208986130073526510e+01
2.206379788485628524e+01
2.207593531658221764e+01
2.230588902583031086e+01
2.234706012436072342e+01
2.238660959453955002e+01
2.247715977815141741e+01
2.240746833302091545e+01
2.228844942909745441e+01
2.226651033378493594e+01
2.234455831159630179e+01
2.246259792953833312e+01
2.241528595307363503e+01
2.241336228491491056e+01
2.255038295836220641e+01
2.240718582153158422e+01
2.223787284230229488e+01
2.224384516085228825e+01
2.234616318070720808e+01
2.249446984576979958e+01
2.227077840087986260e+01
2.221873030810274940e+01
2.224946424160862080e+01
2.230149747785299041e+01
2.259119189468447075e+01
2.259799710472680090e+01
2.254471967760264306e+01
2.252387658097677559e+01
2.258225726235286857e+01
2.256473080247906182e+01
2.260902748542321206e+01
2.280991826396075339e+01
2.283840291201204309e+01
2.282653367714192427e+01
2.294412813218923475e+01
2.290047283943295042e+01
2.269687135178173776e+01
2.249841119102165976e+01
2.267181634611461050e+01
2.257610645746717637e+01
2.268320350191879697e+01
2.263707182383359395e+01
2.273772193570448508e+01
2.270554862208609848e+01
2.273066569708998941e+01
2.279930784652560760e+01
2.311770479023516600e+01
2.322933095285088712e+01
2.339473434572209953e+01
2.342478971695209111e+01
2.348098923902080060e+01
2.357544155292771393e+01
2.344201241937162195e+01
2.357061308595393712e+01
2.367551233487438367e+01
2.365205563586096105e+01
2.361133901995572160e+01
2.375401101909164936e+01
2.361683788064055989e+01
2.339972902327963311e+01
2.364926299530634424e+01
2.351930927872945176e+01
2.357272725068742147e+01
2.366192329454361243e+01
2.358267583366659892e+01
2.360272899237952515e+01
2.375480399802472675e+01
2.389468783907432226e+01
2.374978228357849730e+01
2.376058680845835624e+01
2.382929550621020098e+01
2.362870549988519997e+01
2.380453218970615126e+01
2.409917038807770950e+01
2.401645470694074902e+01
2.407041822931159913e+01
2.410475475735665896e+01
2.392841581055790812e+01
2.399422271990943045e+01
2.417043488614262969e+01
2.417671205234637455e+01
2.418041580308317862e+01
2.407319131643635046e+01
2.411063197918110745e+01
2.411733075097890833e+01
2.428642375537174303e+01
2.420177622500750658e+01
2.414439419102745887e+01
2.433536333461279355e+01
2.452293402849591075e+01
2.449344786413439579e+01
2.450658530088821863e+01
2.477248198343295371e+01
2.466054125435675815e+01
2.475831419865335192e+01
2.470701518660553120e+01
2.457846435081637537e+01
2.475238633092203600e+01
2.444358446813293995e+01
2.449530494617465592e+01
2.444072841961951781e+01
2.441449610422978367e+01
2.441229104167541664e+01
2.459864980827160252e+01
2.454779343294922000e+01
2.473937471031376845e+01
2.466893848510835596e+01
2.470026786392691065e+01
2.459572202619165182e+01
2.458387133702717620e+01
2.504106206156302505e+01
2.531155801112390691e+01
2.530671589780558861e+01
2.542015918089100524e+01
2.562293112885845403e+01
2.562802244951762987e+01
2.583544493162207800e+01
2.594953318127545572e+01
2.572762291482649744e+01
2.567981374758437596e+01
2.593949050612900464e+01
2.587906369916663607e+01
2.592752593846444142e+01
2.596471473830706600e+01
2.582858313220685886e+01
2.602394572002185669e+01
2.583802601866091209e+01
2.576140324951256844e+01
2.563613631889302269e+01
2.582244328396291166e+01
2.570892781974089303e+01
2.586982207323035254e+01
2.586515611992354025e+01
2.568267750919039827e+01
2.564221725746256197e+01
2.574216086815795279e+01
2.604078864364601031e+01
2.611428018002061435e+01
2.606274766378464847e+01
2.609389640875042460e+01
2.605888753031240412e+01
2.594138830688780217e+01
2.600340193383362930e+01
2.586239855257599629e+01
2.581287013472456238e+01
2.582166401689255508e+01
2.587462299735670967e+01
2.597323834087910654e+01
2.611772891206828717e+01
2.614144004640183994e+01
2.622924783690723416e+01
2.638845913991781345e+01
2.639680103917589804e+01
2.664229057158399883e+01
2.661579556766400856e+01
2.657529190735431257e+01
2.673981324718806718e+01
2.701692002589288677e+01
2.689916209965576854e+01
2.695148625134470421e+01
2.708009597305181160e+01
2.701007416673564876e+01
2.705334023646264541e+01
2.696229360723464197e+01
2.688736481530895617e+01
2.712162472511136002e+01
2.717237089495438340e+01
2.721329235252323997e+01
2.712971305994187787e+01
2.714712790381145169e+01
2.701867031851179490e+01
2.708883513593445969e+01
2.720076344851804606e+01
2.707578752249764875e+01
2.721603363540634746e+01
2.726982091667514396e+01
2.712781229843676556e+01
2.716694962456722351e+01
2.723370346873798553e+01
2.718156190970648822e+01
2.713582533415910802e+01
2.711241924717978691e+01
2.732173008131712777e+01
2.745989925333242354e+01
2.727576042734699513e+01
2.717678362910692158e+01
2.749408853153863674e+01
2.760520096410527913e+01
2.756630890810674828e+01
2.759311483838291679e+01
2.757826969949519480e+01
2.749885094021783516e+01
2.750694010436154713e+01
2.749276414354380904e+01
2.725136730297526810e+01
2.706771386924219769e+01
2.685884283193581723e+01
2.682057333505645147e+01
2.692399936416086348e+01
2.688657807461686389e+01
2.665838507652051703e+01
2.669756849308896562e+01
2.685530320848101837e+01
2.682290851867537640e+01
2.700513719553009651e+01
2.696244256234376735e+01
2.661981562293613024e+01
2.677362942655827283e+01
2.688570937989925369e+01
2.687408837951124951e+01
2.706346478421846768e+01
2.689550451375544071e+01
2.691418338051062165e+01
2.701650674175107270e+01
2.705471902321460220e+01
2.696113600182252412e+01
2.711007550060958238e+01
2.710865496254928075e+01
2.710098476318444227e+01
2.710771637687685143e+01
2.747423065516750285e+01
2.753659650395047720e+01
2.762706750939878475e+01
2.769391579489956712e+01
2.771659236508457980e+01
2.777836829311627298e+01
2.775721492370485066e+01
2.770535111427943775e+01
2.757453057109296424e+01
2.752127051988145467e+01
2.757626628858088225e+01
2.761501802246993975e+01
2.767146819660729307e+01
2.785174423335365645e+01
2.774646041280584541e+01
2.747151198555911833e+01
2.731006851676875158e+01
2.732807372829529413e+01
2.743475737023118199e+01
2.741520997015686589e+01
2.718818583101256081e+01
2.691233081051996123e+01
2.697231874234603310e+01
2.700193512256919348e+01
2.698324435664289922e+01
2.691208630087476195e+01
2.691329433774126301e+01
2.686684234845688479e+01
2.671010925666860203e+01
2.685593763460929040e+01
2.687797174236629871e+01
2.679182538305485650e+01
2.667852394873489175e+01
2.673305978885400691e+01
2.664321498849540149e+01
2.670447887079944849e+01
2.670605617269438881e+01
2.671929090845242172e+01
2.674572152515656853e+01
2.676710288789490733e+01
2.693752207969055235e+01
2.702296192089852411e+01
2.689478569151742704e+01
2.702571661806814518e+01
2.699662531067542659e+01
2.707296236648062404e+01
2.732792205868145174e+01
2.747719535352416642e+01
2.767921939851839852e+01
2.767027560954147702e+01
2.742606034664231629e+01
2.762975654638239575e+01
2.758801751160444837e+01
2.753348270225978922e+01
2.748043813755748488e+01
2.751324803901843552e+01
2.777079143647279125e+01
2.778635831839665116e+01
2.793067940886794531e+01
2.782301208932858572e+01
2.771799955563619733e+01
2.778862988821629187e+01
2.778812832710582370e+01
2.762164166090315121e+01
2.760243168547958703e+01
2.758910412508203081e+01
2.758101639802771388e+01
2.764223653052749796e+01
2.754033715239938829e+01
2.756831321163508619e+01
2.796361433557012788e+01
2.791145913769605613e+01
2.798858691738178095e+01
2.788004043567570989e+01
2.783991272384218973e+01
2.761973257592990194e+01
2.759821184200927746e+01
2.750952464013971621e+01
2.748527888201761016e+01
2.731457954138431887e+01
2.747125494064994200e+01
2.752710961495677111e+01
2.748487782652409805e+01
2.751345120103451336e+01
2.740032635113448123e+01
2.731318677924400617e+01
2.728435741975636120e+01
2.730317567620431873e+01
2.724086479575635167e+01
2.695034824819458663e+01
2.692306336777801334e+01
2.697999180333590630e+01
2.699598947001686611e+01
2.699667677293928136e+01
2.732592495879544003e+01
2.721646068211384772e+01
2.741518501853852285e+01
2.755226885482215948e+01
2.760641009494929676e+01
2.763712582386278882e+01
2.772004987121908925e+01
2.776575548633536528e+01
2.770036687614583570e+01
2.766246953557038069e+01
2.757591852441419178e+01
2.753126400044811817e+01
2.755529301579690582e+01
2.756037330832850785e+01
2.740271382746595918e+01
2.750101775901021028e+01
2.750438155636538795e+01
2.758972233193162538e+01
2.772732189376893075e+01
2.770607098243726796e+01
2.743427634124554970e+01
2.719300367933965390e+01
2.730071177517675096e+01
2.731264242534825826e+01
2.736212225592089453e+01
2.726792801376313946e+01
2.728963339976644420e+01
2.716526030946579340e+01
2.696885825641629708e+01
2.687592272154097373e+01
2.681589683180891370e+01
2.674006395643027645e+01
2.696676144567072697e+01
2.679529129932234355e+01
2.686012015968162814e+01
2.710959907441792893e+01
2.700980241683055283e+01
2.699514246890203140e+01
2.703527795719492133e+01
2.688740249734701138e+01
2.685934627376582284e+01
2.674968947080014914e+01
2.677212046514387112e+01
2.682305996448940277e+01
2.697567764154837278e+01
2.701967516408149095e+01
2.706175415735606293e+01
2.739009803672615817e+01
2.717899578973174357e+01
2.730046338440433829e+01
2.713567508191317756e+01
2.713900284575265687e+01
2.707669330936460028e+01
2.728810179770425748e+01
2.732384193611505907e+01
2.733908732495774530e+01
2.715063239391747629e+01
2.726932964032857853e+01
2.737036990059323216e+01
2.734213354560961307e+01
2.758270897814463751e+01
2.775633891154348021e+01
2.765675507301602920e+01
2.755556979221410074e+01
2.750559037369521320e+01
2.770668299528824718e+01
2.763482079617870113e+01
2.749356654584880744e+01
2.753618440252103028e+01
2.748609756654104785e+01
2.755840807130880421e+01
2.741769612660618805e+01
2.741891310207165589e+01
2.733596080505412829e+01
2.740118761656367496e+01
2.749262635947934541e+01
2.742896706999908929e+01
2.744619910238952798e+01
2.742139913237497240e+01
2.751546344441203473e+01
2.742580274180136257e+01
2.733972765333783173e+01
2.739415945616292447e+01
2.751399822778421367e+01
2.738195734963846917e+01
2.744573842666068231e+01
2.744402806557172880e+01
2.770461430824070703e+01
2.775180416670673367e+01
2.775138499045169738e+01
2.767269191512104953e+01
2.758007283960569112e+01
2.770849276178660148e+01
2.769586769099942103e+01
2.771325037512269773e+01
2.780592861926834303e+01
2.783631814355840106e+01
2.782715736453792488e+01
2.784063498437717499e+01
2.801841850569462622e+01
2.779307281204046376e+01
2.777528687297990473e+01
2.780266801160860268e+01
2.775033152615742438e+01
2.785269060001655816e+01
2.785995358779928210e+01
2.800784746240151435e+01
2.801037987504105331e+01
2.788297146032618912e+01
2.783820671313014827e+01
2.799910068954250164e+01
2.792067536357126301e+01
2.785439960278472427e+01
2.805876405226490533e+01
2.807026382896856376e+01
2.809403204405771248e+01
2.817133450886467472e+01
2.808777299182656861e+01
2.820492584270505176e+01
2.823100466286041410e+01
2.814837536445202204e+01
2.822249105123228219e+01
2.825549624794939518e+01
2.824239373995078495e+01
2.816217004343616281e+01
2.798076989172932372e+01
2.798661697890383948e+01
2.784618442205464817e+01
2.787176775675288809e+01
2.772099417911158525e+01
2.774537783562936966e+01
2.785448407695639617e+01
2.781800516189650807e+01
2.778330923009070830e+01
2.781683026791461089e+01
2.769756856349977170e+01
2.774011341042250933e+01
2.770753995915856649e+01
2.780561190716571218e+01
2.780923553800676018e+01
2.783487688638433610e+01
2.768769317993519508e+01
2.770229911244905452e+01
2.773751374896755806e+01
2.774087306793080643e+01
2.809002079573292576e+01
2.800584574347431044e+01
2.801977440990049217e+01
2.795888779656206680e+01
2.792450447873079611e+01
2.796446479751102743e+01
2.817658491316024083e+01
2.819278485901895692e+01
2.824765665688391891e+01
2.830553009276081866e+01
2.847011257436906817e+01
2.837719706346615567e+01
2.837570624305317324e+01
2.834765933225708068e+01
2.845836023455922259e+01
2.844079414358384383e+01
2.852018682886682654e+01
2.852380874082246009e+01
2.839424459984502391e+01
2.826134249062943127e+01
2.816320768216201031e+01
2.823487981302378103e+01
2.837020052163097716e+01
2.837870205619401531e+01
2.820726129756531009e+01
2.840542554838248179e+01
2.827915345601013541e+01
2.808735622129142939e+01
2.819809607047272948e+01
2.831835995263963923e+01
2.850195109534251969e+01
2.853993863209552728e+01
2.848259008294917294e+01
2.849379280269795345e+01
2.840731191997656424e+01
2.835538035167519411e+01
2.833085761270604053e+01
2.839358979450116749e+01
2.831035996339733174e+01
2.827650442639605899e+01
2.834867938201887227e+01
2.822969505054652473e+01
2.828494292034065438e+01
2.843887427687968739e+01
2.845252033833457972e+01
2.854221699106437882e+01
2.851817572205663964e+01
2.857536964268092561e+01
2.844977183898618023e+01
2.855901932067581583e+01
2.854651032504125396e+01
2.854299580593215069e+01
2.848536342939814858e+01
2.833176526965780795e+01
2.816618980913744963e+01
2.814139878204741763e+01
2.800303165528293903e+01
2.786364149191331308e+01
2.790611770748682829e+01
2.782032344905019272e+01
2.784221818563946726e+01
2.777050179775142169e+01
2.785124383345419119e+01
2.788516869255454367e+01
2.795680068448109523e+01
2.778869450734873681e+01
2.774051492453645551e+01
2.776142000640902552e+01
2.803387616587087905e+01
2.788122942891732237e+01
2.801079489476342133e+01
2.808824458902381593e+01
2.811303595136405420e+01
2.806785861550952177e+01
2.802455519181694399e+01
2.798538394111346861e+01
2.796246328841152717e+01
2.783285338315863555e+01
2.762746017092604234e+01
2.777229982422431931e+01
2.784259506012767815e+01
2.773780682683127452e+01
2.770149019975269766e+01
2.771453132397209629e+01
2.769687578088451119e+01
2.761191223800096850e+01
2.758474712466886558e+01
2.764894590078802139e+01
2.761815741207919928e+01
2.761172778602258404e+01
2.751726393822627870e+01
2.738679597671716692e+01
2.741930802940851208e+01
2.754276304311633794e+01
2.753593337517395412e+01
2.751102284706257706e+01
2.742748035793374584e+01
2.741128206978783055e+01
2.754614696020325937e+01
2.769006537763516462e+01
2.774917077349255123e+01
2.770851958398407078e+01
2.778358568518979155e+01
2.769098731489202692e+01
2.772540568563908892e+01
2.766736544694094846e+01
2.776743175476303804e+01
2.788078790214967739e+01
2.803774842916618582e+01
2.789008169840417395e+01
2.781851649911186541e+01
2.777773031875949528e+01
2.768861628248487250e+01
2.757743721260021630e+01
2.758778683282298516e+01
2.754873947881196727e+01
2.758813383631922989e+01
2.765770185930523439e+01
2.759636289570198642e+01
2.766350260165972941e+01
2.766988454249303686e+01
2.763150756625645954e+01
2.757252365496651692e+01
2.755938521787766149e+01
2.759176268921601149e+01
2.738655504261396345e+01
2.719178485878319407e+01
2.728387161663249572e+01
2.722063892654387018e+01
2.717924847493532070e+01
2.706759951680533050e+01
2.708387530425443401e+01
2.707256906961674758e+01
2.713182349127464477e+01
2.707470108346524285e+01
2.699015521446335697e+01
2.694480419748242639e+01
2.700992772640256590e+01
2.705064069000036397e+01
2.717774869610684618e+01
2.714983008755734772e+01
2.722699641829967732e+01
2.715605709822921199e+01
2.711409206486996482e+01
2.722473093358667029e+01
2.724476642198624177e+01
2.719694114614230784e+01
2.711244533046829019e+01
2.713500041463794332e+01
2.707629558872940834e+01
2.712866951597607112e+01
2.704608615381721393e+01
2.695713460142724216e+01
2.704718710632323564e+01
2.703818074276478001e+01
2.699709610682202765e+01
2.706733181402660193e+01
2.699576864616574312e+01
2.690161719356729009e+01
2.668336083194162711e+01
2.669423677762324587e+01
2.663972082780537676e+01
2.650693056748923482e+01
2.636818878216672601e+01
2.641323077984361589e+01
2.639084844911121763e+01
2.634719752086584776e+01
2.623508322273937665e+01
2.617652857559187396e+01
2.612775533958301821e+01
2.610191487370047980e+01
2.609088748977046635e+01
2.605756792303736802e+01
2.603005528483799935e+01
2.597867261772262282e+01
2.594821893587322847e+01
2.612144996930192065e+01
2.597806751575080852e+01
2.592448608835729829e+01
2.578861088037365334e+01
2.579732134620007855e+01
2.598213070708152372e+01
2.601848867942635479e+01
2.609834212772375395e+01
2.601673272667358106e+01
2.586807903719682145e+01
2.605232999716872655e+01
2.596549624655790467e+01
2.597867522395836204e+01
2.597837149055749251e+01
2.598650791203817789e+01
2.589550227290146722e+01
2.594642812265965404e+01
2.600307845709676258e+01
2.598098845651111333e+01
2.589836116308561031e+01
2.590835499320473900e+01
2.596100420970606137e+01
2.595085990655707064e+01
2.604245791569655921e+01
2.580165158477484511e+01
2.588658466843162387e+01
2.587731225017250836e+01
2.590859934279387744e+01
2.596485050310275255e+01
2.603814893454591584e+01
2.611213078428818335e+01
2.604354835469803220e+01
2.608938444805107792e+01
2.622033999649056568e+01
2.640423978655371684e+01
2.644872513619793608e+01
2.648274118188419379e+01
2.669198340357206689e+01
2.671771340100849557e+01
2.668084362113586394e+01
2.667162162203521802e+01
2.690675400855616317e+01
2.699011032640964913e+01
2.704929671623267495e+01
2.695359019377474397e+01
2.691228837486005432e+01
2.691870214336222489e+01
2.695872440974198980e+01
2.703389737534416781e+01
2.692683227436191373e+01
2.685917068922844919e+01
2.683521854267337403e+01
2.692744345247592719e+01
2.696831715036341848e+01
2.693464936102145657e+01
2.678553294469020329e+01
2.665715008718507306e+01
2.654927003824332132e+01
2.653662211297114482e+01
2.644064250385463311e+01
2.630352687030563175e+01
2.624443144619863233e+01
2.625485044936021950e+01
2.644117719313908310e+01
2.637237449752410612e+01
2.632642093314734666e+01
2.630713630406216907e+01
2.631269157248152624e+01
2.630032493472936039e+01
2.635001818568662202e+01
2.632742529743018167e+01
2.638296059480762779e+01
2.640297041481380802e+01
2.634491888990760344e+01
2.631507131800162824e+01
2.631535754830520091e+01
2.626060352628974215e+01
2.622851867840972773e+01
2.616133733156311791e+01
2.611427503830009300e+01
2.611084943479818321e+01
2.609174793041393059e+01
2.608280272350521045e+01
2.611859843216598165e+01
2.608726051460780582e+01
2.604468909731031090e+01
2.610996701052727076e+01
2.608262690820401986e+01
2.607247183192566808e+01
2.606238922139345959e+01
2.603783529756174175e+01
2.601774077838672383e+01
2.596161687402900498e+01
2.601370690426301735e+01
2.605018548572206782e+01
2.602697057298109939e+01
2.600165153272564567e+01
2.601194701988924862e+01
2.600770186293857478e+01
2.597071920710004633e+01
2.598409494610541515e+01
2.600500510261781528e+01
2.600304785663138318e+01
2.595679525631521756e+01
2.597041039614441615e+01
2.595046258804086392e+01
2.597792439787235708e+01
2.599217245365480267e+01
2.597465011695658177e+01
2.595331156229576663e+01
2.595467394987053922e+01
2.590534842498936996e+01
2.586940759122489908e+01
2.584927182178716976e+01
2.588483846162716873e+01
2.582224460132465538e+01
2.583761983444946964e+01
2.580820670390403393e+01
2.580175798553727873e+01
2.577356979457499619e+01
2.574597323990974473e+01
2.571243214181458825e+01
2.570467163834427993e+01
2.570259606041554434e+01
2.569830762671199409e+01
2.564922194454175042e+01
2.563794626305616475e+01
2.559455104151902560e+01
2.563430189480504851e+01
2.558497451052471661e+01
2.555920314007744309e+01
2.554741729176066656e+01
2.555325991500512828e+01
2.552356539735319529e+01
2.551355965323182318e+01
2.550933733941428727e+01
2.550329893218258803e+01
2.553903784848171199e+01
2.555877050469098322e+01
2.553982915281585520e+01
2.550859775926164730e+01
2.543556881485892518e+01
2.546844551830463388e+01
2.541322074838990375e+01
2.543837767914237702e+01
2.542961728121372289e+01
2.538387973545468412e+01
2.537699338700986118e+01
2.534028386065710947e+01
2.544941899835112054e+01
2.548129586149570969e+01
2.546227969674009728e+01
2.545348096595171228e+01
2.550517834561242125e+01
2.550022696843188896e+01
2.549481518089260135e+01
2.541912338293514040e+01
2.537982895856976029e+01
2.541370250648378715e+01
2.541977202221778498e+01
2.537100549475508160e+01
2.532062385953076955e+01
2.528799521518294569e+01
2.521442523718906159e+01
2.518701525941469299e+01
2.518785280984047859e+01
2.517808960552656572e+01
2.519410271314382044e+01
2.517758073502045590e+01
2.515235419813052431e+01
2.520755844640507348e+01
2.514248551598302583e+01
2.512707129132058981e+01
2.515118779472322785e+01
2.510292943858030412e+01
2.507484547693366039e+01
2.510743288414641938e+01
2.510926917459528340e+01
2.508817812209827025e+01
2.508864641052514344e+01
2.506534317571686188e+01
2.512503621066753112e+01
2.510748556050475599e+01
2.513021246905327644e+01
2.512149957403744338e+01
2.510731680782373587e+01
2.510183926754370987e+01
2.504426268520046506e+01
2.498710330448511741e+01
2.491509137810271568e+01
2.494312454603596052e+01
2.494233223614173767e+01
2.488628975731444370e+01
2.487384275651356802e+01
2.489771932704570645e+01
2.485676777665139525e+01
2.486181004679110629e+01
2.482040555996354669e+01
2.479269480561561068e+01
2.476219188069626398e+01
2.472549620249355939e+01
2.475765972066756149e+01
2.474649430473391476e+01
2.469712050413727411e+01
2.468373057431563211e+01
2.466377184279735957e+01
2.466085038469918800e+01
2.464768156589661885e+01
2.461562508187307685e+01
2.461888872691133656e+01
2.465766396090248236e+01
2.467259844976706518e+01
2.470286362746401210e+01
2.469786011930318637e+01
2.465270646026692702e+01
2.462651982301076714e+01
2.461619604417228402e+01
2.459119681337097063e+01
2.460749345393332987e+01
2.457794526629777465e+01
2.457158199684408828e+01
2.454283149552748000e+01
2.453969711141144217e+01
2.457617018588825886e+01
2.455452484751367592e+01
2.460052151530271658e+01
2.458733994859949235e+01
2.459492035418952582e+01
2.457383258172376372e+01
2.454304591382606304e+01
2.447873313188392785e+01
2.447678671277753892e+01
2.446665967621083837e+01
2.448179763203188486e+01
2.446861814995463646e+01
2.447767453272626881e+01
2.446273487180587836e+01
2.446918151175486855e+01
2.441115134157962530e+01
2.443735763038648656e+01
2.440748440005427256e+01
2.435307209934626371e+01
2.435281224183518134e+01
2.428391825739618071e+01
2.427491091046522342e+01
2.428290554770273957e+01
2.436502059961094346e+01
2.439065590817244811e+01
2.438934582756382952e+01
2.441399420994684988e+01
2.442526804922727024e+01
2.442809775984324006e+01
2.445735701775629423e+01
2.439459583275720433e+01
2.438779378221715888e+01
2.442178229569844916e+01
2.441951775963798354e+01
2.446893260825572725e+01
2.450811853292952947e+01
2.447965654012523373e+01
2.445049386775508538e+01
2.443339943462751762e+01
2.443421936227014157e+01
2.443312243192394817e+01
2.447620330168774672e+01
2.441732243909928002e+01
2.437492075915042733e+01
2.437776449539751411e+01
2.438160249716474937e+01
2.440716442875191206e+01
2.448030955140575315e+01
2.452697442902581315e+01
2.449739517005036760e+01
2.452703792908187097e+01
2.452726166056845614e+01
2.450803794732610186e+01
2.448695686280325390e+01
2.445451836390657263e+01
2.444284196871558379e+01
2.443167310599073971e+01
2.442762475756489948e+01
2.440550843264099967e+01
2.438144217034596295e+01
2.437776655160860173e+01
2.436069562081593176e+01
2.436335359251734189e+01
2.435391194692874706e+01
2.430037724039675595e+01
2.427020544891411191e+01
2.427986544408759073e+01
2.429090397458367079e+01
2.425995223426434677e+01
2.421787781908778925e+01
2.425157558170667471e+01
2.421135883451279369e+01
2.418730168836327721e+01
2.414422506582968708e+01
2.412864064026143751e+01
2.407090118369433185e+01
2.403084384771364057e+01
2.401591060970395120e+01
2.394238925749323244e+01
2.398687360278427150e+01
2.392931279254617039e+01
2.388373220291941834e+01
2.385629150926706643e+01
2.383517718851726386e+01
2.385636781101220549e+01
2.382400979583144363e+01
2.382470233097865275e+01
2.386208259218437888e+01
2.385268666291403861e+01
2.381018937904036648e+01
2.383902968561460511e+01
2.376322524980241724e+01
2.380114234196344114e+01
2.379295531861771451e+01
2.382127077889981592e+01
2.379549852741456561e+01
2.374032401854810814e+01
2.374037145437432628e+01
2.376989606093911789e+01
2.373649709010896913e+01
2.375552807061603744e+01
2.376415918332349975e+01
2.375080236526264343e+01
2.372604946657929759e+01
2.373449697467412989e+01
2.372931261656549395e+01
2.375481400075977945e+01
2.370848398799989809e+01
2.366847730374820458e+01
2.367992752793497857e+01
2.371771883404699111e+01
2.376258437109981969e+01
2.378401070420068208e+01
2.377083098589901056e+01
2.386424344461420333e+01
2.384780624292898210e+01
2.380242862269278703e+01
2.383607387670008393e+01
2.384219493712544136e+01
2.386174145029735882e+01
2.384907085856866615e+01
2.381546668542387124e+01
2.378136605676581894e+01
2.375934595122680548e+01
2.375859105663448645e+01
2.379749143867093153e+01
2.381437217865641287e+01
2.376446108198615548e+01
2.373208584552730827e+01
2.370520920831313560e+01
2.369995851410931209e+01
2.369341945965652485e+01
2.367435130889816719e+01
2.359835420392118976e+01
2.362527599226814345e+01
2.362318766551288718e+01
2.365779111965912307e+01
2.361421062190856901e+01
2.359536214322588421e+01
2.358314434121621161e+01
2.355714131297600034e+01
2.350694042118129801e+01
2.352239704887051630e+01
2.352026170623548751e+01
2.355471958631687812e+01
2.362167646507259633e+01
2.359222482028917511e+01
2.359754331346948675e+01
2.363633070848072748e+01
2.364925136315287091e+01
2.361336911697208052e+01
2.368165627592497913e+01
2.362730464817786924e+01
2.361793769212408733e+01
2.352638134829612682e+01
2.353588009640225209e+01
2.356298963899553200e+01
2.358081751578629337e+01
2.358779811716158292e+01
2.350067763023889711e+01
2.345503314700908959e+01
2.347047399473831319e+01
2.348596946523866791e+01
2.344977207401871055e+01
2.341945844140491317e+01
2.341523276969928702e+01
2.341814819145110960e+01
2.343236871750423234e+01
2.344734601735035540e+01
2.340703926804326329e+01
2.343824417999258003e+01
2.338814843777481656e+01
2.347901808203869223e+01
2.348954958734475440e+01
2.356441251832848138e+01
2.359404081222737659e+01
2.355039170613099486e+01
2.356484758674287150e+01
2.349650777797251067e+01
2.351807863097883455e+01
2.355468475815723650e+01
2.359156620282783479e+01
2.356778917006840857e+01
2.365557170575084456e+01
2.366687117798301188e+01
2.374781118319970119e+01
2.373998104491511185e+01
2.369350767002561042e+01
2.375273926792624479e+01
2.375775575977604603e+01
2.375716004237756351e+01
2.377043466068607813e+01
2.374606641152013253e+01
2.373152342277489879e+01
2.370649834111191012e+01
2.364260139844145669e+01
2.363503883423800289e+01
2.355229849553143140e+01
2.357839768854910290e+01
2.355642153026246888e+01
2.354319263848810806e+01
2.359106913657615223e+01
2.353657302210285707e+01
2.359557632554879092e+01
2.361061163970180132e+01
2.364019466378931611e+01
2.368738313403991924e+01
2.377904124115275408e+01
2.379373965092963772e+01
2.382565698165853973e+01
2.384046747689990298e+01
2.378680922282956089e+01
2.377693749841000681e+01
2.378590781318462177e+01
2.386526853172108531e+01
2.389862109233763476e+01
2.391730592621752294e+01
2.387776622655201209e+01
2.381698273108850117e+01
2.378308052102602232e+01
2.384757735552420854e+01
2.380362120572090134e+01
2.372309430360883198e+01
2.378677035299597264e+01
2.373234472749390989e+01
2.369466697459938587e+01
2.361417528165975455e+01
2.361199291050024840e+01
2.365237471665341218e+01
2.366399840043186487e+01
2.368046673801609359e+01
2.365926965783501146e+01
2.362513649400307258e+01
2.363404143955085601e+01
2.359330976338969776e+01
2.360516866885973286e+01
2.360587187994406122e+01
2.359222793223307235e+01
2.358126798734747354e+01
2.355492703732215887e+01
2.357044786145570470e+01
2.350986805169850413e+01
2.349120760053574486e+01
2.350230298570340892e+01
2.348230722319476627e+01
2.343836293763615686e+01
2.345053405840735650e+01
2.344564195222392300e+01
2.335087838745312183e+01
2.333266775330912424e+01
2.331094682648472372e+01
2.327471006824862343e+01
2.329231747864560020e+01
2.332027604714812696e+01
2.325568915227995603e+01
2.317216350787748524e+01
2.323628260792975198e+01
2.321567994780252775e+01
2.319376608118363947e+01
2.317701898093037016e+01
2.317751319089529716e+01
2.322716547763775452e+01
2.320616494611113012e+01
2.318142033529284163e+01
2.317870133171481939e+01
2.313963863387516540e+01
2.311084308044155478e+01
2.312148479147253965e+01
2.310327312990739301e+01
2.313999088709852003e+01
2.311181769215954773e+01
2.310481367605143532e+01
2.307221447139590964e+01
2.304994720807508202e+01
2.304335628082844778e+01
2.308355159596158046e+01
2.307169108709013017e+01
2.313158945887971640e+01
2.316423414718701679e+01
2.317888622170812596e+01
2.316078557605351307e+01
2.320073596920292403e+01
2.317020050408655152e+01
2.317089786013002595e+01
2.315205751169742143e+01
2.319129395714162456e+01
2.322191019615365803e+01
2.318692512972802433e+01
2.326205789900313903e+01
2.328426593926860733e+01
2.334439679691968195e+01
2.333701633069676973e+01
2.332204345918535182e+01
2.333035015437826587e+01
2.329370394400075384e+01
2.329575475765886949e+01
2.329195825015494847e+01
2.332085177871977066e+01
2.329806474270162653e+01
2.326164678120267126e+01
2.322804477054296513e+01
2.323539990712879444e+01
2.322130796156852739e+01
2.322383586388241383e+01
2.317727715808678113e+01
2.318921020289599255e+01
2.313969832109478375e+01
2.312907709475803131e+01
2.313119921058341788e+01
2.312450229034902804e+01
2.319689726537080787e+01
2.320006184092289914e+01
2.321830698140820459e+01
2.317872703791999811e+01
2.317713839027692302e+01
2.316812470084914821e+01
2.313271015042391809e+01
2.309855942804824736e+01
2.311779235367430374e+01
2.311202703655271762e+01
2.304618858013100180e+01
2.304056489768800020e+01
2.307300287694215513e+01
2.307916939306142012e+01
2.301711743051009762e+01
2.304854660414594036e+01
2.298517209529791216e+01
2.300273875016318925e+01
2.293855179848515036e+01
2.294718833244905909e+01
2.294552031207604159e+01
2.299997936994759584e+01
2.298558134908671491e+01
2.297212126884505778e+01
2.296534743516485833e+01
2.297483328089538190e+01
2.303683258010141799e+01
2.303117000733027453e+01
2.302215240822215492e+01
2.304399651426456330e+01
2.302796100252407996e+01
2.302183579463689966e+01
2.299728380071337597e+01
2.301477087126113474e+01
2.295439085599718965e+01
2.297005517623665583e+01
2.300210945039498256e+01
2.298056603747181725e+01
2.293714467908102961e+01
2.292130937688580161e+01
2.297047886888549328e+01
2.300572855854306908e+01
2.303280267766194811e+01
2.303360588713394463e+01
2.306097543448549914e+01
2.299571082398870203e+01
2.296297050051862243e+01
2.292375874393746926e+01
2.289696520212237374e+01
2.285109617026637352e+01
2.284654960424495584e+01
2.282388435842995023e+01
2.283657194852867178e+01
2.282867595549987527e+01
2.282294362368611473e+01
2.285780944142925364e+01
2.286564464828643395e+01
2.281468955873879167e+01
2.274185675885746605e+01
2.273470046769534747e+01
2.274694505914430920e+01
2.266570191863411310e+01
2.268924368940542990e+01
2.262877427709099720e+01
2.258908749689180695e+01
2.259405349696544363e+01
2.252156161448328930e+01
2.250477269675775460e+01
2.249772020993668775e+01
2.250801086099181703e+01
2.251379037552351292e+01
2.253312564442603616e+01
2.251609176618694619e+01
2.248235201093075375e+01
2.247168266676635540e+01
2.249885841870036529e+01
2.247567202403706688e+01
2.247385227129052510e+01
2.241870305377460681e+01
2.235570452301317346e+01
2.235054018579330659e+01
2.236447425083269991e+01
2.236306825525571185e+01
2.233308935890090652e+01
2.232104892327197376e+01
2.230477898790741165e+01
2.228944620945412680e+01
2.227262013357085380e+01
2.223856560883723432e+01
2.226916049555529753e+01
2.224586696608366765e+01
2.227654534422163124e+01
2.221326254223868091e+01
2.221388143681269867e+01
2.220409041994116706e+01
2.222417674522239395e+01
2.219646388368028056e+01
2.218794062668439437e+01
2.223230009000917562e+01
2.224523975975216672e+01
2.220652055316350015e+01
2.219170574867166579e+01
2.223039314022753388e+01
2.226690392778937166e+01
2.223499654363558875e+01
2.229448583015027907e+01
2.229805102036789322e+01
2.231127679652172446e+01
2.228949886720465656e+01
2.230452550200561745e+01
2.233197045431961669e+01
2.234804487736209921e+01
2.232407971595011986e+01
2.234254630823352272e+01
2.233118752179279909e+01
2.234224041780271364e+01
2.231832511823085952e+01
2.231717609208817521e+01
2.230246330281306655e+01
2.227496788480220857e+01
2.224886425102886278e+01
2.225945431308264233e+01
2.226120998811074969e+01
2.225400439142958930e+01
2.225276723218030384e+01
2.224089937023836683e+01
2.219965128337662463e+01
2.215310759855401557e+01
2.213372177755127268e+01
2.218742740201332708e+01
2.215671937680599513e+01
2.215416771085983783e+01
2.213371256866230397e+01
2.210362478576917056e+01
2.213041034798379769e+01
2.215472587453768938e+01
2.209315435413645901e+01
2.209708530501075074e+01
2.211664329240284133e+01
2.207700042095802928e+01
2.209036932624258043e+01
2.202556988174683283e+01
2.201117718771502041e+01
2.195395539108767480e+01
2.194573009167788769e+01
2.193744792874485938e+01
2.190689180083563770e+01
2.192240067597595043e+01
2.194235653305349842e+01
2.194776521924814006e+01
2.195491335274800804e+01
2.194619644288377458e+01
2.194098783727167756e+01
2.192549927243135244e+01
2.188607806879463169e+01
2.186890111168759177e+01
2.183076970063075350e+01
2.183249437316499098e+01
2.177235229825373608e+01
2.174475639340607813e+01
2.167630766486672655e+01
2.162786613261096136e+01
2.161748768145707800e+01
2.164540297577832462e+01
2.164958715457623839e+01
2.163716688348404205e+01
2.159183141946778051e+01
2.158243539196701022e+01
2.163127522455715734e+01
2.165668041509979957e+01
2.168619570831288002e+01
2.169950212976118564e+01
2.172439929560232486e+01
2.178804751826646680e+01
2.177207322297044811e+01
2.174710134866018052e+01
2.173055410083770767e+01
2.171392246520372282e+01
2.178468560444252944e+01
2.178255574389504545e+01
2.172566554821787577e+01
2.163914944762154846e+01
2.167118628724665541e+01
2.165699061601480935e+01
2.165570396658404206e+01
2.168418985151538436e+01
2.169808616576392524e+01
2.169909982710896656e+01
2.170632333700268646e+01
2.171200223366349746e+01
2.172905559324181013e+01
2.164978360213763153e+01
2.161591986708435797e+01
2.166162871010237723e+01
2.164733857180635823e+01
2.163485261853611519e+01
2.164264231704191843e+01
2.162036305218089183e+01
2.161767749761202140e+01
2.158613178612449701e+01
2.158143070974711009e+01
2.156113232716279526e+01
2.156813468117434240e+01
2.153319687411612904e+01
2.149645708342723083e+01
2.149073375273064812e+01
2.149807626465599242e+01
2.151597028529477029e+01
2.151683362721269077e+01
2.149091031215948533e+01
2.146778005851547277e+01
2.141322911629140435e+01
2.144030207718378733e+01
2.141377197360861828e+01
2.143771821810150868e+01
2.139827744940839693e+01
2.140506523919339088e+01
2.138554035863398894e+01
2.147235386949068925e+01
2.148984544918812389e+01
2.147873245232085537e+01
2.147733400955621619e+01
2.148924729098416719e+01
2.151935654359385808e+01
2.153352607492115567e+01
2.152745852418138384e+01
2.151025533130268741e+01
2.149409331243896304e+01
2.148706839752412634e+01
2.148273368597983790e+01
2.149112999074395702e+01
2.147868785602167918e+01
2.151645029857763802e+01
2.155131868055741506e+01
2.156842027782022342e+01
2.151468350469303914e+01
2.146288268863781923e+01
2.146964923323730545e+01
2.149911376594127432e+01
2.144591275130733266e+01
2.143188075682564886e+01
2.138165527750834372e+01
2.136665902209097112e+01
2.131935772963834097e+01
2.136770813794373680e+01
2.134701208724482058e+01
2.134909508941609602e+01
2.125448942707862443e+01
2.122061447075202523e+01
2.119353857139958563e+01
2.124390613779678461e+01
2.127519214942049075e+01
2.126018110965151209e+01
2.127194410619586051e+01
2.127524256920605694e+01
2.124320986711018122e+01
2.118482851210410445e+01
2.120088566948561493e+01
2.118503014743055246e+01
2.117309496250709344e+01
2.118629080276377863e+01
2.117743034644217914e+01
2.117408561038882908e+01
2.120493823912784137e+01
2.121694934084371198e+01
2.117752502360917788e+01
2.113514284654183939e+01
2.110274337466125871e+01
2.111599834359503802e+01
2.111746928650745758e+01
2.108025966196555601e+01
2.106375929545401959e+01
2.105059887074003200e+01
2.107975782865241854e+01
2.107752717783523622e+01
2.104407248840971079e+01
2.105965431281265410e+01
2.105905723371915883e+01
2.103508334180560269e+01
2.103049015446777048e+01
2.099697382672820822e+01
2.100951274698809357e+01
2.096649188125047658e+01
2.095837791846179243e+01
2.089618898728758722e+01
2.089270240768382791e+01
2.085619289274200128e+01
2.087820854224037248e+01
2.090354577840298589e+01
2.086160325424452822e+01
2.088274179461132007e+01
2.087735165819640315e+01
2.086939572110804875e+01
2.087973132963497847e+01
2.088158745997816368e+01
2.085642481722834418e+01
2.091780426166178586e+01
2.084941045699224560e+01
2.086946898638780112e+01
2.084123898941743391e+01
2.085558305391077738e+01
2.085458245738118421e+01
2.087237128720971668e+01
2.086089133638643034e+01
2.092001615290882910e+01
2.091516005564017178e+01
2.093701494651077155e+01
2.095309568816355750e+01
2.089755164185226022e+01
2.090188554070709870e+01
2.086829912458142644e+01
2.091368781947994648e+01
2.090845511647057720e+01
2.091871336022040850e+01
2.091547502999719654e+01
2.093240217389165991e+01
2.090971751038796356e+01
2.093454650158946606e+01
2.095509579537429090e+01
2.090342510349864824e+01
2.087714401538551101e+01
2.087459907254287828e+01
2.087071214960315046e+01
2.087469334565366808e+01
2.084761338895850713e+01
2.084325631084539054e+01
2.082272358697991876e+01
2.082281893937397399e+01
2.081999030299766673e+01
2.080424216454730413e+01
2.084512088186966139e+01
2.082023032747383695e+01
2.084924101590740975e+01
2.085124506649435716e+01
2.085231680389279063e+01
2.090475457903767165e+01
2.089950923008655082e+01
2.088437936547734353e+01
2.091440793895117167e+01
2.088611553768123485e+01
2.089870771654250348e+01
2.093363229462556774e+01
2.090009927265282386e+01
2.090699836771545961e+01
2.092810081881771112e+01
2.089223558169578610e+01
2.096480512059315515e+01
2.096307756660007726e+01
2.095485391576903567e+01
2.094921731682552490e+01
2.094845759761392401e+01
2.095200317200487916e+01
2.098343433121499402e+01
2.097251938303406860e+01
2.093941453150273446e+01
2.090011839088037959e+01
2.091624192033486906e+01
2.088381445736831665e+01
2.089898375840448352e+01
2.086215947638447687e+01
2.085372490395047862e+01
2.084426789094823107e+01
2.087272327860182486e+01
2.087866830154462150e+01
2.089725984757933475e+01
2.093334679279178090e+01
2.091218837990390966e+01
2.089312516066547687e+01
2.091850054188489594e+01
2.093696595841765884e+01
2.092092176925143576e+01
2.091748841940534476e+01
2.089224238522365340e+01
2.086882890041624705e+01
2.089292819009915547e+01
2.085570108488172991e+01
2.086387901016587421e+01
2.084903989724080020e+01
2.077885746389665655e+01
2.079435780885341956e+01
2.076857843227389822e+01
2.076501827304036851e+01
2.075457766410590921e+01
2.072869292585119183e+01
2.070017234951365026e+01
2.067736022182589295e+01
2.064147647404070085e+01
2.059915956627310152e+01
2.055418561277201661e+01
2.059627482049563696e+01
2.063218943908532310e+01
2.056401598994079905e+01
2.052739206796559301e+01
2.054207080172818678e+01
2.054542154147566180e+01
2.052487770787956833e+01
2.053681070672655551e+01
2.047116810924762831e+01
2.041929589756091445e+01
2.042612149953129119e+01
2.040616640907774126e+01
2.039549607540493525e+01
2.036456004835281419e+01
2.037913702344894773e+01
2.038346555713178532e+01
2.035567829438195986e+01
2.034762065089944372e+01
2.035937670242947206e+01
2.033674674044050334e+01
2.034793515817591469e+01
2.032292715112089354e+01
2.032523187385049823e+01
2.030686187984701974e+01
2.033497577208481744e+01
2.034260400527864476e+01
2.032333967341128300e+01
2.030335198658531226e+01
2.028839913710680776e+01
2.026745494442138806e+01
2.028246180056839876e+01
2.027030194555300113e+01
2.022184717295158407e+01
2.019608973302865707e+01
2.016430796786971769e+01
2.011660533541089535e+01
2.009594885315982538e+01
2.010567387843639153e+01
2.013932456956217720e+01
2.010094472124228560e+01
2.005680846570885478e+01
2.004999766618539070e+01
2.004481992961245851e+01
2.008310100661219622e+01
2.006568411288662901e+01
2.011320707940330976e+01
2.011354362292559017e+01
2.012564908595368252e+01
2.014841559568685625e+01
2.012474827838059355e+01
2.018461888624187850e+01
2.022447224645657116e+01
2.029186498089302404e+01
2.024335833053282840e+01
2.021838325768749201e+01
2.020188869751245875e+01
2.019634957111566109e+01
2.017758872841977791e+01
2.017674924769471545e+01
2.019040101616337779e+01
2.015829135045260045e+01
2.015675018935280605e+01
2.013021429291620734e+01
2.013857528388189166e+01
2.011372178213059669e+01
2.009611223894717114e+01
2.008221450870587432e+01
2.007468610225532757e+01
2.005319238810216120e+01
2.007356510442878061e+01
2.003843283616288318e+01
2.002478886634798982e+01
2.003015676440054449e+01
2.003187473465141011e+01
2.000483006223021221e+01
2.003604279527371546e+01
2.002852345724568295e+01
2.000860410797668010e+01
1.996093844086499303e+01
1.994648824387377317e+01
1.991606092104802883e+01
1.989036629405109124e+01
1.987992364287947566e+01
1.986926447499945425e+01
1.980898328700050115e+01
1.980817796600831571e+01
1.982718532058197525e+01
1.985886479907321700e+01
1.988477513805946728e+01
1.987590031972786164e+01
1.985976941957778763e+01
1.985441322013866738e+01
1.987540038411361820e+01
1.986239229162947595e+01
1.981533600063812628e+01
1.979250698933810781e+01
1.980326605722939348e+01
1.974552660767085399e+01
1.974012574673633935e+01
1.971026479033434953e+01
1.972448168391883883e+01
1.972416853709228235e+01
1.975088130181848101e+01
1.971629077408078956e+01
1.974317510704759115e+01
1.974633838489171467e+01
1.974274016060508075e+01
1.973142830074721132e+01
1.969022975608459092e+01
1.970679749923647250e+01
1.968348883715907505e+01
1.969496571661056805e+01
1.970770301936408941e+01
1.974098388464381060e+01
1.979118900841876894e+01
1.979365882288857392e+01
1.977132430692836351e+01
1.978367663412700495e+01
1.976182880178339474e+01
1.977576870593475178e+01
1.977025876370316837e+01
1.979495183265225933e+01
1.977497158436017344e+01
1.978960164085037832e+01
1.979132891375866166e+01
1.979666623659159086e+01
1.983064289751519027e+01
1.986963137056318374e+01
1.986423437465600728e+01
1.987274472462240738e+01
1.985982769636939338e+01
1.989860167536744484e+01
1.988415572802614406e+01
1.988119896162288569e+01
1.986820960502518574e+01
1.989682753165698159e+01
1.989379093247862329e+01
1.989162244420504067e+01
1.994359498404855913e+01
1.994291504362308842e+01
1.991338603351096026e+01
1.988413861023809659e+01
1.984572842016996219e+01
1.982238828159552213e+01
1.984559280038638462e+01
1.981541245785410865e+01
1.981537647208415365e+01
1.983033423855840738e+01
1.984150984191546740e+01
1.984112201125435604e+01
1.984932557363617889e+01
1.988537482742913198e+01
1.982197038988715576e+01
1.981458578957335703e+01
1.981553839193156819e+01
1.981169544086515089e+01
1.984355789448773066e+01
1.980734407714771805e+01
1.979488114670084542e+01
1.982120259362909565e+01
1.983446752807913072e+01
1.979559134955798072e+01
1.977174517680805366e+01
1.979451546907057491e+01
1.976405055569921387e+01
1.972825735916740086e+01
1.974875624029300525e+01
1.966084597636336184e+01
1.966460383966841619e+01
1.964573828736729411e+01
1.963822543405422039e+01
1.963063388102136742e+01
1.960844210266668597e+01
1.958490331899156445e+01
1.956949865228989438e+01
1.957706040144466897e+01
1.952726961902044422e+01
1.952532151668947336e+01
1.951198580518303061e+01
1.952769576220862291e+01
1.947605112190740329e+01
1.945950070225171658e+01
1.942928789890493135e+01
1.940386491490289700e+01
1.945305921840918018e+01
1.948211301025321518e+01
1.949080448487620743e+01
1.949415806672232065e+01
1.956361590962433183e+01
1.959651355632831837e+01
1.961161458234391830e+01
1.957668975231035802e+01
1.956738480605281438e+01
1.955091952735983796e+01
1.958903777309888028e+01
1.959606035642127608e+01
1.963917133057884712e+01
1.963260288752508131e+01
1.963389617855727920e+01
1.962682496633942719e+01
1.966452353504200801e+01
1.965857924665624523e+01
1.962514117071623332e+01
1.958498992115346482e+01
1.954991134353895177e+01
1.955277858294994076e+01
1.958532391578773968e+01
1.954220665438106153e+01
1.954652547902696824e+01
1.952653111729568991e+01
1.956896598846515190e+01
1.957309888462577874e+01
1.956127376311223998e+01
1.954567600573682284e+01
1.951369127292628036e+01
1.950910845159251039e+01
1.946186692264745943e+01
1.946144585991260101e+01
1.944785941159125287e+01
1.944360177803764600e+01
1.943530856712914101e+01
1.941553604672299116e+01
1.940392158386703159e+01
1.946628450044863712e+01
1.945574162151933706e+01
1.945636684611372402e+01
1.947941921793562869e+01
1.948457881798503877e+01
1.946759264330012229e+01
1.944547692893320345e+01
1.942884560437278196e+01
1.944745455515248977e+01
1.946124791397824083e+01
1.947375547204092072e+01
1.947989955659932093e+01
1.946066505461021734e+01
1.947884693915921162e+01
1.944304497984239788e+01
1.939952571349977006e+01
1.940981428669147135e+01
1.944964247665438961e+01
1.946026230161032800e+01
1.944253126538978904e+01
1.940173704470680605e+01
1.943909990363272300e+01
1.942692148300284316e+01
1.941590561923612768e+01
1.941261558597761905e+01
1.941209623931445094e+01
1.943311670012326431e+01
1.941740065122303349e+01
1.941485886710825071e+01
1.941719689914407354e+01
1.946245712020026986e+01
1.949750768953845181e+01
1.947854336267982944e+01
1.947094526672071879e+01
1.949032071231295049e+01
1.946435259215513724e+01
1.950067485478939489e+01
1.952553704096453657e+01
1.951073520655290849e+01
1.949834052718506427e+01
1.948628578074203688e+01
1.946710676907832749e+01
1.940463626470182135e+01
1.943498244789225282e+01
1.944522605592237596e+01
1.945034596314053488e+01
1.945831834336013344e+01
1.943927507973830870e+01
1.940238624275798429e+01
1.941229621996944843e+01
1.940580183222391497e+01
1.939487544192297719e+01
1.940544012128202667e+01
1.938846845502894212e+01
1.940096619604082662e+01
1.937114193973729925e+01
1.935629343293066995e+01
1.935853809435320727e+01
1.937154396735559203e+01
1.937241443990978951e+01
1.936934687724760806e+01
1.935390227896596116e+01
1.932445373862765337e+01
1.936587582458605539e+01
1.934634168281127131e+01
1.935019393071479499e+01
1.936959153138968759e+01
1.939769933144589231e+01
1.943367371078238648e+01
1.944109020964788215e+01
1.944298053995316877e+01
1.943934723115989982e+01
1.943759609860262572e+01
1.939733441446469442e+01
1.939720846117415931e+01
1.939079137289263599e+01
1.941733612332473058e+01
1.936444445606548470e+01
1.932037465764597073e+01
1.934628501722045257e+01
1.936519439185804004e+01
1.937621881896166087e+01
1.934846940174020347e+01
1.938378382923065146e+01
1.939322811558349713e+01
1.941191801246031901e+01
1.938682875636141034e+01
1.940587891298901013e+01
1.942268026834699413e+01
1.945625085207984739e+01
1.948444277453518225e+01
1.948036454896600844e+01
1.951288061742343416e+01
1.947531533653136648e+01
1.947840771571372898e+01
1.950757261770650075e+01
1.946335297877385528e+01
1.949453626296144648e+01
1.948606842788694848e+01
1.948237503094151180e+01
1.941550594569434907e+01
1.937949535989173455e+01
1.940509586900452632e+01
1.940385087680033394e+01
1.936584182266824428e+01
1.939145345268707388e+01
1.933948881705464373e+01
1.932718363167168718e+01
1.929997361358573471e+01
1.930634324156062576e+01
1.926968648314368693e+01
1.924658204796332939e+01
1.923477610908321367e+01
1.920994258189375614e+01
1.921290768784638203e+01
1.919521361791703384e+01
1.920428910062355499e+01
1.920187199760084695e+01
1.916474074231291524e+01
1.915891594807180809e+01
1.917007556090766229e+01
1.917166223444382922e+01
1.917152072912085714e+01
1.914542129886103794e+01
1.915285477852103213e+01
1.917702467202843764e+01
1.918051345708317967e+01
1.917845010347537027e+01
1.915898710520332315e+01
1.914583891492520706e+01
1.912252188182765167e+01
1.913574911020805303e+01
1.913518588322949654e+01
1.913760102504920724e+01
1.918147901728161742e+01
1.919048793671390740e+01
1.921856449754614005e+01
1.922049112598824649e+01
1.917644769877915678e+01
1.915511020767235095e+01
1.918656557027907184e+01
1.921329519836717736e+01
1.923224121835892220e+01
1.920339190033200794e+01
1.917059101358108819e+01
1.912706536907853661e+01
1.911942568037329693e+01
1.911152946524998697e+01
1.909059216540435955e+01
1.907086210910665613e+01
1.910395917457344694e+01
1.910710307349154391e+01
1.911218359045869875e+01
1.911771867029665373e+01
1.908429288534853185e+01
1.905609883489250933e+01
1.906554530363882805e+01
1.907711602759673042e+01
1.909695040359156337e+01
1.907694255599380995e+01
1.908958924926537293e+01
1.909660799136781861e+01
1.909128475902070932e+01
1.911495529849162267e+01
1.909527378547863918e+01
1.909521054596325484e+01
1.910053898384012427e+01
1.908203289048560691e+01
1.906858126790621100e+01
1.907330068838791703e+01
1.906324082842638745e+01
1.908932036014402911e+01
1.907902217744822337e+01
1.908891588045844401e+01
1.906834984122724563e+01
1.906361955278998721e+01
1.906402440534702691e+01
1.910890965971248079e+01
1.910441081027374821e+01
1.908222619390517139e+01
1.905769777823070399e+01
1.904669247813080801e+01
1.902801192251172324e+01
1.901788302320528601e+01
1.900266828774556416e+01
1.904871547872926385e+01
1.905252573908273916e+01
1.904042607605242665e+01
1.903935023850135622e+01
1.904252100342591802e+01
1.903511756875150240e+01
1.906196759322119760e+01
1.901622875844986993e+01
1.899024301700183059e+01
1.899233323219095837e+01
1.898919887596412082e+01
1.897465767193716601e+01
1.902520056064895471e+01
1.900440899701379749e+01
1.902928087708505700e+01
1.902725342478379389e+01
1.897811533089861769e+01
1.898805852560462881e+01
1.898794605083003262e+01
1.895829308005249914e+01
1.896253720282311406e+01
1.896428635816755559e+01
1.893452341307829556e+01
1.892818490592890157e+01
1.893627060797780359e+01
1.887706679353459549e+01
1.888264582437295758e+01
1.883984583934579859e+01
1.884594874411095589e+01
1.882543521667548703e+01
1.880855648831675353e+01
1.881121374214126263e+01
1.880157304030217347e+01
1.877547890002006170e+01
1.878505800282619020e+01
1.874595191687694751e+01
1.874901627078270394e+01
1.874012460570929761e+01
1.871397616231161010e+01
1.873078292091486219e+01
1.870238226309311358e+01
1.864622314275175086e+01
1.864123655179491834e+01
1.867733375102852733e+01
1.867182981832138466e+01
1.866955381326761199e+01
1.863628713669868375e+01
1.862762710452579995e+01
1.862974912280333228e+01
1.866213199713956783e+01
1.863815580085838519e+01
1.863412996733859472e+01
1.861236049503713730e+01
1.862478648117757984e+01
1.859661718686174936e+01
1.858433613333727408e+01
1.860537375187823272e+01
1.859576824244049931e+01
1.862317730527183812e+01
1.863712429700808570e+01
1.860519625865163107e+01
1.856542539328484054e+01
1.857082600809690121e+01
1.859959794634005448e+01
1.860464231943979030e+01
1.861340460270412223e+01
1.860974563636455059e+01
1.860699815636917265e+01
1.861740870748599264e+01
1.864288598572602496e+01
1.867429584833507761e+01
1.866866085864330671e+01
1.863778163762344775e+01
1.866233887381213208e+01
1.867227229932677801e+01
1.868886903033353519e+01
1.869187917063618443e+01
1.867167811861008886e+01
1.868168465577400639e+01
1.867480144083174309e+01
1.866859822543801783e+01
1.866614810953342385e+01
1.868779336973648242e+01
1.870004856348123212e+01
1.870431368005711192e+01
1.870505264860275929e+01
1.870795171918689448e+01
1.870737778497095860e+01
1.874614781162608779e+01
1.870344801032842952e+01
1.869907286284933434e+01
1.870879940395798258e+01
1.868311591031942953e+01
1.869466003899970019e+01
1.867524948425898401e+01
1.870602152270657825e+01
1.870658891207858687e+01
1.869416199081933883e+01
1.869696150019899505e+01
1.865787162222613915e+01
1.865444133886330746e+01
1.865493839640566875e+01
1.864728720180346500e+01
1.870982960458059097e+01
1.874416486556583550e+01
1.876331620931205180e+01
1.874657488461525645e+01
1.874799528916901181e+01
1.871860566072109577e+01
1.872020963443810615e+01
1.872786606509271223e+01
1.877023728907079203e+01
1.875114809980232167e+01
1.876336633347182214e+01
1.873712232215302720e+01
1.875621148439677199e+01
1.878065004494919776e+01
1.876875731562176952e+01
1.876937859711961210e+01
1.876818304912330859e+01
1.876636571481913052e+01
1.876405813354949714e+01
1.871524920204819864e+01
1.869476851812851237e+01
1.866716731558835818e+01
1.862081086881107694e+01
1.859024369249118536e+01
1.861515346580563346e+01
1.859299476827391118e+01
1.858939092183481989e+01
1.859938693860067360e+01
1.862358667082753527e+01
1.860047847743499005e+01
1.860340062127579586e+01
1.859493822493459447e+01
1.858888384731562837e+01
1.861294304007788014e+01
1.859243796856844710e+01
1.861784583696589834e+01
1.860733494011537914e+01
1.860534688285088123e+01
1.858282158968631848e+01
1.858225797050772599e+01
1.856257068714648995e+01
1.857797907261874570e+01
1.857053280989703126e+01
1.859853005677223337e+01
1.856591804015124580e+01
1.856255149618027644e+01
1.858201012974677724e+01
1.856870382927036189e+01
1.860109332085994538e+01
1.859187178749107261e+01
1.859567259910636494e+01
1.855908145019293443e+01
1.854856343590927281e+01
1.855783763772524253e+01
1.854188145032821922e+01
1.854011960407524384e+01
1.853327544718194986e+01
1.851431970438670760e+01
1.849824110122608545e+01
1.851659276830969247e+01
1.846114270795715129e+01
1.845073762826996244e+01
1.843683733229181598e+01
1.840786852982228083e+01
1.837988361049201558e+01
1.838053957519923642e+01
1.836271010916243540e+01
1.837434757250048278e+01
1.836459486285684761e+01
1.837070549724830926e+01
1.837369368542476877e+01
1.837425841339154431e+01
1.836698369526448005e+01
1.836895400689309099e+01
1.838187096471665427e+01
1.837890151512556258e+01
1.837260878404731557e+01
1.837704804223312749e+01
1.838254206050896755e+01
1.836833929071735838e+01
1.836432708429356353e+01
1.835425747802537444e+01
1.834918931496804362e+01
1.834548382693265012e+01
1.831574257224019675e+01
1.832329989382105850e+01
1.830928635738155208e+01
1.829368940044560077e+01
1.829076032575221689e+01
1.828952262103257453e+01
1.827575072123454447e+01
1.828967782659219665e+01
1.826012432627840099e+01
1.830057592118282628e+01
1.831563029202243342e+01
1.830486567650950747e+01
1.827590475978240647e+01
1.829835444630634811e+01
1.826556487347079383e+01
1.827228639243594444e+01
1.828095374030226594e+01
1.830257441686035236e+01
1.830967223946072409e+01
1.825778206351469635e+01
1.827474592664702868e+01
1.828135654394009180e+01
1.828497744962896832e+01
1.828217872833829460e+01
1.829249406520784760e+01
1.833467859288157342e+01
1.829456640363423503e+01
1.830520112604654059e+01
1.831180697009631331e+01
1.826556927153114884e+01
1.825330741262769152e+01
1.823402630158716420e+01
1.822058743228308231e+01
1.821346206235602949e+01
1.821689778652216773e+01
1.824017204720030350e+01
1.824580087894537428e+01
1.827663883552895641e+01
1.825758238697062552e+01
1.824692033317387541e+01
1.827093813282772317e+01
1.829698740027060921e+01
1.828258110147362459e+01
1.824752881263884774e+01
1.824526070198180605e+01
1.824323543240780054e+01
1.823479185213136589e+01
1.826597631394724885e+01
1.825684422272115626e+01
1.824047617176665881e+01
1.823540230163416709e+01
1.823293138275676029e+01
1.823099231825017341e+01
1.818414118873351981e+01
1.820983539250755712e+01
1.823415850502624380e+01
1.824483014238921896e+01
1.824586694470417569e+01
1.823007560945825389e+01
1.821528187568446810e+01
1.822216934464313454e+01
1.820773833746989112e+01
1.822839088060618451e+01
1.823111091374903481e+01
1.823555119008506153e+01
1.821812550122649554e+01
1.822490672002822976e+01
1.822831708918829463e+01
1.822181046487276035e+01
1.821155894052890289e+01
1.820818929379811379e+01
1.819183482955213549e+01
1.820575669973868571e+01
1.820282436340039567e+01
1.821543190319152927e+01
1.820929513634609975e+01
1.820290665968332178e+01
1.819082318551818389e+01
1.820819861799236605e+01
1.819443643338718175e+01
1.817368863207138929e+01
1.818248965547354601e+01
1.816871867261170337e+01
1.815500574471343498e+01
1.815651962762694893e+01
1.815258252251851445e+01
1.812995071789327994e+01
1.811857779321235284e+01
1.813688646827858975e+01
1.815042110003832931e+01
1.810800144910353993e+01
1.808014593272855564e+01
1.807174500174278364e+01
1.805903550159700899e+01
1.802938350421754876e+01
1.804094881819673901e+01
1.805996361917232207e+01
1.806573891593734515e+01
1.808956288659601341e+01
1.809165664207057489e+01
1.809053030629092973e+01
1.808724163176975708e+01
1.808828629855588588e+01
1.810762656168435569e+01
1.807877933950658189e+01
1.807978968690258625e+01
1.807852790342849403e+01
1.808249251775532684e+01
1.806036492995872322e+01
1.809960689547642687e+01
1.809840384451626960e+01
1.807990142005701273e+01
1.805603270064011667e+01
1.803223169405146109e+01
1.806016922317121498e+01
1.808372387397776038e+01
1.807226664236577562e+01
1.807734825775378340e+01
1.806354460531974837e+01
1.807493111646226680e+01
1.810681532392345616e+01
1.811401161189496634e+01
1.812079885157663739e+01
1.811252478616006556e+01
1.807650094229848037e+01
1.806456592672111583e+01
1.806335918690729159e+01
1.806113696839747718e+01
1.805955668039086959e+01
1.806871361362846073e+01
1.807581304533914590e+01
1.807572077474105754e+01
1.806879377094810479e+01
1.808420814145483746e+01
1.809355046557220703e+01
1.807955936582402501e+01
1.807639957631636207e+01
1.806832655200196314e+01
1.807872644047574795e+01
1.808466126673101826e+01
1.806989254444306425e+01
1.805215442564758632e+01
1.804676636076692375e+01
1.804494180567280637e+01
1.800904504696700315e+01
1.799839732716100116e+01
1.800243022021095385e+01
1.799967774482411187e+01
1.797374209443114523e+01
1.798501888016880912e+01
1.795866661413583643e+01
1.792912184600481851e+01
1.794006606746052057e+01
1.795517958202026421e+01
1.794258352712813576e+01
1.794227381986820546e+01
1.789648168964504293e+01
1.791639924916353266e+01
1.791237443243335292e+01
1.792123983433066314e+01
1.789899509966562619e+01
1.793312391953259066e+01
1.790257708545050264e+01
1.789426123473458574e+01
1.786845807483587123e+01
1.788241799531215293e+01
1.788850692266896658e+01
1.785962734445411115e+01
1.787061266660975889e+01
1.787421836379598972e+01
1.789230567652521131e+01
1.786146086002963784e+01
1.784325030838544990e+01
1.782290439982989483e+01
1.782038141102475493e+01
1.781694836694077821e+01
1.781739371219555323e+01
1.783740919316733198e+01
1.782834170818432540e+01
1.782711905658197793e+01
1.780668799229761134e+01
1.780409121562161090e+01
1.783484520808860907e+01
1.785458702234609518e+01
1.789064438409013746e+01
1.787370240355403439e+01
1.788998982415978389e+01
1.788045960726913108e+01
1.787300965005806574e+01
1.789015824077387151e+01
1.786671174448474630e+01
1.788679297571616189e+01
1.789047100780135224e+01
1.788041951502555094e+01
1.786589183628802857e+01
1.784285975601142127e+01
1.785025461785789958e+01
1.784606306573959955e+01
1.784402424692962086e+01
1.783250302850456137e+01
1.782938210788324795e+01
1.786553050756810990e+01
1.784120928938182260e+01
1.784825800334147061e+01
1.784145114634475249e+01
1.783402683831582181e+01
1.782395691737792731e+01
1.780893821027666490e+01
1.781820103899190144e+01
1.783404828048242052e+01
1.785125343137133314e+01
1.784209434539297945e+01
1.782060167811050633e+01
1.779711431389387144e+01
1.778590876298176227e+01
1.776421985979777673e+01
1.778330323314366979e+01
1.776364252453504378e+01
1.776769028707894904e+01
1.776323731275488171e+01
1.777264765989230000e+01
1.776512293407176912e+01
1.777000375989382519e+01
1.777239465614593428e+01
1.776974540520131995e+01
1.775492393587410334e+01
1.773021369866046371e+01
1.772113639444933142e+01
1.774445882377813177e+01
1.775049268637667410e+01
1.774657961199000056e+01
1.777138722042491281e+01
1.778562187297393393e+01
1.777953542028126321e+01
1.781546312320597281e+01
1.781868389379633300e+01
1.780503938389756513e+01
1.778439641448267139e+01
1.780799950353275563e+01
1.780670247471653056e+01
1.778350657563805726e+01
1.780095728049263926e+01
1.783186000291925666e+01
1.782145278650659748e+01
1.779033942290425330e+01
1.777530188217360774e+01
1.778973930937036130e+01
1.784592819296403832e+01
1.784061916579412355e+01
1.784416335886726301e+01
1.784066451567969125e+01
1.784608655478768924e+01
1.786191825447576775e+01
1.790528417931363947e+01
1.792741045975708403e+01
1.789910508816001311e+01
1.788860792429431967e+01
1.788555479111619206e+01
1.787923683249891837e+01
1.784546236674304964e+01
1.783671282899877042e+01
1.785288331852598276e+01
1.781775739239128598e+01
1.782036693744657896e+01
1.780250489944410219e+01
1.780486759655741480e+01
1.780831426719305455e+01
1.782592465020888994e+01
1.780195556456510531e+01
1.779780907659096556e+01
1.778343614117693505e+01
1.778961539046849794e+01
1.779276513890226852e+01
1.777067578303194750e+01
1.775907934059659965e+01
1.777316209219270604e+01
1.779093157858414997e+01
1.780890424726203491e+01
1.780407437337817100e+01
1.781209172191847756e+01
1.781244895174404519e+01
1.782943407791026402e+01
1.782705671252369939e+01
1.781658597155774260e+01
1.778926873567024813e+01
1.781250313347754854e+01
1.780274622102024296e+01
1.779126809271201637e+01
1.782612237805142286e+01
1.779561002163427474e+01
1.780949479469745711e+01
1.784910018734217374e+01
1.785971317824896687e+01
1.786373429211107577e+01
1.783679359020061383e+01
1.784856742802821827e+01
1.783141433892387795e+01
1.782861151382849130e+01
1.784924699403063642e+01
1.784896328479771910e+01
1.780629896549862679e+01
1.782983078103416119e+01
1.781070846021748366e+01
1.782667188188634100e+01
1.782762537559756311e+01
1.783685380445513147e+01
1.787363149254997552e+01
1.786022446633751315e+01
1.784610444542795449e+01
1.785466507973296757e+01
1.785718141008419479e+01
1.783989941871959672e+01
1.784999259556343532e+01
1.783461643344344338e+01
1.783755035077729190e+01
1.786191487186260929e+01
1.786511597329536016e+01
1.789356662403861264e+01
1.787992082922619375e+01
1.787581535669778532e+01
1.786759922565761372e+01
1.784142508417198769e+01
1.785363948231088216e+01
1.787059119717287103e+01
1.787058551466270728e+01
1.786749227729751510e+01
1.787094613854787895e+01
1.787697328694866883e+01
1.787834695718447620e+01
1.787262497512665504e+01
1.786806448794050084e+01
1.786658717365480697e+01
1.789772966371447183e+01
1.793263359005777602e+01
1.797001661532067374e+01
1.796930558142503287e+01
1.796683726762739752e+01
1.796776429380042828e+01
1.796502926892662799e+01
1.794373676367786175e+01
1.793227963060962793e+01
1.793537103688458956e+01
1.791686187698087451e+01
1.790762111021786041e+01
1.792795716259297478e+01
1.793417489033890888e+01
1.791951806632823718e+01
1.792053936929505653e+01
1.791453941596137156e+01
1.788721048313300344e+01
1.788914514786165455e+01
1.788571928481223949e+01
1.788459972528016806e+01
1.789682346629842868e+01
1.789336277144002452e+01
1.791875938635166676e+01
1.792534729245062408e+01
1.793087697136388670e+01
1.792714323438576685e+01
1.790733932741477474e+01
1.789475438885438052e+01
1.789762003013947833e+01
1.789017170355964481e+01
1.787962058711718782e+01
1.789650422084014281e+01
1.791178193179166556e+01
1.790510876847065447e+01
1.790517488762543508e+01
1.788934686742004487e+01
1.788254883997888101e+01
1.789491649993533429e+01
1.788170106663119441e+01
1.786564420105196405e+01
1.784456311221356373e+01
1.781350360950773393e+01
1.781683439859534701e+01
1.782404429661482936e+01
1.781436347572571322e+01
1.781785207214761613e+01
1.779429373001084969e+01
1.781900353360333611e+01
1.781444656271696658e+01
1.783008757571133174e+01
1.781993050208029672e+01
1.780849932588535012e+01
1.781364193888430236e+01
1.781743503772713666e+01
1.780538888916544238e+01
1.781713356362160994e+01
1.782354277608283155e+01
1.783849036863102810e+01
1.784044352057890137e+01
1.783616312162530448e+01
1.785711173678100749e+01
1.785654603894863612e+01
1.787577191058744575e+01
1.785994615428626275e+01
1.785053010488400105e+01
1.786493702495909019e+01
1.787608616457055177e+01
1.785335340051551611e+01
1.785197992272833289e+01
1.785620164709234814e+01
1.782580341984385086e+01
1.782559156470551898e+01
1.785408489415658551e+01
1.786611717222558582e+01
1.788343644018686973e+01
1.788974500960421210e+01
1.789646189623590544e+01
1.789292317238141550e+01
1.787570366207864936e+01
1.788136121190336780e+01
1.788180280932738242e+01
1.784781172501698165e+01
1.782874044553273052e+01
1.783237525846197968e+01
1.782610615600151505e+01
1.787660096829176837e+01
1.787191839673823779e+01
1.787865883664380817e+01
1.786783155793909827e+01
1.787261574182502954e+01
1.787860233248784425e+01
1.789956660259531418e+01
1.789226905133546097e+01
1.789098825202245280e+01
1.790494220918390056e+01
1.790296822641494146e+01
1.788797378081471834e+01
1.788586144663167943e+01
1.787342903230728552e+01
1.788236059250948529e+01
1.787641293117940222e+01
1.788408873165599289e+01
1.788687033865699050e+01
1.787828134121809853e+01
1.789087284652941889e+01
1.787554949065179244e+01
1.789749779457270051e+01
1.791452043134040650e+01
1.792784523156251453e+01
1.795453739093545664e+01
1.795909943527749419e+01
1.797737681545959276e+01
1.796788927962279558e+01
1.796203732889080129e+01
1.795201493329250297e+01
1.792803398140949867e+01
1.791397116853158877e+01
1.791858000009551688e+01
1.791474541429761302e+01
1.790236007556814002e+01
1.788857915093194606e+01
1.788012928967827975e+01
1.787512251272391950e+01
1.786090306942651296e+01
1.787627482701918780e+01
1.787492275719205281e+01
1.787420032288264338e+01
1.786267604083286642e+01
1.785831159987856154e+01
1.785262387788043270e+01
1.786938401198085558e+01
1.786693013640524441e+01
1.790164272597303352e+01
1.790944477067750995e+01
1.792214297298869496e+01
1.794085470117715886e+01
1.792478999377954096e+01
1.794523823710869692e+01
1.794604213728962350e+01
1.791626896689513160e+01
1.791715214208215912e+01
1.792187991661830893e+01
1.791958628940710696e+01
1.792118070792548679e+01
1.791833120318005967e+01
1.789521971112208121e+01
1.788395770280340003e+01
1.786525916059963492e+01
1.786777420698035712e+01
1.783650912004304701e+01
1.782981945633855503e+01
1.782924303611798678e+01
1.782377800925360134e+01
1.780001806850805224e+01
1.778865392505304044e+01
1.778920108026341040e+01
1.778084402768536165e+01
1.776305364225845551e+01
1.775723074462985096e+01
1.776162438813616973e+01
1.775754357414552942e+01
1.774402350660011507e+01
1.774230096291694281e+01
1.772361709529559448e+01
1.769950070804407005e+01
1.769127410550299828e+01
1.768479106444010540e+01
1.770169333631611153e+01
1.769923635905752235e+01
1.769766901599950870e+01
1.768218885044598210e+01
1.769047275294860810e+01
1.769260864355510421e+01
1.769711851130659852e+01
1.768513441699951727e+01
1.767373207362925314e+01
1.767081394168280895e+01
1.766811196387652672e+01
1.765619733650873968e+01
1.764250606591531323e+01
1.764682017620680199e+01
1.767601959127296141e+01
1.766315231441740252e+01
1.765743794145191714e+01
1.765008158413957062e+01
1.763016123480792885e+01
1.763612397946417332e+01
1.762813971500690968e+01
1.761625908776431970e+01
1.761823964632912976e+01
1.761293668823100234e+01
1.760534598112326421e+01
1.758571908478643309e+01
1.757117866832595610e+01
1.758883634494395665e+01
1.757745373908073816e+01
1.757595586205616200e+01
1.756665319386229385e+01
1.757493316796399085e+01
1.757186661176683629e+01
1.756642687231442324e+01
1.758021871155733606e+01
1.757143098468486642e+01
1.757742397272932067e+01
1.756504074065878740e+01
1.755785661421032273e+01
1.756230573429547803e+01
1.756959859947664881e+01
1.757039375662861858e+01
1.758921142802319082e+01
1.758906527775252471e+01
1.758570774212057586e+01
1.758430196684184921e+01
1.758689877992264883e+01
1.759487224262829841e+01
1.759562554392687161e+01
1.759724454622028134e+01
1.760701227226036281e+01
1.759928331211813202e+01
1.758103552668217162e+01
1.756914327481581495e+01
1.755739822974555864e+01
1.756275552746728863e+01
1.756010059924665256e+01
1.756811453551472368e+01
1.755252887158894737e+01
1.753448460023582811e+01
1.754609855902526760e+01
1.754793659614961143e+01
1.755272277360518274e+01
1.755772109865392849e+01
1.758782723303966122e+01
1.757916521639936036e+01
1.757093055669975001e+01
1.754591568457954054e+01
1.755649660363224029e+01
1.755304365986330595e+01
1.754003256246323872e+01
1.755181064243561195e+01
1.756671336861973032e+01
1.755539758549366525e+01
1.757332662270255241e+01
1.758560950277023949e+01
1.757395444804296858e+01
1.760443793057220319e+01
1.759854595517936104e+01
1.758681362474271737e+01
1.758560044340401873e+01
1.758482697762474345e+01
1.757500449505005236e+01
1.756991490947575585e+01
1.756213291856875003e+01
1.755457909953474882e+01
1.757722947462434604e+01
1.758607754294644110e+01
1.758311878392032668e+01
1.758607336986051450e+01
1.759290889863586926e+01
1.759905810708096396e+01
1.761959095033989797e+01
1.760085307906501839e+01
1.760534308191745367e+01
1.762073459788234686e+01
1.762587835225303934e+01
1.763547146619384876e+01
1.764229878730702694e+01
1.762552632872893810e+01
1.763919244129328945e+01
1.763735549336706754e+01
1.762918699702049707e+01
1.761967113755008540e+01
1.762174891278164068e+01
1.760708263637889104e+01
1.761755479864996232e+01
1.760874215092508166e+01
1.758286499765381450e+01
1.758204522665027980e+01
1.757822509357083618e+01
1.756190618679283943e+01
1.756126307581916990e+01
1.755108098917708048e+01
1.756538329457453074e+01
1.756985482984600822e+01
1.757943149353650369e+01
1.757611646687882967e+01
1.760930533394821396e+01
1.758913221937655180e+01
1.758695146353238670e+01
1.756692183462928369e+01
1.756142922411709151e+01
1.753864668834876284e+01
1.752209676220263646e+01
1.751411358562609166e+01
1.749639726886744029e+01
1.750800304459107792e+01
1.750347740042025180e+01
1.750601051094827199e+01
1.751076064641802077e+01
1.751266077216405392e+01
1.749438162373871819e+01
1.746442196984980910e+01
1.747122200641479139e+01
1.746325003060701420e+01
1.744443989664932815e+01
1.744166112658831480e+01
1.744831119436048539e+01
1.744043373574913858e+01
1.743384023620365042e+01
1.744924776182961068e+01
1.744013841244168361e+01
1.744348267630448390e+01
1.742398917005766634e+01
1.739572592863032696e+01
1.739792128097951718e+01
1.737878561564866686e+01
1.738775607131674406e+01
1.739727186868776698e+01
1.740565091792132080e+01
1.740269443008264716e+01
1.739757578906801427e+01
1.740350219274660049e+01
1.738513058052922133e+01
1.739024148758790034e+01
1.739428760032706123e+01
1.739449721917844727e+01
1.738597181048953644e+01
1.741186731081506878e+01
1.739621131260037146e+01
1.739809156772071219e+01
1.738575771475098009e+01
1.736515168639880358e+01
1.734457948884119105e+01
1.734058480025487370e+01
1.736355393658550383e+01
1.735097706206170187e+01
1.736575395803311039e+01
1.736166023094392585e+01
1.737045517014348661e+01
1.735995525481166624e+01
1.735056917988367786e+01
1.734186506226114943e+01
1.732919236881798497e+01
1.733306683330874876e+01
1.732137638883705222e+01
1.729610871851673437e+01
1.728565580826170844e+01
1.729959996003162814e+01
1.730326864857352120e+01
1.730915184605964896e+01
1.729960748167786733e+01
1.727670465468372640e+01
1.726478396723314290e+01
1.726034168210981079e+01
1.725113186741873506e+01
1.722879531781109108e+01
1.721208970968700669e+01
1.721543619537897030e+01
1.722176898425277614e+01
1.720813840439268461e+01
1.721274633068469484e+01
1.721864380826127672e+01
1.723436763622339640e+01
1.724735544036184365e+01
1.723526728832712251e+01
1.723634510685451460e+01
1.723837546567256140e+01
1.725992337335537741e+01
1.726068323856679854e+01
1.727451705468411092e+01
1.726428674648923334e+01
1.725846428553813894e+01
1.724931632110292412e+01
1.725415603847432067e+01
1.723602952760620610e+01
1.723301024909051193e+01
1.722886169878893270e+01
1.723722320529896024e+01
1.723819621548818759e+01
1.723396526077476665e+01
1.722634427931461687e+01
1.721677854696326904e+01
1.721212978307039521e+01
1.720104998296073973e+01
1.719511010936548701e+01
1.717896605696614643e+01
1.718075050422885397e+01
1.718746062747004544e+01
1.717563443602284678e+01
1.717933089740745345e+01
1.717706197584266192e+01
1.717168829010461195e+01
1.715503864859056193e+01
1.715222667641091903e+01
1.715324405183901035e+01
1.716373747668149008e+01
1.716078714475679590e+01
1.717052701241527757e+01
1.718772216942079467e+01
1.718410803655524433e+01
1.719015849305378651e+01
1.717254244956029652e+01
1.715679282737755784e+01
1.716544255162716581e+01
1.715089707554898268e+01
1.715498889965829221e+01
1.714702462387140258e+01
1.715626807306216506e+01
1.716674000079865436e+01
1.721451726008535843e+01
1.722146496697860130e+01
1.721030838711158140e+01
1.720291202846010492e+01
1.719645211730448864e+01
1.717602205912817226e+01
1.716901939817580569e+01
1.716311993453200557e+01
1.715381003738548316e+01
1.716617891470878021e+01
1.716717949048279479e+01
1.718007505660352763e+01
1.716208733719986412e+01
1.715421898283466362e+01
1.715823864140111255e+01
1.716141012374919228e+01
1.715633499713794663e+01
1.716778719717103741e+01
1.717565113681530420e+01
1.716728727615054595e+01
1.718142294898325417e+01
1.719752578258112408e+01
1.721280977430569692e+01
1.720604209310477017e+01
1.719555684166471110e+01
1.718542058679531692e+01
1.718580064295792909e+01
1.719688652256900241e+01
1.720698907149107981e+01
1.719728885378935956e+01
1.720733685482719011e+01
1.721495200363460754e+01
1.720727336045047196e+01
1.718641932906302827e+01
1.718557766572712353e+01
1.718602944507665597e+01
1.719462039528661990e+01
1.718306791856866766e+01
1.717897318894392811e+01
1.717235185087201899e+01
1.717013176478985770e+01
1.717651316669889638e+01
1.717029457632406775e+01
1.718026717967904915e+01
1.719199914727641954e+01
1.718770823414479310e+01
1.719103471131302285e+01
1.718088148161632489e+01
1.716581586004167548e+01
1.716371635880705071e+01
1.716677748518031876e+01
1.716224951914182384e+01
1.715446341754568493e+01
1.713621986147245480e+01
1.713650111148763244e+01
1.713086221626463157e+01
1.711945997316615831e+01
1.710702555583429785e+01
1.710497884397545931e+01
1.712140009284485132e+01
1.713272854827164338e+01
1.713617619817159721e+01
1.710898843379436585e+01
1.709313555848802935e+01
1.710052297899801488e+01
1.708679475771396028e+01
1.709624921377326245e+01
1.709463594862745595e+01
1.707522192865280886e+01
1.708677539990640071e+01
1.707652078672163043e+01
1.708338587133994224e+01
1.708578061948628601e+01
1.707757927721195301e+01
1.707917794303739356e+01
1.706668225909152170e+01
1.708050480278234318e+01
1.705377283520920173e+01
1.703952477357643147e+01
1.704034547317860415e+01
1.703142510054067316e+01
1.700809057344940811e+01
1.699378263820244683e+01
1.698076169604246388e+01
1.697428020761344669e+01
1.698432757867658438e+01
1.697691906683894558e+01
1.696832460279165389e+01
1.697106386646419196e+01
1.697047165059484541e+01
1.696505503110256541e+01
1.696079933679629903e+01
1.695565668732024278e+01
1.695045093831095073e+01
1.694389209098881111e+01
1.693880906956701438e+01
1.693600336450253963e+01
1.693714360297099120e+01
1.694469394816815111e+01
1.693867122977235340e+01
1.694465701259150592e+01
1.694940750888781622e+01
1.693595770694855673e+01
1.694309167937626626e+01
1.694327734270791552e+01
1.694079854910205540e+01
1.693517290441195655e+01
1.692686004374400000e+01
1.692012579343600009e+01
1.691136310416322885e+01
1.691415970740445118e+01
1.692377235975254735e+01
1.692410994611009301e+01
1.693151979647973349e+01
1.694159441695001078e+01
1.694212983673878625e+01
1.694150226979945728e+01
1.692558331601594546e+01
1.693198396707202846e+01
1.691353136126417667e+01
1.691740503369828730e+01
1.691550942678986758e+01
1.690659689977474045e+01
1.690893650355974387e+01
1.690578172051118599e+01
1.691127841690058631e+01
1.691900868976745187e+01
1.691115398712554452e+01
1.690682828134595184e+01
1.692042305090717491e+01
1.691561738485415844e+01
1.691678590831998008e+01
1.691068961503560786e+01
1.690305138742587587e+01
1.687579321387102027e+01
1.687329662322963486e+01
1.687779006135178861e+01
1.689251812169050027e+01
1.688798716750807216e+01
1.689673277886231517e+01
1.688949065035467356e+01
1.688523824279945984e+01
1.688207650340882537e+01
1.687782892042287131e+01
1.689037625085484251e+01
1.688170020556844975e+01
1.688386416315188399e+01
1.689632985718935743e+01
1.691590778607633183e+01
1.690470630349773273e+01
1.690619529841796975e+01
1.691343570502067450e+01
1.690420326928415307e+01
1.690238553862627668e+01
1.691417890530146906e+01
1.692049128158123494e+01
1.691411985472541346e+01
1.692475778494690530e+01
1.692469008094531091e+01
1.691390279666165952e+01
1.691185878239139129e+01
1.691327551126914841e+01
1.692762848848769863e+01
1.693431615242570842e+01
1.692777663042397762e+01
1.693475118404694513e+01
1.694011745699071980e+01
1.694109653623672784e+01
1.694386487403062347e+01
1.694410048645340794e+01
1.694718534233606988e+01
1.695309858160953809e+01
1.695911419681533516e+01
1.697646612995413307e+01
1.697505591671324510e+01
1.697754997739593819e+01
1.697983404232627436e+01
1.696403653192646743e+01
1.696804076353328128e+01
1.695797175990946926e+01
1.694999162905560297e+01
1.694985056160885506e+01
1.695190028573097152e+01
1.695414530288962851e+01
1.695307601384138252e+01
1.696822048507465297e+01
1.697471327536914032e+01
1.696419087640288126e+01
1.696093812641174736e+01
1.696529269398615725e+01
1.695293078731720016e+01
1.694969123283362933e+01
1.695691764766024789e+01
1.696736692488275366e+01
1.697584340068351594e+01
1.698522666154667604e+01
1.697866887975214922e+01
1.697905190496430805e+01
1.696955904401784210e+01
1.696658566786618394e+01
1.696000759664548241e+01
1.696048824380477527e+01
1.696250021363357519e+01
1.696669851093338366e+01
1.695909147103293435e+01
1.695134746314806762e+01
1.694114212969816435e+01
1.691027531529925909e+01
1.694252744457571680e+01
1.693492853741463477e+01
1.691850822830701873e+01
1.692049377644752894e+01
1.698218903227143528e+01
1.699032562880393016e+01
1.694378035977706531e+01
1.691732619638332835e+01
1.688364671348244883e+01
1.686097773838173453e+01
1.688154942555775051e+01
1.692839673437401871e+01
1.691150557023820511e+01
1.692035038113135670e+01
1.695475030865782173e+01
1.693222535634140513e+01
1.695782794942124383e+01
1.696095169194313712e+01
1.697837629531204584e+01
1.693767875550838653e+01
1.696619635052911690e+01
1.693792726599440357e+01
1.694045185968843725e+01
1.695636605355912252e+01
1.693178700387761637e+01
1.690274086910176266e+01
1.691516856688713233e+01
1.690832152475877592e+01
1.686682045366296734e+01
1.688935230762081119e+01
1.690120847058733489e+01
1.690519850668351864e+01
1.691043983042891341e+01
1.685166191931193680e+01
1.683127367473207414e+01
1.681047546001855153e+01
1.682611549696412112e+01
1.680560506940491905e+01
1.682219455358608684e+01
1.686927014911998413e+01
1.691709692978793100e+01
1.690774509763059541e+01
1.688864221135327170e+01
1.690495455249038059e+01
1.690793762639214037e+01
1.691171109630204228e+01
1.693847228018057649e+01
1.696512776242843756e+01
1.698768355594120294e+01
1.697247505502582499e+01
1.695723142209544676e+01
1.693209641566727441e+01
1.693884487592504229e+01
1.689853608868224910e+01
1.689449186128831570e+01
1.688433112320626606e+01
1.689399908816722018e+01
1.689809543384717472e+01
1.687963000197078145e+01
1.687295514583092881e+01
1.685177832212229987e+01
1.688414214547265146e+01
1.688715099622640992e+01
1.689626028386101098e+01
1.690461247602888761e+01
1.691386574673970244e+01
1.693108709219859520e+01
1.692747522678337191e+01
1.693015298973341487e+01
1.692525592755100661e+01
1.691863669767235479e+01
1.693860227070945257e+01
1.688797613831366107e+01
1.692158490045176222e+01
1.693596955466773579e+01
1.696961321765638786e+01
1.695067198794822616e+01
1.689880387631683334e+01
1.686905020138010514e+01
1.685620980359817622e+01
1.687974455863150069e+01
1.684494175527788684e+01
1.685166536719043506e+01
1.690017699438431009e+01
1.690450189690500338e+01
1.692815796285685792e+01
1.691054596713547653e+01
1.690382709182586041e+01
1.685721736482310007e+01
1.685858057158748124e+01
1.688306002022454777e+01
1.690823682943891981e+01
1.689824877927003399e+01
1.694956924144025834e+01
1.695370617366143051e+01
1.693815107610498671e+01
1.698475560726910771e+01
1.701106410386364587e+01
1.701126576317938088e+01
1.699312656002985022e+01
1.699745687572658426e+01
1.700307615185602117e+01
1.698327995602721785e+01
1.694732135890171776e+01
1.697395402941810971e+01
1.697051353254300921e+01
1.697519663606499307e+01
1.695725587730839834e+01
1.696799288224838165e+01
1.697296397681611779e+01
1.692622661520499605e+01
1.695008270396147054e+01
1.697695249750586299e+01
1.702173643288961102e+01
1.702352833561508305e+01
1.700227182124626779e+01
1.700095527326720912e+01
1.698793070536839878e+01
1.696650886912902934e+01
1.696283637029409874e+01
1.696491575929758255e+01
1.699329957781856137e+01
1.697002458377755829e+01
1.699532108657376739e+01
1.698310993887344011e+01
1.701400344001604026e+01
1.699234221720735150e+01
1.703293846810174728e+01
1.707091156176647928e+01
1.708844875792419771e+01
1.704369578511705186e+01
1.705603236635442954e+01
1.707133226606902099e+01
1.709009024956685607e+01
1.711874000312718636e+01
1.709871341640973696e+01
1.711278384708566591e+01
1.713482951587002390e+01
1.717981495375897794e+01
1.723975241606558484e+01
1.722010978437992890e+01
1.718767555361728228e+01
1.720709706797970284e+01
1.718375016664776922e+01
1.720935932759903153e+01
1.724015291241494197e+01
1.722998514992423225e+01
1.722108326270927137e+01
1.726331619808024698e+01
1.724427140367470201e+01
1.723056841521975002e+01
1.727865276238617298e+01
1.731715474152179013e+01
1.735798003120180510e+01
1.733801842849743480e+01
1.735066442365632611e+01
1.733589888309870730e+01
1.734013675570713531e+01
1.732604039383568306e+01
1.725881576815754670e+01
1.717800004462469587e+01
1.717058087272744160e+01
1.726324403345779501e+01
1.734594202383323136e+01
1.732867735935724340e+01
1.733375334884340191e+01
1.737384626365519580e+01
1.735730329416628592e+01
1.736996136102834498e+01
1.740584459574529319e+01
1.744652158994313140e+01
1.752069188686436974e+01
1.752384652166028900e+01
1.747332046161682229e+01
1.749577231658031451e+01
1.754861323448085386e+01
1.755405998612150142e+01
1.762314830328250537e+01
1.760803643898498194e+01
1.762866873090661102e+01
1.770593066895253287e+01
1.768214177745403504e+01
1.778834582289800892e+01
1.781437737858050241e+01
1.781006023530517268e+01
1.779201414678027504e+01
1.776939403675760332e+01
1.780299189734432730e+01
1.791788809406943983e+01
1.793245661796117929e+01
1.792393301297215658e+01
1.788169752784278899e+01
1.786082732513750670e+01
1.783631126768341346e+01
1.785559036453787485e+01
1.787097356868389397e+01
1.790588632706976568e+01
1.782147507508534545e+01
1.778536278297133322e+01
1.777672803125597056e+01
1.777359257698753936e+01
1.783545937266035253e+01
1.778554505190140844e+01
1.780614296226076476e+01
1.784831084094048492e+01
1.790442527955474361e+01
1.788669976213532209e+01
1.781970403931336477e+01
1.780841080344907823e+01
1.791099279448872039e+01
1.802521671379508916e+01
1.803217706199347958e+01
1.799785130475811457e+01
1.793029856567318348e+01
1.790065341773015462e+01
1.806119917163368882e+01
1.805905357350138729e+01
1.802004852984327954e+01
1.800441198857834024e+01
1.798224507087888924e+01
1.797619286140070471e+01
1.806833464045212168e+01
1.809835853155937002e+01
1.820017469836375312e+01
1.810356360034620593e+01
1.809983483171799890e+01
1.810422598738841771e+01
1.814397898593097125e+01
1.811443234412354286e+01
1.808926361484554945e+01
1.813434032451687017e+01
1.811089624652049679e+01
1.812636525453399372e+01
1.816081153754475963e+01
1.816696928363899133e+01
1.816073757516369369e+01
1.814331095952184114e+01
1.822506209459288584e+01
1.820586936615654849e+01
1.815731844873107548e+01
1.817602203167962216e+01
1.819996657294177567e+01
1.822027768169346018e+01
1.822777819909470054e+01
1.830841280854656361e+01
1.847479329002271697e+01
1.841132134556301025e+01
1.841225782840592728e+01
1.836708527986138506e+01
1.842537263649819579e+01
1.850288570935481403e+01
1.856173869347639993e+01
1.849127164316269045e+01
1.853597583932378257e+01
1.862070204455994826e+01
1.862262267039022845e+01
1.865998882574331219e+01
1.872590686307194119e+01
1.869696142319753562e+01
1.872667724998837002e+01
1.871208701898558502e+01
1.873463236913630681e+01
1.863122579847822635e+01
1.867284045833230266e+01
1.867427278813647717e+01
1.872136871584416440e+01
1.878107990578064346e+01
1.873159207734943266e+01
1.868537318730159313e+01
1.870057028057817661e+01
1.867067855246841646e+01
1.860420592775699333e+01
1.860709890815951439e+01
1.855861236654072854e+01
1.854221059603514732e+01
1.849262028094381094e+01
1.842752156991946322e+01
1.842001052910427461e+01
1.841808521232951534e+01
1.834174566769252124e+01
1.832456394307837400e+01
1.827220147081061441e+01
1.818136819066512544e+01
1.824860058591775669e+01
1.822717329738998160e+01
1.822344659141708689e+01
1.816641368465661799e+01
1.819779765859721010e+01
1.813020968471437300e+01
1.819895105896921450e+01
1.820817793099377013e+01
1.819772050162418964e+01
1.817561637113158213e+01
1.822688847692461422e+01
1.833480462657553289e+01
1.831903530533008961e+01
1.837684117251819771e+01
1.844929126286206156e+01
1.847488526631559580e+01
1.852171406935667619e+01
1.863700716397897850e+01
1.864510432452152600e+01
1.862477602695298629e+01
1.858400596336741728e+01
1.858127128707928932e+01
1.853396185459541812e+01
1.853056071291075568e+01
1.859919024861119397e+01
1.859350211150513132e+01
1.857270977969983505e+01
1.857631530684284371e+01
1.859252391514564806e+01
1.864103039909696236e+01
1.869467835837212988e+01
1.868214693533627724e+01
1.871969846485217204e+01
1.868207059483347621e+01
1.877961513536456550e+01
1.883852704772561992e+01
1.890054023064021749e+01
1.889708814571395123e+01
1.881991264171256262e+01
1.884637379839159621e+01
1.879803885040610112e+01
1.879906415162713529e+01
1.879082768477655918e+01
1.883043722841466661e+01
1.878281506681150859e+01
1.875567066381472614e+01
1.874169469161142842e+01
1.873865218224000273e+01
1.873679705762606318e+01
1.871762804539594072e+01
1.865271928039101113e+01
1.877180356103554004e+01
1.879603131647490954e+01
1.881368149261879807e+01
1.882528065894621250e+01
1.883619509516984181e+01
1.878003304632147774e+01
1.876594266356369189e+01
1.874011850267197588e+01
1.876247679231664733e+01
1.873958496112391003e+01
1.876758988716710519e+01
1.875166469286887150e+01
1.877971965781944164e+01
1.877925799662079953e+01
1.876810244010766837e+01
1.874848010973846613e+01
1.883756112296077845e+01
1.878435890634455063e+01
1.874753554332755812e+01
1.879795094978362613e+01
1.880011935095444642e+01
1.885108273160676617e+01
1.889315834801345773e+01
1.888264893983841830e+01
1.885046135336369844e+01
1.879881541176609971e+01
1.877556250260158777e+01
1.871224193857278806e+01
1.878333310127618461e+01
1.879386821333719126e+01
1.877739640874870020e+01
1.879026899087466518e+01
1.878668118860059622e+01
1.878423307540242604e+01
1.874058970190662876e+01
1.874773687547485679e+01
1.885852455702433872e+01
1.885756591987910724e+01
1.881268133044932256e+01
1.879761166117577886e+01
1.885197670008028581e+01
1.879354004604692818e+01
1.889697863014134782e+01
1.888394371105960090e+01
1.889822076535529050e+01
1.894893920511412944e+01
1.894268392847698124e+01
1.902336732391177065e+01
1.893338062684279066e+01
1.889329385908376935e+01
1.885633608926218585e+01
1.888159248096781084e+01
1.895795089458715665e+01
1.893962474884028779e+01
1.892306703894382736e+01
1.886379494242510191e+01
1.889003154079864544e+01
1.889421045535482335e+01
1.886015878203079410e+01
1.887319003523043648e+01
1.890594062507443596e+01
1.891638725420170886e+01
1.887298256834537824e+01
1.883135910753981079e+01
1.885004816970194952e+01
1.882247982232865979e+01
1.881216949419285811e+01
1.873820142140311873e+01
1.879648650583021663e+01
1.875951088500687547e+01
1.872085559716470016e+01
1.876252391477237325e+01
1.876536507579112367e+01
1.872158568040549653e+01
1.875946452635253081e+01
1.878571727829648808e+01
1.884600362546052565e+01
1.879948360003982089e+01
1.874883075047819148e+01
1.868914844954088039e+01
1.869528910608141814e+01
1.871476297627532404e+01
1.865280752344961002e+01
1.862171511894803189e+01
1.869707844834329080e+01
1.868471907826642564e+01
1.871845379124988540e+01
1.866758515740275470e+01
1.872636990280761893e+01
1.867735764715962432e+01
1.874681293968933460e+01
1.881043219829280133e+01
1.884975352969513551e+01
1.887547032827660587e+01
1.890478495212937560e+01
1.884135849299991605e+01
1.879002701860690649e+01
1.873282532267967326e+01
1.878185065688330724e+01
1.876758738101989366e+01
1.871475808363038595e+01
1.871992596741119996e+01
1.868601723398796821e+01
1.872479817843486671e+01
1.867679042241570642e+01
1.868437569208208515e+01
1.865457776560288039e+01
1.862265406061533213e+01
1.860584494719932991e+01
1.857745389922911272e+01
1.855614644928073176e+01
1.849205880182080364e+01
1.859259285568441555e+01
1.861206345271193641e+01
1.857500449880217275e+01
1.861716470958572245e+01
1.861188261917550335e+01
1.859846539872705762e+01
1.857547267412019210e+01
1.863098555993656191e+01
1.865685498809261844e+01
1.859795607520572958e+01
1.867502678045048015e+01
1.870101416884017453e+01
1.873244088891942738e+01
1.880207432046381655e+01
1.877891407735387475e+01
1.878328758781708530e+01
1.882166851745887470e+01
1.877072012143844404e+01
1.876268155701609430e+01
1.868920528184298746e+01
1.866858792445509607e+01
1.865929285755828460e+01
1.863438436072556215e+01
1.859325141161571082e+01
1.858794616889872486e+01
1.862987556497546393e+01
1.858462964004093010e+01
1.860875168762868270e+01
1.861797553518727000e+01
1.864879579188891512e+01
1.860398332203931204e+01
1.865237853117059785e+01
1.876856047988712817e+01
1.880010460467792655e+01
1.884025703951920150e+01
1.884608896181453019e+01
1.877567782006371999e+01
1.877640176963950580e+01
1.875276842926041354e+01
1.876072000796602879e+01
1.872879594851156071e+01
1.875030441736362263e+01
1.878945725107587350e+01
1.884256382423518517e+01
1.884404856599576306e+01
1.881663930663216888e+01
1.877627912920570452e+01
1.875738914417388514e+01
1.873804939808633208e+01
1.870661078673720112e+01
1.877188042529087397e+01
1.874805068179375667e+01
1.873641073899489129e+01
1.872156170920970908e+01
1.871173560819534032e+01
1.872812906215040130e+01
1.879220306607658131e+01
1.873229734782626110e+01
1.867102131579895286e+01
1.872430650743172009e+01
1.872607758948788614e+01
1.869583339021755819e+01
1.865669720579899149e+01
1.864918957954705547e+01
1.869101169897930959e+01
1.864830288875418773e+01
1.866120200340765223e+01
1.863593028231161952e+01
1.865624817363914190e+01
1.867135633395218974e+01
1.868277044647265939e+01
1.863014484554150840e+01
1.863260382808175564e+01
1.864152779537926108e+01
1.858810618866391451e+01
1.853385176366145970e+01
1.853391569871064348e+01
1.851759318229414930e+01
1.857337354859510015e+01
1.856983041298826720e+01
1.854038875543983522e+01
1.856472791598389449e+01
1.857431803216559274e+01
1.861035979785037853e+01
1.866446132582314021e+01
1.866131962916279008e+01
1.866194018659280118e+01
1.865571948062233787e+01
1.859665544999643316e+01
1.857061681329378189e+01
1.855475234833920695e+01
1.856578171285991630e+01
1.863225982976382511e+01
1.863380276736961605e+01
1.867430083523095163e+01
1.868885403959802716e+01
1.874627665178923053e+01
1.869688569856953109e+01
1.871275376697576576e+01
1.868316702344554869e+01
1.867171167122705810e+01
1.865196772220588173e+01
1.863398096165064999e+01
1.862246929788852867e+01
1.864633044259562666e+01
1.867568795479337496e+01
1.868100932045626905e+01
1.873742442769253103e+01
1.879332398400993043e+01
1.874729778756136511e+01
1.875139889113597746e+01
1.879644229841323977e+01
1.874222576005695373e+01
1.874713072508757250e+01
1.871691281281391639e+01
1.876335513307913061e+01
1.876956553553463891e+01
1.871896990968616592e+01
1.872974374941986753e+01
1.870992462476533547e+01
1.867224166371443062e+01
1.865177200172138328e+01
1.875523870909182733e+01
1.873564486365694393e+01
1.873731813754375253e+01
1.872446480806320324e+01
1.874097435003614009e+01
1.875676349162495171e+01
1.880766711583964934e+01
1.886865329949796433e+01
1.886733670374769645e+01
1.887536118974912824e+01
1.886851145899481708e+01
1.884590028943875950e+01
1.884011720648641131e+01
1.892033707504970153e+01
1.896377780109060041e+01
1.894203873118294723e+01
1.890167768747505761e+01
1.886572493217272495e+01
1.888127312425103810e+01
1.890133954732891652e+01
1.894898397626502629e+01
1.898067161074095566e+01
1.892316125847764852e+01
1.894690455959289466e+01
1.896262000588421870e+01
1.890558503717511485e+01
1.885224798215040209e+01
1.883692415615587379e+01
1.889076175264426638e+01
1.892829455999935817e+01
1.893295293372466404e+01
1.896630645885579725e+01
1.898635548883657975e+01
1.895185423886778153e+01
1.893735250226654898e+01
1.896787297505716197e+01
1.902574491582163319e+01
1.904222565731015493e+01
1.907518566806129456e+01
1.916468754880543202e+01
1.926434824193756867e+01
1.928923244645966406e+01
1.932253978263815952e+01
1.931579322394873088e+01
1.926546485335347825e+01
1.926490608303674890e+01
1.927118444014968190e+01
1.921018501849630411e+01
1.915506339425473925e+01
1.910094634804227098e+01
1.908550182767976366e+01
1.913050752853450831e+01
1.918268960296791192e+01
1.915072239727624037e+01
1.917270715165932415e+01
1.918209818370769426e+01
1.917766303001371853e+01
1.919009339379499579e+01
1.916982421637021616e+01
1.920404386743439318e+01
1.919222356131012930e+01
1.927146356212278988e+01
1.926484170353705849e+01
1.928475917150353780e+01
1.925838590890725754e+01
1.926206990067066727e+01
1.931066373145995385e+01
1.935680224779525815e+01
1.931238039290428787e+01
1.929071215514477444e+01
1.922863909627403700e+01
1.924974746876750942e+01
1.926636172675898706e+01
1.926634486503189692e+01
1.928459266427080365e+01
1.936542094549895410e+01
1.930677837239682049e+01
1.928040387264081801e+01
1.932547039626979313e+01
1.935066722922965710e+01
1.936380834880856128e+01
1.936249987144583429e+01
1.936037428487270518e+01
1.938802966814091633e+01
1.946967822441365570e+01
1.953563974869666708e+01
1.952760140916871023e+01
1.958764860049450363e+01
1.959250335422711942e+01
1.958487033169831193e+01
1.956936889114786027e+01
1.963697725776273728e+01
1.958305581652302862e+01
1.960617279671396318e+01
1.961629580052613164e+01
1.958735725794258542e+01
1.956450103731049239e+01
1.955182120562221826e+01
1.954655263312542957e+01
1.950381853432782009e+01
1.947475172272652344e+01
1.945667253001647623e+01
1.943003853362324662e+01
1.934358071525048217e+01
1.935835594365244106e+01
1.939664042494769092e+01
1.940366580963927845e+01
1.936008663730399348e+01
1.937252972448186483e+01
1.938507604188998812e+01
1.943317211463545391e+01
1.945286340530446978e+01
1.947635423326119053e+01
1.950069097322557354e+01
1.949203228628994111e+01
1.950791418579683523e+01
1.954609548609778358e+01
1.950030612050386480e+01
1.950910894220714908e+01
1.953163091860278655e+01
1.955172031016627443e+01
1.950648417837555826e+01
1.951463968797042980e+01
1.949134412970533958e+01
1.946684082490855872e+01
1.946596813106452828e+01
1.943517800504059778e+01
1.939674668327961626e+01
1.938686216319138111e+01
1.937064583770552417e+01
1.939259804078346860e+01
1.940157779927085357e+01
1.935240617743966141e+01
1.941643307933100004e+01
1.938504780210269018e+01
1.943586737090890892e+01
1.940426651832194693e+01
1.939134481520841291e+01
1.936798817665658135e+01
1.944123750952348928e+01
1.944274919800727730e+01
1.946494641541175952e+01
1.948012750974658047e+01
1.950909614563806826e+01
1.949481429978550295e+01
1.948652399864522522e+01
1.951576248671608482e+01
1.951576943122154262e+01
1.949182157072709742e+01
1.949050428654800271e+01
1.956183385092617755e+01
1.955976867454455714e+01
1.962468415907278541e+01
1.964168652696525896e+01
1.965992591355598051e+01
1.967773388805107970e+01
1.965389304556674688e+01
1.969578285373427207e+01
1.969618143932802923e+01
1.968216130204746150e+01
1.970385117537898623e+01
1.969629031925069285e+01
1.965810771545920943e+01
1.969163151002612722e+01
1.968867649845606138e+01
1.969734525904004840e+01
1.973922505250175163e+01
1.973258846341968820e+01
1.970716882959277427e+01
1.972262863734567873e+01
1.971317350579920458e+01
1.971880203395085118e+01
1.974688141564956823e+01
1.971217260094363155e+01
1.970202688759809462e+01
1.970880709358152671e+01
1.968858063594370833e+01
1.971548040046673123e+01
1.970178287179851395e+01
1.972796308968008816e+01
1.969277132483148307e+01
1.970026308762726330e+01
1.970575654822596334e+01
1.968590313255253932e+01
1.969170919358339233e+01
1.967150867702002870e+01
1.965594490583816878e+01
1.967651797416510817e+01
1.968117809746854618e+01
1.968237744093539732e+01
1.969698264829548862e+01
1.972445576416976110e+01
1.973851707658423038e+01
1.972830679469825554e+01
1.971988660734132282e+01
1.971735282333020223e+01
1.978182572628656999e+01
1.982057350106606464e+01
1.979731884223292582e+01
1.984443654852930194e+01
1.980806983204047356e+01
1.978634942862481694e+01
1.973040692201266211e+01
1.973202577926758750e+01
1.970570302804844687e+01
1.970543789482053398e+01
1.968902635551194180e+01
1.969229897028799314e+01
1.973484454906656538e+01
1.981981670204550028e+01
1.977681690113604418e+01
1.980402016144807931e+01
1.978967572558804022e+01
1.978536375362045874e+01
1.981026807919806743e+01
1.986772951269040277e+01
1.983711733907966845e+01
1.990260044936667327e+01
1.992808391563858095e+01
1.998662256920306390e+01
1.998413539017928997e+01
1.999218738936133377e+01
2.000641787621816547e+01
2.000786250481723982e+01
1.998635463615164554e+01
1.998438340156417325e+01
1.998624108954709300e+01
1.999144359059937415e+01
1.999383890135595720e+01
2.003170818639273421e+01
2.003861344796450794e+01
2.005344381058830550e+01
2.005132188859806774e+01
2.009651643703682566e+01
2.013827425580439012e+01
2.015386603992919845e+01
2.018939882067979852e+01
2.025280118601222057e+01
2.023728825595208036e+01
2.024519312650681968e+01
2.020162833748554476e+01
2.020304462068361318e+01
2.017776751306064398e+01
2.019496190064546681e+01
2.019225019344003158e+01
2.021938466839628745e+01
2.028478004064663764e+01
2.026887861240720667e+01
2.026406587097289957e+01
2.030409130807493057e+01
2.029932002578834727e+01
2.031181316144011362e+01
2.036576096988164863e+01
2.038086053244751383e+01
2.034859193460124516e+01
2.030505991402242216e+01
2.030478613156128631e+01
2.029978129596474901e+01
2.024782296020703143e+01
2.023305494545911642e+01
2.023395122728334172e+01
2.020261517614017066e+01
2.021918498697095856e+01
2.024378286094906798e+01
2.028965327182322653e+01
2.027145375299642183e+01
2.026903089108327549e+01
2.030182857910676830e+01
2.030599077669830876e+01
2.036198430887316135e+01
2.041092321884389094e+01
2.040503810304426224e+01
2.041533556710010089e+01
2.036516467514729811e+01
2.038497039089224927e+01
2.036255539335752474e+01
2.040906184158347969e+01
2.044601898470409651e+01
2.040624799672605150e+01
2.043543965977460175e+01
2.046721362924927234e+01
2.048572061094137098e+01
2.047608944558987787e+01
2.049110202011161164e+01
2.048034128996187064e+01
2.046524528471127269e+01
2.048790927377194748e+01
2.046825439250596901e+01
2.049138509540034647e+01
2.049098548121719432e+01
2.049462799606044427e+01
2.049410487243449097e+01
2.049734570167811398e+01
2.053650039276999451e+01
2.054849519264007540e+01
2.054542315634171246e+01
2.053034500342073443e+01
2.052366259096743306e+01
2.052998714435761940e+01
2.055180086967357056e+01
2.056668889150023460e+01
2.060847385610031779e+01
2.059972397689125501e+01
2.064450214817497908e+01
2.062126796208576707e+01
2.068037604338996971e+01
2.067802939475632229e+01
2.064288859704811330e+01
2.063780417598445638e+01
2.069953713855511523e+01
2.068886698099186106e+01
2.068782200597433985e+01
2.068775541131208229e+01
2.064354009471753670e+01
2.068733500397001990e+01
2.070819049898864250e+01
2.068294721677648340e+01
2.073982992750734411e+01
2.072466421488343258e+01
2.071338480761414758e+01
2.074074545853909513e+01
2.069877359247129789e+01
2.074241424142974211e+01
2.074550858676047937e+01
2.076391763586025263e+01
2.076272509738237204e+01
2.075842461913634907e+01
2.074575520005510043e+01
2.074640859778628510e+01
2.075091651910179280e+01
2.076574383567913173e+01
2.076867518803283019e+01
2.073288884366502316e+01
2.068853916445868890e+01
2.066293159456199646e+01
2.066441802835424824e+01
2.065686842400509704e+01
2.068477857772904827e+01
2.068380120330994032e+01
2.067800026073200570e+01
2.068644420842747422e+01
2.070120372773726558e+01
2.075119541647154620e+01
2.075236521209535567e+01
2.078685938086528040e+01
2.079311391400642606e+01
2.078460399192181285e+01
2.078261986709185294e+01
2.080825486088451726e+01
2.082485698927303019e+01
2.079072174108478066e+01
2.082052607420973800e+01
2.083752826631052812e+01
2.084931075490203511e+01
2.084946349052597725e+01
2.085290711867310165e+01
2.088078189864290835e+01
2.092997163493873813e+01
2.091409010902179944e+01
2.094085774911673070e+01
2.098466476713383599e+01
2.097917701063124696e+01
2.099627240111522042e+01
2.100669185007382112e+01
2.097912755257220851e+01
2.095862299202644863e+01
2.094145235126552507e+01
2.096828950884355436e+01
2.095867016915326531e+01
2.112351506343384244e+01
2.112418173275773370e+01
2.112888350862203879e+01
2.112254564734894302e+01
2.115141472256436828e+01
2.114579737010717508e+01
2.112434145135694052e+01
2.112908396697457647e+01
2.112703428889881252e+01
2.114153303496732406e+01
2.114452328695551842e+01
2.114531652123696404e+01
2.116180096746029449e+01
2.120839759692080406e+01
2.121143740171646641e+01
2.125829958890790294e+01
2.123219594305010105e+01
2.123679883844306460e+01
2.126287704451351601e+01
2.128051714516550419e+01
2.128944431511899893e+01
2.127167571374320687e+01
2.129437083083121252e+01
2.131858272359841067e+01
2.132400283668812335e+01
2.130306507705427066e+01
2.131293496884063643e+01
2.132608261198583932e+01
2.131980508771903260e+01
2.131042747334777232e+01
2.135573382618895266e+01
2.133466536916148470e+01
2.137807240668644226e+01
2.141923179169680225e+01
2.140325789825965330e+01
2.141646339109774999e+01
2.143775401773382328e+01
2.145755293776164763e+01
2.150675732219315250e+01
2.153819659385681007e+01
2.152174431429739343e+01
2.147517717512073432e+01
2.150262216315240948e+01
2.149322129800384573e+01
2.147819264129975636e+01
2.154970480072279315e+01
2.157773413766790327e+01
2.158315021326416172e+01
2.156780922265897971e+01
2.155314134935179027e+01
2.153293234971897618e+01
2.151048220501070318e+01
2.151033113593712187e+01
2.149562497521492332e+01
2.147468777335689083e+01
2.147103113240427774e+01
2.147663968059714534e+01
2.147205802875214431e+01
2.146974805412082787e+01
2.146117067213617702e+01
2.145833557610239950e+01
2.145116108466299920e+01
2.145041818411573331e+01
2.145719521505361627e+01
2.146883241271825682e+01
2.148379531090904493e+01
2.147246026825723675e+01
2.150409065366420691e+01
2.151676417162070720e+01
2.151325258829092490e+01
2.147781074814156455e+01
2.145821796822292526e+01
2.146856153925000399e+01
2.150725549277467508e+01
2.152255789078026282e+01
2.152380691905273125e+01
2.151641258570998616e+01
2.151129546741594822e+01
2.155172306005260907e+01
2.156383871452908352e+01
2.160764692778684548e+01
2.163869414395867352e+01
2.162430384025083185e+01
2.162448196059358452e+01
2.161337184737294592e+01
2.162695192120645515e+01
2.171752924991960754e+01
2.175406000395469164e+01
2.174674243890513026e+01
2.175815226975373662e+01
2.174051116950886353e+01
2.171241834537704563e+01
2.173040473727360222e+01
2.176566526667284052e+01
2.179173600319063553e+01
2.181096679627808044e+01
2.184010354756810557e+01
2.185081359159448766e+01
2.186162832413810975e+01
2.186123695624519314e+01
2.185979348782802845e+01
2.186228367311559850e+01
2.185034413888115523e+01
2.183961736875335191e+01
2.181211072230871650e+01
2.176944812839610677e+01
2.183086475888831046e+01
2.181719374328167760e+01
2.180430453033932281e+01
2.181388100417188980e+01
2.182935532171541126e+01
2.185504045715606480e+01
2.185661044276730536e+01
2.186664715285496641e+01
2.189494922841822699e+01
2.190474250471925188e+01
2.189620743360592314e+01
2.191029900587182055e+01
2.191124676251274650e+01
2.189918649148330587e+01
2.189662259906526742e+01
2.187272127896540042e+01
2.186398617626673513e+01
2.185409974774574948e+01
2.185248153042721242e+01
2.185503788534333580e+01
2.182842012612945837e+01
2.187877872742319596e+01
2.190923150286562304e+01
2.190694159789018158e+01
2.192287346787998104e+01
2.192889336781900056e+01
2.190977108081278857e+01
2.189572045902696118e+01
2.189056412053105305e+01
2.190049685616486386e+01
2.189750620270297077e+01
2.186979639327819314e+01
2.190196331828883558e+01
2.188383896275809093e+01
2.188063464314745943e+01
2.189133312350440974e+01
2.187786387882715644e+01
2.189584119612572977e+01
2.192203415089352347e+01
2.192156133636581217e+01
2.191944043599778524e+01
2.198924522312972840e+01
2.199828647925733094e+01
2.197613290588014934e+01
2.197013496110230335e+01
2.201531119316587137e+01
2.200724092082418792e+01
2.201677125565311144e+01
2.201388560500072344e+01
2.200283071073135943e+01
2.203069316409255407e+01
2.205867685991779581e+01
2.206920230933701532e+01
2.204827056387239281e+01
2.209234997780731646e+01
2.206735329431194259e+01
2.208627815121053573e+01
2.213046356879021914e+01
2.212033689284999127e+01
2.216144100429755781e+01
2.214304101494599308e+01
2.214376364114195894e+01
2.215504566786512441e+01
2.216380026096248912e+01
2.216485547576576209e+01
2.215539733413243084e+01
2.214945843944587978e+01
2.217539200148257805e+01
2.218424883326861163e+01
2.219219289552074770e+01
2.221324773943615583e+01
2.219480945778013847e+01
2.223752145406069758e+01
2.220877937031127658e+01
2.221801879816757719e+01
2.223109470860617876e+01
2.224339527044503484e+01
2.223097212754692009e+01
2.228432472359872918e+01
2.228829388057783945e+01
2.228835620215795643e+01
2.229053115949864150e+01
2.230875323584223224e+01
2.229531310711809056e+01
2.231795144171974243e+01
2.234895181450974633e+01
2.235119984966877382e+01
2.235565659908479574e+01
2.233369975449841149e+01
2.234234371346974513e+01
2.236165944259664684e+01
2.233786802479971811e+01
2.230053151442643866e+01
2.231125760719896789e+01
2.235037466613903234e+01
2.234607009479077533e+01
2.235836716303037974e+01
2.234562722388000111e+01
2.236491517500599002e+01
2.239162441496682732e+01
2.238141923580315051e+01
2.236554841384895553e+01
2.241275634677640483e+01
2.239710505421044218e+01
2.245305636514240177e+01
2.242699881130647555e+01
2.244464580727617431e+01
2.244416878010997607e+01
2.243766890885854082e+01
2.246001814475130232e+01
2.250270058999467437e+01
2.249171917460807890e+01
2.250340204369877029e+01
2.249354676012808341e+01
2.248587259511441516e+01
2.248857808580942219e+01
2.246469372905630735e+01
2.246653436056567443e+01
2.246879196981262794e+01
2.246421397447466006e+01
2.246993792007106094e+01
2.249610650162594538e+01
2.249893135051206627e+01
2.250368819275900023e+01
2.251570327557965356e+01
2.252288746834619815e+01
2.255716965852661815e+01
2.259850631329936732e+01
2.260536659597164544e+01
2.259663846666444442e+01
2.266295450083998730e+01
2.266758204315010516e+01
2.269674972250049905e+01
2.267877774910630251e+01
2.269319432018073712e+01
2.274617750082416023e+01
2.275747408605002420e+01
2.277544911555014551e+01
2.279528448326982470e+01
2.279860771004587150e+01
2.276975661593314726e+01
2.276787672698083043e+01
2.275362338722516142e+01
2.274566872808190965e+01
2.274426170110382373e+01
2.275400388321395440e+01
2.275581808543302031e+01
2.275789672343216807e+01
2.277330411473576532e+01
2.277030693850883836e+01
2.276099363244429696e+01
2.277058450554159208e+01
2.276378597756138333e+01
2.274985248139728355e+01
2.274444040504204168e+01
2.279963146280715591e+01
2.281396951181704935e+01
2.281392730854895490e+01
2.283804299469738908e+01
2.282353974874786218e+01
2.286364570921068662e+01
2.286680965881896554e+01
2.284796093973181996e+01
2.283842526061744138e+01
2.285323252302987385e+01
2.285439942728044116e+01
2.284809037583545432e+01
2.285066537718012114e+01
2.284365383539807226e+01
2.286288431577031588e+01
2.288991852726121579e+01
2.293994692991145712e+01
2.293445192151557421e+01
2.294552751012997760e+01
2.295225251165993541e+01
2.294389399172541744e+01
2.298343314543853921e+01
2.296086271479180141e+01
2.297594162117820815e+01
2.300359442086846684e+01
2.302365902494148031e+01
2.302725568958612712e+01
2.304709431842638878e+01
2.305690923178917728e+01
2.303522454145422671e+01
2.301620469963927462e+01
2.301432697605469002e+01
2.302885802871423948e+01
2.302336858291255339e+01
2.302392586383120943e+01
2.304721143472215772e+01
2.302310690123886161e+01
2.304783954183494643e+01
2.307231683058307681e+01
2.309937682703639439e+01
2.311260633595338732e+01
2.310321673050748359e+01
2.308915203630658652e+01
2.308914570972774527e+01
2.308252355464719585e+01
2.309656896495198453e+01
2.307145839044551394e+01
2.305642765641550795e+01
2.305366978896472574e+01
2.308535660844336235e+01
2.310124088180054969e+01
2.310390520957480476e+01
2.310497874935481377e+01
2.311195165485241887e+01
2.309976295760316134e+01
2.311892958403495868e+01
2.313756595461381949e+01
2.313254232503004459e+01
2.312134686502940895e+01
2.313016697615148587e+01
2.312395024788838782e+01
2.311308180491141684e+01
2.315198223764491559e+01
2.317093520969683595e+01
2.315745007350506057e+01
2.313172647737155785e+01
2.313220607761377323e+01
2.315340342564832099e+01
2.315281147205223533e+01
2.315352434008127602e+01
2.318284070691606757e+01
2.319673891756428930e+01
2.319579942838299758e+01
2.319548607105662086e+01
2.319689976479367033e+01
2.321036719339736010e+01
2.321285486633223627e+01
2.321387518113897386e+01
2.321237500499864836e+01
2.322868732638562506e+01
2.321708819782725186e+01
2.320589242475216452e+01
2.320816534990444779e+01
2.323704806946625467e+01
2.322681159536114137e+01
2.322503551455974957e+01
2.322440510124761204e+01
2.324349082733260730e+01
2.324532701225689379e+01
2.326118375443365949e+01
2.328910210892809118e+01
2.329581175929979509e+01
2.329796604651346570e+01
2.330644133893474645e+01
2.332804844782913278e+01
2.332154751891266642e+01
2.332625917380028113e+01
2.331320879401755519e+01
2.331063609835473471e+01
2.331807807369204966e+01
2.331233275761769619e+01
2.334111942680920038e+01
2.334538307894581521e+01
2.334198621030918730e+01
2.332278452346872655e+01
2.332096451781580981e+01
2.331497766849133768e+01
2.329404820170384482e+01
2.334761711350347468e+01
2.335645212459803588e+01
2.336179690716289770e+01
2.336681457343638613e+01
2.338612808880770899e+01
2.340223861556387419e+01
2.339940280227347102e+01
2.339214584607998404e+01
2.339278965480662009e+01
2.342911929181263986e+01
2.341978055566778494e+01
2.342110897506063338e+01
2.341026706276443292e+01
2.340239113583811559e+01
2.339568706589307112e+01
2.339155290087637695e+01
2.338858465034627443e+01
2.338469170059306634e+01
2.341602398368468130e+01
2.341642988621060795e+01
2.343677268327610363e+01
2.344722423113580589e+01
2.344741999970483448e+01
2.347746559002007416e+01
2.347698396557461820e+01
2.346542436420259037e+01
2.344542294143684558e+01
2.343192341616850172e+01
2.342378049296621612e+01
2.340965431314180023e+01
2.340177317566303827e+01
2.343116157740678318e+01
2.341811721054727968e+01
2.343408336793982016e+01
2.344318400705924432e+01
2.345931734065379715e+01
2.344751497690413089e+01
2.345924305257176457e+01
2.346281377488594444e+01
2.346718880325715872e+01
2.347366896704807004e+01
2.351015199521953036e+01
2.351129973598472134e+01
2.355809179137759202e+01
2.355224379546962155e+01
2.353964099723907566e+01
2.360094641228897672e+01
2.358806425503098581e+01
2.360239402302249800e+01
2.359056204535318102e+01
2.359302060672962398e+01
2.358160853097979270e+01
2.358384554757867591e+01
2.358197933720293804e+01
2.359513220167809777e+01
2.358572956525949849e+01
2.358784871787065640e+01
2.357800098463394534e+01
2.358631830144167907e+01
2.359884246553338016e+01
2.362251948596622242e+01
2.361824142009299976e+01
2.362877135810049367e+01
2.364573880553325580e+01
2.366244077110241051e+01
2.368140998782018869e+01
2.369694349704514025e+01
2.370321325514396449e+01
2.372323992064139020e+01
2.376873038920803083e+01
2.378255613726560114e+01
2.378198839841843437e+01
2.378898344952540356e+01
2.379777018410550227e+01
2.379917166524228378e+01
2.381534851702599553e+01
2.381920283187264431e+01
2.384023371404782665e+01
2.383484489572492748e+01
2.383126264163365704e+01
2.383442652807298145e+01
2.385067801850254909e+01
2.387800871537365310e+01
2.387457775315306208e+01
2.386447218619014166e+01
2.386484393370665202e+01
2.387371325105505093e+01
2.387563917051556928e+01
2.387808387430777657e+01
2.387449485539400484e+01
2.387652422607061453e+01
2.388743390318177262e+01
2.388568394824142160e+01
2.390596620969427022e+01
2.391665176788956160e+01
2.391276510585066717e+01
2.390372136627956934e+01
2.390807939236856328e+01
2.390458535351535829e+01
2.391082344542610372e+01
2.392027980985403701e+01
2.393304430646549008e+01
2.393644441897868091e+01
2.396399265282161650e+01
2.397046420173955994e+01
2.397424248326478846e+01
2.398249335183663788e+01
2.399316381031803758e+01
2.397766638257689920e+01
2.400012743221941491e+01
2.401073884726338292e+01
2.400976717747562361e+01
2.402413835814331833e+01
2.403005161217970453e+01
2.405667847231779888e+01
2.404629881571690930e+01
2.403214635474614624e+01
2.404189624033188011e+01
2.403769296312839288e+01
2.403330909258602333e+01
2.402846362155105453e+01
2.402925023793250148e+01
2.404237246877619327e+01
2.404157166347067687e+01
2.403738786206940858e+01
2.405184922598527919e+01
2.405948324862674781e+01
2.406483603962260531e+01
2.407289886707076221e+01
2.406854081645633414e+01
2.405565578794721660e+01
2.406231162792482792e+01
2.406554072656126664e+01
2.407032551607790083e+01
2.411537364318337495e+01
2.411097397743833426e+01
2.411106429814935836e+01
2.412254511283936154e+01
2.411703068641418213e+01
2.413371423466287524e+01
2.413740739262448187e+01
2.415206350101379940e+01
2.417033083921887737e+01
2.417518789341374941e+01
2.417950957532775647e+01
2.417812049794429186e+01
2.418934713265753089e+01
2.420725361616041482e+01
2.420958544109089416e+01
2.423368494694295805e+01
2.422758302025431476e+01
2.423243667138103774e+01
2.422418493811073859e+01
2.421930951384638320e+01
2.421385078170260385e+01
2.421886831275151053e+01
2.421580837251440244e+01
2.420573622874235298e+01
2.422622457463239698e+01
2.422959175289088307e+01
2.422275999927933299e+01
2.423410630927628517e+01
2.422794028686075762e+01
2.422867968413265771e+01
2.423277510661046108e+01
2.423216367173699837e+01
2.423567136322708393e+01
2.422469576474395581e+01
2.422374930237219814e+01
2.421935998803928669e+01
2.423839542435234762e+01
2.423787416945287987e+01
2.422591135078891966e+01
2.421838396610746713e+01
2.422097417403620057e+01
2.421120122768024885e+01
2.420518972604440933e+01
2.420288053002514062e+01
2.420823369890149479e+01
2.420936706981865427e+01
2.420006823686071584e+01
2.420121317357188673e+01
2.419109449168445281e+01
2.419003555757990398e+01
2.419149290747282066e+01
2.420053557277424261e+01
2.419794297249609372e+01
2.421020304395915446e+01
2.421080577888915286e+01
2.420283937449312361e+01
2.420627295145641256e+01
2.421020385804695252e+01
2.421246212175083201e+01
2.420102516572478635e+01
2.419940072922236141e+01
2.419522846731888421e+01
2.421308291691366321e+01
2.420766055188778410e+01
2.422843013294823322e+01
2.421826702420639776e+01
2.422088323212483374e+01
2.422522501177991217e+01
2.424031509886390268e+01
2.423852175504180195e+01
2.424791970018850407e+01
2.425467847695745149e+01
2.425643777873665385e+01
2.424687215563062637e+01
2.424781744096617331e+01
2.424553264132100594e+01
2.426994676433514542e+01
2.427294273324969254e+01
2.429817206988900580e+01
2.429928309547540266e+01
2.430386416356941481e+01
2.430749545156049862e+01
2.430564143021820200e+01
2.429193542899156455e+01
2.429432156054554071e+01
2.430144012502205442e+01
2.431168799440001749e+01
2.430753997778083431e+01
2.430633865151230566e+01
2.431599250754152308e+01
2.431472078782917379e+01
2.431453457675615937e+01
2.433400120755413809e+01
2.433316930861383298e+01
2.433700542180395132e+01
2.433793050950498582e+01
2.432883237067471782e+01
2.433701607271450484e+01
2.432883542227318685e+01
2.433695770593840280e+01
2.432165818642806698e+01
2.431753066919281991e+01
2.430921174613376934e+01
2.431058327310347522e+01
2.432787216756878479e+01
2.431248506176507362e+01
2.430757925031230116e+01
2.430559371462913987e+01
2.434031212260015309e+01
2.433642781609705708e+01
2.434710172039012832e+01
2.434858463161526743e+01
2.435259611364290322e+01
2.435637871674225607e+01
2.434849763401052769e+01
2.435249924960498902e+01
2.435803437102822500e+01
2.437251771563023794e+01
2.439438463227543252e+01
2.439348800170773757e+01
2.439829257419205533e+01
2.439550891699218482e+01
2.440104915433676069e+01
2.440309681580947654e+01
2.440245321471138595e+01
2.441696888367823703e+01
2.442025583602389815e+01
2.442507159011347539e+01
2.443039874299574876e+01
2.443058471971744439e+01
2.444483237818440102e+01
2.444329710523652466e+01
2.444095436432144197e+01
2.443884965803590603e+01
2.443798209087981377e+01
2.443598225635014387e+01
2.445033943529324461e+01
2.445227161383991188e+01
2.445019785326439887e+01
2.445181278047130036e+01
2.445566077007788408e+01
2.445556510111146054e+01
2.445273097471999790e+01
2.444178293602271879e+01
2.443986231754297478e+01
2.444949741405434906e+01
2.445552365434650710e+01
2.445168319358253939e+01
2.446432987259686342e+01
2.446819050899830472e+01
2.445425619674642803e+01
2.446010869823476241e+01
2.446475726824246522e+01
2.445912058546946355e+01
2.446755958519770502e+01
2.445987938625967217e+01
2.445523944008255057e+01
2.444703781756379612e+01
2.443508076082616753e+01
2.442844890863398177e+01
2.443027163415536052e+01
2.443209474383729685e+01
2.443246274321245437e+01
2.443507913411667687e+01
2.443674688578448695e+01
2.444056593062578031e+01
2.443879635625216906e+01
2.444414574673555762e+01
2.445115275698844926e+01
2.445143214086601802e+01
2.445139420121267904e+01
2.446254607017635863e+01
2.446715225835941965e+01
2.446887274859818717e+01
2.447364073004064267e+01
2.447629931666961056e+01
2.448150398736743227e+01
2.447795479453088774e+01
2.448020436936803890e+01
2.447261528050148627e+01
2.447898847908618336e+01
2.447022660625498247e+01
2.446907549998650211e+01
2.447513793740199617e+01
2.446313752569039934e+01
2.445945497006414371e+01
2.446185008244992787e+01
2.446540305909002200e+01
2.446911487914712779e+01
2.447365551868278999e+01
2.446455509114639426e+01
2.447063791825530643e+01
2.447010107389087352e+01
2.447923427139085106e+01
2.448503896620422893e+01
2.448508293081158627e+01
2.448882652322663489e+01
2.450150703277358843e+01
2.450273008368912997e+01
2.452248798411164898e+01
2.451906038472952787e+01
2.452902607407122559e+01
2.453517897353322041e+01
2.452841025521593110e+01
2.453604458546033129e+01
2.454390304249773180e+01
2.454698862302666384e+01
2.454105908034034655e+01
2.453896253873790556e+01
2.453733645171178068e+01
2.454364896226343262e+01
2.455828366957757680e+01
2.456271055920933577e+01
2.456396939946989733e+01
2.456253754355657293e+01
2.457563716427193867e+01
2.457869952511373413e+01
2.458328267765136843e+01
2.459491197237457527e+01
2.459394665121453727e+01
2.459755291455803672e+01
2.460429121296328958e+01
2.459167659262493544e+01
2.459417096975721506e+01
2.461167197238864901e+01
2.461220991571190098e+01
2.461008662516724144e+01
2.461091294584366551e+01
2.461446408351002901e+01
2.461292760039304994e+01
2.461954069255625654e+01
2.462617473999125650e+01
2.462580460838580620e+01
2.462277632366294711e+01
2.463285877929956769e+01
2.463950795699020091e+01
2.464940330729041307e+01
2.465129206931123917e+01
2.465564989064114343e+01
2.467386511068525579e+01
2.468357242436923116e+01
2.468353424590441136e+01
2.468856597398280428e+01
2.469558549706925987e+01
2.468194372306697915e+01
2.468048891954640567e+01
2.469405580531929445e+01
2.468853095962094812e+01
2.470100246686979517e+01
2.470219079268008500e+01
2.470585488427150267e+01
2.469969824344570952e+01
2.471461284811630321e+01
2.472774903892695875e+01
2.473135127849400305e+01
2.473662824926668691e+01
2.476014356243376824e+01
2.475579702202594490e+01
2.476265490163041250e+01
2.475638292239727889e+01
2.477654509333569877e+01
2.477287868439452723e+01
2.477442847897782485e+01
2.477290268319939059e+01
2.477083065958777297e+01
2.476893109021511918e+01
2.477127828125230735e+01
2.477556889669904194e+01
2.477280452756986051e+01
2.476676689818486921e+01
2.476786027685011504e+01
2.478334844235450873e+01
2.479200859988031880e+01
2.480188273711792135e+01
2.480238207734964817e+01
2.479769480984487018e+01
2.479819142306769209e+01
2.479659866040310590e+01
2.480363127200871531e+01
2.481107384450842801e+01
2.481555195750297571e+01
2.481985594668367412e+01
2.481367388007038244e+01
2.480467825894083944e+01
2.481103654417893267e+01
2.481930263361391553e+01
2.481934298395390215e+01
2.482053904457552562e+01
2.482762014275795082e+01
2.483438136443965050e+01
2.484087527276915353e+01
2.485290008129140915e+01
2.486652583007344219e+01
2.487669878785527544e+01
2.488333109082577721e+01
2.488703993365470524e+01
2.488813475493680016e+01
2.489516290303527057e+01
2.490072390765908494e+01
2.488145500958307821e+01
2.489404323772487260e+01
2.489919618737621931e+01
2.490207481250035926e+01
2.491726722633757163e+01
2.492226021333044628e+01
2.494122214120397985e+01
2.495553531968835159e+01
2.495163163551296748e+01
2.495428264760539605e+01
2.495498728837355884e+01
2.496493477823241847e+01
2.496987657260888227e+01
2.497223430973099312e+01
2.498314635563747288e+01
2.498380178933621210e+01
2.498766398008410761e+01
2.499092557191488595e+01
2.499048216740811768e+01
2.499430193738680828e+01
2.499996433894830261e+01
2.500631543362487719e+01
2.501628754747798666e+01
2.502659257758750755e+01
2.501841766796223965e+01
2.502461269913419528e+01
2.502734355372922437e+01
2.502697486483612010e+01
2.503138223912355897e+01
2.503894336762550665e+01
2.504502022858105192e+01
2.504989712286078429e+01
2.505885034245056886e+01
2.506658516912466439e+01
2.506219758821771393e+01
2.506827055052872311e+01
2.507684594559214020e+01
2.508904581887600216e+01
2.509630499750892341e+01
2.509361249906123703e+01
2.510349380788375129e+01
2.511099075595575414e+01
2.511262210640870762e+01
2.512162167257974943e+01
2.512262166037362476e+01
2.513254793577561941e+01
2.514334119606428430e+01
2.514493917914660415e+01
2.515901073028271639e+01
2.516483867880015168e+01
2.515061585684179590e+01
2.514933226892298990e+01
2.515461724415035860e+01
2.515169709270412568e+01
2.515561953014002938e+01
2.516526600665838487e+01
2.516207103738179285e+01
2.517394937871267757e+01
2.518119648130141286e+01
2.517279667468937987e+01
2.517564383660101157e+01
2.517361086675009574e+01
2.517291861137982778e+01
2.517628689348020998e+01
2.518295685295652220e+01
2.518380254677595076e+01
2.519063630658365582e+01
2.519606078768811130e+01
2.519927226418803912e+01
2.519849723190964141e+01
2.520156413654240168e+01
2.520018792016981024e+01
2.520904927704032161e+01
2.520748302732317825e+01
2.519149048518556810e+01
2.518746024352822133e+01
2.517893590111088997e+01
2.519226909434928530e+01
2.519926657729865838e+01
2.520084230304109951e+01
2.520643554109847173e+01
2.521129143398957240e+01
2.522246347867803706e+01
2.523272518705562106e+01
2.524367595907096984e+01
2.522885963214230287e+01
2.523333543553872005e+01
2.524675201006175485e+01
2.526035980945016490e+01
2.525735420711043844e+01
2.526657601806982711e+01
2.525728595467808191e+01
2.526983031218333053e+01
2.527285233338079706e+01
2.528123417729511857e+01
2.528274607934781670e+01
2.529033641590012849e+01
2.529846725009065267e+01
2.527629170255659119e+01
2.528398419238783390e+01
2.528826578451207752e+01
2.529755661550552759e+01
2.530360097446828149e+01
2.530832223594006791e+01
2.531124485441614524e+01
2.531836167673645832e+01
2.533160995366324642e+01
2.534442112493434252e+01
2.534227552598349575e+01
2.535212005591256457e+01
2.535325304909201805e+01
2.535256548468169058e+01
2.535196354282379616e+01
2.534195943799659290e+01
2.535853889944883122e+01
2.536042884327252978e+01
2.536345692816030351e+01
2.536692591163136967e+01
2.537202072300442524e+01
2.538006165946808323e+01
2.539051161406587198e+01
2.540456720194106310e+01
2.538951770522908191e+01
2.538563012706254085e+01
2.539209545593985240e+01
2.540207660657870292e+01
2.540068133864406263e+01
2.541017115097110945e+01
2.542858940060341411e+01
2.541704790722360485e+01
2.542556108144253812e+01
2.542171650532145577e+01
2.542634304657985922e+01
2.544258827254088828e+01
2.544174603635019594e+01
2.545185941327963519e+01
2.546255577831561823e+01
2.546695869999257411e+01
2.547862858743792458e+01
2.549857001243526611e+01
2.550137065504168277e+01
2.551021161645712709e+01
2.551767853534420283e+01
2.551349718225174001e+01
2.551673006558849011e+01
2.550712646437023068e+01
2.550737947433299269e+01
2.552076802624924312e+01
2.551542306073315558e+01
2.553202271013560676e+01
2.554427643921371782e+01
2.553412225256215606e+01
2.555027740320292651e+01
2.555851155865366309e+01
2.556495470279605797e+01
2.555917885882990959e+01
2.554988210823103145e+01
2.556604789633820474e+01
2.557019292153654533e+01
2.556272512474060932e+01
2.557916277503500169e+01
2.558096302514513809e+01
2.558966379777393740e+01
2.560103154119315150e+01
2.561167921357628074e+01
2.559776836898618058e+01
2.559726656445855042e+01
2.557172947192520951e+01
2.558284838236795622e+01
2.560010287638669979e+01
2.560721198783630825e+01
2.560664790359624021e+01
2.559584244440338807e+01
2.559276068670715176e+01
2.555790177129529184e+01
2.556490191811917612e+01
2.556398006234212517e+01
2.556790337005350011e+01
2.558191983982123929e+01
2.559448316698308190e+01
2.557592335668050509e+01
2.559251899594801216e+01
2.560056955625714181e+01
2.561028061600063666e+01
2.562460072774229047e+01
2.563487277954845922e+01
2.564286222600367182e+01
2.564597248618883896e+01
2.564188691138315335e+01
2.563684414048566396e+01
2.564506380036709743e+01
2.564634207692233758e+01
2.565895088410798053e+01
2.565534473581919883e+01
2.566604799315246055e+01
2.567446558746814844e+01
2.567294592446796742e+01
2.567099895295086753e+01
2.568719991981197381e+01
2.569949964611805626e+01
2.571862613130087993e+01
2.571666154494869261e+01
2.572603152558986039e+01
2.573154654660447704e+01
2.573832860322272609e+01
2.576022194392680831e+01
2.577150828764115431e+01
2.577720534830405086e+01
2.577738061130276037e+01
2.579000256948984315e+01
2.578583346546838584e+01
2.579432343419193785e+01
2.580567535307363869e+01
2.581758595556766522e+01
2.582403466722553276e+01
2.583149668336409377e+01
2.583828211028139776e+01
2.584773953285730386e+01
2.586242491318625980e+01
2.587735228434030432e+01
2.588152366322174203e+01
2.589136981951833150e+01
2.589671171504505764e+01
2.590268491842925869e+01
2.592051045565949607e+01
2.592449146205035504e+01
2.593166910062427633e+01
2.591044245331249840e+01
2.590775088752525335e+01
2.590689642211327737e+01
2.591430661181948381e+01
2.591501915096159792e+01
2.592245438964255300e+01
2.593128567516941985e+01
2.594112520179078274e+01
2.593525461946774158e+01
2.594097218749629974e+01
2.593447571346405311e+01
2.591535593741627963e+01
2.592279949647308968e+01
2.591802490446298179e+01
2.591527853131810843e+01
2.591945423866400233e+01
2.594467358594374673e+01
2.594327196955055115e+01
2.596517405518807209e+01
2.596975025516985625e+01
2.596080962447285856e+01
2.596375588103182963e+01
2.598485256697040313e+01
2.599424218177864532e+01
2.600373848733215709e+01
2.601213853569333878e+01
2.598684460952881636e+01
2.596702226544584846e+01
2.597249903058491327e+01
2.599485012635159364e+01
2.600782718123628001e+01
2.600754797734771273e+01
2.601443334489704284e+01
2.601711786965552164e+01
2.602075127621537831e+01
2.603592173507968255e+01
2.602803164833403571e+01
2.602951409870001953e+01
2.599766647304204525e+01
2.600900133710547379e+01
2.600143352419763687e+01
2.602346942159147147e+01
2.604154153683066397e+01
2.605638070993609290e+01
2.606474351327779004e+01
2.606199553620626830e+01
2.606945546698170801e+01
2.607433202059019095e+01
2.608631342704666167e+01
2.602501180687249871e+01
2.603794517493770400e+01
2.604852174553707300e+01
2.604635816100835655e+01
2.604927961803514336e+01
2.606325781918621942e+01
2.608702575082588737e+01
2.608053756642948429e+01
2.610536823238089710e+01
2.611377318438917428e+01
2.611936575167510455e+01
2.611399902217999625e+01
2.613454063140488870e+01
2.614494018121877161e+01
2.612705875269875833e+01
2.613407479582474480e+01
2.614357766543162143e+01
2.614065517315884790e+01
2.615262801395874703e+01
2.615947365192278085e+01
2.616276599419052218e+01
2.617478404686153226e+01
2.619348329333479342e+01
2.621467497048979567e+01
2.622435971667528065e+01
2.623579040884396818e+01
2.624798360578461143e+01
2.626718370115213474e+01
2.628520704771381133e+01
2.629990915247344674e+01
2.630786905010972987e+01
2.633239118760138808e+01
2.634072199140882731e+01
2.634667172366425802e+01
2.636123725788183947e+01
2.637935939917042560e+01
2.639382567504799226e+01
2.640271621202009555e+01
2.638725427345616481e+01
2.640555570037213329e+01
2.640950365011758549e+01
2.641111598654788395e+01
2.639540172712531785e+01
2.638945477349170687e+01
2.638339091743728204e+01
2.638957491228211438e+01
2.638504534809271718e+01
2.639868366444079584e+01
2.640648072518160916e+01
2.640656615270017937e+01
2.635940273292089842e+01
2.636814683915872592e+01
2.633966876257090917e+01
2.634094060118513880e+01
2.634763140773975465e+01
2.634522791136896558e+01
2.633366658163413376e+01
2.633215273721270933e+01
2.635193240416811022e+01
2.636744479728531587e+01
2.635059168133648200e+01
2.634376491707553214e+01
2.633479638903645537e+01
2.632369488381755218e+01
2.633620305128624750e+01
2.634819002419681055e+01
2.636382480264364858e+01
2.635629489628354349e+01
2.635480098811967764e+01
2.636490337866871414e+01
2.638040439910582791e+01
2.639579111352031759e+01
2.640075266254461894e+01
2.639741409226098767e+01
2.640350966583810077e+01
2.640623414595211216e+01
2.641339551135479269e+01
2.643894297605311294e+01
2.645336113766916242e+01
2.646247659722484968e+01
2.648537370157100668e+01
2.648217465797461045e+01
2.649723155086303450e+01
2.651896444840895128e+01
2.652956539759270527e+01
2.649353835996953421e+01
2.649593420801556931e+01
2.651111958476667496e+01
2.649821634131421888e+01
2.651365383356642269e+01
2.652826209211343667e+01
2.652417295265968278e+01
2.653735543776838313e+01
2.655106716341560968e+01
2.656820622619397909e+01
2.655637407725589583e+01
2.657453191382865043e+01
2.658843179406630952e+01
2.657388236162205430e+01
2.656851926856052160e+01
2.656081675711902790e+01
2.655745823946381279e+01
2.654149134414092259e+01
2.655325135591920116e+01
2.655061423747974914e+01
2.655935973886062129e+01
2.655600107363989082e+01
2.656547318536559033e+01
2.655614741263980250e+01
2.656077861333506007e+01
2.656266512221554876e+01
2.658505461049298901e+01
2.661465271899123763e+01
2.660857703698366095e+01
2.662695396683375293e+01
2.665781422272357304e+01
2.662971386921162775e+01
2.663155167137210810e+01
2.663993763964663231e+01
2.664684366970141127e+01
2.664193048146989895e+01
2.664156990101309930e+01
2.665968854161019408e+01
2.665774952438459877e+01
2.664627827971162333e+01
2.665902601133893768e+01
2.667741695891163545e+01
2.665420535022349213e+01
2.665911176227109536e+01
2.665947952781334607e+01
2.666936756525683450e+01
2.665974758974880388e+01
2.666100739093053562e+01
2.668216839535398321e+01
2.670704734147966519e+01
2.669767346085427562e+01
2.671151412854851515e+01
2.671016945831343037e+01
2.672151252609728544e+01
2.672217350034043193e+01
2.672124811563116964e+01
2.673398950772661919e+01
2.674751276663300814e+01
2.673792353239605291e+01
2.672818348122200405e+01
2.670701812994775537e+01
2.670896016100232373e+01
2.672592591154989350e+01
2.669802945720221032e+01
2.671550849369759817e+01
2.673291495402827422e+01
2.672848576984688407e+01
2.675348101891813712e+01
2.675769763532389334e+01
2.672660504743089405e+01
2.674049960715819907e+01
2.673970989280769572e+01
2.676561134862095059e+01
2.676652704345724487e+01
2.678609107064585260e+01
2.678281293971394916e+01
2.678648448832882423e+01
2.679032786199422844e+01
2.680465872425429552e+01
2.680716765310444316e+01
2.680600210744341894e+01
2.680245708025722706e+01
2.680698493293039064e+01
2.680719903629324108e+01
2.682185581594967516e+01
2.683805507467695861e+01
2.685055739854033163e+01
2.685933838261371420e+01
2.686087971659526374e+01
2.687069011764106108e+01
2.685391745215019910e+01
2.684933975624153391e+01
2.684478206441235670e+01
2.688370962142016651e+01
2.689620285036471614e+01
2.691121182440019766e+01
2.690569106282964640e+01
2.690723704093761626e+01
2.692905257531037932e+01
2.692100338889122213e+01
2.691618771781759278e+01
2.692828840689617209e+01
2.696079095225923083e+01
2.695294741539419192e+01
2.697042411504480697e+01
2.696626085266962036e+01
2.696400312403602584e+01
2.696123283930410253e+01
2.695986717152754863e+01
2.695936630681171664e+01
2.693763181096892367e+01
2.695666248121960962e+01
2.694593240696758585e+01
2.692793015143615776e+01
2.693683737805895362e+01
2.693297952634384274e+01
2.694871141726343922e+01
2.695506195540383487e+01
2.696300614214032976e+01
2.697191481135359936e+01
2.698344270839243109e+01
2.699662644353520591e+01
2.697720811030467303e+01
2.699915172421697207e+01
2.701586010635219282e+01
2.703653930534164829e+01
2.706972414496704005e+01
2.707025723226888658e+01
2.707923561088864517e+01
2.708974947915885423e+01
2.709322534497368906e+01
2.708964096022737067e+01
2.710634613665297366e+01
2.711687975698714581e+01
2.710910550500102545e+01
2.711233706781240471e+01
2.705807028953859117e+01
2.708712956137151195e+01
2.710823459176026518e+01
2.709641753424602939e+01
2.709924906949618162e+01
2.711626137003531767e+01
2.711783884844589920e+01
2.711927922387803847e+01
2.712500444395573140e+01
2.713632767357921693e+01
2.713656621128393454e+01
2.714285452406602417e+01
2.715154114218512404e+01
2.715483668910383130e+01
2.714184283133636200e+01
2.715370175743373693e+01
2.716945937299260549e+01
2.715535527635711333e+01
2.716831795452617371e+01
2.717123174263633700e+01
2.714925880881492049e+01
2.715151535348286416e+01
2.715265404873753141e+01
2.715005782417938462e+01
2.711915793132811814e+01
2.711599344496789854e+01
2.710714508414366719e+01
2.710532321807568223e+01
2.712953896697672462e+01
2.710604519562548376e+01
2.710971969770980650e+01
2.712249378336764494e+01
2.713691272228606977e+01
2.714453633819994138e+01
2.715408186369222676e+01
2.716093331107640552e+01
2.715314660934382118e+01
2.715172020029876876e+01
2.714469053605898807e+01
2.714911207243039826e+01
2.716747798694359517e+01
2.717421750501580391e+01
2.718582045180119167e+01
2.719896337788031815e+01
2.722535234098086221e+01
2.721129667403420171e+01
2.722405681278087286e+01
2.721218214204782271e+01
2.719449323687786091e+01
2.720136471068872197e+01
2.720034956590097863e+01
2.722537582804488920e+01
2.722520762877502420e+01
2.724358031400879554e+01
2.724315088473485957e+01
2.724215850316340948e+01
2.724115741614605213e+01
2.724743391616448207e+01
2.724333315219155338e+01
2.725736201413747040e+01
2.726542717123447801e+01
2.727042865755720413e+01
2.727636934039765038e+01
2.728000911078561330e+01
2.728367906649782526e+01
2.728785817879361275e+01
2.729204677430425363e+01
2.729885503275909286e+01
2.728795999700287211e+01
2.729478484857099829e+01
2.732330536357221717e+01
2.734541060477840801e+01
2.736039426630577509e+01
2.736312093192191242e+01
2.739022989555360255e+01
2.739618916099243506e+01
2.738571319023412798e+01
2.737988139325443626e+01
2.738260961691776174e+01
2.738400243558680813e+01
2.739389336690328491e+01
2.741107686225768703e+01
2.741607600120460120e+01
2.739056297767001524e+01
2.739067081087796396e+01
2.739055980457033002e+01
2.741073593227338279e+01
2.740316918076223374e+01
2.740596272394213884e+01
2.741523921582211187e+01
2.742141816103321617e+01
2.742233840172593773e+01
2.743454403206487768e+01
2.744138647885301907e+01
2.745869993120868457e+01
2.745820833059678989e+01
2.748063233399716410e+01
2.749635129707166925e+01
2.750467830592879181e+01
2.752604402739871148e+01
2.755649809433816699e+01
2.754784522015870607e+01
2.756459166735112376e+01
2.758056729373856797e+01
2.760044406822453311e+01
2.761277301022892061e+01
2.762343979551133089e+01
2.761393056240922306e+01
2.762107875176479865e+01
2.762480432895972626e+01
2.762826898380626517e+01
2.762611587136052549e+01
2.762321480420632724e+01
2.760450082920942805e+01
2.761405755117812078e+01
2.763383681277082360e+01
2.765432311140011734e+01
2.764733683120903152e+01
2.764993181097906927e+01
2.765443813000456430e+01
2.767500339321486535e+01
2.768623347683660540e+01
2.769082727749628248e+01
2.768643701151449932e+01
2.769230399096886686e+01
2.767536903742256982e+01
2.767708704889082583e+01
2.767380750705524406e+01
2.767892063142153347e+01
2.769693589985035942e+01
2.770534605264856509e+01
2.771946485329317511e+01
2.771306086557615345e+01
2.773305293665271165e+01
2.772520831110887229e+01
2.775446970850225625e+01
2.776821146394922835e+01
2.778986504241674993e+01
2.780956259274262266e+01
2.778389878573034366e+01
2.777577905969974381e+01
2.778028868675210106e+01
2.778206301505088049e+01
2.779335683475619589e+01
2.780322639212499780e+01
2.776886633186131803e+01
2.777264118375751423e+01
2.777563449687113462e+01
2.776895011569013150e+01
2.778805864199330244e+01
2.777777487037838000e+01
2.775923528502607951e+01
2.778890181863607722e+01
2.780159692140114203e+01
2.780848257024626946e+01
2.781696322669813526e+01
2.782729412530170521e+01
2.784275958270609408e+01
2.784657900674301345e+01
2.784261775250161008e+01
2.785370155980308482e+01
2.785898178460774943e+01
2.787743733814204461e+01
2.789384608571253921e+01
2.791423070560449560e+01
2.793901738235672383e+01
2.794876037406811520e+01
2.796081507477629202e+01
2.796956963919456030e+01
2.796247153062267898e+01
2.795578175206355809e+01
2.794772436011680838e+01
2.795276855409974814e+01
2.795227492486083065e+01
2.795474588904835400e+01
2.796758313535337948e+01
2.798345623683690064e+01
2.799909310349357838e+01
2.800428400408327434e+01
2.800041978575882240e+01
2.803010912827903667e+01
2.801907601514903945e+01
2.803412695126917242e+01
2.805002577765299066e+01
2.802770484740267420e+01
2.798649345905505470e+01
2.799379534190575214e+01
2.802002228787841887e+01
2.799651064828867675e+01
2.801506713965136441e+01
2.802341729960699013e+01
2.801145695960258308e+01
2.801660516723586625e+01
2.801979284248227486e+01
2.802913306941900373e+01
2.803056741105228866e+01
2.799889770462777960e+01
2.798532297649035172e+01
2.798529029024120973e+01
2.800628917714402633e+01
2.799615544030984893e+01
2.801469931793508295e+01
2.800995009356302035e+01
2.801330883666287264e+01
2.801184862934860575e+01
2.800063712611154187e+01
2.800923559843158728e+01
2.802834687519680301e+01
2.801576328227838530e+01
2.802004527782082732e+01
2.804004821502894629e+01
2.803107400341468747e+01
2.805144679114982864e+01
2.806998452345760597e+01
2.807059819226833497e+01
2.808073593924655142e+01
2.810368972219748684e+01
2.811980299146216566e+01
2.813725016667103773e+01
2.813315106514437502e+01
2.811410504947434674e+01
2.811010762945534225e+01
2.811851226869111997e+01
2.809942656143630302e+01
2.811739285310341074e+01
2.811695877482725336e+01
2.810010520890318730e+01
2.812310223617987504e+01
2.813436498894770921e+01
2.812579337652186950e+01
2.812235738539857266e+01
2.812784362520051218e+01
2.814587723657314200e+01
2.816042073703829374e+01
2.817362124729424977e+01
2.816803962047197274e+01
2.815515278175826097e+01
2.815136692184569256e+01
2.816129289030141081e+01
2.817947482815452531e+01
2.818793991855818604e+01
2.819409929632183776e+01
2.819540250782029034e+01
2.820089676183579286e+01
2.819950466596583283e+01
2.820254886480415735e+01
2.818556734169578704e+01
2.818439174391551205e+01
2.820514482119961031e+01
2.820485460141753720e+01
2.822184571311481704e+01
2.821854665513365035e+01
2.821609123696543975e+01
2.819670831988241844e+01
2.818345354143730219e+01
2.817111868093252269e+01
2.815785692015651875e+01
2.815277313532988046e+01
2.815998197789031110e+01
2.814824866082835797e+01
2.812476549441635143e+01
2.813525840331203653e+01
2.814219866772600653e+01
2.813920766786486638e+01
2.813724018468201393e+01
2.813796932995410316e+01
2.812289814323594328e+01
2.811864002501715731e+01
2.814115803225740819e+01
2.813723464754639281e+01
2.816356028302561754e+01
2.818069906583514239e+01
2.819954737510943232e+01
2.819946653202441667e+01
2.822120692469525238e+01
2.822192096370508807e+01
2.822891771610193246e+01
2.822022664755786536e+01
2.823133482386674586e+01
2.823718018770250637e+01
2.824102856139688811e+01
2.826239925788195251e+01
2.826191346548239380e+01
2.825672050324737938e+01
2.825641548550902371e+01
2.825913902856154891e+01
2.827600304833140399e+01
2.828522051665368053e+01
2.828253442213917879e+01
2.828670227354905364e+01
2.829956228614082647e+01
2.830735390917379846e+01
2.832814785101345478e+01
2.834641090334844193e+01
2.833885829480368557e+01
2.835926176076372940e+01
2.837328047169739875e+01
2.837170043150399579e+01
2.837801937788754003e+01
2.839331288211724313e+01
2.836078576295130915e+01
2.834676218970616901e+01
2.834686758485077007e+01
2.835126688366472081e+01
2.836783802312675107e+01
2.837276660466250178e+01
2.837612193542008754e+01
2.837734871549582749e+01
2.838387427532961738e+01
2.838633955742352555e+01
2.840640318013538490e+01
2.840771367832712713e+01
2.842241901413217420e+01
2.841610971663612872e+01
2.844131065962665161e+01
2.844826509127869940e+01
2.841571766098149965e+01
2.839930691069093882e+01
2.841114024825492379e+01
2.840240608816111489e+01
2.838326450479507912e+01
2.840881209606322955e+01
2.839822128072319174e+01
2.839947496396234783e+01
2.841143345972795942e+01
2.843580330803160905e+01
2.843899904622503527e+01
2.844700014356658357e+01
2.845806038125192572e+01
2.847701752960983868e+01
2.847621078323209076e+01
2.849621653965186852e+01
2.852395002377943456e+01
2.853481447653848591e+01
2.854209597100089013e+01
2.853846889333726722e+01
2.854534814008820831e+01
2.854222088379174238e+01
2.854843616986090638e+01
2.853877300578551512e+01
2.856444663506408688e+01
2.855197046443481668e+01
2.854463807957927202e+01
2.856241168811902753e+01
2.857670890822464571e+01
2.857874381858437118e+01
2.856781013287672977e+01
2.857578894333255448e+01
2.858501724202596961e+01
2.859628681887897983e+01
2.859724214460675284e+01
2.861759592626822268e+01
2.861822981232489838e+01
2.860810011466946889e+01
2.861030259124163422e+01
2.860980926556385384e+01
2.862335444365635340e+01
2.861196147505415865e+01
2.860683973519917345e+01
2.859466387943302834e+01
2.856359912684092706e+01
2.857851003101495735e+01
