0.000000000000000000e+00
1.395261406964896098e-03
2.596983077627173543e-03
5.274868427641386109e-04
3.139539033928743280e-03
4.046765061064528345e-03
3.207365826414718124e-03
1.745975108927990847e-03
3.916282575400298685e-03
7.409172828744505423e-04
1.925577713266645981e-03
9.819316850602055613e-03
5.319055180180472589e-03
3.212727692515836633e-03
2.783144957084080981e-02
1.658307593158545035e-02
2.103389447925970226e-02
2.055534041265421469e-02
8.768487780258308857e-04
1.029978120182402715e-02
2.460581813105358964e-02
1.632731947190670455e-02
3.162098815497885879e-02
4.836084523865477602e-02
2.102876036964797246e-02
1.550848475365128494e-02
4.806097871115991987e-02
6.208116759456414752e-02
9.427004650562918753e-03
1.052221969229009783e-02
3.263167001584567350e-02
1.378623437502496663e-01
3.981667570712406623e-01
4.747167031149889804e-01
3.355358324024239614e-01
1.985961971635417378e-01
6.724076669549219898e-02
5.779917940505893519e-03
2.557345850208528944e-03
1.319266599494419157e-01
1.524107319568217267e-01
3.059550530041001970e-01
1.733808127798372734e-01
3.248157358216942070e-01
2.743945358806158530e-01
1.639018853264293529e-01
2.645727708663195895e-03
9.536744810025932217e-02
3.178213420909983822e-01
5.166701069301620208e-01
7.315866544059358434e-01
9.604417083537793998e-01
1.361172080764151193e+00
1.454004790736600716e+00
9.862801093980150258e-01
1.367935317729143785e+00
1.369018056946723405e+00
1.567993661961928575e+00
1.722547351284618999e+00
1.332392237829625126e+00
1.042186230035330841e+00
1.654066087721083100e+00
1.488766879625069262e+00
2.039937141741143822e+00
2.272136823109249804e+00
1.568756879195716492e+00
1.979497138352414920e+00
2.249107473428808124e+00
1.813659528977292323e+00
2.153824575421994236e+00
1.958117611134937208e+00
2.342112213554599087e+00
2.129857809804246216e+00
2.442048524095519202e+00
1.919166022480312872e+00
3.364694002212027524e+00
2.536974952533521677e+00
1.563235951769285093e+00
2.311157402946802719e+00
2.071706036412708674e+00
1.976123674447870515e+00
2.765343227649589952e+00
1.613694131623484074e+00
1.783876315726874218e+00
1.950460951739137139e+00
2.749943745949111840e+00
3.043996288542915263e+00
2.945676506806091055e+00
2.564275079418858017e+00
1.636404849548031448e+00
1.991407997810060504e+00
1.177358355597696749e+00
1.848688023745226783e+00
8.099276899903328220e-01
7.544579978557569566e-01
1.374674325220857529e+00
1.281157800809361369e+00
5.191296320045368784e-01
2.206201678797587551e+00
1.944939411280661279e+00
2.180216627565313647e+00
2.777582955080831084e+00
2.295265073872490014e+00
2.507098604699799171e+00
3.275325688620670306e+00
3.900290130977419167e+00
5.552127592711248560e+00
5.937698901342565172e+00
6.580663494605410335e+00
6.086138333650251475e+00
5.228253060483308623e+00
5.120372971843625720e+00
5.789725695042981179e+00
5.888434705777860323e+00
4.927481766061720947e+00
7.421717649026284391e+00
6.566932454851528433e+00
7.165950825534853408e+00
4.865048970837163367e+00
4.137997867100198235e+00
6.883167860759980883e+00
9.076401289148311236e+00
8.515609564979188306e+00
5.553087578941309665e+00
6.457939486488522896e+00
7.750105139231125762e+00
8.348389131941045704e+00
9.141518388729013012e+00
1.252575772083601535e+01
1.379978142451774659e+01
1.438427168539960554e+01
1.294301712490412193e+01
1.507173575778205077e+01
1.705095296702158691e+01
1.668714827642140719e+01
1.698082700675239565e+01
2.091246759605761341e+01
2.110734227120390116e+01
2.218069627916888464e+01
2.255228144615121266e+01
2.220161568433328725e+01
2.358304379680111396e+01
2.081046807235851048e+01
1.997216973777524274e+01
2.053838733086670487e+01
1.847989226788273243e+01
1.709460241765431121e+01
2.004257700698421374e+01
2.078992807255231412e+01
2.278953627861696063e+01
2.463002928265570546e+01
2.630255806619051029e+01
2.636762088122263137e+01
2.550176340057671354e+01
2.323180845108839776e+01
2.346996839216479813e+01
1.852872134855179809e+01
1.985323303510936199e+01
1.870982302915564688e+01
1.874545633967075986e+01
1.474841756691413686e+01
1.183074224615630143e+01
9.940496323190515682e+00
9.882435924007205941e+00
7.697522973613135200e+00
8.758878832067207298e+00
7.878631925029646155e+00
5.378882096591542705e+00
1.074386966956620171e+01
1.352705446656864652e+01
1.714831231858016025e+01
2.170172166655539314e+01
1.699550998686585501e+01
1.792347596431539714e+01
1.374543707526515135e+01
7.379195737703835078e+00
9.297573127288744743e+00
6.985089565493066921e+00
4.598685479448910485e+00
1.187166875965436219e+01
1.374538163091890119e+01
1.521308575032279542e+01
1.898702504121718704e+01
1.678763006822465798e+01
1.767326526794257902e+01
1.923156868838376354e+01
1.576677979724374623e+01
1.483967607950471113e+01
1.578864521862926473e+01
1.507869686459747172e+01
1.136187413056506834e+01
4.393885875776944339e+00
2.690868468750773346e+00
1.069563248597633409e+00
1.429921286475415165e+00
1.156438904866968320e+00
4.801772405025541701e+00
8.858918787363096570e+00
2.273689691519432898e+00
5.855970109364115217e+00
5.830484759358098401e+00
8.304116439316620912e+00
1.427829469621948988e+01
2.178612925546816115e+01
2.140111997107075936e+01
2.289504550717546394e+01
2.886932069168616977e+01
3.016586730446723763e+01
2.432410847560131018e+01
2.593728897315692450e+01
2.135412104333223127e+01
2.168236471763923845e+01
1.968807482447383350e+01
2.259621042562018900e+01
2.199613458779177222e+01
2.206390434708992387e+01
1.601572460833664735e+01
2.257065468169378519e+01
2.721628832241176355e+01
3.088893252873853612e+01
2.522243427929527826e+01
3.129460221915207185e+01
4.090455125887358179e+01
3.746136649357022463e+01
3.507520882273821172e+01
3.024895216900241834e+01
2.645742015448081119e+01
3.351679488764699499e+01
3.236231605064195804e+01
2.642706382634132822e+01
2.034042952403337168e+01
2.927817736155891026e+01
3.233123962998345746e+01
4.530761214402165393e+01
4.265778668215816793e+01
3.667238345873176542e+01
3.062929774360258151e+01
3.260105273995289821e+01
2.909450612082272514e+01
2.678962962504503764e+01
2.928857494390546989e+01
3.370606121096532348e+01
2.597741713561895338e+01
2.917594708652594804e+01
3.321377210983749251e+01
2.241501393035602518e+01
3.701221984529190223e+01
3.505771653767099139e+01
4.019523527564086152e+01
5.060024115093964525e+01
5.954596945157326360e+01
6.982015898163534473e+01
7.329600610223349122e+01
6.746212984777378097e+01
7.739755790370151090e+01
7.709905351720217936e+01
7.606480754470813110e+01
7.887155445290680689e+01
7.455834328730674088e+01
5.894054302147547730e+01
5.756501281378088919e+01
6.734186203943878013e+01
7.365750540262719426e+01
7.532988413734872779e+01
7.156342881095514485e+01
7.179606897160175549e+01
7.197965130225813368e+01
6.760428705527607462e+01
7.555327132760632480e+01
7.559847541396081283e+01
7.594182240164367670e+01
7.429030993466956545e+01
7.172577364907611752e+01
7.051351395525725252e+01
7.064816726210543152e+01
6.823577623133358827e+01
7.653458392110849218e+01
7.770170162898426724e+01
8.464684072920927349e+01
9.378473420550669459e+01
8.688821748017831226e+01
8.709193469519134112e+01
7.946567517524997015e+01
7.343833637268679126e+01
6.249210204029761684e+01
5.923707258114950491e+01
6.097747947356462106e+01
6.284054664809335833e+01
5.794132395533979718e+01
5.335053170926666866e+01
6.719909973368260125e+01
6.256834892523418290e+01
6.808455347571418770e+01
7.276280992704160155e+01
7.442970043048012485e+01
7.837872471188973122e+01
7.242470663084742455e+01
7.137901526669803332e+01
7.516779428819681641e+01
8.284048385614069332e+01
7.657938200339191326e+01
6.106382127389586145e+01
4.975280832155551280e+01
5.322491880008173126e+01
5.494647501507107279e+01
5.199562081879148678e+01
5.106479905885829140e+01
4.490688423555726416e+01
4.042689817444178857e+01
3.879039293497675089e+01
5.826258658220840658e+01
4.900196356524794083e+01
5.475278713967704647e+01
5.703226150677254935e+01
5.028398537338792806e+01
4.004515642291723054e+01
3.021682136006491604e+01
4.722271970728183277e+01
5.215127656001926226e+01
5.499236629616873984e+01
6.434184138252459206e+01
8.382742481640438825e+01
7.974134934353703841e+01
7.554287090778953484e+01
6.593019621022770593e+01
5.255230558827382481e+01
6.727038190431404985e+01
7.016151125981214420e+01
7.538095420893785104e+01
6.734187539384781473e+01
6.021162030870575421e+01
6.590406610801170473e+01
8.106869950344592723e+01
8.210182369771587219e+01
8.333966078222019291e+01
7.081583525447722138e+01
5.426478996370882868e+01
5.798585258695764821e+01
6.661824454641535453e+01
5.449264710837687176e+01
4.777730143479565328e+01
3.176750837968601360e+01
2.526409092891913133e+01
2.075936205605868423e+01
3.826188718373610698e+01
3.851555890827108897e+01
6.701779365997174409e+01
5.886313213663589039e+01
4.302081282059715051e+01
4.920296444483120268e+01
5.777869450296432774e+01
4.551982203077923828e+01
3.700759107027111128e+01
1.423783278040991185e+01
9.917613277276061012e+00
1.873960605452834116e+01
1.122982939195190255e+01
2.952440308933051938e+01
3.632935105487096905e+01
2.777962988900186403e+01
1.466411921099113869e+01
2.072656234942965270e+01
3.706116710526724489e+01
1.843720067286660580e+01
1.109179865941361420e+01
8.339498893621811959e+00
1.001566287134288080e+00
5.301727769428912218e+00
6.196282093382370348e+00
1.435064684570727778e+01
3.105337025976578147e+01
3.685257082262109662e+01
3.841127959356126098e+01
1.348710371191808832e+01
2.524659917943332221e+00
6.101790189170652745e+00
9.394619025660588818e+00
7.508609593867793253e-01
1.207498141296240490e+01
8.680497324845191542e+00
2.252856224766885518e+01
1.342322857270037595e+01
1.938613068180653087e+01
2.069747177993156129e+01
2.068969645661463019e+01
4.298225345737147762e+01
4.863472658799511805e+01
4.497247043953639434e+01
3.589036256650363299e+01
3.955887810121567583e+01
5.437512239187046248e+01
6.563522180304306630e+01
9.208921984878524825e+01
9.528166472591773584e+01
9.912582393086233878e+01
1.271185800945449813e+02
1.183766919813323568e+02
1.246689897414557180e+02
1.180503151583509549e+02
1.237614092145588245e+02
9.749371544642983167e+01
1.053324510827015814e+02
1.336024507840699869e+02
1.306207418835942065e+02
1.296296657675216295e+02
1.208501572129646320e+02
1.227281127797552784e+02
1.451379962578946561e+02
1.262030640798338368e+02
1.203743072349572003e+02
1.355810231935968204e+02
1.378814916861240647e+02
1.709451033669544131e+02
1.978311943745215444e+02
2.096785406291924687e+02
1.921399484123658965e+02
1.936890302652556386e+02
2.205847520300508791e+02
2.183594011995136839e+02
2.304583421808865467e+02
2.394059440499531206e+02
2.522274545035096480e+02
2.843728956578971747e+02
2.736574741589953987e+02
2.527919812027133730e+02
2.559348716494073699e+02
2.486219622603277060e+02
2.775667511384342561e+02
2.555083628233228126e+02
2.507608588841196422e+02
2.723847036802334856e+02
3.051391643235743913e+02
2.911295199276312360e+02
2.867184864374243602e+02
2.812027237428366107e+02
2.514576016732019355e+02
2.602503448116015079e+02
2.390564124833861399e+02
2.681191970145189885e+02
2.688075815689236947e+02
2.580715092049492796e+02
2.634978783702731562e+02
2.692430081098297023e+02
2.808866568799583092e+02
2.802951618517453767e+02
2.656365060231756843e+02
2.599564953169516457e+02
2.621285816119101924e+02
2.463990212578261776e+02
2.637397860467020791e+02
2.554556346986714175e+02
2.625391857681801184e+02
2.539158522609877480e+02
2.492304196586157161e+02
2.503964499851859671e+02
2.354804347352844900e+02
2.362295373484180345e+02
2.544030490233022590e+02
2.754565891871237113e+02
2.948040428227776601e+02
2.737277960246821635e+02
2.816485941975385572e+02
2.935394608590348753e+02
2.994059169953200694e+02
2.902539815817785893e+02
2.721565691280921442e+02
2.706389680884277027e+02
2.978515848767559078e+02
3.139138851785526754e+02
3.343804611661882973e+02
3.310292390676636956e+02
3.254065417033256153e+02
2.811823586123367136e+02
2.624441553270951886e+02
2.702621638596491493e+02
2.509094374662720099e+02
2.674222100294117581e+02
2.593838390750946701e+02
2.647385412772212021e+02
2.481602786337454631e+02
2.558541414607298918e+02
2.573769851730066875e+02
2.399464140788699069e+02
2.493021842938535428e+02
2.500865736540383750e+02
2.456670362240689087e+02
2.450133726709680104e+02
2.514676569657141272e+02
2.317726659653595505e+02
2.226453152907777451e+02
2.440091716015378154e+02
2.204147406460513423e+02
2.375444997853221878e+02
2.338750718407435727e+02
2.387865783704738476e+02
2.363317269249921821e+02
2.022790968694643823e+02
2.354250955810093160e+02
2.194225833222980668e+02
2.028317449080758479e+02
2.043566858073508286e+02
2.171776999400853185e+02
2.033290428790225235e+02
1.648681141483903332e+02
1.419535898010503843e+02
1.587824251530872175e+02
1.625385729868866918e+02
1.460333812503311037e+02
1.449112582708141872e+02
1.682200406800828887e+02
1.400538920078406306e+02
1.787328622695553690e+02
1.691112978823897492e+02
1.469329355273345072e+02
1.767652321809462137e+02
1.703298480951451950e+02
1.541952762775640053e+02
1.571251120062383109e+02
1.773670870531388175e+02
1.740950412559879794e+02
1.726168898185602245e+02
1.598597820575670028e+02
1.616460412846322470e+02
1.891046060696352811e+02
1.572353690303231701e+02
1.425098744162433775e+02
1.278408645107711124e+02
1.233585880016581200e+02
1.533947017044807524e+02
1.319364615077051610e+02
1.141384197653635226e+02
8.995285559249180096e+01
6.613918734234727026e+01
7.099439702614603220e+01
5.690197997127571483e+01
1.070157549476968057e+02
7.580538485596751741e+01
6.188235623019055964e+01
4.656156244004591116e+01
2.654372627123386863e+01
3.821947691772831490e+01
3.419215226568219634e+01
2.629892627002509187e+01
3.398370410253324536e+01
5.450137662184715026e+01
7.904985351081933231e+01
7.630307660688006877e+01
7.143699217288002501e+01
8.362556933671028503e+01
8.484753950424462232e+01
9.747129531965957483e+01
8.508627593269042677e+01
7.355226958102458923e+01
8.726411631073204944e+01
8.306495845712322534e+01
1.005703200495734677e+02
1.279758111263504077e+02
1.158530531826545058e+02
1.018439638457646197e+02
1.150484142344644169e+02
1.085165111933117004e+02
6.279997426531080862e+01
3.833426047473594167e+01
4.957108499654219003e+01
6.659141417954160147e+01
9.772153255407438621e+01
1.365795132571297756e+02
1.525354449532707406e+02
1.619194143978547800e+02
1.692211797245037985e+02
1.568609652305680413e+02
1.448022856493532231e+02
1.625147004418139716e+02
1.356969501476059179e+02
1.065655293765365599e+02
8.608010780157908926e+01
9.392295284904086827e+01
8.427655550279848740e+01
1.046180805260111697e+02
1.574852332244645936e+02
1.577857297960167386e+02
1.192748976993592720e+02
1.452304252494266450e+02
1.068049141056459206e+02
8.768020593201494250e+01
8.302295530314944472e+01
9.425815532000197550e+01
1.083378786710106283e+02
1.087428025681440431e+02
1.116293608235268806e+02
9.482029403520890298e+01
7.845623940447377720e+01
9.802140498559124637e+01
8.654740120207249277e+01
7.895599061251415662e+01
2.109343380872724794e+01
3.285009107143757490e+01
4.302627843298989774e+01
5.009495129291886428e+01
8.441999058319190397e+01
9.606289874290385455e+01
5.202308213503985712e+01
2.059620305072456148e+01
5.411505678111676332e+01
5.156148254902500838e+01
5.902981367403345558e+01
4.732258596564625464e+01
4.827923017813549933e+01
6.989846364090307418e+01
1.075655473630229153e+02
1.396416661292660422e+02
1.314466760705163892e+02
1.526442928557887626e+02
1.482205045900549010e+02
1.503250589781024189e+02
1.238348264524341573e+02
8.452286182646301427e+01
7.068397583093978653e+01
5.031623507901677783e+01
8.413993961352974793e+01
6.257190443266097901e+01
5.901809947211803831e+01
4.510393082094879702e+01
5.033378223094937454e+01
4.564129706812649800e+01
4.970081520012702470e+01
5.113884050585850360e+01
2.155100887728173120e+01
3.430898131000039086e+01
5.988230570221472249e+01
3.642547950632032894e+01
3.204827582907984151e+01
7.513318205343527723e+01
5.467623946546785874e+01
5.037144658171561673e+01
2.509969751516592495e+01
3.554709462183146229e+01
2.747337616202862520e+01
6.766429514458017103e+00
2.870054018482211333e+01
9.835716865671729536e+00
5.418503382625198483e+00
5.050590745924914415e+00
2.036260340408905378e+01
3.691265059110502733e+01
2.524063324766804683e+01
6.530482938007967419e+00
5.306801148396130152e+00
2.618960438456877071e+01
2.525071795242778094e+01
5.567668523570809214e+01
2.786199127195235903e+01
1.432643695094625258e+01
4.450880772375169769e+00
2.329119143772155098e+01
1.114154906273461521e+01
1.625974785957741275e+01
1.241304915194944947e+01
3.407066759238913001e+00
1.173746045087086110e+01
3.005337402704660477e+01
2.285574583110547309e+01
3.061275779362809146e+01
4.296910906473429748e+01
1.124388757106849646e+01
1.703655200316883622e+01
2.422936188403987146e+01
2.103668154005995206e+01
3.068195030535072476e+01
3.321148645976871450e+01
3.558349547381763500e+01
4.419259224154879462e+01
5.968877314401618150e+01
3.465085646797231789e+01
1.228310133525576164e+00
7.723122162476339980e+00
1.052901539831083078e+01
2.755555930668114328e-01
1.279789170922700725e+00
3.137200404767240514e+01
3.694340017270010890e+01
2.852520244901029756e+01
4.778099930685422159e+00
2.687238841400557376e+01
6.512824607265521593e+00
1.622658819301932098e+01
3.241008163288852018e+01
2.100498606186856421e+01
2.511712951614532585e+01
3.270915243141821094e+01
5.796921957580068607e+01
8.238925521319899303e+01
1.094137846545580715e+02
9.505000905342491535e+01
7.407893623467698774e+01
6.318869326195978431e+01
6.414491048659868966e+01
6.636096817942484449e+01
7.254453761005584056e+01
8.635841276090030760e+01
8.025046688854492061e+01
4.409297563070280290e+01
4.394017294530393514e+01
6.313868181013176439e+01
6.145256032934927504e+01
6.877136588780346926e+01
6.578921846371000015e+01
7.104265402955228126e+01
7.525487948448569853e+01
7.691490523640388233e+01
5.971810431879571013e+01
9.216443585256820370e+01
8.150699238700914862e+01
7.115514101868926389e+01
7.474409933053337340e+01
3.599162009761286640e+01
3.769331996683735042e+01
1.604430371524420096e+01
1.685947195191831227e+01
4.779682746680436800e+00
3.988138833813668072e+01
5.826543285196279509e-01
2.743806343347675636e+01
4.427105718668512324e+00
2.852420339260747184e+01
7.125238429869064305e+01
4.842861930013885541e+01
6.719865952908872941e+01
6.647402426482342719e+01
7.111923758503260729e+01
7.225299261014839658e+01
8.101865208142363883e+01
7.651076339094502998e+01
1.049382987502127946e+02
1.202331379994463276e+02
1.069268391879872411e+02
9.783090683893807693e+01
1.032718817709736499e+02
8.892922751253364311e+01
9.828468019424342117e+01
6.447620144413845367e+01
6.447707237651405876e+01
4.856834496194613848e+01
2.122788469797856692e+01
1.526610215978358021e+01
2.457377884006337254e+01
3.171874736111479365e+01
3.221136499443162649e+01
1.919063452046656693e+01
1.779082969661708447e+01
2.060453162824158468e+01
2.742661785742180669e+01
2.076939312660907433e+01
4.220786592291536010e+01
4.330325381114702310e+01
5.627238133357788996e+01
7.835249804331506596e+01
6.240730545625935122e+01
3.947609288067859268e+01
6.633053899032891820e+01
7.464735306396410408e+01
1.149000708806901514e+02
1.012827217170388963e+02
9.844941597112419629e+01
9.373097999076119891e+01
1.009009479672548366e+02
8.062406166022302045e+01
8.850780611763509853e+01
1.339684801006425374e+01
3.236589074940848576e+01
2.017186180743322055e+01
1.649487328607382963e+01
1.693903700450199779e+01
2.018074592818127044e+01
2.015051853269510573e+01
3.256806194946259581e+01
3.794479611560248600e+01
2.322579773944336168e+01
2.320040673223395800e+01
2.534844797546462303e+01
3.378005965259862364e+01
6.077788076717796883e+01
4.046370910921967123e+01
7.265470932985017782e+01
6.912413785106504349e+01
8.962705554681835451e+01
1.152768858563554630e+02
1.207480053243542244e+02
1.060829217650049827e+02
9.710526694119150193e+01
7.252836584897823968e+01
6.601198648216821141e+01
9.693279910432380575e+01
1.010271284291028309e+02
9.519391812940756381e+01
1.237518427348231000e+02
1.264111465006520802e+02
1.486574314857481340e+02
1.252976341220436893e+02
1.128787245415630309e+02
1.495146750994045703e+02
1.310008949164512444e+02
1.260155303803460356e+02
9.371737039382918510e+01
8.792204131373325993e+01
1.071478989964327582e+02
1.023335570498444156e+02
8.443177843230392909e+01
1.183065480215812926e+02
1.330461556173773658e+02
1.217953787616923194e+02
1.281745265147795010e+02
1.278403163231872668e+02
9.389128651715910223e+01
7.982057352149799101e+01
8.048318540507534635e+01
7.567059222683235475e+01
9.061600117514383612e+01
9.763727102488127230e+01
1.196142428103287472e+02
8.391859369555930925e+01
6.366824724355935672e+01
8.960835052034620674e+01
6.305912989088678700e+01
6.930291712218996736e+01
8.224377266684608401e+01
8.273962181853919162e+01
8.491364304017703546e+01
9.287835758264635899e+01
7.866088030809910947e+01
1.066149709223182214e+02
1.072329168013646949e+02
1.211382816223652270e+02
1.318441899181984525e+02
1.445915590951787806e+02
1.542680266962845792e+02
1.550513185970175982e+02
1.468343050479714691e+02
1.249747147236215454e+02
1.007702732963644365e+02
6.811510753374915339e+01
6.650954372953090399e+01
5.242776223490800902e+01
4.707971744645271173e+01
4.666165300913913683e+01
4.772701709190967989e+01
5.015714795655359381e+01
4.794804051765268582e+01
5.485889004149272807e+01
5.025386847863357787e+01
4.883063529174358308e+01
6.982991296367885070e+01
8.433166690799401977e+01
1.152203469707564381e+02
1.095338004093593582e+02
9.552316935062390257e+01
7.633784732643654536e+01
7.971074693483593876e+01
8.073830794941629563e+01
6.987460246515250617e+01
6.741770676092200176e+01
8.102160375661713942e+01
6.643608987400580190e+01
7.207231078838373151e+01
7.629622472811367118e+01
7.707810072565260384e+01
7.925296092716949659e+01
1.022297280759486000e+02
1.236257045756703974e+02
1.289656231338303485e+02
1.196535526975094683e+02
1.022445053804418507e+02
1.099295385115946431e+02
1.122839176922022091e+02
1.150321309005783803e+02
1.183260759511072280e+02
1.248659643806630584e+02
1.322695933678789686e+02
1.059328079947554926e+02
9.518150822280183831e+01
8.681338558481908763e+01
8.757039385739092552e+01
8.657825749835409113e+01
9.300250325858426947e+01
8.882313566246530456e+01
8.703078960816522169e+01
8.391474137515351117e+01
8.171268240419378515e+01
8.310297854539282980e+01
7.893944485481412698e+01
7.772054712905536178e+01
8.264074242594134034e+01
7.886778724856500844e+01
7.918130409064178821e+01
7.735061171143732395e+01
8.291389279981717664e+01
8.591776682937747012e+01
8.152513537507340402e+01
9.025898346438593478e+01
1.082470204343415929e+02
1.155734288809221368e+02
1.219280565786606729e+02
1.546234348198359214e+02
1.401586496917566365e+02
1.547315778043274577e+02
1.439397325903168223e+02
1.256797660179584284e+02
1.155178068960081958e+02
8.790366211516492001e+01
9.200364111195614214e+01
9.626716643273120155e+01
9.040357646333079344e+01
8.901507452565586220e+01
8.621077629514429930e+01
8.760927463391990955e+01
7.478150120355805086e+01
7.837013768750139775e+01
7.111427143371358284e+01
8.381568198453966545e+01
1.034460825466265845e+02
1.093352693622485390e+02
1.157977424194350249e+02
9.469807942044323568e+01
8.836076302526008419e+01
8.789376724437150301e+01
9.219560937872392969e+01
9.968139836138585963e+01
1.020845660619132786e+02
9.423406874900294383e+01
9.420165652826668179e+01
9.977695385404115314e+01
9.391173060949563478e+01
9.379509022449394706e+01
9.504306549270989990e+01
9.886800923343893999e+01
1.101438141760009586e+02
1.050264250721813255e+02
1.191929381479330772e+02
1.229076204348578898e+02
1.239729723881359860e+02
1.308140117434172396e+02
1.211559450867479910e+02
1.321539250876765550e+02
1.320132052044685338e+02
1.391458158839688792e+02
1.313047700456637870e+02
1.328251690084682366e+02
1.210695692859406876e+02
1.249568838160828221e+02
1.491479474505042049e+02
1.178278245538971447e+02
1.205499999685405470e+02
1.570935804984704305e+02
1.495406735955268118e+02
1.272468620703334921e+02
1.236978585597601068e+02
1.279197074591834564e+02
1.247717380107766445e+02
1.391315341109758492e+02
1.580214943932612073e+02
1.381470410070848231e+02
1.720485139509214321e+02
1.758591025196053863e+02
1.478108547968336666e+02
1.203612495267759925e+02
1.116666287492316059e+02
1.024910456057600499e+02
9.411241310150207084e+01
8.660503713668774139e+01
9.051830615403177660e+01
1.030062176166834718e+02
1.026587940189390906e+02
1.370188118245606859e+02
1.347329824554796858e+02
1.307526162246893193e+02
1.165243739496717126e+02
1.135675733237758749e+02
1.010017833531833418e+02
8.661458758497988697e+01
9.045377040766187804e+01
8.659133461795131836e+01
8.858928947792179542e+01
9.564210105358695557e+01
9.314219888750650966e+01
1.237302673541019544e+02
1.150679625322602959e+02
1.081645698044281971e+02
1.164892339798569481e+02
1.405002150659858842e+02
1.365413746635451560e+02
1.320922810617639414e+02
1.345133042040717726e+02
1.396530938008447436e+02
1.441740880299602452e+02
1.409395428701495234e+02
1.317356725735888858e+02
1.511981844267808412e+02
1.504996770126000172e+02
1.422530586988621621e+02
1.287385269619402095e+02
1.118845527011911969e+02
1.293900356126846987e+02
1.230392068811960229e+02
1.103492390773273399e+02
1.106314532006753240e+02
1.113304711282006707e+02
1.065269907733426038e+02
1.050703030352861873e+02
1.212175734560046294e+02
1.186453441188175049e+02
1.207598307057402565e+02
1.415940712216664394e+02
1.466086464776406615e+02
1.470438659572542122e+02
1.219471302710722682e+02
1.190222265569722566e+02
1.089627182312193554e+02
1.108861994050846391e+02
1.085753064616805688e+02
1.148072702220681691e+02
1.177484577609038467e+02
1.236215222615991394e+02
1.290964607121293568e+02
1.377129651626381417e+02
1.299109680033375582e+02
1.506358929455346924e+02
1.423530820387024960e+02
1.366612536478014874e+02
1.206844064952928051e+02
1.336794630697506534e+02
1.317455925849327230e+02
1.229455026324387319e+02
1.361679876945703143e+02
1.155668687998010711e+02
1.081019977912001195e+02
1.092007122675600925e+02
1.045842754747159233e+02
1.094775465553262563e+02
1.170832344975562336e+02
1.165188478064936106e+02
1.137529407596476858e+02
1.105546136632246146e+02
1.147407316600322531e+02
1.215772596759727975e+02
1.234036548166272098e+02
1.244901981620916160e+02
1.229722569218458688e+02
1.181235685520622667e+02
1.204983608963135424e+02
1.251111989771451078e+02
1.324236977071161334e+02
1.103683863749238725e+02
1.137676073188754202e+02
1.174454246191251343e+02
1.224996432382045981e+02
1.447980944800646910e+02
1.549606170243317820e+02
1.413528112741933001e+02
1.288722430637411378e+02
1.173346241362681610e+02
1.277259709152891389e+02
1.280880798525837747e+02
1.408791232221626046e+02
1.536225993027371430e+02
1.653057025143396004e+02
1.457535647459785366e+02
1.587306572182257014e+02
1.610696644753181204e+02
1.576356666240607183e+02
1.635276666960428997e+02
1.847802980095844418e+02
2.249315293329338203e+02
2.236345892440319005e+02
2.347506211682322714e+02
2.395017553708074445e+02
2.585921885857610505e+02
2.738644622759466074e+02
2.768858188534270539e+02
2.770034617515175910e+02
2.810307445324357900e+02
2.836514844851408839e+02
2.581157465897542806e+02
2.646254888309308626e+02
2.695563002124995364e+02
2.454997529823999969e+02
2.161284869945529863e+02
2.016023369950404458e+02
1.939818861705352333e+02
1.867949085872982096e+02
1.989482844230298326e+02
1.772695038724720575e+02
1.886543926365762616e+02
1.963761424420835908e+02
1.894736181740544225e+02
2.137629778772820544e+02
2.285171919734797825e+02
2.496969129888231009e+02
2.223993898069975899e+02
2.336319642912956738e+02
2.422371272536186382e+02
2.400395295873444752e+02
2.566020006865469441e+02
2.330283067891423343e+02
2.571841706688084628e+02
2.728594903396232780e+02
2.584756534165230164e+02
2.558736506003434670e+02
2.478811360026391526e+02
2.716602722427334697e+02
2.991259158559164462e+02
2.928717754490378411e+02
2.823165749481119633e+02
2.884061280459561090e+02
2.875439053318146421e+02
3.155702548691650691e+02
3.059152317864673591e+02
2.962974259636143302e+02
3.111366417645299975e+02
3.181397838304856691e+02
3.184978222088697635e+02
3.403652059907042826e+02
3.440997007600659003e+02
3.477232253547193750e+02
3.337457867970432517e+02
3.776684136570730743e+02
3.834603084587755575e+02
3.741973161755090018e+02
3.768046765276522478e+02
3.595771505554817509e+02
3.750589279063650565e+02
3.776694504504292240e+02
3.706080311970552543e+02
3.685235978752548931e+02
3.617268080443922713e+02
3.643744325218768267e+02
3.675167715912700714e+02
3.502530857950388850e+02
3.736597424971110968e+02
3.706748992622570995e+02
3.919923451905202683e+02
3.999274973801474289e+02
4.062714239046785565e+02
4.147961732390455722e+02
4.502534080923109059e+02
4.579951910007266633e+02
4.359689097076792450e+02
4.436414112665802918e+02
4.645297311431273783e+02
4.754194710718199985e+02
4.341204590763099986e+02
4.254546999302343693e+02
3.984729984097795068e+02
3.803548660297701645e+02
3.882608359024966376e+02
3.828524425480316040e+02
3.612695081057352127e+02
3.206636461545155043e+02
3.170326723640728801e+02
3.169769280938605789e+02
2.995537946711931454e+02
3.077995751761256429e+02
2.947677727701003505e+02
2.701463370706632077e+02
2.688088437787461658e+02
2.523744212722331781e+02
2.495566894772854880e+02
2.550940163728961068e+02
2.505316595365244439e+02
2.492929172708579415e+02
2.561571219512855464e+02
2.597133114876509126e+02
2.723562674349971644e+02
2.601957448329611680e+02
2.466099757939464325e+02
2.300709713750912897e+02
2.337451748373161422e+02
2.382695776485064698e+02
2.328878735173812515e+02
2.285878446044008001e+02
2.254532638676360818e+02
2.248940025337765860e+02
2.170963384147416662e+02
2.042064802737481273e+02
2.053021687797409811e+02
1.980730424091852626e+02
2.062207400475269878e+02
2.199268978570743798e+02
2.244717988684735985e+02
2.125153868929187126e+02
2.099605963735136243e+02
2.223868791866186996e+02
2.204795072279146666e+02
2.210413614180337731e+02
2.133609628087448016e+02
2.161870750157185057e+02
2.169125523240045936e+02
2.318140088719522680e+02
2.353363290075985219e+02
2.386545363403283773e+02
2.409582279471634081e+02
2.402658407470549662e+02
2.407730433137888610e+02
2.451419536993183215e+02
2.442229421070387900e+02
2.505283839357140891e+02
2.490002879038790127e+02
2.438781577098780247e+02
2.448578279158272721e+02
2.484452965839062699e+02
2.469443580681269168e+02
2.538090044440470763e+02
2.509232737058320311e+02
2.575301886191892322e+02
2.550432386340285120e+02
2.530594182114784871e+02
2.589154695291035750e+02
2.545694370263946098e+02
2.647026609491847466e+02
2.644561969803120292e+02
2.654686984679141233e+02
2.620921526622063880e+02
2.601106106482433233e+02
2.588365756860468423e+02
2.599795346465235752e+02
2.577988273255656964e+02
2.621433852633957713e+02
2.636718785756050920e+02
2.630268047552753501e+02
2.613147188708273347e+02
2.607257912287281556e+02
2.668586142879111662e+02
2.684150832702727598e+02
2.745459149251990993e+02
2.715277393564709882e+02
2.713619794253502846e+02
2.736053672949227007e+02
2.767790228877869367e+02
2.772568803469328031e+02
2.856849037803053193e+02
2.848993020445043953e+02
2.794453322557531578e+02
2.750634712485358477e+02
2.869477289594551621e+02
2.946206591606984375e+02
2.900840730528698828e+02
2.903098735956344854e+02
2.813005423223841603e+02
2.853864901086253667e+02
2.848158764944821542e+02
2.964218693679054013e+02
2.955459388703436616e+02
2.844022509434829544e+02
2.877426674595137115e+02
2.913112906112694986e+02
2.903453945341730105e+02
2.897244152140092410e+02
2.934649698492984840e+02
2.939367545861437634e+02
2.971837753129969428e+02
3.034939313350989778e+02
3.074000191216554754e+02
3.067012110345389146e+02
3.010075112026593729e+02
3.037984057806436908e+02
2.954029041054326399e+02
3.012267129231335616e+02
3.005601694305539695e+02
3.052009197023086813e+02
2.970245470782072630e+02
2.969870976674610006e+02
2.955931047026384135e+02
2.909401947951245120e+02
2.917058995275624511e+02
2.930165758824040267e+02
2.948523024121414551e+02
2.936121814599487720e+02
2.964804531190912940e+02
2.971003817381864565e+02
3.015711922109428542e+02
3.036658463393982856e+02
3.014150651405553276e+02
2.956425134178635972e+02
2.973874939389081646e+02
2.983442851630396717e+02
3.117963223215061248e+02
3.143038530159531092e+02
3.111748573054471194e+02
3.122597918082788055e+02
3.169935321876983494e+02
3.125313908287648133e+02
3.242647406434436448e+02
3.312631050434815165e+02
3.307279792078134619e+02
3.177252576768573249e+02
3.130209392972791989e+02
3.135285249478870924e+02
3.275359591419317553e+02
3.339769174334172135e+02
3.316476527877429135e+02
3.318024777685606068e+02
3.360488828753865391e+02
3.300362272460585586e+02
3.343842368319266143e+02
3.302070262195102259e+02
3.313082578410934502e+02
3.341046062298092352e+02
3.394142033020167446e+02
3.433623325690440424e+02
3.498213234664551123e+02
3.378664473857627399e+02
3.480839556125872036e+02
3.581407350103717704e+02
3.536177460903936662e+02
3.510283133464419620e+02
3.594826539783455814e+02
3.519157368420416105e+02
3.530403950211318715e+02
3.607418981510145386e+02
3.514145823258383530e+02
3.544653525027685532e+02
3.443758140500367517e+02
3.369014303928638583e+02
3.407721555605460821e+02
3.375093882197762696e+02
3.424634736971687516e+02
3.412711310479827489e+02
3.417205856236550403e+02
3.369091997105708742e+02
3.403092642050979180e+02
3.340321155710572043e+02
3.346347999546320011e+02
3.369206886897538880e+02
3.378532572204662188e+02
3.354106741155260352e+02
3.374359224196095397e+02
3.428251553542362444e+02
3.438249996823571450e+02
3.418685955968646795e+02
3.447104923726155903e+02
3.462003008674099078e+02
3.549282157189806526e+02
3.550035158058241791e+02
3.478529737500506371e+02
3.539306151647380148e+02
3.479692797220018292e+02
3.621246641387456862e+02
3.546537269051974590e+02
3.455251049014003684e+02
3.455502893959541666e+02
3.537795017791199257e+02
3.553169673771948283e+02
3.575285117505936228e+02
3.742112738515420460e+02
3.693722554056412264e+02
3.657367409075090450e+02
3.580029762057782250e+02
3.567472486348636380e+02
3.616580058627744734e+02
3.669646281903224576e+02
3.717239156513234093e+02
3.731229131168109348e+02
3.699536561539450190e+02
3.689131339781186512e+02
3.743670960104940377e+02
3.773310095416388776e+02
3.825201470717344705e+02
3.889143415396854380e+02
3.912880582199984474e+02
3.878907832805736007e+02
3.903616453216866375e+02
3.932818348594840927e+02
3.872585378337199131e+02
3.893012931307418398e+02
3.910267931150686422e+02
3.922686071743751199e+02
3.924582498174066814e+02
3.903573691711883953e+02
3.855044275059358938e+02
3.843063828487199771e+02
3.910051446697576125e+02
3.918869123720521657e+02
3.844124357875728037e+02
3.894814683422822554e+02
3.847749791766598833e+02
3.798212158484624297e+02
3.845984592018994590e+02
3.846863323308693339e+02
3.943976436925955227e+02
3.958318417159371165e+02
3.935845028329599131e+02
3.946026395954607437e+02
3.977476148552975701e+02
3.965379687949335903e+02
4.013660664446593387e+02
3.980602650551476813e+02
4.048389730535772628e+02
4.047211828272411935e+02
3.966169204795538690e+02
3.972675243192055632e+02
3.990706672664098846e+02
4.041583562828656682e+02
4.077736476322352814e+02
4.061489430897855755e+02
4.040320695048873745e+02
4.091114902774775146e+02
4.074339366319757687e+02
4.165095740270559759e+02
4.221194308639000496e+02
4.255765187055125693e+02
4.241237467721549592e+02
4.232944351385350501e+02
4.303625135445377055e+02
4.322427356134559204e+02
4.315721504313389687e+02
4.318277177037174397e+02
4.341902292535896777e+02
4.266146488231119065e+02
4.254836129180317812e+02
4.249302349070995888e+02
4.301471103561403311e+02
4.347724486308081282e+02
4.353956237280006007e+02
4.426891789242159803e+02
4.406680706564915795e+02
4.407095479287025341e+02
4.475941764088317996e+02
4.409873599579699430e+02
4.447379485946934210e+02
4.445878461287042001e+02
4.583186060007070637e+02
4.585291278413982923e+02
4.581201846430614069e+02
4.549529888791041685e+02
4.634664624052671229e+02
4.547985343818327237e+02
4.425399676930826445e+02
4.421219017710870389e+02
4.327612043643752600e+02
4.337273976650069471e+02
4.350099045823623669e+02
4.392862783363561334e+02
4.441054372101816625e+02
4.456228169976735103e+02
4.496853077813663617e+02
4.552403982996082163e+02
4.575680406691082567e+02
4.635458527736837482e+02
4.635578731867098554e+02
4.663312518428884914e+02
4.625338358770380296e+02
4.559021739031061884e+02
4.527260943681385470e+02
4.525697328662271275e+02
4.537618868007708102e+02
4.599117223441620013e+02
4.662711247514214392e+02
4.629311270392691426e+02
4.494045503341410495e+02
4.518999097168035632e+02
4.486007873769237335e+02
4.411249047478263492e+02
4.399606931116758233e+02
4.433931958397895983e+02
4.493643165534819559e+02
4.544695598141809683e+02
4.566364605770871208e+02
4.607258726929170507e+02
4.665799155494706838e+02
4.722018954029252313e+02
4.691354840051598103e+02
4.693185420487511124e+02
4.723233718422258107e+02
4.739069963670883112e+02
4.704039608723453512e+02
4.573932418039975119e+02
4.590335221853123926e+02
4.600224571368346460e+02
4.521842121854555785e+02
4.580728336175339450e+02
4.688703099699110339e+02
4.695003968028826762e+02
4.690208111818984094e+02
4.731102084255293789e+02
4.676001299122231671e+02
4.723401665811829844e+02
4.709187735217199702e+02
4.713307248629392916e+02
4.674240136304643443e+02
4.621733798611456905e+02
4.608075074504392319e+02
4.545445769913116578e+02
4.542558287002402153e+02
4.596664302198278733e+02
4.627213128967781017e+02
4.755162014327706288e+02
4.807607463690247300e+02
4.868379885940894383e+02
4.794709298453894917e+02
4.762562606379026420e+02
4.841736490703628419e+02
4.689107179909748311e+02
4.695838020342471850e+02
4.671806924014957190e+02
4.551580479423543579e+02
4.638980830142543823e+02
4.629135244457889371e+02
4.514774927018955282e+02
4.569581063530769711e+02
4.586161327525753677e+02
4.594052228506708389e+02
4.673040969600640437e+02
4.720043707239088917e+02
4.557548739828465045e+02
4.569062147743232458e+02
4.485769036460689563e+02
4.505278225904388592e+02
4.526969221837310897e+02
4.535974317677773229e+02
4.621796387393188752e+02
4.676915738550873129e+02
4.680081183405160914e+02
4.748506091289596043e+02
4.780741972751416142e+02
4.886727167766202342e+02
4.898658984587568170e+02
4.761685322568363290e+02
4.772469706376069780e+02
4.751589637622619762e+02
4.859121792371738593e+02
4.918778719319051902e+02
4.949588984681546435e+02
4.907915598750196864e+02
4.948507142974828525e+02
4.994176505775468513e+02
5.057072917461248949e+02
5.011602795419699419e+02
4.931947262979572315e+02
4.960285558113254183e+02
4.877410643666073611e+02
4.900998204970720735e+02
4.846675747078689938e+02
4.869854966164058965e+02
4.882707646983610061e+02
4.919291522904928797e+02
4.895820357589824425e+02
4.891659493551918558e+02
4.951060307217895229e+02
4.972840564770035030e+02
4.967127718152419789e+02
4.918954051134562633e+02
4.988372239488656987e+02
4.961186893132257296e+02
4.982206573818997981e+02
5.127012043044506981e+02
5.084913040761352363e+02
5.159119409649448471e+02
5.151528262442947153e+02
5.219117758685734998e+02
5.328162454947280366e+02
5.215161292955708632e+02
5.178372299008455002e+02
5.088670421955602592e+02
5.045361929216180101e+02
5.045860177433352192e+02
5.000629983460510175e+02
5.030257160722590584e+02
5.166013707164205471e+02
5.191355564595409078e+02
5.280477427733052309e+02
5.301739970118107976e+02
5.312342078139773776e+02
5.293724038757314929e+02
5.346019571021472530e+02
5.286211982354654992e+02
5.306327295498115291e+02
5.329272219882222998e+02
5.247426824705740955e+02
5.277502611284423892e+02
5.280239284415938528e+02
5.269049493119265435e+02
5.128444037515442915e+02
5.169258601552284063e+02
5.215220164445222508e+02
5.243676458322144072e+02
5.206522537185226156e+02
5.133363906015677003e+02
5.200775538129955748e+02
5.211766257692235058e+02
5.304085494268115326e+02
5.490123671607203732e+02
5.589147482151571467e+02
5.536510408785803747e+02
5.605805571591050693e+02
5.533428816265577552e+02
5.583700413210000306e+02
5.701456259820980677e+02
5.712133141014745661e+02
5.549505616649232707e+02
5.612654432912016773e+02
5.512663671618322496e+02
5.505243838644287280e+02
5.554852098406040568e+02
5.600727832980178391e+02
5.731511822893687622e+02
5.921140245953254180e+02
5.922506356672968195e+02
5.872964878371043369e+02
5.759854083820016513e+02
5.869156491903692086e+02
5.914349661622031817e+02
6.116946144335255440e+02
6.069478502923595897e+02
6.222068588409263157e+02
6.124862045982329164e+02
6.231401229006537505e+02
6.211248877377532835e+02
6.157301700854876572e+02
6.111551511790578388e+02
6.072552149785157098e+02
6.039259397257231967e+02
6.021170658587204798e+02
5.980559042775669241e+02
6.117444982286549475e+02
5.971962175376843334e+02
6.092802756121213861e+02
6.011549464285645854e+02
5.939610607109329976e+02
6.002241717315653204e+02
6.240519154323184239e+02
6.280742205626847863e+02
6.362843851213012840e+02
6.162519440101359578e+02
6.289782421486320345e+02
6.366196635684648300e+02
6.387516574592697225e+02
6.420819671378611702e+02
6.313959413841984087e+02
6.276539917510741589e+02
6.302817510923738382e+02
6.447754745141202193e+02
6.645032638125020412e+02
6.632938888218531019e+02
6.638131874097044829e+02
6.561459780035183940e+02
6.612010103528464242e+02
6.640766771189339579e+02
6.768790439680028612e+02
6.861049136708801370e+02
6.867768756880947194e+02
6.792116840336819905e+02
6.681046451793991992e+02
6.722918048758064060e+02
6.871644429068852560e+02
6.945839871331431823e+02
6.969756445488086456e+02
6.905438297950379365e+02
6.889112695851271155e+02
6.814930660191472498e+02
6.953087965202524856e+02
6.923071133481395236e+02
6.893656381064625975e+02
6.903147698894359792e+02
6.980493046154259673e+02
7.017117168488036896e+02
7.090249573909047740e+02
7.069238389845386337e+02
7.144720708858997114e+02
7.210070260635695831e+02
7.192361245725118124e+02
7.239615384544497374e+02
7.165235769198859543e+02
7.193262902085116366e+02
7.277590126726773860e+02
7.334279059561367831e+02
7.434559699704921059e+02
7.558556718973867419e+02
7.672016162365267746e+02
7.555890424803259293e+02
7.484486663878498121e+02
7.562195944737127320e+02
7.541584564125984116e+02
7.534990197603252682e+02
7.510140736506349413e+02
7.433096498345602186e+02
7.348545487355211208e+02
7.341962422766290501e+02
7.362484966754158222e+02
7.238220819431086284e+02
7.197763311165722371e+02
7.194906307321061831e+02
7.015438355115754803e+02
7.053713129004732991e+02
7.135920599364510508e+02
7.184719875117749552e+02
7.109413108914336590e+02
7.147314762366506784e+02
6.949776782665809378e+02
7.041876067392521463e+02
7.020089730168366486e+02
7.218152637664677513e+02
7.189101450611443624e+02
7.155598048065749026e+02
7.059108109942712872e+02
7.089298074970563448e+02
7.090403889559617028e+02
7.280631944699061933e+02
7.229368162238520199e+02
7.207331242728146208e+02
7.076158792452972648e+02
6.974279043669704379e+02
6.840223511930024642e+02
6.829509589889836434e+02
6.935567073735646773e+02
6.946171657111902960e+02
6.895803703970569813e+02
6.915424053302239145e+02
6.933482591881165717e+02
7.152833593167106301e+02
7.071797290484515770e+02
7.068885193206140229e+02
7.015309873502179698e+02
7.176180913992943715e+02
7.106538000615380497e+02
7.044943845856523694e+02
7.045756267322601616e+02
7.105090709804333073e+02
7.054362661738476845e+02
7.010288375543843813e+02
7.084744308358643821e+02
7.117565771286697327e+02
7.115833512862332100e+02
7.199739940858896716e+02
7.215526706417458627e+02
7.176406346829145377e+02
7.164978381929497573e+02
7.050823666344947469e+02
6.895794649982527744e+02
6.757371670806624024e+02
6.782440690381694139e+02
6.816136206772355308e+02
6.706995639651596548e+02
6.737390871949983193e+02
6.830648932349357665e+02
6.767792342545276369e+02
6.899098397445684441e+02
7.008308241182855909e+02
7.136142837105051058e+02
7.291221379097287354e+02
7.183326263446982693e+02
7.184649416072630856e+02
7.183691201898726604e+02
7.137148393388906698e+02
7.031519767742578324e+02
6.820101342063542234e+02
6.990614530052663440e+02
7.131295259334107186e+02
7.045937226491448655e+02
6.764961560812167818e+02
6.845629423254191579e+02
6.906156808566940981e+02
7.027138545926065945e+02
7.099435087799033681e+02
7.167920577843121919e+02
7.455498170093612771e+02
7.513113906472731287e+02
7.755176821264824412e+02
7.857796555078761003e+02
7.891896354130150257e+02
7.939054013646018575e+02
7.865849895073540665e+02
7.913552375154730498e+02
8.094517733019587240e+02
8.198306781634437357e+02
8.190957353515905197e+02
8.306975330234483863e+02
8.345159956208995027e+02
8.495910684119575080e+02
8.593832978610892042e+02
8.467800838415826092e+02
8.587920591303882247e+02
8.598076383126432347e+02
8.509430135681758429e+02
8.482694625787527229e+02
8.418372465663857156e+02
8.226374103729849594e+02
8.169863739166880805e+02
8.170972294560157252e+02
8.423586004513939542e+02
8.358897539697558159e+02
8.319699963280143038e+02
8.501873699414441035e+02
8.548837532512724238e+02
8.476813274080689098e+02
8.555647521732171299e+02
8.507534035027763366e+02
8.539259263784506402e+02
8.584437372873856020e+02
8.555631803677403013e+02
8.707547601522771856e+02
8.966362813637799718e+02
9.062165585169514088e+02
8.974627710043005209e+02
9.255285019696196969e+02
9.119095666872480024e+02
9.114522520576761053e+02
9.085162626798506835e+02
9.062700749380197749e+02
8.964564857800060054e+02
8.886824139496580983e+02
8.820674746461028235e+02
8.920640171121693811e+02
8.941829079257779540e+02
8.872047007324711103e+02
8.938539353281805688e+02
9.048487090058570175e+02
9.048148698541152726e+02
8.992804886997505491e+02
9.090393971852058712e+02
8.981789000425147833e+02
8.910426772702509197e+02
8.933758626451533473e+02
8.964251077627440054e+02
8.896244090143575249e+02
8.819278991658786708e+02
8.761568308282534190e+02
8.957466426546156981e+02
8.851418701228828922e+02
8.716354712733277665e+02
8.776818746925038113e+02
8.679503675707363755e+02
8.763605860265632828e+02
8.718173037432387673e+02
8.721439953411496617e+02
8.705892130210461346e+02
8.724241653220900616e+02
8.879024017988549531e+02
9.124653156976916080e+02
8.949352281404934502e+02
9.127243739284905359e+02
8.988739607115448962e+02
8.904900420986350582e+02
8.834621782472109999e+02
8.916934233096757225e+02
8.694776426074081428e+02
9.010155532614415961e+02
9.028055059463292764e+02
9.150728117658740075e+02
9.185450325687622808e+02
9.306820592443135638e+02
9.326498311046858589e+02
9.356540617914615723e+02
9.271820698091349868e+02
9.125945163258749062e+02
9.327813673707885300e+02
9.250216634206749404e+02
9.117708869970967953e+02
9.258791476032573655e+02
9.326315983904188442e+02
9.418792694341069591e+02
9.365351607061629693e+02
9.472688928589737998e+02
9.475638139687199555e+02
9.565298304506468412e+02
9.716576537805700582e+02
9.754615781137466684e+02
9.989916630769375843e+02
9.971942552075411186e+02
1.004100689542872487e+03
9.908649053705369170e+02
9.996805513931501537e+02
1.015811504162736242e+03
1.012393511005953883e+03
1.019444760021271350e+03
1.018079215697705763e+03
1.014877392761836518e+03
1.016115992518256917e+03
1.022509738646720734e+03
1.026352250113509854e+03
1.023788562445217167e+03
1.018898167751079995e+03
1.027187777323829550e+03
1.023938931021764006e+03
1.018235066595112812e+03
1.017877216115167698e+03
1.033207710279667936e+03
1.046273457198046117e+03
1.045997779012360070e+03
1.037307923708433464e+03
1.042508395219138720e+03
1.039338857993009924e+03
1.026448758520433557e+03
1.038096475786558813e+03
1.034175577773123905e+03
1.026641144188127328e+03
1.040940561499933892e+03
1.037201084311641125e+03
1.050587994020348333e+03
1.059449531664648248e+03
1.063236955464859193e+03
1.077790100955931393e+03
1.074573193504172878e+03
1.096149155452101695e+03
1.086130076761314740e+03
1.092590669589571462e+03
1.090328453037498548e+03
1.092881677068866111e+03
1.089088134220985239e+03
1.100238423283091379e+03
1.096890971271221588e+03
1.092947024437996561e+03
1.101119821619924778e+03
1.095343462071075237e+03
1.124458026932505618e+03
1.126197573368345729e+03
1.108015748907003854e+03
1.117649950144528248e+03
1.108827774486795079e+03
1.143642908241955865e+03
1.135607005693445444e+03
1.138571979174409989e+03
1.135305744288973756e+03
1.137812208864138938e+03
1.159355711870997766e+03
1.180187707673877867e+03
1.171590406539937248e+03
1.169564529617854987e+03
1.184212569735256011e+03
1.179587830822389606e+03
1.155144949758129314e+03
1.176941234634801276e+03
1.178552040775716023e+03
1.175039718545627920e+03
1.177903563115411316e+03
1.177628188102956983e+03
1.187410384855676966e+03
1.190060402853228197e+03
1.191495189691097039e+03
1.183634631140584133e+03
1.198162389530363271e+03
1.212337881082913555e+03
1.208991904107826485e+03
1.199846389537156483e+03
1.205709779345508878e+03
1.211794918298797938e+03
1.210820820530023866e+03
1.219702489364386338e+03
1.228478995560878957e+03
1.229004584984870689e+03
1.245277051023231252e+03
1.246774969786339398e+03
1.266123229434925634e+03
1.264351249377918748e+03
1.267253939428447666e+03
1.255748360257267450e+03
1.276516904573227521e+03
1.276825767068936102e+03
1.255018203348994803e+03
1.259655602067975906e+03
1.263923607549417511e+03
1.251215789580058754e+03
1.245298018079132135e+03
1.217977115819935989e+03
1.184487592534938130e+03
1.156282649405238544e+03
1.155820259063294088e+03
1.128510907017689533e+03
1.130884206807453893e+03
1.078456329172440519e+03
1.058516201129594720e+03
1.070398265144232710e+03
1.080483822746915621e+03
1.151653245523615396e+03
1.091551647555023010e+03
1.093490636863176405e+03
1.113780487934529674e+03
1.131689830205899852e+03
1.117601074117491635e+03
1.171063995706054357e+03
1.133381328673953703e+03
1.146943797150134742e+03
1.110034111799370294e+03
1.109054259948932895e+03
1.066675883464872868e+03
1.056056065922534572e+03
1.041254877776324292e+03
1.066124895849646919e+03
1.037994126545284871e+03
9.956454739062137378e+02
9.729251341711770920e+02
9.778928564427206993e+02
9.693118228647626893e+02
9.259172317763334377e+02
9.121260858356695280e+02
9.687337587050722050e+02
9.798367705962402852e+02
9.914163773764372536e+02
9.673099603175977563e+02
9.024714774467244069e+02
9.080274112944540548e+02
9.469240607961110072e+02
9.872952080583147563e+02
1.016824949389131689e+03
9.735044091024084310e+02
9.617662982962640399e+02
1.023114581646595752e+03
1.107342892623568787e+03
1.000011799651599517e+03
1.006366236167459192e+03
9.549860620465696002e+02
9.532219995647758424e+02
9.099333814334756880e+02
8.705010912517792576e+02
7.670370419697588886e+02
7.739536570715586095e+02
8.653438217217424153e+02
9.086195050231556252e+02
9.139201112077328162e+02
9.277172014873867738e+02
1.057972462744852237e+03
1.087601860049344396e+03
1.089857261957260107e+03
1.064241481099922794e+03
1.094024330846035809e+03
1.086597445373614846e+03
1.121074138120208090e+03
1.134080537754447278e+03
1.099615006184614913e+03
1.174480695639583701e+03
1.242696902835663195e+03
1.303487049806587947e+03
1.307258143081445496e+03
1.292798817278554679e+03
1.344629554458125313e+03
1.408742978540701642e+03
1.364312636594861260e+03
1.359055196458105229e+03
1.363495963009032266e+03
1.326139207431994237e+03
1.305416074327927618e+03
1.302445873977638030e+03
1.282209301939851457e+03
1.232532275188499398e+03
1.250683366359727870e+03
1.174446774353426463e+03
1.221173419895415691e+03
1.318357024722914957e+03
1.284181941562620295e+03
1.339293934870110888e+03
1.343775456706620616e+03
1.304894122442544131e+03
1.371974471168458649e+03
1.370567347545410939e+03
1.418948560364265859e+03
1.415495393614168506e+03
1.454899221026134683e+03
1.457015405329384066e+03
1.408592925695952772e+03
1.368028283064627885e+03
1.359990426662875279e+03
1.403333233404831617e+03
1.384607384262880032e+03
1.354086145804457374e+03
1.340288873365242807e+03
1.388292300231498302e+03
1.333752253095204878e+03
1.410869321918124569e+03
1.450678379679203317e+03
1.454390141251825298e+03
1.449839881402392393e+03
1.467437460054399480e+03
1.407392614563758798e+03
1.377601629048959239e+03
1.423610770792440007e+03
1.478964438683460457e+03
1.529141913549861556e+03
1.553159193131366237e+03
1.498067310323463516e+03
1.452177172203289274e+03
1.408573337046293318e+03
1.408466474501006815e+03
1.429234239916483602e+03
1.393579836429894840e+03
1.397507851959277104e+03
1.446576091328533948e+03
1.415365064514754977e+03
1.568812877607073233e+03
1.590718734838222190e+03
1.594199996632762350e+03
1.663512894914578510e+03
1.727252363973690763e+03
1.738291160239938790e+03
1.694394652050178365e+03
1.671031239590573705e+03
1.692088246664180815e+03
1.687171800995158492e+03
1.743405817082408475e+03
1.750524740678637500e+03
1.725953231971912146e+03
1.697633384604700723e+03
1.684997162986713420e+03
1.639825870045701549e+03
1.719240959062607317e+03
1.758608093260081205e+03
1.817848874302972263e+03
1.807849858314183848e+03
1.762776250509404008e+03
1.747272899395341483e+03
1.783292716523570789e+03
1.748043785547365360e+03
1.700498839824251490e+03
1.716896986783236343e+03
1.717097364838427893e+03
1.718515242420579625e+03
1.682164504962830506e+03
1.704982021496196239e+03
1.683195586230049685e+03
1.703630379188406550e+03
1.706098646936355181e+03
1.687294687186778447e+03
1.657624697937357951e+03
1.671291018277130888e+03
1.692352108482853737e+03
1.704112109144970873e+03
1.728207593507187539e+03
1.709965628423384942e+03
1.731954670196869756e+03
1.677516440274708884e+03
1.704875478260228874e+03
1.703987785462020611e+03
1.788058602445003999e+03
1.752557917342188375e+03
1.761696891308796694e+03
1.752462152383589682e+03
1.739240828698664700e+03
1.757864473092894968e+03
1.761995757005188807e+03
1.755413639089387516e+03
1.751558253463730580e+03
1.721592089898599397e+03
1.698169197905041983e+03
1.705020660815491738e+03
1.724019456478965139e+03
1.735450744452802383e+03
1.728622217055329429e+03
1.699206544457878408e+03
1.701124990490856135e+03
1.689433703709240490e+03
1.712148451495735571e+03
1.756805322984285795e+03
1.747669746780999503e+03
1.792763189254937743e+03
1.741976637884745060e+03
1.746461051469603035e+03
1.737072388473840419e+03
1.712360625756432228e+03
1.764809703232008587e+03
1.789938967308395604e+03
1.809949924300113480e+03
1.797221639291440169e+03
1.813139486257524368e+03
1.839327360520868751e+03
1.786369981066647597e+03
1.786912111259795893e+03
1.797151454541550720e+03
1.763533311484014348e+03
1.831282587757739293e+03
1.806348823273239304e+03
1.776923703488032061e+03
1.728266017798955318e+03
1.734581918572713448e+03
1.729553146000531797e+03
1.745860857052306528e+03
1.756203399711853308e+03
1.775193298648157224e+03
1.729185066553862498e+03
1.683463203553116955e+03
1.726490743569352844e+03
1.782139777333900156e+03
1.753706111498962628e+03
1.740010581748293589e+03
1.756451830742885704e+03
1.792340786190341078e+03
1.794501196983414957e+03
1.786582101439029657e+03
1.798559626151468365e+03
1.878367589693812306e+03
1.860498293950342941e+03
1.863992130462580462e+03
1.855417015028491278e+03
1.905712296862342100e+03
1.907664788216625539e+03
1.912746375421716948e+03
1.933014938099268875e+03
1.946480260413412680e+03
1.956457314582419258e+03
1.937473473585963802e+03
1.959390796113733131e+03
1.980808691829869304e+03
1.969465527007574110e+03
1.942495756718230723e+03
1.941195055204007531e+03
1.950813768345502240e+03
1.938226330253243077e+03
1.917446550864843402e+03
1.925533921007139952e+03
1.948168934068065937e+03
1.936302520563626786e+03
1.960618120177391802e+03
1.977781857765318364e+03
1.970747520775271141e+03
1.960377081326692860e+03
1.960065913576311914e+03
1.985220689747979804e+03
1.981024524888214728e+03
1.983406759149670052e+03
1.965605140528640050e+03
1.954442760287360215e+03
1.927769555164608391e+03
1.907775750613335958e+03
1.902670421766949403e+03
1.920814313415922243e+03
1.902065750331740901e+03
1.885572189081512533e+03
1.917336796826714817e+03
1.875842115450169331e+03
1.929802577736532385e+03
1.921256853793819801e+03
1.890985848723239542e+03
1.874497541862474009e+03
1.854678502830213802e+03
1.875365009521810862e+03
1.795298081867109431e+03
1.797447444134035095e+03
1.730185535372090726e+03
1.740405266495752130e+03
1.689232817535809772e+03
1.689547814999385309e+03
1.660563419453479810e+03
1.696250592886275626e+03
1.681009813053875860e+03
1.806227207785054816e+03
1.824865722318519602e+03
1.789188900019962375e+03
1.772079830053346541e+03
1.801807974581120561e+03
1.812973761169834461e+03
1.830018150191805489e+03
1.816905362692922154e+03
1.849772244607870789e+03
1.793200473658881492e+03
1.760601655242516017e+03
1.807233589373870700e+03
1.812151965926712137e+03
1.740281854913995858e+03
1.680254606332033745e+03
1.686308754773624742e+03
1.729780059819588359e+03
1.760647417277839622e+03
1.722640441577190359e+03
1.721697142037075537e+03
1.736671487005510471e+03
1.699745036298350669e+03
1.739346774841254273e+03
1.729112286752904538e+03
1.717431486669570631e+03
1.801600164025703407e+03
1.795235333512892339e+03
1.803593937829543847e+03
1.811965418591789103e+03
1.839856864583868855e+03
1.843037833600249769e+03
1.880363393291594093e+03
1.933695973246508856e+03
1.926888677842922107e+03
1.926804359251622145e+03
1.900671875912673841e+03
1.929474481805513051e+03
1.940784918038377555e+03
1.913946465351123607e+03
1.917053231265713066e+03
1.934706519293300744e+03
1.940325065898546200e+03
1.979131921090110836e+03
1.954864032932699729e+03
1.934479779128111659e+03
1.935569082272615788e+03
1.957246955944747242e+03
1.948093417943429131e+03
1.940849665862292568e+03
1.952340636418428858e+03
1.954145124560278418e+03
1.979133699959740625e+03
1.971601367433620908e+03
1.962977974817637005e+03
1.962427306009670701e+03
1.949062159683250911e+03
1.917356877919653698e+03
1.912349353468845948e+03
1.928243423756347056e+03
1.930966262034225110e+03
1.967941015476783150e+03
1.981036834741920757e+03
1.970135078790922989e+03
1.987975205209684191e+03
1.990657190944310969e+03
1.994633773250659488e+03
2.014453225965715092e+03
1.987727982646109012e+03
1.974190189974369787e+03
1.966958254288528224e+03
1.977358937810440011e+03
1.995210381316213670e+03
1.998866549052698701e+03
1.969364515549900489e+03
1.968742544271690576e+03
1.981838429960950407e+03
1.981978056311312002e+03
1.988040723770515115e+03
2.005666389708988163e+03
2.045136883296608858e+03
2.043011202140209889e+03
2.073146573367092969e+03
2.069523044702460538e+03
2.082551944832199752e+03
2.093356970128838839e+03
2.082739656208954784e+03
2.063163719537634279e+03
2.041183445634378359e+03
2.040335255767576427e+03
2.001878236912169314e+03
2.029803838979585407e+03
2.020073554889469051e+03
2.025762915031104967e+03
1.993399841804843390e+03
1.951192928958861785e+03
1.944470741029924284e+03
1.963850624333200813e+03
1.995790335699576644e+03
1.942646486582096713e+03
1.986170944406498393e+03
1.925394336242506142e+03
1.948371629181408025e+03
1.909766080698779660e+03
1.917261250924746719e+03
1.898001023225292329e+03
1.832973895848944721e+03
1.703793812098100716e+03
1.682837381178021815e+03
1.673543879944805212e+03
1.692336570713496258e+03
1.665057480624902837e+03
1.639769436852978060e+03
1.695660599355901923e+03
1.699056328491977411e+03
1.712121074298393523e+03
1.662383390177006504e+03
1.645881916645857245e+03
1.687143554051724323e+03
1.701687722775595830e+03
1.736782721070446541e+03
1.577276965148964564e+03
1.692030303904199627e+03
1.754235497703446299e+03
1.932481574744871068e+03
1.928185606270455764e+03
1.965703742341240286e+03
2.047551945087989452e+03
2.035600806484065060e+03
2.025894949064651655e+03
2.066798588217398901e+03
2.029582736941006033e+03
2.028966959168376206e+03
2.043747263958123995e+03
2.073577547780215355e+03
2.009173259811900380e+03
2.014017475791791639e+03
1.968184287655196840e+03
1.999379736054129125e+03
2.013751408319489428e+03
2.001787026215133892e+03
1.968850117444303805e+03
2.024629557686311273e+03
1.997201104951733669e+03
2.037529411854898399e+03
2.040830322587330784e+03
2.028156473942366119e+03
1.997344036189947474e+03
2.078229672166672572e+03
2.096640381870274723e+03
2.088319870807064945e+03
2.003448370927919996e+03
1.977361802361336004e+03
1.907522634536304167e+03
1.829854191642099750e+03
1.819464484605586222e+03
1.848248627718360922e+03
1.961695066935982595e+03
2.018161466926191906e+03
1.985852434695724241e+03
1.949595830627820988e+03
2.009734772689558213e+03
2.041024963244336504e+03
1.929314037898618835e+03
1.986578929456029300e+03
2.008035613718783225e+03
2.087348674090905206e+03
2.058681164043097851e+03
2.085438394679081284e+03
2.148432943023944972e+03
2.071493854804514740e+03
2.121467402878720804e+03
2.081180018580982960e+03
2.047072858659584654e+03
2.087702281981277793e+03
2.025724010108676111e+03
2.158813636441360813e+03
2.137556274621160355e+03
2.107456618080248063e+03
2.125982339044404398e+03
2.113108084302464249e+03
2.060063619169819958e+03
2.032003982098746519e+03
2.035771516261530905e+03
2.013103722045675340e+03
2.044585999336127543e+03
1.995819891327496862e+03
2.170813881292203860e+03
2.174500262794698756e+03
2.076307598811216849e+03
1.978246653668488079e+03
1.925965137467103432e+03
1.949350591634270131e+03
1.832466702454201368e+03
1.764363664887993536e+03
1.876722331959418625e+03
1.857613119359500615e+03
1.981151827129384856e+03
1.887362715300115497e+03
1.880605585775919963e+03
1.922681868023408924e+03
2.028771866402461910e+03
2.109314895298139163e+03
2.098691311638320258e+03
2.039513644386963051e+03
1.835834230985409249e+03
1.780884267706572700e+03
1.868163145506970295e+03
1.829655070048761900e+03
1.789273098194746808e+03
1.777230780491048790e+03
1.772093899494602738e+03
1.751191821570480670e+03
1.832882031590843326e+03
1.902095670385146377e+03
1.950869505760602806e+03
1.949040264986514330e+03
1.935435162045875131e+03
1.794038069674746112e+03
1.738314960105858063e+03
1.800203146002228777e+03
1.579246072321230940e+03
1.489732136665817052e+03
1.357208031863634460e+03
1.390536470277648277e+03
1.288250877570764942e+03
1.431548961307417358e+03
1.594451097828908132e+03
1.629986238415078788e+03
1.618101035374950698e+03
1.754252487227641041e+03
1.810890958931296382e+03
1.673597848393046661e+03
1.488680608162185081e+03
1.339337430765492627e+03
1.533660241165557409e+03
1.425457300362338628e+03
1.440064492995792079e+03
1.501992932343635857e+03
1.473054310356154701e+03
1.542311906209089784e+03
1.631069558923776867e+03
1.807000264351356691e+03
1.816107582285218086e+03
1.856941299047313578e+03
1.804152228380763290e+03
1.995137800167277874e+03
2.032509358775996589e+03
2.027325579662303880e+03
2.021548875612331813e+03
2.150444486349264935e+03
2.107574946662783987e+03
2.141370661289647614e+03
2.206375822698479169e+03
2.245821714778081059e+03
2.361432000340590093e+03
2.434096287531187954e+03
2.411384457060868954e+03
2.397385159158519400e+03
2.315561873948711309e+03
2.379365869601159375e+03
2.404431597019657602e+03
2.355671297307205805e+03
2.459572320029582897e+03
2.453852203743602786e+03
2.401935256431167545e+03
2.390023703462432877e+03
2.380573016318163354e+03
2.402403865440457594e+03
2.441814255960648552e+03
2.448079053858365114e+03
2.392294061310680263e+03
2.302281637781334666e+03
2.220797916218836235e+03
2.173442388498635864e+03
2.254271028504520928e+03
2.298250212080089113e+03
2.241557022082485673e+03
2.260150012664481892e+03
2.267316725571185088e+03
2.230516451434259125e+03
2.190183110372020565e+03
2.154007999194916465e+03
2.247002337939156405e+03
2.215843665448978300e+03
2.229608266819976961e+03
2.238397354934126724e+03
2.251822121364843952e+03
2.367299382932625122e+03
2.340969875586331455e+03
2.345130416013254035e+03
2.453294796390715874e+03
2.493043625483847336e+03
2.469138013610404414e+03
2.411263090837148866e+03
2.453238073952397826e+03
2.391295947836929372e+03
2.370367472979617105e+03
2.403629932750335684e+03
2.447157173919865272e+03
2.399794496353477825e+03
2.388277382820365801e+03
2.324386921246802103e+03
2.282584460328636851e+03
2.367666827540679606e+03
2.335215859291408378e+03
2.338343638949739670e+03
2.292159306421621295e+03
2.239319867109566530e+03
2.255385770961924209e+03
2.267260499295930458e+03
2.306872697966972737e+03
2.310436206584852243e+03
2.359813999153141140e+03
2.476131578652485132e+03
2.459826375317244128e+03
2.454139964831496400e+03
2.433802111030468950e+03
2.400020670658675954e+03
2.394153821326958223e+03
2.407940534811131329e+03
2.454573685962639956e+03
2.443274090779224480e+03
2.391243744388241339e+03
2.432672955087963146e+03
2.454222901395893587e+03
2.439920133149625144e+03
2.422542350929671557e+03
2.416059640400365879e+03
2.412770680630528204e+03
2.383161925956306277e+03
2.403976178426633396e+03
2.426065320410868935e+03
2.448649177751199659e+03
2.457070022407267061e+03
2.409108095019906159e+03
2.394472401929090211e+03
2.368245304040560313e+03
2.373195038076584297e+03
2.395505952841567250e+03
2.395787161209953865e+03
2.420677325314562950e+03
2.426316013689114243e+03
2.424926873845035971e+03
2.425073440609980025e+03
2.439498120340952482e+03
2.409662574601574761e+03
2.389800006400287657e+03
2.367043538146731862e+03
2.332907789950876577e+03
2.326064530301796367e+03
2.287302240892288410e+03
2.303974083134005923e+03
2.316432380025367820e+03
2.300318744168394460e+03
2.321231142681995607e+03
2.302423070728898438e+03
2.329630697622455500e+03
2.278130931599371252e+03
2.267974184755992155e+03
2.278216328248899572e+03
2.324280385721936000e+03
2.352661079785264064e+03
2.354861879057772967e+03
2.317527389533659061e+03
2.254223193439668194e+03
2.165832502819676392e+03
2.213531413620686180e+03
2.208444862774550529e+03
2.169911488168034339e+03
2.229785981140408694e+03
2.338385196254771927e+03
2.367149397536304605e+03
2.374414015783361265e+03
2.275809510893974675e+03
2.150925165282917078e+03
2.136814318352239752e+03
2.173361978254469705e+03
2.245293491256966718e+03
2.258761815677200502e+03
2.208546386020800128e+03
2.160205584504179114e+03
2.153270793257866444e+03
2.186158724143800555e+03
2.193678058684990447e+03
2.152647913215675999e+03
2.202198451700111491e+03
2.165070479932724538e+03
2.160797864709736587e+03
2.173973011133176442e+03
2.173384467359497194e+03
2.243697060431228238e+03
2.259815621669220945e+03
2.300141495224507707e+03
2.326519514262685789e+03
2.298713114572878112e+03
2.273409847545152843e+03
2.295699255100749269e+03
2.304321221985717784e+03
2.229153476299913564e+03
2.177125217122829781e+03
2.217153931614965131e+03
2.217099252243822775e+03
2.182343771709429348e+03
2.219053344718119661e+03
2.208992746689422802e+03
2.201042064581766681e+03
2.181192714015971887e+03
2.195663486768038183e+03
2.142423633370985954e+03
2.170153791722991173e+03
2.183229043742155227e+03
2.098326840258330321e+03
2.177536266425089252e+03
2.266513814674386595e+03
2.299176010242822485e+03
2.266955380267510918e+03
2.328555755582740858e+03
2.297314653448392619e+03
2.163595164054914676e+03
2.055396314791207715e+03
2.021288345813727346e+03
2.040841793939008312e+03
1.939984571590284077e+03
1.890762292991070808e+03
1.897375942760041426e+03
1.893677132592221142e+03
1.728248230499122656e+03
1.776780710840780557e+03
1.594202021397549288e+03
1.557760576736408893e+03
1.492736489131872531e+03
1.623196540570550042e+03
1.677015461310673345e+03
1.817098506545902410e+03
1.852323017465377461e+03
1.782125626528393468e+03
1.721991000542625443e+03
1.708467839327660613e+03
1.682440978144643395e+03
1.820066203829561800e+03
1.728430401798374078e+03
1.558775401032518857e+03
1.543118821311166357e+03
1.710161107323758870e+03
1.758097392824477765e+03
1.811300812899710763e+03
1.807180611678208152e+03
1.981413102492684175e+03
2.066314270557282725e+03
2.113443249242143338e+03
2.136528560391549036e+03
2.016892494652077175e+03
1.997632473583372075e+03
1.888471049187577364e+03
2.075733734813996307e+03
2.005359136299869078e+03
2.031823801762874382e+03
2.100521180277475651e+03
2.106239314643147281e+03
1.946143814947666215e+03
1.864367920182142598e+03
1.757932492685425132e+03
1.928186123988969030e+03
1.903223380785788549e+03
1.913124017118306938e+03
2.030515564349725764e+03
2.082017487795611487e+03
2.149960302305747973e+03
2.133019693149544764e+03
2.181749230024779081e+03
2.196029077348864121e+03
2.172809953534465421e+03
2.183276756710037262e+03
2.298587597967381498e+03
2.254805676016909274e+03
2.289283153512797981e+03
2.252090381366784641e+03
2.280473809779176008e+03
2.291805925887617377e+03
2.223562078753670448e+03
2.316833609309181611e+03
2.271346368834987970e+03
2.201703436986360430e+03
2.196246267229851583e+03
2.153110278755751096e+03
2.070128387353988273e+03
2.056158958629280278e+03
2.081032965681813494e+03
2.001378122797214928e+03
2.051250284522384391e+03
2.099562849063220256e+03
2.129295884833464697e+03
2.216731731599405521e+03
2.109890002767228452e+03
2.165593357202757034e+03
2.192584257115291166e+03
2.178556392989547021e+03
2.186728376087197830e+03
2.220874824456822807e+03
2.147947422187563006e+03
2.194866780565065255e+03
2.152712132485802613e+03
2.160706689726574496e+03
2.150043358201482079e+03
2.129337022363098640e+03
2.146348581798834857e+03
2.132987143011476746e+03
2.055717076253612959e+03
2.114217549998988488e+03
2.162804618209358523e+03
2.334860884682725555e+03
2.320160494560445386e+03
2.310408350988947859e+03
2.255104684488439489e+03
2.182798259468304877e+03
2.240099719527523121e+03
2.131152625981762412e+03
2.061890830803960398e+03
2.187433115526489473e+03
2.211454259762963375e+03
2.199606350211882727e+03
2.183888072428978830e+03
2.207314474768463697e+03
2.281739582737107867e+03
2.234831618877121855e+03
2.254228510812495642e+03
2.353142186248962844e+03
2.356571117277208486e+03
2.362384954056470633e+03
2.364540059267770175e+03
2.309470602952485933e+03
2.251311122653318762e+03
2.225914972148903871e+03
2.214094490590114219e+03
2.278398002931745850e+03
2.171654606351412895e+03
2.084493100255324407e+03
2.002753722134315922e+03
1.975985251416943584e+03
1.889046589131173960e+03
1.802255627010600392e+03
1.980406585359202609e+03
1.970864188656960550e+03
1.897375732059942038e+03
1.953240199279961644e+03
2.033003470904106507e+03
2.034576579358444860e+03
1.905843914373418784e+03
1.889865503711519295e+03
1.842211563633451306e+03
1.909638674765725000e+03
1.824787731174113105e+03
1.808839413286278614e+03
1.808862957025465676e+03
1.921370396476218275e+03
1.965169475502491878e+03
1.831905863445681007e+03
1.870231185012631840e+03
1.838316720476418823e+03
1.837883203535539678e+03
1.841933115870046549e+03
1.880148397755439873e+03
1.927638307587993722e+03
1.908294797323838338e+03
1.852147681079355380e+03
1.748972344520180741e+03
1.697443284705685301e+03
1.646879008060275964e+03
1.575091979458171863e+03
1.577160067346853339e+03
1.477823383092159929e+03
1.564049938528578195e+03
1.617576343261057445e+03
1.612009890706294527e+03
1.549509494762565510e+03
1.528345917726828930e+03
1.610156088107984715e+03
1.568032895503842610e+03
1.655273338187685567e+03
1.497289528282571155e+03
1.580439375191176850e+03
1.524423290529487531e+03
1.513449090077057917e+03
1.542966509374672796e+03
1.671380921952190192e+03
1.836391400418437797e+03
1.789536610494463048e+03
1.798989894214194464e+03
1.791515082690006466e+03
1.824000694090572324e+03
1.842124763709111448e+03
1.830202994474161414e+03
1.833526254874684355e+03
1.834503024557740673e+03
1.874115253356498442e+03
1.974138618176807768e+03
2.025241376420817687e+03
2.023761307119837056e+03
1.994046090693360156e+03
2.025854181830915650e+03
1.998433016052684025e+03
2.029388805582959094e+03
2.081789730005465117e+03
2.079213587998074217e+03
2.022537778979800123e+03
1.963593453509228766e+03
1.965037385669014611e+03
1.929203249572085042e+03
1.844138931429097738e+03
2.010405858162493814e+03
2.010759193928178547e+03
1.974136469345679643e+03
1.965644217022944531e+03
1.886886423718276319e+03
1.836155922339981998e+03
1.804444416488469187e+03
1.837794260829590939e+03
1.831785861625125108e+03
1.940039249475530823e+03
1.893283145553356917e+03
1.929455744918583605e+03
1.907945734753995112e+03
1.993854136361106839e+03
1.976127797201693511e+03
1.949868236075181130e+03
2.007037644342138492e+03
2.004431991390730673e+03
2.066123382899450917e+03
2.056305935476501872e+03
2.059692799417294736e+03
2.134347798958399380e+03
2.137091450125779829e+03
2.131336827180152795e+03
2.117108744588267200e+03
2.130402784459951818e+03
2.103661645620376476e+03
2.104144345814709141e+03
2.084479473048473665e+03
2.021073735094159701e+03
1.997029843553679484e+03
1.950819706469030052e+03
1.926595521887921450e+03
1.936258866484193049e+03
1.916885697815406502e+03
1.856195090883041985e+03
1.795794814171078770e+03
1.826233847375718369e+03
1.861294039468244364e+03
1.821342903187337697e+03
1.875769082847391473e+03
1.944076163288636508e+03
1.894412828070237765e+03
1.926995854450485240e+03
1.988125587003445389e+03
2.027486379384648899e+03
1.984013342124927249e+03
1.997929980121515200e+03
1.982656987693836527e+03
1.958921170153437743e+03
1.877079473535155103e+03
1.811873993589984821e+03
1.853043669265289964e+03
1.853210798162560877e+03
1.869401954443824707e+03
1.881514173991085045e+03
1.962834226662590481e+03
1.933110487706189588e+03
1.946855594275778230e+03
2.017656921837025266e+03
2.054085574141688994e+03
2.093456053262361365e+03
2.082941142926390967e+03
2.131304975267726149e+03
2.205335256785962883e+03
2.195653624280497297e+03
2.149223332155032949e+03
2.217539659319726979e+03
2.239445249952601898e+03
2.234747772069345046e+03
2.247571524160704939e+03
2.183887260952674296e+03
2.201012163255179075e+03
2.171964253541110793e+03
2.178635848896235984e+03
2.186821771120735775e+03
2.174437586647149601e+03
2.209084842096599004e+03
2.330062708454153835e+03
2.288985864535279234e+03
2.293697313779623528e+03
2.304389884521624481e+03
2.284700731445030669e+03
2.221323823622698455e+03
2.210651796223513884e+03
2.161126458269187424e+03
2.088951991677622573e+03
2.049923600595620428e+03
2.142891144977875229e+03
2.106270080106321075e+03
2.235247404395602643e+03
2.250521849892229966e+03
2.228126272039542982e+03
2.258962496696109611e+03
2.206692619167087287e+03
2.160830367756744181e+03
2.094799462545907318e+03
2.023379187182279793e+03
1.932162330613838321e+03
2.022773489129978088e+03
2.088704608396380991e+03
1.988606279004276303e+03
1.982992176814862887e+03
2.058354241957781596e+03
2.005718415914881234e+03
2.024227174019434187e+03
2.040024720792555399e+03
2.220843323507451714e+03
2.319819114607545089e+03
2.296191460178832585e+03
2.249749760868760859e+03
2.215114120803083551e+03
2.195694191737540677e+03
2.151772912176576483e+03
2.209725692607186829e+03
2.193656671599331730e+03
2.147778838321894455e+03
2.167612371780658577e+03
2.072489908934742289e+03
2.022297225253233137e+03
2.001629189853822709e+03
1.952530990297278549e+03
1.839451273838823226e+03
1.896828079978100959e+03
1.757015794505141002e+03
1.862217412854546183e+03
1.886512601481315414e+03
1.941587556495573153e+03
2.106637097433396775e+03
2.304777693297316546e+03
2.339785634541749459e+03
2.283735350466085038e+03
2.307839515578921237e+03
2.232800403350349825e+03
2.224907904807984778e+03
2.370661350758629851e+03
2.369323971905292183e+03
2.388191005354460685e+03
2.360396298453132204e+03
2.386319097411514122e+03
2.384111730115893351e+03
2.331758695395945779e+03
2.312537890555365266e+03
2.212429816656935600e+03
2.148949219972697392e+03
2.235770557154891776e+03
2.243777829019016281e+03
2.201361820247059768e+03
2.144937735064951084e+03
2.249856987908222436e+03
2.312639281278524777e+03
2.238046517399715867e+03
2.224530267743207787e+03
2.236998012439182276e+03
2.263580198983490391e+03
2.220395084248880266e+03
2.221918594042645054e+03
2.248050655077320243e+03
2.223620543530632403e+03
2.213137524994764590e+03
2.146751932760279487e+03
2.192765264483475221e+03
2.301177700292742884e+03
2.369359037467548205e+03
2.386717229480496826e+03
2.391403151783533303e+03
2.404215244423656713e+03
2.395615002832045320e+03
2.360518038769777377e+03
2.349460378207589656e+03
2.430506856761927793e+03
2.419304654718987422e+03
2.426431164269662986e+03
2.469026270550152276e+03
2.449409387510386296e+03
2.515130529977043807e+03
2.538729828139808433e+03
2.522609091762345088e+03
2.525243131362617987e+03
2.500629558508355785e+03
2.570663986318207662e+03
2.591338307110843289e+03
2.645029912395812516e+03
2.690383977096306808e+03
2.730141846007550157e+03
2.717764579383605451e+03
2.738267600558812774e+03
2.738244899981563321e+03
2.721592230221465343e+03
2.760251418750275207e+03
2.734405632315509592e+03
2.790171460868905797e+03
2.799057658746240577e+03
2.780433039017080773e+03
2.772814033363297767e+03
2.804813049078187760e+03
2.779604222348382336e+03
2.814683031194081650e+03
2.841195223421988430e+03
2.858518257498421463e+03
2.862441427261685931e+03
2.875189576061775369e+03
2.874284494817459290e+03
2.843358556617267823e+03
2.871037485742353965e+03
2.891997376396160689e+03
2.902240247481831375e+03
2.891229322696891813e+03
2.895990557753586927e+03
2.934904528513534387e+03
2.980325622647314503e+03
2.986953171889025725e+03
2.988835609980331810e+03
2.989219348535337758e+03
2.992938402012197912e+03
2.977411771182547909e+03
2.979200147229737013e+03
2.972789930481163992e+03
2.987532348183130125e+03
3.002776843820177874e+03
3.033771601121085496e+03
3.071651091881272805e+03
3.102031496126847287e+03
3.121576969383963387e+03
3.119037693554370435e+03
3.152354858766882899e+03
3.153797625963705741e+03
3.195490602254142686e+03
3.201877112738778578e+03
3.199773645493248296e+03
3.178553248889652878e+03
3.167265918922031233e+03
3.173039630640301311e+03
3.145710859319530300e+03
3.141094108132436304e+03
3.122148539705638996e+03
3.139220025465338495e+03
3.121984821049650691e+03
3.131265859095597989e+03
3.190953931634217952e+03
3.197413546504353235e+03
3.205902175337625067e+03
3.189045915111452359e+03
3.228304607123330243e+03
3.258850530478333894e+03
3.272665550140576670e+03
3.246043612336041406e+03
3.192097774943975310e+03
3.146316887043441511e+03
3.088312596722275430e+03
3.080148366126577912e+03
3.118133707568225418e+03
3.143418522072217002e+03
3.179271889117314913e+03
3.186675711643299110e+03
3.160179345598789496e+03
3.178077015604883854e+03
3.149969762789234210e+03
3.193195299488007095e+03
3.171931252612395383e+03
3.235116357967795466e+03
3.268679461864243876e+03
3.264602420015851749e+03
3.255987850112598608e+03
3.273372437158351204e+03
3.267470974472989838e+03
3.285261897837584911e+03
3.283772982234337633e+03
3.297146490321266810e+03
3.305591058101609178e+03
3.306337013936956737e+03
3.321323726629344492e+03
3.316660936504761594e+03
3.327219495841600747e+03
3.325270756542040090e+03
3.325996110498304461e+03
3.297899201939234899e+03
3.284111562860950926e+03
3.281667633927073894e+03
3.234888194631940223e+03
3.233749155190573674e+03
3.224884645196855217e+03
3.250229991112271819e+03
3.223241013848267812e+03
3.295353448862827008e+03
3.306302698823111768e+03
3.333845247853294040e+03
3.314997701626257367e+03
3.284799816461356386e+03
3.336934477491690814e+03
3.356427237697507280e+03
3.411707776948010178e+03
3.438409291879309421e+03
3.427898618898413588e+03
3.452286973568839585e+03
3.430859736956698271e+03
3.425839866418257316e+03
3.410723139160191749e+03
3.373143292018223747e+03
3.400902651449872792e+03
3.438599717817006876e+03
3.431536697403239032e+03
3.398134805666817101e+03
3.365688737257463345e+03
3.364174384383127745e+03
3.381166379591276836e+03
3.378999661306916551e+03
3.382570218412230588e+03
3.389395500683711816e+03
3.401504195432029519e+03
3.390843550432838583e+03
3.431377024322010129e+03
3.393056515886035868e+03
3.366414027456698477e+03
3.413144663855634462e+03
3.422752029504946222e+03
3.450040173976311962e+03
3.410013882058392483e+03
3.450210379746174112e+03
3.418962550547087176e+03
3.399685018635122560e+03
3.390027784423607500e+03
3.420504080466303094e+03
3.398892342785549317e+03
3.400233078615417980e+03
3.414838787196151770e+03
3.446077261433920285e+03
3.464243095193952286e+03
3.482702721447862587e+03
3.476529538959091042e+03
3.536324291909762451e+03
3.508329625225943346e+03
3.517979362467678584e+03
3.539585228716415259e+03
3.512096798735618449e+03
3.541519998440852305e+03
3.587160946818922639e+03
3.505460237317240626e+03
3.485083793321274698e+03
3.479619140663348844e+03
3.447831154748066183e+03
3.525142055358513517e+03
3.576480377038365532e+03
3.593134319531102392e+03
3.584065686765949522e+03
3.662303184488417173e+03
3.655003944918226807e+03
3.719310481482158139e+03
3.744567832359005934e+03
3.745678292345861337e+03
3.727812650387099438e+03
3.757168697443335986e+03
3.753585992786795032e+03
3.706127936969287475e+03
3.746835982464892368e+03
3.744746420164461597e+03
3.790329635622406840e+03
3.808197784451089319e+03
3.779153775114210021e+03
3.803819438642361547e+03
3.792787624180104103e+03
3.806816165998706765e+03
3.744972864043518257e+03
3.704765116393945846e+03
3.694678096533219104e+03
3.730652547579425573e+03
3.778033950105893837e+03
3.778302379288946668e+03
3.690234390903171516e+03
3.691203191656255512e+03
3.632617039096035114e+03
3.606976799981257500e+03
3.633827380115914821e+03
3.709249644185525085e+03
3.713437932428584645e+03
3.751462620607253484e+03
3.836424525492395787e+03
3.827270394503950683e+03
3.851467487345819336e+03
3.800009235466684459e+03
3.789268524649782194e+03
3.808147761737938708e+03
3.822653475315701144e+03
3.845314103411958513e+03
3.836715002321934207e+03
3.818115002935034227e+03
3.782534025634617592e+03
3.769571722347428022e+03
3.816618353113026842e+03
3.811254900144973817e+03
3.867265575638350583e+03
3.868086883252434291e+03
3.883108023854826570e+03
3.906976433228252972e+03
3.899670773690958413e+03
3.870225671318955847e+03
3.875280835461209790e+03
3.903227281017273981e+03
3.932328160570354157e+03
3.926691506341869172e+03
3.966528962658336241e+03
3.959612478594433014e+03
3.982067451537308898e+03
3.951179432350704701e+03
3.921205148400886628e+03
3.958764737689115464e+03
3.968297020142113070e+03
3.975316206117318870e+03
3.945543298786360992e+03
3.930432294957493013e+03
3.940891568990998167e+03
3.965996821375121272e+03
4.008204357060333678e+03
4.034549402154925247e+03
4.044064057516908633e+03
4.046660169785854578e+03
4.082837970295300238e+03
4.115132647230617295e+03
4.122211619216181134e+03
4.103592085138281618e+03
4.097288133177820782e+03
4.091722931981952570e+03
4.052445772013947590e+03
4.045646637034695232e+03
4.020162377264364750e+03
4.058557441606748398e+03
4.081777956988630194e+03
4.097121320259414460e+03
4.111614244081370089e+03
4.132011477001535241e+03
4.125103951379594037e+03
4.094589207938845448e+03
4.112029807251787133e+03
4.081259040024041951e+03
4.094801378495956669e+03
4.069037095689932812e+03
4.028034137697198730e+03
3.959592896885763366e+03
3.969924137229426378e+03
4.058017903940160522e+03
4.131298818615558957e+03
4.134015628544666470e+03
4.142461617936689436e+03
4.138960845938604507e+03
4.107715245856883485e+03
4.107526995224473467e+03
4.147300422681480995e+03
4.176596448136599975e+03
4.245432648228646030e+03
4.267978104683375932e+03
4.264033906174343429e+03
4.271015490525995119e+03
4.302743365721245027e+03
4.292311031711216856e+03
4.312839272717426866e+03
4.309982182056903184e+03
4.258866921689824267e+03
4.291605488250794224e+03
4.296075887607296863e+03
4.237627685444047529e+03
4.246115785865182261e+03
4.215868009828468530e+03
4.220810375172647582e+03
4.194286677383119240e+03
4.213275239541262636e+03
4.268413246850598625e+03
4.311785496116443028e+03
4.282093708331777634e+03
4.295535240995503045e+03
4.285709261520294604e+03
4.258709311939780491e+03
4.260296314166617776e+03
4.272631642411676694e+03
4.291809347890404752e+03
4.299941022075689034e+03
4.365048869823125642e+03
4.292444322501375609e+03
4.278279732577134382e+03
4.318162489989263122e+03
4.300179943112203546e+03
4.317819667371585638e+03
4.302680527860359689e+03
4.346683046921922141e+03
4.294117761714376684e+03
4.312279873675368435e+03
4.325772742058578842e+03
4.319745741733389877e+03
4.373724075539395017e+03
4.358166155375490234e+03
4.431947262377365405e+03
4.453897395432971280e+03
4.434133529696877304e+03
4.418284833079393138e+03
4.432211624117835527e+03
4.427543147300160854e+03
4.412856449755317044e+03
4.422283264202533246e+03
4.377126055242685652e+03
4.360972546267416874e+03
4.350025115028694017e+03
4.347445244653546979e+03
4.328935752447495361e+03
4.275426116044030096e+03
4.236649885376909879e+03
4.196378294540045317e+03
4.183184636457725901e+03
4.136978409430413194e+03
4.123240557030680066e+03
4.099627751222201368e+03
4.127502454869808389e+03
4.083044849179325865e+03
3.983355414215602650e+03
3.965414585160984643e+03
4.041427520602352615e+03
4.015768763486119042e+03
4.028792589481622144e+03
4.096056736875216302e+03
4.049328588984504222e+03
4.036898344291560534e+03
4.061099925995114518e+03
4.055057827589811495e+03
4.052890133840750423e+03
3.943626272050652005e+03
3.959780452914547368e+03
3.959886236778468174e+03
3.973109559659931620e+03
4.005971513075881376e+03
4.108686408898895024e+03
4.158148946365266056e+03
4.145463193773666717e+03
4.175133169097483915e+03
4.178530678676357638e+03
4.200346747705437338e+03
4.167304202609016102e+03
4.272002004287233831e+03
4.230420778534400597e+03
4.199214760288917205e+03
4.143893132566739041e+03
4.160330484371880630e+03
4.165836142488005862e+03
4.147887316723986260e+03
4.142329731969711247e+03
4.123742712588199538e+03
4.252066164929848128e+03
4.278837742102265111e+03
4.279083816511103578e+03
4.269293472014735016e+03
4.231038466859619803e+03
4.259169663098376986e+03
4.221027226046194301e+03
4.169455895377122943e+03
4.099298308158830878e+03
4.095103337572767487e+03
4.118827262843632525e+03
4.108463414951253071e+03
4.098033320562264635e+03
4.073167554585040307e+03
4.021194732116590785e+03
4.034605829228983566e+03
4.087839946625748780e+03
4.095377927100030320e+03
4.165480000359953920e+03
4.220909601169517373e+03
4.154593374824222337e+03
4.114926646925098794e+03
4.193748275433313211e+03
4.291552320401040561e+03
4.282892598119387912e+03
4.257711361497556936e+03
4.309174407203954615e+03
4.284411197733972585e+03
4.391561556644332995e+03
4.376706450608606247e+03
4.376556459632759470e+03
4.419437940522337158e+03
4.335940971050034022e+03
4.315231680125149978e+03
4.355159619836013917e+03
4.364092072623092463e+03
4.354853867187493051e+03
4.305030746281677239e+03
4.261134019985071063e+03
4.325818171655312653e+03
4.335874342239728321e+03
4.306776921239385047e+03
4.254341924978170937e+03
4.260237475724008618e+03
4.255855045722378236e+03
4.263309713388840464e+03
4.270409685799118051e+03
4.325045256535896442e+03
4.392497766349480116e+03
4.385081699904498237e+03
4.370149764296706962e+03
4.330557509542320076e+03
4.294386457369497293e+03
4.256306318707092032e+03
4.194902381253638850e+03
4.196583603144698827e+03
4.189310235159415242e+03
4.209014454772618592e+03
4.212600354403614801e+03
4.209099702239967883e+03
4.225790460453797095e+03
4.195431411849585857e+03
4.225895411088965375e+03
4.293216444924328243e+03
4.201542340473763034e+03
4.246909001096839347e+03
4.258543798711324598e+03
4.275980375041856860e+03
4.306015176701509517e+03
4.327543963516281110e+03
4.281037284470911800e+03
4.276305269822621995e+03
4.251017883748740132e+03
4.274701862536192493e+03
4.341650269378379562e+03
4.346754669076715800e+03
4.403740317037590103e+03
4.418997723234196201e+03
4.437974100543564418e+03
4.416409869290418101e+03
4.388447535270423032e+03
4.367276379136203104e+03
4.329526986968166057e+03
4.340426496904619853e+03
4.335057494829233292e+03
4.351949943794882529e+03
4.335396049030366157e+03
4.300261023391811250e+03
4.251387546095853395e+03
4.356489882484362170e+03
4.352139334723609863e+03
4.310772776716787121e+03
4.296261454393132226e+03
4.283426667857305802e+03
4.220168780407172562e+03
4.214832978173993070e+03
4.324544971147390243e+03
4.401055600729325306e+03
4.359001885046954158e+03
4.347982899645031466e+03
4.380919499856805487e+03
4.371781733648738737e+03
4.382821576704352992e+03
4.361920288836830878e+03
4.408550700775846053e+03
4.429415166231894545e+03
4.470090230479508136e+03
4.491071713023189659e+03
4.504820202179358603e+03
4.538693222638087718e+03
4.567689950083413351e+03
4.554416717388825418e+03
4.560115622645561416e+03
4.547108083808849187e+03
4.543352797922275386e+03
4.577484872936120155e+03
4.554361137810815308e+03
4.539162149076663809e+03
4.553866484624200893e+03
4.569295035157588245e+03
4.560618481162593525e+03
4.566422571942546710e+03
4.525405914775661586e+03
4.517062688933063328e+03
4.488000717983384675e+03
4.457549627678495199e+03
4.505456415690404356e+03
4.466925236712231708e+03
4.532088018926348923e+03
4.511410450059896903e+03
4.471719482341269213e+03
4.543314489811129533e+03
4.510770446935925065e+03
4.471761798134972196e+03
4.434173477608475878e+03
4.412446800820898716e+03
4.436382238488759867e+03
4.512057844959384056e+03
4.466063854102702862e+03
4.525905229461964154e+03
4.521384895037370370e+03
4.471449946676124455e+03
4.511890022689138277e+03
4.497465718465223290e+03
4.530401182947795860e+03
4.521089944303969787e+03
4.529273289637231755e+03
4.519484713552934409e+03
4.516676415191849628e+03
4.502664077578637261e+03
4.433940442187201370e+03
4.440824386637792486e+03
4.427742114062868495e+03
4.390803691039378464e+03
4.369786805749989981e+03
4.365761208987970349e+03
4.354930093791297622e+03
4.362888282712591717e+03
4.340730776582423459e+03
4.365996179701460278e+03
4.396202083870896786e+03
4.379283780864724577e+03
4.302411087359088015e+03
4.226039577142553753e+03
4.206063886806254231e+03
4.216047524366829748e+03
4.167419554265319675e+03
4.097611701081701540e+03
4.108363079098136041e+03
4.149124537347677688e+03
4.158170587188993522e+03
4.239195861124873772e+03
4.169130392032035161e+03
4.274849485204844314e+03
4.266994478975318088e+03
4.332170135135435885e+03
4.256043193007554692e+03
4.125970121200703943e+03
4.095910806719522952e+03
4.146811768595997819e+03
4.107148461380822482e+03
4.078428049915305110e+03
3.948353630611370136e+03
3.969220346192568286e+03
3.944047468108098201e+03
3.936068942423159569e+03
3.863774716012758290e+03
3.919784887349463588e+03
4.076942214686115221e+03
4.163560238139741159e+03
4.158622538223110496e+03
4.264517926797906512e+03
4.208622691581314029e+03
4.199823647697336128e+03
4.133126669933476478e+03
4.111982671248704719e+03
4.052471534617051475e+03
4.007501813008229874e+03
4.033069975874301690e+03
4.011375030712277749e+03
3.926302544094002315e+03
3.805048176286690250e+03
3.661173579897918444e+03
3.662987058903849629e+03
3.752004292498325867e+03
3.721917529141186151e+03
3.613569422357524672e+03
3.593741695869944579e+03
3.388158686997506265e+03
3.408160416070012616e+03
3.054102103183580311e+03
2.978180458449839080e+03
3.007846616803351026e+03
3.123424431942636147e+03
3.166219158273572702e+03
3.251952413061933385e+03
3.282051909622155563e+03
3.253916720769226686e+03
3.302254287418480089e+03
3.351571041811829218e+03
3.325734443368180564e+03
3.543426940826760983e+03
3.516642493520781045e+03
3.382395972394716409e+03
3.318735181313640624e+03
3.213331806843837967e+03
3.257549074142907557e+03
3.225569308635467678e+03
3.026289924585706558e+03
3.163902335747985035e+03
2.955578815013559051e+03
3.090884104289271363e+03
3.096153212702494329e+03
2.992281139281501964e+03
3.065829228631329897e+03
3.241452340956400803e+03
3.454362124839132775e+03
3.265361549182222006e+03
3.003132815377858151e+03
3.298913445767703251e+03
3.169098412905695113e+03
3.052395656339341258e+03
3.054808747148166731e+03
3.100303788559333498e+03
3.063152032638954097e+03
2.960644851401958931e+03
2.985608520680626498e+03
3.205769746940533423e+03
2.863825424446709803e+03
2.967957820071504102e+03
2.928549632821259365e+03
3.156769216138725824e+03
3.312187246701633740e+03
3.316090982180951414e+03
3.399731219321433855e+03
3.423437999915191995e+03
3.699473203485689737e+03
3.782708858992557907e+03
3.401763177947365421e+03
3.561246782577737122e+03
3.885329658851967451e+03
3.850331642482648931e+03
3.747397868628519063e+03
3.645704332279705341e+03
4.009284387811656870e+03
4.098443744484714443e+03
4.068601329521027310e+03
4.133518117142578376e+03
4.130589193017375692e+03
4.128299267183780103e+03
4.181191650886919888e+03
4.151256130585082246e+03
4.222979496282705441e+03
4.192007499707841816e+03
4.108272833131632979e+03
4.119691811979228987e+03
4.139624374077976427e+03
4.186496935092915919e+03
4.233707416252321309e+03
4.255673144673782190e+03
4.284605233255050734e+03
4.358803713062041425e+03
4.299155954553781157e+03
4.196921215868994295e+03
4.051583439767052369e+03
4.109042849259746617e+03
4.066875661005256006e+03
4.013496011424252629e+03
4.003715010111552147e+03
3.985848607994841132e+03
4.031067020486068486e+03
4.005764863609504118e+03
3.895620761470000616e+03
4.001185842683166356e+03
3.794739738381133066e+03
3.522142357616124627e+03
3.564118031402577799e+03
3.679089775838705464e+03
3.470606201340505322e+03
3.343604433602626159e+03
3.388275425894647015e+03
3.450176569167882462e+03
3.476318450985331765e+03
3.403564207111411179e+03
3.380057147941522544e+03
3.391394169652247001e+03
3.390346172643727186e+03
3.287249724755403804e+03
3.233505728676293984e+03
2.942882215881777029e+03
3.103330652899418965e+03
3.345244592255206044e+03
3.528987779838472306e+03
3.317075525821352130e+03
3.264629639931859856e+03
3.329424318592153213e+03
3.535017598073954105e+03
3.698063690871758354e+03
3.858409779408317263e+03
3.995456038381549206e+03
3.876724769037673923e+03
4.095595313198452004e+03
4.009753182216817095e+03
3.831271558019680924e+03
3.867205681821625603e+03
3.944328332880862490e+03
3.928693919548330996e+03
3.798690153135300079e+03
3.955882358103032857e+03
4.128455290694116229e+03
4.162930009241333210e+03
4.164615954954868357e+03
4.001752252758180930e+03
3.923306744069217530e+03
3.983449685038555799e+03
4.082003963274092712e+03
4.259384245465402273e+03
4.250020999329755796e+03
4.307270507446010015e+03
4.201194280171005630e+03
4.104856555474701963e+03
4.088136974689417912e+03
4.159113661609863811e+03
4.107351141241734695e+03
4.291557665548551086e+03
4.152441099140943152e+03
4.226354302496374657e+03
4.171010237854643492e+03
4.125152322543603077e+03
4.147208906630166894e+03
4.308512604004638888e+03
4.320695269975005431e+03
4.477391268752600809e+03
4.533638249386259304e+03
4.485829384518592633e+03
4.398400698997207655e+03
4.320887068032843672e+03
4.183627984353402098e+03
4.236203931783334156e+03
4.283986461017812871e+03
4.326688395786355613e+03
4.380781016931630802e+03
4.426387582736343575e+03
4.356752864305438379e+03
4.202058392201144670e+03
4.178740819173803175e+03
4.135340464171518761e+03
4.214466102669040083e+03
4.195705975308141205e+03
4.175993933410462887e+03
4.057211333582303268e+03
4.166320967919631585e+03
4.125140129109013287e+03
3.999296052593295826e+03
4.310472279856634486e+03
4.347006926507150638e+03
4.192904133748098502e+03
4.434927338488628266e+03
4.623881909417412317e+03
4.742993309778960793e+03
4.708052420599978177e+03
4.702033906782957274e+03
4.753929052452880569e+03
4.829165557491879554e+03
4.832834706446443306e+03
4.983557175347190423e+03
4.966513214239506851e+03
4.875797166939976705e+03
4.944939199990392808e+03
4.825451172144338670e+03
4.874926779551466097e+03
4.870110471371658605e+03
4.807508547401380383e+03
4.748365437899616154e+03
4.665501396372502313e+03
4.446207212872503078e+03
4.384551449450720611e+03
4.475785647521434839e+03
4.443625085240115368e+03
4.521515096390649887e+03
4.511086225493282654e+03
4.610117372089713172e+03
4.585191501907922429e+03
4.543287678273523852e+03
4.616447921407934700e+03
4.623652143652168888e+03
4.562489956050720139e+03
4.739341711011374173e+03
4.790144955091856900e+03
4.844100199662372688e+03
4.717469756842932838e+03
4.615050688230707237e+03
4.571017716946724249e+03
4.521283449517901317e+03
4.435871202346502287e+03
4.583344511690565923e+03
4.697518281139790815e+03
4.752909920085141493e+03
4.699467465724692374e+03
4.764872684948767528e+03
4.743738198085877229e+03
4.615777850402708282e+03
4.613808793297883312e+03
4.563693555188373466e+03
4.454268533695376391e+03
4.574593408857097529e+03
4.632234930584661925e+03
4.541771348735540414e+03
4.409097178275153055e+03
4.482944400673573000e+03
4.540916221481764296e+03
4.553661319114253274e+03
4.434500673424015076e+03
4.424504702936550530e+03
4.413849669988954702e+03
4.181210947934734577e+03
3.983828434082747663e+03
4.229928034705369100e+03
4.154579787256525378e+03
3.918404371033831012e+03
4.002602636460471331e+03
3.806986993981418436e+03
3.955589332922400445e+03
4.001705571308205435e+03
3.916724885640278444e+03
4.099210224725369699e+03
4.248589686829979655e+03
4.075097586313417196e+03
3.917606622759097263e+03
3.711192353231124798e+03
3.903217283287397095e+03
3.886020673273474586e+03
3.812926515666121304e+03
3.963684743793930465e+03
3.842351282597771387e+03
3.974796837865057569e+03
4.201383628181714812e+03
4.193003332960903208e+03
4.189594543131486716e+03
4.125699331566937872e+03
4.130000933402244300e+03
4.067809385566938090e+03
4.147449265265408030e+03
4.176572699119818935e+03
4.225032626515973789e+03
3.911777175397423889e+03
3.762838003301187200e+03
3.817836654785147402e+03
3.956183831047448166e+03
3.707769717235186818e+03
3.695721366265715915e+03
3.353727725562240721e+03
3.360959857516318607e+03
3.144883313246964008e+03
3.301203040206054993e+03
3.146738313467644730e+03
3.414892464026643211e+03
3.662820175657609525e+03
3.809080714301298940e+03
3.555440596864378676e+03
3.543691117829474024e+03
3.865233372518067881e+03
3.745138792852435017e+03
3.538258216387330322e+03
3.482915145880220280e+03
3.286429750908744609e+03
3.070800273360850952e+03
2.948418145100138645e+03
2.899526705108082297e+03
3.074565439234638689e+03
3.233088482555395785e+03
3.309482442798520879e+03
3.506083595633057939e+03
3.507649187206425268e+03
3.297993474481979320e+03
3.270407402482562247e+03
2.800717647655232668e+03
2.481787966495460296e+03
2.556543710878008369e+03
2.606694206670750191e+03
2.839864336370983438e+03
3.108770617056597075e+03
2.985824016372244387e+03
2.970454271784017692e+03
2.910158137268770588e+03
2.724781574175770402e+03
2.909467018631063638e+03
2.484902028194069317e+03
2.799538783510226949e+03
2.459527941818897943e+03
2.150215434202888900e+03
1.795645662886518494e+03
1.892056171284064021e+03
1.785959699607232551e+03
1.758229782623756819e+03
1.690923384432372586e+03
1.799132219296654057e+03
2.007725977284803321e+03
1.238261698174986805e+03
9.463315541366054049e+02
1.118630303711578335e+03
1.148489630127247892e+03
1.072488273243736558e+03
1.009823788850432493e+03
1.182000568981862898e+03
1.572666358123079590e+03
1.942361449297533682e+03
1.751635684208566545e+03
1.735817121980989441e+03
1.638842592556018417e+03
1.688132966534956495e+03
1.273628619378331450e+03
1.416076705348144060e+03
1.266657089831424855e+03
1.228697852228510783e+03
1.232981077602021287e+03
1.420870172272987702e+03
1.308416603239674259e+03
1.250503809906120978e+03
1.337703167092959575e+03
1.262870058748383826e+03
1.479203032360261432e+03
1.491904051690874667e+03
1.441913806420499441e+03
1.222454762665513726e+03
9.848081555660751292e+02
7.659968257851327280e+02
6.006397238828217269e+02
7.214459473735629444e+02
1.010372106468731545e+03
1.165950407121285025e+03
9.719442986687689654e+02
1.203760354950009514e+03
1.182876113111695304e+03
1.637317187447265951e+03
1.490466278654270809e+03
1.600159477921319422e+03
1.830126781804784514e+03
1.743554927682804873e+03
1.744059697583550587e+03
1.638178171517082774e+03
1.741509630371699359e+03
1.863319998557658664e+03
1.966924398031952705e+03
2.058789087643419407e+03
2.130240093566194901e+03
2.147077922211010900e+03
2.018435448958089410e+03
2.084593100851265717e+03
2.245942943058620131e+03
2.045459927802261745e+03
2.172300964580290383e+03
2.036798494886054868e+03
2.185691462245884395e+03
2.156940089768885628e+03
2.036405936264758111e+03
1.877969661409567607e+03
1.685175472477206540e+03
1.597885490029068023e+03
1.490622436010644833e+03
1.466169815385075935e+03
1.787833899125400421e+03
1.830582526438886362e+03
2.137543667513768924e+03
2.109726840698928754e+03
2.192951752979758112e+03
2.271267382382656251e+03
2.132405558603228656e+03
2.314815126980343393e+03
2.270578865496567687e+03
2.249332102468579706e+03
2.229792119227495732e+03
2.066206494722770458e+03
2.219801256595511859e+03
2.304900622803037550e+03
2.181680876658067973e+03
2.248360741682603930e+03
2.385592107943225528e+03
2.537714351193910261e+03
2.459457150927139992e+03
2.450453718309411670e+03
2.654183729228894663e+03
2.652831650687904130e+03
2.720769026835707791e+03
2.788649184728014006e+03
2.724005705666301765e+03
2.653235817631661121e+03
2.670116064381423712e+03
2.641873549265849306e+03
2.370935272916014583e+03
2.378049025665490717e+03
2.400587113827987196e+03
2.512642529214525894e+03
2.519200248718660077e+03
2.511272892530124864e+03
2.750589634914773796e+03
2.526537848413497613e+03
2.634203258001679387e+03
2.894232570023244079e+03
2.901917018357677080e+03
2.956784096370507996e+03
2.960794670723959825e+03
3.028032622027932575e+03
2.968899071092981558e+03
2.953272526214805112e+03
3.072366839783920568e+03
3.049767881946586385e+03
3.056928130779547246e+03
3.033873115578244324e+03
3.096150821553409969e+03
3.026505517435030924e+03
3.110467068640379239e+03
3.066068374894005501e+03
3.084790559063705587e+03
3.109108560662899436e+03
3.143591320898917729e+03
3.172207601266825804e+03
3.137996181640033228e+03
3.155898652573235722e+03
3.180370241755364532e+03
3.208901963887302372e+03
3.321525546837457114e+03
3.291486367894857722e+03
3.256495026913753463e+03
3.164431862419964091e+03
3.184813391199643775e+03
3.196513655912550803e+03
3.187799189072136869e+03
3.257873841897533566e+03
3.329138472862211984e+03
3.356435833608057237e+03
3.384319460813206661e+03
3.399448050184593740e+03
3.430787221837258130e+03
3.434043300350597747e+03
3.423462762201358146e+03
3.416763790826554214e+03
3.401984256152528360e+03
3.436868107693752791e+03
3.502761009189076503e+03
3.494294886533461067e+03
3.497718624597961025e+03
3.491556907496358235e+03
3.478368209079650569e+03
3.419154623503315179e+03
3.483906107150214211e+03
3.505855277225505233e+03
3.474867947355550768e+03
3.463207161063522562e+03
3.424726086471473991e+03
3.468636535736581209e+03
3.496735579373168093e+03
3.578751650228412018e+03
3.562209597724820014e+03
3.608882106091730293e+03
3.610854713903204356e+03
3.552026347952496963e+03
3.599073693708043720e+03
3.637772941156791148e+03
3.616429322013802903e+03
3.663006486458526979e+03
3.642879993954002202e+03
3.607477333813004407e+03
3.591836838518690456e+03
3.581995216236741271e+03
3.480006473615018422e+03
3.509834264479447938e+03
3.575590441192411618e+03
3.605927987063588262e+03
3.612211403832185624e+03
3.607670373067717264e+03
3.583686165857339347e+03
3.602042814216938041e+03
3.602758543751628167e+03
3.622110434890585566e+03
3.627715790634374116e+03
3.588888302923493484e+03
3.594385222976006844e+03
3.629482067827401352e+03
3.629914543143358969e+03
3.585153336939062228e+03
3.606791502808471250e+03
3.579985219400343340e+03
3.578854522681869184e+03
3.615722516394529976e+03
3.627797888910097754e+03
3.610195952040982320e+03
3.658275965533267026e+03
3.624873463879245719e+03
3.701594404066509469e+03
3.743228760011937084e+03
3.756166369949040927e+03
3.759334656732747135e+03
3.741321182763668730e+03
3.739149110452906825e+03
3.761616270715300288e+03
3.745678783216686497e+03
3.758011671345971990e+03
3.739811153552857832e+03
3.737705751188225804e+03
3.734826097207853763e+03
3.799239295942194076e+03
3.792629134985178098e+03
3.831150051305636680e+03
3.840319263247785784e+03
3.890970522512425759e+03
3.877305247015725854e+03
3.883024374998187795e+03
3.867897308197762413e+03
3.892943124610153518e+03
3.854633937492749737e+03
3.865799243751769609e+03
3.829294749209198471e+03
3.861129465267542400e+03
3.872491473582098479e+03
3.881898850467067405e+03
3.904469569535379378e+03
3.918293677097287400e+03
3.935149011030347538e+03
3.935073303266852690e+03
3.939632434774124704e+03
3.947969145262031361e+03
3.948688458270174124e+03
3.964404137425628505e+03
3.966285282215478674e+03
3.979084533338760593e+03
3.972930280510427565e+03
3.969263345312420370e+03
3.971744298689429797e+03
3.975694502782791460e+03
3.978069510847336460e+03
3.984723634677100563e+03
3.987614338116591171e+03
3.983851422872129206e+03
3.986125627651462310e+03
3.983765889171385879e+03
3.967776193818681804e+03
3.932259432648274014e+03
3.922857276865990571e+03
3.925708602205860643e+03
3.905151661671705369e+03
3.902483096048066272e+03
3.909902315861232637e+03
3.943136555509434402e+03
3.916100555120287481e+03
3.900352584480823225e+03
3.874949929650131253e+03
3.849290569877855887e+03
3.840349441703339380e+03
3.843734893838879998e+03
3.859420868048084230e+03
3.853207305701939731e+03
3.893595482483757678e+03
3.898527996745591281e+03
3.921141484121194480e+03
3.931973657292488042e+03
3.921368036508546083e+03
3.932880072361891052e+03
3.936474048007441070e+03
3.935213949994370068e+03
3.934795108838887245e+03
3.917928464295187496e+03
3.936244579337952473e+03
3.922081766957423952e+03
3.934915425974210393e+03
3.940312651630542405e+03
3.944164571944345425e+03
3.958011072224851887e+03
3.944267612507215290e+03
3.947827595643817858e+03
3.962980949010950553e+03
3.971753117148965430e+03
3.968612466414484970e+03
3.983737869475382013e+03
3.971481833358063795e+03
3.980960968137727832e+03
3.972112005021298955e+03
3.976825119888525478e+03
3.969921542250923267e+03
3.960116189385478719e+03
3.943611038868366904e+03
3.919759724183400067e+03
3.913555076838132209e+03
3.888996144414930313e+03
3.943881170630061206e+03
3.936012407888700636e+03
3.932126485847195454e+03
3.964193006140462785e+03
3.964235065360003773e+03
3.961789394641871240e+03
3.989270044842433890e+03
3.981002215980822712e+03
3.985483759322418791e+03
3.969055717134936458e+03
3.972594320080756916e+03
3.960010425223697894e+03
3.957854275078992032e+03
3.939407985807290970e+03
3.943494829046467203e+03
3.926043439177025903e+03
3.914869368824681715e+03
3.921497871122644028e+03
3.923128657530159671e+03
3.903724114247466787e+03
3.928720564802608806e+03
3.922654977259072894e+03
3.936664057522403709e+03
3.961582134362614397e+03
3.943867674251767767e+03
3.923563809180336193e+03
3.905007170873700488e+03
3.887925456352549645e+03
3.914439110217481812e+03
3.897365271214760469e+03
3.893074860344049284e+03
3.889324704310861307e+03
3.888615053873505531e+03
3.878139139284120574e+03
3.872922159297424969e+03
3.835341500442448250e+03
3.803710547383487665e+03
3.800485689492538768e+03
3.776104307528067238e+03
3.754560020919832368e+03
3.742738725674114903e+03
3.750940083076653536e+03
3.735541201206458936e+03
3.744326263224161266e+03
3.783171124039302867e+03
3.790947223756007588e+03
3.842591529740346232e+03
3.806346318322875049e+03
3.814043034757114128e+03
3.883905899407624929e+03
3.881216567587953250e+03
3.920958988101212526e+03
3.932514141542339530e+03
3.964166780945601658e+03
3.972645907698060000e+03
4.020327578765607086e+03
4.047566252709795208e+03
4.044094605772721025e+03
4.061311491527103499e+03
4.058942328568941775e+03
4.102766604056017968e+03
4.117000173494038791e+03
4.151128114474685390e+03
4.137945158041442482e+03
4.131285802445525405e+03
4.142221844769692325e+03
4.150787963981289977e+03
4.149239807762415694e+03
4.137594113691490747e+03
4.141126861957593064e+03
4.129888839115726114e+03
4.136685729228324817e+03
4.145788620335180894e+03
4.138159126126884075e+03
4.139270831326273765e+03
4.139946053132314773e+03
4.116038021880641281e+03
4.089067980793758124e+03
4.134246905980325209e+03
4.124565719703145078e+03
4.095028673398576302e+03
4.115870384117712092e+03
4.139397575573007998e+03
4.149548522374442655e+03
4.141341314966573009e+03
4.123894258850024926e+03
4.128860674047145039e+03
4.108318696803522471e+03
4.095518660870669464e+03
4.103539607474352124e+03
4.099244643470943629e+03
4.115823387999019360e+03
4.094050082314084193e+03
4.116096678434574642e+03
4.128135234726484668e+03
4.091259060996595963e+03
4.055630580311860285e+03
4.078144359308071216e+03
4.061302218833277493e+03
4.065497825912408189e+03
4.073821755219241822e+03
4.111105848244377739e+03
4.110099184943752334e+03
4.129227497320214752e+03
4.163116909882380241e+03
4.150458419424679050e+03
4.176810813334174782e+03
4.147716629624750567e+03
4.140516299696130773e+03
4.166579915348943359e+03
4.146604796302631257e+03
4.118874505813809265e+03
4.140001598163572453e+03
4.130591159848571806e+03
4.148005019369808906e+03
4.147582092198320424e+03
4.132994347840731280e+03
4.128704787406402829e+03
4.121518464382285856e+03
4.134638891029480874e+03
4.167557780380016084e+03
4.152572626154282261e+03
4.165051007256910452e+03
4.194596425840532902e+03
4.174047086808704080e+03
4.179367052273153604e+03
4.160977154034614614e+03
4.155496826136570235e+03
4.164622514585222234e+03
4.133925526609461485e+03
4.153995500014348181e+03
4.158371614831126863e+03
4.123733454447290569e+03
4.051681276087354490e+03
4.058007121845017537e+03
4.037639364353885867e+03
4.052502239020586785e+03
4.009743628516434910e+03
4.035732649806359404e+03
4.097201830004462863e+03
4.070626289227663165e+03
4.114602330316160078e+03
4.139307899151971469e+03
4.124825107448856215e+03
4.122605115419930371e+03
4.074489767211503022e+03
4.142905649968728540e+03
4.152784934702805003e+03
4.140052136761672955e+03
4.084063295983407897e+03
4.163246881219539318e+03
4.245327696043204014e+03
4.253161974686374379e+03
4.219627833277478203e+03
4.232151030262179120e+03
4.247851444590831306e+03
4.238501882954176835e+03
4.283581888040031117e+03
4.259761000207732650e+03
4.244308153265414148e+03
4.256144919455734453e+03
4.217666917069267583e+03
4.250930136500083790e+03
4.261207537141232024e+03
4.236088147079207374e+03
4.247662949875884806e+03
4.193625144649127833e+03
4.230590955946086979e+03
4.292583248849841766e+03
4.244794137694410892e+03
4.185499897742117355e+03
4.177228046198280936e+03
4.202040610960880258e+03
4.205119741363012508e+03
4.199257660125373150e+03
4.243993569863061566e+03
4.156376190919972942e+03
4.058369966407655284e+03
4.078870682958508951e+03
4.092491271348265855e+03
4.053317889322388965e+03
4.032079426036999848e+03
4.064287859491836116e+03
4.026266041041669268e+03
3.936963403699079208e+03
3.875072366549058188e+03
3.868078481098040811e+03
3.827696941742467061e+03
3.826300055363184129e+03
3.887571750369440906e+03
3.818971137340193309e+03
3.771906576514988956e+03
3.773725537027820337e+03
3.725928626560258635e+03
3.918120398546625438e+03
3.929437512035823147e+03
3.861084606359361715e+03
3.858563098352549787e+03
3.882856956183106377e+03
3.906810364591877715e+03
3.859108009067221246e+03
3.733377890338400903e+03
3.787323216274811330e+03
3.732286289394690357e+03
3.727781062220362855e+03
3.720165146658061985e+03
3.840931693419575367e+03
3.824566432842080758e+03
3.849269508470015353e+03
3.844326856816521740e+03
3.812723821327313999e+03
3.731129843573859944e+03
3.649823487375908371e+03
3.732660202685401146e+03
3.700009397973059549e+03
3.685031821113782826e+03
3.671828633871697548e+03
3.729582990266623256e+03
3.623501647366516863e+03
3.664257961845518366e+03
3.708425137526325216e+03
3.617778085487072985e+03
3.545691101929039633e+03
3.495121215348017358e+03
3.444057207153231047e+03
3.516817305821738955e+03
3.397984624510113008e+03
3.446414969138354991e+03
3.404272305350189981e+03
3.438488884788393989e+03
3.477154282378952303e+03
3.651277530981352811e+03
3.671376182282780064e+03
3.766793289312095112e+03
3.718868051104858750e+03
3.727947906850768959e+03
3.678856464263790713e+03
3.622354633777660183e+03
3.645377653305075455e+03
3.602913182326733022e+03
3.512972837217540018e+03
3.518504582998155911e+03
3.469314856696395509e+03
3.465888622913886138e+03
3.517288063800839154e+03
3.502088400746650223e+03
3.248314432691747697e+03
3.214037348747568558e+03
3.272840327570421323e+03
3.287246894682579750e+03
3.302263528846503505e+03
3.466153063353862308e+03
3.419246276479090284e+03
3.341869666711620084e+03
3.368888282108325257e+03
3.440471304265930485e+03
3.377768006496053658e+03
3.364562756105810877e+03
3.409095069729061379e+03
3.511301934752923898e+03
3.570342149811777745e+03
3.575698041150568770e+03
3.669433671066605712e+03
3.767844723739769506e+03
3.835526517113937189e+03
3.883109426266064020e+03
3.973784354124421498e+03
3.991376125892712935e+03
4.073254638353583687e+03
4.079687362048357954e+03
4.139227360908365881e+03
4.228785149861656464e+03
4.205703001319436225e+03
4.261243504083923654e+03
4.363827553258920489e+03
4.278196992246526861e+03
4.228413785412461039e+03
4.283056878818346377e+03
4.335522488265605716e+03
4.372313016373046594e+03
4.373510002786246332e+03
4.346319107853501919e+03
4.364200139749566006e+03
4.300919950441765650e+03
4.256619171769443710e+03
4.235310269644645814e+03
4.237645401918402968e+03
4.240600558456319959e+03
4.211336083866302943e+03
4.276241585919800855e+03
4.256999236045866382e+03
4.352722739845655269e+03
4.453061364559065623e+03
4.467935978834294474e+03
4.456239177766696230e+03
4.501011540796147528e+03
4.517920206275072815e+03
4.603288138203354720e+03
4.625930210746114426e+03
4.608601232131248253e+03
4.582765371140491879e+03
4.605387207595254040e+03
4.575917808823973246e+03
4.585584326683840118e+03
4.596192222243308606e+03
4.596864409073809838e+03
4.577995651443996394e+03
4.614206832203236445e+03
4.618527111482236251e+03
4.621038268856232207e+03
4.635168229518354565e+03
4.671875181991470527e+03
4.694314686397199694e+03
4.711579088382554801e+03
4.696696265812650381e+03
4.682354065105150767e+03
4.670807181868075531e+03
4.681084985474213681e+03
4.669781405955583978e+03
4.692965877217047819e+03
4.692057966731933448e+03
4.675149515264732145e+03
4.676102655069850698e+03
4.667232292778772717e+03
4.681342411562125562e+03
4.686483030862278611e+03
4.690767253425545277e+03
4.691671647471887809e+03
4.688498229536787221e+03
4.690954571619270610e+03
4.683382294011844351e+03
4.651563883322082802e+03
4.635373642886423113e+03
4.680133180102867300e+03
4.664909399420463160e+03
4.691763593069573290e+03
4.705101691077987198e+03
4.711537602622800478e+03
4.731816144883438028e+03
4.730449845239864771e+03
4.733914428255428902e+03
4.725899568503727096e+03
4.730061426536016370e+03
4.717098994242730441e+03
4.727045923476352982e+03
4.738834099967611110e+03
4.734336871788189455e+03
4.742808934839106769e+03
4.736678746547369883e+03
4.744111706516002414e+03
4.750327233284469003e+03
4.765941635570366088e+03
4.764541879396710101e+03
4.764291332002518175e+03
4.761606236666420955e+03
4.774041431400574766e+03
4.778112466804705036e+03
4.773299282261992630e+03
4.752210106566421928e+03
4.755616616739154779e+03
4.774651447804650161e+03
4.779040066609927635e+03
4.786525230599119823e+03
4.790334119124941026e+03
4.783281388007645546e+03
4.787394950317841904e+03
4.756677915439142453e+03
4.764248900784055877e+03
4.787796894590804186e+03
4.782910998249465592e+03
4.782517158200617814e+03
4.788418950527134257e+03
4.793629936946223097e+03
4.782763396729829765e+03
4.781262528147560261e+03
4.772912838112945792e+03
4.771043065128133094e+03
4.774507233418635224e+03
4.766739684153540111e+03
4.777977317432020754e+03
4.793676481643992702e+03
4.785582820486757555e+03
4.769296608375085270e+03
4.757616899251317591e+03
4.741602740790959615e+03
4.734329234600950258e+03
4.722414831547151152e+03
4.732892153534749923e+03
4.725869331211351891e+03
4.741100336926471755e+03
4.733157415126267551e+03
4.720318540292568287e+03
4.725633233422772719e+03
4.744590842456434984e+03
4.744305564394351677e+03
4.733689567834438094e+03
4.738211813199152857e+03
4.743040589819707748e+03
4.744628163609563671e+03
4.731339853176649740e+03
4.718659177975727289e+03
4.713867684907636431e+03
4.717370493609212645e+03
4.718704138784128190e+03
4.718360234250025314e+03
4.718750814036551674e+03
4.704486686765353625e+03
4.696457451945058892e+03
4.679167905944927043e+03
4.657601492898513243e+03
4.648788494026997796e+03
4.652451067358396358e+03
4.637232397834815856e+03
4.625251041063676894e+03
4.628199245563044315e+03
4.595731063242657001e+03
4.586569996929849367e+03
4.572504255647487298e+03
4.548449434385975110e+03
4.490903424822289708e+03
4.486158405687451705e+03
4.558617917296852283e+03
4.583578526196785788e+03
4.602303413055746205e+03
4.592011806221726147e+03
4.565397212778924768e+03
4.539267541031369547e+03
4.523942319872025109e+03
4.502125202518516744e+03
4.485465196383614057e+03
4.446498597506929400e+03
4.399070021170075051e+03
4.417749890008743932e+03
4.518990538200247101e+03
4.499108137386351700e+03
4.473838205810714499e+03
4.361121812586819033e+03
4.384418724053113692e+03
4.391028009802148517e+03
4.449250056701271205e+03
4.469258405074248913e+03
4.507461323295717193e+03
4.486708439887008353e+03
4.539150721377420268e+03
4.557838220331341290e+03
4.530738524792072894e+03
4.518294431888202780e+03
4.500699995963462243e+03
4.517477596312514834e+03
4.518698625035283840e+03
4.587998432510692510e+03
4.626460733704904669e+03
4.622800079208973330e+03
4.602769363760373381e+03
4.632293421633157777e+03
4.607287706986183366e+03
4.611118682819508649e+03
4.580161148696478449e+03
4.610066923634481100e+03
4.631588862456079369e+03
4.609156869848629867e+03
4.609487570216626409e+03
4.597788587351269598e+03
4.633305160028187856e+03
4.706565580614254941e+03
4.723125577677334149e+03
4.745591630049510968e+03
4.712183036636724864e+03
4.678529596819830658e+03
4.690334782721170996e+03
4.690613425784916217e+03
4.740402879736346222e+03
4.724587394878177292e+03
4.733343642577807259e+03
4.735135450140853209e+03
4.735996144951235692e+03
4.743133396327004448e+03
4.763013380635208705e+03
4.751864365211512450e+03
4.745981968732012319e+03
4.727074349325946059e+03
4.714816732532256538e+03
4.671214947108533124e+03
4.642695105513700582e+03
4.627414825354503591e+03
4.636244714662509978e+03
4.662336702467561736e+03
4.660297340431148768e+03
4.677845290813799693e+03
4.634358660319259798e+03
4.653938269181576288e+03
4.617086139754857868e+03
4.657271431935530018e+03
4.648849466737455259e+03
4.632078761979400042e+03
4.678142394748047082e+03
4.685366124025740646e+03
4.666046479292841468e+03
4.609523893989005046e+03
4.599056169431720264e+03
4.655448128221029947e+03
4.564649531725810448e+03
4.579422292892747464e+03
4.586027422226186900e+03
4.590285215641536524e+03
4.648028025033597260e+03
4.694696867807075250e+03
4.706328058808438072e+03
4.689418307482503224e+03
4.729283431320993259e+03
4.728098607899251874e+03
4.720722629112967297e+03
4.726741509053767004e+03
4.722820202184985646e+03
4.706129195443919343e+03
4.749523476878872316e+03
4.771486644667686051e+03
4.766503498860244690e+03
4.756189963583051394e+03
4.788769290953778182e+03
4.778605466601729859e+03
4.790968080630780605e+03
4.755545720431980044e+03
4.780848458030422080e+03
4.744248422034046598e+03
4.792536048784067134e+03
4.820922924612733368e+03
4.841129070430335560e+03
4.862292438853195563e+03
4.895743314919979639e+03
4.899115745657133630e+03
4.914660320581955602e+03
4.896824664446086899e+03
4.899523263434985893e+03
4.936800304207827139e+03
4.925702881624059955e+03
4.880531054770639457e+03
4.861208779534410496e+03
4.864706372192906201e+03
4.897079772327411774e+03
4.917057664364295306e+03
4.921522264710155468e+03
4.925999865748474804e+03
4.959316212107523825e+03
4.978715261202292822e+03
4.982442368475632975e+03
4.957274310210112162e+03
4.943682294357356113e+03
4.906181043331984256e+03
4.896396536235268286e+03
4.943059816350113579e+03
4.940677786661638493e+03
4.931261054013456487e+03
4.930264482405342278e+03
4.930561984452587240e+03
4.937054776102610049e+03
4.912142926738603819e+03
4.935399947547332886e+03
4.924783383327703632e+03
4.943621288908649149e+03
4.971547176699518786e+03
4.983380182266430893e+03
4.965755081865133434e+03
4.980188575722244423e+03
4.987014286162578173e+03
4.950886241460436395e+03
4.970263393453350545e+03
4.982053393332247651e+03
4.992371185019022960e+03
4.995750853450011164e+03
5.004670933095779219e+03
4.990626143927786870e+03
5.020143414999096422e+03
5.016278353467282614e+03
5.017051834100023370e+03
5.027082947088179935e+03
5.011658888857218699e+03
5.024567677126029594e+03
5.027622796726338493e+03
5.025077590490009243e+03
5.005520845516287409e+03
5.024081264513746646e+03
5.023018950814577693e+03
5.020857499917072346e+03
5.018381029253264387e+03
5.030034544571563856e+03
5.035497873094664101e+03
5.040463320829220720e+03
5.059184977310942486e+03
5.055864024691189115e+03
5.031465002598373758e+03
5.041953274706355842e+03
5.015912156286338359e+03
5.020483639802328980e+03
5.030318343598407409e+03
5.028894095642142020e+03
5.015369874325354431e+03
5.012408641914435975e+03
5.007737406772022041e+03
5.030078033649379904e+03
5.001934228229558357e+03
5.022923215380496003e+03
5.000635345644355766e+03
5.009950011135420027e+03
5.016088830981851970e+03
5.031641363165956136e+03
5.031484291248102636e+03
5.030383241225998972e+03
5.037137037021709148e+03
5.032418264369393000e+03
5.022876257603203157e+03
5.013939376461907159e+03
5.006884084280394745e+03
5.016737131075559773e+03
5.016640165818453170e+03
5.011240371662683174e+03
5.023585912615541929e+03
5.009089109582858327e+03
4.997328813463179358e+03
5.000980658915065760e+03
4.990921782268991592e+03
4.985528492213812569e+03
5.005851184705426022e+03
4.991475129220685631e+03
4.990000319450919051e+03
4.995358841059583028e+03
4.986329203867575416e+03
5.002990776169331184e+03
4.994443969950397332e+03
4.976671342000162440e+03
4.974541329333589601e+03
4.974625922024507418e+03
4.974662050837376228e+03
4.968106290420139885e+03
4.952559131786651960e+03
4.999725848447790668e+03
5.005482519875567050e+03
5.011529317594630811e+03
5.029277604932553004e+03
5.039180804788375099e+03
5.005109769428775508e+03
4.981803739863669762e+03
4.961005440613351311e+03
4.904430022114752319e+03
4.942437504096200428e+03
4.958731617635334260e+03
4.929619122548036103e+03
4.944161117697519330e+03
4.946482967287050997e+03
4.943356660216756609e+03
4.934452575101912771e+03
4.960593542515255649e+03
4.951362105345396230e+03
4.926827380487496157e+03
4.976721957030623344e+03
5.017175622253706024e+03
4.996534495488633183e+03
4.980603803577260805e+03
4.990584753578007621e+03
4.988153092874648792e+03
5.031911482010773398e+03
5.022334077421882284e+03
5.081497943084838880e+03
5.100800706923176222e+03
5.099568665056145619e+03
5.093113617037809490e+03
5.098194304912825828e+03
5.091742409040482016e+03
5.087293156204846127e+03
5.125745975981894844e+03
5.114353720075272577e+03
5.144506632215935497e+03
5.187470214607580601e+03
5.196668949429787972e+03
5.165192121632930139e+03
5.168731527278687281e+03
5.171105530048608671e+03
5.187710006712321047e+03
5.182803706015798525e+03
5.191284836933939914e+03
5.168962909454627152e+03
5.174697966020431522e+03
5.194365695381095975e+03
5.184743799059437151e+03
5.191067408445016554e+03
5.187227363551051894e+03
5.200698350023141757e+03
5.196593601847353057e+03
5.225853753936825342e+03
5.236386851647533149e+03
5.236428508625239374e+03
5.237315106722940072e+03
5.232772072318656683e+03
5.238794838745982815e+03
5.239756164561162223e+03
5.258141642512664475e+03
5.270109418256324716e+03
5.281115863715608612e+03
5.288078435343671117e+03
5.312793472052981087e+03
5.315435795026846790e+03
5.311559159302260014e+03
5.286405073079500653e+03
5.272034192908964542e+03
5.287378657263749119e+03
5.299905209502571779e+03
5.295765278141518138e+03
5.292817567034460808e+03
5.288761653254791781e+03
5.287395140387674473e+03
5.301073140874761521e+03
5.318602929843817037e+03
5.327219201060904197e+03
5.329846776541984582e+03
5.345901655489207769e+03
5.344160666715402840e+03
5.349910301368742694e+03
5.345080448372977116e+03
5.355886309594667182e+03
5.345965210456717614e+03
5.339878729764876880e+03
5.361057977315966127e+03
5.367586409630937851e+03
5.373552388500143024e+03
5.377608490590726433e+03
5.378828201017574429e+03
5.391689968506371770e+03
5.388377226869655715e+03
5.391833787566823048e+03
5.401798839566456081e+03
5.406724558790472656e+03
5.402988265046727975e+03
5.393707937179573491e+03
5.400023471209798117e+03
5.409196344922250319e+03
5.403395831771856137e+03
5.405289622585150937e+03
5.408339199070347604e+03
5.413570689550992029e+03
5.419062526322378289e+03
5.422917171361702458e+03
5.426820205834018452e+03
5.433106952624963924e+03
5.422390164696466854e+03
5.437105201043269517e+03
5.443122687900811798e+03
5.447861707381252927e+03
5.447715838312998130e+03
5.459251372263308440e+03
5.464395985806269891e+03
5.464756864877711450e+03
5.466336030143741482e+03
5.464865993365890063e+03
5.468668531902251743e+03
5.473033472623668786e+03
5.479096919781711222e+03
5.465342960658956144e+03
5.466840801113135967e+03
5.446690556436643419e+03
5.442672992758455621e+03
5.457768139350239835e+03
5.450489901986724362e+03
5.452051049729020633e+03
5.461985896440534816e+03
5.457924039150008866e+03
5.460573706161297196e+03
5.458203784281709886e+03
5.452639889812483489e+03
5.441204772744583352e+03
5.448957883533566928e+03
5.450947481531504309e+03
5.441436217046153615e+03
5.446791856043621010e+03
5.440948582497971074e+03
5.465591708234450380e+03
5.463613995157961654e+03
5.462346879044535854e+03
5.450958812449291145e+03
5.439406353990092612e+03
5.444397370828307430e+03
5.473032832270087965e+03
5.460870230426546186e+03
5.467349616783923921e+03
5.492078746373616923e+03
5.499114478687721203e+03
5.517432776081660450e+03
5.513873527414531964e+03
5.532578699627795686e+03
5.542159287549548935e+03
5.537102986732305908e+03
5.528024587986004008e+03
5.518121449105929969e+03
5.525803460624619220e+03
5.521932475140426504e+03
5.518540502824492251e+03
5.516324250425951504e+03
5.526687111338401337e+03
5.531091860941864979e+03
5.529484041405475182e+03
5.547817957276387460e+03
5.548969228006256344e+03
5.557088605004304554e+03
5.554534586052949635e+03
5.554155782846917646e+03
5.552228344304176971e+03
5.542127430131910842e+03
5.550565134584112457e+03
5.541499050961064313e+03
5.541478000097279619e+03
5.545157490944737219e+03
5.547502381382946623e+03
5.563631311379085673e+03
5.555550129135186580e+03
5.553024775564034826e+03
5.533571479293063021e+03
5.527569028871549563e+03
5.569470123570095893e+03
5.564035875015795682e+03
5.560237252823362724e+03
5.572961351843184275e+03
5.574992276601577032e+03
5.582619471367170263e+03
5.597077153686293968e+03
5.584117266342829680e+03
5.591356947796953136e+03
5.591653555831615449e+03
5.595739280382591460e+03
5.591272180330854098e+03
5.583938456157769906e+03
5.595455723669844701e+03
5.602529430544086608e+03
5.605774184682941268e+03
5.606332690506328618e+03
5.615887960483957613e+03
5.610440688152246366e+03
5.617833517061627390e+03
5.617391967038921393e+03
5.613523714677662610e+03
5.612384148219139206e+03
5.625240928382306265e+03
5.618584562827123591e+03
5.622041541840241734e+03
5.620824991852678977e+03
5.621148662299203352e+03
5.611241066684563521e+03
5.609761127924509310e+03
5.612904331047282540e+03
5.625643635293525222e+03
5.630598471961699943e+03
5.635968082878924179e+03
5.642078945788160127e+03
5.638215736271748938e+03
5.648815883634817510e+03
5.649542765158386828e+03
5.650639639468675341e+03
5.645886835219612294e+03
5.661888787639056318e+03
5.663984015778080902e+03
5.658341624611868610e+03
5.658999050835868729e+03
5.655234977131312917e+03
5.649893877606590650e+03
5.656840235924689296e+03
5.671193317242045850e+03
5.655268050775153824e+03
5.649863059073245495e+03
5.653412130403440642e+03
5.649675455257282010e+03
5.651360252458628565e+03
5.662846344909647996e+03
5.680398808695033949e+03
5.702006010025464093e+03
5.690402854418262905e+03
5.693151757600512610e+03
5.702732201701432132e+03
5.698427841925593384e+03
5.690958038125067105e+03
5.702596395880219461e+03
5.686611201755137699e+03
5.687618794888459888e+03
5.682121771947766319e+03
5.676596763782519702e+03
5.689977332511790337e+03
5.680789136909075751e+03
5.661931142327099224e+03
5.676687453350415126e+03
5.697429837379725541e+03
5.696706927801013080e+03
5.704025260710021030e+03
5.704239952536800047e+03
5.696530805593761215e+03
5.698472807935642777e+03
5.713256216085031156e+03
5.699448724088660128e+03
5.687808610361489627e+03
5.692210258209482163e+03
5.697247632260246974e+03
5.684648913141742014e+03
5.671747688957500031e+03
5.671798915622348431e+03
5.674600169765609280e+03
5.685716754246547680e+03
5.696780540097453013e+03
5.698299447786375822e+03
5.699914129571184276e+03
5.692828009437003857e+03
5.689015501241564380e+03
5.671445735369456088e+03
5.659580482604435019e+03
5.667213919120051287e+03
5.672264460781797425e+03
5.692650457854926572e+03
5.694021068344224659e+03
5.680468603500152312e+03
5.670450168502432462e+03
5.648200354867414717e+03
5.648993498734944296e+03
5.625146277598163579e+03
5.645219079217054968e+03
5.654653541492114528e+03
5.622928953534789798e+03
5.610093997027541263e+03
5.620106571642529161e+03
5.627455101721359824e+03
5.630769685296355419e+03
5.617118846387700614e+03
5.580054876644230717e+03
5.594138020292228248e+03
5.626030620581421317e+03
5.620989140554888763e+03
5.640002157333788091e+03
5.669996354531571342e+03
5.667291849580669805e+03
5.675068751834764953e+03
5.729169748765873919e+03
5.703631814387800659e+03
5.687729454802234613e+03
5.684097536788638536e+03
5.663943782001009822e+03
5.655528026541207510e+03
5.702044202087107806e+03
5.702980656648543118e+03
5.732875830724580737e+03
5.708422487167023974e+03
5.679875108892594653e+03
5.700639469299295342e+03
5.721598755229520066e+03
5.718465994500494162e+03
5.725234882365677549e+03
5.733867461617101981e+03
5.684547544037111948e+03
5.710719123189830498e+03
5.669794392624605280e+03
5.652715605454005527e+03
5.640258721506300390e+03
5.588073711978860956e+03
5.519136972606811469e+03
5.488232566978511386e+03
5.490447907635315460e+03
5.508859123401198303e+03
5.521835296404839028e+03
5.498303031270245810e+03
5.569662783118240441e+03
5.544514974327015807e+03
5.553931853012151805e+03
5.632890009677626949e+03
5.645756894592112985e+03
5.653565703342453162e+03
5.617679452390209008e+03
5.616536284022802647e+03
5.598951111760837193e+03
5.600938550154189215e+03
5.625443174253132383e+03
5.605225414501847808e+03
5.609171730834938899e+03
5.628831817908356243e+03
5.636073900448476707e+03
5.609483096126976307e+03
5.617392737280454639e+03
5.609319993449786125e+03
5.655755260104595436e+03
5.710569609906207916e+03
5.694004743191222587e+03
5.691024485629432093e+03
5.749783397657864953e+03
5.768616120582730218e+03
5.745666612834857915e+03
5.755164242239736268e+03
5.768988489330490665e+03
5.784614910052618143e+03
5.775839365055589951e+03
5.751115632354037189e+03
5.775688532719782415e+03
5.737905517902114298e+03
5.770415574362211373e+03
5.770655145559353514e+03
5.747000952039768890e+03
5.776857351534237750e+03
5.771011752190151128e+03
5.739382619259766216e+03
5.729644026408598620e+03
5.745149552961606787e+03
5.765114992486839583e+03
5.787363742495042970e+03
5.807164720525684970e+03
5.762348047170968130e+03
5.734201201803032745e+03
5.730994758390116658e+03
5.760837142460635732e+03
5.735791695180405441e+03
5.709752462439181727e+03
5.684085297765443102e+03
5.742505232821903519e+03
5.767930120551965047e+03
5.763309734142944762e+03
5.754067153249585317e+03
5.801926715441286433e+03
5.796624762097535495e+03
5.804899732596642025e+03
5.828007987046013113e+03
5.854513222043739916e+03
5.869417694933411440e+03
5.869269590719098233e+03
5.847159724364744761e+03
5.871419592584203201e+03
5.861148574983016260e+03
5.859314754029238429e+03
5.836905973051706496e+03
5.852052348071039887e+03
5.830990225567439666e+03
5.776701454057855699e+03
5.765181531997273851e+03
5.767670733286205177e+03
5.773124779328503791e+03
5.782687341866808310e+03
5.795237088583782679e+03
5.856906563878804263e+03
5.892646923832247921e+03
5.867372201901606786e+03
5.854922956269608221e+03
5.877286198047477228e+03
5.903333716930499577e+03
5.917658606173819862e+03
5.889116635598981702e+03
5.918896284649219524e+03
5.895213670507916504e+03
5.857977108849039723e+03
5.893317942439655781e+03
5.848020145794854216e+03
5.808743340876061666e+03
5.753189943036710247e+03
5.757772589630703806e+03
5.707701831391449559e+03
5.678514836697105238e+03
5.697509708403096738e+03
5.720317731982473560e+03
5.734172149630147032e+03
5.744546636510832286e+03
5.790141561680433369e+03
5.845310590133176447e+03
5.842765733370501948e+03
5.826164738329535794e+03
5.828149259071775305e+03
5.814502217121670583e+03
5.818494546046797041e+03
5.799501190845601741e+03
5.787655140575790028e+03
5.857281731062967992e+03
5.888163678069852722e+03
5.891530075730007411e+03
5.953688289623049968e+03
5.958024658948652359e+03
5.982537699738003539e+03
5.940365387438757352e+03
5.954454849970208670e+03
5.910979426232445803e+03
5.893424977321605184e+03
5.858152972802782642e+03
5.882266810901862300e+03
5.914923352658552176e+03
5.906219504056894039e+03
5.948384276493588004e+03
5.945348601160518228e+03
5.951207288426494415e+03
5.956032778706371573e+03
5.943050203905699163e+03
5.967477921941964269e+03
5.957971422656005416e+03
5.896717543204072172e+03
5.936271735032762081e+03
5.906588813764768020e+03
5.932741198127329881e+03
5.913276043681173178e+03
5.949168226996559497e+03
5.959501635040736801e+03
5.966154019378766861e+03
5.968604603250984837e+03
5.946786391743989952e+03
5.922463596390759449e+03
5.941253071908649872e+03
5.955862278826926740e+03
5.938517257239242099e+03
5.935208782498095388e+03
5.941600958715402157e+03
5.954710057059455721e+03
5.924463697684100225e+03
5.955164341084181615e+03
5.938537766426968119e+03
5.929797035055701599e+03
5.861573028302394960e+03
5.894468018049299644e+03
5.858346498115170107e+03
5.892842959235194030e+03
5.846928415679332829e+03
5.876919059673607990e+03
5.861689504342550208e+03
5.851834915984529289e+03
5.800990820127472944e+03
5.831967060536385361e+03
5.866933160671499536e+03
5.900342736422179769e+03
5.882980240979800328e+03
5.849213059714367773e+03
5.823723010505139428e+03
5.849044622973216974e+03
5.842941076809115657e+03
5.842994435676234389e+03
5.828948724817429138e+03
5.880767864647079477e+03
5.840109154297478199e+03
5.844474408015908011e+03
5.880491293106359990e+03
5.903483417975264274e+03
5.882345865851501003e+03
5.890880115378442497e+03
5.890553447647239409e+03
5.879038254793859778e+03
5.858440083101295386e+03
5.847159575670638333e+03
5.880783111785807705e+03
5.907854207161313752e+03
5.960327964443529709e+03
5.958743137071499405e+03
5.964768727221538029e+03
5.975765298689436349e+03
5.990649053419941993e+03
6.011436893333061562e+03
6.006146101921861373e+03
5.974600491843192685e+03
5.943509532902579849e+03
5.923478561697706937e+03
5.899170104502655704e+03
5.884572410594012581e+03
5.867131190721199346e+03
5.837889661780216557e+03
5.841845947702297963e+03
5.827860790002296199e+03
5.844570959174769996e+03
5.837598140092976791e+03
5.823988633936398401e+03
5.802078515124948353e+03
5.794525917505951838e+03
5.790268548364528215e+03
5.843735071890499057e+03
5.795547594571972695e+03
5.777760452437441018e+03
5.767175507584667685e+03
5.760428048902403134e+03
5.764383536411548448e+03
5.825772579794593184e+03
5.833031540461332952e+03
5.772750842635786285e+03
5.749248491974340141e+03
5.822150134647674349e+03
5.819146890763810916e+03
5.825003738073732166e+03
5.816653093388280467e+03
5.805982107952714614e+03
5.774813173647540680e+03
5.812170682871034842e+03
5.792800175341377326e+03
5.831843163954969896e+03
5.865837659486846860e+03
5.861549624412039520e+03
5.840148846538192629e+03
5.811658758503563149e+03
5.835054454517864542e+03
5.830691831110081694e+03
5.833090043227556635e+03
5.841925017869235489e+03
5.838394452544232990e+03
5.864195529662164518e+03
5.878379025380909297e+03
5.861900287250379733e+03
5.805904719464491791e+03
5.829307398621616812e+03
5.811842706109295250e+03
5.767339611473033983e+03
5.756132980429972122e+03
5.734593848316241747e+03
5.645275844381671050e+03
5.655845022853391129e+03
5.619946415890812204e+03
5.672015696368211138e+03
5.664379978308354112e+03
5.710812249364371382e+03
5.695490717144070913e+03
5.721177848117113172e+03
5.737371261018067344e+03
5.760210258564366086e+03
5.767826248550902164e+03
5.822169349015780426e+03
5.812115541577035401e+03
5.801663097453741102e+03
5.802352411336731166e+03
5.777458218062131891e+03
5.794590934575795472e+03
5.768089992145485667e+03
5.768891243261582531e+03
5.782512513221804511e+03
5.786058087449772756e+03
5.779038438052408310e+03
5.760973611834810981e+03
5.740089538915279263e+03
5.796881259548186790e+03
5.872841503430870944e+03
5.887917876746114416e+03
5.884665186311095567e+03
5.895993196248835375e+03
5.881699750084331754e+03
5.826869680199283721e+03
5.832018847859637390e+03
5.864710971863664781e+03
5.816416932873450605e+03
5.801374514180205551e+03
5.812533756700328013e+03
5.809394494339248013e+03
5.860162916833757663e+03
5.854781592682204064e+03
5.837451158296033100e+03
5.789772159342494888e+03
5.739948154514980160e+03
5.756738371225792434e+03
5.717317107994330399e+03
5.700153612397516554e+03
5.698168648187113831e+03
5.782426943723972727e+03
5.816232001428599688e+03
5.870037725703139586e+03
5.861901297911146685e+03
5.880261420338125390e+03
5.905787380472972472e+03
5.908671249077331595e+03
5.909401973431131410e+03
5.915077324151357061e+03
5.984733426345977932e+03
5.964484029977718819e+03
5.930496107308689716e+03
5.961959974589532976e+03
5.951882382118040368e+03
5.968332934268298231e+03
5.997500339607143360e+03
5.997133069438178609e+03
5.978073668567485583e+03
5.976716091796151886e+03
5.992031315172898758e+03
5.999311536034288110e+03
5.990023034229878249e+03
5.950184001939913287e+03
5.953207055793583095e+03
5.934193432766272963e+03
5.888018937470921628e+03
5.920634272486042391e+03
5.929653422348495951e+03
5.944649733970123634e+03
5.935634225311334376e+03
5.916794180088594658e+03
5.914165151986032470e+03
5.916218253478839870e+03
5.900937565634222665e+03
5.920941795583620660e+03
5.892341802525256753e+03
5.885941919089684234e+03
5.879932501243371007e+03
5.922132266471528965e+03
5.961895562581816193e+03
5.967114810010069959e+03
5.987968709689801472e+03
6.012609811651815107e+03
6.031800777720795850e+03
6.029140129770825297e+03
6.106702631743104575e+03
6.087092438444912659e+03
6.128908565225005077e+03
6.147103431798265774e+03
6.119455951937294230e+03
6.123046002209849576e+03
6.128306896981873251e+03
6.142360628638704839e+03
6.132269664786482281e+03
6.069384564937412506e+03
6.076202879434435090e+03
6.091502751924313998e+03
6.082294643143633039e+03
6.071029171038801906e+03
6.046410725740942326e+03
6.066354059743172911e+03
6.063882421914204315e+03
6.056887045058718286e+03
6.030592519127466403e+03
5.990426434534982945e+03
5.957337785172375334e+03
5.935477969240509992e+03
5.899424352948391061e+03
5.846965583318726203e+03
5.850781195563825349e+03
5.899432279775405732e+03
5.900743252563704118e+03
5.893814248262932779e+03
5.876847185772990088e+03
5.903262096127605218e+03
5.882216464145637474e+03
5.910291170222284563e+03
5.955304523352968317e+03
5.973094343123971157e+03
5.986153037767095157e+03
5.950299001997347659e+03
6.017414088951672966e+03
5.978133036492570682e+03
5.975840690335022373e+03
5.937891028117428505e+03
5.905550936216530317e+03
5.877744419584753814e+03
5.843339429175118312e+03
5.874024675812554960e+03
5.856776018300595751e+03
5.881125504484058183e+03
5.909481129706126012e+03
5.883592913621158914e+03
5.908545530130101724e+03
5.933218299321393715e+03
5.944664120449332586e+03
5.948991033544561105e+03
5.923935910692850484e+03
5.875104717246347718e+03
5.930644943088644141e+03
5.932486730591071137e+03
5.909041551952147529e+03
5.950616730143166023e+03
5.945675894060750579e+03
5.934314785332486281e+03
5.904081794059122331e+03
5.909274127438246978e+03
5.889263794330970086e+03
5.867522332775340146e+03
5.874221159525001895e+03
5.795144313183633130e+03
5.829773159044196291e+03
5.787945596236283563e+03
5.787028149744273833e+03
5.786781084248007573e+03
5.734081885253439395e+03
5.744324634543811044e+03
5.724941130153892118e+03
5.719006105291727181e+03
5.736350535889729144e+03
5.757220871592773619e+03
5.826306490629340260e+03
5.838408011485431416e+03
5.825465326755806018e+03
5.761773841944600463e+03
5.781145179346596706e+03
5.755763166345620448e+03
5.779626304656891080e+03
5.816494389668960139e+03
5.794035109171612021e+03
5.850890488240203013e+03
5.754865520960623144e+03
5.804273022934138680e+03
5.797688882760962770e+03
5.788623344569551591e+03
5.765403178752155327e+03
5.778025083577288569e+03
5.729751630862233469e+03
5.663610668157398322e+03
5.634681032474145468e+03
5.689649414193068878e+03
5.750384743376996994e+03
5.776774404070878518e+03
5.730494868840934032e+03
5.750217271060342682e+03
5.747409421005409968e+03
5.762576493482980368e+03
5.759606242232749537e+03
5.783274914672768318e+03
5.703886598011702517e+03
5.708392132763626250e+03
5.686640033893848340e+03
5.679381527513447509e+03
5.706154871241036744e+03
5.751024330041052053e+03
5.688615274060700358e+03
5.681135646586852999e+03
5.615008217438605243e+03
5.653982019942277475e+03
5.561446173127867951e+03
5.522166251461436332e+03
5.494777166635110916e+03
5.573703527431639486e+03
5.637351049478756977e+03
5.667656355107370473e+03
5.619482958831564247e+03
5.627279717338985392e+03
5.639660649676605317e+03
5.673249552295374997e+03
5.661469740182331407e+03
5.652954492590107293e+03
5.759444494903113082e+03
5.783005962551286757e+03
5.787348623235487139e+03
5.839993386545552312e+03
5.818146559140413956e+03
5.864760386507528892e+03
5.906400908847072969e+03
5.910108580900612651e+03
5.910652794429844107e+03
5.902172440054693652e+03
5.972893825396737157e+03
5.968684701350371142e+03
5.976743875010745796e+03
5.952955000581671811e+03
5.898105993744788975e+03
5.877249647133492545e+03
5.917992608927165747e+03
5.850217748884258071e+03
5.887254319256227063e+03
5.846415713529605455e+03
5.869511956332815316e+03
5.929875981271917226e+03
5.935107954002794941e+03
5.942524684207615792e+03
5.942068194183445485e+03
5.955710882766602481e+03
5.937850602984479337e+03
5.918523911748729915e+03
5.893453109767967362e+03
5.821895231491095728e+03
5.878387093623282453e+03
5.869076405584437452e+03
5.905504459323278752e+03
5.887391282310788483e+03
5.870161192495962496e+03
5.816652779954297330e+03
5.816062497395048013e+03
5.736515873296861173e+03
5.785319005787813694e+03
5.762290471383593285e+03
5.746799183905712198e+03
5.789633894588429939e+03
5.844323674897310411e+03
5.852398536404868537e+03
5.892192494463611183e+03
5.926387346176439678e+03
5.955488927057112960e+03
5.974817372799240729e+03
5.983032234397582215e+03
5.946265163280932029e+03
5.975400273528625803e+03
5.996096760139129401e+03
5.954182083674924797e+03
5.972920335355440329e+03
5.930896055642502688e+03
6.011475112103278661e+03
6.037634456083625082e+03
6.010495244706213271e+03
6.002438828483202087e+03
5.998661796017970119e+03
6.019224099761809157e+03
6.049537677699350752e+03
6.063769804533753813e+03
6.047387878851681307e+03
6.002346701752358967e+03
5.938127304647034180e+03
5.932729690536920316e+03
5.984485234258346281e+03
5.986590454771301665e+03
5.965051639530011016e+03
5.981949540959336446e+03
6.025133149619243341e+03
6.092357556638664391e+03
6.092511431611033913e+03
6.074529181047331804e+03
6.120302122405456430e+03
6.123364186884300580e+03
6.133985875960824160e+03
6.123982790309276425e+03
6.112722618456370583e+03
6.116590394397527234e+03
6.168633971289038527e+03
6.150665814672984197e+03
6.157600162061981791e+03
6.149538830497123854e+03
6.192805956061909455e+03
6.227927140843349662e+03
6.265406961887530997e+03
6.275209104874982586e+03
6.288598738613543901e+03
6.312308190991704578e+03
6.317015695584411333e+03
6.316300054194698532e+03
6.355990596171239304e+03
6.361886255193878242e+03
6.367777445562389403e+03
6.367605059981025988e+03
6.365808153778389169e+03
6.389662579830132927e+03
6.404604211722414220e+03
6.404247714752487809e+03
6.398084787126903393e+03
6.431240416512219781e+03
6.447810041989312595e+03
6.451654937680615149e+03
6.456319949690783687e+03
6.460796714854998754e+03
6.458514847723947241e+03
6.474082555356960256e+03
6.483248022260936523e+03
6.476273227987301652e+03
6.476751619579218641e+03
6.472559669482266145e+03
6.477951693355912539e+03
6.478736205289908867e+03
6.496422639192832321e+03
6.488732501582303485e+03
6.497121205256298708e+03
6.499842848848516951e+03
6.511773730146326670e+03
6.509590898361127074e+03
6.509020264592533749e+03
6.493188596696905734e+03
6.495812998168299600e+03
6.513765423134974299e+03
6.519676394532180893e+03
6.525742971173687692e+03
6.524471367389144689e+03
6.517000120388254800e+03
6.519950598494740007e+03
6.524062475005603119e+03
6.532963327324621787e+03
6.525350440385170259e+03
6.521839418011169982e+03
6.516752053602668639e+03
6.499940962211387159e+03
6.506974913203866890e+03
6.513630148719082172e+03
6.541532942467487374e+03
6.548687348659846066e+03
6.545484921472826500e+03
6.554743075969171514e+03
6.550749567935146843e+03
6.548679466461809170e+03
6.547854673043108050e+03
6.545182169560161128e+03
6.532202153923629339e+03
6.525458882728733442e+03
6.538974490163891460e+03
6.530369185651389671e+03
6.505487785302245356e+03
6.507107409865629961e+03
6.534048749741348729e+03
6.530514143377329674e+03
6.523020989159136661e+03
6.527912099587889315e+03
6.505010756980215774e+03
6.494697759236420097e+03
6.491570560589021625e+03
6.492940497290757776e+03
6.516924103825389466e+03
6.514674807732935733e+03
6.501638639186036926e+03
6.510904719067123551e+03
6.496551477426140991e+03
6.479218034473369698e+03
6.502244713331402636e+03
6.508347733285422692e+03
6.514702038960898790e+03
6.500075342220667153e+03
6.510741208521561930e+03
6.511175123344504755e+03
6.518816966885301554e+03
6.541265612076700563e+03
6.548335294428869020e+03
6.572198978136498226e+03
6.560554052353737461e+03
6.568366729327709436e+03
6.592006102914056100e+03
6.579492095724202954e+03
6.592090960506665397e+03
6.584891104909657770e+03
6.556476966536620239e+03
6.551466022959921247e+03
6.529705714567507130e+03
6.504708964928167916e+03
6.501308609199586499e+03
6.490630739835868553e+03
6.458744504950343071e+03
6.436080530235867627e+03
6.470684044917366009e+03
6.461411039874925336e+03
6.445632559185677565e+03
6.506815901367195693e+03
6.462945512178818717e+03
6.481149626754967358e+03
6.495805781032914638e+03
6.478325175429204137e+03
6.484665814633874106e+03
6.493752233434610389e+03
6.496191796270886698e+03
6.499429846398469635e+03
6.473364352374569535e+03
6.487195958969676212e+03
6.482198784950196568e+03
6.503077449314466321e+03
6.496278632646253755e+03
6.514613597939596730e+03
6.486278388698408889e+03
6.503268304301854187e+03
6.490209277470646157e+03
6.516960780385322323e+03
6.499664185823087792e+03
6.490845259878685283e+03
6.507917717685908428e+03
6.528280042408976442e+03
6.524139526504683090e+03
6.524750997507678221e+03
6.515321990866544184e+03
6.536799729711367036e+03
6.563182470759211355e+03
6.573208105392282960e+03
6.565520601327282748e+03
6.563660201183278332e+03
6.543674294799069685e+03
6.553301884428185076e+03
6.525672506018639069e+03
6.530934589413556751e+03
6.541704775423684623e+03
6.535592734413503422e+03
6.527669481307751994e+03
6.517617473220680040e+03
6.543432753897476687e+03
6.538183297154346292e+03
6.546050572722891957e+03
6.530659466417780095e+03
6.537786193559024468e+03
6.519876725012572933e+03
6.550841155185292337e+03
6.560216897464502836e+03
6.536619231174074230e+03
6.500817305306523849e+03
6.479672208168639372e+03
6.512711883630075135e+03
6.511237451849785430e+03
6.506903883929302538e+03
6.507440907009449802e+03
6.514342250764465462e+03
6.481734102373521637e+03
6.483108803072567753e+03
6.506141851627109645e+03
6.503637589706024301e+03
6.458567376068758676e+03
6.467773930062439831e+03
6.449130146134511051e+03
6.413426372514711147e+03
6.451164080544344870e+03
6.450309317112944882e+03
6.469849338304909907e+03
6.481887772382950970e+03
6.495635333078026633e+03
6.496925431082980140e+03
6.511460082081150176e+03
6.543265374756975689e+03
6.544342916491614233e+03
6.538858170616743337e+03
6.586570520282782127e+03
6.615121831558341910e+03
6.631494111295914990e+03
6.639386565578247428e+03
6.666657077504676636e+03
6.662989936400545957e+03
6.693072764143143104e+03
6.707438487677245575e+03
6.715630304657773195e+03
6.724195926611189861e+03
6.738429760689910836e+03
6.743640099710607501e+03
6.735494761955388640e+03
6.725483562384181823e+03
6.714871527718724792e+03
6.717589654573644111e+03
6.718510952422506307e+03
6.713108125310780451e+03
6.718159307360045204e+03
6.719285143273388712e+03
6.736683884459829642e+03
6.730797390899925631e+03
6.717626123984586229e+03
6.727714930994710812e+03
6.734240548998469421e+03
6.729804206087306738e+03
6.736095513349560861e+03
6.726893887555459514e+03
6.735483494805243936e+03
6.730625447504935437e+03
6.749470405474554354e+03
6.742665628838376506e+03
6.739142405208812306e+03
6.740755235850830104e+03
6.743001297455994973e+03
6.728998255629438972e+03
6.742504071884512086e+03
6.760625235389175032e+03
6.770858714623113883e+03
6.774287448312881679e+03
6.761774676869658833e+03
6.760598462563531939e+03
6.746951810952238702e+03
6.759048994519262124e+03
6.772556211511549918e+03
6.785991288706303749e+03
6.798339157596459700e+03
6.814384312424502241e+03
6.817057676724582961e+03
6.816326469697414723e+03
6.834253746151166524e+03
6.830417644129364817e+03
6.846672323176750069e+03
6.847983885481945435e+03
6.853361226951719800e+03
6.852450844633224733e+03
6.859103979223895294e+03
6.856872309150519868e+03
6.862201196663259907e+03
6.878756387647283191e+03
6.877479368902166243e+03
6.887919398557075510e+03
6.890241239956621030e+03
6.887735812357253963e+03
6.884604339430639811e+03
6.895617005310136847e+03
6.891101849776711788e+03
6.892737798396387916e+03
6.896362719172658217e+03
6.900353183156376872e+03
6.896093639560771408e+03
6.900140851230723456e+03
6.902458081071710694e+03
6.902870598865850297e+03
6.902272830275892375e+03
6.907428941655450217e+03
6.894616923300731287e+03
6.894078065171472190e+03
6.896509008577549139e+03
6.898204279798220341e+03
6.907407416359062154e+03
6.914794678717827082e+03
6.919947333097566116e+03
6.912039176317690362e+03
6.909216085171470695e+03
6.914381980441024098e+03
6.913381688804165606e+03
6.916796884557836165e+03
6.925038653641814562e+03
6.923320848057715011e+03
6.926209465872783767e+03
6.926733475922406797e+03
6.932969691435734603e+03
6.954015328131814385e+03
6.964345363584232473e+03
6.962498062665777979e+03
6.961399343135873096e+03
6.967892639846309976e+03
6.970658314318487101e+03
6.969789222463753504e+03
6.976069578369621013e+03
6.970570675140044841e+03
6.979389851170736620e+03
6.984223285344110081e+03
6.984710761403011020e+03
6.986276229698187308e+03
6.987690349267457350e+03
6.983938802668796598e+03
6.974216527314261839e+03
6.964063090460062085e+03
6.974305422025762709e+03
6.957906045093555804e+03
6.959731835487835269e+03
6.961778207625757204e+03
6.963368061171002410e+03
6.951641934702088292e+03
6.943483354848815907e+03
6.938991081488265991e+03
6.932295956645999468e+03
6.933593051127067156e+03
6.948771075671307699e+03
6.936236367591626731e+03
6.936809093015617691e+03
6.925064018741903055e+03
6.908999347174372815e+03
6.892591220974604767e+03
6.870767358593217068e+03
6.877359411223578718e+03
6.863468714671686939e+03
6.867305728919190187e+03
6.856307318635804222e+03
6.798178977173755811e+03
6.823636447229618170e+03
6.805679026254124437e+03
6.814399644414549584e+03
6.819551400048462710e+03
6.812482119588240494e+03
6.802882691744651311e+03
6.799500236392385887e+03
6.811082044207624676e+03
6.797587443910204456e+03
6.825178938551080137e+03
6.828122981489123958e+03
6.831702189984657707e+03
6.844895090408972465e+03
6.848784211156602396e+03
6.862773862369003837e+03
6.861611261084349280e+03
6.868934382918475421e+03
6.870242978237723037e+03
6.855502974095704303e+03
6.838247458245431517e+03
6.850515337981161792e+03
6.844118139448036345e+03
6.820618140519136432e+03
6.803079038661890991e+03
6.804538201395525903e+03
6.791148166999501882e+03
6.801719120805529201e+03
6.801668791535134005e+03
6.801209678519883710e+03
6.789359547593478055e+03
6.762464839644745553e+03
6.816205490149724938e+03
6.855221912457933286e+03
6.873908412303127989e+03
6.853775381306672898e+03
6.879290946579405500e+03
6.881315351223801372e+03
6.860490078167924366e+03
6.860164014437596961e+03
6.878085475704309829e+03
6.870316609785249057e+03
6.886099058149877237e+03
6.926809966646204884e+03
6.934922820933118601e+03
6.959403260020145353e+03
6.953230696432741752e+03
6.973345639373987069e+03
6.991564672649354179e+03
6.977738703621099376e+03
6.982995240119184018e+03
6.961850122216225827e+03
6.943791496738695059e+03
6.932613591752947286e+03
6.945990229369989720e+03
6.953812999152898556e+03
6.964138791235973258e+03
6.970823945132839981e+03
6.977678017111965346e+03
6.989590587345533095e+03
6.997807209490666537e+03
7.006927596222768443e+03
7.005922575489030351e+03
7.016287757365050311e+03
7.025577677084999777e+03
7.016579969211759817e+03
7.016623305894722762e+03
6.999340943347917346e+03
6.986070155764993615e+03
6.977893471159856745e+03
6.969573399557137236e+03
6.970988041458261250e+03
6.971999612537721077e+03
6.986432613084812147e+03
6.974126097012475839e+03
7.007670100183407158e+03
6.984807560869108784e+03
6.970163157586493980e+03
6.976550001235931632e+03
6.968562781176233329e+03
6.958754336527550549e+03
6.966452040551334903e+03
6.958967252430680674e+03
6.958882634060063538e+03
6.937657947079573205e+03
6.958592528659975869e+03
6.958137868032715232e+03
6.934545281736348443e+03
6.937954076557819462e+03
6.904319095362184271e+03
6.874273482973014325e+03
6.847644682828782607e+03
6.877518490024378480e+03
6.885049727553142475e+03
6.881067167145194617e+03
6.881936584795208546e+03
6.857124992426719473e+03
6.875062776528841823e+03
6.853880869731817256e+03
6.833946120061671536e+03
6.798003623572285505e+03
6.838669938791485038e+03
6.845633739875770516e+03
6.851412860454459405e+03
6.870080633400324587e+03
6.910939210716480375e+03
6.873055898463770973e+03
6.860932159775452419e+03
6.865157887059672248e+03
6.843158046539932911e+03
6.810004305252565246e+03
6.879243580961829139e+03
6.873542253776721736e+03
6.871336161136872761e+03
6.838172900282905175e+03
6.828598968143810453e+03
6.845599867042781625e+03
6.812522335188375109e+03
6.838584567310610510e+03
6.812862330063183435e+03
6.852892458519946558e+03
6.861858967161017063e+03
6.871176499297726878e+03
6.846347885120912906e+03
6.899273723656175207e+03
6.878914780276089914e+03
6.883334228935144893e+03
6.887197430245407304e+03
6.899119760051744379e+03
6.872361440819317068e+03
6.873604651912755799e+03
6.877194280743750824e+03
6.882336136128686121e+03
6.868904847589536075e+03
6.851915190076347244e+03
6.858461675753323107e+03
6.842486053762086158e+03
6.840319379182938974e+03
6.778116596176017083e+03
6.818567520570041779e+03
6.774420510154278418e+03
6.820804590104888121e+03
6.862750221178685933e+03
6.826183879780825919e+03
6.842672154632773527e+03
6.878551402164346655e+03
6.871591607672478858e+03
6.860836296361023415e+03
6.845186345447755230e+03
6.796325580843097669e+03
6.799955061311202371e+03
6.789731423115591497e+03
6.784692913290760771e+03
6.777973162763654727e+03
6.757026732172455013e+03
6.742709041253796386e+03
6.772378633318252469e+03
6.678677566768658835e+03
6.730428521420655670e+03
6.744036083798800064e+03
6.704378427958348766e+03
6.702992166575508236e+03
6.734061447092411981e+03
6.716860568280155348e+03
6.738436744429727696e+03
6.760551986349531944e+03
6.802493715614058601e+03
6.829912943040438222e+03
6.801641781997777798e+03
6.786502511236212740e+03
6.815323885599530513e+03
6.817356690453001647e+03
6.820364116247298625e+03
6.810693285437846498e+03
6.825789952113835170e+03
6.813007667215752008e+03
6.803402300413029479e+03
6.795016648495312438e+03
6.765010864615180253e+03
6.807700572112586997e+03
6.776080361808501038e+03
6.707392412458537365e+03
6.758412748500032649e+03
6.742154441469141602e+03
6.734755511663132893e+03
6.751201901500100576e+03
6.772063360028031639e+03
6.807379576589958560e+03
6.842992702858503435e+03
6.839387069948125827e+03
6.841804947124433966e+03
6.846877714768819715e+03
6.861280978097434854e+03
6.837895368739754304e+03
6.811553446539622200e+03
6.843027514528946995e+03
6.777662106506548298e+03
6.775427628570523666e+03
6.779007452219327206e+03
6.725472151694017157e+03
6.779241037994946055e+03
6.817789678348344751e+03
6.809895476628443248e+03
6.776494899314275244e+03
6.802278586394117156e+03
6.799531905511765217e+03
6.849295151661687669e+03
6.864296453220104013e+03
6.862930174009869006e+03
6.798254183207783171e+03
6.798027093447881271e+03
6.815929093457898489e+03
6.828382047389936815e+03
6.877837982164093773e+03
6.907492044783905840e+03
6.896924528246631780e+03
6.916981398192348934e+03
6.917321856294734971e+03
6.897413759748696066e+03
6.908535028229734053e+03
6.904316383210560161e+03
6.869089612087297610e+03
6.817125939128345635e+03
6.838766514265856131e+03
6.822307866429335263e+03
6.852322467356761081e+03
6.887696427703487643e+03
6.894982949372873009e+03
6.915248504282131762e+03
6.920834545198255000e+03
6.929335207453513249e+03
6.895248405439989256e+03
6.900209829410357997e+03
6.913197953738147589e+03
6.928669797554060096e+03
6.937220732388255783e+03
6.959658809002618909e+03
7.003326188565187294e+03
7.015531728553063658e+03
7.002237852967209619e+03
7.008734889091993864e+03
7.016299881905792972e+03
7.016210140169029728e+03
7.023370125815469692e+03
7.009569876773983196e+03
7.019947895880910437e+03
7.042342872452025404e+03
7.019242927136542676e+03
7.019061186269806058e+03
7.027954132772759294e+03
7.052272507355596645e+03
7.021613467288188986e+03
7.015140318922430197e+03
7.038587348705254044e+03
7.034940713376705389e+03
7.038473566965503778e+03
7.057408028919456228e+03
7.085886003488727511e+03
7.109306622225251886e+03
7.119073271876303806e+03
7.147938690203667647e+03
7.142886239705519074e+03
7.132157555453122768e+03
7.159048209185642008e+03
7.195764087178061345e+03
7.183411599224898055e+03
7.189317295393484528e+03
7.159957273202645410e+03
7.181842919076689213e+03
7.191406545916350296e+03
7.187095533543284546e+03
7.189234052695647733e+03
7.210518899768163465e+03
7.212703876604490688e+03
7.217683628524035157e+03
7.228844138109071537e+03
7.227025076461394747e+03
7.238568541313158676e+03
7.213004807025688024e+03
7.203721615168891731e+03
7.199838863606692939e+03
7.194210629232979954e+03
7.205031786386874046e+03
7.178274380610150729e+03
7.178724940594725922e+03
7.190472009924512349e+03
7.206072076059052961e+03
7.215586094859450895e+03
7.203791328128252644e+03
7.148031432651770047e+03
7.167403232062040843e+03
7.173907883970532566e+03
7.176989317221837155e+03
7.196961780252267090e+03
7.190318006004386007e+03
7.187279652483380232e+03
7.202246573977444314e+03
7.222498937783392648e+03
7.224375078508635852e+03
7.217840958622929065e+03
7.207306972971683535e+03
7.183167374553412628e+03
7.205241806500484927e+03
7.205021241486934741e+03
7.238696515180763527e+03
7.223643061189360196e+03
7.224384743662190886e+03
7.234420291680816263e+03
7.221933469276812502e+03
7.229716277071383956e+03
7.246094071828595588e+03
7.223021270542694765e+03
7.229005541332659050e+03
7.239730472871319762e+03
7.229889671766319225e+03
7.216781598253008269e+03
7.185543623067646877e+03
7.174733331066098799e+03
7.172638683028054402e+03
7.157332661256656138e+03
7.158862534188161590e+03
7.134519178120043762e+03
7.156881090048043006e+03
7.133092913761150157e+03
7.139672379225575241e+03
7.093339729143349359e+03
7.074059393652741164e+03
7.074102290455882212e+03
7.075836396301835521e+03
7.065631480506669504e+03
7.027162306547143999e+03
7.032144796729284280e+03
6.987023022311087516e+03
7.019920960316464516e+03
6.974076821183995889e+03
6.974517359139894324e+03
6.967369041952280895e+03
6.928078317003250959e+03
6.894533315324442810e+03
6.941855102332177012e+03
6.952441465927457102e+03
6.902741125787184501e+03
6.934270447341748877e+03
6.903883873226094693e+03
6.870685629068178059e+03
6.887662832363588677e+03
6.894021569926429947e+03
6.853284199780465315e+03
6.854636629267280114e+03
6.827526142144541154e+03
6.812823112841001603e+03
6.803451116984423606e+03
6.776268495364938644e+03
6.818624881315628954e+03
6.819602113981400180e+03
6.801897995705332505e+03
6.796619402830749095e+03
6.777242593692458286e+03
6.792450676820305489e+03
6.836920259342058671e+03
6.810893333474899009e+03
6.775120486865394014e+03
6.734288711668998985e+03
6.710961983092852279e+03
6.729159501377995184e+03
6.732149032894354605e+03
6.763545548591525403e+03
6.769360325990623096e+03
6.772478207236496019e+03
6.780111089443361379e+03
6.796138672161887371e+03
6.804924092424060291e+03
6.791737116303552284e+03
6.741426480617543348e+03
6.720094014356172011e+03
6.739738566889699541e+03
6.747852780888369125e+03
6.749911438693786295e+03
6.763860346545020548e+03
6.757748142548842225e+03
6.737237806555386669e+03
6.780896286573884936e+03
6.729101693622673338e+03
6.747311998901956940e+03
6.746374987901727764e+03
6.686125559096753022e+03
6.729167490502420151e+03
6.736439574315557365e+03
6.765571190399738043e+03
6.796576279774605609e+03
6.832687135444788510e+03
6.803531481637262004e+03
6.850374112138942110e+03
6.797370428482084208e+03
6.833650195756428730e+03
6.855271829519769199e+03
6.876032331154911844e+03
6.898954391639435016e+03
6.949920286853451216e+03
6.982049470807386570e+03
7.002912634214346326e+03
7.001658398665628738e+03
7.014711677709168725e+03
6.988936659853916353e+03
7.017187464682731843e+03
6.984680628440200962e+03
7.020644350912459231e+03
7.018260794133733725e+03
7.017526288698305507e+03
6.978179306978320710e+03
6.961199986847203036e+03
6.945076980745695437e+03
6.923935437070936132e+03
6.913598279242829449e+03
6.930291182377992300e+03
6.951515273325012458e+03
6.984883150733995535e+03
6.973230095975397489e+03
6.974935616977481914e+03
6.967907801418854433e+03
6.939827760633590515e+03
6.920627312198563232e+03
6.928648590745414367e+03
6.940602601514379785e+03
6.970645471101614021e+03
7.003211986852532391e+03
6.994569589079364960e+03
6.972963145994242041e+03
6.977034271257172804e+03
6.991774703154392228e+03
7.016347371743564509e+03
6.976063651310437308e+03
7.002433614200574084e+03
6.979806729175888904e+03
6.969442316091493922e+03
6.950830074027472619e+03
6.903886849683864057e+03
6.883829239185596634e+03
6.903274699208022867e+03
6.901503988292017311e+03
6.886061166605715698e+03
6.860549337231942445e+03
6.876305457043395108e+03
6.848169660642448434e+03
6.849575087380428158e+03
6.878347038719031843e+03
6.837349801629843569e+03
6.873804981781000606e+03
6.878293129031599165e+03
6.874661275250798099e+03
6.917575259360518430e+03
6.919299534951114765e+03
6.940834677677435138e+03
6.912039695592592579e+03
6.890080739773995447e+03
6.922582004012778270e+03
6.909708702568600529e+03
6.944849310358823459e+03
7.018630194462542022e+03
7.056128646734263384e+03
7.058826917533739106e+03
7.067516955844552285e+03
7.053083857822956816e+03
7.065283759583496249e+03
7.056551252816249871e+03
7.026609394311671167e+03
7.018951673208185639e+03
6.988840751865636776e+03
6.958426044116755293e+03
6.974163249161721069e+03
6.968504675083513575e+03
6.979547744849315677e+03
6.988398242287577887e+03
6.985139397848265617e+03
6.961280086534702605e+03
6.953119843858516106e+03
6.958002874453868571e+03
6.946241200420327914e+03
6.946857159971002147e+03
6.960349889478594378e+03
6.949841759471961268e+03
6.946256795634350055e+03
6.917833433550023074e+03
6.877150804168550167e+03
6.891337509000659338e+03
6.902215162444321322e+03
6.914739017270856493e+03
6.898693575135546780e+03
6.884909836675266888e+03
6.850527252165265963e+03
6.879675035530631249e+03
6.884881645250899055e+03
6.853340009458692293e+03
6.829734191828149960e+03
6.875156763157739078e+03
6.864781775065282091e+03
6.851500398153429160e+03
6.823218266614545428e+03
6.812747531269022147e+03
6.865116842320247088e+03
6.847853978442885818e+03
6.856293014651851990e+03
6.909309160601454096e+03
6.909533712026691319e+03
6.909672026834133248e+03
6.918349392055488352e+03
6.895845665634348734e+03
6.877856196683295821e+03
6.839084680741158081e+03
6.803220214473677515e+03
6.793077321890805251e+03
6.802891150021964677e+03
6.808286846961589617e+03
6.762389652431458671e+03
6.754520185233853226e+03
6.780403411107779903e+03
6.794147957337871958e+03
6.824170012785432846e+03
6.866375334967442541e+03
6.807495208237449333e+03
6.787373195679679156e+03
6.803426302932435647e+03
6.784812163495526875e+03
6.813883204513926103e+03
6.777662187438854744e+03
6.761516413872865087e+03
6.718548074650940180e+03
6.723617368633614205e+03
6.690332005885476065e+03
6.686891877844768715e+03
6.659997343857136002e+03
6.675576016860215532e+03
6.677737386813510057e+03
6.619254055269701894e+03
6.592842100292671603e+03
6.592861368920915083e+03
6.552561162606609287e+03
6.544021286074519594e+03
6.534210661704976701e+03
6.467653969422557566e+03
6.462405011549232768e+03
6.437814156350334088e+03
6.470679309992059643e+03
6.441092385485850173e+03
6.464212966813038292e+03
6.446340021173866262e+03
6.372355115241024578e+03
6.348241742199692453e+03
6.322991101397836246e+03
6.336995267504241383e+03
6.354524749550787419e+03
6.357869531031094994e+03
6.397934814938920681e+03
6.407666551515355422e+03
6.390126669316409789e+03
6.322993638694491892e+03
6.360313172145511999e+03
6.360607701668827758e+03
6.368513590917791589e+03
6.323787230044980788e+03
6.301001075013351510e+03
6.309464326840240574e+03
6.311452494300729086e+03
6.262075859954581574e+03
6.333510573887937426e+03
6.295903670788305135e+03
6.267625774445477873e+03
6.330689697460913521e+03
6.332556536805782343e+03
6.370446486288655251e+03
6.387155153083603182e+03
6.323156022672047584e+03
6.286356082320314272e+03
6.314071403926091989e+03
6.330238619087199368e+03
6.282754098732192688e+03
6.237362579823463420e+03
6.235300162363057098e+03
6.230818955239157731e+03
6.165066245594966858e+03
6.188868758270544276e+03
6.156099156528066487e+03
6.218487313827070466e+03
6.217573662489198796e+03
6.204095036429193897e+03
6.256922582524392055e+03
6.245510503117619919e+03
6.289550639425343434e+03
6.259726387537076334e+03
6.248881864142508675e+03
6.243431257459807057e+03
6.189045027709512397e+03
6.131070283786692016e+03
6.129493714465915218e+03
6.144710140078720542e+03
6.178265126245285501e+03
6.083083049810123157e+03
6.117370194940135661e+03
6.195690309667052134e+03
6.220830680409100751e+03
6.221726664958673609e+03
6.298570014773420553e+03
6.279407799073318529e+03
6.241165678289256903e+03
6.271667767843967340e+03
6.305448526533529730e+03
6.292313419375958802e+03
6.326472421285709970e+03
6.382347093135562318e+03
6.348947701660313214e+03
6.356825594389523758e+03
6.387105176087556174e+03
6.391435314498125990e+03
6.409216191164132397e+03
6.404296407916207500e+03
6.452405238771255426e+03
6.444373754477056536e+03
6.417158639530795881e+03
6.369894041897628995e+03
6.362797958340727746e+03
6.369551979264347210e+03
6.356259750396992786e+03
6.360924816113754787e+03
6.383854945195720575e+03
6.363429585028062320e+03
6.318714706567210669e+03
6.298635883846710385e+03
6.306951005440312656e+03
6.343071312773792670e+03
6.332588365609826724e+03
6.349825269154705893e+03
6.254981172273273842e+03
6.258816863140172245e+03
6.326615627858405787e+03
6.334149099997167468e+03
6.283122374014810703e+03
6.263845329068539286e+03
6.240990044432349350e+03
6.246895948026012775e+03
6.292012952456614585e+03
6.337472641986189956e+03
6.315172608135272640e+03
6.290219034144029138e+03
6.343773659593270168e+03
6.290543246101229670e+03
6.315971909077852615e+03
6.283539402058901032e+03
6.333870463354819549e+03
6.317193625795694061e+03
6.280029144455127607e+03
6.308123657339309830e+03
6.301930089828579185e+03
6.351985746680648845e+03
6.323690450199034785e+03
6.310855268142228852e+03
6.339286363401964991e+03
6.347766449710859888e+03
6.369520721973673972e+03
6.391846620754396099e+03
6.419400390572022843e+03
6.390397255767612478e+03
6.362353338507287845e+03
6.376036744285577697e+03
6.409436520470841970e+03
6.437896343218354559e+03
6.435182657386871142e+03
6.427543248970407149e+03
6.447428912050878353e+03
6.455629796654006896e+03
6.462241731177779002e+03
6.440545757937517010e+03
6.442759432935925361e+03
6.459823637750432681e+03
6.413806179114942097e+03
6.354514422572390686e+03
6.362074975407565944e+03
6.363474895824665509e+03
6.310183831443515373e+03
6.329946958837038437e+03
6.402572601746342116e+03
6.385877512748335903e+03
6.386717755435934123e+03
6.417993597980937921e+03
6.420352101218490134e+03
6.413485345744933511e+03
6.428450634534555320e+03
6.403981341806443197e+03
6.388022048216011171e+03
6.372828097038537635e+03
6.368596747741976287e+03
6.411344617555990226e+03
6.401794515705157210e+03
6.418509455020602218e+03
6.430577601599065929e+03
6.440998507180202068e+03
6.373301047744402240e+03
6.422204155003073538e+03
6.419528641116546169e+03
6.438616927329031569e+03
6.440174829884113933e+03
6.401957735875164872e+03
6.405756728310387189e+03
6.395611292350718941e+03
6.383909637810539607e+03
6.412596471382099480e+03
6.397568166540543643e+03
6.404134975949294130e+03
6.377249258160597492e+03
6.405432558743761547e+03
6.377697535170495030e+03
6.406040921653358964e+03
6.384161720247871926e+03
6.375092045268218499e+03
6.395471192023075673e+03
6.389689915519972601e+03
6.466697498424762671e+03
6.421738261955410053e+03
6.417192758080330350e+03
6.422238459929383680e+03
6.411337079692363659e+03
6.389145410296999216e+03
6.419303445974188435e+03
6.419899430008264062e+03
6.400481659370470879e+03
6.400206692626226868e+03
6.403194350166518234e+03
6.432114608124446022e+03
6.440245653243242486e+03
6.427591994349048946e+03
6.454642461360017478e+03
6.456341774754946528e+03
6.441531813585702366e+03
6.459031946528606568e+03
6.454579857821070618e+03
6.472582504276057989e+03
6.432703500230557438e+03
6.442308063749085704e+03
6.442762977533469893e+03
6.439030604227695221e+03
6.436642010854417094e+03
6.431904121486550139e+03
6.439528469519766986e+03
6.409602321966523050e+03
6.424678974365981958e+03
6.426533906931778802e+03
6.439493847348552663e+03
6.454865965048707949e+03
6.450805604650946407e+03
6.414509229835763108e+03
6.435890445602051841e+03
6.428926373158869865e+03
6.434043491502188772e+03
6.394783104679443568e+03
6.381152121238346808e+03
6.381867646693609458e+03
6.357291874566493789e+03
6.342355992084381796e+03
6.380379611831788679e+03
6.366098104174881882e+03
6.325410342279826182e+03
6.307119167458205993e+03
6.290936613535531251e+03
6.284319258459628145e+03
6.244842093431686408e+03
6.217771533114791964e+03
6.226672924769010933e+03
6.237036063148906578e+03
6.241513560574540861e+03
6.284092034503254581e+03
6.299682403351323046e+03
6.372501146342280663e+03
6.311375351235737071e+03
6.285354241290966456e+03
6.281003084527053943e+03
6.250093667430146525e+03
6.216870542358308739e+03
6.249495868842208438e+03
6.231288600861904342e+03
6.240470090816890661e+03
6.236802030153769920e+03
6.255666030473861611e+03
6.215870910998947693e+03
6.266499816685209225e+03
6.251575646429935659e+03
6.214881687713522297e+03
6.229052501436754028e+03
6.154095743723804844e+03
6.169571261406004851e+03
6.204391823042417855e+03
6.230823570023763750e+03
6.229280015358918718e+03
6.216970931991231737e+03
6.251667246309306393e+03
6.255538572915032091e+03
6.261221957328144526e+03
6.275147323623057673e+03
6.289408160417077852e+03
6.279968714104635183e+03
6.295120448742872213e+03
6.284318589508303376e+03
6.320720548356317522e+03
6.291655771982707847e+03
6.270296636497726467e+03
6.240001118436647630e+03
6.254038588321448515e+03
6.216735935758229061e+03
6.205309080661799271e+03
6.222989997792414215e+03
6.248116054146189526e+03
6.251307897553829207e+03
6.227300987164023354e+03
6.166170682606605624e+03
6.166951045367421102e+03
6.145580974921321285e+03
6.170865396569855875e+03
6.157584688900853507e+03
6.150418169026332180e+03
6.156049565836060538e+03
6.153024942399819338e+03
6.183815051881912041e+03
6.144459392740631301e+03
6.184088884090395368e+03
6.182825398717685857e+03
6.175336416992453451e+03
6.183838016208814224e+03
6.190453909124031270e+03
6.173746024942405711e+03
6.197140498740650401e+03
6.175728573552095440e+03
6.146704442096595812e+03
6.182364284086358566e+03
6.188523589763937707e+03
6.201155223109421968e+03
6.191415219324974714e+03
6.171039291518312893e+03
6.178375011386506230e+03
6.176889913137035364e+03
6.160447949606955262e+03
6.168447865895908762e+03
6.138827076877358195e+03
6.155224243978395862e+03
6.140029172859044593e+03
6.128397328847616336e+03
6.117243251799280188e+03
6.140896170203211113e+03
6.163401477381517907e+03
6.115672269795466491e+03
6.123488284655303687e+03
6.159253050615657230e+03
6.185573818194007799e+03
6.166630175484359825e+03
6.109200007945878497e+03
6.137964615725346448e+03
6.125680028171277627e+03
6.114359033105930394e+03
6.129903803141360186e+03
6.165353171678184481e+03
6.201592902657709601e+03
6.183975909063548897e+03
6.188464295242099979e+03
6.217063249251965317e+03
6.213241204281803221e+03
6.207439128309744774e+03
6.220723605091937316e+03
6.218371082231165019e+03
6.242509250446338228e+03
6.188430180522461342e+03
6.172448031322570387e+03
6.169173547976259215e+03
6.158597069750181618e+03
6.148760222986836197e+03
6.114465243470465794e+03
6.079228427919013484e+03
6.076029672330930225e+03
6.091108311593190592e+03
6.097756630274238887e+03
6.122209205813109293e+03
6.111521229268918432e+03
6.094028531658174870e+03
6.076767735483792421e+03
6.114080102253762561e+03
6.112909881335525824e+03
6.101347776072751913e+03
6.088602487505882891e+03
6.121331561531143961e+03
6.127270458930704081e+03
6.120877863790017727e+03
6.151518904289240709e+03
6.155994089912284835e+03
6.184246017998596471e+03
6.215117957805003243e+03
6.172695402412631665e+03
6.176896338308311897e+03
6.164594076233315718e+03
6.188312961398728476e+03
6.168036017319581333e+03
6.151436636648480089e+03
6.176614470915119455e+03
6.183245933030440028e+03
6.202051966238566820e+03
6.195567127135045666e+03
6.169303372761772152e+03
6.183799741615363018e+03
6.201609341007069816e+03
6.203109348197630425e+03
6.177706518677087843e+03
6.204461430260208544e+03
6.202747938006034019e+03
6.223964792543603835e+03
6.198287396827005978e+03
6.182456364446332373e+03
6.183169414292615329e+03
6.163330003088645753e+03
6.195801891871460612e+03
6.172591667618075007e+03
6.160882400162414342e+03
6.168456545148907026e+03
6.171624043370168692e+03
6.161767746328421708e+03
6.138147168882102960e+03
6.118391529067489500e+03
6.114401996861148291e+03
6.096530934966145651e+03
6.124189245437353748e+03
6.150337194584294593e+03
6.127262891453595330e+03
6.143555063959479412e+03
6.164840552132884113e+03
6.150832463166277194e+03
6.183302579527564376e+03
6.188114776899969002e+03
6.198577082045909265e+03
6.204966662139232540e+03
6.198263900211341024e+03
6.169880350243718567e+03
6.161939258366071044e+03
6.171152490987878991e+03
6.198142451203382734e+03
6.198218352187954224e+03
6.209462929597300899e+03
6.209327121877941863e+03
6.236500560991398743e+03
6.246947491319442634e+03
6.252625270091280981e+03
6.221491144435838578e+03
6.221688045731207239e+03
6.250086246316574034e+03
6.271785458688930703e+03
6.287727078242068274e+03
6.277518995759128302e+03
6.261606831865702588e+03
6.294135063167474982e+03
6.286112878211199131e+03
6.328262923318879984e+03
6.344390281320650502e+03
6.352303473440036214e+03
6.374713797379160496e+03
6.369802952206294322e+03
6.399985939824906382e+03
6.389414595044856469e+03
6.384164814837207814e+03
6.379950959684916597e+03
6.396343714872318742e+03
6.381608973755320221e+03
6.360526486155772545e+03
6.353765413003397043e+03
6.371235113652843211e+03
6.350150633444352934e+03
6.342034928034145196e+03
6.330228720095954486e+03
6.320293434068403258e+03
6.274732890062257866e+03
6.271325702151551923e+03
6.263814099194176379e+03
6.263323743298045883e+03
6.258569670282694460e+03
6.244235297336489566e+03
6.260487191651743160e+03
6.239638581470459030e+03
6.232575860964167077e+03
6.260639875163038596e+03
6.226875231374775467e+03
6.222187420577322882e+03
6.222661977788644435e+03
6.210911127700513134e+03
6.227635977449968777e+03
6.192307530312187737e+03
6.218377919814268353e+03
6.235826697158223396e+03
6.226661761144347111e+03
6.217677830549121609e+03
6.208208382232041913e+03
6.212946264795499701e+03
6.202276257482916662e+03
6.218858383177142969e+03
6.199070815973398567e+03
6.182307565029992475e+03
6.182018983417801792e+03
6.188433563555789078e+03
6.213373418194036276e+03
6.200959577436120526e+03
6.200445896157541938e+03
6.218064934578019347e+03
6.200343316416544440e+03
6.239916860601930239e+03
6.257817048017137495e+03
6.241008092601664430e+03
6.192135786493332489e+03
6.187699351461596962e+03
6.171925991302733564e+03
6.192772203453547263e+03
6.186892957582493182e+03
6.197290509235071113e+03
6.219770128421416302e+03
6.212926489814223714e+03
6.204616995972212862e+03
6.186317469595995135e+03
6.152783330061361085e+03
6.192786318511956779e+03
6.203886490140374008e+03
6.206786136540448751e+03
6.221865792244572731e+03
6.209333314642392907e+03
6.183140545673751149e+03
6.175745804871316977e+03
6.187413092558995231e+03
6.188932529776383490e+03
6.191670795165890922e+03
6.189406037386903336e+03
6.209487963629494516e+03
6.201641577822186264e+03
6.223552509257336169e+03
6.223577081285142413e+03
6.258718758051199984e+03
6.275283676073740935e+03
6.269181639631581675e+03
6.278617140667342937e+03
6.283456053408378466e+03
6.266343227260280401e+03
6.269894195419755306e+03
6.260615993556507419e+03
6.256429008459030229e+03
6.263377919422415289e+03
6.241610492075657021e+03
6.237766699716105904e+03
6.263291868024442010e+03
6.266678876993516496e+03
6.271342713899506634e+03
6.262272426340208767e+03
6.223747197685700485e+03
6.219525280761437898e+03
6.220509066097200957e+03
6.211538097877170912e+03
6.202286028487136718e+03
6.194874638774471350e+03
6.167172135431153947e+03
6.180681418880395540e+03
6.173666241181714213e+03
6.179211373898525380e+03
6.184218290785423960e+03
6.182691173725628687e+03
6.190502179422603149e+03
6.212547975424372453e+03
6.195626769058852915e+03
6.206899530034829695e+03
6.199596500246027972e+03
6.210395423632472557e+03
6.204914771555696461e+03
6.207708410866095619e+03
6.212138477067981512e+03
6.213801017967150983e+03
6.202939993512967703e+03
6.203993968580216460e+03
6.187000761929506552e+03
6.170471037507672008e+03
6.160718529344999297e+03
6.168794588562727768e+03
6.196970159507995049e+03
6.200493351546585473e+03
6.216773696849542830e+03
6.222129570984503516e+03
6.237454825287054518e+03
6.217644528329701643e+03
6.251822091581283530e+03
6.273908121110353022e+03
6.282798091861009198e+03
6.294341442017565896e+03
6.302703198933394560e+03
6.294653852687225481e+03
6.303820587154663372e+03
6.309178900078836705e+03
6.313997650417351906e+03
6.330699603285332159e+03
6.336080169897184533e+03
6.335640680836871979e+03
6.326355101128051501e+03
6.330564187189420409e+03
6.344010091794635628e+03
6.335000442252099674e+03
6.315564461647012649e+03
6.319103507224884197e+03
6.332673689139007365e+03
6.328179536374150302e+03
6.328081084697009828e+03
6.314820821388703735e+03
6.312542591912303578e+03
6.316087304304053760e+03
6.308255264405055641e+03
6.300384491071627963e+03
6.284827526893333015e+03
6.269520454202653127e+03
6.259394339264387781e+03
6.244290158049663660e+03
6.243879199877896099e+03
6.233173977612752424e+03
6.243677927790325157e+03
6.243096725803657137e+03
6.250425027112839416e+03
6.209104371209012243e+03
6.229774426898105048e+03
6.222498858185686004e+03
6.241129308492282689e+03
6.234113499377548578e+03
6.226202752019741638e+03
6.230813652328316493e+03
6.238908054349641134e+03
6.217856653151254250e+03
6.231442306076546629e+03
6.242465968640316532e+03
6.250409532377997493e+03
6.246892738395835295e+03
6.229863682014086407e+03
6.209831392414008405e+03
6.225035933495598329e+03
6.218725039672370258e+03
6.230956655616371791e+03
6.218684123543752321e+03
6.205323615890064502e+03
6.210577048708831171e+03
6.184760282459077644e+03
6.205173211753999567e+03
6.167806936987235531e+03
6.164391507917787749e+03
6.161591606130317814e+03
6.174956565966385824e+03
6.167268519253363593e+03
6.163106934305216782e+03
6.187815947099116784e+03
6.189776997942733942e+03
6.186207390964400474e+03
6.195727537709168246e+03
6.182397405187384720e+03
6.192182647535978504e+03
6.186497922426109653e+03
6.198369025698093537e+03
6.193493778733373802e+03
6.195810905932616151e+03
6.208013776934983980e+03
6.211919057871892619e+03
6.197196120967591014e+03
6.208168020346630328e+03
6.205678378685206553e+03
6.212884795535426747e+03
6.210247883812423424e+03
6.219334568525664508e+03
6.203445756503819212e+03
6.188372463083158436e+03
6.196863493141961953e+03
6.190472830756570147e+03
6.198336107596298461e+03
6.212661225207799362e+03
6.197482225927300533e+03
6.191946620038186666e+03
6.181642929137810825e+03
6.173372804059469672e+03
6.162391979453460408e+03
6.153004486312654990e+03
6.182474072156901457e+03
6.204082373645776897e+03
6.193426830747363056e+03
6.207162980628761943e+03
6.209024388006600020e+03
6.212520782880728802e+03
6.222388241914660284e+03
6.210829245465630265e+03
6.232984953280209083e+03
6.216619384332186200e+03
6.207271234590891254e+03
6.210361937386613135e+03
6.244070116550311468e+03
6.239719361787882917e+03
6.238173500062839594e+03
6.250456640190534927e+03
6.242078365089383624e+03
6.248486666581422469e+03
6.243754046682833177e+03
6.263810039301251891e+03
6.274928934276341352e+03
6.293638911838735112e+03
6.305806038527583041e+03
6.317076324124953317e+03
6.298628778467801567e+03
6.309097970321246976e+03
6.308757591429454806e+03
6.294420741127260953e+03
6.303741752692220871e+03
6.293273020622016702e+03
6.282698394118290707e+03
6.288978790296266197e+03
6.307299229465526878e+03
6.318706948480000392e+03
6.298988665243732612e+03
6.304828111344071658e+03
6.306058488948496233e+03
6.308981596645129684e+03
6.314337276920916338e+03
6.293575577966405945e+03
6.310778954475576029e+03
6.327840823842197096e+03
6.333350508053333215e+03
6.322833217901907119e+03
6.314036233360882761e+03
6.322146675934521227e+03
6.337493843560567257e+03
6.347045426667007632e+03
6.347780488095164401e+03
6.364291189967802893e+03
6.369757239846419907e+03
6.365011380354100766e+03
6.368855530231622652e+03
6.380825817996568730e+03
6.370649226367861047e+03
6.382703755648648439e+03
6.373617487597770378e+03
6.364219450395667081e+03
6.361125650734010378e+03
6.348623410837565643e+03
6.342127583797653642e+03
6.333379940629488374e+03
6.315376729855700432e+03
6.287354878847796499e+03
6.281813395848346772e+03
6.311047179443135974e+03
6.293418099558362883e+03
6.304158305893743091e+03
6.324182387889389247e+03
6.312678627625160516e+03
6.316341362349619885e+03
6.317664452317162613e+03
6.320431370234260612e+03
6.327562672165574440e+03
6.329110913201438962e+03
6.300277300157212267e+03
6.318857768250143636e+03
6.312364910542436519e+03
6.313860024362175864e+03
6.292855456407252859e+03
6.297205574690719914e+03
6.286100938251824118e+03
6.296614208620201680e+03
6.302473294436864307e+03
6.310274084164883789e+03
6.317713319721119660e+03
6.320125981838293228e+03
6.321107437607612155e+03
6.303270695288587376e+03
6.306313412041264201e+03
6.300152760214246882e+03
6.289755571021490141e+03
6.287275808900380071e+03
6.287064322201928917e+03
6.299713983470715903e+03
6.304970394617765123e+03
6.316272648603029666e+03
6.329719024011124930e+03
6.347461704922516219e+03
6.377373477166737757e+03
6.371476298278421382e+03
6.376932259745675765e+03
6.369598434152278060e+03
6.378173259635656905e+03
6.383602927207676657e+03
6.387038797101899945e+03
6.384916778029810303e+03
6.386591341855534665e+03
6.380412550515268777e+03
6.389509944595310117e+03
6.370127807355126606e+03
6.361839783974608508e+03
6.366071213164426808e+03
6.372992356164186276e+03
6.373195350105956095e+03
6.386855571201028397e+03
6.394966034372107970e+03
6.407318611708089520e+03
6.400435572798685826e+03
6.398178337283548899e+03
6.382455113962947507e+03
6.368380311978735335e+03
6.368537782006438647e+03
6.365338422020728103e+03
6.375061947778035574e+03
6.391597480741374966e+03
6.395177398322094632e+03
6.396091865138169851e+03
6.392205541867221655e+03
6.408850257953630717e+03
6.411289145573186033e+03
6.414446795366091465e+03
6.428814827324701582e+03
6.436341675244891121e+03
6.443585533208834022e+03
6.426906038574789818e+03
6.409528754244796801e+03
6.419147876631736835e+03
6.410471976545103644e+03
6.415064425643467075e+03
6.427265353738811427e+03
6.446256933213048796e+03
6.432528167232022497e+03
6.438358073306215374e+03
6.436205618232816960e+03
6.424321413659453356e+03
6.406173606773903884e+03
6.409768042741255158e+03
6.404493644832529753e+03
6.413831549303940847e+03
6.392721450392939914e+03
6.390061013628503133e+03
6.395940642601404761e+03
6.414982396654950207e+03
6.406309254028791656e+03
6.404526113069790881e+03
6.424364251527204033e+03
6.418749270622337463e+03
6.427837007897649528e+03
6.438735115224953006e+03
6.445230991742945662e+03
6.417115772983956958e+03
6.422276465008200830e+03
6.416428975123485543e+03
6.392245375762684489e+03
6.390493414913094966e+03
6.395734526293895215e+03
6.379677214137685041e+03
6.379819966042951819e+03
6.372320520676258639e+03
6.373233516862148463e+03
6.364544320074213829e+03
6.372053466109374313e+03
6.378092188117320802e+03
6.385297086846013372e+03
6.394392452421009693e+03
6.365679977830401185e+03
6.350237627825868003e+03
6.358680899819004480e+03
6.348322427097215041e+03
6.346228342002807040e+03
6.331593200445501679e+03
6.334066188574507578e+03
6.358543131123356943e+03
6.367022411067006033e+03
6.376961671395578378e+03
6.378747118012508508e+03
6.383509841028988376e+03
6.397049298378305139e+03
6.380728376307305552e+03
6.381476315935222374e+03
6.387836466150883098e+03
6.392702703709605885e+03
6.386506503899708150e+03
6.396234713572641340e+03
6.396754139931393183e+03
6.413949932705407264e+03
6.422667102695065296e+03
6.435715756817637157e+03
6.440255237265736469e+03
6.436940455447556815e+03
6.425779638501311638e+03
6.409343737106207300e+03
6.397015115975804292e+03
6.387746617895221789e+03
6.393408490517748760e+03
6.411487299850240561e+03
6.419820893073194384e+03
6.432783620589591919e+03
6.429732951851867256e+03
6.419533458872796473e+03
6.415182493454674841e+03
6.429968820411409979e+03
6.435462208928453038e+03
6.423145301927809669e+03
6.446446886296058437e+03
6.438647699173258843e+03
6.428693606774299042e+03
6.416407328841809431e+03
6.404692273805700097e+03
6.394972206492127953e+03
6.400502352448961574e+03
6.408324632590996771e+03
6.410126860411215603e+03
6.387941742643717589e+03
6.397750544227586943e+03
6.388972011042577833e+03
6.417777991523035780e+03
6.394058104658204684e+03
6.374269762069226090e+03
6.357002265430898660e+03
6.344482948708860931e+03
6.345974121437423491e+03
6.357789598239031875e+03
6.330619370871512729e+03
6.321673259418984344e+03
6.325796684240714058e+03
6.324049232884509365e+03
6.300033563324983334e+03
6.305778348067746265e+03
6.302749146192249100e+03
6.275880630986870528e+03
6.309059945705749669e+03
6.315056656162529180e+03
6.298172500305610811e+03
6.312193690390233314e+03
6.322225726460273108e+03
6.301298528059013734e+03
6.272278447359813981e+03
6.231009849749201749e+03
6.237990577164504430e+03
6.220169270818041696e+03
6.189245416039020711e+03
6.226160017409986722e+03
6.217329728795468327e+03
6.240552649173083410e+03
6.244326748091881200e+03
6.254519923984720663e+03
6.265146677324472876e+03
6.274027770442152359e+03
6.281048973372850014e+03
6.288370819515540461e+03
6.305159736160596367e+03
6.297037305193504835e+03
6.285964133624505848e+03
6.271345629522116724e+03
6.304615894308334646e+03
6.340547128411652011e+03
6.371666168477966494e+03
6.379794859938816444e+03
6.401953843691833754e+03
6.399099375196460642e+03
6.395275023529717146e+03
6.377020591048118149e+03
6.388282195825921008e+03
6.366032919232739005e+03
6.348991832714062184e+03
6.356281617718168491e+03
6.344657481126582752e+03
6.342588103567326471e+03
6.353676034552924648e+03
6.355349796779487406e+03
6.370770979457482099e+03
6.384134425078153072e+03
6.415748007584017614e+03
6.419096800590368730e+03
6.438579747334742933e+03
6.438161472951791438e+03
6.419196162972453749e+03
6.423976972884646784e+03
6.441923805526282194e+03
6.442405841296374092e+03
6.449884432582614863e+03
6.446823821691205922e+03
6.427969250794533764e+03
6.446435611674914981e+03
6.443564295934102120e+03
6.446145790139243218e+03
6.453153338887257632e+03
6.468590005377313901e+03
6.458894546019389054e+03
6.469911500150858046e+03
6.487244358635869503e+03
6.489509820321664847e+03
6.500146602329856250e+03
6.500905553281530047e+03
6.490970596485517490e+03
6.491778560954947352e+03
6.489948521500851712e+03
6.480154516036849600e+03
6.489562984114762912e+03
6.513160183891757697e+03
6.501865828317582782e+03
6.482673756402598883e+03
6.476813878534564537e+03
6.479292328252508923e+03
6.493760784966466417e+03
6.487425287167715396e+03
6.486698698444608453e+03
6.482323995873236527e+03
6.492066237561845810e+03
6.482791246335204050e+03
6.491266247572489192e+03
6.498455204435806081e+03
6.504958106038690858e+03
6.501502033381503679e+03
6.511004267888395589e+03
6.513328727103498750e+03
6.522481496626402986e+03
6.520698576151648012e+03
6.511361467788924529e+03
6.503794906042820003e+03
6.521641945434555055e+03
6.508016365876922464e+03
6.508716220566013362e+03
6.497409666896996896e+03
6.479081477775628628e+03
6.483558911642663588e+03
6.477053842243980398e+03
6.488487984553827118e+03
6.505265052728133014e+03
6.518894592048425693e+03
6.522563540139858560e+03
6.532016886121042262e+03
6.524060994307609690e+03
6.505466788367401023e+03
6.491100084347925076e+03
6.491866162498265112e+03
6.504706692468323126e+03
6.507476681474948236e+03
6.500678665604466005e+03
6.517498473842724707e+03
6.525945212112694207e+03
6.515741527347024203e+03
6.511074375666776177e+03
6.517897605701044995e+03
6.516375551622326384e+03
6.507590393439388208e+03
6.499569859747579358e+03
6.513597421172656141e+03
6.521781243876396729e+03
6.530025883435358082e+03
6.529744854534011210e+03
6.529783006428516273e+03
6.520804629294359984e+03
6.496407618629034005e+03
6.508752165081606108e+03
6.480075634268297108e+03
6.458084505801797604e+03
6.476914701124757812e+03
6.459809293623898157e+03
6.471757506430208196e+03
6.476775103365805080e+03
6.471283690821582240e+03
6.492222926033820841e+03
6.511010944755450510e+03
6.528143415270735204e+03
6.518251036367322740e+03
6.478354218407557710e+03
6.497176839851436853e+03
6.513759163612851808e+03
6.524802278243584624e+03
6.537741367449497375e+03
6.532736145444589056e+03
6.557922976367485717e+03
6.557278788676561817e+03
6.554675993484270293e+03
6.560002262822017656e+03
6.570119133485853126e+03
6.541055973014008487e+03
6.515536483262808360e+03
6.487911819223876591e+03
6.503199991272602347e+03
6.487028546597342938e+03
6.495671714296347091e+03
6.487259822598575738e+03
6.480380203815603636e+03
6.478949482404108494e+03
6.476690683950686434e+03
6.464157702722100112e+03
6.437156479807028518e+03
6.440231449499761766e+03
6.438128718339069565e+03
6.434761122729738418e+03
6.445472602963540339e+03
6.467937772216067060e+03
6.478534323553346439e+03
6.494775963828761633e+03
6.480037128475057216e+03
6.488655755472880628e+03
6.493054553803425733e+03
6.474146680155813556e+03
6.461964096376325870e+03
6.464601183304446749e+03
6.459378597746035666e+03
6.460950075858765558e+03
6.450399872197648619e+03
6.462370661310563264e+03
6.479975038558275628e+03
6.490386432682998930e+03
6.448013573831424765e+03
6.415549465753732875e+03
6.413538559451447327e+03
6.406664427173820513e+03
6.411833312090959225e+03
6.453376947680434569e+03
6.469743560959417664e+03
6.449184629139735080e+03
6.459517872812997666e+03
6.484221483175896537e+03
6.488345161778823240e+03
6.528774766582084339e+03
6.518077180601379041e+03
6.538703024315327639e+03
6.523535785047210993e+03
6.551604981684008635e+03
6.539365850212985606e+03
6.525815915335411773e+03
6.529255098693485706e+03
6.518065679544877639e+03
6.540883250618612692e+03
6.546681075196011989e+03
6.558498914275643074e+03
6.554671696318802788e+03
6.536628756067727409e+03
6.540775571381393092e+03
6.538927382151140591e+03
6.534055412484374756e+03
6.528027055886380367e+03
6.527032636789118442e+03
6.539140318074840252e+03
6.549214306289877641e+03
6.584334224326015828e+03
6.581713154443243184e+03
6.571056778344171107e+03
6.568033359083615323e+03
6.590799769682831538e+03
6.609806633640987457e+03
6.618094846662037526e+03
6.613103534631984985e+03
6.597322364977664620e+03
6.587123069167791982e+03
6.619256143498567326e+03
6.609867770057437156e+03
6.603636565138047445e+03
6.586780275146321401e+03
6.585202209757847413e+03
6.587444890075405965e+03
6.582249473800162377e+03
6.581533391244836821e+03
6.600752596105035991e+03
6.605595323515812197e+03
6.584906809530687497e+03
6.601182193959422875e+03
6.587707611130518671e+03
6.614818396576973100e+03
6.630255745294118242e+03
6.634438296340745183e+03
6.624570829666024110e+03
6.618974902269784252e+03
6.617925768667735611e+03
6.604336958906817927e+03
6.613617440405599154e+03
6.610936020109823403e+03
6.624407424085516141e+03
6.636707768052495339e+03
6.637867030478731067e+03
6.623335089602921471e+03
6.596016280658086544e+03
6.570459772341576354e+03
6.578832284533424172e+03
6.546225777606545307e+03
6.553879205737684970e+03
6.557484344011402754e+03
6.567540947128006337e+03
6.597292333996850175e+03
6.568481047500032219e+03
6.589891297404337820e+03
6.609175832516511036e+03
6.616454897410762896e+03
6.608522610401249040e+03
6.634319237084822817e+03
6.631476902499314747e+03
6.643912804762470842e+03
6.640145391178729369e+03
6.669200688390115829e+03
6.673845041491393204e+03
6.688175317420087595e+03
6.698791016514154762e+03
6.708272418450807891e+03
6.709570035152217315e+03
6.712822705842034338e+03
6.706559655684906829e+03
6.694876253289932720e+03
6.711602412752977216e+03
6.716690697439933501e+03
6.702521959661693472e+03
6.727590839916621917e+03
6.716223256496482463e+03
6.695396899407671299e+03
6.683655745572454180e+03
6.652740985132881178e+03
6.642161394312021002e+03
6.669095322447919898e+03
6.675217386711951804e+03
6.696345755799592553e+03
6.686079696490312926e+03
6.680210838241834608e+03
6.690123605576304726e+03
6.669454732016395610e+03
6.655305594884710445e+03
6.639803078968726368e+03
6.635175499302298704e+03
6.637592601860545983e+03
6.638917225523828165e+03
6.662479166383701340e+03
6.637567749595195892e+03
6.615119428819009045e+03
6.644147629866962234e+03
6.626975795928884509e+03
6.635048476034979103e+03
6.615096855868728198e+03
6.632266673405277288e+03
6.620782559718940320e+03
6.651290820353292474e+03
6.631974206449831399e+03
6.638223753227640373e+03
6.657982241615459316e+03
6.658621066582097228e+03
6.664530508214590554e+03
6.650148403635314025e+03
6.640709531387360585e+03
6.691630535305108424e+03
6.711607848743934483e+03
6.724307060909282882e+03
6.729623567238213582e+03
6.727075848159227462e+03
6.732327022829743328e+03
6.718918932998263699e+03
6.737775532724343975e+03
6.723194403154575411e+03
6.738679282333173433e+03
6.772189994646662853e+03
6.766621231567948598e+03
6.766490449121800339e+03
6.770243445173125110e+03
6.735045693389146436e+03
6.731359703697106852e+03
6.727517733248209879e+03
6.735164229026748217e+03
6.720258204495622522e+03
6.713490474993510361e+03
6.746274734143209571e+03
6.759235249262141224e+03
6.749578549589462455e+03
6.732530520292649271e+03
6.713786820983193138e+03
6.709769147569221786e+03
6.707893558738301181e+03
6.699619576339730884e+03
6.686400231661865291e+03
6.671843910775713084e+03
6.701782616730148220e+03
6.672999740890501926e+03
6.656712549352791029e+03
6.656802895058634931e+03
6.651934568924642008e+03
6.722706883497048693e+03
6.717309787575353766e+03
6.703759702424988063e+03
6.707203805666899825e+03
6.704056598288608257e+03
6.732149506424763786e+03
6.772257466768630366e+03
6.733708524595514064e+03
6.734972220535961242e+03
6.735459338239279532e+03
6.741270115462830290e+03
6.741039677460094936e+03
6.754229129703429862e+03
6.738640963265273967e+03
6.747164498231425569e+03
6.768627818155147907e+03
6.737571486929279672e+03
6.712466909178337119e+03
6.764793266259714983e+03
6.741079993465690677e+03
6.736154686434145333e+03
6.746120214272492376e+03
6.774105177798050136e+03
6.764917135790349676e+03
6.746838387916086504e+03
6.729521273078736158e+03
6.721725722554267122e+03
6.745203121226244548e+03
6.740436821471304029e+03
6.704324693710098472e+03
6.708150733783036230e+03
6.684031029019776724e+03
6.689049503577386531e+03
6.688477159697507886e+03
6.644312031043592469e+03
6.651958017022386230e+03
6.652436464735518712e+03
6.634308089379452213e+03
6.668156844844449552e+03
6.680908377338256287e+03
6.698227674294786084e+03
6.665758076047527538e+03
6.660622912841694415e+03
6.697617206213052668e+03
6.729114323214432261e+03
6.735998256264739211e+03
6.736919385951606273e+03
6.732595057629022449e+03
6.717092298547782775e+03
6.688669744806129529e+03
6.694123159765584205e+03
6.711510887214546528e+03
6.673905860854566527e+03
6.687909445039379534e+03
6.660577792730708097e+03
6.665410047088961619e+03
6.739542393519281177e+03
6.705292485250832215e+03
6.674235261110363354e+03
6.677561788900764441e+03
6.651133877442895937e+03
6.674344381326528492e+03
6.689721096983740608e+03
6.696263753215303041e+03
6.709902779224250480e+03
6.679396582711723568e+03
6.736930543141977068e+03
6.710948884451971026e+03
6.667204924564493922e+03
6.650523846527972637e+03
6.685825188916638581e+03
6.704619198824173509e+03
6.655780108334214674e+03
6.595711568824048300e+03
6.643309076525246383e+03
6.689449340449521515e+03
6.693220685840445185e+03
6.680172876955765787e+03
6.664905750278585401e+03
6.636870754334475350e+03
6.657404513383634367e+03
6.697634726086951559e+03
6.671442398069121737e+03
6.659156222972860633e+03
6.665538817272255983e+03
6.627132832298606445e+03
6.677504700789516392e+03
6.730989353142471373e+03
6.736245650671692601e+03
6.698102728999669125e+03
6.753721065299551810e+03
6.759934484932873602e+03
6.795816771517321286e+03
6.805738873409459302e+03
6.766631364631049109e+03
6.771178974612752427e+03
6.729295691429821090e+03
6.718568222830221202e+03
6.672201354125677426e+03
6.644701577729281780e+03
6.656411791678543523e+03
6.632934829307181644e+03
6.599396979792340062e+03
6.651645745261992488e+03
6.655483741298980931e+03
6.632680226159116501e+03
6.645151444471873219e+03
6.606605299395348993e+03
6.538010849859119844e+03
6.549600436589867968e+03
6.546817974281598254e+03
6.522639130268489680e+03
6.560952770827067070e+03
6.545710738507650603e+03
6.493247918359477808e+03
6.482452092192283999e+03
6.453000673528803418e+03
6.398599673039731897e+03
6.432915549150473453e+03
6.449219412585852297e+03
6.447118768012108376e+03
6.403640069114282596e+03
6.403194563431320603e+03
6.403785706948649931e+03
6.361824908462862368e+03
6.351080514393616795e+03
6.377493470591854930e+03
6.452264981184098360e+03
6.487715740433019164e+03
6.481000695299348081e+03
6.477735289186683076e+03
6.477462201445075152e+03
6.513006032670364220e+03
6.533362268910250350e+03
6.517348637058293207e+03
6.580557582205140534e+03
6.639203016109026976e+03
6.578747331337612195e+03
6.666674244073754380e+03
6.615009549465964483e+03
6.574070912268541178e+03
6.621926674642144462e+03
6.659332588230358851e+03
6.612503843154250717e+03
6.630843488333704954e+03
6.636820097732529575e+03
6.618160158432151547e+03
6.577994164808898859e+03
6.622672668036832874e+03
6.616588063285857061e+03
6.560099722736806143e+03
6.614583036325113426e+03
6.597127074331468066e+03
6.614964251140342640e+03
6.641055038661867002e+03
6.672899558431544392e+03
6.668344013945924416e+03
6.650697559286077194e+03
6.636977512426288740e+03
6.648401345408940870e+03
6.639296704087557373e+03
6.597570527290556129e+03
6.600134807978010940e+03
6.527335847255261797e+03
6.557415150510035346e+03
6.547055343637791339e+03
6.581521326978680918e+03
6.593872852721368872e+03
6.566579124129671072e+03
6.643983801932085953e+03
6.682273060699160851e+03
6.707504304874624722e+03
6.712387991474722185e+03
6.725381598995460990e+03
6.745998795535381760e+03
6.738744459693068166e+03
6.694951217535373871e+03
6.665094595197833769e+03
6.673820992402832417e+03
6.741395360593064652e+03
6.725002265607815389e+03
6.757771118271828527e+03
6.761433339105534287e+03
6.774031647801699364e+03
6.766402516711927092e+03
6.758192653626424544e+03
6.676389636661558143e+03
6.644568749282542740e+03
6.572303366210893728e+03
6.575097458954041940e+03
6.533205276553592739e+03
6.524919216994664566e+03
6.502964242951516098e+03
6.457595789750497715e+03
6.434625428738196206e+03
6.446887742990207698e+03
6.430923743144943728e+03
6.398314490387870137e+03
6.460379520651962594e+03
6.398806122373441212e+03
6.370265507655724832e+03
6.337045444645015777e+03
6.347493020310708744e+03
6.392184396338135230e+03
6.372119935460600573e+03
6.310872185274405638e+03
6.390783281308136793e+03
6.403377167487972656e+03
6.459273334689875810e+03
6.457674529293072737e+03
6.473077644010462791e+03
6.512036576303765287e+03
6.492971714385919768e+03
6.536870948710112316e+03
6.546751341705909908e+03
6.553142802767963985e+03
6.616623989259305745e+03
6.651190796188297099e+03
6.660683730031460072e+03
6.599314041644949612e+03
6.586656878320347460e+03
6.515760996584466739e+03
6.594286503704772258e+03
6.595424995513413705e+03
6.611606817131711978e+03
6.634743426567889401e+03
6.555991460037472280e+03
6.600099352007092421e+03
6.544084419321993664e+03
6.642219948599263262e+03
6.606059291880769706e+03
6.620677770492880882e+03
6.627101903396209309e+03
6.569004866237306487e+03
6.547401626572991518e+03
6.620378943768268982e+03
6.565711108263169081e+03
6.513501765071785485e+03
6.484912665789483981e+03
6.515732658238007389e+03
6.505215241123960368e+03
6.520893369102290308e+03
6.530915806637014612e+03
6.531110530161329734e+03
6.528026973070259373e+03
6.539248040046597453e+03
6.575394697400753103e+03
6.561619096268615067e+03
6.595079533081318004e+03
6.603997873358298420e+03
6.575414769302108652e+03
6.636623392366249391e+03
6.683733517756553738e+03
6.731382235071751893e+03
6.740698634935281007e+03
6.785669515802547721e+03
6.831035065233968453e+03
6.793214767336871773e+03
6.861776615164764735e+03
6.868494578289889432e+03
6.838039027644948874e+03
6.846431621311372510e+03
6.829527755868856730e+03
6.830189024750502540e+03
6.843075360061457104e+03
6.847028834241213190e+03
6.821440297134084176e+03
6.810074973122242227e+03
6.861227614478845680e+03
6.880899750309394221e+03
6.864015644019331376e+03
6.893404612775027999e+03
6.868918616524561003e+03
6.886884845494663750e+03
6.907542372092849291e+03
6.910923790926008223e+03
6.914505083079881842e+03
6.893932092675468994e+03
6.924813142195616820e+03
6.942497478417630191e+03
6.943196165866476804e+03
6.932222338163055610e+03
6.980736479816787323e+03
6.966332199962225786e+03
6.972964618477286422e+03
6.933825856285770897e+03
6.896809674879577869e+03
6.885251264822083613e+03
6.879306443274054800e+03
6.904752733928103225e+03
6.908358480908610545e+03
6.907213264653115402e+03
6.909067440359113789e+03
6.945782711354775529e+03
6.945191351167814901e+03
6.951216317290700317e+03
6.944224959394627149e+03
6.929857169857736153e+03
6.961077174699029456e+03
6.960113796994653057e+03
6.950822422829968673e+03
6.927754882236034064e+03
6.984334074941089966e+03
6.981811300020565795e+03
6.985139033822621968e+03
6.979088653707804042e+03
7.032486533662187867e+03
7.022728156694381141e+03
7.054495716149701366e+03
7.068022484044393423e+03
7.063533260065633840e+03
7.058109507136434331e+03
7.057250364774764421e+03
7.058993167940097010e+03
7.038536959297067369e+03
7.034101580974444914e+03
7.011634902443050123e+03
7.012899052685198512e+03
7.027852201980035716e+03
6.979063565786396794e+03
6.974695373554794060e+03
6.991054392896829995e+03
7.004466866885286436e+03
6.979260210291586191e+03
6.989312897935783440e+03
6.964532966114170449e+03
6.928719463202621228e+03
6.949774957101943073e+03
6.960253642471761850e+03
6.941772899218080966e+03
6.898832254855266001e+03
6.881473990680091447e+03
6.924300831377538998e+03
6.921717533995003578e+03
6.932872864319387190e+03
6.903576646212386549e+03
6.921848033022010895e+03
6.964138684359561921e+03
7.005885263219211083e+03
7.012612340893156215e+03
7.014651858569439355e+03
7.088144085099735094e+03
7.074187650990245857e+03
7.085216549540339656e+03
7.092505491612607329e+03
7.096734890143989105e+03
7.090368640709459214e+03
7.105847697156612412e+03
7.103231612701514678e+03
7.109566274415437874e+03
7.103069340900483439e+03
7.087359084981889282e+03
7.058155590712185585e+03
7.036766558661847739e+03
7.000335221634537447e+03
7.007556074599833664e+03
7.055819181917512651e+03
7.044488237880287670e+03
7.045876840092982093e+03
7.051878070734685025e+03
7.063478849887361321e+03
7.039555680087681139e+03
7.021734124136448372e+03
6.988058494363760474e+03
6.979662597331113830e+03
6.978252425481487990e+03
6.998912527226994825e+03
7.042081670996985849e+03
7.006386720082980901e+03
7.038418172129997401e+03
7.028671924993444918e+03
7.018104082497475247e+03
7.012560230845244405e+03
7.102304657792121361e+03
7.132395210181572111e+03
7.137492649166935735e+03
7.140879185751271507e+03
7.130399609838907054e+03
7.140974705793288194e+03
7.184328238296069685e+03
7.201563353382593050e+03
7.199447143398825574e+03
7.185892444745379180e+03
7.174447693928864282e+03
7.164375695396263836e+03
7.144608340917213354e+03
7.115318101452689916e+03
7.128707693847049995e+03
7.164626652156869568e+03
7.142796350773118320e+03
7.136544974765833103e+03
7.118518095476407325e+03
7.101056720445002611e+03
7.123278229895231561e+03
7.088349783960576133e+03
7.087435504543504067e+03
7.104413235699266806e+03
7.102493626651394152e+03
7.166374568750968137e+03
7.128860217440602355e+03
7.160806333741705203e+03
7.183999550160920990e+03
7.227287498814413084e+03
7.245137962632229574e+03
7.231743275347286726e+03
7.238080209508879307e+03
7.224041720561259353e+03
7.215504206001683997e+03
7.208035198749032133e+03
7.206938285475921475e+03
7.203613390780948066e+03
7.214601431219491133e+03
7.222946408963255635e+03
7.251721567230209075e+03
7.248189336639036810e+03
7.273380033093604652e+03
7.318118207185844767e+03
7.309977281971786397e+03
7.301382798382490364e+03
7.318459917810005209e+03
7.315006510259985589e+03
7.315130948274126240e+03
7.303298307864600247e+03
7.313448613089730316e+03
7.296068636764040093e+03
7.285113062900837576e+03
7.266329931756732549e+03
7.241375087231909674e+03
7.249647410274073081e+03
7.255104504448126136e+03
7.292494477826963703e+03
7.317804327706321601e+03
7.346052400140858481e+03
7.351700881624803515e+03
7.356580341536917331e+03
7.355150043773016478e+03
7.351206538387655200e+03
7.357184128095425876e+03
7.346440155894339114e+03
7.367716682360285631e+03
7.368181152319971261e+03
7.353499707303215473e+03
7.326837182244912583e+03
7.293369299821212735e+03
7.312306308327889383e+03
7.311519953308728873e+03
7.309052419200641452e+03
7.329808381856884807e+03
7.303510707959319916e+03
7.290206306522391060e+03
7.250966360771001746e+03
7.276543203249062572e+03
7.290019909396132789e+03
7.270118470243192860e+03
7.275975903922939324e+03
7.265633885795562492e+03
7.257345261371541710e+03
7.248209908993094359e+03
7.226093265966459512e+03
7.184678955206688443e+03
7.170274683064650162e+03
7.171690465570311062e+03
7.239643250669211739e+03
7.244056335098688578e+03
7.229900142669443085e+03
7.200302652518908872e+03
7.270470259688191618e+03
7.237566629793061111e+03
7.260229976841157622e+03
7.252485746534794998e+03
7.237391065939600594e+03
7.253291924741792172e+03
7.250497844580701894e+03
7.240822442751617928e+03
7.295956634478869091e+03
7.274513445964787024e+03
7.289783124844697340e+03
7.314218245974212550e+03
7.335152945417456067e+03
7.345141170890931789e+03
7.346053423402519002e+03
7.371981825644284072e+03
7.378423741180063189e+03
7.331775257767244511e+03
7.306075801879758728e+03
7.248272084463661486e+03
7.236515140143193094e+03
7.210916262310307502e+03
7.247467824243865834e+03
7.212889775614423343e+03
7.154609045152523322e+03
7.158408539676907822e+03
7.182784108326622118e+03
7.165521713204555454e+03
7.162936179512218587e+03
7.135067814466810887e+03
7.143939070467742567e+03
7.203940851477934302e+03
7.236153453818326852e+03
7.229742163191728650e+03
7.217216343742015852e+03
7.170657966846455565e+03
7.176795712191801613e+03
7.050913958119379458e+03
7.120209878404126357e+03
7.142377855922340132e+03
7.098014665385365333e+03
7.123263947947175438e+03
7.121367116243038254e+03
7.089172968439022043e+03
7.117689605136535647e+03
7.118249778450150188e+03
7.054626500758626207e+03
7.111279273658517923e+03
7.013363854769390855e+03
7.099284726371983197e+03
7.149013186005028729e+03
7.153041946319967792e+03
7.184090134886542728e+03
7.164741479874178367e+03
7.139635365197151259e+03
7.208426747279057963e+03
7.200925383343437716e+03
7.261763483212705978e+03
7.274646318037242963e+03
7.331150301117459094e+03
7.352161351300476781e+03
7.304029876033922847e+03
7.248876839845739596e+03
7.227266708097345145e+03
7.217818234766470596e+03
7.167625438112737356e+03
7.197194859600251220e+03
7.271402846455212966e+03
7.322535578261350565e+03
7.346035376457134589e+03
7.358821111845185442e+03
7.356083792082387845e+03
7.424659876313218774e+03
7.443659454416112567e+03
7.413952213798527737e+03
7.469058516655724816e+03
7.445539677820296674e+03
7.401267099730372138e+03
7.376835006562409944e+03
7.383749837421508346e+03
7.401887159706558123e+03
7.406405223131941966e+03
7.462986639611370265e+03
7.466424625418177129e+03
7.469225226196464064e+03
7.484079462728099315e+03
7.486293459408928356e+03
7.473057201245426768e+03
7.442288885203610334e+03
7.417280413338566177e+03
7.454692466941428393e+03
7.468883407207546952e+03
7.472241817991676726e+03
7.483754499004253375e+03
7.491672183375037093e+03
7.506882163577483880e+03
7.496451421819231655e+03
7.490644428611373769e+03
7.461745477855693025e+03
7.471864792875808234e+03
7.463684992328498993e+03
7.448127696155030208e+03
7.491713166660209026e+03
7.493183817958875807e+03
7.503352312181555135e+03
7.485530080744007137e+03
7.504150281276517489e+03
7.489685126143414891e+03
7.489717088667482130e+03
7.505236487975927048e+03
7.506676350303610889e+03
7.503511531853178894e+03
7.515138368357870604e+03
7.508158661288895019e+03
7.516102440304570337e+03
7.496751664746667302e+03
7.495801607324412544e+03
7.512340889658826200e+03
7.539930909427140250e+03
7.516566263293113479e+03
7.539842723251348616e+03
7.514945633084616020e+03
7.507277309057856655e+03
7.544082184269379468e+03
7.564558470999927522e+03
7.561573048245138125e+03
7.541921690349487108e+03
7.564194430173186447e+03
7.568754828915330108e+03
7.590832199635025063e+03
7.595707213122745998e+03
7.612421862093478012e+03
7.605635857449364266e+03
7.602387942531325280e+03
7.600891183102400646e+03
7.596803045165912408e+03
7.578401289870062101e+03
7.581733546572726482e+03
7.601817166324487516e+03
7.596208561212695713e+03
7.602648730597914437e+03
7.574816030174282787e+03
7.563549991208051324e+03
7.568267589908617083e+03
7.574712863119961185e+03
7.552362618273679800e+03
7.556907421716511635e+03
7.573004928947726512e+03
7.549940697381691280e+03
7.586274898598411710e+03
7.561692931411517748e+03
7.587593548941624249e+03
7.580874401846288492e+03
7.555634248359953745e+03
7.566949305540782007e+03
7.560107758154267685e+03
7.559154210939204859e+03
7.555769157107649335e+03
7.546331532082037484e+03
7.517871959651328325e+03
7.505418704886620617e+03
7.559457532589730363e+03
7.555190955008792116e+03
7.624374689079947530e+03
7.637756590219976715e+03
7.648186087542781934e+03
7.639874590559405078e+03
7.639759844500597865e+03
7.646424820798698420e+03
7.671533486406822703e+03
7.677034274849679605e+03
7.672967580013819315e+03
7.682416485104360618e+03
7.652717307281158355e+03
7.653019415617510276e+03
7.639258440093474746e+03
7.614745545218951520e+03
7.621883776829742601e+03
7.633769593079368860e+03
7.648506455934792939e+03
7.664488010412545009e+03
7.685174247219131757e+03
7.687953794883611408e+03
7.681651273428496097e+03
7.676301500092838069e+03
7.667296569993081903e+03
7.691418454223317895e+03
7.700621187813347206e+03
7.720362836765866632e+03
7.709901637079881766e+03
7.719988546797596427e+03
7.730280838016145026e+03
7.750343513476544103e+03
7.751116922021698883e+03
7.757471828185512095e+03
7.752622144977022799e+03
7.755852915586812742e+03
7.768583787102028509e+03
7.768393541536751400e+03
7.773634014762314109e+03
7.780294663666752058e+03
7.796739389171240873e+03
7.800136934169729102e+03
7.802606695390999448e+03
7.812107629334631383e+03
7.813222485723986210e+03
7.806364557655596400e+03
7.789252724717636738e+03
7.779156438660202184e+03
7.742488867692251006e+03
7.697336358883397224e+03
7.703751530329833258e+03
7.699422263167822166e+03
7.681150910847688465e+03
7.650432650174297123e+03
7.650462602668585532e+03
7.658045527788809522e+03
7.620530347911427270e+03
7.641426257492575132e+03
7.684920618990538060e+03
7.688565798848138002e+03
7.678959214988970416e+03
7.702662573901807264e+03
7.700659111842936909e+03
7.669039177805069812e+03
7.667290826026109244e+03
7.652521276387210492e+03
7.687334406611724262e+03
7.651916760599257032e+03
7.622534178830027486e+03
7.588742797330526628e+03
7.614774950291248388e+03
7.619304024684095566e+03
7.669532362048662435e+03
7.722683288452775741e+03
7.697216466916556783e+03
7.706153967412484235e+03
7.724134543215273879e+03
7.708030465172336335e+03
7.701712296208343105e+03
7.693579867791341712e+03
7.683131717376142660e+03
7.698807512694298566e+03
7.730911121275285041e+03
7.744285790308403193e+03
7.734073571749588154e+03
7.754736776698788162e+03
7.760850159265572984e+03
7.756574973294916163e+03
7.770445426784284791e+03
7.797968732350981554e+03
7.794691818386734667e+03
7.799156992015849028e+03
7.811188171896791573e+03
7.787839721214369092e+03
7.803691387730572387e+03
7.787107462480743379e+03
7.760583543957802249e+03
7.714261229495178668e+03
7.700488052261285702e+03
7.650515919076082355e+03
7.649149218473893598e+03
7.655170434769088388e+03
7.661507809750404704e+03
7.619940610329012088e+03
7.631041071661260503e+03
7.647519388932706534e+03
7.672049538909223884e+03
7.680313003352899614e+03
7.689640268565019142e+03
7.685555916645455909e+03
7.695300354060000245e+03
7.695272437967149926e+03
7.703463956569100446e+03
7.675722030705302132e+03
7.610558343233771666e+03
7.563009924047017194e+03
7.579658392156597984e+03
7.586548164674404688e+03
7.633787918925181657e+03
7.676135660967347576e+03
7.649638777058220512e+03
7.726783116799218988e+03
7.727488411772390464e+03
7.721927567526522580e+03
7.660694598156987922e+03
7.693370582116896003e+03
7.679529134834246179e+03
7.695177437598315009e+03
7.674020555138761665e+03
7.620080846901131736e+03
7.690462625099717116e+03
7.697891741568000725e+03
7.754244931143416579e+03
7.714624578222586933e+03
7.733444898850178106e+03
7.754162607433313497e+03
7.755195390398870586e+03
7.750487004251044709e+03
7.719909485616914935e+03
7.764262342255945441e+03
7.752390111190725293e+03
7.792520900739576064e+03
7.818078771253104605e+03
7.843289109299119445e+03
7.817265042843894662e+03
7.868622044400085542e+03
7.876804524592456801e+03
7.864798820060421349e+03
7.849397914417028915e+03
7.839614363388720449e+03
7.847619131521982126e+03
7.817836185366528298e+03
7.831227991020657100e+03
7.822509688681143416e+03
7.827305518884321827e+03
7.864345269144102531e+03
7.847972877762789722e+03
7.869450810912981979e+03
7.830775494877221718e+03
7.777989214828076001e+03
7.772600175861411117e+03
7.755187223242770415e+03
7.760800834125165238e+03
7.823320406057930995e+03
7.793692583396811642e+03
7.817477260771220244e+03
7.805946720222499607e+03
7.775786559400033184e+03
7.763345946960227593e+03
7.726140824426003746e+03
7.736566991581034927e+03
7.810071143596664115e+03
7.814380722358924686e+03
7.798196718487482030e+03
7.803331708473428080e+03
7.750905610820976108e+03
7.824164130274325544e+03
7.795567338485413529e+03
7.807408884250448864e+03
7.802227337446479396e+03
7.852028156749283880e+03
7.850496351775286712e+03
7.883600887584381780e+03
7.870973564942321900e+03
7.875882882957404036e+03
7.914021409854831290e+03
7.916599938022252900e+03
7.897336318429931453e+03
7.902590893728031006e+03
7.873417893551825728e+03
7.853648766493436597e+03
7.834019867104897457e+03
7.823018968168497850e+03
7.804226755774771846e+03
7.776960587019629202e+03
7.806425563651709126e+03
7.772792025641209875e+03
7.778538246963700658e+03
7.775048072571395096e+03
7.734841887643507107e+03
7.727664618098410756e+03
7.704490775224395293e+03
7.638441859232138086e+03
7.641818691851235599e+03
7.554555772394181986e+03
7.563901600499154483e+03
7.539628490545786008e+03
7.586329315522044453e+03
7.580399435254953460e+03
7.669781446900677111e+03
7.603933397315357070e+03
7.548478253867507192e+03
7.686999060905821352e+03
7.676057317335567859e+03
7.684058930586664246e+03
7.746951637789928100e+03
7.777585826442944381e+03
7.833200360787379395e+03
7.781205082725417014e+03
7.790875768413181504e+03
7.782199941373200090e+03
7.753820808164915434e+03
7.705507759421881929e+03
7.740494930495252447e+03
7.816519872855676113e+03
7.777552658034622254e+03
7.689114800641794318e+03
7.622036992859910242e+03
7.633593278878416641e+03
7.759312932830243881e+03
7.695576267740652838e+03
7.651003323201449348e+03
7.701671493103933244e+03
7.752101439358531024e+03
7.703846246033881471e+03
7.739857434831743376e+03
7.768779656535096365e+03
7.790763651586243213e+03
7.796371957724885760e+03
7.845889196228075889e+03
7.863579891444309396e+03
7.806883951176124356e+03
7.793427138093668873e+03
7.715160287294058435e+03
7.689589699478374314e+03
7.642868415107125657e+03
7.652881100111550950e+03
7.595169060507493668e+03
7.525805653473788880e+03
7.579851393996679690e+03
7.543402026312774069e+03
7.433071276271495663e+03
7.389182927936129090e+03
7.442047113204902416e+03
7.324799359007929525e+03
7.310238913491467429e+03
7.274834778756337982e+03
7.348643479383223166e+03
7.342708956500386194e+03
7.378570584354210951e+03
7.326907708530238779e+03
7.289266656524954669e+03
7.347200772691120619e+03
7.381765335358710217e+03
7.356293021991930800e+03
7.320685423843638091e+03
7.491275806589601416e+03
7.486662362091354225e+03
7.595391381031832680e+03
7.587475033068407356e+03
7.672978952606087660e+03
7.693866425130559946e+03
7.690993341761128249e+03
7.594717984743720081e+03
7.578049019313624740e+03
7.673414775895465027e+03
7.579999781335333864e+03
7.591691439630785680e+03
7.551061829716300053e+03
7.463923303277097148e+03
7.549279026502983470e+03
7.609403136939449723e+03
7.469155926725854442e+03
7.496556692403853049e+03
7.510217675709577634e+03
7.443631007584715917e+03
7.312028559909728756e+03
7.182634441973051253e+03
7.096171126899333103e+03
6.845083782325325956e+03
6.937887632409484468e+03
6.822413415651674768e+03
6.953696861164624352e+03
6.831877752111516202e+03
6.758795982045728124e+03
6.800581837149492458e+03
6.751562831290505528e+03
6.661517703272088511e+03
6.556786902089880641e+03
6.463791172522455781e+03
6.704269964898840954e+03
6.700593615314415729e+03
6.629028262850803003e+03
6.788204562099354007e+03
6.653692212182617368e+03
6.722724358603505607e+03
6.687558578021968060e+03
6.563128075655299654e+03
6.573986635447927256e+03
6.728920918833112410e+03
6.638489936191736888e+03
6.603428394185753859e+03
6.359425798740686332e+03
6.319119725451597333e+03
6.204531043864237290e+03
6.238033925636423191e+03
6.136110938099702253e+03
6.192905694770744958e+03
6.317385897249281697e+03
6.548794158325296848e+03
6.698555424080111152e+03
6.619213339419017757e+03
6.556652634018326353e+03
6.403991159220518057e+03
6.216872146793140018e+03
6.406112912149698786e+03
6.425141109932018480e+03
6.289757569690392302e+03
6.340521684512498723e+03
6.423350295815034769e+03
6.627536692877554742e+03
6.818768729922447164e+03
6.826037351053286329e+03
6.797444855955961430e+03
6.770424585135344387e+03
6.681264603019215429e+03
6.656714404306991128e+03
6.666344403984106975e+03
6.753801661485002114e+03
6.811514939250292628e+03
6.681186975886444998e+03
6.810906700681268376e+03
6.857856991232776636e+03
6.899814611973877618e+03
6.954580821362908864e+03
7.030020298738280871e+03
6.886462858744474033e+03
6.905717363368406950e+03
7.018665790951503368e+03
7.072370995172294897e+03
7.059965469731278972e+03
7.149078756790064290e+03
7.069579389505416657e+03
7.075553207217705676e+03
7.007412380161590590e+03
7.051330662647272220e+03
7.121005941771308244e+03
7.047808800610051549e+03
7.070400788270861085e+03
7.191097816129102284e+03
7.174037097227267623e+03
7.220752398645218818e+03
7.189463543769105854e+03
7.191840194395974322e+03
7.143897336547805935e+03
7.115916697792193190e+03
7.141253523407398461e+03
7.105566067602382645e+03
6.968060877009267642e+03
6.990194671882539296e+03
7.099695030007769674e+03
7.238486022612728448e+03
7.266672056241485734e+03
7.206413671992655509e+03
7.224939593786903060e+03
7.234578274418510773e+03
7.240754878223602645e+03
7.298397415524742428e+03
7.233370017092514900e+03
7.337871745582028780e+03
7.360614860311764460e+03
7.462903989250641644e+03
7.426441044353332472e+03
7.430656943442689226e+03
7.455933329020657766e+03
7.531775028623906110e+03
7.550852100729602171e+03
7.450574696443600260e+03
7.372918173376077903e+03
7.316461791647068821e+03
7.239624014192800132e+03
7.273981850234737067e+03
7.276679062760305897e+03
7.249765484172630750e+03
7.202941934176842551e+03
7.230827380990447637e+03
7.212201461073930659e+03
7.345324023394124197e+03
7.285032425432733362e+03
7.376924899434189683e+03
7.499931939692106425e+03
7.387744755239236838e+03
7.359828278741763825e+03
7.394472373402350058e+03
7.339560831470402263e+03
7.502091680587790506e+03
7.505221472185261518e+03
7.466353398834527979e+03
7.404496601249753439e+03
7.493981828373810458e+03
7.453224815893599953e+03
7.457863139655260056e+03
7.442224615948501196e+03
7.487415321291352484e+03
7.524794627096168369e+03
7.625203096862057464e+03
7.549935690651983350e+03
7.629279353231926507e+03
7.617424417687200730e+03
7.646183004198120216e+03
7.600965625596270911e+03
7.550552168405407429e+03
7.526451285447345072e+03
7.475206378442785535e+03
7.443611360912886084e+03
7.440456094767711875e+03
7.416019238522709202e+03
7.444167270189788724e+03
7.341898024387122859e+03
7.289955310513796576e+03
7.276116590922228170e+03
7.243684963575543406e+03
7.111877242288926936e+03
7.055185271620133790e+03
6.868964767992246379e+03
7.035203337225688301e+03
7.118011745624834475e+03
7.108084177806598746e+03
7.010562410860496129e+03
6.984120793750441408e+03
6.945253272119719441e+03
6.819443326360798892e+03
6.561673737133804025e+03
6.585410422017965175e+03
6.695362250765981116e+03
6.769384635225263992e+03
6.847817826846405296e+03
7.008199693124620353e+03
6.983951134867195833e+03
6.911302025081182364e+03
6.910606048048417506e+03
6.866830403503405250e+03
6.916310634566895715e+03
6.771472793777257721e+03
6.964185120458662823e+03
6.999507803981320649e+03
7.147821498562962915e+03
7.127416663620757390e+03
7.055887674942318881e+03
6.993929629590084915e+03
6.964825327805866436e+03
6.786739133956788464e+03
6.684722277575093358e+03
6.634560971368667197e+03
6.683023174758945061e+03
6.689380759810536802e+03
6.790723565432852411e+03
6.776292153474591032e+03
6.907294749337866051e+03
6.938302885505637278e+03
7.066076877911644260e+03
6.989063679208522444e+03
7.105997441351216366e+03
7.091938192305313351e+03
7.294413913753561246e+03
7.323360127084089072e+03
7.393660507087679434e+03
7.460208590796723001e+03
7.412532114800545969e+03
7.414381560214201272e+03
7.380932219463648835e+03
7.459538325319904288e+03
7.503531277923822927e+03
7.487175569434067256e+03
7.414302240917753807e+03
7.365625359415753337e+03
7.311908290791862782e+03
7.142630339126366380e+03
7.184892814381804783e+03
7.218680802699652304e+03
7.208268251907057675e+03
7.244233563001973380e+03
7.211241489743157217e+03
7.180189422166617987e+03
7.206413861952572006e+03
7.262645078656012629e+03
7.264526832653390557e+03
7.302847306432166988e+03
7.445752947788234451e+03
7.393737987616861574e+03
7.202745146131582260e+03
7.350789538744271340e+03
7.309373953730592802e+03
7.286990096194133912e+03
7.286500390409244574e+03
7.279529004320712374e+03
7.343214719139072258e+03
7.312033435157208260e+03
7.437686178218576060e+03
7.433074504710557449e+03
7.349621664331501051e+03
7.403035863427860932e+03
7.454426507195680642e+03
7.529203549812567871e+03
7.570983490270780749e+03
7.548639386184733667e+03
7.575874368217591837e+03
7.663854521291552373e+03
7.729157696300839234e+03
7.714180121897790741e+03
7.794099322806416239e+03
7.818859504375353026e+03
7.856952215926184181e+03
7.845458548786810752e+03
7.903603759716119384e+03
7.911713546045318253e+03
7.852854641444442677e+03
7.853050454649872336e+03
7.782024795376470138e+03
7.779737388828687472e+03
7.788486572442591751e+03
7.777278937358845724e+03
7.740679750121478719e+03
7.810115915242703522e+03
7.816781092719220396e+03
7.799939355141313172e+03
7.760052872504426887e+03
7.746589342170415875e+03
7.652560200382969015e+03
7.617897514304270771e+03
7.730338767847229065e+03
7.658249982313824148e+03
7.624506605262041376e+03
7.603266755590755565e+03
7.686557905299035156e+03
7.758149316121262927e+03
7.821151186565863100e+03
7.839319529791539935e+03
7.877607458260925341e+03
7.910355476710290532e+03
7.906842158807527085e+03
7.885293184170434870e+03
7.934231654320337839e+03
7.964269875567328199e+03
7.975580429178855411e+03
8.020399641926187542e+03
8.015220930614520512e+03
8.019151508374341574e+03
8.009682769031604039e+03
8.058680776957031412e+03
8.001002522085197597e+03
7.963292073743557012e+03
7.905534993053649487e+03
7.874757946569811793e+03
7.861531705339557448e+03
7.831492222517194932e+03
7.888958721646838967e+03
7.878333137229702515e+03
7.915197668749900913e+03
7.970138465953979903e+03
8.024334070714732661e+03
8.081652254143545179e+03
8.058511129937567603e+03
8.037542395836649121e+03
8.017271268512997267e+03
7.999630146587743184e+03
7.978811836453920478e+03
8.007256512529740576e+03
7.925710353414671772e+03
7.909898374565857011e+03
7.905958244953328176e+03
7.943749202607226835e+03
7.947088079397461115e+03
7.907193775817943788e+03
7.915343018744160872e+03
7.831468627967409702e+03
7.776810469787532384e+03
7.713639625350027927e+03
7.711898480459845814e+03
7.611049705824391822e+03
7.644991776306287647e+03
7.619790265765861477e+03
7.766771450461536006e+03
7.806554203415145821e+03
7.795172667738805103e+03
7.798108054388637356e+03
7.884017100367779676e+03
7.982776230819626107e+03
