0.000000000000000000e+00
1.095577317755669355e-08
1.256194082088768482e-08
3.661079972516745329e-08
6.366099114529788494e-08
1.358057488687336445e-08
4.511093720793724060e-10
2.116212272085249424e-08
2.445085556246340275e-08
6.675873009953647852e-08
4.718276613857597113e-08
7.525522960349917412e-08
1.144671841757372022e-07
9.038558346219360828e-08
1.203316060127690434e-07
1.418047759216278791e-07
1.018524926621466875e-07
2.232736733276396990e-07
2.658835001057013869e-07
1.157495717052370310e-07
1.093048922484740615e-07
2.101660356856882572e-07
2.174601831939071417e-07
1.666976459091529250e-07
1.923399395309388638e-08
8.378265192732214928e-08
5.581023287959396839e-08
1.086100382963195443e-07
8.491588232573121786e-08
2.628203219501301646e-07
2.980941644636914134e-07
5.719448381569236517e-08
1.165044523077085614e-07
8.599454304203391075e-08
7.937524060253053904e-08
6.655500328633934259e-08
6.240952643565833569e-09
1.092284946935251355e-07
3.458098944975063205e-07
5.976235115667805076e-07
2.102406142512336373e-07
6.081554602133110166e-07
9.933846740750595927e-07
1.235270246979780495e-06
1.679229171713814139e-06
2.295093509019352496e-06
1.625276127015240490e-06
1.651647835387848318e-06
1.386248186463490129e-06
1.767355570336803794e-06
2.509461410227231681e-06
3.267912688897922635e-06
2.516875611036084592e-06
2.799168214551173151e-06
3.028137143701314926e-06
3.517492586979642510e-06
4.279225322534330189e-06
4.369427188066765666e-06
3.122442649328149855e-06
4.499257556744851172e-06
4.951945811626501381e-06
5.319559932104311883e-06
5.038451490690931678e-06
3.513718183967284858e-06
3.103004928561858833e-06
3.287153958808630705e-06
3.969134922954253852e-06
4.316843842389062047e-06
4.052428266732022166e-06
5.218278602114878595e-06
5.264302672003395855e-06
5.599473297479562461e-06
6.278840373852290213e-06
7.305645340238697827e-06
9.194407539325766265e-06
1.027417420118581504e-05
1.028464248520322144e-05
1.198816971736960113e-05
1.143371446232777089e-05
9.788433089852333069e-06
1.060882459569256753e-05
1.271808650926686823e-05
1.349301965092308819e-05
1.304944998992141336e-05
1.272151166631374508e-05
1.246273859578650445e-05
1.225283631356433034e-05
1.206143679155502468e-05
1.152159529738128185e-05
1.144402631325647235e-05
9.729095836519263685e-06
9.975683497032150626e-06
8.361792424693703651e-06
1.015989073493983597e-05
6.898600986460223794e-06
6.043384928489103913e-06
4.942492523696273565e-06
8.251687177107669413e-06
1.166170841315761209e-05
1.313282700721174479e-05
1.662996874074451625e-05
1.505881664343178272e-05
1.398886706738267094e-05
1.253032678505405784e-05
1.303109274886082858e-05
9.664428944233804941e-06
1.308876016992144287e-05
1.234089540957938880e-05
1.398538915964309126e-05
1.529084875073749572e-05
1.621997580514289439e-05
1.611758671060670167e-05
1.966785384865943342e-05
1.479029742768034339e-05
1.725152833387255669e-05
1.346287353953812271e-05
1.649067417019978166e-05
1.977528154384344816e-05
1.737438105919864029e-05
1.839899596234317869e-05
1.561702447361312807e-05
1.598491508048027754e-05
1.548487853142432868e-05
1.539767254143953323e-05
1.293733112106565386e-05
1.083973074855748564e-05
1.236022399098146707e-05
1.270299253519624472e-05
1.261760553461499512e-05
2.013957237068098038e-05
2.175514600821770728e-05
2.385805601079482585e-05
2.421626413706690073e-05
2.737126487772911787e-05
2.495552325854077935e-05
2.427262188575696200e-05
2.533474071242380887e-05
1.944460382219403982e-05
1.920102658914402127e-05
1.814482857298571616e-05
1.999103187699802220e-05
1.107330353988800198e-05
1.127541327150538564e-05
1.451242133043706417e-05
1.770142262103036046e-05
2.294397381774615496e-05
1.845064070948865265e-05
1.852621971920598298e-05
1.843805512180551887e-05
1.690715725999325514e-05
1.840827280830126256e-05
1.147284274338744581e-05
1.324459299212321639e-05
1.630537735763937235e-05
1.969720324268564582e-05
3.132420351903419942e-05
3.282389297964982688e-05
3.078081863350234926e-05
2.827899515978060663e-05
3.060320341319311410e-05
3.552730595401953906e-05
4.237961366015952080e-05
4.077092125953640789e-05
3.975063009420409799e-05
4.179109419055748731e-05
3.668766476039309055e-05
3.245259358664043248e-05
3.188296068401541561e-05
3.991770972788799554e-05
3.825586645689327270e-05
4.206872836221009493e-05
4.824053758056834340e-05
5.038832205173093826e-05
3.663339703052770346e-05
3.725427995959762484e-05
3.621628457040060312e-05
3.183585249644238502e-05
3.143636240565683693e-05
3.853123234875965863e-05
3.907497193722520024e-05
4.177738264843355864e-05
4.089329559064935893e-05
3.613876288000028580e-05
2.753039370873011649e-05
2.914875767601188272e-05
2.638499972817953676e-05
1.993757541640661657e-05
2.025618778134230524e-05
2.373009556322358549e-05
2.761978794296737760e-05
4.159620220889337361e-05
2.903663335018791258e-05
2.654479430930223316e-05
1.982102912734262645e-05
6.720159944961778820e-06
8.418710422120057046e-06
2.185406628996133804e-07
4.290681317797861993e-06
4.280733264749869704e-06
1.039337803376838565e-05
1.536632044008001685e-05
2.787065204756800085e-05
2.618890175654087216e-05
3.053396903851535171e-05
1.292445085709914565e-05
5.667541699949651957e-06
1.077412889571860433e-06
1.729082214296795428e-06
5.007985237170942128e-06
4.693125447374768555e-06
6.358177415677346289e-06
2.604674591566435993e-06
1.060272006725426763e-05
5.387710189097560942e-06
2.659331585164181888e-06
1.382981463393662125e-05
1.136660102929454297e-05
5.407015123637393117e-06
1.000316842691972852e-05
2.825455339916516095e-05
1.742354652378708124e-05
2.587107883300632238e-05
2.607727583381347358e-05
3.276984898548107594e-05
1.469676499255001545e-05
1.442281609342899173e-05
2.989991116919554770e-05
4.675497802963946015e-05
5.244476233201567084e-05
6.024094909662380815e-05
6.257634959183633327e-05
6.709929948556236923e-05
4.208396421745419502e-05
4.579949745675548911e-05
4.842526868742424995e-05
3.248237226216588169e-05
1.530238478153478354e-05
9.090224921237677336e-06
9.081504686037078500e-06
9.332288755103945732e-07
4.352710675448179245e-06
6.944314009160734713e-06
4.608400558936409652e-06
2.303077053511515260e-05
2.057652272924315184e-05
3.515497883199714124e-05
3.293181543995160609e-05
1.984334085136651993e-05
3.208244379493407905e-05
2.665647298272233456e-05
2.714004949666559696e-05
3.015265792782884091e-05
4.031111893709748983e-05
5.014697853766847402e-05
4.091750997758936137e-05
3.154271507810335606e-05
1.588892155268695205e-05
2.308863986399956048e-05
5.758786937803961337e-05
5.476175101648550481e-05
4.854502367379609495e-05
3.104562347289174795e-05
3.129769538645632565e-05
4.136160168854985386e-05
4.243846888130065054e-05
6.798156755394302309e-05
8.008142867765855044e-05
8.063350833253934979e-05
7.963164898683317006e-05
5.699848225049208850e-05
7.161755092965904623e-05
8.012864964257460088e-05
8.870615056366659701e-05
7.173004269134253263e-05
6.775321162422187626e-05
7.090030703693628311e-05
6.647351438004989177e-05
7.947283120302017778e-05
6.289041266427375376e-05
6.049479998182505369e-05
8.163580787368118763e-05
6.241051050892565399e-05
7.253292460518423468e-05
6.978586679906584322e-05
7.152579564717598259e-05
6.902479617565404624e-05
7.085123434080742300e-05
6.526338802359532565e-05
6.280952766246628016e-05
6.678288082184735686e-05
9.696632150735240430e-05
1.204914115078281611e-04
9.325939754489809275e-05
9.587444037606474012e-05
1.182887408504029736e-04
1.144822235801257193e-04
1.332806750724557787e-04
1.317784990533255041e-04
1.391374335071304813e-04
1.444167919544270262e-04
1.539418753964127973e-04
1.563530222483677790e-04
1.293904351769015193e-04
1.176735240733250976e-04
1.033472290146164596e-04
1.090333498723339289e-04
1.286399856326170266e-04
1.268011656065937132e-04
1.186747686006128788e-04
1.432635399396531284e-04
1.288398561882786453e-04
1.266386461793445051e-04
1.038275804603472352e-04
1.124708451243350282e-04
1.510283200332196429e-04
1.909648690343601629e-04
1.973756970983231440e-04
2.006521262956084684e-04
1.944661034940509126e-04
1.809908426366746426e-04
1.965520968951750547e-04
1.859554849943378940e-04
2.231867274531396106e-04
2.477743528288556263e-04
2.291311302542453632e-04
2.145532725990051404e-04
2.119929959008004516e-04
2.178368104068795219e-04
1.630703318369342014e-04
1.655086616665357724e-04
1.684286853560479358e-04
1.640847840462811291e-04
1.207764580613002181e-04
1.445142970624146983e-04
1.133644109359011054e-04
1.425515984010417014e-04
1.884784433059394360e-04
1.897838865261292085e-04
1.729013456497341394e-04
1.436599959561135620e-04
1.391756559314671904e-04
1.348865334875881672e-04
1.062879655364667997e-04
8.389206959691364318e-05
1.170671730506001040e-04
9.219410094374325126e-05
7.113674837455619127e-05
3.310846841486636549e-05
2.269405740662477911e-05
4.639208782464265823e-06
1.375567080685868859e-05
3.123854912701062858e-05
3.449718860792927444e-05
1.472609619668219239e-05
5.994197636027820408e-06
2.778857015073299408e-05
1.023864388116635382e-05
1.955081825144588947e-05
1.903707925521302968e-05
2.738097828114405274e-05
6.919976840435992926e-05
8.780397183727473021e-05
8.280902511614840478e-05
4.873700891039334238e-05
5.812649578729178756e-05
8.261511175078339875e-05
3.624174132710322738e-05
1.649687510507646948e-05
8.002134018170181662e-05
1.097580316127277911e-04
9.409294398210477084e-05
1.327974441664991900e-04
1.071401638910174370e-04
1.329566075582988560e-04
1.204930467793019488e-04
1.420458247594069690e-04
1.720036470942432061e-04
1.891313877422362566e-04
1.527229924249695614e-04
1.693441699899267405e-04
1.300542007811600342e-04
1.160532810899894685e-04
1.928880064951954409e-04
2.551250054239062592e-04
2.316781083209207281e-04
2.071964117931202054e-04
1.454461598768830299e-04
1.592431781318737194e-04
1.690954213700024411e-04
1.875920279417186975e-04
1.730088497424731031e-04
1.453057648177491501e-04
1.546478306408971548e-04
1.195611657749395818e-04
7.894997725088614970e-05
1.000629890768323094e-04
1.340684011665871367e-04
1.511255250079557300e-04
1.218973156937863678e-04
1.315831195825012401e-04
8.604755203123204410e-05
3.190425559296272695e-05
9.263834363082423806e-05
6.757180381100624800e-05
1.162775843113195151e-04
1.247555228474084288e-04
1.289816427743062377e-04
1.465558543713996187e-04
1.546712555864360183e-04
2.045611508947331458e-04
1.979272965400014073e-04
1.950005789694841951e-04
2.039602040895260870e-04
1.960961471922928467e-04
1.872170378192095086e-04
1.500175276305526495e-04
1.818791970435995609e-04
1.455437013646587729e-04
1.661842725297901779e-04
2.062822604784741998e-04
2.245473715447587892e-04
2.291112868988420814e-04
1.992699217225890607e-04
2.319342002010671422e-04
2.760287025012075901e-04
3.256686450185952708e-04
2.849433694791514426e-04
2.448653704050229862e-04
2.308419116161530837e-04
2.820368299580877647e-04
3.254022922192234546e-04
3.427710180403664708e-04
3.295383248769212514e-04
2.970070527226198465e-04
2.624829212436452508e-04
2.107418313244124874e-04
2.314859302714467049e-04
2.022969692916376516e-04
1.927635075844591483e-04
2.340377795917447656e-04
3.288586558483075351e-04
3.171923635818529874e-04
2.740675372479017824e-04
2.613887809275183827e-04
2.975646457343827933e-04
3.364368149050278589e-04
3.540874331520171836e-04
3.834900617221137509e-04
4.005381288152420893e-04
4.458795792743330821e-04
5.066450121375964954e-04
4.960973637935239822e-04
5.511187955562490970e-04
5.799461359856650233e-04
6.581169327546376735e-04
5.996370200591627508e-04
6.647283880738541484e-04
6.372697971528396010e-04
5.734192764066392556e-04
5.100922480778535828e-04
5.229955313552636653e-04
5.442073434096528217e-04
5.124984381836839020e-04
4.857741187151987106e-04
5.070237402833299711e-04
5.398427965701557696e-04
5.117414602864300832e-04
4.476668636925751343e-04
3.908881262759678066e-04
3.487629692244809121e-04
3.279177235526731238e-04
2.547466847317991778e-04
2.851886929420288652e-04
2.304939043824560940e-04
2.989238200825639069e-04
2.861836346710333601e-04
2.606303423817735165e-04
1.472696167184039950e-04
1.085490366676822305e-04
6.830705024185590446e-05
7.742384150333236903e-05
9.997637971537187696e-05
4.484133205551188439e-05
8.102152787614613771e-05
8.169793363776989281e-05
1.388674354529939592e-04
4.315646037866827101e-05
4.770376835949718952e-05
5.663460615323856473e-05
1.736347439873497933e-04
1.391045589116401970e-04
1.719846841297112405e-04
7.068997729220427573e-05
4.654928488889709115e-05
6.606422903132624924e-05
3.819271478278096765e-05
7.773946526867803186e-05
5.004329068469814956e-05
5.142113695910666138e-05
1.043905613187234849e-04
8.329998854605946690e-05
5.265578147373162210e-05
4.634202923625707626e-07
2.738727016549091786e-05
4.850800542044453323e-05
2.036986188613809645e-06
3.727116381924133748e-05
1.091138619813136756e-05
4.579078813549131155e-05
3.829275738098658621e-05
4.420815639605280012e-05
1.189216127386316657e-04
2.049017512035788968e-04
1.624107189854839817e-04
1.758753733156481758e-04
2.938335037470096722e-04
2.677210759429726750e-04
2.136831808456918225e-04
2.482560830685542896e-04
3.129537253698799759e-04
4.068091457156697288e-04
4.352093073975993320e-04
4.414686191012151539e-04
4.802734456461621448e-04
5.428054028016049415e-04
6.331730764941312373e-04
6.005138511682162061e-04
7.364740631601307541e-04
8.024700618989299983e-04
7.970457863848423585e-04
7.571681780973449349e-04
7.014639286353485659e-04
8.349300533154746518e-04
6.607268333027604967e-04
6.118595265434123576e-04
5.791961320937843993e-04
6.241048613446764648e-04
6.413405262719606981e-04
6.562902399309678003e-04
7.062047425279160962e-04
6.905842183186905459e-04
7.574800092697842047e-04
7.826905330148292705e-04
8.493010718666482717e-04
8.064542471402091905e-04
8.698780948179773986e-04
9.785586407815571874e-04
9.627577092032879591e-04
9.151610938715748489e-04
8.798292947176378220e-04
8.894005168258445337e-04
9.544484255457064137e-04
9.473839381826110184e-04
9.265454518754268065e-04
8.732353417144622654e-04
8.602523175795795396e-04
9.015944033308187500e-04
8.772811106609879062e-04
9.369997442263411358e-04
1.047311894581071101e-03
1.048216025083092973e-03
1.109624769014772028e-03
1.134989290221710689e-03
1.167168895335635170e-03
1.210806674862396903e-03
1.323937043707701378e-03
1.177690150143462233e-03
1.309531222432269715e-03
1.418622920027701184e-03
1.359831197987659834e-03
1.330188091742456891e-03
1.300974017794942483e-03
1.373729670376633294e-03
1.487972367613110691e-03
1.473846719818538986e-03
1.434598465493763797e-03
1.492721568865817972e-03
1.442888746169046499e-03
1.463586657337145880e-03
1.475375171139603481e-03
1.436527641999418847e-03
1.446124864742159843e-03
1.474263754062121734e-03
1.527649053969071247e-03
1.599160619662143290e-03
1.572357043187366799e-03
1.753832926624454558e-03
1.748817585394135676e-03
1.781836384907364845e-03
1.791680211681523360e-03
1.851258017268264666e-03
1.931541897647548467e-03
1.957029819095623679e-03
1.959907207492506132e-03
1.931170427269535139e-03
1.891336112748831511e-03
1.792281504094717093e-03
1.920555727338069119e-03
1.978891992621356621e-03
1.987929352253559045e-03
1.949889545358018950e-03
1.981922509003197774e-03
2.216304685134673491e-03
2.422069335807464086e-03
2.446470483846496791e-03
2.433879049931420013e-03
2.300738471603835933e-03
2.117359226758708246e-03
2.094969184327055700e-03
2.155146577933919616e-03
2.236125819763401523e-03
2.290906884809373878e-03
2.351242595977964811e-03
2.385948726441711187e-03
2.434892156088608317e-03
2.446192494971910492e-03
2.389594865235267207e-03
2.304502890183357522e-03
2.297653214554884471e-03
2.309465835423907265e-03
2.272288655149168335e-03
2.369652023844537325e-03
2.413433305264334194e-03
2.491147446562536061e-03
2.571527969848830253e-03
2.668034947419073433e-03
2.594221876279334538e-03
2.560972117862547748e-03
2.603534692752873525e-03
2.518387107556918636e-03
2.455461180943530053e-03
2.518448363844072446e-03
2.476780531651456840e-03
2.521883567169425078e-03
2.422995494271162897e-03
2.370897593209519982e-03
2.372952996665844694e-03
2.474715673088212498e-03
2.441858510792371817e-03
2.421358180072274990e-03
2.408551295957295224e-03
2.286025561261340044e-03
2.066050326902768575e-03
2.067673554847715423e-03
2.129820604750420898e-03
2.087233502606977709e-03
2.220214812041376717e-03
2.014155956203467213e-03
1.868051467681652866e-03
1.951293081219773740e-03
1.919179550895933062e-03
1.958410841325530782e-03
1.918802834552479908e-03
1.870541393145686015e-03
1.959927651114412583e-03
1.921722136103198864e-03
1.908797161377151497e-03
1.937305492901941761e-03
2.075364986012573354e-03
2.097673825119272806e-03
2.057951840470195748e-03
1.994933410969679244e-03
2.011157726883538999e-03
2.040837891399860382e-03
1.961269883395289071e-03
1.915496999572496861e-03
2.001913189815240912e-03
2.010349593547289260e-03
2.183395305110025220e-03
2.218931071183760650e-03
2.182121168516459875e-03
2.301299346072482876e-03
2.219422663984005339e-03
2.159488785764551722e-03
2.203722573540289886e-03
2.156080732675036415e-03
2.273087115099770017e-03
2.353822246732306667e-03
2.403823733402532525e-03
2.495426266250433400e-03
2.518945164410979487e-03
2.549639551943982951e-03
2.383629032919998281e-03
2.472055850375909358e-03
2.616870613564969972e-03
2.648031613716739230e-03
2.755795272605610080e-03
2.679219103811192326e-03
2.796187001877115108e-03
2.937010993264266290e-03
3.027677381396642886e-03
3.101081898421398364e-03
3.107302036369219422e-03
3.244196368541452102e-03
3.244950610678642988e-03
3.222694551368476823e-03
3.462989679974270985e-03
3.556020750693278387e-03
3.371124703335226513e-03
3.546629148331703618e-03
3.541112009770586155e-03
3.445153557549929246e-03
3.415033273995504715e-03
3.327653210362768732e-03
3.293821508123073727e-03
3.419146591113531031e-03
3.399050698135397397e-03
3.556177300197305158e-03
3.442551904299762100e-03
3.464877330770832486e-03
3.529735200572758913e-03
3.480448624031851068e-03
3.383450575711322017e-03
3.340089473567786627e-03
3.357202760525979102e-03
3.368493862581090070e-03
3.402842046853038482e-03
3.392338549019768834e-03
3.104559138591866940e-03
3.093772897045710124e-03
2.925468465036829002e-03
3.185159032000228763e-03
3.114947556241531856e-03
3.064611684749252163e-03
3.091238917477312498e-03
3.148434394461219199e-03
3.050091772820451297e-03
3.285448021415504627e-03
3.289132577265263535e-03
3.296453822258627042e-03
3.074319412917247973e-03
3.036916710698278621e-03
2.971177664221613668e-03
2.988377051224233583e-03
2.865372263840981759e-03
2.858425803424324840e-03
2.818530736476532184e-03
2.910599056122009642e-03
2.990254493852262385e-03
3.032097016330226324e-03
3.250884205044712871e-03
3.202066454832674935e-03
3.253856481023831293e-03
3.182217053108615801e-03
3.076892624449101277e-03
3.190740279023884796e-03
3.383224488061387092e-03
3.536782043738639913e-03
3.611329737395863049e-03
3.314573286843369715e-03
3.236894235669751652e-03
3.461927872194792144e-03
3.393168575712479651e-03
3.306063907075440511e-03
3.282793761172797531e-03
3.370549378814757802e-03
3.221728442440507933e-03
3.028379938768921420e-03
2.894812863814877346e-03
2.847718720659031533e-03
2.869408675906015560e-03
2.789271482470212504e-03
2.667325958100263961e-03
2.766256075119599700e-03
2.855677121260669082e-03
2.633508516737492755e-03
2.680507144759758376e-03
2.543621500080917031e-03
2.648303487148950808e-03
2.483640368154738098e-03
2.445933199851424433e-03
2.549234897742280737e-03
2.778447525997762568e-03
2.922121748270001262e-03
2.937275085059809498e-03
2.753185841356753372e-03
2.611284327940666117e-03
2.650866515978123061e-03
2.723940480791497976e-03
2.700280792851117440e-03
2.678435899724718183e-03
2.697437148526660167e-03
2.737373684794874862e-03
2.564925249316729605e-03
2.589540845292503946e-03
2.570251199358608574e-03
2.701145394894410856e-03
2.347285648284014314e-03
2.431787232126225717e-03
2.653865420143119991e-03
2.671727766937692650e-03
2.852616491509252228e-03
2.794081316096708179e-03
2.960365540275233798e-03
3.096058026130776852e-03
3.120229030173504725e-03
3.060157550862641074e-03
3.050199338758829981e-03
3.150713911963975988e-03
3.196915045919013210e-03
3.271779984061140567e-03
3.376557404408231378e-03
3.463073469902155921e-03
3.446896906098118052e-03
3.262954354795510881e-03
3.251013196859275922e-03
3.322459446280845441e-03
3.076411359870689921e-03
3.107527933025266975e-03
3.131992260023253039e-03
3.132537889541708864e-03
3.063035719605977647e-03
3.026150154255446978e-03
3.016555067006265745e-03
3.062606776438769884e-03
2.871144613891374320e-03
2.804170913805137388e-03
2.916408531746128574e-03
3.101969070485210977e-03
3.034137802387704141e-03
2.979316544951871037e-03
2.963802886370103806e-03
2.857201368897221982e-03
2.880904423363972455e-03
2.689565029868390411e-03
2.739226370977121405e-03
2.597083794171339832e-03
2.673490100278286263e-03
2.641856264745001681e-03
2.833142114468500949e-03
2.799792278892709874e-03
3.062352105189347640e-03
3.235563333873869851e-03
3.331405148855992593e-03
3.420441355046932586e-03
3.651820345112355426e-03
3.736055616172961891e-03
3.642069919806090184e-03
3.496220666420413181e-03
3.358027615831815638e-03
3.457563812844455242e-03
3.454769845120608807e-03
3.428310461458750069e-03
3.256602140027098358e-03
3.119158674962818623e-03
2.741371716183493845e-03
2.730001147938310169e-03
2.799747360768378712e-03
3.033180049897055142e-03
3.299452417195425369e-03
3.153267141897231340e-03
3.199537182808853686e-03
3.391892243598704226e-03
3.326927031594095752e-03
3.234912523112143390e-03
3.229531826946185902e-03
3.549496583218569867e-03
3.485793349682353437e-03
3.402720038138795644e-03
3.257700223912252113e-03
3.354927279360708781e-03
3.393078683075145818e-03
3.434290971199516207e-03
3.539505971275502816e-03
3.617671172833070159e-03
3.486210389382904395e-03
3.606926333304727450e-03
3.823897519396268763e-03
3.790300997934537008e-03
3.929828066247864626e-03
3.836866129859117791e-03
3.679138311781571247e-03
3.622453483330900781e-03
3.385941299711703323e-03
3.354206191943376325e-03
3.599882467824500054e-03
3.482563661236781627e-03
3.453776525930152275e-03
3.515510397846810520e-03
3.624099641456268728e-03
3.547751031874213368e-03
3.549328646840876900e-03
3.649802139989333227e-03
3.586965114664053544e-03
3.636540544903255068e-03
3.626170742791146040e-03
3.567361749446718022e-03
3.368359775777207687e-03
3.233900117265875451e-03
3.015615922777215019e-03
2.650177595569402911e-03
2.672969354534870945e-03
2.506627683033002540e-03
2.561336365033639595e-03
2.239651526906527579e-03
2.269693712150910869e-03
2.314258950718794949e-03
2.571143393652164377e-03
2.513698076654691249e-03
2.523885879782028496e-03
2.653045035913237371e-03
2.735404612394631840e-03
2.648824502102797851e-03
2.716875414989772253e-03
2.921532171967555769e-03
3.021706219442421570e-03
2.840271255990955979e-03
2.753552987996954471e-03
2.752056761892163195e-03
2.702014231545035727e-03
2.843854996172012761e-03
2.666826901986496523e-03
2.698784956010058522e-03
2.576535518528544344e-03
2.677177064470015466e-03
2.600805562906316482e-03
2.519408122680033557e-03
2.499128999261301942e-03
2.623973248773836531e-03
2.487724963430082425e-03
2.368683515669545159e-03
2.058431515251868404e-03
2.271796960485517047e-03
1.814691031540860422e-03
1.690885719654033892e-03
1.961226453204290010e-03
1.790309941497980617e-03
1.672507596595096402e-03
1.614700982827343978e-03
1.502289329437189735e-03
1.308667415287345648e-03
1.011397027468774468e-03
1.441854725271696225e-03
1.604249669981072657e-03
1.674545073910849169e-03
1.577748211275320500e-03
1.604692117325612344e-03
1.613151078345254064e-03
1.851418161095352843e-03
1.970662606254336424e-03
1.957137492354377173e-03
2.031793686910532415e-03
2.289120595378335565e-03
2.507573148250230588e-03
2.694076005354872905e-03
2.912963111157296225e-03
2.468251479513128288e-03
2.687218518985901028e-03
2.714252672376460396e-03
2.623527163450489752e-03
2.864659645638312213e-03
2.521748396247858182e-03
2.389640552792116068e-03
2.502689834727789275e-03
2.555697203206364065e-03
2.679608996913884766e-03
2.704256034121499397e-03
2.877235197956906632e-03
2.830019564498797990e-03
2.805374095260049216e-03
2.630166873132111505e-03
2.709111020521959290e-03
2.925873253843747079e-03
3.006927550813998096e-03
3.058597669223672710e-03
2.910207080276450142e-03
2.818065624524024315e-03
2.794341275148326531e-03
2.944585132354404777e-03
2.875264630347373895e-03
2.764998997008660808e-03
2.856877716112649068e-03
2.959581552204326726e-03
2.681063902855385095e-03
2.654204014106653631e-03
2.556224802901851945e-03
2.538228001867537387e-03
2.341932880881358869e-03
2.498698104318464175e-03
2.531851572712184861e-03
2.564549507951596752e-03
2.643198522491729818e-03
2.614425606225267984e-03
2.899114377214573324e-03
2.984686376294121146e-03
3.096974536674679257e-03
3.112046246315003373e-03
3.215376602383912541e-03
3.308280138298869133e-03
3.327647880723816343e-03
3.388567311048973352e-03
3.455007721640868112e-03
3.557548063326976262e-03
3.640384118625661358e-03
3.785092505495413207e-03
3.642035017037414946e-03
3.246505493734730408e-03
3.306302925921045244e-03
3.378868443178362213e-03
3.226966244255891070e-03
3.317455006254022010e-03
3.646519680842175148e-03
3.578298470529261976e-03
3.642583104010554962e-03
3.405815070436801761e-03
3.337006926813046448e-03
3.547226753653376363e-03
3.504099218844203278e-03
3.516579812639974989e-03
3.638578900790889747e-03
3.514324123898404650e-03
3.465928919467842206e-03
3.594669362428248860e-03
3.618729953814181499e-03
3.370270433151745237e-03
3.442526181970606558e-03
3.429407634030212648e-03
3.475917885225499049e-03
3.476546398815116845e-03
3.436177417825092562e-03
3.228348026823368855e-03
3.118886486845440231e-03
3.404766268431558274e-03
3.478844824712723494e-03
3.279627686424646527e-03
3.376552782356156968e-03
3.313420889753615484e-03
3.378990058990893885e-03
3.536838503350736573e-03
3.336644433147739619e-03
3.320218678709352389e-03
3.460129004452028312e-03
3.539746956448652782e-03
3.297055636721779592e-03
3.194881201125099324e-03
3.002849829499609768e-03
3.137580040856846608e-03
2.960061607154784724e-03
3.068882977458997630e-03
3.069475964366574772e-03
2.987114925417699851e-03
3.011961838637944311e-03
3.250528743592440151e-03
3.662490611532120965e-03
3.924787033611210063e-03
3.528757839376339689e-03
3.780630164328613319e-03
4.097314751561498269e-03
4.461156095203477889e-03
4.661712782763061114e-03
4.641317886125762016e-03
4.859470695009804331e-03
5.058630487837945111e-03
5.161525570656522177e-03
5.028021863836329430e-03
5.134825596542214043e-03
4.968878556610434316e-03
4.903556038698297925e-03
4.674417352362070233e-03
4.805041487998096272e-03
4.927548912746715359e-03
5.010731836591730826e-03
4.997708694645552896e-03
5.105086367620970123e-03
5.134883696882752702e-03
5.218728023464791477e-03
5.367478572225081734e-03
5.364325790651491843e-03
5.124286524733179249e-03
5.265195268293609843e-03
5.256244257907383144e-03
5.166399769223062322e-03
5.257760447420878336e-03
4.987226815501344390e-03
4.901237751255393960e-03
4.916342591968714260e-03
4.644215916414395906e-03
4.676700054915272631e-03
4.698404485679930076e-03
4.467914830456720665e-03
4.416488114657113329e-03
4.484427541683544405e-03
4.195571764284977689e-03
4.058412374433828518e-03
4.049867362482473254e-03
4.333763545218971558e-03
4.374211124741123058e-03
4.076600504049565643e-03
4.316610520618269220e-03
4.312340683100046590e-03
4.659817144784028642e-03
4.920293451505131088e-03
4.342024465586291626e-03
4.387919017972308211e-03
4.675965139540494420e-03
4.634044611520948820e-03
4.388209681565058418e-03
4.400787431222852319e-03
4.208232507153297774e-03
3.943670439184643328e-03
3.542403132087201811e-03
3.440131351453601383e-03
3.507748084302875213e-03
3.655329035609611310e-03
3.944221061829011887e-03
4.093551722689880989e-03
4.481360678255441599e-03
4.771880430780583993e-03
4.602530618285527453e-03
5.124690063894377090e-03
5.107949817102053203e-03
5.123154793182038702e-03
5.114964453241555020e-03
4.604978954375837930e-03
4.752346989334910177e-03
4.678090497691300698e-03
4.412298005263437517e-03
4.679159110310138203e-03
4.543418641333119012e-03
4.781649498909246176e-03
4.809476837181136943e-03
5.162959214430884458e-03
5.135016781423473731e-03
5.218813170358771458e-03
5.189457888263859786e-03
5.189103361772140488e-03
5.138873721080017276e-03
5.084028325654799119e-03
5.096851631606114097e-03
5.246274657110916451e-03
5.230555394518887624e-03
5.302296178342658095e-03
5.106685019200085662e-03
4.755707968797651120e-03
4.708281934654223733e-03
4.426768940902547911e-03
4.531265869445633143e-03
4.606986625731224194e-03
4.484499122554552741e-03
4.703482041804818437e-03
4.617123409843770787e-03
4.590046355588128790e-03
4.531316015345510095e-03
4.779123482876457274e-03
4.761724236232112162e-03
4.556782725558150560e-03
4.623327302397228777e-03
4.989188089894014411e-03
5.068593600299209356e-03
5.055414641901734285e-03
5.009942318793036975e-03
4.957663195455097593e-03
5.005129232813487761e-03
4.855725572269875556e-03
4.939433241816004738e-03
5.145334655026090331e-03
4.993901899069896899e-03
4.950698605171055533e-03
4.805715323527692817e-03
4.836163043364649639e-03
5.191125377677963115e-03
4.674372779845725745e-03
5.152564412128413096e-03
5.130396890308475122e-03
5.003841122743324377e-03
4.714761325885774568e-03
4.711165342087042518e-03
4.599323474394623190e-03
4.882031251327134669e-03
4.920648483675904572e-03
5.091156888738623820e-03
5.299755448504583910e-03
5.584573600572184660e-03
5.331390995706897229e-03
5.018114814447471872e-03
5.325026208083727397e-03
5.360112339985789731e-03
5.102251456264639273e-03
5.004446406019269489e-03
4.711581505034700967e-03
4.694902041592285968e-03
4.696289237472228706e-03
4.551334821371710859e-03
4.779791039254632778e-03
4.609409472323022783e-03
4.432986313986475579e-03
4.197501055386965163e-03
4.106422875338466838e-03
3.908891862010932527e-03
3.967224500229349360e-03
3.744686580830602907e-03
3.698837241245200858e-03
3.782205089009949006e-03
4.009624721220461652e-03
3.967025073507102206e-03
3.885314528815797530e-03
3.603555167501326650e-03
3.406266539968783036e-03
3.733417834155261517e-03
3.576358187274308875e-03
3.711014996952144429e-03
3.852901747450232506e-03
3.834969280433142558e-03
4.073451264048344456e-03
3.425728751608403400e-03
3.281823812358197756e-03
2.994146574565093033e-03
2.776507912130909972e-03
2.660486661625327542e-03
2.757974449195899069e-03
2.795381671603536233e-03
3.059824613956152461e-03
3.179366614858736284e-03
3.040191999389207922e-03
3.005566673891735263e-03
2.942790442830300890e-03
2.882698636312852614e-03
2.841840285327634774e-03
3.211692237528041005e-03
3.078323670706595294e-03
3.176773188897641376e-03
3.141839355521369725e-03
3.166618080285843462e-03
3.345335329868248664e-03
3.118775466646184213e-03
3.057969563087681308e-03
3.339310265801032074e-03
3.491930016025435179e-03
3.467906270088860765e-03
3.178368084263638593e-03
3.160842385113937780e-03
2.920038919910439290e-03
2.813821163726970553e-03
2.934344518507714383e-03
2.803411080094520003e-03
2.697448526305379346e-03
2.658985800735536031e-03
2.663711828063242137e-03
2.779211690722149797e-03
3.096007843851111829e-03
3.351024759467691183e-03
2.906115212681470439e-03
2.292725677762064151e-03
1.830277142289560288e-03
1.627461659154505469e-03
1.541458486826741137e-03
1.919887681651744060e-03
1.977897849428700283e-03
2.084895186271751300e-03
2.191899293393362314e-03
2.654637642990564927e-03
2.793089197439257987e-03
2.764601276794564910e-03
2.775113453026278876e-03
2.982333235195255838e-03
3.147741892462363467e-03
3.565033282939111814e-03
3.527477269017254002e-03
3.132328782157856040e-03
3.003530768182827160e-03
3.133492557026329450e-03
3.005932101586950012e-03
2.767894984572194517e-03
2.814957300870446488e-03
3.085407241087523289e-03
2.707486171857453883e-03
2.805622347295866348e-03
2.518108882213709876e-03
2.494556089004618116e-03
2.967316348076565191e-03
3.101875498032313772e-03
3.041912799744750373e-03
2.716538963795755990e-03
2.765768067547469400e-03
2.636967903526965529e-03
2.417640467683668248e-03
2.285806996951578185e-03
1.599478606294724159e-03
1.256306048162514344e-03
1.459451743357931264e-03
1.375074054521974176e-03
1.409649732522666454e-03
1.506905053247464821e-03
2.029306700933375396e-03
2.378250543188187294e-03
2.153512152290204540e-03
2.117219552019378170e-03
1.744319119097781368e-03
1.867380673502339050e-03
2.212310204413370229e-03
2.003796660574153066e-03
1.864943813416175544e-03
2.148277588275959715e-03
2.252906406283727847e-03
2.154631049052113667e-03
2.115453200531192124e-03
2.036300784311606549e-03
2.532883578169276007e-03
2.763583825071691535e-03
2.437096984067466110e-03
2.433665427815867588e-03
2.359878413699334487e-03
2.211547471233643591e-03
1.888594597403425723e-03
2.021861502726096660e-03
2.573364970885450020e-03
2.327291502297157422e-03
1.989953711017733440e-03
1.985045215405989438e-03
1.960485073141171597e-03
1.866413907919195481e-03
1.912293475470505655e-03
1.739744435326429084e-03
1.495001364673953503e-03
9.343631827505305409e-04
7.849803550925571471e-04
1.107348050936707295e-03
1.172383083030581474e-03
9.875468713289592415e-04
1.595715810253750533e-03
2.129292079189326614e-03
1.654547702855779789e-03
2.176819316446199082e-03
2.355306794925127178e-03
2.211236269431537949e-03
2.761941477729124017e-03
2.577155895778560080e-03
2.387222333709360100e-03
2.522351753214024939e-03
2.468091141054173931e-03
2.700025012018159032e-03
2.385899553701165132e-03
2.569254622358130291e-03
3.089844749410985969e-03
2.987041869346285239e-03
2.738270552072208375e-03
2.569965765360393561e-03
2.502625464330776595e-03
2.624005463076173328e-03
2.500512926417286508e-03
2.553740383518743329e-03
2.872983495763037354e-03
2.950246895125019364e-03
2.960010535389301367e-03
2.957654171041212976e-03
2.674334145922330208e-03
2.654695364981307648e-03
2.784255544611369260e-03
2.868053810743731447e-03
2.824631010298617184e-03
3.007705307027208619e-03
2.946080765468650497e-03
2.645918733833241276e-03
2.769026963505893946e-03
3.213406202121404931e-03
2.972713988128816709e-03
2.374847570536076091e-03
2.849568956662551500e-03
3.089241428824607283e-03
2.965834215501672588e-03
2.599563664261950180e-03
2.463290767991566099e-03
2.857807972759474069e-03
3.046936213650042191e-03
3.443806177529040724e-03
3.245514262744109146e-03
3.125165243545779958e-03
3.187244134096545167e-03
3.763108250495861284e-03
3.859196009216248058e-03
3.296319137007230893e-03
3.381916816579177976e-03
3.261539142840774730e-03
3.296073118690401316e-03
3.461355034232838079e-03
3.303858240542467684e-03
3.330599904074915685e-03
2.749758315985673107e-03
2.844931901563541032e-03
2.281764143845066428e-03
2.246670706881559454e-03
2.492621466444688849e-03
2.316278079888434149e-03
1.949631498064263724e-03
2.364835147091071121e-03
2.572711364337010309e-03
2.605219651741208509e-03
2.364647920330753550e-03
2.247347125376109034e-03
1.953052240423858166e-03
2.310752635821700096e-03
1.876916272522066720e-03
1.426732080290094018e-03
1.583617622600286268e-03
1.079698718967847526e-03
1.454350309359142557e-03
1.287245400817482732e-03
1.007623086479725316e-03
7.899328138591954485e-04
5.810591537738218904e-04
2.058944883174262941e-04
1.861307173385284841e-04
2.274567850690800697e-04
5.654998676618561149e-04
5.474916561070131138e-04
5.543216429941821843e-04
6.492899683507857844e-04
9.556694240018259734e-04
1.141338882007403299e-03
6.751307064405409619e-04
6.935940873518120497e-04
3.353171523485798389e-04
2.463644523231778294e-04
5.316107326507335529e-04
1.113413709390442818e-04
2.503916402929462492e-05
2.452900735079310834e-04
2.875338595913490281e-04
2.488727059244411066e-04
2.649359521456062794e-04
3.543210896168602630e-04
9.229182160197524354e-04
7.757870753266615793e-04
1.670078090683091432e-04
3.840160898107569665e-04
5.124057861394248903e-04
6.624596189794829115e-04
1.024747461997321807e-03
1.204041240271180868e-03
1.631683080631773919e-03
1.813044118534890004e-03
2.962048771223635413e-03
2.768007101622060873e-03
2.603717895908630453e-03
2.898319711675867438e-03
3.176140366122126579e-03
3.260124443841050379e-03
3.423394682613434270e-03
3.303241357571096160e-03
3.700315432070055977e-03
3.716303976034396328e-03
3.777687696128850803e-03
3.655241942396969534e-03
3.496554229059256613e-03
3.715736262165592052e-03
3.399399762201937847e-03
3.484950819256482646e-03
3.108755105131422170e-03
3.298211893707048148e-03
3.151786664602695964e-03
2.839135526301106438e-03
2.837128587998449802e-03
2.703643729546456598e-03
2.321822716112365015e-03
2.964039795188000426e-03
2.796934486468671821e-03
3.182320027917739935e-03
2.968414617498638108e-03
2.563510606705676764e-03
2.827474014338804409e-03
2.746544409092166461e-03
2.461620320900692604e-03
2.791845952742733061e-03
2.997490561028826050e-03
3.232148468669038266e-03
3.352923449710942805e-03
2.953626686576171778e-03
2.791840484860586002e-03
2.767670117464149371e-03
2.996611065100296400e-03
3.297075720183784142e-03
3.738007837455370463e-03
3.529456955220666714e-03
3.801423565164441243e-03
3.461815462287631817e-03
3.497934036204242148e-03
3.308282872239942662e-03
3.503363610434462316e-03
3.061612929741386324e-03
2.890152958570979536e-03
2.879005376598797739e-03
3.181115396728273481e-03
3.217436373233795166e-03
3.408812781344749965e-03
4.143394342463579960e-03
4.461899305169936270e-03
4.379507065095822327e-03
4.420910225235274993e-03
4.932272173391538672e-03
4.875103935773950070e-03
5.421398804173804820e-03
5.572077217948390171e-03
5.760233445471385494e-03
6.063248467398807406e-03
5.916135329243843444e-03
5.423051459729322232e-03
5.025866497817332856e-03
5.057655043856357224e-03
4.589908754496718757e-03
4.593981719153816812e-03
4.530426202109083533e-03
5.000773300707805902e-03
5.505922543306951411e-03
6.249681980989407748e-03
6.232440402527572587e-03
6.245138443773612380e-03
6.431618989154230803e-03
6.237391802642378025e-03
6.307325305897393264e-03
6.159491134894778952e-03
5.677295115674496628e-03
5.599182193691376597e-03
5.676071557900286280e-03
5.982678398140706122e-03
5.751850578235462308e-03
5.641241075863945298e-03
5.572764066528179683e-03
5.890395716050988995e-03
5.704698191038914956e-03
5.966230170088238083e-03
6.185289057611953467e-03
5.879843476577661932e-03
5.728450478272861801e-03
5.416677116954815574e-03
4.968855035258457065e-03
4.917244938042131253e-03
4.593608178765862249e-03
3.406219693715684116e-03
3.539310788255534135e-03
3.225759088309132494e-03
3.099912733887322247e-03
2.953997463919222355e-03
3.613938304624753073e-03
3.540722766047110781e-03
3.435908000028575771e-03
3.388137341971741989e-03
3.181882546414271928e-03
3.496598870697198436e-03
3.325703703012550250e-03
3.318235703773098066e-03
3.259133343817666173e-03
2.960249141324311495e-03
3.835842522676102817e-03
4.244653860951075330e-03
4.277840631402796134e-03
3.908706845322740264e-03
4.848507940550916828e-03
4.919455242998083122e-03
5.102762113892822526e-03
5.032367986132157966e-03
5.652988978908979334e-03
5.754422061727382243e-03
5.533848247068817727e-03
5.739105183238280006e-03
5.459973250253824517e-03
5.248262285022065043e-03
4.842132004341692664e-03
4.317001248637097888e-03
4.611635131368529983e-03
4.774454890139168128e-03
3.892943546816240996e-03
3.576361326850019395e-03
3.802046265263925306e-03
3.323488439491484314e-03
4.114496538022649474e-03
4.563188875181367621e-03
4.563762213365407661e-03
4.033719849758199416e-03
3.632039471995085478e-03
3.900243718817364424e-03
4.579205558911780827e-03
4.289380034606438130e-03
4.569777202050318010e-03
4.240557307639392093e-03
4.144581185755669139e-03
3.461678732492146082e-03
3.781375384278362617e-03
2.954316700197523460e-03
3.454786343354498968e-03
2.903134087318903767e-03
3.183995710060116835e-03
3.099073310295352712e-03
2.877923754567746073e-03
2.871095013688318431e-03
2.986810686707030982e-03
2.769117074421956204e-03
3.034728146303677931e-03
3.370319511304842308e-03
2.881302101741312072e-03
2.994763510287157260e-03
2.846283408871386200e-03
2.366589869780000299e-03
1.694168280664598569e-03
1.939242249136441387e-03
2.458729424688499421e-03
2.183469941883231513e-03
1.970741559489397332e-03
1.808362370866234414e-03
1.995247101149288937e-03
1.763815551385050640e-03
1.964285049325553700e-03
2.355614527914440259e-03
2.574632893811212853e-03
2.411632669463870116e-03
2.436897126244730316e-03
2.048572903731837869e-03
2.052621919574448839e-03
2.206174032835406251e-03
1.393167081914725713e-03
7.360113322647521272e-04
1.407130825100466609e-03
1.514394392870599404e-03
1.781316886990680359e-03
1.131623112087254412e-03
9.015096693474333733e-04
1.068000230588950217e-03
5.622435219265753403e-04
1.017669756038230844e-03
3.613443550420925021e-04
5.393819428718416020e-04
2.055410950561054051e-04
7.230472328956238925e-04
3.449937485129339620e-04
2.468777529429644346e-05
8.350548869202611968e-04
1.388541881169658154e-03
9.652254739194177091e-04
6.530392074637347832e-04
5.789037295471644029e-04
3.101614856859669089e-04
9.793740900931879878e-05
8.902780791686382145e-05
1.064175048668403178e-04
6.988960485614370555e-04
7.710307545494288206e-04
1.167463857200345956e-03
6.741728047927608714e-04
5.611553169728722423e-04
3.922969390259822831e-04
3.302238437754567713e-04
6.192652999743586406e-04
1.254359574886620976e-03
2.181953646868350916e-03
2.259078763017896563e-03
3.021734657522756606e-03
2.907832158598466776e-03
3.509984964694012888e-03
4.018023444587015547e-03
3.756519754460896365e-03
4.138547994443797506e-03
4.917326623399276286e-03
4.860270408244105056e-03
5.463249359308974817e-03
5.647266472806222737e-03
5.450863274745643139e-03
5.035080073866993189e-03
5.800083072244888172e-03
5.167257020730176009e-03
5.232056173554155976e-03
5.031332968428614549e-03
4.969045532561722212e-03
4.842175409066840075e-03
5.383548867030185647e-03
5.540437419767840765e-03
5.080044737042044289e-03
5.546362428503925912e-03
6.226265406439779326e-03
6.741113196767400950e-03
7.128497449230053462e-03
6.255368885831558146e-03
6.952334129891823977e-03
7.572593336590216495e-03
8.154425084285321645e-03
8.785409772826824337e-03
8.527697184035787359e-03
8.939950737840263173e-03
9.523355889541562647e-03
9.200367887387983501e-03
9.117484180023893714e-03
9.443374246984603815e-03
9.215342479365062900e-03
9.228501941834110767e-03
8.965932634964701720e-03
9.935687534380122088e-03
1.028266323737625498e-02
1.117122726827801671e-02
1.222185777623963077e-02
1.199074747091799509e-02
1.125102170226455200e-02
1.084867688587110024e-02
1.081339419033611193e-02
1.076112521695904434e-02
1.042448851694643963e-02
9.852284958469681442e-03
1.001279121919651516e-02
1.077813236042857170e-02
1.046078593935817480e-02
1.024012464222323615e-02
9.659635294156032614e-03
1.019462435033346992e-02
1.068633849354228005e-02
1.094224045118608046e-02
1.151095671048096847e-02
1.221809478010982275e-02
1.214405016253294889e-02
1.229786612566385884e-02
1.275768519553821534e-02
1.265325189888244495e-02
1.316702589247142896e-02
1.315362203968106769e-02
1.405671587599499617e-02
1.414169360759842675e-02
1.458348888991167769e-02
1.428468901940505020e-02
1.435046564438380301e-02
1.414993623802729417e-02
1.427428846182010602e-02
1.354755964894138742e-02
1.335901086713420227e-02
1.273234736618178431e-02
1.308393531689944211e-02
1.290366049943258986e-02
1.369215196064033080e-02
1.455303249713324476e-02
1.421474842027237173e-02
1.338678241336310748e-02
1.357165500849077944e-02
1.406957610925019253e-02
1.367540458340954501e-02
1.317106318310834467e-02
1.351135815821180586e-02
1.369290659386024345e-02
1.428193848914816044e-02
1.406096172649995424e-02
1.403195444800076075e-02
1.316555394623719621e-02
1.326936491022934206e-02
1.352709973980381619e-02
1.346377685695188120e-02
1.320267271148622967e-02
1.338251284323632717e-02
1.372746657398238312e-02
1.374310914616216905e-02
1.358910551789449528e-02
1.336912248370936140e-02
1.300255193382326979e-02
1.313617416599299759e-02
1.345951877920015249e-02
1.321542437835887540e-02
1.277037623003707267e-02
1.340066498232772574e-02
1.333419041839079000e-02
1.393026995174295735e-02
1.412357311892264988e-02
1.472795692279760260e-02
1.462443322270701174e-02
1.514584988217393402e-02
1.502785463708278257e-02
1.537594479304971173e-02
1.532520261025638320e-02
1.593486317324277479e-02
1.614084009634098038e-02
1.584173406263289507e-02
1.645179333354462869e-02
1.620701162028126419e-02
1.514028123710886575e-02
1.437342091048776638e-02
1.452812282877857797e-02
1.452429298842616845e-02
1.429465526780404616e-02
1.455891736441117246e-02
1.506577799409569707e-02
1.506508232159831095e-02
1.509659671864937991e-02
1.527649806303088553e-02
1.643620912363985553e-02
1.599857755354605615e-02
1.613087243276822846e-02
1.607604454875399824e-02
1.694500998019066174e-02
1.646242981769319158e-02
1.685934935812838376e-02
1.706335646122170147e-02
1.754588159565173555e-02
1.764994907171058003e-02
1.772830007575976197e-02
1.742915281465684529e-02
1.729883221378258895e-02
1.775850957528746221e-02
1.777017593667551409e-02
1.702901275166368578e-02
1.691857510559202638e-02
1.688367187489347998e-02
1.646777258793008514e-02
1.718497841102362145e-02
1.763484998082276434e-02
1.798481427977094427e-02
1.797228749092028011e-02
1.708960815994942095e-02
1.716784952441230416e-02
1.772511423951073084e-02
1.741734338247624692e-02
1.829012807502294891e-02
1.698604047851404175e-02
1.627394095885392744e-02
1.621981877542566508e-02
1.581744698705733754e-02
1.589269861506181769e-02
1.618327504002081696e-02
1.548193734925007448e-02
1.720074976765317842e-02
1.747921500827942509e-02
1.747622431139461696e-02
1.852428062738908920e-02
1.906514588335994631e-02
1.926316349818080198e-02
1.951221013950998895e-02
1.895443007197172847e-02
1.935714747560268734e-02
1.965898770140483975e-02
1.976618409207731020e-02
1.947647952692932449e-02
1.907533608391531743e-02
1.963191882714454550e-02
2.054105977731524035e-02
2.076181517622899264e-02
2.083801323533407412e-02
2.079701660113641992e-02
2.173307042357919272e-02
2.179112731209897902e-02
2.221575297335220966e-02
2.322915201511932537e-02
2.299943909929424990e-02
2.262657713436055928e-02
2.254360544247901998e-02
2.339761257280770224e-02
2.436302930982492398e-02
2.517647663989919238e-02
2.506437437841668725e-02
2.436098104772099759e-02
2.408589003243832849e-02
2.413249962410191074e-02
2.349028563185129315e-02
2.399520392827980686e-02
2.370102371423854493e-02
2.341234280902426690e-02
2.295292572307516821e-02
2.310506473804707639e-02
2.302230579152819701e-02
2.224381263840768952e-02
2.243438408913789317e-02
2.172504569716693368e-02
2.138615701187518425e-02
2.016826101680635475e-02
2.129137694646487944e-02
2.125726597842003684e-02
2.194663770205806941e-02
2.171050407559960149e-02
2.147277146650594659e-02
2.167747624480398372e-02
2.199214880238287151e-02
2.181200713130238000e-02
2.119679896895831916e-02
2.128967649696278386e-02
2.092422988607722800e-02
2.125179904942342546e-02
2.196987773822911549e-02
2.177240447417716496e-02
2.148342865984886885e-02
2.061421038888511248e-02
2.040238977497210726e-02
2.110933928815938998e-02
2.135568744051852264e-02
2.166567049971490633e-02
2.266173645693925209e-02
2.193682623146742117e-02
2.100862264342140406e-02
2.072332990610448178e-02
2.043568770204728935e-02
2.075228228568448685e-02
2.171918385101889726e-02
2.210553293116390705e-02
2.182196475405362435e-02
2.142613158684980590e-02
2.091719547934189904e-02
1.935854780094814487e-02
1.876889004415716045e-02
1.944529694083030336e-02
1.911822373403992970e-02
2.012354997896181885e-02
2.002429371714242734e-02
2.070390542212408036e-02
2.099279590947844554e-02
2.120980825566221029e-02
2.113292239482689183e-02
2.177029772974492516e-02
2.178981736869900487e-02
2.212666431842080783e-02
2.310163926085806452e-02
2.360171525469922926e-02
2.393533962822402827e-02
2.314312758971937001e-02
2.378526872053043917e-02
2.256803278032748494e-02
2.231984445097623393e-02
2.191729560945532285e-02
2.185815503253252245e-02
2.183062051153683569e-02
2.122869586310116574e-02
2.041515583914588206e-02
2.076056242731283419e-02
2.003717930710990913e-02
1.965978494263254106e-02
1.945242529836832546e-02
2.005626464961096644e-02
1.985909458926471416e-02
1.868221096083289012e-02
1.784781979040417355e-02
1.746560779974970501e-02
1.812622988290968351e-02
1.776183228685113136e-02
1.831642896650009789e-02
1.813060553286049981e-02
1.871950721397297457e-02
1.922889851994113997e-02
1.887663667730521411e-02
1.981798236010945402e-02
2.002248941971629392e-02
2.094415925967041403e-02
2.043271777256450150e-02
2.024132669066602830e-02
1.962901193292054813e-02
1.940444463070889469e-02
1.892892966679937672e-02
1.863937852067465428e-02
1.816260371742828283e-02
1.741235036388388835e-02
1.650431273083086126e-02
1.670850835762394127e-02
1.612520619346469175e-02
1.543768718693172559e-02
1.560875761606439482e-02
1.556231008726172149e-02
1.538499808521009982e-02
1.657999276358168572e-02
1.609528411790961400e-02
1.626838249831052963e-02
1.689398458438517991e-02
1.725695079767319839e-02
1.815085187081422191e-02
1.888219563443271909e-02
2.012642024055821821e-02
2.099357109182165004e-02
2.050010612583719194e-02
2.116530394414439797e-02
2.062176119034120347e-02
2.007262416373123415e-02
1.979125256912084296e-02
2.037503350766201038e-02
2.101598847366403788e-02
2.104966901788429823e-02
2.034898614147095941e-02
1.985984060047485400e-02
1.836566601741651539e-02
1.941538934806885663e-02
2.072427936946041882e-02
2.072912770563561935e-02
2.053620957121893298e-02
1.935388827587303240e-02
1.938069770403672010e-02
1.983893877513764892e-02
1.967497247824212536e-02
1.958641864075616468e-02
1.960592692012141924e-02
1.999723547305620741e-02
2.049646972409391310e-02
2.030311371891002636e-02
2.101355414743011352e-02
2.076519126421771944e-02
2.033623315583099611e-02
1.954130507692752872e-02
1.935723592396243475e-02
1.884134550346061587e-02
2.027545805867703166e-02
2.049437977984780446e-02
2.060614939182414673e-02
2.010865181546250824e-02
1.946023544769559521e-02
2.044932728858839255e-02
2.085923201229888946e-02
2.124975865990563761e-02
2.296702259991434403e-02
2.300761773949488997e-02
2.234014266286976635e-02
2.262720736507617403e-02
2.251640693611989263e-02
2.197828114185540471e-02
2.208983831224031746e-02
2.289104653391405009e-02
2.265750145670608617e-02
2.167622226443199906e-02
2.278191296136355959e-02
2.305186586090712808e-02
2.274022803794650827e-02
2.203764668956864625e-02
2.125014714329154231e-02
2.203488834493327886e-02
2.159558459788968321e-02
2.150249706573958974e-02
2.022555341136467177e-02
2.066853821634140331e-02
2.151284706269507296e-02
2.283523096593853552e-02
2.267405734528438188e-02
2.244773056190751959e-02
2.372773085153312422e-02
2.390861448293435387e-02
2.393322631360206287e-02
2.296902713351300918e-02
2.306025899815722369e-02
2.370625324147113133e-02
2.415500446659279987e-02
2.481963289028499275e-02
2.502348522284592036e-02
2.471372794752824120e-02
2.462291643860226031e-02
2.555782305353204720e-02
2.563981317871366628e-02
2.549332542184856720e-02
2.554285409314616118e-02
2.588237383861269336e-02
2.677241816672903951e-02
2.679883630298718344e-02
2.662812316157214809e-02
2.573666604803293012e-02
2.534008070324489381e-02
2.441250875745026860e-02
2.381811553277657367e-02
2.301293055643327534e-02
2.379032199132780079e-02
2.296114261298498604e-02
2.209688846596691292e-02
2.364057112026785035e-02
2.296196132920158561e-02
2.388921230158302933e-02
2.386989038677711505e-02
2.504866042181674857e-02
2.483699802542105317e-02
2.391608393008937128e-02
2.416237819488742389e-02
2.373833823548920918e-02
2.402191632972972002e-02
2.404644324815308210e-02
2.455952467062161304e-02
2.400657255748228636e-02
2.363604478159686550e-02
2.508558998670196161e-02
2.466178451322775800e-02
2.462978722178377211e-02
2.433824966101383325e-02
2.373362170692416839e-02
2.360082963423337787e-02
2.326409578563470859e-02
2.258831692051899154e-02
2.211713791257352568e-02
2.142686446313746274e-02
2.092969224213447887e-02
2.119883856903470587e-02
2.126700740154774394e-02
2.059407742672192398e-02
2.027981668470602017e-02
2.032434399916382972e-02
2.111726469047425780e-02
2.184212989595835097e-02
2.263181044145312626e-02
2.183140917986747809e-02
2.177427710375923198e-02
2.184364026834373362e-02
2.264589284641260747e-02
2.280781594708969351e-02
2.256941370615095366e-02
2.229746116427122615e-02
2.245959787614992820e-02
2.224332212063018233e-02
2.202704973569780122e-02
2.140744123789772857e-02
2.276261375118338037e-02
2.281309202589909546e-02
2.269510600854118820e-02
2.364315720478771254e-02
2.361951015154772904e-02
2.364611399571003858e-02
2.336309881320630666e-02
2.375942907019634731e-02
2.315567284495045897e-02
2.266967775722150691e-02
2.163296225990052335e-02
2.275765954618691467e-02
2.348945171979721636e-02
2.438005336989590432e-02
2.471736174265970476e-02
2.523948928683239501e-02
2.523358896723948419e-02
2.458240126907185186e-02
2.554207505090744235e-02
2.531224467202264350e-02
2.501254663366125897e-02
2.443284993569250219e-02
2.411078718432690948e-02
2.338929811230627820e-02
2.378615670022554696e-02
2.292377334561024327e-02
2.261573142459383234e-02
2.249234286318824161e-02
2.282130531239090487e-02
2.270350029175460804e-02
2.258317237465234939e-02
2.318918040145945270e-02
2.318709129758644849e-02
2.365809172806621064e-02
2.386053288319089916e-02
2.239073779855971225e-02
2.280929966764233541e-02
2.229012331918056589e-02
2.257828416441043373e-02
2.334265842000604607e-02
2.205233622953528538e-02
2.174008362999302335e-02
2.200128722324734554e-02
2.207793131492508110e-02
2.293036237642809283e-02
2.265526064365985803e-02
2.328583470261946786e-02
2.304884697696252260e-02
2.225468208234815393e-02
2.223987420074990951e-02
2.295451355166733265e-02
2.280074990267166868e-02
2.250745054334402084e-02
2.370735303520632442e-02
2.277763395977672189e-02
2.309159231481316965e-02
2.216013793258753140e-02
2.328063002642011270e-02
2.288231263810303062e-02
2.344713530874287244e-02
2.359390654783055652e-02
2.369669760992110241e-02
2.491842902236385271e-02
2.424861928739119321e-02
2.416632313725131098e-02
2.392010873336403165e-02
2.350006136293814052e-02
2.335003323241835460e-02
2.354499650937214028e-02
2.193185586838808376e-02
2.177362820657435805e-02
2.246558072693005670e-02
2.248288161354139447e-02
2.273636697645997629e-02
2.301364366576308385e-02
2.299727190802514087e-02
2.386063785343139898e-02
2.437048270439845510e-02
2.374839163167052902e-02
2.496947348481626250e-02
2.446817425698100124e-02
2.587251173645199742e-02
2.465343320727697574e-02
2.542729869128379505e-02
2.546640064247185364e-02
2.564060982149385381e-02
2.567036436630587559e-02
2.576587074872804806e-02
2.574783476120501291e-02
2.629940695442201104e-02
2.502321414976904634e-02
2.434584849288512487e-02
2.402693383191945031e-02
2.389955525723053142e-02
2.269656814496556763e-02
2.225072001238004304e-02
2.220600271175499074e-02
2.244861658437002916e-02
2.272831643495010212e-02
2.333474831175408326e-02
2.305522684764582664e-02
2.224272990861209109e-02
2.129260516812792048e-02
2.128138392799883150e-02
2.069771355127159040e-02
2.138711338011489715e-02
2.084690870651684236e-02
2.051648776614456438e-02
2.146595762133074459e-02
2.019700716118677519e-02
1.934007060663134325e-02
2.014793613852816634e-02
2.076164498066646047e-02
1.964830041288223583e-02
1.932949198817368597e-02
1.820299405517289415e-02
1.812328550477104727e-02
1.936624991139979102e-02
1.923374454599979799e-02
1.962100654418463819e-02
1.943800582557742018e-02
1.824514202780846972e-02
1.762768948901793920e-02
1.709614776882517617e-02
1.825337640912039205e-02
1.944758111494593322e-02
1.895695082384918351e-02
1.922458482295041904e-02
1.827601939112355467e-02
1.877031431831710506e-02
1.678328767047787551e-02
1.652958512204349972e-02
1.601143002335447818e-02
1.669263246367336251e-02
1.811509435901825782e-02
1.857990881217119750e-02
1.931906682330009062e-02
1.878618979390012100e-02
1.754416557014337741e-02
1.684386674605775625e-02
1.561856389344029594e-02
1.607330640945292544e-02
1.678159365474130027e-02
1.620934684979147278e-02
1.661536833853460848e-02
1.629688680623075925e-02
1.569694867976068053e-02
1.626945291354786605e-02
1.562292061134940013e-02
1.454735003790119663e-02
1.268639311456354335e-02
1.427803906517510768e-02
1.492235244768380653e-02
1.560154169783345424e-02
1.582373890778399073e-02
1.511621648023719899e-02
1.527947412068897393e-02
1.563654082747234497e-02
1.554975267026748043e-02
1.530931162778870203e-02
1.458843382897612173e-02
1.354759734931576531e-02
1.309669550755643286e-02
1.281513061985606328e-02
1.238384682619653177e-02
1.221172669647785369e-02
1.184917117097938899e-02
1.108221244430751540e-02
1.087152555373904761e-02
1.122681412562087644e-02
1.240954769491509069e-02
1.323252382462669630e-02
1.369514869838894811e-02
1.349060865686624311e-02
1.342542480051633902e-02
1.374829216911166441e-02
1.304314956905727740e-02
1.334338100787135772e-02
1.278256284967937972e-02
1.198041698626184370e-02
1.150825014883594122e-02
1.083055731760396156e-02
1.000302688589727040e-02
1.001424708192644175e-02
9.653288734625675716e-03
9.749191085575148463e-03
9.686693892945186235e-03
9.406336026586359367e-03
9.152991175142233260e-03
9.575585017955745570e-03
9.645269901739084162e-03
1.008341619308339432e-02
1.071120168126071803e-02
1.048153234114579391e-02
1.068438256879744586e-02
1.133167772786691785e-02
1.119487045070854947e-02
1.168818058249598835e-02
1.173490707333257888e-02
1.095671896291605663e-02
1.124452353360538837e-02
1.135309729943401180e-02
1.122124299763527233e-02
1.176930780457041692e-02
1.161666548978246283e-02
1.205218693394272123e-02
1.282403171899204608e-02
1.260289348829246592e-02
1.373027087356604170e-02
1.393336510227527469e-02
1.461294658292899840e-02
1.504517582179687452e-02
1.505145240298588760e-02
1.428348861008998938e-02
1.370448561283410527e-02
1.346840807309490629e-02
1.444015381821373012e-02
1.399142170521372464e-02
1.427183893611072563e-02
1.384103433701966424e-02
1.394296979378850665e-02
1.419380957668181509e-02
1.517289423281908967e-02
1.516178851125005167e-02
1.505134685794473626e-02
1.564878689350734930e-02
1.527166016057890374e-02
1.502556426385126542e-02
1.582217694522114471e-02
1.663542013375263195e-02
1.601913961349055171e-02
1.615489874893683009e-02
1.573301732423715293e-02
1.605786730942782015e-02
1.619984229728288483e-02
1.549327882639772724e-02
1.644523492723237723e-02
1.692559740331489593e-02
1.597530625986109953e-02
1.736150355463905726e-02
1.749867681246541906e-02
1.846673948602983728e-02
1.672086896905966569e-02
1.673064165879623033e-02
1.602858250225835945e-02
1.550011339531920385e-02
1.592617632923065685e-02
1.571655343832389917e-02
1.571613190390053205e-02
1.487727418316353578e-02
1.483335808552510571e-02
1.491214875750301871e-02
1.386733144317986444e-02
1.425182289858639706e-02
1.423913424150669016e-02
1.396890616524615325e-02
1.418658648435666692e-02
1.423789982072776183e-02
1.338037725145113654e-02
1.287552271969616413e-02
1.296181825637177099e-02
1.299199642198800575e-02
1.229249655625608284e-02
1.228546378843020648e-02
1.207779082324123010e-02
1.271798631933052093e-02
1.215565127677109558e-02
1.150709491957968567e-02
1.101886680771713145e-02
1.168601038079941645e-02
1.243132698982662987e-02
1.328128237582859583e-02
1.374335337459342554e-02
1.343476781221397687e-02
1.373703931858472060e-02
1.368753797396493610e-02
1.376908881866256706e-02
1.386708031895977911e-02
1.473122209245047998e-02
1.424515990220243111e-02
1.405829658870061394e-02
1.394138777141051833e-02
1.315442912709841039e-02
1.216627311623597052e-02
1.213514715345809236e-02
1.256939806444279384e-02
1.253712887773872353e-02
1.279913961479905993e-02
1.255213092190388124e-02
1.278768950032826979e-02
1.264242333854781464e-02
1.295780335749441292e-02
1.278208562871441245e-02
1.307104742045339663e-02
1.273891051278042141e-02
1.459431605508143548e-02
1.432420487617491744e-02
1.484888520462845918e-02
1.467194113865843974e-02
1.464623529318487272e-02
1.468435018796299119e-02
1.441650323613430373e-02
1.457545743687660433e-02
1.468261309855733998e-02
1.391428979150077794e-02
1.420544886605057400e-02
1.413564282302104402e-02
1.418084952274512034e-02
1.343769856794096995e-02
1.342871634187758900e-02
1.331183208822039887e-02
1.271160567921469919e-02
1.270495745484367944e-02
1.189562571926217061e-02
1.213715202356979717e-02
1.220994319191959221e-02
1.210036054180818610e-02
1.234383860355592333e-02
1.221371913197799586e-02
1.223956278954574373e-02
1.254464379053388257e-02
1.257730000179435592e-02
1.271692354384867940e-02
1.309814799788000528e-02
1.334628632139356341e-02
1.350404745244304650e-02
1.364987757006019820e-02
1.376052846717357170e-02
1.379396712945890613e-02
1.420553962088888511e-02
1.434483152479515411e-02
1.487875914972391911e-02
1.518148638024285901e-02
1.519414454014622606e-02
1.520898240960377734e-02
1.517737065296387300e-02
1.524453109777823556e-02
1.526304367689590435e-02
1.529776882307487540e-02
1.523329727388045285e-02
1.530399526745895855e-02
1.532970675361866597e-02
1.549789234923082404e-02
1.560883130514412187e-02
1.603326531221682671e-02
1.552229277695005294e-02
1.594681600181502290e-02
1.611987854812468868e-02
1.639863264608720783e-02
1.651328841398935765e-02
1.631246484976145439e-02
1.626703287183772773e-02
1.572043103624309879e-02
1.605761982318654191e-02
1.549014514421287458e-02
1.510832159328856505e-02
1.498048324538103770e-02
1.483411399021861143e-02
1.464920453145168722e-02
1.482844324164034333e-02
1.468017141814925708e-02
1.542815817629161756e-02
1.616076388745568693e-02
1.593412830698071048e-02
1.565126647437864449e-02
1.587205591567908414e-02
1.588453017393476330e-02
1.619232681878202129e-02
1.619505971211765427e-02
1.575601694457873236e-02
1.568835776015475858e-02
1.579813783246208914e-02
1.619133397252880968e-02
1.606907258246792480e-02
1.645119906970649026e-02
1.726055618019017857e-02
1.691351046792988200e-02
1.712120119736937340e-02
1.691834237863076851e-02
1.695667414423951413e-02
1.661547567346133292e-02
1.655582038620195817e-02
1.632062527278321795e-02
1.664971295394934714e-02
1.690803323072032072e-02
1.748749291255080607e-02
1.675530032480310183e-02
1.652175636263564229e-02
1.679929947749769781e-02
1.626594590197782964e-02
1.582659765699645504e-02
1.571076814980187919e-02
1.533841694254078902e-02
1.516033931329729967e-02
1.496567795220471453e-02
1.535635329310025554e-02
1.548787006140628364e-02
1.536580278479959816e-02
1.592581714976404328e-02
1.564688776306866203e-02
1.549733531101082917e-02
1.559313628786185291e-02
1.571092130325268954e-02
1.659654341165150981e-02
1.705684636544901878e-02
1.725962581804196816e-02
1.700812509261595551e-02
1.696423760768084321e-02
1.745598081106436439e-02
1.759915658840327524e-02
1.770921753450238612e-02
1.795958264301589224e-02
1.809176003371248953e-02
1.831167794080101885e-02
1.832546323930728249e-02
1.824486255463853013e-02
1.835957728144421708e-02
1.828570614452473819e-02
1.826167615581653081e-02
1.828581470726931002e-02
1.807813235609501135e-02
1.797226866437995341e-02
1.812575826443207916e-02
1.818399086005229037e-02
1.824729277723236009e-02
1.810469050178653561e-02
1.889386107359314337e-02
1.885590160964056849e-02
1.870989279450441245e-02
1.883823370735626668e-02
1.878080969800066669e-02
1.893636906243045814e-02
1.911887342794216238e-02
1.918906148057430983e-02
2.008563940398744307e-02
2.030277306221250910e-02
2.104164498996397015e-02
2.105622219823999330e-02
2.183544547551719006e-02
2.164561234349093866e-02
2.204000862730026711e-02
2.203501379699446261e-02
2.247073792023002170e-02
2.165203006916271988e-02
2.225910946071962826e-02
2.254176540736807510e-02
2.177264591955463402e-02
2.143285165584529750e-02
2.180511351070890669e-02
2.152510989799338859e-02
2.100867437002307270e-02
2.159778238819853868e-02
2.159567090347991325e-02
2.144261559260485228e-02
2.135874996929487679e-02
2.136715786764398217e-02
2.152204852063732687e-02
2.149627795915876050e-02
2.151537579993600957e-02
2.204123653064016253e-02
2.252948123532405589e-02
2.241622817928146105e-02
2.275800715869991109e-02
2.259248391237633768e-02
2.229642317979596555e-02
2.238195319296210073e-02
2.179843541853188071e-02
2.228729937996831723e-02
2.210062941412616055e-02
2.170353965448157396e-02
2.171467504012980498e-02
2.143120816981536336e-02
2.078372342475631740e-02
2.076154344649694394e-02
2.037387445307103917e-02
2.082450305351812858e-02
2.076472666522022337e-02
2.089057605371635873e-02
2.084349733559065498e-02
2.035123078894685023e-02
2.070107763574924320e-02
2.033837964336271398e-02
2.059320278021914419e-02
2.078158912263461389e-02
2.018207093533419538e-02
2.016976597042230424e-02
2.028910350782098249e-02
2.070516586536541581e-02
2.071807015818194486e-02
2.077798704885935877e-02
2.062450817356875632e-02
2.053989598971384112e-02
2.029806583050230984e-02
2.048808498511789367e-02
2.050718423561193049e-02
2.046538700233213603e-02
2.057685180989210494e-02
2.085318924036982935e-02
2.069794329872820526e-02
2.105099839354807045e-02
2.102465623465832323e-02
2.087336150907503907e-02
2.084161011407559272e-02
2.049609604182478506e-02
2.041341537551488727e-02
2.016426392947323620e-02
2.035686075396370143e-02
1.994027009823184926e-02
1.991861728856747504e-02
2.041616177302785218e-02
2.031166017695795745e-02
2.010994507691066246e-02
1.966274904407327995e-02
1.917072118703799788e-02
1.907672467496013269e-02
1.910145802321494557e-02
2.075671377860999200e-02
2.044071607815567404e-02
2.138084748185065109e-02
2.189006061053078156e-02
2.218924737098859623e-02
2.312441772664897144e-02
2.275756164635822643e-02
2.326799976799520664e-02
2.294057506333047058e-02
2.282378213749325369e-02
2.269711034205101896e-02
2.299494985345518216e-02
2.334660459746373817e-02
2.323313701526785735e-02
2.373197995802911464e-02
2.381259904177568387e-02
2.403975786728551611e-02
2.378310207677714061e-02
2.313038294050784316e-02
2.342125140603457112e-02
2.376815616298699751e-02
2.424859289567393716e-02
2.450366763514466584e-02
2.486505912384018302e-02
2.502922324129031040e-02
2.464165650235372595e-02
2.514646187592006754e-02
2.459866980098013300e-02
2.418495394704223145e-02
2.413876821083249524e-02
2.447879874489444774e-02
2.423323246875952464e-02
2.384890187568089459e-02
2.389096929800871294e-02
2.343768811806512531e-02
2.321636504530033562e-02
2.225244788860436529e-02
2.181800795005983673e-02
2.182821784117550123e-02
2.214134662790456787e-02
2.247256352166004945e-02
2.230791800684528425e-02
2.306446926741045900e-02
2.291722477639268618e-02
2.253672006372653414e-02
2.280371470988029614e-02
2.300558059687318746e-02
2.337456523491709959e-02
2.343235108673979994e-02
2.265595578865031712e-02
2.326407075270253699e-02
2.397053350432543084e-02
2.433647785619541537e-02
2.437001572252484038e-02
2.440867793848155998e-02
2.420627172978129238e-02
2.423510895278013777e-02
2.420001763675827533e-02
2.419758818723494187e-02
2.416859571712848265e-02
2.402768692627432756e-02
2.394139595344313420e-02
2.397037518494471442e-02
2.421865312498994172e-02
2.390894938616838772e-02
2.390159260721702594e-02
2.413205213633773383e-02
2.403397377383953426e-02
2.379662576095142867e-02
2.382589983790239785e-02
2.373455581982852891e-02
2.371954474438098259e-02
2.375136326190840919e-02
2.366791828171699308e-02
2.333124895812943578e-02
2.338186061570013408e-02
2.319992967932194006e-02
2.341790765603946056e-02
2.455648790419218130e-02
2.419268509765970521e-02
2.457221628537809011e-02
2.474679454826400615e-02
2.378678933382616378e-02
2.337878116304636933e-02
2.321857344759337138e-02
2.386170631871209480e-02
2.357449477312911768e-02
2.377184769102314021e-02
2.380835469921294134e-02
2.473509808623930439e-02
2.523516117798862979e-02
2.522062149728299119e-02
2.510114308461197652e-02
2.517562897446623538e-02
2.514552273169101682e-02
2.509926746643031947e-02
2.587207949000003282e-02
2.597859755223907996e-02
2.609829231369076297e-02
2.580525161647528876e-02
2.522662403680442367e-02
2.513324122810445260e-02
2.562986280463519506e-02
2.525370884359290358e-02
2.523624727473361418e-02
2.484919498419912998e-02
2.563705203465360682e-02
2.591115474569960497e-02
2.596241283572453540e-02
2.677937316366296727e-02
2.640149105536693241e-02
2.655006027089257259e-02
2.692713000215007924e-02
2.710064992970728781e-02
2.694005622470285743e-02
2.670160966044932138e-02
2.661362087201268878e-02
2.697016279307717923e-02
2.745284578668361064e-02
2.689469024517165963e-02
2.607441183317860123e-02
2.605651478188519832e-02
2.616759687225567177e-02
2.576141159988765139e-02
2.560307921703497414e-02
2.509423058108950499e-02
2.477096659640665166e-02
2.516450412258564029e-02
2.534172633204434533e-02
2.532632340080454014e-02
2.510050242381112184e-02
2.574398317483428400e-02
2.580728221255412791e-02
2.544833798674517311e-02
2.464420865908323321e-02
2.440866403048858047e-02
2.492959408118622378e-02
2.472679720631276723e-02
2.471521998086245731e-02
2.471675608649093192e-02
2.488823952080565505e-02
2.477573720716463868e-02
2.495325736526865512e-02
2.460198167682392523e-02
2.475879442135919817e-02
2.469935939916467760e-02
2.504204698561807163e-02
2.491554801417805720e-02
2.498637818825955037e-02
2.483764288081147242e-02
2.434686677042918745e-02
2.442228158906800672e-02
2.456557000368775334e-02
2.422736375956446864e-02
2.437221399486588780e-02
2.452645822631893679e-02
2.496375916234683245e-02
2.478727440575312357e-02
2.394302434549899772e-02
2.473944797384319827e-02
2.514681407046737149e-02
2.487477346221567132e-02
2.501011857020785101e-02
2.459741302664042450e-02
2.392241059351363219e-02
2.340992580138845369e-02
2.289619971452339087e-02
2.256868251242849510e-02
2.303787870550877415e-02
2.257100646420440171e-02
2.288424484322604258e-02
2.331767049327027053e-02
2.275308399839559570e-02
2.298333090948290192e-02
2.313433625386096537e-02
2.293576275769737549e-02
2.246435036977345590e-02
2.257029062820947729e-02
2.224849124650063459e-02
2.194020032402477227e-02
2.200551145870122127e-02
2.189320742763811722e-02
2.193228302530769724e-02
2.199640796243329532e-02
2.154054055790766142e-02
2.155487014351820108e-02
2.132171381708758418e-02
2.185630050189502072e-02
2.151801143918419257e-02
2.171597380765888374e-02
2.103073478247097228e-02
2.046544568474928383e-02
2.113085343626153190e-02
2.078097186131344642e-02
2.033679733540338930e-02
1.975255486286187079e-02
1.963571655505802482e-02
1.901043057296192273e-02
1.852301149483537301e-02
1.824008682888234034e-02
1.779077909486659337e-02
1.742403550451854244e-02
1.817929778007965069e-02
1.700343772608903237e-02
1.635229385647107847e-02
1.631215156885446049e-02
1.598948401988309342e-02
1.655021925398614258e-02
1.713341485447017476e-02
1.707274703767325263e-02
1.724401773572026286e-02
1.706443229886644986e-02
1.712239005610172171e-02
1.676416290138149634e-02
1.728064741655543912e-02
1.742745839146664366e-02
1.747858949966030195e-02
1.785397287858359050e-02
1.787090421203174628e-02
1.794630948097619694e-02
1.808276627525629010e-02
1.799114650748379063e-02
1.784935655632580165e-02
1.776949337909172755e-02
1.814496387669350952e-02
1.827219009646796621e-02
1.837167776648129802e-02
1.848728425466106273e-02
1.849922575638629496e-02
1.849156427488196641e-02
1.833293025083548855e-02
1.812053648427536245e-02
1.847334699050406925e-02
1.863533342111622915e-02
1.861600944175734185e-02
1.893650131751201116e-02
1.931334273649554234e-02
1.941793028709071223e-02
1.948674390041560400e-02
1.881459076867031399e-02
1.916774234450713266e-02
1.976673592798761092e-02
1.849910287637612782e-02
1.795329144442803226e-02
1.764658104366390035e-02
1.705732478149002418e-02
1.649237488709331956e-02
1.631127729524450842e-02
1.513866892128135078e-02
1.429922125862503890e-02
1.459213550515414681e-02
1.492510223943099845e-02
1.453823481460858602e-02
1.397933170665055513e-02
1.384657675771450158e-02
1.475702052084670868e-02
1.469081143113726284e-02
1.506662434803729411e-02
1.501664960778725799e-02
1.534285012348846067e-02
1.527490363696415443e-02
1.517256311126402579e-02
1.595418167926254682e-02
1.597988419416651595e-02
1.569634087900340091e-02
1.540499607654055580e-02
1.553147670892940369e-02
1.590996686172729824e-02
1.619998246496834327e-02
1.653544893997604959e-02
1.598049763742892537e-02
1.617937158880522475e-02
1.646171553875319660e-02
1.601695889803522732e-02
1.596749944474140648e-02
1.640918182602035813e-02
1.571357374814397190e-02
1.521765634424809832e-02
1.409038541714835446e-02
1.434089149734063540e-02
1.499785073974635452e-02
1.531825900747207925e-02
1.503969891382439528e-02
1.499462166248122230e-02
1.525342775858007371e-02
1.473203607565665152e-02
1.505022034689318389e-02
1.435513574324431829e-02
1.369164607967832126e-02
1.321171372546814382e-02
1.326597326260525733e-02
1.381598680927709211e-02
1.395556492207106203e-02
1.408437539248552639e-02
1.433878016905509867e-02
1.429729123083234299e-02
1.429891538282390684e-02
1.398656342462345492e-02
1.398993276779947337e-02
1.400844400086498354e-02
1.394743249693419784e-02
1.439223266606859397e-02
1.464186384873755742e-02
1.494888890010770410e-02
1.551818683947203681e-02
1.509484289090323728e-02
1.461358321830630302e-02
1.486828691486152820e-02
1.462318727681122255e-02
1.453957953344797716e-02
1.433894552064884920e-02
1.458882318001997191e-02
1.515125216064916458e-02
1.560874298593262210e-02
1.552634752260928508e-02
1.537791603186633438e-02
1.560203927510883659e-02
1.480474252639396582e-02
1.629718607000540942e-02
1.703521797026041895e-02
1.596924151090206578e-02
1.725492267360095866e-02
1.745136589124740567e-02
1.767295691934123170e-02
1.710539014857204165e-02
1.656934089078276884e-02
1.612217197725840379e-02
1.640362437501607928e-02
1.699793471379962284e-02
1.649506023204594385e-02
1.692999813167261891e-02
1.699111964626354165e-02
1.693851577510940842e-02
1.681708390788116958e-02
1.665300448621565010e-02
1.682572935351345222e-02
1.684254428982967511e-02
1.708275509554368909e-02
1.733940739904937800e-02
1.698507282526406925e-02
1.684381973609561101e-02
1.676210145706136245e-02
1.632409164994896855e-02
1.687021922407438979e-02
1.684909442155912984e-02
1.686930972027766984e-02
1.779848073419998400e-02
1.769971669637016021e-02
1.707059840191504918e-02
1.726546078862156719e-02
1.711213397902611177e-02
1.649423956405371428e-02
1.668125348624016624e-02
1.690109665833006147e-02
1.713915079017169774e-02
1.694651878096919972e-02
1.669452519854530692e-02
1.630830378417158499e-02
1.668606327621091623e-02
1.624318226095056161e-02
1.650372189214976970e-02
1.669102545747591648e-02
1.750989368520095013e-02
1.765595260803820565e-02
1.840669335433631204e-02
1.864454956194094848e-02
1.879621498483174946e-02
1.879985428786312696e-02
1.877047050402325112e-02
1.795767247858748306e-02
1.741920878703240305e-02
1.792765531718032435e-02
1.781781465433596168e-02
1.822690302105911542e-02
1.759046231745742261e-02
1.857553952140733600e-02
1.810847709930385463e-02
1.789884013669507112e-02
1.787841345867491327e-02
1.794079278261051513e-02
1.776945903111482039e-02
1.765829992291401140e-02
1.812766731200099457e-02
1.821903098425536882e-02
1.838124899586546235e-02
1.827094093096093275e-02
1.867245495668612421e-02
1.846888619365927298e-02
1.799820700034615584e-02
1.891380098459194414e-02
1.909851724667532835e-02
1.921811891406832729e-02
1.960619417150155641e-02
1.895972242527932394e-02
1.869915150746237487e-02
1.868658771672926378e-02
1.895476130994211417e-02
1.964573081750131678e-02
2.110592930148413870e-02
2.174128696606203448e-02
2.119645633683830965e-02
2.155686208061524667e-02
2.161200180125888437e-02
2.175610964513907675e-02
2.154816756228683516e-02
2.168027461448218673e-02
2.117490992168313824e-02
2.195369604305597022e-02
2.109886790094606113e-02
2.096264943429559935e-02
2.145929745347530115e-02
2.223033082736947108e-02
2.308985875424696133e-02
2.420483113382942975e-02
2.452769354749761987e-02
2.408209764143975917e-02
2.391731009083741810e-02
2.422149951598839834e-02
2.401465531511348672e-02
2.386250090785324574e-02
2.399735702601901721e-02
2.361283284699311480e-02
2.440692722484527621e-02
2.444269130137399770e-02
2.436066589507390745e-02
2.389574504377378616e-02
2.443876138022460509e-02
2.399479539963067509e-02
2.418419681089289952e-02
2.433626222773455083e-02
2.382652796950424090e-02
2.367037266412808094e-02
2.292714293616882060e-02
2.225598239783721510e-02
2.227249699535605032e-02
2.230980292006279342e-02
2.209658803258207627e-02
2.269752316169615369e-02
2.220768725055677351e-02
2.278536827725474723e-02
2.242821504660241771e-02
2.187826005501847249e-02
2.312063960744126234e-02
2.334688070004631300e-02
2.303267874776793178e-02
2.285487764675053768e-02
2.301452549909299705e-02
2.298476761279744096e-02
2.325840536650503054e-02
2.409010325573035516e-02
2.367120822418655735e-02
2.319375789920741227e-02
2.320452896492497530e-02
2.375589223265706096e-02
2.367239913110097405e-02
2.382909315747383516e-02
2.405665835794934537e-02
2.361309643492859323e-02
2.361863045371137559e-02
2.362522509974951390e-02
2.357331939128926024e-02
2.344826722946891095e-02
2.317673207835468929e-02
2.365598918731848244e-02
2.363129798686713912e-02
2.361223978732596152e-02
2.373099040960369166e-02
2.410433301338343881e-02
2.358771654689917341e-02
2.340741987063665874e-02
2.372653193560836371e-02
2.398433533926436212e-02
2.346075027344340924e-02
2.359092607912316453e-02
2.394856361570418812e-02
2.326791784798842855e-02
2.273605722257343587e-02
2.248846258771663997e-02
2.233369188797951210e-02
2.320288438750139903e-02
2.253070317055971827e-02
2.221735310376971029e-02
2.230297645292012021e-02
2.216661256898078136e-02
2.208199914639408235e-02
2.182994154281914234e-02
2.256111205133493058e-02
2.299199180379218888e-02
2.382614224370627198e-02
2.348212810647964943e-02
2.420585909203509800e-02
2.383488760278851259e-02
2.384789505777007435e-02
2.258415336291363928e-02
2.213415970800269861e-02
2.154945733127533458e-02
2.213807757834729273e-02
2.268470249873644207e-02
2.245236473572731484e-02
2.152583097995375283e-02
2.069369129094411619e-02
2.009477872525167186e-02
1.950199589555268176e-02
1.900366799236508086e-02
1.933621696298359893e-02
1.975013608353037853e-02
1.985871704891906120e-02
2.051984773243020754e-02
2.073290846965392120e-02
2.021943952422589064e-02
2.014917909036739729e-02
1.931803253137331922e-02
1.958849467337131500e-02
2.035452488780720159e-02
2.175127840564528015e-02
2.139730239468917716e-02
2.131204515717399772e-02
2.162343877353123389e-02
2.218471146807132754e-02
2.231406366627197713e-02
2.253844967344775796e-02
2.175083362817531452e-02
2.180486510587797966e-02
2.164213650394231081e-02
2.166580509037885349e-02
2.194238435367878992e-02
2.233457767579238862e-02
2.225441216069157235e-02
2.264597223802411463e-02
2.268099624234309886e-02
2.213434002260328270e-02
2.181836797353753354e-02
2.277246881385508459e-02
2.208757125117699616e-02
2.171425043525232468e-02
2.237742146280652378e-02
2.219633038112078793e-02
2.185996778462140355e-02
2.185241960796702188e-02
2.182784854085184634e-02
2.170942977318190970e-02
2.162259705073665828e-02
2.138027685941779055e-02
2.110009824536973611e-02
2.133954507189628202e-02
2.140344303188612685e-02
2.120809435473347548e-02
2.118589302881446201e-02
2.141027817560825497e-02
2.171871568316419143e-02
2.142480613110819831e-02
2.133772875640715938e-02
2.218208190060977358e-02
2.202487793147156481e-02
2.166914311965228990e-02
2.132349926796450745e-02
2.212709316700056661e-02
2.227378984207462054e-02
2.156016538356197998e-02
2.114197551964025479e-02
2.044844124793598894e-02
1.862935266581189353e-02
1.918919012678088620e-02
1.847655813617166132e-02
1.842710761411581188e-02
1.800138602447987068e-02
1.886683489829010796e-02
1.800687888317042962e-02
1.791506636254780460e-02
1.804281890872516669e-02
1.772227937726711389e-02
1.748458716974710114e-02
1.756790610852476675e-02
1.744841192521562334e-02
1.713829323125537485e-02
1.665052201678918209e-02
1.670520336483605206e-02
1.644142648183333222e-02
1.710698772876639850e-02
1.722959814287605695e-02
1.802283395045378711e-02
1.897177068167366087e-02
2.012306453070777934e-02
2.066390546497132163e-02
2.165098164186929353e-02
2.179280703785480000e-02
2.176804373812046833e-02
2.181534779992944095e-02
2.189793136676598806e-02
2.202722768379317131e-02
2.281883605792245362e-02
2.320253538709948771e-02
2.364873516307852697e-02
2.488737009662145283e-02
2.489256247281446122e-02
2.475862435312592424e-02
2.482043360760144424e-02
2.504786800272995606e-02
2.514547216560458764e-02
2.527944475878030062e-02
2.585803049259993713e-02
2.516220573670580052e-02
2.480766464213957079e-02
2.508401435443374794e-02
2.558605849662853871e-02
2.547065819271665532e-02
2.630005740320484620e-02
2.651066152975545265e-02
2.724310596750001423e-02
2.668318461655871943e-02
2.632227904541650787e-02
2.698747195972828194e-02
2.632199077197583392e-02
2.589174017703044228e-02
2.671509497486113105e-02
2.671001065209566150e-02
2.700586282298900187e-02
2.725174428451282438e-02
2.723026124112948310e-02
2.728943293004704174e-02
2.723853161114675459e-02
2.742345553815539461e-02
2.730196858101407997e-02
2.716592982142174151e-02
2.720834690444462467e-02
2.685239878883294296e-02
2.722213456399913412e-02
2.744347350744646974e-02
2.661894163065881003e-02
2.664123903741710819e-02
2.693216469378967304e-02
2.685317170107737184e-02
2.627252338970720302e-02
2.681094692525221035e-02
2.645266058425477240e-02
2.592009482577850576e-02
2.607148758579569403e-02
2.633486722879752051e-02
2.581860525970114395e-02
2.556531440859544091e-02
2.553215532498143148e-02
2.656629751982109156e-02
2.620609915902605280e-02
2.689079021001816727e-02
2.688492908964690287e-02
2.702140829387644771e-02
2.642644109619141091e-02
2.668319798794982489e-02
2.669870502904814202e-02
2.651812387921381742e-02
2.790678862220374867e-02
2.766886136851098854e-02
2.795182911540905479e-02
2.842187635906157084e-02
2.848900979370228015e-02
2.742936717550037429e-02
2.639590245416911785e-02
2.637445257823856082e-02
2.600251664262032136e-02
2.502183004980906844e-02
2.483799279616505373e-02
2.447564752765174489e-02
2.506874631944810972e-02
2.510911768149526324e-02
2.538527265460288618e-02
2.493618804510333575e-02
2.558463161949475762e-02
2.495157358316646423e-02
2.443755992317164782e-02
2.399698296540009324e-02
2.466015997924841940e-02
2.435008459724485874e-02
2.524586465187894646e-02
2.521076244374853559e-02
2.437959691451396793e-02
2.423962882494379301e-02
2.353880578084499575e-02
2.407888086963794194e-02
2.478755577976698987e-02
2.425846792357333470e-02
2.453216987123596482e-02
2.511672255241137464e-02
2.558901182965200860e-02
2.648022392895654775e-02
2.660446170921204612e-02
2.631082095467718318e-02
2.602084180944075342e-02
2.662853189576708246e-02
2.538905879555386491e-02
2.559471103813848458e-02
2.555100427161960397e-02
2.577691378974122927e-02
2.621292261028429493e-02
2.649100457711028866e-02
2.596549844020046294e-02
2.733446861020638607e-02
2.708017322584055364e-02
2.749068297453050036e-02
2.743451184142031707e-02
2.738887687519309111e-02
2.734953619983571116e-02
2.716721868819149677e-02
2.700004799953603651e-02
2.681677666078030597e-02
2.643452460324624553e-02
2.570217411630437709e-02
2.620614241095609032e-02
2.596849802102951799e-02
2.553671571149607189e-02
2.658767922912375070e-02
2.697319360777328257e-02
2.659108288753486704e-02
2.634395640052389354e-02
2.586048260855022818e-02
2.524104250369418878e-02
2.511415996559662744e-02
2.486877564115275163e-02
2.512455883697839454e-02
2.458965686855663080e-02
2.512080284577677958e-02
2.552680826556752436e-02
2.485344539854850154e-02
2.561441001125785988e-02
2.542019152315333486e-02
2.572915974815259688e-02
2.615876995878352318e-02
2.452895906208141241e-02
2.507930353021947667e-02
2.599347240902716294e-02
2.529488882646546699e-02
2.519865046633640304e-02
2.415385975291428622e-02
2.318586456203775015e-02
2.331366303405957296e-02
2.367435200540057849e-02
2.264469010515313130e-02
2.244641435936500784e-02
2.253759221821383107e-02
2.196698817715514451e-02
2.138741568523983005e-02
2.051625169951876160e-02
2.075171417163801380e-02
2.047389722793013789e-02
2.148142983241996262e-02
2.093731246895913500e-02
2.132256672484800220e-02
2.045587837528728414e-02
2.011424570628150832e-02
1.956908247302635573e-02
2.032119020441314206e-02
2.023230728264024947e-02
2.104125327423389535e-02
2.179637193876260426e-02
2.275016079147462733e-02
2.415555397055868525e-02
2.522503643922391348e-02
2.558835176387219690e-02
2.537850036605959758e-02
2.470089904272754211e-02
2.419941428706806619e-02
2.366741556761553511e-02
2.312842314859153703e-02
2.421631346987851430e-02
2.465070463040319737e-02
2.486006688559427857e-02
2.431309875828446820e-02
2.448351348539290484e-02
2.404154863870644476e-02
2.451980690966593102e-02
2.493693348515080288e-02
2.539318681010627188e-02
2.548968973133014515e-02
2.510065030764963012e-02
2.472865606614504941e-02
2.508541039242118131e-02
2.555550879515067209e-02
2.498500493493338581e-02
2.284163034164521378e-02
2.284398949268506840e-02
2.288250911806244403e-02
2.285413761455856729e-02
2.280466708907624707e-02
2.270360674992843997e-02
2.289198998369101901e-02
2.276752777106594294e-02
2.303997377748601139e-02
2.240809681461541913e-02
2.283202242688275874e-02
2.348867902765050530e-02
2.373354199880850501e-02
2.316668473031313624e-02
2.361050447507295758e-02
2.377549907760112546e-02
2.424955271999351680e-02
2.458926540566608310e-02
2.337154155247844756e-02
2.223361470714735333e-02
2.263815542573865969e-02
2.090942749600799289e-02
1.923728440306149423e-02
1.993674182631366421e-02
2.004415408009663224e-02
1.975239829516794998e-02
1.971077179405256175e-02
1.884691883424238767e-02
1.736138506748829968e-02
1.691491272140410729e-02
1.638101708522299305e-02
1.687540643979446031e-02
1.725028575674514286e-02
1.746724678196187597e-02
1.784851010415877681e-02
1.840017412177985534e-02
1.810620979995292146e-02
1.770017184389871545e-02
1.781006859528133646e-02
1.753870477841701359e-02
1.776618245094141457e-02
1.756349521019728854e-02
1.804148880182765424e-02
1.875411502442148048e-02
1.822897245801868849e-02
1.774364400262129493e-02
1.808282242382119875e-02
1.815073550642409828e-02
1.853848064820340369e-02
1.903562980078277178e-02
1.849640007458219770e-02
1.831887429216294549e-02
1.895203518688504118e-02
1.985912623240437824e-02
2.021357629382691812e-02
2.055542191374115646e-02
1.997657844731293153e-02
2.007015686831437051e-02
1.901907411593128927e-02
1.856557213432097342e-02
1.894975016693933867e-02
1.901517227088334039e-02
1.821521548481541686e-02
1.778965121957298834e-02
1.751815513853216544e-02
1.699715739050589036e-02
1.723375407163985074e-02
1.746751352038700134e-02
1.730894778665970080e-02
1.769740969939448405e-02
1.778601580190297682e-02
1.901599288430588786e-02
1.842227349334280007e-02
1.793360863848647568e-02
1.907471180129505228e-02
2.018649179808562621e-02
1.872635261497634929e-02
1.871673182540689595e-02
1.881788252467231359e-02
1.846563668550516013e-02
1.827111553029681090e-02
1.829328950589115266e-02
1.835536385806335602e-02
1.834054647224547807e-02
1.839385976745688822e-02
1.870027493532688823e-02
1.917428198794368654e-02
1.896229954400041606e-02
1.881886636692797765e-02
1.979388296604156494e-02
1.976357184321386740e-02
1.918081418443762232e-02
1.954719598325027619e-02
2.023617760096385609e-02
1.991150595313229132e-02
1.991018390435783658e-02
2.150134216390142683e-02
2.094142351779737510e-02
2.070042866034782492e-02
2.148148136802774388e-02
2.169789334766392130e-02
2.108192642845096998e-02
2.173989951006660704e-02
2.273930454066430684e-02
2.207926394294190686e-02
2.151702228002250195e-02
2.315259146780590527e-02
2.208199992674053647e-02
2.212993770990578923e-02
2.191566798865096644e-02
2.251939480447617825e-02
2.150913502191542648e-02
2.174264331006270368e-02
2.065422023952123709e-02
2.091167732942267321e-02
2.047676375696028117e-02
2.100419792259344831e-02
2.125778811387135647e-02
2.102897726035735104e-02
2.196535065377247520e-02
2.126085731470084284e-02
2.141985121306788642e-02
2.083375528309261426e-02
2.307479553928715177e-02
2.343519273745187093e-02
2.380600054493697826e-02
2.453106031680363230e-02
2.303122383455047384e-02
2.300662147536058910e-02
2.313512618638924323e-02
2.275623017158068251e-02
2.342929305996221956e-02
2.375573745302972384e-02
2.516139044018927962e-02
2.547229213087121025e-02
2.582223790523130447e-02
2.666971749204094522e-02
2.696041285707906354e-02
2.698090151898213662e-02
2.697048870868457016e-02
2.670301084981474560e-02
2.679108742631797213e-02
2.665631010677316226e-02
2.658219643308257218e-02
2.722522232761548366e-02
2.775068610026210081e-02
2.771063091131509282e-02
2.781639416025427636e-02
2.797831953648710623e-02
2.767797895830881316e-02
2.728300477065204177e-02
2.627880066029320005e-02
2.655178977693140041e-02
2.635439502955705393e-02
2.553418149364006240e-02
2.584830359410261735e-02
2.490247150126378983e-02
2.499097187501320150e-02
2.547236087229975965e-02
2.532679241812729742e-02
2.608881840023968834e-02
2.611318606977874879e-02
2.615584081104316283e-02
2.637412627882440574e-02
2.669185585182276554e-02
2.671722180275537539e-02
2.619127313118951861e-02
2.577594329886778723e-02
2.531248118430085015e-02
2.524680726128281094e-02
2.437400277995038778e-02
2.478886108656297438e-02
2.627429823223792482e-02
2.571274050205829553e-02
2.539431417426385451e-02
2.527528705832082778e-02
2.634944760939106345e-02
2.606805959112534765e-02
2.690864855139807332e-02
2.702006540857837535e-02
2.789262815349502489e-02
2.707610086326894816e-02
2.754235712563968264e-02
2.656321166432462633e-02
2.571453238851972856e-02
2.562683237192686647e-02
2.707791893044486642e-02
2.641416415644926019e-02
2.670076989670633338e-02
2.723461579626018647e-02
2.661689954584289808e-02
2.554221315040194895e-02
2.592974253639113158e-02
2.585277140860853251e-02
2.617781970548094250e-02
2.559264067167532630e-02
2.509760011889738962e-02
2.459362562331079971e-02
2.391451329094707035e-02
2.435009928922227118e-02
2.410892048101231921e-02
2.400464019592618570e-02
2.545814073891961016e-02
2.442729676477028988e-02
2.507016938398010097e-02
2.560416911728680134e-02
2.594354327629844192e-02
2.528088653707527556e-02
2.502864986490749288e-02
2.483216352811723482e-02
2.436709450194030069e-02
2.460609846821171232e-02
2.443913355455151759e-02
2.576340951054589823e-02
2.513962126613478176e-02
2.532076182433229405e-02
2.699546051917423028e-02
2.615615921968128532e-02
2.616402442072285339e-02
2.587099605261755642e-02
2.561806932317267638e-02
2.457060755659767892e-02
2.508486619990435429e-02
2.507064084056764841e-02
2.446670844437903725e-02
2.625487039404106326e-02
2.611592816174379550e-02
2.739990102418232709e-02
2.697892137803137302e-02
2.597281618909619283e-02
2.373742505733389407e-02
2.504706511717813555e-02
2.449173164313833695e-02
2.324198962378432043e-02
2.365787954840925522e-02
2.456366719161451329e-02
2.771979452882078476e-02
2.543036338829551823e-02
2.747714202632778324e-02
2.666639030030637514e-02
2.761472204838355538e-02
2.831096411318867467e-02
2.848884583909239154e-02
2.890139061128138565e-02
2.882803039756254293e-02
2.903873348623164929e-02
2.822442958313331474e-02
2.841665662890591193e-02
2.863705928939452861e-02
2.739835496504383627e-02
2.882022178346232977e-02
2.862579375505447388e-02
2.855163120875658933e-02
3.066065968596376479e-02
3.105159767255827319e-02
3.067542277676693629e-02
3.084489066532114521e-02
2.976438830046390649e-02
2.860434392096067313e-02
2.895590412117599044e-02
2.853210742250666954e-02
2.650102919324126560e-02
2.650121345868683420e-02
2.946459677514212672e-02
2.866791719861794263e-02
2.631967370871279854e-02
2.700388995981484186e-02
2.613814069627551362e-02
2.712289766532194335e-02
2.771390580892330036e-02
3.109631400366197340e-02
3.172692194675619248e-02
3.363354294378950726e-02
3.259845925458648708e-02
3.143826530504156835e-02
3.167571631274768151e-02
3.155495476130454335e-02
3.072536406943982001e-02
3.353781827900093049e-02
3.180292191791522782e-02
3.197866349364630878e-02
3.042077046848135069e-02
2.923628252028720453e-02
2.796198577561881393e-02
2.666952792424126528e-02
2.896667169625288807e-02
2.699049031798494980e-02
2.777932114440773148e-02
2.852275623808964156e-02
3.079000075376825407e-02
2.985871507371484768e-02
2.671257778820290696e-02
2.686755359354719985e-02
2.784819519729353487e-02
2.924990970677754376e-02
3.139969383482821286e-02
3.330071929303812794e-02
3.466068860689119902e-02
3.357457012498343829e-02
3.400553232677339111e-02
3.528158440713013988e-02
3.533639829765888862e-02
3.461019472342741210e-02
3.504649147362215444e-02
3.649654879518493544e-02
3.665910054951382335e-02
3.749113207049958874e-02
3.678643915554857813e-02
3.476884001065627672e-02
3.446467552021204028e-02
3.354170130478451028e-02
3.536705452461319510e-02
3.352874371739744674e-02
3.282309340465872083e-02
3.334449640351522248e-02
3.224988888905500062e-02
3.397748294446500950e-02
3.373950160676031373e-02
3.283859253315313254e-02
3.390319148275011685e-02
3.460443212861719076e-02
3.494535177742363885e-02
3.536152577908069361e-02
3.394906300854927395e-02
3.389142548985546455e-02
3.310991326179646421e-02
3.352356641698861495e-02
3.385127295223355759e-02
3.350686442172445823e-02
3.401047031911730301e-02
3.306759513361612335e-02
3.397477031467133202e-02
3.349790427819243632e-02
3.314548588787147310e-02
3.200113802449777722e-02
3.278266769120818935e-02
3.195747642894275486e-02
3.323359814021387137e-02
3.461970835269312374e-02
3.642891880735987797e-02
3.911144906851404812e-02
4.068577414727769792e-02
3.927172784096910618e-02
3.978011904291633982e-02
3.920534033204603475e-02
3.900027068812050857e-02
3.836212472197075840e-02
3.804811113695905078e-02
3.871585438901092857e-02
3.930206679979164619e-02
3.775628428229538258e-02
3.629217173147480935e-02
3.347640052015776746e-02
3.209326410433277488e-02
3.181377587861788925e-02
3.236137024396157358e-02
3.080955590303346980e-02
3.191816302205552347e-02
3.226666519549326040e-02
3.398093041869287845e-02
3.353715483353880700e-02
3.358068644956802018e-02
3.395001045646495186e-02
3.246530190881458111e-02
3.415531396603910252e-02
3.441677759292360861e-02
3.577411763399140909e-02
3.635743251288658939e-02
3.552592528285458684e-02
3.436082675398210995e-02
3.343413307084119879e-02
3.292821157083380967e-02
3.361648250211146660e-02
3.624169275099120568e-02
3.660334492451511323e-02
3.933952778788807336e-02
3.850308472829055972e-02
3.765949933040246833e-02
3.860153785899456125e-02
3.787895862660661805e-02
3.665312337761861272e-02
3.867411751889449079e-02
3.996411661501042545e-02
4.296083649751381017e-02
4.439515499689150602e-02
4.655646228093246464e-02
4.812419643712928519e-02
4.830258435140422080e-02
5.065934211961575784e-02
5.023140243611123879e-02
4.892452399690228049e-02
5.114339497231412679e-02
5.228847777289047372e-02
5.339781700968160294e-02
5.327317458068137057e-02
5.302925312025763560e-02
5.379067675494297873e-02
5.439638439020200167e-02
5.240662845972110517e-02
5.087621790153207257e-02
5.139181659615132958e-02
5.175444117048755288e-02
5.131734460155712441e-02
5.027837131092383061e-02
5.105357024513068609e-02
5.025337071856483817e-02
5.172840914019616321e-02
5.193181426329829264e-02
5.211492620946955867e-02
5.268269478983711451e-02
5.337703162695106585e-02
5.309009695156419184e-02
5.203430438268696889e-02
5.126509124602307566e-02
5.342167339040315710e-02
5.181923465897853021e-02
5.390162495677941479e-02
5.203378200349106919e-02
5.301254333426186349e-02
5.380407010306953453e-02
5.406908748045680113e-02
5.333541459731350187e-02
5.375660418394545559e-02
4.974724807107122615e-02
5.124312485531845596e-02
5.054427688810392283e-02
5.056728129420662299e-02
4.949583446796168573e-02
4.827872667010524310e-02
4.757695048465393484e-02
4.572885638117440976e-02
4.577621619682759047e-02
4.254475330890272744e-02
4.255601828663202468e-02
4.390283503926184494e-02
4.265928236782201566e-02
4.240439654131478164e-02
4.513660200791491661e-02
4.355812811809300911e-02
4.239025750757718924e-02
4.161781055881874636e-02
3.968471550797403324e-02
3.792212863481836393e-02
3.743138415302382782e-02
3.645494142438110430e-02
3.558715087456221227e-02
3.597767869723611511e-02
3.620472944749053568e-02
3.573012304150324780e-02
3.311587163625517860e-02
3.377768217615084723e-02
3.323338334848813247e-02
3.189041274890769273e-02
3.141821753524709493e-02
3.083224071997392457e-02
3.254396759984956589e-02
3.096170293611066882e-02
2.908803192985942587e-02
2.865918470160977449e-02
3.110869088231993373e-02
3.023355425648333039e-02
2.986192405478504952e-02
3.241073120625515003e-02
3.046328982600243762e-02
3.082760650977434125e-02
3.058872254769084975e-02
3.021448398067150265e-02
2.749850928921659943e-02
2.850628411215438973e-02
3.132089523751346860e-02
3.063829911661741789e-02
2.940595400286838412e-02
2.997616735774499830e-02
3.220419283934461419e-02
3.377663533501618076e-02
3.140171471932262648e-02
3.444799658063857350e-02
3.616225987752841320e-02
3.413123188875033520e-02
3.402460927645734046e-02
3.540960214013466612e-02
3.639400617066712584e-02
3.591715658876637463e-02
3.633929042007366661e-02
3.579176582024956588e-02
3.620621342270169407e-02
3.714628056695801206e-02
3.765937143361952621e-02
3.938193886278895661e-02
4.098670681560179219e-02
4.182421654513746034e-02
3.935557586009963416e-02
3.940696558493073098e-02
3.958688818238442764e-02
4.095547370707208756e-02
3.979650557084823959e-02
4.173690782772609964e-02
4.456975712309940718e-02
4.341837088213651441e-02
4.072117682699172292e-02
4.157209627192059997e-02
4.160716524711460806e-02
4.274323004392499570e-02
4.424492143334646244e-02
4.504231931059621274e-02
4.232038139161886647e-02
4.225003086503420491e-02
4.280162960458255839e-02
4.352819311316125095e-02
4.328487033126293682e-02
4.333824097739125136e-02
4.190681781437888276e-02
4.468317396458587609e-02
4.269812029451713897e-02
4.349006326083326712e-02
3.905179804496583529e-02
3.899105634445731994e-02
3.928755927881866228e-02
3.910447607631795108e-02
3.981003084845724516e-02
3.774197616621677298e-02
3.900956745019357186e-02
3.781153433919826057e-02
3.890735375171061605e-02
4.120186705949890893e-02
4.148546462056401651e-02
4.070751283506979235e-02
3.779520385069190525e-02
3.841553265556285623e-02
4.015232565870974213e-02
3.901133559702429920e-02
3.961713810713263229e-02
3.923265960656863172e-02
4.213916596563649364e-02
4.061772106433636509e-02
3.870649853706709109e-02
3.534619537822436541e-02
3.558943182724760845e-02
3.906275837107386906e-02
3.987401725498784799e-02
4.040773654924123548e-02
4.038815935382444877e-02
4.060391937491658609e-02
4.099281096932827495e-02
4.242741570487851277e-02
4.116100111423293129e-02
4.011105649806268048e-02
3.844930170635052491e-02
3.922337197400338482e-02
4.198085447023913730e-02
4.264844664612610359e-02
4.253617749600380193e-02
4.575370218844909687e-02
4.435272472801443655e-02
4.725892403257603291e-02
5.006669730391877238e-02
5.100163720089767594e-02
4.811076095757016446e-02
5.017678213516774122e-02
5.054635017768305261e-02
4.948075298125331756e-02
4.918454390644910745e-02
4.893375142637523822e-02
5.054187044879654422e-02
5.017132476496044546e-02
4.859075933745771181e-02
4.815449745910882484e-02
4.859948785997403320e-02
4.752165263198548928e-02
4.856531744553649332e-02
4.827004311118798796e-02
4.799815411388408393e-02
4.668782173212093767e-02
4.586765638305223547e-02
4.604290651514020283e-02
4.464998836374434177e-02
4.414182914842967875e-02
4.550805501457944047e-02
4.271122031968843658e-02
4.041435136969084851e-02
3.959595760898082517e-02
3.861264423358079512e-02
3.860232845181599259e-02
3.980768377914500888e-02
3.665653550706338137e-02
3.658053757317247801e-02
3.986217360943555832e-02
4.243181691344943829e-02
4.403415140222932678e-02
4.228977494858554564e-02
4.257392776708002202e-02
4.411466350029513706e-02
4.366948147617222276e-02
4.137524396537628490e-02
4.167711072295787744e-02
4.241970671682793181e-02
4.262453539013222326e-02
4.429711574448447209e-02
4.463139720064646099e-02
4.749060443282360211e-02
4.817854126667953096e-02
4.852914552611764520e-02
4.848862968719913624e-02
4.739159532437042799e-02
4.787984108770615421e-02
4.879505948338191956e-02
4.879362734027381521e-02
5.277365588699467480e-02
4.854302066269156057e-02
4.782779966808448080e-02
4.616188895124651026e-02
4.625651491187454667e-02
4.868015632928290870e-02
4.823745280009461567e-02
4.587491362872242462e-02
4.743491166118474212e-02
5.021102405225974508e-02
5.090160704821755644e-02
4.985294155812880490e-02
4.852188779841526411e-02
5.025393401774636004e-02
5.224177890704595484e-02
5.209581134658947121e-02
5.023572860409331042e-02
5.058503925647528376e-02
5.451622871260042302e-02
5.685017290488758590e-02
5.753858773277897853e-02
5.510980371764162555e-02
5.144968942477134988e-02
5.242710864695254713e-02
5.357086300864466466e-02
4.938133251926046796e-02
4.755786363057268318e-02
4.817896458735049237e-02
4.772486991714686155e-02
5.040019569787546061e-02
4.970635119389044121e-02
5.360977424788870849e-02
5.401802749838680029e-02
5.200572676221781876e-02
5.179258126554486807e-02
5.364137565447890665e-02
4.879293346675694920e-02
4.630166711103811394e-02
4.791970587939431425e-02
5.056375825733994134e-02
4.687643549368658569e-02
4.943058530989219435e-02
4.937063885881798342e-02
4.841337801190093160e-02
4.877267010488139931e-02
4.549058155316743068e-02
4.569574769084283616e-02
5.196324668759189080e-02
5.555961517529794946e-02
5.679867074104549829e-02
5.640074081384227611e-02
6.269323420201544650e-02
6.682986772284493782e-02
6.643812629408785142e-02
7.177403429341211449e-02
6.923198833646893036e-02
6.757144819493987598e-02
6.447777155517542269e-02
6.913619517217739485e-02
6.869622367958072573e-02
6.924254683326580562e-02
7.130614389461698011e-02
6.726069961405301001e-02
7.022622650765697472e-02
7.179790028203569818e-02
6.967018412433390040e-02
6.925852489257522393e-02
7.223917850569705479e-02
7.448541680059861392e-02
7.271129669425135944e-02
7.047953940127626993e-02
7.173648745811078697e-02
7.361153260717401281e-02
7.862990139619796537e-02
8.094404364237561822e-02
7.764615976702771150e-02
7.777137016091728583e-02
7.610720830962236505e-02
7.284940676618134603e-02
7.533621319453231990e-02
7.723162911315739620e-02
8.162218124562059529e-02
7.913377818476874381e-02
7.554881894247955643e-02
7.997574844557675533e-02
8.422712796709674876e-02
8.120548437727848068e-02
8.258758399642829318e-02
8.089942911101388745e-02
8.229552028205944225e-02
8.514312413717561867e-02
8.301213527010986581e-02
8.672866458982753102e-02
8.235324980341829360e-02
8.656026378957903944e-02
8.695289378374582157e-02
9.124831766530405730e-02
9.058684590490884148e-02
9.082951148775464389e-02
8.938230087369447574e-02
8.851158080506138504e-02
9.054059444679296575e-02
9.191923915568622760e-02
8.932638919577584602e-02
8.977544289518846199e-02
8.911362266917421948e-02
8.639091939767240547e-02
8.547861658371402882e-02
8.490028056985465810e-02
8.733526363903365564e-02
8.342140277090948075e-02
8.686930909243528731e-02
8.655560282386431936e-02
8.965366888514836319e-02
9.035473235599056352e-02
9.032058373304607812e-02
9.272120232708402909e-02
9.484574272755708080e-02
9.294569250778295100e-02
9.390656988398404792e-02
9.644505702817696147e-02
9.530781443208979908e-02
9.655597341770771891e-02
9.741929175106633920e-02
9.824896875397826079e-02
9.774747322080656886e-02
9.900786593061638996e-02
9.541050215375435073e-02
9.352157351167988963e-02
9.360882516193669289e-02
9.423466459520568606e-02
9.322564674221212044e-02
9.311887843614385929e-02
9.351917556523403618e-02
9.314666489626688417e-02
9.606269546384282876e-02
9.691069327345758211e-02
9.681997142979525961e-02
9.643527087791881058e-02
9.345783820754149929e-02
9.464988166837429162e-02
9.219914031382359099e-02
8.848745771319954656e-02
9.034885995242802892e-02
9.308142539885011502e-02
9.181658260058611631e-02
9.243417896868777461e-02
9.095320090091263410e-02
9.591035692574223503e-02
9.955353895566076972e-02
1.001015731671941467e-01
9.948288712439534720e-02
9.814226519301882945e-02
1.006821839673648356e-01
9.482035770088259596e-02
9.275293946120655164e-02
9.141401302076701540e-02
9.608652375209203456e-02
9.665582615707535297e-02
9.660594140405009966e-02
9.936982540239114314e-02
1.017769746849808143e-01
1.031629668432287872e-01
1.012781151184753980e-01
1.004109663390408969e-01
1.007804200726241106e-01
9.690040335954108741e-02
9.701593202225922141e-02
9.636705059892847203e-02
9.884712661187222693e-02
1.008301104502606904e-01
1.031386164577270392e-01
1.037195542448898777e-01
9.977062771577038802e-02
1.003981418907642365e-01
9.522838707562186755e-02
9.171544911259843502e-02
9.415074235585052520e-02
9.795949504041345790e-02
9.733203584983129986e-02
9.919778668154322077e-02
9.405510332180710975e-02
9.273036455670080613e-02
9.121933846290630754e-02
9.368549678038107231e-02
9.422652144712628797e-02
9.567420081293676049e-02
9.163708218329702504e-02
9.050508106520283036e-02
8.840945939118682873e-02
8.422343000711407512e-02
8.889932377496734262e-02
8.829534470169164706e-02
8.654457380907842889e-02
8.835779530090803746e-02
9.015612960865837522e-02
8.807055740908253938e-02
8.980366133800998796e-02
9.197678831696975976e-02
9.435007139109075069e-02
9.290355021767027210e-02
9.147615701112954412e-02
9.357688979071099311e-02
9.846292005750001408e-02
9.827722346562950406e-02
9.605906422075349838e-02
9.497669966913235839e-02
9.283347679593134671e-02
9.009032978065079078e-02
8.866715589829254895e-02
8.576698404249327723e-02
8.692806359249516390e-02
8.683692333579529077e-02
8.548065482500533108e-02
8.507496917991375085e-02
8.049456460321380291e-02
8.889096449092903640e-02
9.201972985283646267e-02
9.017391179440892301e-02
8.837258396488323342e-02
8.429443399109004531e-02
8.840042745578102767e-02
8.831248049318674020e-02
8.380597502946329769e-02
8.033463074389146641e-02
7.918780264844826888e-02
8.341908994589175563e-02
8.198192138661397621e-02
8.144995444308733568e-02
8.220423923376074526e-02
8.496662779180041980e-02
8.820128795923665166e-02
8.918139413799508475e-02
8.883790400977886748e-02
8.998968372725357767e-02
8.870193875736731570e-02
9.401602563593769446e-02
9.443814866426691879e-02
9.844058011731249280e-02
9.466370435802673455e-02
9.414525288957520388e-02
9.542064385277626570e-02
9.584753541275858879e-02
9.760814668334205635e-02
9.519483230542391539e-02
9.213563509365485515e-02
9.269483882235363126e-02
9.181133451420464553e-02
9.468843195463705342e-02
9.183680664864368737e-02
9.301152640182408504e-02
9.251737771955959033e-02
9.493150293019425590e-02
9.340576653994503431e-02
9.303381770405394491e-02
9.428256592582329176e-02
9.246897658158559352e-02
9.154921098343038466e-02
9.057764992758166045e-02
9.003899249910318758e-02
8.767295309371547773e-02
8.831176095736736897e-02
8.889982524851802737e-02
8.793756359773396980e-02
8.585434676751901861e-02
8.413763460339396261e-02
8.308420778666913975e-02
8.239551444785320200e-02
8.057821766306005884e-02
8.114570422549149953e-02
7.609449911615229212e-02
7.637504024933150504e-02
7.762858482055889908e-02
8.151789095973072108e-02
8.147657766676275060e-02
8.193784468858211767e-02
7.987104638414166402e-02
7.965620577851950657e-02
7.947714506371994503e-02
8.093758707218512427e-02
7.929551082452235278e-02
7.813106274807068985e-02
7.757394525287963916e-02
7.847835720349394251e-02
8.087947302192333154e-02
7.845910759169782978e-02
7.745314359272015281e-02
7.621277950602234341e-02
7.925873734166088980e-02
8.302293255655968096e-02
8.034074714123562444e-02
7.889297929068561643e-02
7.719783287757309154e-02
7.770230030109814834e-02
7.987020269138156436e-02
8.068427838225034066e-02
8.048030654026661068e-02
8.201200531948416028e-02
8.184491879183042329e-02
8.254406440391903743e-02
8.333120350289391354e-02
8.133794567402219400e-02
8.184924586566921789e-02
8.121176568783994298e-02
7.717676910033333115e-02
7.623387067724252120e-02
7.075765439367387444e-02
6.706579012279689778e-02
6.727023955500044394e-02
6.906004269330878742e-02
6.777478995172714349e-02
6.780741429247427732e-02
6.695573344950389583e-02
6.469250368900247850e-02
6.285513216789695434e-02
6.237629107999964617e-02
6.247685789458046202e-02
6.218301330045505892e-02
6.033181943894305732e-02
6.338683683316048700e-02
6.559871467834454961e-02
6.629924315348034725e-02
7.035259038275398780e-02
7.075004170474130660e-02
7.127358228717639577e-02
7.305658333280007355e-02
7.291880190678057261e-02
6.918600112840067595e-02
7.070308902802935336e-02
7.065029906698327977e-02
6.935515100485645235e-02
6.600382108626945410e-02
6.619556571604334749e-02
6.201987081112747546e-02
6.441153603191196453e-02
6.353580725226493087e-02
6.246734652813756838e-02
6.145670382284151856e-02
6.300646733325265814e-02
6.413960176723776385e-02
6.550499104560003616e-02
6.565786276587459724e-02
6.364537391709745862e-02
6.017708586296066642e-02
6.162568322542938404e-02
6.235777266374498140e-02
6.601089726973441429e-02
6.688524880155455321e-02
6.761571149036171846e-02
6.635514631307160016e-02
6.572929858884890564e-02
6.728767479580710642e-02
6.805375276962877251e-02
6.980962419038405642e-02
6.866867805365473032e-02
7.028718145193124656e-02
6.985144415011745878e-02
7.086855310262762941e-02
7.265395265130791813e-02
7.041380581722478382e-02
7.059173345805902500e-02
7.048779976685182191e-02
6.976953204321034718e-02
7.137474945739086252e-02
7.293809269867779221e-02
7.162299679293937515e-02
7.040647363101015799e-02
7.135724468025728129e-02
6.980482348990335595e-02
6.994678511910024099e-02
7.156455692165764049e-02
7.102475832289201207e-02
7.323686265590367839e-02
7.308671200371463783e-02
7.283628475306613836e-02
7.424415471905376762e-02
7.420028678825474344e-02
7.231407511790166609e-02
7.334233065375883598e-02
7.281851476363954134e-02
7.193977686074504163e-02
7.413237589571508579e-02
6.990212601522216573e-02
6.985089663430699147e-02
7.203817523986799642e-02
7.100567103225330357e-02
7.070314633347152267e-02
6.610552761594590265e-02
6.847163798011024483e-02
6.963400167114741635e-02
6.855001308940700255e-02
6.847523351279960480e-02
6.951480839779833332e-02
6.541579550685128197e-02
6.303785195268574171e-02
6.387324360548518598e-02
6.261591460861382075e-02
6.027232480482780375e-02
5.842289466454531066e-02
5.947097921671229415e-02
5.646723531754105352e-02
5.766638441127724946e-02
5.826683733175741509e-02
5.654279627015057486e-02
5.805575691738340538e-02
5.456172565936867613e-02
5.664033055109030101e-02
5.783784886807552539e-02
5.871893133371486329e-02
6.020716406783321872e-02
6.101339343695144635e-02
6.215211975722922944e-02
6.231513684178935364e-02
6.183338153823569883e-02
5.867884426697855815e-02
5.720708367152838036e-02
5.516807742060336750e-02
4.893212605020380579e-02
4.992538536316715181e-02
5.164111333760956768e-02
5.033145136439998168e-02
5.510102589687448926e-02
5.198687101074028760e-02
5.218525036252685823e-02
5.227831316369702108e-02
5.432603853478212841e-02
5.478131256859342102e-02
5.173474443290615454e-02
5.080359493695141282e-02
4.561312670921324752e-02
4.247256442977231927e-02
4.494027618602558505e-02
4.356375228235265240e-02
4.645003174300654791e-02
4.651614935210091062e-02
4.574464714642090257e-02
4.179281259894196410e-02
4.090816999269009102e-02
4.333394795139611233e-02
4.182056930403632578e-02
4.133424160681897774e-02
4.509386268000525888e-02
4.274284103667014278e-02
4.290747670711425599e-02
4.107445854060642887e-02
4.266502836071595084e-02
4.096167208626866341e-02
4.496063060287269764e-02
4.425974156765732914e-02
4.443002311018062755e-02
4.772436029452364892e-02
4.985927271081891377e-02
5.281112374177610036e-02
5.552603199248551391e-02
5.982571981076034717e-02
6.342805316126032267e-02
6.251194663673231844e-02
6.302195153875800315e-02
6.523006847783108242e-02
6.631249532620131504e-02
6.099954249657457694e-02
6.183578122727340087e-02
5.768012721091508865e-02
5.851152922150504310e-02
5.824919817314366810e-02
6.320426983802462928e-02
6.000587497874221299e-02
6.062414873485977296e-02
5.956190584402065724e-02
5.895414288715983275e-02
6.470652138341392856e-02
6.146224502663244493e-02
6.282038295285019558e-02
6.257428563003486488e-02
6.648480023250158411e-02
6.080096814184798859e-02
5.889795422081078868e-02
5.779968458227813244e-02
5.575518111982091796e-02
5.461571064006420784e-02
5.960938927455572411e-02
6.168381948918977287e-02
5.697524517745478079e-02
5.209561663832573686e-02
5.050894112901005428e-02
4.942735838631051593e-02
4.829028064341400750e-02
5.126521703459729906e-02
4.710231004719389603e-02
4.661422048775420990e-02
4.466889332252321765e-02
4.511237481528951321e-02
4.611955499240139034e-02
4.706600273675576318e-02
4.773288057549507357e-02
4.874803561688167974e-02
4.671085711743216962e-02
4.543335253401892260e-02
4.861910442377848085e-02
5.021959883197268937e-02
4.789203488689963706e-02
5.221977077962947078e-02
4.795720965012151282e-02
4.993663944696891122e-02
5.221816244738874957e-02
5.395247246087819804e-02
4.956895960822294001e-02
5.123955628914700355e-02
5.190222094279306475e-02
5.466457141665159725e-02
5.463164042885182425e-02
5.898936209632665850e-02
5.693279327715572435e-02
5.420061431141220964e-02
5.258912623321521096e-02
5.062315452960319817e-02
5.103127925576700363e-02
4.931983169990417082e-02
5.003691472302307375e-02
5.434480823896592483e-02
5.365354078276141081e-02
5.189724401498096995e-02
4.949286512419348583e-02
5.039461041815229692e-02
4.844319632320548408e-02
4.732617444642528426e-02
4.494908531341934577e-02
4.571284888879745267e-02
4.415981051897688303e-02
3.897050165323889814e-02
3.742218751358450390e-02
3.934537885288591497e-02
3.976516194416035432e-02
4.448980859706352931e-02
3.904001346563745756e-02
4.027673101154505275e-02
4.281872128376562614e-02
4.683092072809813544e-02
5.365386407902406063e-02
5.389172376999340486e-02
6.006258892011828721e-02
5.815135826196637936e-02
6.000237823536735959e-02
6.326681465907313395e-02
6.229420681302144658e-02
6.084954239122453146e-02
5.596463226174819283e-02
5.613498289130802732e-02
5.882711410777119454e-02
5.704845616855891421e-02
5.225167868047719821e-02
5.155190140612830874e-02
5.013599289122794289e-02
4.914406557327311020e-02
4.854007718313368969e-02
4.913689978093316313e-02
5.015920625010039657e-02
5.257751584213110618e-02
4.903999195630603936e-02
5.007017851494310889e-02
5.188781908145756461e-02
5.267663899576291442e-02
5.351039053675776813e-02
5.466172519300016575e-02
5.149109882222546730e-02
5.459872535539034288e-02
5.753699925116961822e-02
5.519553860904125031e-02
5.672134175438259263e-02
5.914133578153268900e-02
5.351819919269473758e-02
5.660516007446858566e-02
5.795535002289398108e-02
6.047610391760827042e-02
6.759575982141541317e-02
6.935511966366902925e-02
6.706679168382834177e-02
6.387468633329262957e-02
6.537121041947102640e-02
6.379632184689398855e-02
6.603354518847481813e-02
6.240184357193356846e-02
6.502712251312914304e-02
6.351117268241068814e-02
6.271052539341326337e-02
6.637604494972038083e-02
6.335828107512497809e-02
6.321211085924005602e-02
6.302453874559432734e-02
6.270756326557602733e-02
6.195852061500772834e-02
6.349836481786041986e-02
6.293864359577128198e-02
6.350252526499389205e-02
6.703308062242285814e-02
6.844867229301598854e-02
6.644619904909632169e-02
6.725188296877604444e-02
6.686825972792576067e-02
6.549208807882678229e-02
6.449885121037368663e-02
6.491175670817028731e-02
6.256177387149364222e-02
6.852110152613022365e-02
6.478995071847748477e-02
6.731687337742187083e-02
6.682808338882750832e-02
6.299971704538620543e-02
6.205512453561823349e-02
6.569725537519843783e-02
6.645059348011272959e-02
6.776112765328434762e-02
6.908046689204638824e-02
6.967153224468347616e-02
7.037492186100280378e-02
7.642921279511938337e-02
7.508815842265903484e-02
7.034820221451809630e-02
7.118672232536482625e-02
7.770803321727726143e-02
7.917578708838846069e-02
7.775979108555475250e-02
7.603761812788434327e-02
7.671658106482937001e-02
8.035433037002803758e-02
8.195708758466935251e-02
8.302320909751870204e-02
8.721826459805015475e-02
8.525820955401286483e-02
8.360258363427419681e-02
8.075446618022397161e-02
7.919344067158817779e-02
7.816336264477286022e-02
8.057810147511190735e-02
8.065136466029798612e-02
7.969487541777198203e-02
8.850635346243507229e-02
9.338762607330863830e-02
9.211388754920335487e-02
9.181297653776709922e-02
9.288359264428436290e-02
8.760771360539365560e-02
8.378248532972065732e-02
8.461854947563551832e-02
8.164469085386372171e-02
8.467217165525653400e-02
8.501443982277123723e-02
8.682955193398811389e-02
8.524707536344067194e-02
9.112102838844293728e-02
9.345629554627521429e-02
9.132744580892904196e-02
9.181421145694912411e-02
8.976799550873693079e-02
9.255178362400329206e-02
9.632511393465392757e-02
1.010038618387625320e-01
9.974767352105118334e-02
1.021349913880840177e-01
9.687222964203101583e-02
9.935516417863254901e-02
9.392198795285366941e-02
9.081148392215254717e-02
9.230695009500777815e-02
8.913711050627171062e-02
9.411301261388871353e-02
1.001893302000098629e-01
1.022129892044176813e-01
1.019954419534769841e-01
1.087508586533658672e-01
1.058125536619627383e-01
1.044420976613764651e-01
1.014609566118451767e-01
9.734458699858805630e-02
9.437247577079688199e-02
9.663012347846233752e-02
1.011692739248246653e-01
9.595551456914108712e-02
8.927341905837238301e-02
9.160181849802029319e-02
8.943906507556675933e-02
8.921821094190818258e-02
8.706161315240024123e-02
9.147321138334518764e-02
9.094415748586470727e-02
8.355353973820456304e-02
9.002406935360340867e-02
8.912698240601457655e-02
8.758242099611379672e-02
9.349056083920004312e-02
8.881925289097125642e-02
9.278371463551593479e-02
9.186875117484305520e-02
8.545588723609398585e-02
8.356809598808467854e-02
8.346996287764341105e-02
8.342377830922487192e-02
8.891233988470048644e-02
8.725712292834941763e-02
8.346106952194531914e-02
8.277265529068245087e-02
8.055819606852310244e-02
7.027924859721679240e-02
7.164655348969972692e-02
7.515377660456579179e-02
7.691821053958847187e-02
8.271345505636418238e-02
8.932843257753120270e-02
9.061439663128112443e-02
9.533445496708736755e-02
8.547431466831767466e-02
8.392890233153593726e-02
8.212251441364060156e-02
8.942066045892715920e-02
8.994311589412973262e-02
9.138857236757758074e-02
8.725117598987708334e-02
8.603907715587411076e-02
8.957362444562022574e-02
8.870198561089637224e-02
8.525121427555859555e-02
8.206487343704793602e-02
7.472576772852335125e-02
7.097989440990204457e-02
7.410066166266915388e-02
7.134272378789319191e-02
7.233268098025291692e-02
7.335867646361293737e-02
7.496986827391083352e-02
7.694035758686368354e-02
7.196797653705289122e-02
7.069346696334832814e-02
7.562116043300193269e-02
7.111762880231253803e-02
6.577131010999437422e-02
7.073125103670463432e-02
6.915237918474304024e-02
6.870404949950170703e-02
6.793530412141990382e-02
6.493604203933500685e-02
6.894637610821519047e-02
6.926370890869293362e-02
7.272313227986160200e-02
6.740152462589321658e-02
6.308314924717706162e-02
6.590472198695351835e-02
7.613419166591484100e-02
7.860760145558742806e-02
7.634362218414025847e-02
7.077179973930469714e-02
6.312983359021018259e-02
6.439612169742758851e-02
6.937602692232758272e-02
7.332671488620690070e-02
7.801561709493398666e-02
7.889266007441619877e-02
7.882056447306240443e-02
8.015587726731610019e-02
8.131188959305291064e-02
8.232448756280064117e-02
8.592063075047917664e-02
8.843301272827375215e-02
8.400476455244643148e-02
8.321910658924025483e-02
8.268325390235986561e-02
9.002806397620588541e-02
8.399372838357521687e-02
9.366529512590204831e-02
9.787784474974614568e-02
9.868952672513842117e-02
1.025061416657990776e-01
1.089250213044579141e-01
1.035449314495053841e-01
1.041729005355591653e-01
1.065195401424716692e-01
1.063870043308270397e-01
1.045863961880968418e-01
1.022369671081833076e-01
1.002344876287679654e-01
1.066833524073445005e-01
1.132832923103705980e-01
1.136192033573024673e-01
1.100661632572155213e-01
1.157110881322296336e-01
1.197788228582794545e-01
1.187744037215452408e-01
1.129217863690428203e-01
1.182447278861218365e-01
1.102766731346491724e-01
1.113738367621408543e-01
1.113350677387643373e-01
1.133397603298362810e-01
1.175430574530764716e-01
1.242194068745448021e-01
1.235131724679376930e-01
1.313470630120718852e-01
1.318086711344221840e-01
1.370376790891896235e-01
1.381260384969209554e-01
1.349906215309601976e-01
1.340878059054375626e-01
1.325588761592371156e-01
1.343589183834410505e-01
1.364423937538958853e-01
1.394256464573118137e-01
1.432663833966216771e-01
1.347460913730174070e-01
1.392698451236356050e-01
1.279555320106737781e-01
1.254940580965921981e-01
1.274464817961415974e-01
1.293600499557214789e-01
1.296479668635583948e-01
1.283861931642604759e-01
1.323476149900670862e-01
1.320598981401417404e-01
1.218607177834201138e-01
1.257299167173187016e-01
1.294706016342388466e-01
1.288410454835684504e-01
1.306835282521205954e-01
1.343939077796676429e-01
1.423011890728957951e-01
1.393328560789086623e-01
1.385453615639562486e-01
1.362470095336902887e-01
1.384246632114809472e-01
1.376257677511603106e-01
1.378004346515808720e-01
1.401847587167139864e-01
1.452667934117926052e-01
1.521675109561329009e-01
1.510544916691287654e-01
1.487023799363669241e-01
1.491081376261718106e-01
1.439160115096456138e-01
1.444241138215147657e-01
1.444620412403310183e-01
1.469964539737702580e-01
1.493521146439888980e-01
1.502243603135866579e-01
1.470794365577603457e-01
1.504654862856114050e-01
1.497584694661782123e-01
1.509766073213540949e-01
1.491491550787031883e-01
1.549088150022726040e-01
1.615822070998547133e-01
1.620429115137085319e-01
1.533605210061068647e-01
1.500746781621273840e-01
1.459994911911053350e-01
1.379848140040849103e-01
1.397759574592782883e-01
1.444508609511103714e-01
1.551205879623012152e-01
1.540267519703775179e-01
1.583979417009686586e-01
1.590741747313586529e-01
1.611343293225218076e-01
1.591781972274475265e-01
1.489093204600067111e-01
1.502187377700465731e-01
1.508119802037981572e-01
1.523902504377474543e-01
1.465571306034689769e-01
1.514010027913172962e-01
1.542888965777819976e-01
1.446424732948798919e-01
1.432002102610567817e-01
1.358921731462032767e-01
1.309043060446128948e-01
1.308690947680588579e-01
1.378524947231198894e-01
1.438332897014333867e-01
1.485930697108415188e-01
1.491807973452523584e-01
1.471329435389634455e-01
1.390051755115564447e-01
1.415361998115258757e-01
1.359136777755338699e-01
1.326264379385975190e-01
1.338994330508285202e-01
1.396303531782905338e-01
1.414204306965984870e-01
1.420559731395769631e-01
1.449891594820655882e-01
1.467516690499905962e-01
1.454055986559978919e-01
1.385570402308076154e-01
1.399359132701647468e-01
1.359205405715329107e-01
1.267576811806065962e-01
1.243692700209066970e-01
1.253156517595925834e-01
1.279207949064584682e-01
1.276807483063748805e-01
1.218829431782069150e-01
1.144689969096361892e-01
1.195936295407591388e-01
1.108909286449488718e-01
1.054003327153623104e-01
1.076709831068001222e-01
1.133137899541907245e-01
1.195158520185941597e-01
1.199927252364432206e-01
1.113359473110904219e-01
1.145999606433178997e-01
1.153130675120337401e-01
1.081736229753005318e-01
1.088226491920067929e-01
1.098446608957601711e-01
1.105136410915292799e-01
1.089435006088024238e-01
1.038414477625337895e-01
1.017892035797558492e-01
1.021013252047850983e-01
1.002512539434974315e-01
8.938925635629857425e-02
8.097215400994173251e-02
7.096772126169526018e-02
7.119970986968837678e-02
7.290106624714098871e-02
7.196749949434888549e-02
7.467486924178956542e-02
7.985028621260426007e-02
7.636271934097749181e-02
7.074090988498937804e-02
7.186452208588889334e-02
6.998357389784359839e-02
6.394785573866101913e-02
7.159168917132774368e-02
7.729735585962771438e-02
7.316966782673262060e-02
7.399568044820625801e-02
5.797389732106239535e-02
5.366926834358309861e-02
5.008412086863245349e-02
6.005296675539284479e-02
6.522015667724190280e-02
7.587629149384156335e-02
7.639868663864035625e-02
7.100696630368474871e-02
7.243138725971220993e-02
7.185950577877520118e-02
7.986442708897811826e-02
8.565483897837111726e-02
8.873748656515090261e-02
9.744244026296655647e-02
9.701668386333039962e-02
9.073139678730512969e-02
8.752518604524084367e-02
7.840387812939297874e-02
7.185359596951457206e-02
6.456597866235824768e-02
6.906870079728832934e-02
5.744527966271562036e-02
5.714582407563284505e-02
5.858602093212539330e-02
5.619492412915860768e-02
5.116236840149213094e-02
5.270052336345543154e-02
5.065086098511528689e-02
4.264837261507636867e-02
4.417244487376592588e-02
4.141013049593311734e-02
5.017960447548830416e-02
4.913234440391534008e-02
5.105972668025060557e-02
5.599807053295080550e-02
6.027634497695544269e-02
6.074399672797881067e-02
6.703482948614691850e-02
6.742976460554928053e-02
5.912148170500586275e-02
5.064078270515892655e-02
5.663695605653629173e-02
5.950836943156900816e-02
6.003558174597856123e-02
6.399560308454965707e-02
6.332292861225141678e-02
5.903154873158200644e-02
6.441623122373130172e-02
6.065241296892054379e-02
5.442877953100833111e-02
5.686803650678484701e-02
7.158147321024443954e-02
6.096180489294056315e-02
6.087208018652745523e-02
7.298954042562399991e-02
7.285887932448531501e-02
7.257904870130005293e-02
7.439159294335695449e-02
6.668292653921525925e-02
6.681744050183624495e-02
7.447145428523072042e-02
7.490920445343363099e-02
7.573553938709665090e-02
6.921923381014494225e-02
6.671550614191801287e-02
6.490331835630058777e-02
6.413051331583119463e-02
6.343943835781828966e-02
7.518602385607664473e-02
7.177801969919528347e-02
6.471942187272361480e-02
6.764174396266753320e-02
6.610405100764182862e-02
5.472578070475719869e-02
5.556273347974638455e-02
4.921023915630939882e-02
5.227332361027947627e-02
5.635403745145595167e-02
6.205932345619658008e-02
