5.175861665567176715e+03
5.238853584089149081e+03
5.240751933219361490e+03
5.242836910983647613e+03
5.212168923137831371e+03
5.217478492312303388e+03
5.287637224170935951e+03
5.331981020298383555e+03
5.251043258879450150e+03
5.426502158418049476e+03
5.422662329642981604e+03
5.307791118486635241e+03
5.303803015065826003e+03
5.272578753841661637e+03
5.287142880964537653e+03
5.282474949969225236e+03
5.296139794662942222e+03
5.323291785826356318e+03
5.287997629970371236e+03
5.283559881684931497e+03
5.200523603657962667e+03
5.276294092729946897e+03
5.244667543385082354e+03
5.195848761937259042e+03
5.272083662083937270e+03
5.318906565094250254e+03
5.292258892055119759e+03
5.292552102856355305e+03
5.334278907671806337e+03
5.236272623976698014e+03
5.241423962156335620e+03
5.327802873554301186e+03
5.345483729715246227e+03
5.354215620430322815e+03
5.359423874703703405e+03
5.278244896702978622e+03
5.411859361303894730e+03
5.398302679573638670e+03
5.458981622769008936e+03
5.287698219580724071e+03
5.379158826787636826e+03
5.273634453278772526e+03
5.413318127783970340e+03
5.348969983209243765e+03
5.388959077888103820e+03
5.518711840864036276e+03
5.515121737400199891e+03
5.567855414056793052e+03
5.400381133080270956e+03
5.509290579220328254e+03
5.508332417157712371e+03
5.597715144122353195e+03
5.479879397139899993e+03
5.381416235038348532e+03
5.429151347652421464e+03
5.391162659061655177e+03
5.363553772019694406e+03
5.363512861300160694e+03
5.361772288507005214e+03
5.340747196371639802e+03
5.401101751110089026e+03
5.370289065150235729e+03
5.326467843611740136e+03
5.307117466033178061e+03
5.393727758535776047e+03
5.399910676023580891e+03
5.383152569756679441e+03
5.318043418337632829e+03
5.317931025063930974e+03
5.416211703824184042e+03
5.302942187709258178e+03
5.322150051883940250e+03
5.371729931648060301e+03
5.434089528583063839e+03
5.318113604567448419e+03
5.312025357695759340e+03
5.287293767373520495e+03
5.370894517186936355e+03
5.391455249605872268e+03
5.228497201349514398e+03
5.404491248179191643e+03
5.306667379845430332e+03
5.397922098649620239e+03
5.441665175114008889e+03
5.376161757510724783e+03
5.445287022949912171e+03
5.417555578385426088e+03
5.357002059494626337e+03
5.494185412382988034e+03
5.455019381044955480e+03
5.299766310709475874e+03
5.291987974345286602e+03
5.331555157584707558e+03
5.440719395061732030e+03
5.308275059667373171e+03
5.290436894334376120e+03
5.388257750770374514e+03
5.320220270016006907e+03
5.346267343963188978e+03
5.246829248191082115e+03
5.357706613239340186e+03
5.183997761300096499e+03
5.308126910860264616e+03
5.472889601496098294e+03
5.277310636240784333e+03
5.399885570326960988e+03
5.258893821509008376e+03
5.264626290185984544e+03
5.291801913275751758e+03
5.300816379001840687e+03
5.385279584954301754e+03
5.281015354759349066e+03
5.295332021230964529e+03
5.254555893315435242e+03
5.355991739774704001e+03
5.428929759567488873e+03
5.210128901610774847e+03
5.264439090726913491e+03
5.349636406514040573e+03
5.231247486108803969e+03
5.223086088192710122e+03
5.277783126448648545e+03
5.357092842048542479e+03
5.253630509406832061e+03
5.289193405825034461e+03
5.334423676613329917e+03
5.381072802072757440e+03
5.360816014849526255e+03
5.360490133294912084e+03
5.378192881973311160e+03
5.345010350774279686e+03
5.361712850953657835e+03
5.281870404713465177e+03
5.215861825962942930e+03
5.259378118578316389e+03
5.323992087850271673e+03
5.344361329374820343e+03
5.287165948524137093e+03
5.308560331190256875e+03
5.430583736185991256e+03
5.265776989507995495e+03
5.392945272168474730e+03
5.495007373474378255e+03
5.508931816058683580e+03
5.513268483668029148e+03
5.488709537517287572e+03
5.299563111541556282e+03
5.440410426921358521e+03
5.382231631635087069e+03
5.431504321748818256e+03
5.240104079654099223e+03
5.279679208744553762e+03
5.390295721848882749e+03
5.310600242617195363e+03
5.265044364455255163e+03
5.492631375053120792e+03
5.360713155969625404e+03
5.442834881403303370e+03
5.471327499276491835e+03
5.415189354612588431e+03
5.402817518070605729e+03
5.422464115645556376e+03
5.479646509144796255e+03
5.456980076028446092e+03
5.439567003420169385e+03
5.474792395114242026e+03
5.363999443583838911e+03
5.416034288661664505e+03
5.379196928013908291e+03
5.566089574868619820e+03
5.451954742320591322e+03
5.501874658624651602e+03
5.466561197847955555e+03
5.373303968015034116e+03
5.400266201703620027e+03
5.325399295846515088e+03
5.249652067366373558e+03
5.401933700785562905e+03
5.183438173983237903e+03
5.372162783421394124e+03
5.083930795538277380e+03
5.476014563812031156e+03
5.486326986121772279e+03
5.422504855042138843e+03
5.597780376115359104e+03
5.484402265609161077e+03
5.463334774213521996e+03
5.476542112368963899e+03
5.485588959584599252e+03
5.470626317117573308e+03
5.508021120993626937e+03
5.580892352166575620e+03
5.547402198444200621e+03
5.580341119725640965e+03
5.379909544630541859e+03
5.558937240946662314e+03
5.340606626202045845e+03
5.288969780277529935e+03
5.490627054133239653e+03
5.249505296692312186e+03
5.239256045293419447e+03
5.471920539933618784e+03
5.331215258364975853e+03
5.443629889455331977e+03
5.429225896573420869e+03
5.134448727817975850e+03
5.250654980456477460e+03
5.300672377232825056e+03
5.161803260792476976e+03
5.116678169461809375e+03
5.418704434759533797e+03
5.551346404974684447e+03
5.543123970791627471e+03
5.398377290643838023e+03
5.482301735046438807e+03
5.592879830619474887e+03
5.511606076972421761e+03
5.588952417892436642e+03
5.546381154137821795e+03
5.287373002333600198e+03
5.404801470232212523e+03
5.441324145570240034e+03
5.570876181546538646e+03
5.452493301753060223e+03
5.733088984655812055e+03
5.508395558022855766e+03
5.748295125444299629e+03
5.460606797809350610e+03
5.527933854866359979e+03
5.465163711691472599e+03
5.392891151105291101e+03
5.658815564285292567e+03
5.635036855285983620e+03
5.705425854854765930e+03
5.845009177304386867e+03
5.726377031880781942e+03
5.657347648093667885e+03
5.522900925936407475e+03
5.666484733636192686e+03
5.559491012681579377e+03
5.564258952507495451e+03
5.504236099923908114e+03
5.279253484098811896e+03
5.402632250741778080e+03
5.391220063672923061e+03
5.536630560685974160e+03
5.629789354972078399e+03
5.554809114959319231e+03
5.656659125542588299e+03
5.438415859064723008e+03
5.732196744295423741e+03
5.563437362326470975e+03
5.680370689333375594e+03
5.641024134891645190e+03
5.723446632446483818e+03
5.726222583267762275e+03
5.699748113582840233e+03
5.660540212171850726e+03
5.720874619936384079e+03
5.674776184760286014e+03
5.604748483934603428e+03
5.574229682030757431e+03
5.621831916268600253e+03
5.610661118617444117e+03
5.607127252082877021e+03
5.768453855801258214e+03
5.418753899371574335e+03
5.608917451312670892e+03
5.668801108269849465e+03
5.510110443080217919e+03
5.598234571919535483e+03
5.572679731885697947e+03
5.532716683099373768e+03
5.444969112857244909e+03
5.407453287466176334e+03
5.463384444209406865e+03
5.434901817466477951e+03
5.459403835136789894e+03
5.580328366422557338e+03
5.382644608681202044e+03
5.545766729744981603e+03
5.430736933746497016e+03
5.441954935132926039e+03
5.368890129194046494e+03
5.612428708194929641e+03
5.474514353848327119e+03
5.475222741656131802e+03
5.415020725210798446e+03
5.450916613070893618e+03
5.297606287276622425e+03
5.482969346395189859e+03
5.457556782904653119e+03
5.330035865209082658e+03
5.519141430330916592e+03
5.488440700181641660e+03
5.293047616616639061e+03
5.348613823953263818e+03
5.366541576435250136e+03
5.427831581643667050e+03
5.493426394630612776e+03
5.428527926608085181e+03
5.508902067175144111e+03
5.544573954454369414e+03
5.536337228408833653e+03
5.593160357374820705e+03
5.553952955612688129e+03
5.522193633794244306e+03
5.487289673704901361e+03
5.391998999597084548e+03
5.254776071782895087e+03
5.319672726461343700e+03
5.435547787377314307e+03
5.400023309881114983e+03
5.347324840705318820e+03
5.408509125110255809e+03
5.297407881617482417e+03
5.348051423820753371e+03
5.387713442777856471e+03
5.170011032745814191e+03
5.299075134057792638e+03
5.263248604589964998e+03
5.497833126092756174e+03
5.469991047342620732e+03
5.477797229828499439e+03
5.437422101131235650e+03
5.649502637704215886e+03
5.472990843318130828e+03
5.441921165276859938e+03
5.361629633649031348e+03
5.394953468364702530e+03
5.541921161006890543e+03
5.438222611948267513e+03
5.326816738238784637e+03
5.383784585861419146e+03
5.418825973820493346e+03
5.212364083554807621e+03
5.374652951812203355e+03
5.474945825632411470e+03
5.411546980467689536e+03
5.349909658108736949e+03
5.455438955839961636e+03
5.331922781369192307e+03
5.431372511739906258e+03
5.400226119943227786e+03
5.389939633042866262e+03
5.593367765306330512e+03
5.450206386842644861e+03
5.620472701165176659e+03
5.634983946967131487e+03
5.500753164386660501e+03
5.542311068401621014e+03
5.306075561759005723e+03
5.482344654577216716e+03
5.520067356417760493e+03
5.431155434011537182e+03
5.338437466090504131e+03
5.381080284961962207e+03
5.381751758266780598e+03
5.412905493831201966e+03
5.301986163900824977e+03
5.524931203061022643e+03
5.372072439214386577e+03
5.596343662914323431e+03
5.499690308485764035e+03
5.381364660673893923e+03
5.401271177233456001e+03
5.437494446430113385e+03
5.420210832336810199e+03
5.433455291962079173e+03
5.357429955856295237e+03
5.594819230751282703e+03
5.455973613513487180e+03
5.275450690852221669e+03
5.352109578029267141e+03
5.512627507626811166e+03
5.411328623232992868e+03
5.491547646072459429e+03
5.317086817407249328e+03
5.476833832511896617e+03
5.271218761148626072e+03
5.339861913723874750e+03
5.216990038961095706e+03
5.421776830693274860e+03
5.427199650375005149e+03
5.397370585660342840e+03
5.303697562174895211e+03
5.481696537498100042e+03
5.370428529629541117e+03
5.267954937227344999e+03
5.291834308495755977e+03
5.461599283822184589e+03
5.374252529477183998e+03
5.604359586099883018e+03
5.679831330815152796e+03
5.618619125837405591e+03
5.551473064542293287e+03
5.194686091127718100e+03
5.260303639819075215e+03
5.317128084407228926e+03
5.458817449106157255e+03
5.235588697687815511e+03
5.486724466292787838e+03
5.346157956132365143e+03
5.407544192281768119e+03
5.520355404324127448e+03
5.266182631778255200e+03
5.347079325250444526e+03
5.460944845028142481e+03
5.346797669910105469e+03
5.354462511740637638e+03
5.359131704570670991e+03
5.447700269220349583e+03
5.519675716150191874e+03
5.483519770464949033e+03
5.572821336079249704e+03
5.566022867808857882e+03
5.509503560907854990e+03
5.597919869014284814e+03
5.543341830605025280e+03
5.564374243998025122e+03
5.565719340717986597e+03
5.430868459325495678e+03
5.428378404340544876e+03
5.559972858578767045e+03
5.466350088807327666e+03
5.454418356989945096e+03
5.467463817143234337e+03
5.403858737296921390e+03
5.410229850757094027e+03
5.293482505902801677e+03
5.484074593710508452e+03
5.522563071463560846e+03
5.485917212834317979e+03
5.550138238275412732e+03
5.483137271013642930e+03
5.673798765708086648e+03
5.435419796163086176e+03
5.392795664411998587e+03
5.296600154715434655e+03
5.342026799150010447e+03
5.217310495262585391e+03
5.574654896331770033e+03
5.576418635409506351e+03
5.431349215974055369e+03
5.487086104601647094e+03
5.473447682845666350e+03
5.620944430055832527e+03
5.339920199294945633e+03
5.586953895724667746e+03
5.631734749277784431e+03
5.458199455689804381e+03
5.299120967603192184e+03
5.432317742515623650e+03
5.454505535090243029e+03
5.412562386315803451e+03
5.350756252492174099e+03
5.185019325409780322e+03
5.410901436721309437e+03
5.426039872988341813e+03
5.491736659658397002e+03
5.417631490920859505e+03
5.445165933976066299e+03
5.540032330121362065e+03
5.474799399146462747e+03
5.605462921080609703e+03
5.460037044964737106e+03
5.566840907207139935e+03
5.601799313842765514e+03
5.540966081214481164e+03
5.619603073406066869e+03
5.700102746352483337e+03
5.364268929581144221e+03
5.278611042707668275e+03
5.130534492563019739e+03
5.176735140088540902e+03
5.298263341735068934e+03
5.368411662419513050e+03
5.210398572883479574e+03
5.343085029426161782e+03
5.184556196223754341e+03
5.294945322645085071e+03
5.496304225075665272e+03
5.442350682407507520e+03
5.397239512813409419e+03
5.423601246528017327e+03
5.350343183630144267e+03
5.399006153581350191e+03
5.458420399096075016e+03
5.305797044484720573e+03
5.589845332370248798e+03
5.418629117971708183e+03
5.342813448292386965e+03
5.444957117033868599e+03
5.577708836186013286e+03
5.419112320788731267e+03
5.431104512939098640e+03
5.313408621679795033e+03
5.220003638909191068e+03
5.247243619264223526e+03
5.429688426037966565e+03
5.349674782393959504e+03
5.429627383398070378e+03
5.484381918299829522e+03
5.354049148821003655e+03
5.441515665940473809e+03
5.414755486978675435e+03
5.225092755995326115e+03
5.123417716130693407e+03
5.231682308618142088e+03
5.315650372764782333e+03
5.344425459348779441e+03
5.404087257593461800e+03
5.424234188553617969e+03
5.500929920581324950e+03
5.231111886028631488e+03
5.193328404690291791e+03
5.597593424472015613e+03
5.504907876479839615e+03
5.508999290755474249e+03
5.454724584329112986e+03
5.763250757308976972e+03
5.349399374995308790e+03
5.303338682607815826e+03
5.277464194192179093e+03
5.261346414065485078e+03
5.339814933125662719e+03
5.450335348646973216e+03
5.497059138373885617e+03
5.371497153930034983e+03
5.487026400893891150e+03
5.400609347160922880e+03
5.260865361799039420e+03
5.396369599952505268e+03
5.338486367253884964e+03
5.452467965661377093e+03
5.428035402441189945e+03
5.277484873424746183e+03
5.430069873320645456e+03
5.414278129524327596e+03
5.318423790504065437e+03
5.432246309336548620e+03
5.329122230301814852e+03
5.339955542118926132e+03
5.330740135411117990e+03
5.191132501157161641e+03
5.176868064433637301e+03
5.320358998232364684e+03
5.285387854754005275e+03
5.456905706628551343e+03
5.635153479740183684e+03
5.484564924494428851e+03
5.551680129051633230e+03
5.509726587946654035e+03
5.306664949209657607e+03
5.516430031658386724e+03
5.414602320566646085e+03
5.216460595644768546e+03
5.359515982695490493e+03
5.437369157968092622e+03
5.368882774794512443e+03
5.241647430213753978e+03
5.325910745810833760e+03
5.371772051243057831e+03
5.234889078287745178e+03
5.242291573317593247e+03
5.211200177581459684e+03
5.340148655092382796e+03
5.407963573321844706e+03
5.319992877143398800e+03
5.366241583177338725e+03
5.407917078495833266e+03
5.446510239935726531e+03
5.460733093358455335e+03
5.458901283386233445e+03
5.403787424713637847e+03
5.508855787947606586e+03
5.468868428287068127e+03
5.339897637695793492e+03
5.398856301915490803e+03
5.399507965271845933e+03
5.564587671257309921e+03
5.108315730619374335e+03
5.209985572485789817e+03
5.338079710661601894e+03
5.186647470492968750e+03
5.061834397990072830e+03
5.206960453468101150e+03
5.266355846574090720e+03
5.276745754844717339e+03
5.205567107744766872e+03
5.149213254368990420e+03
5.446866854258352760e+03
5.401538728913208615e+03
5.526022818549909971e+03
5.467830247922925082e+03
5.582003681827156470e+03
5.207580855032642830e+03
5.378173230090194920e+03
5.345228649800608764e+03
5.195441447653067371e+03
5.453807040264622628e+03
5.222093239432396331e+03
5.266163408993196754e+03
5.142812938121158368e+03
5.426419066009856579e+03
5.184240939398147930e+03
5.338980070316562887e+03
5.500420008609697106e+03
5.183518221731545054e+03
5.393704176307784110e+03
5.480830584171986629e+03
5.456556661948012334e+03
5.381732385107677146e+03
5.421297658522509664e+03
5.318159495847392463e+03
5.411546804088224235e+03
5.276019540753237379e+03
5.373369464699215314e+03
5.210934078875939122e+03
5.316845996220603411e+03
5.343713111540343562e+03
5.302667270145571820e+03
5.514300212121618642e+03
5.281755582873889580e+03
5.497049241176116993e+03
5.464535964313839941e+03
5.308852543854142823e+03
5.542221017804759867e+03
5.568465339516524182e+03
5.390350317982754859e+03
5.585759599664385860e+03
5.421629930931707349e+03
5.502889323576699098e+03
5.517909279053956197e+03
5.499068835734145068e+03
5.517829561612737052e+03
5.336196472310035460e+03
5.300109581609175621e+03
5.464014502300971799e+03
5.359947325834014009e+03
5.451993971051096196e+03
5.500471982549863242e+03
5.373424791295270552e+03
5.320267868929124234e+03
5.427052161091664857e+03
5.364084891531805624e+03
5.368162878344953242e+03
5.526223579888769564e+03
5.458429563789552958e+03
5.449728035319442824e+03
5.501911577440382644e+03
5.364242713332545463e+03
5.281179163933404197e+03
5.356450790135266288e+03
5.274404766352480692e+03
5.245281956122275005e+03
5.526724350140876595e+03
5.475160885303738723e+03
5.453722715342223637e+03
5.381780084058996181e+03
5.472901703792418630e+03
5.320685817119864623e+03
5.255006404534637113e+03
5.222159333272509684e+03
5.364165008424915868e+03
5.397243557077661535e+03
5.349530805674665316e+03
5.319768782297131111e+03
5.396859518355933687e+03
5.362393570853425445e+03
5.194142361676175824e+03
5.228601050827523068e+03
5.467431981059738973e+03
5.301480583542455861e+03
5.344742623741915850e+03
5.420971445688459426e+03
5.317839655336392752e+03
5.471575505844392865e+03
5.387269376950576770e+03
5.270989249379376815e+03
5.283816811405062253e+03
5.448980062079873278e+03
5.369610413953920215e+03
5.540232583759128829e+03
5.471472674802347683e+03
5.418194502831984209e+03
5.252467615293089693e+03
5.407299643207880763e+03
5.174824067722844120e+03
5.412537052647920973e+03
5.354992594393532272e+03
5.363585771822899005e+03
5.431904283036323250e+03
5.381392723747533637e+03
5.513073553222339797e+03
5.388786130130328274e+03
5.464811826606309296e+03
5.372802350704630044e+03
5.286226562345098500e+03
5.490335345815487017e+03
5.397973950195523685e+03
5.268810137616971588e+03
5.249431447280419889e+03
5.484818241991023569e+03
5.342808161530670986e+03
5.408347113280206941e+03
5.494428278194761333e+03
5.432628503837362587e+03
5.354843328918617772e+03
5.664499647393012310e+03
5.530569868142763880e+03
5.659735916880006698e+03
5.563688495369638986e+03
5.521514387234299647e+03
5.532894342133381542e+03
5.476884337452425825e+03
5.661412792572729813e+03
5.532844063179050863e+03
5.481483351930543904e+03
5.488591857918071582e+03
5.433851415380013350e+03
5.518582520060951538e+03
5.593985751024552883e+03
5.529716936453851304e+03
5.752676216843863585e+03
5.643348445745534264e+03
5.547974691850863564e+03
5.541553913694954645e+03
5.463112972272405386e+03
5.573924701083086802e+03
5.441910431573275673e+03
5.351436838152641940e+03
5.454941268221932660e+03
5.274831146756266207e+03
5.319437681351999345e+03
5.307194410998725289e+03
5.545906421639838300e+03
5.487047663401462160e+03
5.497438614629926633e+03
5.384845337375554664e+03
5.649635430373173222e+03
5.504453296681335814e+03
5.423166906555231435e+03
5.334778071812330381e+03
5.183210115659073381e+03
5.388165603782647850e+03
5.491150767179212380e+03
5.464116670899607925e+03
5.659680772565841835e+03
5.553907915014443461e+03
5.484215303588393908e+03
5.271147470528198028e+03
5.411500634484616967e+03
5.361844084590520652e+03
5.358606004178092007e+03
5.122159046522358040e+03
5.345270790016461433e+03
5.253891728336410779e+03
5.208854318776484433e+03
5.267352443505580595e+03
5.369546954802945038e+03
5.483029765203034003e+03
5.300061033995151774e+03
5.318812118988926159e+03
5.392997935153546678e+03
5.382251643620882533e+03
5.344576416741339926e+03
5.367607946719505890e+03
5.226573492105438163e+03
5.318434311287091987e+03
5.380878422776381740e+03
5.291135646807289049e+03
5.444651444314473338e+03
5.474784533135804850e+03
5.171231789131688856e+03
5.517426208377481089e+03
5.645574305358219135e+03
5.471674143965739859e+03
5.756439224255894260e+03
5.561210935178743966e+03
5.561191895683981784e+03
6.240055746824807102e+03
6.286821184418151461e+03
6.278655558281546291e+03
6.281984025907747309e+03
6.299772235032235585e+03
6.333414334839539151e+03
6.317006381176699506e+03
6.398348368848707651e+03
6.396489672312162838e+03
6.396664796037841370e+03
6.323776355468331531e+03
6.280110789867704625e+03
6.323860529869682978e+03
6.356510977588846799e+03
6.449951191986813683e+03
6.441273007442287053e+03
6.325726814825803558e+03
6.434924102080490229e+03
6.435599152763310485e+03
6.428772146745079226e+03
6.459830247316189343e+03
6.340712955777207753e+03
6.356721489244057011e+03
6.417672380159617205e+03
6.403780619054217823e+03
6.429749832251703992e+03
6.403955141555622504e+03
6.394709310217447637e+03
6.342833403597831420e+03
6.374897438500852331e+03
6.382616437236860293e+03
6.157125491077660627e+03
6.335387235632896591e+03
6.306522179000556207e+03
6.377098455162086793e+03
6.514115553603399349e+03
6.456662939112511594e+03
6.462555385781981386e+03
6.397932419414259130e+03
6.448149531631757782e+03
6.389007917240949610e+03
6.519085902852674735e+03
6.394983521602549445e+03
6.387486511175448868e+03
6.303050712166545054e+03
6.359016687676000402e+03
6.397872852805531693e+03
6.473081086922122267e+03
6.514295755310646200e+03
6.551865812914193157e+03
6.444981035781327591e+03
6.423457252538070861e+03
6.314002737223797340e+03
6.436263953341985143e+03
6.382879263086400897e+03
6.412763623159233248e+03
6.331508090972896753e+03
6.294410937360335083e+03
6.386621628667521691e+03
6.298792489930099691e+03
6.357725307080692801e+03
6.379245870816945171e+03
6.438883419744109233e+03
6.476917982986850802e+03
6.439910714176383408e+03
6.455300552027940284e+03
6.321360768791238115e+03
6.449591356609814284e+03
6.335677374770243659e+03
6.587189528173144936e+03
6.499783040841943148e+03
6.493226546814201356e+03
6.526780739401910068e+03
6.508262246158446942e+03
6.411197564607472486e+03
6.608686480032354666e+03
6.545456035406237788e+03
6.522405670920517878e+03
6.661927965155424317e+03
6.555769218744915634e+03
6.601761995819710137e+03
6.387489485319029882e+03
6.539676341802884053e+03
6.455415500319335479e+03
6.310186061881570822e+03
6.304595152021056492e+03
6.442895249872573913e+03
6.445222548825149715e+03
6.471543445934074953e+03
6.419997092141703433e+03
6.400536210251420925e+03
6.588324982394572544e+03
6.507127230850239357e+03
6.605154511557721889e+03
6.497655084175579759e+03
6.436889537046233272e+03
6.523701679095011059e+03
6.473749138514434890e+03
6.392491934561534435e+03
6.551233236722156107e+03
6.485840356027614689e+03
6.715774631440999656e+03
6.581511732247233340e+03
6.397844434460790580e+03
6.484585512252986518e+03
6.569322169474841758e+03
6.365872647552991111e+03
6.493813131497076938e+03
6.413561017458367132e+03
6.323823084256507173e+03
6.372177704526167872e+03
6.426971407274884768e+03
6.408776032821477202e+03
6.344145842806826295e+03
6.411951268872624496e+03
6.470653061988155059e+03
6.524329221864694773e+03
6.564735476593665226e+03
6.399384728853440720e+03
6.546749935329088657e+03
6.524946230215755349e+03
6.489099329536105870e+03
6.254919592981210371e+03
6.375238280117280738e+03
6.462048814303269864e+03
6.495783703578414134e+03
6.562877501750530428e+03
6.455499388826988252e+03
6.610277017309384064e+03
6.573871495776447773e+03
6.468744634810132084e+03
6.452070269907745569e+03
6.499409912896589049e+03
6.492794903757638167e+03
6.503720480471097289e+03
6.514583901748153949e+03
6.454755650833633808e+03
6.463951822638514386e+03
6.501839479364615727e+03
6.427956885827478800e+03
6.490912605291484397e+03
6.383752423344808449e+03
6.528008954458431617e+03
6.628277108479817798e+03
6.442638148734326023e+03
6.355686992823702894e+03
6.450468647569189670e+03
6.518608886579817408e+03
6.425266377374223339e+03
6.407623719930801599e+03
6.408060264042905146e+03
6.496128417047380935e+03
6.336750101103898487e+03
6.403525996257317274e+03
6.508494298525616614e+03
6.385023167201661636e+03
6.052279993122553606e+03
6.376310156177538374e+03
6.427618999617448935e+03
6.232894567686815208e+03
6.380186546432754767e+03
6.410146018899703449e+03
6.212361027328188356e+03
6.206010463226143656e+03
6.366045403925780192e+03
6.292587220692854316e+03
6.316710992998545407e+03
6.368163815457237433e+03
6.369360458848462258e+03
6.291495962223950301e+03
6.328870017483837728e+03
6.461138800021007228e+03
6.462887975877842109e+03
6.414157286915221448e+03
6.415805133821982054e+03
6.221709558990965888e+03
6.605016099593496619e+03
6.469431685391701649e+03
6.496400788526914766e+03
6.551851326609396892e+03
6.384940530568444956e+03
6.561232924546371578e+03
6.412229859959717032e+03
6.586986615145866381e+03
6.481046192540083211e+03
6.535029735526336481e+03
6.565665107784204338e+03
6.415838542119451631e+03
6.629721816838326049e+03
6.382819226556250214e+03
6.361251704309815977e+03
6.468316422047913875e+03
6.506374399371035906e+03
6.417291786898094870e+03
6.490106474187885397e+03
6.390526220937036669e+03
6.515349275503407625e+03
6.757717490085186910e+03
6.497230420285044602e+03
6.404344241193074595e+03
6.529878389219303244e+03
6.495591832778573007e+03
6.342098256313020102e+03
6.528585685986303361e+03
6.430122010464737286e+03
6.283814867252351178e+03
6.582105036867395029e+03
6.419342465853326757e+03
6.559234322057673126e+03
6.572635350608146837e+03
6.442514395482296095e+03
6.504043862432164133e+03
6.494620352750974234e+03
6.478639495915198495e+03
6.278299509638684867e+03
6.579471419771306500e+03
6.441863254509496983e+03
6.517512789102665920e+03
6.441193925998826671e+03
6.411861034725531681e+03
6.531566085525328162e+03
6.389941054545827683e+03
6.360161215310456100e+03
6.300333591126893225e+03
6.270902021018980122e+03
6.415501666486229624e+03
6.417191904423943924e+03
6.326268576239685899e+03
6.430292093098347323e+03
6.366695297163620126e+03
6.426897458269855633e+03
6.427380075286662759e+03
6.556712811516073089e+03
6.654719691059095567e+03
6.459683480257311203e+03
6.529125232381762544e+03
6.541749631469015185e+03
6.475551734196618781e+03
6.495486271341255815e+03
6.450804701071181626e+03
6.604641985768796076e+03
6.671957008286808559e+03
6.532998788509133192e+03
6.496157160473704607e+03
6.623961941734582069e+03
6.765079145179603074e+03
6.578861374664930736e+03
6.580468213998320607e+03
6.726958648914757759e+03
6.690014191402750839e+03
6.428230354457289650e+03
6.608447738853633382e+03
6.549662138940283512e+03
6.471652476424365886e+03
6.444169790655981160e+03
6.495501534999025353e+03
6.386313390286150025e+03
6.440424379582973415e+03
6.401276199011544122e+03
6.510887505401218732e+03
6.324332210044556632e+03
6.363717811584345327e+03
6.216660054982255133e+03
6.152331438703792628e+03
6.351631249418567677e+03
6.518038034236536078e+03
6.539542232216424964e+03
6.614654771496318972e+03
6.499604968753939829e+03
6.635327882936127025e+03
6.576004314842113672e+03
6.375492697604777277e+03
6.339251767487628058e+03
6.545110368680153442e+03
6.501053888161664872e+03
6.538690935817006903e+03
6.499525654933921032e+03
6.514035325043749253e+03
6.498840495709752759e+03
6.470177761928686778e+03
6.339506259947016588e+03
6.303316655371932939e+03
6.369392188859254020e+03
6.310219074073483171e+03
6.266086121208884833e+03
6.267932593289030592e+03
6.347506544558953465e+03
6.284613903846799076e+03
6.245920082687885952e+03
6.344454015413443813e+03
6.260470621426544312e+03
6.376618256391953764e+03
6.426973631420630227e+03
6.419802237300887100e+03
6.345708507846223256e+03
6.460020391327586367e+03
6.253736684273999344e+03
6.390769498323109474e+03
6.386523475693249566e+03
6.265299201226922378e+03
6.444432955335798397e+03
6.424980487911465389e+03
6.468074023613001373e+03
6.370107306041082666e+03
6.219164617713776352e+03
6.250293842902662618e+03
6.545848240305316722e+03
6.404694339837026746e+03
6.328175924264013702e+03
6.389894363188992429e+03
6.306708103693589692e+03
6.437996236960978422e+03
6.458913247044390118e+03
6.457416258599029788e+03
6.454304107571979330e+03
6.475237310347027233e+03
6.532307619359392447e+03
6.420514653937421826e+03
6.414934272937380229e+03
6.378989809437677650e+03
6.448547640586016314e+03
6.594224798012295651e+03
6.476760653951139830e+03
6.547060511420118019e+03
6.560265006396249191e+03
6.555311883869469966e+03
6.477282494571497409e+03
6.461922111217912970e+03
6.475118694630374193e+03
6.624921789061549134e+03
6.519181377691977104e+03
6.397706971749377772e+03
6.410450100043622115e+03
6.474609983862127592e+03
6.437939333645322222e+03
6.385237406345994714e+03
6.506696348248204231e+03
6.393839542790325140e+03
6.487360201204934128e+03
6.433045663795658584e+03
6.416772586946071897e+03
6.364274748061751779e+03
6.514871056540302561e+03
6.600551329813644770e+03
6.331364583806700466e+03
6.457487569014660039e+03
6.694773483666435823e+03
6.646942853827958061e+03
6.709621135736046199e+03
6.718388001956830522e+03
6.656723041177414416e+03
6.509742560052524823e+03
6.420974504190424341e+03
6.550093057939294340e+03
6.517804472726887980e+03
6.505746514554043642e+03
6.530782010315469961e+03
6.672518370470605987e+03
6.715948337008730959e+03
6.703239762978324507e+03
6.710808762961782122e+03
6.599517898216132380e+03
6.574535894218001886e+03
6.716878365030189343e+03
6.540432262711848125e+03
6.620860449135688214e+03
6.590636617081535405e+03
6.674576580058047512e+03
6.846143364442033999e+03
6.604235762523459925e+03
6.718664373231354148e+03
6.484094043181937195e+03
6.495611799183307085e+03
6.412802992436253589e+03
6.599734403557069527e+03
6.589157339455348847e+03
6.749683632094163841e+03
6.723041157973503687e+03
6.612283839013571196e+03
6.751193602537013248e+03
6.612132855626548007e+03
6.633215547985235389e+03
6.550547650530316787e+03
6.456880037348750193e+03
6.747722520994724619e+03
6.732479972193293179e+03
6.568049331534773955e+03
6.658644212734313442e+03
6.542731726927801901e+03
6.518537640110167558e+03
6.554210449949656322e+03
6.814851471216200480e+03
7.053136532566267306e+03
6.846848389427323127e+03
6.706344868400693485e+03
6.880536105118846535e+03
6.753440787009039013e+03
6.624090146882789668e+03
6.702053211809510685e+03
6.490823358999279662e+03
6.620750568489752368e+03
6.747762514890695456e+03
6.663964942065114883e+03
6.678230580411257506e+03
6.793888066842731860e+03
6.706680620808258936e+03
6.427123337167397949e+03
6.243509117306582084e+03
6.392331927066635217e+03
6.545293073522707346e+03
6.387198510754220479e+03
6.605042135295839216e+03
6.637360118611930375e+03
6.463959899450775993e+03
6.561637157345740889e+03
6.535758022415349842e+03
6.575857144954587966e+03
6.535548898750828812e+03
6.363746298026770091e+03
6.397855492269782189e+03
6.367329814689467639e+03
6.316852795927332409e+03
6.247732553124464175e+03
6.312793265679754768e+03
6.316773020194827041e+03
6.183403224494513779e+03
6.413163507836244207e+03
6.306947407883730193e+03
6.261379632261402548e+03
6.294609174185239681e+03
6.397464002795584747e+03
6.456102817300202332e+03
6.447414991892827857e+03
6.645941809883842325e+03
6.832236449477398310e+03
6.620664029175490214e+03
6.421742046540483898e+03
6.457357671061624387e+03
6.722034608146145729e+03
6.580007157735053624e+03
6.593216896426117273e+03
6.548946325662954223e+03
6.483738207031260572e+03
6.502247078115479781e+03
6.519984739265419194e+03
6.551559009346533458e+03
6.493777884850498594e+03
6.457552907370190951e+03
6.569615427389227079e+03
6.324760694933756895e+03
6.581065571056568842e+03
6.481784284398962882e+03
6.484213629177567782e+03
6.413595742031398004e+03
6.487106118704038636e+03
6.454917583616073898e+03
6.760427805622428423e+03
6.594235359237330158e+03
6.623774613323816993e+03
6.781835981168837861e+03
6.525910940902875154e+03
6.607176870809517823e+03
6.663744174481827031e+03
6.586858361298230193e+03
6.637376678078075201e+03
6.634865857056718596e+03
6.826041756686051485e+03
6.455473106567800642e+03
6.502479509903993858e+03
6.468370952240810766e+03
6.418718993799850978e+03
6.465951712998305993e+03
6.554383674433664964e+03
6.683120315541203126e+03
6.766234902095915459e+03
6.496632915455867078e+03
6.493582605599413000e+03
6.457074183371925756e+03
6.590972232262959551e+03
6.523323050185265856e+03
6.559646700765306377e+03
6.666128707162421051e+03
6.457719615018070726e+03
6.650114862184744197e+03
6.636267758076335667e+03
6.691388464045516230e+03
6.509183227726164660e+03
6.699504442205089617e+03
6.516567949905056594e+03
6.577006579368397979e+03
6.729021869758867979e+03
6.394636077021025812e+03
6.446649058971704108e+03
6.480714711327631449e+03
6.354119963280582851e+03
6.307384741906902491e+03
6.644249715391485552e+03
6.623033477468895398e+03
6.830247261694912595e+03
6.615013484876873008e+03
6.669034158461572588e+03
6.572613395550753012e+03
6.725110373671703201e+03
6.555040976710506584e+03
6.769839660326899320e+03
6.439532261917796859e+03
6.892720352142524462e+03
6.665115403467741089e+03
6.823837612671101851e+03
6.594214874841405617e+03
6.636369757582235252e+03
6.697898998320084502e+03
6.635188698134902552e+03
6.637419516761803607e+03
6.677954994663362413e+03
6.623546572232249673e+03
6.379438553680019140e+03
6.591366302745203029e+03
6.405457798881538110e+03
6.663553230278014780e+03
6.682687939869237198e+03
6.577648791256909135e+03
6.510071674405887279e+03
6.713961251981862915e+03
6.864263274635230118e+03
6.708877036885215603e+03
6.558469986189526026e+03
6.742006693787189761e+03
6.573269433703845607e+03
6.596189488195145714e+03
6.688228010379423722e+03
6.460673720595711529e+03
6.452692896825370553e+03
6.451206811137651130e+03
6.641475979097643176e+03
6.587142189889083966e+03
6.521585338955360385e+03
6.627586267472178406e+03
6.588510516977115003e+03
6.653902665227077705e+03
6.624856497005508572e+03
6.458857145519011283e+03
6.165810114838925074e+03
6.388063883408322909e+03
6.494796379968812289e+03
6.442751763017925441e+03
6.408599127431652050e+03
6.382224240809794537e+03
6.318057288549665827e+03
6.282450462034037628e+03
6.294107062006081833e+03
6.359280215564566788e+03
6.225539005290124805e+03
6.456390377926880319e+03
6.444631489901275017e+03
6.322866464651577189e+03
6.500926690744473490e+03
6.536520871295639154e+03
6.528185690824959238e+03
6.651258103233417387e+03
6.519873809006259762e+03
6.365040245767903798e+03
6.619157122908037309e+03
6.352895511950466243e+03
6.354841679481828578e+03
6.621035614895479739e+03
6.414782833894025316e+03
6.579628813483580416e+03
6.559757491420230508e+03
6.249476563747055479e+03
6.429818588874657507e+03
6.485354787996695450e+03
6.266966642214920284e+03
6.327126902059416352e+03
6.493579767793868996e+03
6.485881803735956055e+03
6.460383447269327917e+03
6.499075651513866433e+03
6.588842318946479281e+03
6.548597945210706712e+03
6.519594178005823778e+03
6.633233240175694846e+03
6.616251824836057494e+03
6.490355958849941089e+03
6.680329416306117309e+03
6.575004213685216200e+03
6.707052746007747373e+03
6.739646885871163249e+03
6.546761271921842308e+03
6.891283187829755661e+03
6.728222862659271414e+03
6.495658132060967546e+03
6.566307725819879124e+03
6.525037540889088632e+03
6.261927400055070393e+03
6.318262664013792346e+03
6.708742969844397521e+03
6.550452708507157695e+03
6.479542068763222233e+03
6.700767964200964343e+03
6.508705617963115401e+03
6.471778430686897082e+03
6.449220763181468101e+03
6.680054401702599534e+03
6.506138401238933511e+03
6.578178449287142939e+03
6.607105682301463276e+03
6.614976071813764065e+03
6.581985188188791653e+03
6.342877947902878077e+03
6.382863694510595451e+03
6.159978901396858419e+03
6.357393333112167966e+03
6.134897226378763662e+03
6.214928173037724264e+03
6.273708075993476996e+03
6.397350562922487370e+03
6.395075232264876831e+03
6.549504777113726959e+03
6.459897903612445589e+03
6.288900988428512392e+03
6.477051978913344101e+03
6.373153123112248977e+03
6.451705262979739018e+03
6.558913864382537213e+03
6.490258094464772512e+03
6.569054200723587201e+03
6.374682291025433187e+03
6.389914714226928481e+03
6.560907091656485136e+03
6.425978005955113076e+03
6.668346774067842489e+03
6.590832481660422673e+03
6.598383700799947292e+03
6.699421251141021457e+03
6.749622851390688083e+03
6.600403901272361509e+03
6.622848718552573700e+03
6.669137706239305771e+03
6.730479650840990871e+03
6.454400148031441859e+03
6.695802133141874947e+03
7.035524806415480271e+03
6.767696335943969643e+03
6.730024268378207125e+03
6.588635179994378632e+03
6.737104693197440611e+03
6.579264829370444204e+03
6.763408340743199005e+03
6.536260260730596201e+03
6.741141049725335506e+03
6.523205532401966593e+03
6.391453737796722635e+03
6.552931817929529643e+03
6.473723633711396360e+03
6.485915826732673850e+03
6.476576404010349506e+03
6.645398326309737968e+03
6.491001741109049362e+03
6.557767575977599336e+03
6.527271800155161145e+03
6.515951146184027493e+03
6.509630889576596928e+03
6.498855030658910437e+03
6.645876080738369637e+03
6.781681545324880062e+03
6.583204754677986784e+03
6.625189876507191912e+03
6.735771985386712004e+03
6.662247495966928000e+03
6.624719709142178544e+03
6.615822299526428651e+03
6.470682297398064293e+03
6.664487233141770957e+03
6.716619129223377058e+03
6.499481513644666848e+03
6.520682104433473796e+03
6.613740074294486476e+03
6.533947492850732488e+03
6.556821777496019422e+03
6.478781132931032516e+03
6.506439824202841010e+03
6.425038037470476411e+03
6.466251730031945954e+03
6.561745222492974790e+03
6.461442406005844532e+03
6.578380635103681925e+03
6.548147818335593911e+03
6.598858996248299263e+03
6.589463526776814433e+03
6.728297882316966025e+03
6.547188946780206606e+03
6.685572719911907370e+03
6.723125841431054141e+03
6.669472236752126264e+03
6.556018067214878101e+03
6.531831549485103096e+03
6.597557253703582319e+03
6.555355241821349409e+03
6.783201912830521906e+03
6.623410111168022013e+03
6.592965219552635062e+03
6.547088725641106066e+03
6.693460456316038290e+03
6.705417832849095248e+03
6.763051565596905675e+03
6.448814800172656760e+03
6.340517413876982573e+03
6.540883103239560114e+03
6.494199095898522501e+03
6.439914099713390897e+03
6.678035505193319295e+03
6.637060925935443265e+03
6.457791247310437939e+03
6.621134908453001117e+03
6.755540610137783915e+03
6.763442673131736228e+03
6.779554996344772007e+03
6.649628781026023717e+03
6.700906967740363143e+03
6.681932734495342629e+03
6.501246920750451864e+03
6.729487835474213171e+03
6.501094201828218502e+03
6.639917833965583668e+03
6.475345487892330311e+03
6.340606088800933321e+03
6.426515915794995635e+03
6.740392480571457781e+03
6.620578739123007836e+03
6.549276882421447226e+03
6.646015208408934996e+03
6.524389342472241879e+03
6.581320740243753789e+03
6.692526708262145803e+03
6.332276238764568006e+03
6.556740319760704551e+03
6.801187043713085586e+03
6.461331896259934183e+03
6.655108645168117619e+03
6.748207836291528110e+03
6.495167127018154133e+03
6.453516009337765354e+03
6.381283933436826374e+03
6.416946640788799414e+03
6.365241154232586268e+03
6.360419927031369298e+03
6.396190789558250799e+03
6.460459333407331542e+03
6.364871440527137565e+03
6.505654489428699890e+03
6.358453642192792358e+03
6.546352127340126572e+03
6.265225769871765806e+03
6.466826258563071860e+03
6.582101205288248821e+03
6.636367853048960569e+03
6.625059459181732564e+03
6.444048500552265068e+03
6.530764954970051804e+03
6.578061070084834682e+03
6.362239153210756740e+03
6.523073228859903793e+03
6.647181281850116648e+03
6.398747606684142738e+03
6.472304488962641699e+03
6.624149642902303640e+03
6.657677174919839672e+03
6.605037923779191260e+03
6.458820922298990808e+03
6.452467867177189873e+03
6.551890955911395395e+03
6.399097399672624306e+03
6.548762446765428649e+03
6.406536015053829942e+03
6.607766064818607447e+03
6.445899852791349986e+03
6.406120175803307575e+03
6.531781839343519096e+03
6.558308071859624761e+03
6.537580247620456248e+03
7.303434731754377026e+03
7.360180060341784156e+03
7.373717992875464915e+03
7.348438444761331084e+03
7.367467461038584588e+03
7.354976417090606446e+03
7.426924751079087400e+03
7.500537842175432161e+03
7.450396332543838980e+03
7.353144145858285810e+03
7.502564182964700194e+03
7.457438010135870172e+03
7.357682783051240222e+03
7.439415141000201402e+03
7.345307340871037013e+03
7.424984651729313555e+03
7.346835795913906622e+03
7.457298253949645186e+03
7.399524504335522579e+03
7.388986727426557991e+03
7.396413430037447142e+03
7.413173563442375780e+03
7.454713433378471564e+03
7.369557461774067633e+03
7.391125123460359646e+03
7.407635467748062183e+03
7.418382068244927723e+03
7.512357169939824416e+03
7.436740750921385370e+03
7.446997669263952957e+03
7.451747258276539469e+03
7.526112994056533353e+03
7.595180850421857031e+03
7.487827773197482202e+03
7.510519819985943286e+03
7.403168124786382577e+03
7.485458095275738742e+03
7.584075434310840137e+03
7.664908319776388453e+03
7.647084058785560956e+03
7.655932736122005736e+03
7.514650976742031162e+03
7.542109584648379496e+03
7.640180645324572652e+03
7.618931536635740486e+03
7.561839599937276944e+03
7.430175768789749782e+03
7.408784726242436591e+03
7.322231182963230822e+03
7.390570671484778359e+03
7.482140220226495330e+03
7.593528143397679742e+03
7.581245158221223392e+03
7.630671353476778677e+03
7.622015165097131103e+03
7.549278218402948369e+03
7.539657099075310725e+03
7.351339934283285402e+03
7.520137637733134397e+03
7.470517907638238285e+03
7.600446683666165882e+03
7.351345488996887980e+03
7.421989442283594144e+03
7.349120974437134464e+03
7.468833119465452910e+03
7.258014073710242883e+03
7.532784993765454601e+03
7.454348984781970103e+03
7.523299375429684005e+03
7.377907517032842406e+03
7.594508758114075135e+03
7.331798058987457807e+03
7.473130406144869994e+03
7.310968400887900316e+03
7.195562265944481624e+03
7.413278761182008566e+03
7.370839894291399105e+03
7.440229530455530949e+03
7.390475514826423023e+03
7.413434878612163629e+03
7.466626625925928238e+03
7.405977326254985201e+03
7.420693857180689520e+03
7.445485542093661024e+03
7.578748583740224603e+03
7.407210952334900867e+03
7.429439624092084159e+03
7.344505467343400596e+03
7.390513427443755972e+03
7.349118598232561453e+03
7.486093637949134063e+03
7.511005300379358232e+03
7.456879799427395483e+03
7.408262596764054251e+03
7.401650873366037558e+03
7.629018593128279463e+03
7.402535861370670318e+03
7.438865552128565469e+03
7.334300713005914076e+03
7.528193354616225406e+03
7.504253976552318818e+03
7.516206960364728729e+03
7.437948350835590645e+03
7.649102224780412143e+03
7.458094288218231668e+03
7.511841998655240786e+03
7.501547161598472485e+03
7.449435746366032618e+03
7.442706483744781508e+03
7.587737400661701940e+03
7.444833772479829349e+03
7.500660008357411243e+03
7.550882543279563833e+03
7.548814080761991136e+03
7.414338950861002559e+03
7.569724562951578264e+03
7.460506817980521191e+03
7.491723374783953659e+03
7.426541675446938825e+03
7.368918225042165432e+03
7.396173199642764303e+03
7.408611563057354942e+03
7.418049564342210033e+03
7.467762231459549184e+03
7.557443648125620712e+03
7.477848969370482337e+03
7.493268250774935041e+03
7.473749846071146749e+03
7.517644348113572050e+03
7.477464279728932524e+03
7.394771656294511558e+03
7.580698409134074609e+03
7.561290839852057616e+03
7.595838924218709508e+03
7.432919007290587615e+03
7.325865163155162008e+03
7.562462902968780327e+03
7.532040389124204012e+03
7.596927062701549403e+03
7.563459788121989732e+03
7.647228045647100771e+03
7.399203009788967393e+03
7.617187950471855402e+03
7.492492432693698902e+03
7.475144418089891587e+03
7.494637554598265524e+03
7.446661794555877350e+03
7.476040693261796150e+03
7.417082778068635889e+03
7.507608731756786256e+03
7.549124281894739397e+03
7.566837547702462871e+03
7.529669329084735182e+03
7.541401837781668291e+03
7.438522288026386377e+03
7.443567935061640128e+03
7.593264094879910772e+03
7.390249082416335114e+03
7.516177297588634246e+03
7.636678024441797788e+03
7.576356170865669810e+03
7.682289827509297538e+03
7.660269807417379525e+03
7.675379957314118656e+03
7.545360490715869673e+03
7.606500974358685198e+03
7.699949792172276830e+03
7.415117231004349378e+03
7.480826562985341297e+03
7.687995811006328040e+03
7.485222226735867480e+03
7.591306953784881443e+03
7.560629013198006760e+03
7.415088698220605693e+03
7.660347315246855032e+03
7.402662198662323135e+03
7.495290318168907106e+03
7.423412917003827715e+03
7.436801815911121594e+03
7.366504109223049454e+03
7.141778481556270890e+03
7.507930418254558390e+03
7.781619752613023593e+03
7.486429141928781974e+03
7.926861664046686201e+03
7.754765685925031903e+03
7.739304052026402132e+03
7.788177286752941654e+03
7.808057497495142343e+03
7.715330330544534263e+03
7.639046176668968656e+03
7.910366586341285256e+03
7.664894483066142129e+03
7.526907237281876405e+03
7.589369485325014466e+03
7.630245156502508507e+03
7.686881982228447669e+03
7.588363274361646290e+03
7.656247429327710961e+03
7.906363229202397633e+03
7.756391359048990125e+03
7.795059208412990301e+03
7.751901459402889486e+03
7.595144844525856570e+03
7.628221540695180920e+03
7.798851544706413733e+03
7.633222964329417664e+03
7.559677319525905659e+03
7.508941926014006640e+03
7.489274109290648084e+03
7.645127262278690978e+03
7.712485118029757359e+03
7.770911015278624291e+03
7.602720068282105785e+03
7.659746544300538517e+03
7.757928682192840824e+03
7.781516903208480471e+03
7.590604635672914810e+03
7.475416467165063295e+03
7.671835914630200023e+03
7.386360428856518411e+03
7.793550101032678867e+03
7.779083399408183141e+03
7.784157929423146925e+03
7.742867588385874114e+03
7.845703447787867844e+03
7.552086548410526120e+03
7.597713428123995072e+03
7.655320385929620898e+03
7.723746992070901797e+03
7.757083975102880686e+03
7.535258113619723190e+03
7.451480936550013212e+03
7.360521424561849017e+03
7.346845588415741076e+03
7.350476246662803533e+03
7.495385764303936412e+03
7.536865037866022249e+03
7.395405794725074884e+03
7.392812931651792496e+03
7.334028079744653951e+03
7.305939616687874150e+03
7.097288137634121995e+03
7.275969477609483874e+03
7.421411807706793297e+03
7.252126216050311086e+03
7.400236374247414460e+03
7.562785777024372692e+03
7.515514885847994265e+03
7.508447450241680599e+03
7.574346646990442423e+03
7.566413911424273465e+03
7.298239413905778747e+03
7.366940340886507329e+03
7.477666959598763242e+03
7.523038206419294511e+03
7.741031165894397418e+03
7.683908438405695961e+03
7.613446322451769447e+03
7.730969407763685922e+03
7.787418525167555345e+03
7.716214077206243928e+03
7.798971091862526919e+03
7.776883841353546813e+03
7.687909316537195082e+03
7.788001406709374351e+03
7.706625923850742765e+03
7.817843099357656683e+03
7.686207070430503336e+03
7.519062319728720468e+03
7.779888298765814397e+03
7.776959270690530502e+03
7.675676832922682479e+03
7.784878155377336043e+03
7.779176168619676901e+03
7.714735258907660864e+03
7.584859611180790125e+03
7.650757177367340773e+03
7.502209875741497854e+03
7.824945808084557939e+03
7.538382634868164132e+03
7.572249837774767911e+03
7.592575103920711626e+03
7.500699788683939914e+03
7.559640472821098228e+03
7.706453949082029794e+03
7.359677409363578590e+03
7.514048582766758045e+03
7.512749060070632368e+03
7.679977740399686809e+03
7.597471044758338394e+03
7.580299371792965758e+03
7.641874933582211270e+03
7.605573557166224418e+03
7.565294260374676014e+03
7.441817172621319514e+03
7.441717797241783046e+03
7.731781157727573373e+03
7.595803025645774142e+03
7.699607392404333950e+03
7.647930623305988775e+03
7.791525211103029505e+03
7.793552121197911219e+03
7.615367141702508889e+03
7.825029098860348313e+03
7.771464531832589273e+03
7.350825191209256445e+03
7.325801142182287549e+03
7.431623515554456390e+03
7.144631985841710957e+03
7.412506859338599497e+03
7.427541908093274287e+03
7.380859719502815096e+03
7.446160053698360571e+03
7.581554575815282078e+03
7.543187999630675222e+03
7.280926713270631808e+03
7.517314423254245412e+03
7.315843526664981255e+03
7.321253561689836715e+03
7.543493667745136918e+03
7.582524817404800160e+03
7.657222033579927484e+03
7.579357948809359186e+03
7.449575884877485805e+03
7.501898338779976257e+03
7.179795900778884970e+03
7.176132238657218295e+03
7.420753507334491587e+03
7.582588275980383514e+03
7.385909423568288730e+03
7.692595104344339234e+03
7.569627907828926254e+03
7.572382657526557523e+03
7.329365734160599459e+03
7.499412674985485864e+03
7.529958211160442261e+03
7.618084510748488356e+03
7.363134626326872421e+03
7.470416327758834086e+03
7.784581316182462615e+03
7.653617632107385361e+03
7.445728734989001168e+03
7.614349516256627794e+03
7.472632728512604444e+03
7.564630047991134234e+03
7.383796749902243391e+03
7.258092073648360383e+03
7.406966248514200743e+03
7.488539524079416879e+03
7.365244645779879647e+03
7.647005622411274089e+03
7.604255433039130367e+03
7.519884456334596507e+03
7.483717555885145885e+03
7.582571809733246482e+03
7.354437349903249014e+03
7.536575881020446104e+03
7.604561707829393526e+03
7.389590271758373092e+03
7.316944779189781912e+03
7.603804009885579944e+03
7.509274604792267382e+03
7.463630350625787287e+03
7.528247093456315270e+03
7.385379019959591460e+03
7.316110169825757112e+03
7.241644957487578722e+03
7.346905385983877750e+03
7.199752089379659992e+03
7.145360434009236997e+03
7.108741944461477942e+03
7.204517030784299095e+03
7.177161135706684036e+03
7.213278726515442941e+03
7.158718230519896679e+03
7.447132025865055766e+03
7.494902125122634061e+03
7.596342696084364434e+03
7.355057924322975850e+03
7.285040360427157793e+03
7.330093290817366324e+03
7.768568162289360771e+03
7.473530583766302698e+03
7.622321419873872401e+03
7.713705285332270250e+03
7.607235482331893763e+03
7.403407843685888110e+03
7.477804390848922594e+03
7.402705523198551418e+03
7.593818920949729545e+03
7.411870789396064538e+03
7.377212394246560507e+03
7.218909224955420541e+03
7.501926404477286269e+03
7.605099764481969032e+03
7.402097897267242843e+03
7.547373951816280169e+03
7.349161039360800714e+03
7.344395667940198109e+03
7.426225195895832258e+03
7.615943829246547466e+03
7.624206256531636427e+03
7.688816688197940493e+03
7.581665406468329820e+03
7.423661603051500606e+03
7.452988248388416650e+03
7.367262394533893712e+03
7.488781378251421302e+03
7.385845029352311940e+03
7.291851310379875031e+03
7.454476155529722746e+03
7.423720820848752737e+03
7.281265971203150912e+03
7.428901231806445139e+03
7.640493383300103233e+03
7.454933408904394128e+03
7.460689296667406779e+03
7.647373301156789239e+03
7.497569496584445005e+03
7.587602287712231373e+03
7.673865526938475341e+03
7.624357793773579033e+03
7.621206722108900976e+03
7.580577269034710298e+03
7.576759490059652308e+03
7.414906925015407978e+03
7.653538457600482616e+03
7.227286810429784964e+03
7.315874252558197441e+03
7.424188511605974782e+03
7.415307614452951384e+03
7.734043922982130425e+03
7.773997215492787291e+03
7.639651883342842666e+03
7.441148858443978497e+03
7.383565835728564707e+03
7.324035112231948915e+03
7.434091950387411089e+03
7.289539261783807888e+03
7.479801824257788212e+03
7.450566321549547865e+03
7.374960323809392321e+03
7.520138210612206422e+03
7.249297331189766737e+03
7.610706751113081737e+03
7.280037357073301791e+03
7.623292810155907318e+03
7.373931389346695141e+03
7.410069684589378994e+03
7.523706867098269868e+03
7.631303747104238028e+03
7.725900496494477920e+03
7.333923604405864353e+03
7.682331337195320884e+03
7.599869553757843278e+03
7.638916578233691325e+03
7.459055664382074610e+03
7.392921212759985792e+03
7.586842605703660411e+03
7.521999492192477192e+03
7.394799257716016655e+03
7.392211837054195712e+03
7.434124184310931014e+03
7.483742160049750964e+03
7.533450736700844573e+03
7.431036010180457197e+03
7.310515708475942120e+03
7.362434801313603202e+03
7.325519375280819986e+03
7.352330354923114101e+03
7.453222524256572797e+03
7.248906361681797534e+03
7.504673070332680254e+03
7.352212529576479028e+03
7.548767972977721001e+03
7.685580348931758635e+03
7.755170442331478625e+03
7.718131211336644810e+03
7.586173165915723985e+03
7.417454416453617341e+03
7.437266862411549482e+03
7.476526101361809197e+03
7.281602855806277148e+03
7.400057003286672625e+03
7.428799795874771007e+03
7.511747119665613354e+03
7.536547994208997807e+03
7.790447530889216068e+03
7.546806540688481618e+03
7.531407543062064178e+03
7.339585996514979342e+03
7.412295063812847729e+03
7.468180252230012229e+03
7.342500949995127485e+03
7.297338522869934422e+03
7.584384949589878488e+03
7.736643612134788782e+03
7.580057061656946644e+03
7.753646554038483373e+03
7.747974744549094794e+03
7.637894028564714063e+03
7.528712070976731411e+03
7.645990199687899803e+03
7.348070862763588593e+03
7.582469617718883455e+03
7.690877289637265676e+03
7.499773344360417468e+03
7.557285991190250570e+03
7.652357178305816888e+03
7.450056826819213711e+03
7.445657822096808559e+03
7.288103525126876775e+03
7.762917261144049917e+03
7.624265487500839299e+03
7.447254646193320696e+03
7.802411194522394908e+03
7.652880430196841189e+03
7.657575330290726924e+03
7.674280201954748918e+03
7.596187458598766170e+03
7.540974402534313413e+03
7.379069709079752101e+03
7.346004934158063406e+03
7.447814577584757899e+03
7.399762147965831900e+03
7.598378874893142893e+03
7.464061505529605711e+03
7.572646179988668337e+03
7.425203899626209022e+03
7.542500020663349460e+03
7.585280445376054558e+03
7.565592644430121254e+03
7.555382816545943570e+03
7.439896285544376042e+03
7.332633551065510801e+03
7.557500252964649917e+03
7.600264445803587478e+03
7.596443560090579922e+03
7.557659587775189721e+03
7.582607235532561390e+03
7.427236958542567663e+03
7.430811110910394746e+03
7.349428280119292140e+03
7.518058626251329770e+03
7.624616538366362875e+03
7.700678119042899198e+03
7.585904458921784681e+03
7.322691027348624630e+03
7.619055392496934473e+03
7.463455102548362447e+03
7.554541879642720232e+03
7.355892481658648649e+03
7.687271242114064080e+03
7.446650837933641924e+03
7.361211397961943476e+03
7.652437232810698333e+03
7.625565950651733147e+03
7.812186573538304401e+03
7.604986549805191316e+03
7.455076887312351573e+03
7.644432293672046399e+03
7.548650085619652600e+03
7.568126894558693493e+03
7.445773033433219098e+03
7.781859632576402873e+03
7.560821459329366917e+03
7.621658908171442818e+03
7.603812382758530475e+03
7.728177119372972811e+03
7.562193064566265093e+03
7.284238269519455571e+03
7.426904851713153221e+03
7.489698756760749347e+03
7.582288712586158908e+03
7.651554419568210506e+03
7.793935575720012821e+03
7.581279869590418457e+03
7.582808234571251887e+03
7.699649613976360342e+03
7.432640001893288172e+03
7.481818758099765546e+03
7.394720478229127366e+03
7.367821169495929098e+03
7.573103646996603857e+03
7.539444917841077768e+03
7.527362739063747540e+03
7.537092641054194246e+03
7.493476724521524375e+03
7.533712102419678558e+03
7.585273681647894591e+03
7.434518091448117048e+03
7.417993192580631330e+03
7.490578191214914114e+03
7.389247192955116589e+03
7.479872315894660460e+03
7.466390622261466888e+03
7.393597136667510313e+03
7.523575420124166158e+03
7.542859932384852073e+03
7.670655930715145587e+03
7.452259541863752929e+03
7.282055185998975503e+03
7.447556776699181682e+03
7.550568130883153572e+03
7.512828572997052106e+03
7.509637500576718594e+03
7.428631227661713638e+03
7.471050978230052351e+03
7.309843353894990287e+03
7.488149277484391860e+03
7.415530010123032298e+03
7.515061688391228927e+03
7.673055029382868270e+03
7.324947039379622765e+03
7.627664001687861855e+03
7.566563329500210784e+03
7.414150218403176041e+03
7.354152142028991875e+03
7.602764901636979630e+03
7.543266907284939407e+03
7.596623140910453913e+03
7.675052941692245440e+03
7.571543848326840816e+03
7.648486666013513059e+03
7.535007322651003051e+03
7.596813918056234797e+03
7.547349962898792000e+03
7.378592779686627182e+03
7.387242024359177776e+03
7.368968456120743213e+03
7.551842724636367166e+03
7.538462618841451331e+03
7.542781843481172473e+03
7.557354459068966207e+03
7.438390434735804774e+03
7.499395787883955563e+03
7.549267566734408319e+03
7.467633362298020074e+03
7.559374449869380442e+03
7.694839512170652597e+03
7.704208936220379655e+03
7.603189458284286957e+03
7.462325142249405872e+03
7.614129644059898965e+03
7.446155123443532830e+03
7.451658172842729982e+03
7.534637707370248791e+03
7.391179911597971113e+03
7.572537366820494753e+03
7.378080071428959855e+03
7.332975388806537921e+03
7.600166345369818373e+03
7.441870206335406692e+03
7.494552852596293633e+03
7.555355502469182284e+03
7.557111109710867822e+03
7.487604696545364277e+03
7.587050755600388584e+03
7.370179502535683241e+03
7.685298838118358617e+03
7.750717441214747851e+03
7.528392302471334006e+03
7.732749587102221994e+03
7.623679722505075006e+03
7.730348999159637970e+03
7.667568584931723308e+03
7.559943405435373279e+03
7.728161765141967408e+03
7.718565296932308229e+03
7.605639719267340297e+03
7.431964079282505736e+03
7.553004699858889580e+03
7.486409614784460246e+03
7.543646208189485151e+03
7.575222510280275856e+03
7.375895039078736772e+03
7.489532531891011786e+03
7.372641850267352311e+03
7.413161269535266911e+03
7.423609086684484282e+03
7.678230935663740638e+03
7.757743269770847292e+03
7.713712038680668229e+03
7.742588713382817332e+03
7.891510867201335714e+03
7.644103475619971505e+03
7.493064744853872071e+03
7.699637675469341048e+03
7.675285232480146988e+03
7.791445700201967156e+03
7.696551238104529148e+03
7.580210049391529537e+03
7.703536253879330616e+03
7.734079784002407905e+03
7.493599510806648141e+03
7.705571017380863850e+03
7.661101448508648900e+03
8.021545755229568385e+03
7.678324924774821739e+03
7.736069766447569236e+03
7.646841800064219569e+03
7.706652940710016992e+03
7.681492341077295350e+03
7.713185901518018909e+03
7.709270975436884328e+03
7.477469272627123246e+03
7.620098603301282310e+03
7.553277862479401847e+03
7.573560316279737890e+03
7.500163703223100129e+03
7.710895143938887486e+03
7.516163604116318311e+03
7.817976427618767957e+03
7.702165369388622821e+03
7.630178214419277538e+03
7.644401882919698437e+03
7.524487839298513791e+03
7.343239533273093002e+03
7.541569948323322933e+03
7.558511053771173465e+03
7.590712450826920758e+03
7.530410543399865674e+03
7.315722707458756304e+03
7.408116816717347319e+03
7.372175503761877735e+03
7.453684179437824241e+03
7.552471155641713267e+03
7.663060364405819200e+03
7.585821082226787439e+03
7.704905075596064307e+03
7.423917775280234309e+03
7.717965865589943860e+03
7.479555857975031358e+03
7.502991056981605652e+03
7.683392420424684133e+03
7.548960849563006377e+03
7.516201939655562455e+03
7.659035854450821716e+03
7.759839487121867933e+03
7.621380418358352472e+03
7.437048843651756215e+03
7.451369969471169497e+03
7.606950530517734478e+03
7.578233019123162194e+03
7.472880362611230339e+03
7.555388104072785609e+03
7.606942934220938696e+03
7.700246189286586741e+03
7.751348841212953630e+03
7.701506035003623765e+03
7.578922599411796909e+03
7.809810581110073144e+03
7.540882661693422051e+03
7.541735316394953770e+03
7.844014694406983836e+03
7.662815364685317945e+03
7.723372291422365379e+03
7.627167641698639272e+03
7.635749312371300221e+03
7.538249483711538232e+03
7.666724385004140458e+03
7.804480015850017480e+03
7.522116403882805571e+03
7.585675464122494304e+03
7.645754526450779849e+03
7.713165618691634336e+03
7.564466223938398798e+03
7.639603265724425000e+03
7.435908767133003494e+03
7.448469275543642652e+03
7.500280299039461170e+03
7.343149921670482399e+03
7.679753605929469813e+03
7.508322839439088057e+03
7.660880765299919403e+03
7.547746158736064899e+03
7.369643312666042220e+03
7.468250534807786607e+03
7.540767823088980549e+03
7.633058633436909986e+03
8.454325506950224735e+03
8.529454570679252356e+03
8.516761512644634422e+03
8.505549716855975930e+03
8.526551560360989242e+03
8.517494656846381986e+03
8.608454353068244018e+03
8.551751839022235799e+03
8.626128325622248667e+03
8.581288865861371960e+03
8.570265837155642657e+03
8.555735084527850631e+03
8.592172812837614401e+03
8.534128070249980738e+03
8.612342678810211510e+03
8.580724175857274531e+03
8.510182648542731840e+03
8.635630465905675010e+03
8.603375124009497085e+03
8.566831953301703834e+03
8.685130906209118621e+03
8.562834368857555091e+03
8.637783423169974412e+03
8.543085212428946761e+03
8.577692535189311457e+03
8.591513221158660599e+03
8.524960569317499903e+03
8.612050389038795402e+03
8.610286812208774791e+03
8.621173738324814622e+03
8.595991585660824057e+03
8.712072358732957582e+03
8.711881446190378483e+03
8.712229651263302003e+03
8.660528202723111463e+03
8.646861952505027148e+03
8.611477672658604206e+03
8.618732929416351908e+03
8.738658642815644271e+03
8.709474832138286729e+03
8.752599281835971851e+03
8.711659225491401230e+03
8.647844418602751830e+03
8.594314976806999766e+03
8.679817962977385832e+03
8.809356979740095994e+03
8.647354487484808487e+03
8.561903395952047504e+03
8.617865288753086134e+03
8.728577899622690893e+03
8.685383579097393522e+03
8.628858474717335412e+03
8.632235924659269585e+03
8.788116356435177295e+03
8.776927485604093818e+03
8.692172589041296305e+03
8.553493960314943251e+03
8.638234311116533718e+03
8.652250363157083484e+03
8.687665637906311531e+03
8.529397641536306764e+03
8.630088734588474836e+03
8.710546789492080279e+03
8.609285419842350166e+03
8.523831460662546306e+03
8.502897534464880664e+03
8.556512033071590849e+03
8.679354373823634887e+03
8.725078400937722108e+03
8.700236569292283093e+03
8.683441390338161000e+03
8.758433213503874867e+03
8.757444502236086919e+03
8.810352565265800877e+03
8.583194769260091562e+03
8.539215435433439779e+03
8.732699143021789496e+03
8.778416710025039720e+03
8.701882276898928467e+03
8.727284728473414361e+03
8.644269736666337849e+03
8.521900466357921687e+03
8.524689653507004550e+03
8.701459213703632486e+03
8.634361460422645905e+03
8.636538841060735649e+03
8.769247563955705118e+03
8.677408605254451686e+03
8.686435053026540118e+03
8.716458689472627157e+03
8.736214508476130504e+03
8.712981500857924402e+03
8.736061252962806975e+03
8.706476955382715460e+03
8.651766439503362562e+03
8.717985766102283378e+03
8.642050869506909294e+03
8.693150407786239157e+03
8.636357856079348494e+03
8.633418710475283660e+03
8.517393906985287686e+03
8.851918906380931730e+03
8.757535563769681175e+03
8.666415933194153695e+03
8.729210911542168105e+03
8.685607403338603035e+03
8.581001453279770431e+03
8.650896066345938380e+03
8.706471571515196047e+03
8.697242037664913369e+03
8.614669113660866060e+03
8.719296653810222779e+03
8.625782710415878682e+03
8.602307085528176685e+03
8.791758063885383308e+03
8.689109111396273875e+03
8.653155175295061781e+03
8.538245187956074005e+03
8.771359593039844185e+03
8.590128829477849649e+03
8.709890694525414801e+03
8.735194225126435413e+03
8.681082610481860684e+03
8.594691094807467380e+03
8.634624104315982549e+03
8.732388848605514795e+03
8.617586589468044622e+03
8.601506180033469718e+03
8.722644374541047000e+03
8.581703831162834831e+03
8.603109650792324828e+03
8.589633971710292826e+03
8.717820604806049232e+03
8.675824290936932812e+03
8.587498217100575857e+03
8.539601060042481549e+03
8.633313275013299062e+03
8.628523231586939801e+03
8.662213750316284859e+03
8.613525852751743514e+03
8.692487235429840439e+03
8.750609290846176009e+03
8.711164153472409453e+03
8.635225041683439485e+03
8.662373574258419467e+03
8.688246928114493130e+03
8.639175949685795786e+03
8.688508666374909808e+03
8.709771890323629123e+03
8.637523301286795686e+03
8.545774406075170191e+03
8.572841268370624675e+03
8.780559969656003886e+03
8.654572314790910241e+03
8.755770828601478570e+03
8.656049066973784647e+03
8.820072203766516395e+03
8.805784490017696953e+03
8.786056268642760188e+03
8.940752843619426130e+03
8.874398428911998053e+03
8.684710415410394489e+03
8.791346278205350245e+03
8.727333082307837685e+03
8.740170323302529141e+03
8.816894276624561826e+03
9.006259843207491940e+03
8.659704533773116054e+03
8.762702215826038810e+03
8.618700889014649874e+03
8.733619110850229845e+03
8.638081360545198550e+03
8.738663777915560786e+03
8.858118226446293193e+03
8.759645509110692728e+03
8.787165617466223921e+03
8.798751907406765895e+03
8.693047614047438401e+03
8.629794344200270643e+03
8.809582357428977048e+03
8.857669986630309722e+03
8.662946014209941495e+03
8.631849690503047896e+03
8.478231548684689187e+03
8.535410980245949759e+03
8.795272799080485129e+03
8.507587662333879052e+03
8.848576117717897432e+03
8.654079694333091538e+03
8.595428897466261333e+03
8.689358661610538547e+03
8.932936196631064377e+03
8.743395784458934941e+03
8.887167133891525737e+03
8.733915377315635851e+03
8.624747758719893682e+03
8.812301689989300939e+03
9.017209843892838762e+03
8.953790581771010693e+03
8.919363749392052341e+03
8.912597589172160951e+03
8.795910392326355577e+03
8.617149826892249621e+03
8.711820864448822249e+03
8.675915462544360707e+03
8.644713578049884745e+03
8.791593125021923697e+03
8.716028690787692540e+03
8.877356027307871045e+03
8.822020007967865240e+03
8.670504212793161059e+03
8.766076453142997707e+03
8.743764438642132518e+03
8.513252748455184701e+03
8.656375882989321326e+03
8.834490987438894081e+03
8.592079835885400826e+03
8.901584904525223465e+03
8.734195673190220987e+03
8.843885953671066090e+03
8.933678899147404081e+03
8.670497914970468628e+03
8.754296320081586600e+03
8.936028209987101945e+03
8.831790965251704620e+03
8.882361546517200622e+03
8.854217346632096451e+03
8.741985028332492220e+03
8.861182240050318796e+03
8.950734098948085375e+03
8.977563693008598420e+03
8.772886686289548379e+03
8.799419387032792656e+03
8.704240759050007910e+03
8.635674675154490615e+03
8.838567747337136097e+03
8.586020488951831794e+03
8.478353416502566688e+03
8.613987741721357452e+03
8.638478206118592425e+03
8.541491876087668061e+03
8.653679888003323867e+03
8.815979003629934596e+03
8.680552187717978086e+03
9.011240564089344844e+03
8.833503443162095209e+03
8.895608470228520673e+03
8.658643871142383432e+03
8.490600542832158681e+03
8.596644724897141714e+03
8.835221322087158114e+03
8.721941488969394413e+03
8.506972079996894536e+03
8.818602114506820726e+03
8.737366284418460054e+03
8.768736753090337515e+03
8.638778529356539366e+03
8.794406838450086070e+03
8.950437083515811537e+03
8.771856448982080110e+03
8.733379718316165963e+03
8.639912713351404818e+03
8.680929273260338960e+03
8.648815800216210846e+03
8.807118471851221329e+03
8.530201794575576059e+03
8.823485161253352999e+03
8.725192511286573790e+03
8.812844212369860543e+03
8.754393643332945430e+03
8.728278407639685611e+03
8.817621833767343560e+03
8.690551298572705491e+03
8.905399015682396566e+03
8.745261931247430766e+03
8.841964463647977027e+03
8.747272707566153258e+03
8.812742980953205915e+03
8.704866912679124653e+03
8.641471148917311439e+03
8.820274308936779562e+03
8.519185915078824110e+03
8.606472527524949328e+03
8.513080660898280257e+03
8.749016649437327942e+03
8.690457034812918209e+03
8.761388943860205472e+03
8.683515026346420200e+03
8.707421709484919120e+03
8.485574695337145386e+03
8.587575253750866977e+03
8.698057403458322369e+03
8.697753063691045099e+03
8.571505586279554336e+03
8.686743721931694381e+03
8.442799508971536852e+03
8.752336646525693141e+03
8.851398062363374265e+03
8.774831120239796292e+03
8.827469945833277961e+03
8.860499723409651779e+03
8.498156226926439558e+03
8.759975339378892386e+03
8.848758423404373389e+03
8.843606464845412120e+03
8.635966417705829372e+03
8.739516673400412401e+03
8.633359880240250277e+03
8.827359105868250481e+03
8.671258299849472678e+03
8.779688701848339406e+03
8.791407336151751224e+03
8.864129523627816525e+03
8.783501488485506343e+03
8.908780256145109888e+03
8.852644379140010642e+03
8.652767765426995538e+03
8.770451791331503046e+03
8.914142723052244037e+03
8.695799342335025358e+03
8.710183678191566287e+03
8.588676753726120296e+03
8.621880599439367870e+03
8.598494631850540827e+03
8.855644155805646733e+03
8.714141153828022652e+03
8.525882004725879597e+03
8.657611532979208278e+03
8.637066377671037117e+03
8.549066509490023236e+03
8.700784304381622860e+03
8.644639086172806856e+03
8.787782584726099230e+03
8.472133873761908035e+03
8.552016128762827066e+03
8.430989618902938673e+03
8.642885956053538393e+03
8.731623214462997566e+03
8.677457249357055844e+03
8.662123411993014088e+03
8.755205799893587027e+03
8.983536945689857021e+03
8.723081053469635663e+03
8.671128010991209521e+03
8.740265500140061704e+03
8.678167854542616624e+03
8.834609859004069222e+03
8.720940836470541399e+03
8.713719198103221061e+03
8.813038844167052957e+03
8.826929949465848040e+03
8.768900203986171618e+03
8.827468629678083744e+03
8.759931518488288930e+03
8.946560537335315530e+03
8.723444665757517214e+03
8.897295569402485853e+03
8.707301522656403904e+03
8.687625737347292670e+03
8.776095919923483962e+03
8.682064319075410822e+03
8.791154751721345747e+03
8.771248093702168262e+03
8.834937857677312422e+03
8.641234653723733572e+03
8.634820337304441637e+03
8.901278430618289349e+03
8.982347404588734207e+03
9.008475695263712623e+03
8.687015259696172507e+03
8.864542178081428574e+03
8.590883364938696104e+03
8.838939967252355927e+03
8.597088502757731476e+03
8.905392250891649383e+03
8.750740818540807595e+03
8.502931607626247569e+03
8.698204291898629890e+03
8.668438362758206495e+03
8.548057102772787403e+03
8.701085802775074626e+03
8.913916909110785127e+03
8.693239086281104392e+03
8.624816675544479949e+03
8.867362586035998902e+03
8.622885233950113616e+03
8.939820921580945651e+03
8.954648624657742403e+03
8.760471369268425406e+03
8.799875849600311994e+03
8.868073249863538877e+03
8.849985258090393472e+03
8.688289420921455530e+03
8.893096801982133911e+03
8.710325904946890660e+03
8.748920935137592096e+03
8.847773686237087531e+03
8.749579840782729661e+03
8.731760997804063663e+03
8.727710813941657761e+03
8.878026882883050348e+03
8.562537408735002828e+03
8.588589094289458444e+03
8.562434180622729400e+03
8.552560520100700160e+03
8.866693300515540614e+03
8.552297031588350364e+03
8.464160526877241864e+03
8.541139645158433268e+03
8.675482039708485900e+03
8.360981993453939140e+03
8.510962780674630267e+03
8.710954265845690315e+03
8.518074871710536172e+03
8.539888380404756390e+03
8.565261803699471784e+03
8.748158147357526104e+03
8.845676285698811625e+03
8.629926467188939569e+03
8.700538650937576676e+03
8.577712501653491927e+03
8.808595440694009085e+03
8.559062058255150987e+03
8.684924288097417957e+03
8.462526073473862198e+03
8.484691233765963261e+03
8.741055943590763491e+03
8.551089378478080107e+03
8.620582194032504049e+03
8.704650963182490159e+03
8.743507006006855590e+03
8.885755281973442834e+03
8.855558419532670086e+03
8.913263559923501816e+03
9.099460147137413514e+03
8.875949903500206347e+03
8.714645958490209523e+03
8.848355995393643752e+03
8.822496014020181974e+03
8.900291796082159635e+03
8.889114340568195985e+03
8.777859758965912988e+03
8.893922303942546932e+03
8.640099303061386308e+03
8.723659441969530235e+03
8.512541576140953111e+03
8.763388687751763428e+03
8.622034035528742606e+03
8.825972277365912305e+03
9.023489318667272528e+03
8.850018303453749468e+03
8.773300350814050034e+03
8.887238840616329981e+03
8.817413664833422445e+03
8.773947199410118628e+03
8.759232930567297444e+03
8.841055381681664585e+03
8.717418112462744830e+03
8.754080686831637649e+03
8.816847673908132492e+03
8.661212224281045565e+03
8.933964024519083978e+03
8.891032820295060446e+03
8.771820449446260682e+03
8.895921101206840831e+03
8.945841932012664984e+03
8.676527980800876321e+03
8.666234909994798727e+03
8.781598451192949142e+03
8.645180850414644738e+03
8.877911241454547053e+03
8.672528208577748956e+03
8.948287350440155933e+03
8.949644559124622901e+03
8.773983426709643027e+03
8.691660432721882898e+03
8.837986363432462895e+03
8.887552873690850902e+03
8.883820866983292944e+03
8.870537300599962691e+03
8.872843577837653356e+03
8.648063236826163120e+03
8.621826605641246715e+03
8.624833021582753645e+03
8.840289871435315945e+03
8.804121156031602368e+03
8.661514585876080673e+03
8.617031418003840372e+03
8.847003666582917504e+03
8.957073940405176472e+03
8.976801216462859884e+03
8.769315515224139745e+03
8.936960123290662523e+03
8.888717512953346159e+03
8.782076518825850144e+03
8.785258386407933358e+03
8.731938468722459220e+03
8.448579962054720454e+03
8.782058019058149512e+03
8.676396166333810470e+03
8.742695748378802818e+03
8.467084499097341904e+03
8.687383122228984575e+03
8.671754832480317418e+03
8.650245635338054853e+03
8.688592555182385695e+03
9.059105880486451497e+03
8.897465010108970091e+03
9.146493821889238461e+03
8.977077151514879006e+03
9.053919474029367848e+03
8.875743805366357265e+03
8.877391714787705496e+03
8.820513140001205102e+03
8.807081452432625156e+03
8.888955549396667266e+03
8.852298198583814155e+03
8.775379158758119956e+03
8.726316240103949895e+03
8.788290740353997535e+03
8.822797949214496839e+03
8.862167937218971929e+03
8.661251084344801711e+03
9.051124635586600562e+03
8.939513754164805505e+03
8.949059099689417053e+03
8.674266087146448626e+03
8.708108075151705634e+03
8.804933493856502537e+03
8.857847321110750272e+03
8.844188846692901279e+03
8.430525553240404406e+03
8.689059233987420157e+03
8.667189893531811322e+03
8.617057356245777555e+03
8.643140862447040490e+03
8.760538866490180226e+03
8.709290950543299914e+03
8.704362506216046313e+03
8.696984887988735863e+03
8.677998723849392263e+03
8.791399434226819722e+03
8.741201249978799751e+03
8.773689402436824821e+03
8.789710429291926630e+03
8.817328808775342623e+03
8.844282945691573332e+03
8.673130475391846630e+03
8.873879681587693995e+03
8.571215099400869804e+03
8.679049554559964236e+03
8.600693007751136975e+03
8.763885822534944964e+03
8.876461460764194271e+03
8.865515339058310929e+03
8.793024464602633088e+03
8.817311146841911977e+03
8.960346573045628247e+03
8.909911333788026241e+03
8.893516110587610456e+03
8.936094016022048891e+03
8.722655707618299857e+03
8.706779839277543942e+03
8.740336761826529255e+03
8.686813113252057519e+03
8.423825092256220159e+03
8.580891494768389748e+03
8.567850620667559269e+03
8.839736180226025681e+03
8.716588243304640855e+03
8.852317265546769704e+03
8.883350128118256180e+03
8.958468100766420321e+03
8.974980738620033662e+03
9.021311298865750359e+03
9.018666779402463362e+03
8.848070561826851190e+03
8.791554514687039045e+03
8.703737581927540305e+03
8.537214866744021492e+03
8.795231364184661288e+03
8.762624330365488277e+03
8.743215061911449084e+03
8.592672169238450806e+03
8.766916022298039024e+03
8.576873004928358569e+03
8.463315027933396777e+03
8.820518441804746544e+03
8.757268592888962303e+03
8.891068026686692974e+03
8.563026235103716317e+03
8.907004866178871453e+03
8.851040616898242661e+03
8.870756041701914000e+03
8.919011921008603167e+03
8.876126146773985965e+03
8.667940329506369380e+03
8.734412971338992065e+03
8.643067239705389511e+03
8.682876926065660882e+03
8.747919818995500464e+03
8.784969889506515756e+03
8.541729267996550334e+03
8.624603315686750648e+03
8.533356117314755465e+03
8.457566727833383993e+03
8.891985219021285957e+03
8.692952285133660553e+03
8.793614629966401480e+03
8.820166759191402889e+03
8.600555033937876942e+03
8.737705999511599657e+03
8.833729809692875278e+03
8.828647622951033554e+03
8.766173870921616981e+03
8.811455078285291165e+03
8.533510368476549047e+03
8.594071896812858540e+03
8.675374777019111207e+03
8.765433799913253097e+03
8.709789989372637137e+03
8.600242149380463161e+03
8.827439823457323655e+03
9.022148060333143803e+03
8.878982214413499605e+03
8.870116672395794012e+03
8.884647478846691229e+03
8.919145060324950464e+03
8.856740661224115684e+03
8.808707683415505016e+03
8.885045191919483841e+03
8.738909438967188180e+03
8.762081217778631981e+03
8.732168470352158693e+03
8.762975832610323778e+03
8.724779678193188374e+03
8.590285100447894365e+03
8.541438236977975976e+03
8.487811170455514002e+03
8.584159444139469997e+03
8.562217200717966989e+03
8.830894326582842041e+03
8.883315362512972570e+03
8.839698222547878686e+03
8.908996436849305610e+03
8.696471234961854861e+03
8.538191102252181736e+03
8.694487979778155932e+03
8.750635717251379901e+03
8.607067827954528184e+03
8.663565826529185870e+03
8.767646088334224260e+03
8.499847663001735782e+03
8.576422652319399276e+03
8.551235747449753035e+03
8.779493024008357679e+03
8.618528103667182222e+03
8.640840087234557359e+03
8.632266779084291557e+03
8.672405965125808507e+03
8.500089129541165676e+03
8.841670818723468983e+03
8.654000354878817234e+03
8.912602830830273888e+03
8.656009769096322998e+03
9.044323948124843810e+03
8.656459940172368078e+03
8.775104459727348512e+03
8.714892018958333210e+03
8.886577427739894119e+03
8.809039346540921542e+03
8.566310304259393888e+03
8.527274354994759051e+03
8.784713867101916549e+03
8.418525539762580593e+03
8.595362782969730688e+03
8.535441248668206754e+03
8.680884266128336094e+03
8.626349706499231615e+03
8.473501763942524121e+03
8.612303704878770077e+03
8.633471528745601972e+03
8.791660873185681339e+03
8.729373968878857340e+03
8.746833228875178975e+03
8.852108033277629147e+03
8.679711987353073710e+03
8.866831581442000243e+03
8.771230474962976587e+03
8.804366153212195059e+03
8.870014034979738426e+03
8.749800843078053731e+03
8.563848325116228807e+03
8.593616220866009826e+03
8.708177066738566282e+03
8.768840898211945387e+03
8.684548276356321367e+03
8.529866186909552198e+03
8.632187124849033353e+03
8.812974283770690818e+03
8.783251076813599866e+03
8.852655659622918392e+03
8.878875238276292293e+03
8.939520550759480102e+03
8.830696921899827430e+03
8.921400531749122820e+03
8.947187177864603655e+03
8.722510686623099900e+03
8.582254713673204606e+03
8.625999744539338280e+03
8.865032296484827384e+03
8.894114116519067466e+03
9.043357882183900074e+03
8.804308782781254195e+03
8.812298331596724893e+03
8.890568701846179465e+03
8.656402602876907622e+03
8.643306722078314124e+03
8.716747055689285844e+03
8.758149732511890761e+03
8.616504902598768240e+03
8.705782011258343118e+03
8.805699489776057817e+03
8.698360971039792275e+03
8.719458061930916301e+03
8.738885145952890525e+03
8.866433169237630864e+03
8.764052948068083424e+03
8.689870522486138725e+03
8.915243011941336590e+03
8.747431146780752897e+03
8.813251089555596991e+03
8.758141617774754195e+03
8.861626904476053824e+03
8.853120508002384668e+03
8.748844857517586206e+03
8.766689862074988923e+03
8.770921390948302360e+03
8.650612617544293244e+03
8.868340580556614441e+03
8.786250336198789228e+03
8.722179714286818125e+03
8.809376633832043808e+03
8.749722346550574002e+03
8.686799758929502786e+03
8.648988765793039420e+03
8.722176662527119333e+03
8.857477679554951465e+03
8.799258325770593729e+03
8.787049340883997502e+03
8.732655882650034982e+03
8.558563530837178405e+03
8.720310259540756306e+03
8.463982628072510124e+03
8.447773705803831035e+03
8.769741055959082587e+03
8.492874995535963535e+03
8.967152137483455590e+03
8.918248741609133504e+03
8.652568189913254173e+03
8.687470381165598155e+03
8.906843692734801152e+03
8.904940961970331045e+03
8.870724563942183522e+03
8.943461473650917469e+03
9.143088393836889736e+03
8.703234074852958656e+03
8.737868880795305813e+03
8.728497169499521988e+03
8.583293619117248454e+03
8.702310276848627836e+03
8.933774307115929332e+03
8.921096602292867829e+03
8.933931285364333235e+03
8.825553741868361612e+03
8.842092558447238844e+03
8.715494007765677452e+03
8.606186903524087029e+03
8.783010764685099275e+03
8.865789890456577268e+03
8.773999328282057832e+03
9.508236537339873394e+03
9.589923977526837916e+03
9.573051121236076142e+03
9.580642738991389706e+03
9.586504598496268954e+03
9.586864580693812968e+03
9.672132286151558219e+03
9.689414194325032440e+03
9.673541299090957182e+03
9.697333235863747177e+03
9.669930563291170984e+03
9.601567003412788836e+03
9.618085382987232151e+03
9.640019460319350401e+03
9.671490827549027017e+03
9.645132505109950216e+03
9.639549470332560304e+03
9.626740275373089389e+03
9.638285268269104563e+03
9.705393238755226776e+03
9.660119106141110024e+03
9.678885571719960353e+03
9.684647361685862052e+03
9.725483994127245751e+03
9.652687702180839551e+03
9.693826205748073335e+03
9.653209623252274469e+03
9.653952753842375387e+03
9.677690089591713331e+03
9.659146342050118619e+03
9.704686396015871651e+03
9.765351567656525731e+03
9.773284563758486911e+03
9.706160215920583141e+03
9.697315503982821610e+03
9.749132739005781332e+03
9.740967152032042577e+03
9.699922315371493823e+03
9.763396022750330303e+03
9.724938877301439788e+03
9.739966022960548798e+03
9.837716250369432601e+03
9.749081615215720376e+03
9.673611544641329601e+03
9.755973709875457644e+03
9.654836050334723041e+03
9.806493531307969533e+03
9.740690079501966466e+03
9.779189775856557389e+03
9.769358609885543046e+03
9.724193466719292701e+03
9.764010214160343821e+03
9.724073064813259407e+03
9.744057691595313372e+03
9.749443734331900487e+03
9.639960787729840376e+03
9.657739719396311557e+03
9.709090684835588036e+03
9.593845741386750888e+03
9.808769122772329865e+03
9.561789377487468300e+03
9.649920029323287963e+03
9.606450760244835692e+03
9.715553654225961509e+03
9.807791891331375155e+03
9.741557786191069681e+03
9.676023540291647805e+03
9.716507783539025695e+03
9.833828658805459781e+03
9.625153562272626004e+03
9.626166544242330929e+03
9.729359784364080042e+03
9.790597438600316309e+03
9.753332488342026409e+03
9.903356910821436031e+03
9.769884702386434583e+03
9.729988202323993391e+03
9.673380266234426017e+03
9.712367866877832057e+03
9.638659579890194436e+03
9.734412962205718941e+03
9.698419468589761891e+03
9.741154221356786366e+03
9.694977647040968805e+03
9.764298409911722047e+03
9.714225566606650318e+03
9.700414077655945221e+03
9.698570954064820398e+03
9.689997596836925368e+03
9.674319256144495739e+03
9.580270197165536956e+03
9.637515712274223915e+03
9.591738745149414171e+03
9.599857837745697907e+03
9.731094714664199273e+03
9.707880972598224616e+03
9.800184859733986741e+03
9.703114282899985483e+03
9.738383952879399658e+03
9.876565538309245312e+03
9.751674794791371824e+03
9.635980749920348899e+03
9.740282924086870480e+03
9.854699527579579808e+03
9.656271728234958573e+03
9.752883507888245731e+03
9.868790402382906905e+03
9.678784779774900016e+03
9.815760706691196901e+03
9.840563782986748265e+03
9.716352758488214022e+03
9.763144918784886613e+03
9.755491139077366824e+03
9.831210191008281981e+03
9.781992763560267122e+03
9.752083393385566524e+03
9.912408787885369748e+03
9.827774401391980064e+03
9.779330679165625043e+03
9.883361444667638352e+03
9.803397225208582313e+03
9.770259347597739179e+03
9.724821003111015671e+03
9.834798749203437183e+03
9.705478871369668923e+03
9.726444433413775187e+03
9.832833381609019852e+03
9.749184749839287178e+03
9.828748659883965956e+03
9.766099528247907074e+03
9.764247152077354258e+03
9.674422235585407179e+03
9.686777865775928149e+03
9.778581833460777489e+03
9.627979925451041709e+03
9.774751805272449928e+03
9.706800872207670182e+03
9.780985206549597933e+03
9.656055347089102725e+03
9.665144113455087790e+03
9.712925578448044689e+03
9.734281170366477454e+03
9.630074593693332645e+03
9.688921040456074479e+03
9.765108080260151837e+03
9.575161204032143360e+03
9.740070015729592342e+03
9.747400149785662506e+03
9.794485111708780096e+03
9.683114803852493424e+03
9.734780422696310779e+03
9.807309679015823349e+03
9.875897552263651960e+03
9.834046838338656016e+03
9.783269878952112776e+03
9.837472287222346495e+03
9.724395081581464183e+03
9.852340003380162671e+03
9.769520231037595295e+03
9.804532757500224761e+03
9.855912113978698471e+03
9.880278588270455657e+03
9.923450126553218070e+03
9.898111499781056409e+03
9.869445525926746996e+03
9.883279340016728383e+03
9.767147040452286092e+03
9.888744969171220873e+03
1.007454649755057108e+04
9.807146549615205004e+03
9.804447054536565702e+03
9.860816352683916193e+03
9.777651961087545715e+03
9.827471676852717792e+03
9.898941721048940963e+03
9.862177895226095643e+03
9.910441380883385136e+03
9.765959887702836568e+03
9.576960725788570926e+03
9.702585767216056411e+03
9.817009411147724677e+03
9.735021558506472502e+03
9.858161502566494164e+03
9.806008618856889370e+03
9.933002181180721891e+03
9.908657791885258121e+03
9.719108547785115661e+03
9.768686639914036277e+03
9.731491193976813520e+03
9.710209659854093843e+03
9.763054555556251216e+03
9.856566646048471739e+03
9.779171005023468751e+03
9.765569299078584663e+03
9.917039160611409898e+03
9.822268666444619157e+03
9.858322665233530643e+03
9.810393339054455282e+03
9.917327116860726164e+03
9.948904527534923545e+03
9.933385693476462620e+03
9.900033609866999541e+03
9.905881215080731636e+03
9.810773512873030995e+03
9.761964649938054208e+03
9.996127305373538547e+03
1.005956158837871044e+04
9.960364329954079949e+03
9.651399964822770926e+03
9.819420641669525139e+03
9.952028607933738385e+03
9.819186557470429761e+03
9.851356201701437385e+03
9.831287800104453709e+03
9.855493788541491085e+03
9.874669052599523638e+03
9.763560726415313184e+03
9.843527211664659262e+03
9.810738255647764163e+03
9.934789398072807671e+03
9.926838153286298621e+03
9.874764399771864191e+03
9.902434070745222925e+03
9.956397132200616397e+03
9.901898801768269550e+03
9.716118587217715685e+03
9.669777204698086280e+03
9.790151388286394649e+03
9.675102798680083652e+03
9.810702437961623218e+03
9.861070638277367834e+03
9.905950935800090519e+03
9.893908463508758359e+03
9.888108810969511978e+03
9.941882853286775571e+03
9.830836909437946815e+03
9.798860561905914437e+03
9.928199316918888144e+03
9.852391363758126317e+03
9.688956278730671329e+03
9.748075346091318352e+03
9.844853328237100868e+03
9.814914491208899562e+03
1.002427492493955106e+04
1.004716950783242100e+04
9.788208868494173657e+03
9.959893567463346699e+03
9.892848578013359656e+03
9.787317878692963859e+03
9.715914659120275246e+03
9.919577628844192077e+03
9.883553611920558978e+03
9.745576866115159646e+03
9.805662728055516709e+03
9.764784679325755860e+03
9.856604742228229952e+03
9.792519149031419147e+03
9.603622082136731478e+03
9.813496080361199347e+03
9.846825277941075910e+03
9.875523277592064915e+03
9.855301287233518451e+03
9.792894763012040130e+03
9.686577363777814753e+03
9.613041444620372204e+03
9.676863655274746634e+03
9.766349031370069497e+03
9.849459112075977828e+03
9.741978928950835325e+03
9.689289573121350259e+03
9.622843357276618917e+03
9.801116291217791513e+03
9.857156111883085032e+03
9.813744724805384976e+03
9.664721349342062240e+03
9.688425790767738363e+03
9.847188707349640026e+03
9.820842505471184268e+03
9.871939558311689325e+03
9.762492355266840605e+03
9.813397516791619637e+03
9.655111567890742663e+03
9.552913947678925979e+03
9.618952151373528977e+03
9.779536093149095905e+03
9.717479289241864535e+03
9.670785992029275803e+03
9.752192448248493747e+03
9.711798120009814738e+03
9.786120159486847115e+03
9.680733549934158873e+03
9.621966305437759729e+03
9.621305700397773762e+03
9.656080826996909309e+03
9.688036083032557144e+03
9.624705580856974848e+03
9.843601701020774271e+03
9.669397920478922970e+03
9.854430649119025475e+03
9.861348210093412490e+03
9.812327309994378084e+03
9.558854066351657821e+03
9.617785801523430564e+03
9.674965496433029330e+03
9.520223472720901555e+03
9.687564079183279318e+03
9.746119476166810273e+03
9.679871400337386149e+03
9.873867919851229090e+03
9.699231673941456393e+03
9.661140387480398203e+03
9.648377100600555423e+03
9.702484244468947509e+03
9.767255539703106479e+03
9.795139109461752014e+03
9.712193342155316714e+03
9.810152185693459614e+03
9.823721693724095530e+03
9.735705276181421141e+03
9.956661384925624589e+03
9.577752732189848757e+03
9.840864145962255861e+03
1.008493181807502333e+04
1.003038901570496273e+04
9.881981643216780867e+03
9.899358602280306513e+03
9.864865759637214069e+03
9.914503251578778872e+03
9.885038901560419617e+03
9.710236347817786736e+03
1.000792077218789746e+04
9.719912201135273790e+03
9.632216314441764553e+03
9.837412688318054279e+03
9.787173770194227473e+03
9.772894357641469469e+03
9.751824081628921704e+03
9.887462565002770134e+03
9.770590848855987133e+03
9.825215875569198033e+03
9.936210709272825625e+03
9.862897701285412040e+03
9.894502324461704120e+03
1.003600458063972110e+04
1.001562993049770012e+04
1.001949990111028819e+04
9.748736775688101261e+03
9.729247600515604063e+03
9.834578555590185715e+03
9.738016421681761130e+03
9.794811415815673172e+03
9.697081067154376797e+03
9.576578464188196449e+03
9.787321837678691736e+03
9.719947479093567381e+03
9.762362867155243293e+03
9.760964213437946455e+03
9.939223286999218544e+03
9.746865252099654754e+03
9.946222413429255539e+03
9.819476606586118578e+03
9.921861063447406195e+03
9.883759679095563115e+03
9.840720590168184572e+03
9.779720408776154727e+03
9.784593464817395216e+03
9.900013819118552419e+03
9.861846600115937690e+03
9.762890130918320210e+03
9.721689606674764946e+03
9.621598572897515623e+03
9.923484228042554605e+03
9.804172872421300781e+03
9.981427834314985375e+03
9.873145947068256646e+03
9.842480105483780790e+03
9.823461053122418889e+03
1.007372765212960985e+04
9.910886027083703084e+03
9.856997902839633753e+03
9.764033363538363119e+03
9.832786230467509085e+03
9.886396685678722861e+03
9.742353931835370531e+03
9.737710194350083839e+03
9.789518198989122538e+03
9.693378565589944628e+03
9.796196057873166865e+03
9.890849641940572837e+03
9.618237213470169081e+03
9.705102070499226102e+03
9.787218778876447686e+03
9.717825005246530054e+03
9.659912825081368283e+03
9.634162033202166640e+03
9.824614696616072251e+03
9.647549292615231025e+03
9.853930628839041674e+03
9.785395649113590480e+03
9.916249147679303860e+03
9.686513505949300452e+03
9.755814150689499002e+03
9.738612489812867352e+03
9.935880803595007819e+03
9.768286974798453230e+03
9.810743781522420250e+03
9.702774179810088754e+03
9.719824532341363010e+03
9.594696467422028945e+03
9.764201343480079231e+03
9.852389085476936089e+03
9.876526372335574706e+03
9.836493908683849440e+03
9.669620893753579367e+03
9.699964272827657624e+03
9.779997484907140461e+03
9.844889202295409632e+03
9.775659379193788482e+03
9.703266231393508860e+03
9.636860791574288669e+03
9.792948769131249719e+03
9.866856325654898683e+03
9.997361887713888791e+03
9.924726395332227185e+03
9.947136141806528030e+03
9.685736121569747411e+03
9.912005269771643725e+03
9.662180247691927434e+03
9.820117767870022362e+03
9.690245038314642443e+03
9.840119845851753780e+03
9.677375000112111593e+03
9.800211314372638299e+03
9.708587653001843137e+03
9.776751344262436760e+03
9.804478510890436155e+03
9.788179887441672690e+03
9.923730078701741149e+03
9.712877836027048033e+03
9.907011323115775667e+03
9.853786824507858910e+03
9.698086378505497123e+03
9.905969471615384464e+03
9.822645307970808062e+03
9.722697952585709572e+03
9.918488225296219753e+03
9.692051579511284217e+03
9.758677794353799982e+03
9.809464431105234326e+03
9.604804855004444107e+03
9.580460035043499374e+03
9.617480819025806341e+03
9.710686502427595769e+03
9.702411124550228124e+03
9.847324641732107921e+03
9.692611637765423438e+03
9.670931565222710560e+03
9.857767780971653337e+03
9.738808022848552355e+03
9.598874205628846539e+03
9.634304932758635914e+03
9.690788029313102015e+03
9.769681192428772192e+03
9.788408508787537357e+03
9.799159309850419959e+03
9.702909845222266085e+03
9.501866711443093664e+03
9.577871798664922608e+03
9.690509631116232413e+03
9.679157868675876671e+03
9.733130418515989732e+03
9.686908224064340175e+03
9.788134689585291198e+03
9.738751341814617263e+03
9.720326028220259104e+03
9.643361190437201003e+03
9.685462764543855883e+03
9.910644323866752529e+03
9.825421511790254954e+03
9.797515870593551881e+03
9.852051949312106444e+03
9.903740195288171890e+03
9.935009601290845239e+03
9.936647946496890654e+03
9.824131205814996065e+03
9.826862516716440950e+03
9.696173014577869253e+03
9.961469535208281741e+03
9.917400331655884656e+03
9.916536781979240914e+03
1.000979725601550126e+04
9.846692325860027267e+03
9.726948871420945579e+03
9.661270565978158629e+03
9.805564027513439214e+03
9.823978597110435658e+03
1.003306364301573740e+04
9.830467796017539513e+03
9.870548532140421230e+03
1.001983789912827706e+04
1.001504151439990892e+04
9.787592955061985776e+03
9.807198467998512569e+03
9.782365647825356064e+03
9.778937957601263406e+03
9.692141980202586637e+03
9.716871370501467027e+03
9.725195953244643533e+03
9.850251532261596367e+03
9.710914486521738581e+03
9.714409347231934589e+03
9.698275801965139181e+03
9.767383444859060546e+03
9.615967915793811699e+03
9.743877983758011396e+03
9.661214304057657500e+03
9.883891700964079064e+03
9.997460849386923655e+03
9.974594639895849468e+03
9.956554088261782454e+03
9.816832055869926990e+03
9.593424285606779449e+03
9.858606728173392185e+03
9.945122104961272271e+03
9.650157742391842476e+03
9.705257733174112218e+03
9.831784151152780396e+03
9.873786613615087845e+03
9.739224849122178057e+03
9.821889021918064827e+03
9.739160543014857467e+03
9.941259557554314597e+03
9.858534664604367208e+03
9.923067875674643801e+03
9.867496264392217199e+03
9.768507837697472496e+03
9.743225194515271141e+03
9.705791583547730625e+03
9.786308115405203353e+03
9.658488264349740348e+03
9.754347676431980290e+03
9.953193730478174984e+03
1.004692923582903859e+04
9.979607465258655793e+03
9.957194947121115547e+03
9.979311707905329968e+03
1.009161401102019590e+04
9.889171979943390397e+03
9.949485541417756394e+03
9.938813472270503553e+03
9.852563832692170763e+03
9.821661968135451389e+03
9.918651948395305226e+03
9.865114578430542679e+03
9.803017393066189470e+03
9.827365716494272419e+03
9.808484492995812616e+03
9.927104943511860256e+03
9.914336889452531977e+03
9.862811760101145410e+03
9.798371404902534778e+03
9.831144027397713216e+03
9.929831492262814209e+03
9.925182098968738501e+03
1.001825480556879847e+04
9.927536681728372059e+03
9.820115586273866938e+03
9.923654667581433387e+03
9.747264582913176127e+03
9.987287020708186901e+03
9.825389055242256291e+03
1.004972395404408053e+04
1.002641194692580575e+04
9.935294841339315099e+03
1.015938220204604659e+04
9.728309856787886019e+03
9.792856836640654365e+03
9.971011019012416000e+03
9.933769749378376218e+03
9.742477186580157650e+03
9.904497376117906242e+03
1.004761051998098628e+04
9.827187781676757368e+03
9.795750084529114247e+03
9.981711086642259033e+03
9.972956142196879227e+03
9.869680052580786651e+03
9.896436120155471144e+03
9.983711744858292150e+03
9.953036154678073217e+03
9.892386973448597928e+03
9.826659928718383526e+03
9.963538856494620632e+03
9.965629208365722661e+03
9.936910565427528127e+03
9.931492831242387183e+03
1.001177214670350804e+04
9.907476955032279875e+03
9.900447406330446029e+03
9.988441486291170804e+03
1.007404777506006940e+04
9.926036805708999964e+03
9.961034324828084209e+03
1.003145633786690087e+04
1.004317804737609913e+04
9.872023999921239010e+03
9.889440679279128744e+03
9.568533903789071701e+03
9.782427337422126584e+03
9.688193172396026057e+03
9.629498665901352069e+03
9.679365599325830772e+03
9.732174589609461691e+03
9.714997913869756303e+03
9.630343448274305047e+03
9.771996898197710834e+03
9.839178426725646204e+03
9.951425574125672938e+03
1.000309401867345150e+04
9.828471720439871206e+03
1.003545321049723134e+04
9.812312544740039812e+03
9.848342929536334850e+03
9.780894375191162908e+03
9.815658047217053536e+03
9.769043476057437147e+03
9.818902753731892517e+03
9.645004679205796492e+03
9.941426009374668865e+03
9.941110635554199689e+03
9.853779993138010468e+03
9.903199418936903385e+03
9.826353926229176068e+03
1.002196330570304417e+04
9.898766476668666655e+03
9.988842410277386080e+03
9.786738972985960572e+03
9.773474656423430133e+03
9.963592947661918515e+03
9.914455973352411092e+03
9.841225075875390758e+03
9.981683540390111375e+03
1.001698743988597198e+04
9.984875603916971158e+03
9.935662674349796362e+03
1.001963762453565505e+04
9.859654344873422815e+03
9.921397471274776763e+03
9.828174457100469226e+03
9.884513413736805887e+03
9.911684280814140948e+03
9.872973596041982091e+03
9.830712681191280353e+03
9.750437353538391108e+03
9.673418032654722992e+03
9.833272200002307727e+03
9.676994129190865351e+03
9.963182954042200436e+03
9.804570855116040548e+03
9.844844813974850695e+03
9.883502293329369422e+03
9.758415787949505102e+03
9.756648534969426692e+03
9.791858256936462567e+03
9.837723846850263726e+03
9.793051862533769963e+03
9.825603685607129592e+03
9.716303637425698980e+03
9.825818008764505066e+03
9.755474861969427366e+03
9.737160886228699383e+03
9.636649989162136990e+03
9.682079804607301412e+03
9.685853128942924741e+03
9.814063400781946257e+03
9.809080162299591393e+03
9.904016662531697875e+03
9.972035207824970712e+03
9.857761837490554171e+03
9.863609138481528134e+03
9.911971141729703959e+03
9.678083475907658794e+03
9.994711224103615677e+03
9.751539359697362670e+03
9.693997820328550006e+03
9.904462914975070817e+03
9.877093873194266052e+03
9.791666208583779735e+03
9.900465655079246062e+03
9.730792021036524602e+03
9.961934873637881537e+03
9.712320198524181251e+03
9.630836036604849141e+03
9.679930378483823006e+03
9.821697372663276838e+03
9.698410364406972803e+03
9.635177427418549996e+03
9.797460114847786826e+03
9.761685597992756811e+03
9.867672008208259285e+03
9.845853063510830907e+03
9.793170066791366480e+03
9.642012770900702890e+03
9.708636212263578273e+03
9.914201503642121679e+03
9.769915703300670430e+03
9.757609773699685320e+03
9.798504971889364242e+03
9.792712929853985770e+03
9.964477369561960586e+03
9.808387772973483152e+03
9.748231511553878590e+03
9.868167509932714893e+03
9.691378954931897169e+03
9.616682155395501468e+03
9.719693637553144072e+03
9.798067814634667229e+03
9.785656047699851115e+03
9.810576514648468219e+03
9.717918254145633910e+03
9.790526915268872472e+03
9.933871173345307398e+03
9.711968444800379075e+03
9.661537969050399624e+03
9.914036552182884407e+03
9.790458854226559197e+03
9.576762425343169525e+03
9.704824689210687211e+03
9.671646592525812594e+03
9.693265087406056409e+03
9.759140140412166147e+03
9.808575693743216107e+03
9.968955968879039574e+03
9.793508832096536935e+03
9.786672536695927192e+03
9.940002004475370995e+03
9.759390482603579585e+03
9.810070158117809115e+03
9.690444105764605411e+03
9.718053737215977890e+03
9.767733333115154892e+03
9.947406732435782033e+03
9.740430145223877844e+03
9.818186761453869622e+03
9.819979190056068546e+03
9.978925514495045718e+03
9.767205314187569456e+03
9.766745591331611649e+03
9.660671129908187140e+03
9.918478378908406739e+03
9.703123303028572991e+03
9.842571781205591833e+03
9.912107247818192263e+03
9.706010293424445990e+03
9.751405714329237526e+03
9.683531746173044667e+03
1.002489851097371684e+04
1.005306277127464818e+04
9.955309352555430451e+03
9.987952209449762449e+03
9.956010267371040754e+03
1.005050097983389423e+04
9.787632124837185984e+03
9.968243420683018485e+03
9.991656399325725943e+03
9.976774947376174168e+03
1.000057618152747636e+04
9.955719768634146021e+03
9.722443493778098855e+03
9.783851638066258602e+03
9.838106409320624152e+03
9.907067664587772015e+03
1.007199617884043619e+04
1.009040008794539608e+04
1.004614933929699873e+04
9.925241964497212393e+03
9.990463003384349577e+03
9.990852764690942422e+03
1.004363824087103058e+04
9.929727283303116565e+03
9.913836788130309287e+03
1.060606769712900314e+04
1.066714514537426658e+04
1.066049382151021382e+04
1.065210979951898298e+04
1.070749228603744632e+04
1.069286466482704600e+04
1.072252276048108615e+04
1.071414029097555249e+04
1.077113096777800638e+04
1.070926236336706097e+04
1.072004550409397234e+04
1.070275240559564736e+04
1.073836439254776633e+04
1.075933734130006451e+04
1.071703390864455287e+04
1.074288540258710236e+04
1.068445171302184644e+04
1.076402005333265515e+04
1.076102201256557601e+04
1.076216002950286384e+04
1.078575153978305389e+04
1.082234118010067687e+04
1.081348163792781816e+04
1.076443341986474115e+04
1.075520366776403898e+04
1.078932191162159506e+04
1.076571942240571843e+04
1.072488103659109947e+04
1.074914128005449311e+04
1.072725409029465118e+04
1.073830401349676868e+04
1.079057496331928087e+04
1.074978129632225682e+04
1.076663607698727174e+04
1.077678249175637211e+04
1.078607435831666771e+04
1.077279053938416837e+04
1.080073239687678870e+04
1.072117129864733033e+04
1.075383297149790269e+04
1.071492260848794103e+04
1.086326304688606069e+04
1.082183489809370076e+04
1.084135761691975858e+04
1.067544974430833645e+04
1.077836190600171358e+04
1.073790810537982725e+04
1.084790988177702093e+04
1.082313379040491418e+04
1.072359915673207433e+04
1.080119268410020595e+04
1.079542716267031392e+04
1.077897600790474462e+04
1.079605230942419621e+04
1.073475690157783538e+04
1.078849606067518107e+04
1.071375461748440466e+04
1.078830718522164534e+04
1.076113860912649216e+04
1.081039592519675716e+04
1.077416814304414220e+04
1.080228503269423709e+04
1.075217700236310884e+04
1.076224581551509254e+04
1.081391481438476694e+04
1.083433060294963434e+04
1.082783686612958445e+04
1.075644533136930659e+04
1.072123268467921844e+04
1.079885023982113489e+04
1.080745111571943744e+04
1.072873448392613136e+04
1.075994725708349870e+04
1.083263741479772762e+04
1.080446261553153272e+04
1.070545099568707701e+04
1.080961327280428850e+04
1.092078272536960139e+04
1.069118198385663891e+04
1.075017684768731306e+04
1.082866019851853525e+04
1.068537421241297488e+04
1.064557272079424365e+04
1.077850497221332989e+04
1.080547343479028495e+04
1.073433277897514017e+04
1.078066479844443529e+04
1.091475884213762583e+04
1.074862330526439473e+04
1.086811362969761649e+04
1.082091363472937701e+04
1.086196772731730016e+04
1.086434884168732060e+04
1.078037372820998644e+04
1.083249799948906366e+04
1.085017255753649988e+04
1.080955994124370591e+04
1.084249918972576597e+04
1.080543195484138778e+04
1.084170925145001274e+04
1.080628495262414253e+04
1.090922860710654095e+04
1.083145238542136940e+04
1.092138167187908766e+04
1.083443729162100863e+04
1.087067334154574201e+04
1.095967907176248445e+04
1.091898798500129124e+04
1.091972228983772948e+04
1.084391278917393902e+04
1.092572198345504694e+04
1.092486128416627071e+04
1.086752216346717796e+04
1.088506619331847833e+04
1.088330399631165892e+04
1.091634284707753795e+04
1.080998671137548081e+04
1.080328648593854268e+04
1.086203582564724093e+04
1.079121901692787651e+04
1.081176578816138317e+04
1.082733279807439249e+04
1.075107335438762675e+04
1.079059593196974311e+04
1.079414542178014926e+04
1.079504100852318879e+04
1.082851314058386197e+04
1.085236687733404324e+04
1.092328881316774641e+04
1.085516291658312548e+04
1.094422866197220173e+04
1.083245046881370217e+04
1.083817689956195136e+04
1.084785446552311805e+04
1.097514974188797169e+04
1.085847443111249049e+04
1.073694554374536710e+04
1.077837889581231684e+04
1.076338318871500633e+04
1.084315228128728995e+04
1.085554100257150094e+04
1.084781158578220311e+04
1.077717466694811446e+04
1.076638664480247644e+04
1.078974426467839112e+04
1.077942330344239053e+04
1.078008046243470562e+04
1.074404478685481627e+04
1.082501154037579909e+04
1.070146354165842604e+04
1.073998366771945803e+04
1.077048105211423172e+04
1.084258349238647861e+04
1.076148822555354855e+04
1.084886994393704663e+04
1.079836701247117708e+04
1.078328201274688581e+04
1.076902369711705796e+04
1.080350742341505429e+04
1.087553031894052219e+04
1.083130172956136812e+04
1.079102092679020643e+04
1.081785817341411166e+04
1.094825358132154724e+04
1.073493185696505134e+04
1.073945096734787148e+04
1.087470838367959186e+04
1.088246900333285157e+04
1.092656955414580989e+04
1.074984053603250140e+04
1.084740356107603293e+04
1.093498732494722935e+04
1.073856920373946923e+04
1.094890680977046941e+04
1.083308335303050990e+04
1.061754913753938854e+04
1.095356328175085764e+04
1.082013802294914603e+04
1.086810720167261752e+04
1.089476799131986263e+04
1.066346097340219967e+04
1.086707388029461981e+04
1.082043519162206394e+04
1.091971294747176944e+04
1.074098302282647637e+04
1.073943224253115113e+04
1.087384327565241438e+04
1.084354226658019797e+04
1.091569588207770357e+04
1.092860709306598437e+04
1.089796113628494095e+04
1.071466316802140136e+04
1.078671594018356154e+04
1.083254931198973827e+04
1.064160809298607091e+04
1.081278179326590362e+04
1.078121574631785552e+04
1.077232152927924290e+04
1.083486374066425742e+04
1.088942570726727172e+04
1.101037436643500405e+04
1.073248212708066967e+04
1.079980143403014335e+04
1.080544203849165024e+04
1.076734949913707351e+04
1.082104994362083016e+04
1.094614151710244732e+04
1.093993202515182747e+04
1.079822646980771606e+04
1.092992794942701585e+04
1.100547311422431994e+04
1.086675194528751126e+04
1.088021111836534510e+04
1.086797857442146233e+04
1.084134818657399228e+04
1.086437841966241649e+04
1.091071331169633595e+04
1.097354914619235751e+04
1.089515275763223872e+04
1.095543219604531987e+04
1.100112802060724243e+04
1.069978396347565831e+04
1.093244064521711698e+04
1.087520335268671261e+04
1.074879415158021220e+04
1.083401812998611604e+04
1.077398838449924733e+04
1.096468861681584713e+04
1.086784459461860570e+04
1.096242717592392364e+04
1.093389645516915698e+04
1.072670894745084115e+04
1.075908688228684696e+04
1.083063174962795529e+04
1.068235918558482444e+04
1.085088117791920376e+04
1.097276087515344443e+04
1.091693646465713755e+04
1.081376526670977546e+04
1.086424131213849068e+04
1.084266944779042387e+04
1.104138062277279823e+04
1.093280083173103776e+04
1.096773931860685479e+04
1.094776372414121579e+04
1.084578005305638908e+04
1.078044277421196057e+04
1.085926042634160694e+04
1.055937695335773969e+04
1.087246818274464022e+04
1.078775550601015675e+04
1.086173037364005722e+04
1.076759998285454640e+04
1.093877324824441530e+04
1.087536619913810500e+04
1.079367180954186551e+04
1.083326689775903287e+04
1.087330462316999365e+04
1.092339683070937099e+04
1.085147620412738070e+04
1.064246045606079133e+04
1.083340712453106062e+04
1.087635856274495563e+04
1.081970529192167487e+04
1.084313300747350877e+04
1.080577071715723287e+04
1.089283290830102305e+04
1.083602439153872183e+04
1.075660043443194627e+04
1.099928296533921093e+04
1.076138367134230793e+04
1.077775227300914958e+04
1.083771475551633193e+04
1.088149096188686781e+04
1.083970866416975514e+04
1.089043995979716237e+04
1.082774832468412933e+04
1.081338590569430380e+04
1.081542029990462288e+04
1.073379203493385103e+04
1.083775611995954750e+04
1.077420565934308615e+04
1.074026728963669848e+04
1.082368731853218378e+04
1.086062564858456244e+04
1.079738498897449244e+04
1.090274695630949464e+04
1.080073618618954424e+04
1.083799529673775578e+04
1.084771596762705485e+04
1.094248712175877881e+04
1.078274627486420104e+04
1.095745719313918380e+04
1.074098644229310958e+04
1.069790256312821657e+04
1.082304939657696195e+04
1.086852970984333115e+04
1.100161928976342642e+04
1.095727221751845173e+04
1.085079472358866951e+04
1.091598553124499085e+04
1.087837805554797160e+04
1.086760460552080076e+04
1.084800070179181057e+04
1.096856707222095611e+04
1.079311465238339952e+04
1.088567584609217374e+04
1.094538974118950500e+04
1.083104812860554011e+04
1.087409097439814650e+04
1.096341280527452182e+04
1.081750107645833850e+04
1.078641725933086855e+04
1.086333942884049793e+04
1.079831870853391774e+04
1.098148483473965280e+04
1.081275422004973916e+04
1.078729968179343268e+04
1.076782495809183274e+04
1.089384904161498889e+04
1.080393103298332426e+04
1.085921047590652779e+04
1.081543345032711659e+04
1.090654366647924871e+04
1.085767704681580472e+04
1.081925056220034458e+04
1.089231989935012825e+04
1.094619475362380763e+04
1.079567573021521457e+04
1.086972706291112081e+04
1.083252867836016230e+04
1.085971700298462201e+04
1.092301205505454527e+04
1.078625916768122443e+04
1.085279959321673414e+04
1.087688758756120478e+04
1.082018994423286131e+04
1.094067177220442318e+04
1.092751263047211069e+04
1.089746368218543830e+04
1.086677695796645457e+04
1.067412356752100459e+04
1.072126392052807205e+04
1.082766002008434043e+04
1.084346789144212380e+04
1.076003481447229024e+04
1.092824183868001273e+04
1.080734350902560254e+04
1.080956150427451030e+04
1.084385984005971113e+04
1.077503086719970815e+04
1.079143259148411380e+04
1.079509311359164894e+04
1.089688527067658288e+04
1.100940717914892593e+04
1.093773416244480359e+04
1.079822599235136113e+04
1.075065619179139139e+04
1.076599880196071535e+04
1.081744317628833051e+04
1.075924968582732618e+04
1.095237605505238753e+04
1.082236506351186836e+04
1.067420160509901325e+04
1.100522551381537414e+04
1.063599773734673545e+04
1.088900923801676799e+04
1.078952397119560555e+04
1.083629437230135227e+04
1.072210079203612440e+04
1.088506185024581282e+04
1.086121555570831879e+04
1.087313286140315176e+04
1.075697657421621807e+04
1.080404340882685938e+04
1.094476508992889831e+04
1.071926215430276716e+04
1.079055310654292953e+04
1.093027989267012526e+04
1.074652100062824866e+04
1.072477095718288547e+04
1.086856303448935068e+04
1.088479559917009828e+04
1.083470727970835651e+04
1.087016603313612723e+04
1.076058806921047108e+04
1.095691026568800771e+04
1.093483188511521803e+04
1.091101824710688015e+04
1.094811910968929078e+04
1.084255592328259991e+04
1.074740019647868576e+04
1.078040184963898719e+04
1.070519068409998363e+04
1.073236425822762612e+04
1.081140772237601232e+04
1.074118844380447445e+04
1.087232885671979784e+04
1.079640779958159146e+04
1.087341540699074903e+04
1.086833996628464593e+04
1.096110908320874660e+04
1.088180508592315164e+04
1.093859383498210445e+04
1.091654770713013750e+04
1.083311093597849140e+04
1.066326860235871391e+04
1.066286519958848839e+04
1.079272780506364506e+04
1.086432697222536444e+04
1.063693436823653246e+04
1.067512017228584591e+04
1.057720867614073359e+04
1.071242169543087039e+04
1.079248642713893787e+04
1.060682809522687785e+04
1.080217919388503287e+04
1.085697148175923940e+04
1.080695759318618002e+04
1.096492457374612786e+04
1.084129475762010588e+04
1.082304706966458252e+04
1.077311656259412121e+04
1.078895747910539285e+04
1.070360630777493861e+04
1.084024871789797726e+04
1.075288659520343026e+04
1.077403251335211826e+04
1.077301017225462965e+04
1.071803102124269935e+04
1.073957016231864509e+04
1.079921664202084321e+04
1.102025571439455052e+04
1.093110835993591172e+04
1.078675046784928236e+04
1.082022979581460277e+04
1.103378223344713660e+04
1.097280808186895229e+04
1.093995216675239863e+04
1.102081277852154017e+04
1.117414457345952178e+04
1.091197932295157989e+04
1.076909972087103779e+04
1.096818035489338399e+04
1.083047406960100852e+04
1.094563453321662200e+04
1.087194437409362763e+04
1.085038306824078973e+04
1.096681779101590837e+04
1.095795269941572769e+04
1.078491612609853837e+04
1.092737932063760491e+04
1.088360432329215291e+04
1.083986527758427837e+04
1.084647439892222428e+04
1.101436974495946561e+04
1.097093772389823425e+04
1.086242124447062997e+04
1.097325414215398632e+04
1.098047409211188096e+04
1.103083101097327199e+04
1.101208105199086458e+04
1.094416205528589853e+04
1.084387051007242371e+04
1.105942435418490095e+04
1.093564670668149483e+04
1.080284802934526306e+04
1.095386271231775936e+04
1.076181265159545364e+04
1.082107156868032689e+04
1.091721927328040874e+04
1.087863998595377780e+04
1.083388803079749232e+04
1.094911129976898155e+04
1.089282678763493277e+04
1.107287193886332898e+04
1.085943316791038342e+04
1.090967675837519528e+04
1.094338408196368800e+04
1.091902714868990552e+04
1.093551144419776028e+04
1.071454575116829437e+04
1.102109798294842403e+04
1.079587012092363148e+04
1.083027184232957734e+04
1.098984394670078836e+04
1.098703594365449499e+04
1.092624332348002645e+04
1.104410745532868168e+04
1.101344262959944535e+04
1.106426224482427278e+04
1.092093536337417208e+04
1.099683468579169676e+04
1.085989659282903995e+04
1.103697056667327706e+04
1.083714307310509503e+04
1.087232443717049318e+04
1.080483937447897733e+04
1.082815662537497883e+04
1.093869653327904416e+04
1.090979235079167847e+04
1.081383200652275082e+04
1.089770581908092026e+04
1.096699871600339065e+04
1.086935721980604285e+04
1.087914533553973888e+04
1.092741953936186655e+04
1.098564067112132216e+04
1.098610449183494529e+04
1.104097905949360029e+04
1.085543284892532938e+04
1.093170747072383529e+04
1.103034979464127719e+04
1.082652103300982344e+04
1.096620637702252316e+04
1.091365843247208977e+04
1.094584649787908529e+04
1.100539486048948675e+04
1.096183464852256839e+04
1.092925839820187866e+04
1.099177444943546107e+04
1.101710610909800380e+04
1.102924513435849076e+04
1.100332225390633357e+04
1.086002676616282406e+04
1.088692838037470210e+04
1.110897969036763243e+04
1.104904070695164046e+04
1.108883362736405616e+04
1.081932864180634897e+04
1.107911809070325580e+04
1.106226007616174684e+04
1.113412881006047792e+04
1.105343009076493945e+04
1.109834888196159045e+04
1.109817496727097387e+04
1.102531401852217095e+04
1.109681662036343187e+04
1.101978167216714610e+04
1.103981400983480671e+04
1.100689150064045680e+04
1.105444079884769235e+04
1.104773068278991013e+04
1.097138153684097961e+04
1.102472507886887070e+04
1.102621077480809618e+04
1.095297403136273533e+04
1.098428268051004306e+04
1.106801275780010110e+04
1.104057768804134685e+04
1.096253546498923424e+04
1.097720250754667177e+04
1.098073042890551733e+04
1.115375594966611970e+04
1.120468135750165675e+04
1.095666421727836132e+04
1.106250212615234523e+04
1.110180527438136960e+04
1.101075587662516409e+04
1.111448798583645294e+04
1.107010544608097916e+04
1.091028027894699517e+04
1.087819028086073558e+04
1.101322888008592599e+04
1.092817488057618903e+04
1.089016258306012060e+04
1.097526495355523912e+04
1.089565420653667934e+04
1.097604334113026198e+04
1.099284023970436829e+04
1.096996427697454601e+04
1.104054273210227802e+04
1.085409584789253859e+04
1.100894058746754126e+04
1.087445691163633273e+04
1.089082274724799754e+04
1.108099553954523617e+04
1.101627986742356552e+04
1.106206942107065697e+04
1.093716180433923546e+04
1.109012002059322367e+04
1.093488343591416015e+04
1.105461970683963409e+04
1.091102064968524792e+04
1.098044470903854562e+04
1.093381593965585489e+04
1.089125360249484038e+04
1.092458968729057960e+04
1.077270028777166590e+04
1.080024496629190799e+04
1.089366990550692390e+04
1.093204350018489095e+04
1.102573849273476662e+04
1.095129939910513713e+04
1.080524711077954271e+04
1.095008406746942819e+04
1.082738835331416340e+04
1.098058149559542107e+04
1.087056661448212617e+04
1.097303791217876460e+04
1.080564436090522395e+04
1.086619781300535760e+04
1.080984610906459966e+04
1.080842082741599188e+04
1.083489432786948601e+04
1.098028762070660923e+04
1.081446450542384628e+04
1.094224946439408450e+04
1.073454141594404973e+04
1.075663024740727087e+04
1.085865682514777291e+04
1.078944122885631805e+04
1.081930693847210932e+04
1.074134693804161361e+04
1.082062442717470367e+04
1.084352848557794459e+04
1.086817475281098268e+04
1.078514359665550000e+04
1.091350332560143033e+04
1.081422938541779695e+04
1.075762808684307493e+04
1.079682242902473627e+04
1.080853130036947368e+04
1.083507412096164444e+04
1.087254206864077423e+04
1.082354166364525372e+04
1.090791617284012136e+04
1.086727827919996889e+04
1.090400141786735549e+04
1.085474488236632715e+04
1.093469719003763748e+04
1.087893589892453201e+04
1.091887048137424608e+04
1.097245354862410386e+04
1.101254885501875833e+04
1.090191930239985413e+04
1.093251503877136201e+04
1.092048021538553257e+04
1.085870527079870226e+04
1.078778301105927312e+04
1.091854876231805611e+04
1.104510327878678436e+04
1.098651312402903204e+04
1.097061762901273323e+04
1.094114367474627397e+04
1.102970852415609443e+04
1.085112898620082160e+04
1.090474046104342597e+04
1.075075056798871265e+04
1.101543028414696346e+04
1.086342828884742994e+04
1.117607081803737128e+04
1.114311446349018115e+04
1.100309025063430454e+04
1.104013135461792081e+04
1.100230626314031178e+04
1.088434744740331735e+04
1.094633691768729659e+04
1.086324210543188747e+04
1.089334682870827783e+04
1.096405648041964560e+04
1.097042714275093749e+04
1.089952979119669180e+04
1.080605320186639619e+04
1.089412892870010910e+04
1.083637012677256280e+04
1.092371002087018678e+04
1.090058013987538288e+04
1.097472158383299757e+04
1.077211909807376651e+04
1.096301676529710494e+04
1.116021085712530839e+04
1.114884731049131733e+04
1.105536174452222622e+04
1.114316494662600962e+04
1.101460521448731197e+04
1.091026043382696844e+04
1.099480275634907048e+04
1.097500884805531314e+04
1.102334452386043085e+04
1.098161758030026249e+04
1.083517638587001238e+04
1.084497935795180274e+04
1.089474266696718769e+04
1.078397202338127317e+04
1.076676190034522915e+04
1.075772596829805116e+04
1.084045915831955062e+04
1.077963805576869345e+04
1.077522538477287162e+04
1.079447288038561055e+04
1.079951764076929612e+04
1.101863270092537277e+04
1.105557120876182125e+04
1.086939261692961009e+04
1.087175940349046323e+04
1.097783489705274224e+04
1.092728446339189213e+04
1.073996092006582512e+04
1.093900508441765851e+04
1.075300348389068313e+04
1.083627057910528674e+04
1.080981467734991566e+04
1.089858793624216378e+04
1.082230538831803642e+04
1.079657619738860558e+04
1.099211009460271816e+04
1.084312591757902192e+04
1.089422119123851007e+04
1.094413517589861658e+04
1.090765956931939036e+04
1.074930833610432273e+04
1.089364619632968788e+04
1.100674716571910176e+04
1.087506812938322764e+04
1.100600587834532416e+04
1.089894484634994296e+04
1.072132865969725026e+04
1.077254355175332785e+04
1.084285153495984378e+04
1.073155360207455669e+04
1.075682381322725996e+04
1.074506315588469806e+04
1.067646043429114252e+04
1.085878286922542975e+04
1.090716515779000474e+04
1.074001668879581666e+04
1.102621181106968834e+04
1.094719881405952219e+04
1.088964105493369243e+04
1.089889470649923715e+04
1.087089309817700268e+04
1.080578096587150321e+04
1.081369678748411206e+04
1.098451250264128976e+04
1.081890572882898960e+04
1.073971483921220351e+04
1.087448009460722460e+04
1.086723153864153210e+04
1.081795346395515116e+04
1.071878461878258167e+04
1.086646374241593003e+04
1.090407591990918991e+04
1.070558584338756009e+04
1.072953204860393635e+04
1.080722030081273260e+04
1.072921357170938609e+04
1.086267902763924030e+04
1.076286423457352066e+04
1.063709484618046008e+04
1.078798914262222388e+04
1.079319506191241089e+04
1.090316016784552812e+04
1.088516124094850238e+04
1.075136205948769748e+04
1.079783220392604198e+04
1.086125743828441955e+04
1.093386437368457337e+04
1.076023471495561171e+04
1.073495123629580303e+04
1.084579786303857145e+04
1.089685949999225886e+04
1.110239093242668423e+04
1.104464193268188137e+04
1.090055417467134248e+04
1.093326814985764031e+04
1.077753627837382919e+04
1.090939725149435981e+04
1.094827861497693448e+04
1.094924507735308180e+04
1.083347949247527140e+04
1.081492023924723617e+04
1.082050563374275407e+04
1.099875972655428995e+04
1.087563300016898938e+04
1.092796815245632570e+04
1.089966687175064362e+04
1.093370025649241506e+04
1.085809229422126191e+04
1.089293675072027145e+04
1.092153962617727302e+04
1.176996351372031495e+04
1.186916548036148561e+04
1.183427102537649444e+04
1.184832565838388291e+04
1.186318425031816150e+04
1.186301801280548716e+04
1.197474135368396855e+04
1.197484351605820484e+04
1.191917599689573944e+04
1.193905168518605387e+04
1.194323546847932812e+04
1.189261034332934105e+04
1.195550531023589610e+04
1.196283857631147293e+04
1.190947804678797547e+04
1.192284793042437195e+04
1.191079168056627896e+04
1.197798182217897738e+04
1.190757837673568793e+04
1.198014477448200887e+04
1.196138739853722109e+04
1.193366428609533796e+04
1.195413821312611071e+04
1.194186415833439241e+04
1.194653097135566168e+04
1.198280527981349769e+04
1.193240853703259927e+04
1.194388144295037091e+04
1.201136161181800526e+04
1.191726177118399755e+04
1.189467533622256997e+04
1.207679233769794155e+04
1.212310048698086212e+04
1.205910067450694442e+04
1.207142923190613874e+04
1.206145078834122796e+04
1.211035654641203291e+04
1.209248940843066157e+04
1.212801138883033855e+04
1.198155447442286277e+04
1.208283760196169897e+04
1.198353878303985402e+04
1.200052540237929679e+04
1.212191533923236420e+04
1.201872447858696069e+04
1.204005006434293318e+04
1.201914303843938978e+04
1.204263955229172279e+04
1.204823311048970027e+04
1.204788692647951757e+04
1.206229655837407881e+04
1.201039108694131210e+04
1.201727025883017086e+04
1.204606474773999980e+04
1.196149360829928264e+04
1.198226934417267694e+04
1.197982544625597802e+04
1.198347030192002603e+04
1.195057477506620307e+04
1.195026316604605199e+04
1.204827282224349437e+04
1.207711024367391474e+04
1.204014227676648443e+04
1.208407048020669026e+04
1.202881478623232942e+04
1.205197302723543726e+04
1.202812764273493667e+04
1.206860854951006149e+04
1.207931434638239625e+04
1.208442408679921391e+04
1.202566436949658237e+04
1.193776333290170260e+04
1.200784817778563593e+04
1.199332110817522880e+04
1.207016934209667670e+04
1.209302579708506892e+04
1.199537144135457856e+04
1.200908817242255827e+04
1.202329982924006617e+04
1.200121177190578965e+04
1.189780286659011472e+04
1.195227619182240414e+04
1.199667370948955067e+04
1.202731550146302106e+04
1.202219791415561303e+04
1.209719152638016749e+04
1.209477214063290558e+04
1.202203755349278617e+04
1.206710220439046680e+04
1.207393450213179131e+04
1.212169547946631792e+04
1.194200119715193978e+04
1.192620762005927463e+04
1.196386528976841873e+04
1.198853664261122503e+04
1.187606244834766221e+04
1.208940110924425608e+04
1.208070729550327997e+04
1.201818387297132176e+04
1.204443444842517602e+04
1.204282846581824560e+04
1.207305362329685340e+04
1.196825871230261509e+04
1.198159557454143760e+04
1.202063946936205866e+04
1.192424463436349652e+04
1.201218495610590071e+04
1.195071648904534050e+04
1.204886289841655525e+04
1.200557343120111727e+04
1.207216068356629512e+04
1.200966271230891471e+04
1.199880631135945623e+04
1.200488570954108400e+04
1.206738272973029780e+04
1.198419154210874331e+04
1.197681612360110194e+04
1.204356864629967458e+04
1.207772647778634928e+04
1.193494656767760898e+04
1.200482899094395543e+04
1.203202137955775834e+04
1.203300267933726536e+04
1.203877544534714070e+04
1.195777914898016388e+04
1.203229235630944277e+04
1.206850719518269761e+04
1.206772873721508950e+04
1.206309643168642469e+04
1.210646393204290143e+04
1.209438906941968162e+04
1.202604577146174233e+04
1.206221412033006891e+04
1.203843877027337476e+04
1.205838245425363311e+04
1.206674530408320243e+04
1.203203780345207815e+04
1.207447851027245633e+04
1.203454044698453617e+04
1.205274714802968811e+04
1.198045481818617009e+04
1.211224489390144845e+04
1.209076099106010588e+04
1.208602261053250913e+04
1.215467690100845539e+04
1.201207375315603349e+04
1.204935564599611826e+04
1.206560523388775437e+04
1.197773934339756852e+04
1.203765849419969163e+04
1.196478370656178777e+04
1.192878779748103989e+04
1.201324047011106450e+04
1.190873648171949026e+04
1.195288232055570188e+04
1.202854384483420836e+04
1.222942596365950703e+04
1.218315616528805367e+04
1.208044182709867346e+04
1.208842500113449933e+04
1.213843393074799678e+04
1.220977214870714306e+04
1.227541478599006405e+04
1.221174790166904131e+04
1.222960159538509834e+04
1.224380696491834897e+04
1.211020843553898158e+04
1.220979271563773909e+04
1.225122845827669335e+04
1.217167454064149933e+04
1.215884929771363750e+04
1.228959404019550857e+04
1.231647520986354721e+04
1.208726170681174699e+04
1.220620142698115706e+04
1.208644106059514343e+04
1.210494214726137761e+04
1.215546759813928475e+04
1.206368680743570440e+04
1.208794209066079748e+04
1.207769527099406332e+04
1.227010352079042786e+04
1.222840322118237782e+04
1.208004093799000839e+04
1.221075577517541933e+04
1.218308282124486686e+04
1.221194755499334315e+04
1.222440663316505015e+04
1.217920245601064926e+04
1.213307096390298284e+04
1.229209183449553711e+04
1.220262435251099669e+04
1.214200901589746172e+04
1.221746702132052997e+04
1.212133114121638027e+04
1.206338069143215762e+04
1.207110902776102012e+04
1.223555596665275334e+04
1.229785588494401600e+04
1.208026104784450035e+04
1.222396640331414710e+04
1.208011089038011596e+04
1.211673996793610968e+04
1.222150474654117170e+04
1.215869566600964390e+04
1.216227099489300963e+04
1.200556466447242747e+04
1.202574258138942787e+04
1.199613046246799058e+04
1.206850359704949733e+04
1.202037045657998715e+04
1.208537188063040048e+04
1.219801002100711230e+04
1.194342799373761409e+04
1.210723348893661569e+04
1.218218782589448529e+04
1.230812213884135781e+04
1.218872545459252615e+04
1.218949245274865825e+04
1.218722088680740308e+04
1.226813836155380523e+04
1.210515870848783925e+04
1.214870348862490937e+04
1.207259659068706605e+04
1.200998536375908225e+04
1.213727591000812754e+04
1.213528697383397957e+04
1.207309807995485062e+04
1.214662687485410061e+04
1.210571029339825873e+04
1.213877065752873568e+04
1.213739842041285192e+04
1.212146967001032681e+04
1.214040491168618973e+04
1.206236385396000696e+04
1.211904309464996913e+04
1.220986857469616552e+04
1.212012529377447390e+04
1.207029057121157712e+04
1.202156133122272513e+04
1.216825861768815776e+04
1.207417106063517167e+04
1.218983054475155222e+04
1.197562680210201142e+04
1.212988231824521972e+04
1.203996933299606098e+04
1.210816126418515159e+04
1.204847829112599175e+04
1.202117683001680598e+04
1.225476421626262345e+04
1.207035598911322995e+04
1.218716713880938187e+04
1.222004672661581208e+04
1.214492528710209081e+04
1.214732487689879235e+04
1.198895294903889771e+04
1.206095535687849042e+04
1.219532347357529579e+04
1.211956239618721156e+04
1.212969183897559196e+04
1.208155007073823617e+04
1.217499940002413859e+04
1.200769876946969453e+04
1.200446481932067763e+04
1.214141227845093454e+04
1.207468204283841260e+04
1.217535670504779591e+04
1.206266845368904978e+04
1.218851118806696832e+04
1.213051301510205667e+04
1.203713371237904357e+04
1.208820995474903611e+04
1.196580321416689003e+04
1.208269474025667660e+04
1.211907447348473033e+04
1.209666541166123898e+04
1.203941570563355344e+04
1.215018487106421708e+04
1.208203318181402210e+04
1.206277064343785969e+04
1.196015989771851309e+04
1.200758433981805865e+04
1.196773829024545921e+04
1.198402125537991196e+04
1.203973226273341061e+04
1.191833345512297092e+04
1.208028178417131676e+04
1.209162815315561966e+04
1.207738351459516343e+04
1.205432604955240640e+04
1.214015268548301174e+04
1.203552425636221415e+04
1.192196630395126522e+04
1.194388350556922887e+04
1.211844307859938453e+04
1.200783984297083225e+04
1.201532556036617461e+04
1.218915167596021274e+04
1.201751609208965056e+04
1.206193579281824714e+04
1.197977537528856737e+04
1.218244842726953721e+04
1.216038254082326603e+04
1.203564017739715746e+04
1.206306582582759074e+04
1.207907804517667864e+04
1.217738719990324716e+04
1.214251395314247929e+04
1.212971174281709864e+04
1.220526551152964566e+04
1.217223537101355760e+04
1.214300307697421704e+04
1.206263130239503153e+04
1.211385355987639559e+04
1.219233972254335640e+04
1.208105329984921082e+04
1.215960966449793523e+04
1.213847350480117530e+04
1.215204366106272573e+04
1.216917457052868849e+04
1.219311172167918630e+04
1.219153961165136025e+04
1.196191104953888134e+04
1.200528066834672245e+04
1.211022435676981331e+04
1.207309253220084975e+04
1.217912126985160467e+04
1.215432136028893001e+04
1.227657143532797636e+04
1.209631734564161161e+04
1.218390972263799449e+04
1.211249574831536120e+04
1.229631043892700109e+04
1.214331126398081688e+04
1.234351777457224671e+04
1.213489032041179780e+04
1.219559328125419233e+04
1.216325292168702072e+04
1.217308819585189121e+04
1.216204539762051718e+04
1.213391699779550618e+04
1.219569484754764744e+04
1.209872905938864460e+04
1.215036211565770282e+04
1.219305216892752105e+04
1.219222439126400241e+04
1.222666352148437363e+04
1.222487922967996383e+04
1.216272678051165349e+04
1.210355661765217701e+04
1.218606167419200028e+04
1.211950964866130016e+04
1.211215851737489538e+04
1.214806185795345664e+04
1.208796971318398028e+04
1.209313848270797280e+04
1.208016589101494174e+04
1.195345781434231685e+04
1.199815849082211207e+04
1.200841513742924690e+04
1.187601121419989249e+04
1.212501273492948349e+04
1.205253220314822465e+04
1.217080463494900869e+04
1.198173583380453601e+04
1.218295922368728134e+04
1.205398279367157011e+04
1.194892539154820770e+04
1.207651112356244630e+04
1.207760047865370871e+04
1.209190096252875628e+04
1.224659475597007440e+04
1.218604516325569602e+04
1.214207820910213195e+04
1.217275726826179925e+04
1.203360258597862776e+04
1.232219005686009223e+04
1.227764566477119843e+04
1.212215852060031284e+04
1.222787021483712670e+04
1.208302770657959991e+04
1.204791560288313303e+04
1.204291692148943548e+04
1.216502935669954240e+04
1.204295844844684325e+04
1.217883089436979571e+04
1.208129829463360875e+04
1.203481670866151035e+04
1.198608116052808327e+04
1.214950885973454206e+04
1.213754479080694000e+04
1.217940655494977182e+04
1.204021236939794653e+04
1.207813553356692682e+04
1.207216494777745538e+04
1.221365639654526422e+04
1.205732877478171758e+04
1.208005422958161944e+04
1.215355253633878237e+04
1.199213632649794272e+04
1.203163588812728085e+04
1.195941004209226048e+04
1.199389069977225336e+04
1.198103859175493017e+04
1.201477745310507999e+04
1.190068314337660013e+04
1.204560309454700109e+04
1.200490347435686999e+04
1.209115141070957543e+04
1.206926367149368161e+04
1.203193424526938179e+04
1.205401151905847473e+04
1.210692891736859565e+04
1.205328212410155720e+04
1.210554853868886130e+04
1.194990394081250997e+04
1.218934053434105772e+04
1.193674344141364963e+04
1.227772378115296488e+04
1.207658386054213406e+04
1.208373429009974279e+04
1.205126211627291013e+04
1.193217113432605038e+04
1.212463684951927826e+04
1.202882495490296424e+04
1.192929003286709485e+04
1.228614806039945506e+04
1.221408076468902254e+04
1.209192036448851650e+04
1.220905908582951452e+04
1.222036010295717097e+04
1.221498456511382210e+04
1.217830949653866264e+04
1.218005381684567874e+04
1.217463654738779223e+04
1.208183491752213376e+04
1.207623378545712148e+04
1.212426477402498313e+04
1.210995116031894941e+04
1.227570231537814834e+04
1.218380573307330815e+04
1.215864745929752098e+04
1.208762966842851347e+04
1.209188076410485883e+04
1.227976173755259879e+04
1.218450073914800305e+04
1.223478751444958652e+04
1.215301028067232983e+04
1.215150941387315652e+04
1.211713490175478182e+04
1.208491562869576410e+04
1.224689148325586211e+04
1.224060596264265041e+04
1.206680900111920892e+04
1.222883089851550722e+04
1.226760919999185535e+04
1.195169800782877974e+04
1.208827292217919421e+04
1.195255960892658004e+04
1.212823640924574465e+04
1.197875617782873815e+04
1.199269393450306052e+04
1.195276019501385781e+04
1.205560536131667141e+04
1.181548500252280792e+04
1.199038227117619499e+04
1.206283548532517307e+04
1.200813840159817664e+04
1.192691855640281574e+04
1.198135971506360147e+04
1.188375829976758905e+04
1.200346845269496589e+04
1.195001232725523369e+04
1.217204697822782509e+04
1.186926457517521521e+04
1.207400779962608067e+04
1.190761339095246512e+04
1.187215950743160465e+04
1.200974338079042900e+04
1.208221858682594939e+04
1.190355745991824006e+04
1.213904652659325075e+04
1.227634463805038467e+04
1.218150234170295880e+04
1.221132727510530094e+04
1.225224051471550956e+04
1.216466188932537989e+04
1.229538756813438886e+04
1.213333791891982401e+04
1.233751492610506284e+04
1.215550843186961902e+04
1.202574727446540783e+04
1.197519932463624718e+04
1.211351692312972591e+04
1.212682409092718808e+04
1.215145989429732617e+04
1.210936461916380722e+04
1.217203245633345068e+04
1.226088708694294291e+04
1.219482652398292157e+04
1.210803976411625626e+04
1.220528733374399053e+04
1.205342551281731539e+04
1.206146682658822829e+04
1.205613653346947467e+04
1.205330395428454358e+04
1.223494403285676344e+04
1.207931776766797702e+04
1.216740278039330587e+04
1.204008617859142942e+04
1.212478063207249033e+04
1.198864976676093283e+04
1.214517395978562854e+04
1.198616766058428402e+04
1.200430954743597977e+04
1.199129062261161016e+04
1.203584333215758124e+04
1.213251308139718822e+04
1.206304571866988226e+04
1.214795906017262496e+04
1.195374521421191821e+04
1.206361945840900444e+04
1.203110617096689202e+04
1.204633088661365218e+04
1.207031048075805120e+04
1.222866677097905995e+04
1.190597154057511943e+04
1.203307297688161270e+04
1.209122855786223226e+04
1.199910658093392522e+04
1.202257727249750315e+04
1.219033886504028487e+04
1.208733950348845610e+04
1.214262759386115067e+04
1.209674122505488049e+04
1.203053158946748954e+04
1.198145497777891978e+04
1.200605064439371199e+04
1.207487694462664695e+04
1.211827890786823991e+04
1.200988927119141772e+04
1.222849205987517416e+04
1.220977441124393408e+04
1.216565451965620741e+04
1.226763445468909595e+04
1.216836975829835137e+04
1.212854793607040301e+04
1.196122726909091762e+04
1.203177577817725069e+04
1.202467229637809032e+04
1.211396075559630117e+04
1.220840399578343931e+04
1.217497529427124573e+04
1.215159114047791809e+04
1.216217639843086181e+04
1.222184102358015662e+04
1.211554322978932396e+04
1.212724583524378068e+04
1.195382508687486552e+04
1.218103361772147036e+04
1.205529959878299996e+04
1.210465070606707195e+04
1.198366728655213410e+04
1.202823816165363860e+04
1.197730731264077986e+04
1.185125164263021361e+04
1.206593799106716506e+04
1.209710642077572084e+04
1.205925208314396150e+04
1.198185906830134627e+04
1.200447503303403209e+04
1.216077783948311480e+04
1.223723725986032878e+04
1.212214130857023156e+04
1.214394721847003711e+04
1.216704261925915853e+04
1.201486245304074328e+04
1.203085146991703914e+04
1.216190661545178227e+04
1.204211892587209331e+04
1.199010537992338323e+04
1.199200975683445176e+04
1.211436470610657670e+04
1.193639647892348148e+04
1.209678953528510101e+04
1.215955523625150636e+04
1.220036504935232006e+04
1.218136939139112474e+04
1.201672124623854506e+04
1.215126428981229037e+04
1.217129293459749533e+04
1.230192063032263832e+04
1.217193561773811598e+04
1.226173002065547735e+04
1.210510457505812883e+04
1.208677398487645587e+04
1.195757179672546590e+04
1.212524645589295687e+04
1.210825655097948948e+04
1.210725766441328960e+04
1.207989404561349329e+04
1.200749687403521239e+04
1.209824552046875579e+04
1.196086540515581873e+04
1.211424700040569223e+04
1.215015834644599636e+04
1.221001219082687385e+04
1.215714043091948770e+04
1.219490365395370463e+04
1.207419519119085271e+04
1.211505163715919662e+04
1.215768500267483432e+04
1.211424280929464658e+04
1.213192122503439714e+04
1.207708858664756372e+04
1.210370365153024068e+04
1.216307639793341332e+04
1.215316145876495830e+04
1.193602210385825856e+04
1.199092078119191319e+04
1.204751934102117957e+04
1.209226811642223038e+04
1.204247851049950441e+04
1.212423176493041319e+04
1.204822542501400494e+04
1.194184259097002541e+04
1.215265366892951897e+04
1.208732892949057532e+04
1.212644150742595957e+04
1.207947743009459009e+04
1.207108015117025207e+04
1.218235209800660596e+04
1.215760131466597704e+04
1.226549730801503574e+04
1.232284509299048295e+04
1.207330145518987592e+04
1.223298165499566858e+04
1.217957317245183185e+04
1.229804266395772174e+04
1.214214763305181077e+04
1.217182895400849156e+04
1.218583735279573011e+04
1.222056798859798255e+04
1.219778178393659255e+04
1.214473581881644714e+04
1.214835242313222443e+04
1.215497469055399051e+04
1.225146288085130254e+04
1.226536758664227091e+04
1.216587551381892263e+04
1.211719112806940575e+04
1.226479002739068892e+04
1.239953095102051338e+04
1.225763601484444553e+04
1.217746091317800892e+04
1.224603081368693711e+04
1.213383410220731093e+04
1.206596878461228152e+04
1.202093387177330078e+04
1.222301135583746691e+04
1.207839150331916971e+04
1.210974672627155633e+04
1.215250447178320246e+04
1.223933965766755500e+04
1.212198295373372457e+04
1.214921495925432100e+04
1.213942396098262725e+04
1.210714499921160495e+04
1.220062507495266800e+04
1.216181076512601248e+04
1.215112422607799817e+04
1.210973557399493075e+04
1.208160674703525365e+04
1.213250017998308977e+04
1.215706989604335831e+04
1.212777395462495588e+04
1.226233933774891557e+04
1.209692416447315190e+04
1.214611232380453839e+04
1.215833723395108791e+04
1.215755794881455768e+04
1.205460442025811426e+04
1.224756698377320208e+04
1.219112604820864362e+04
1.215805835821633627e+04
1.217757749137415885e+04
1.222612932648220522e+04
1.219369000725597289e+04
1.210470633546304089e+04
1.206671287760480845e+04
1.216491006084462970e+04
1.207117378052015920e+04
1.204899179873503999e+04
1.218442994299266502e+04
1.222282217303272228e+04
1.217482526046651037e+04
1.220865150954145065e+04
1.206295397666661120e+04
1.211353093374659693e+04
1.208553073996905914e+04
1.218399444665733063e+04
1.204487863137148270e+04
1.210537464692838512e+04
1.207164139952559162e+04
1.203567750693931703e+04
1.207506618416606580e+04
1.225861416352138440e+04
1.230162544681443978e+04
1.222670649171320656e+04
1.227790148714979659e+04
1.230697534759454356e+04
1.217825479917619668e+04
1.206592789978232940e+04
1.223655701755339760e+04
1.220690431664202879e+04
1.225516620568899998e+04
1.213127214072753850e+04
1.216188906075291197e+04
1.219432714233458501e+04
1.224112573273477392e+04
1.206171541620020798e+04
1.228534144773160369e+04
1.227316224449930087e+04
1.223544218561528578e+04
1.228450040578458720e+04
1.218931697752651053e+04
1.214937562064227859e+04
1.226523922057688469e+04
1.216217062565482956e+04
1.216439376835339317e+04
1.222354070451428015e+04
1.211436097783138030e+04
1.206088928802566261e+04
1.212950554532318165e+04
1.214971784126091552e+04
1.210987613166531992e+04
1.223550553133881112e+04
1.219132794702296087e+04
1.208177130060760101e+04
1.202717142965667881e+04
1.210924566962769859e+04
1.204140049141226882e+04
1.206237610854190098e+04
1.204242808259237427e+04
1.209604765623557796e+04
1.195940295826832880e+04
1.209399564738324079e+04
1.204376580959014427e+04
1.208751205351790486e+04
1.208050444627826619e+04
1.203789006638268984e+04
1.190540664225840919e+04
1.205951916648550105e+04
1.204208550895156804e+04
1.209133353344821808e+04
1.213580147872182897e+04
1.201030876013445777e+04
1.185675434574799874e+04
1.189102415045791531e+04
1.197507717274688002e+04
1.211855016590702871e+04
1.194762898080017112e+04
1.209481141098731860e+04
1.199920570631340706e+04
1.213863052331876679e+04
1.209099584996349404e+04
1.185482344767565701e+04
1.200987631837370645e+04
1.201233595639402120e+04
1.198298043827425499e+04
1.203037006761415068e+04
1.202011864513011460e+04
1.196015681750555086e+04
1.213220291124366122e+04
1.199508116523914214e+04
1.207624743919100183e+04
1.213337444370803678e+04
1.195969685919451513e+04
1.210462681325845369e+04
1.207193523690530128e+04
1.216162707958849023e+04
