-2.195524995463440064e+04
-2.194585784043415333e+04
-2.193650751077501991e+04
-2.192717299676476250e+04
-2.192717299676476250e+04
-2.191777508127674446e+04
-2.190862194176486082e+04
-2.189923370886639896e+04
-2.188977630721489186e+04
-2.188977630721489186e+04
-2.188006891074451050e+04
-2.187048242224493515e+04
-2.186063103198734098e+04
-2.185074140463005460e+04
-2.185074140463005460e+04
-2.184007796386684640e+04
-2.182945923206479711e+04
-2.181823124298761468e+04
-2.180721756978036865e+04
-2.180721756978036865e+04
-2.179641594353096298e+04
-2.178536675928362820e+04
-2.177430499514368057e+04
-2.176399174717515052e+04
-2.176399174717515052e+04
-2.175305637598528483e+04
-2.174236120573526932e+04
-2.173126122468412359e+04
-2.171994828321695968e+04
-2.171994828321695968e+04
-2.170896029359105160e+04
-2.169845263632519345e+04
-2.168836800569880143e+04
-2.167761953563182396e+04
-2.167761953563182396e+04
-2.166701318111932778e+04
-2.165569202323241552e+04
-2.164473787294968861e+04
-2.163439282800152068e+04
-2.163439282800152068e+04
-2.162312023055077225e+04
-2.161252034972185720e+04
-2.160290764693423625e+04
-2.159200711000173033e+04
-2.159200711000173033e+04
-2.158281695102557205e+04
-2.157292299807000018e+04
-2.156153893568844796e+04
-2.154958951179809083e+04
-2.154958951179809083e+04
-2.153912693291269170e+04
-2.152827120797465977e+04
-2.151722883862693197e+04
-2.150761832944545313e+04
-2.150761832944545313e+04
-2.149799253966532706e+04
-2.148808648625795468e+04
-2.147853823302626188e+04
-2.146539771043914516e+04
-2.146539771043914516e+04
-2.145630846257930898e+04
-2.144734458309410184e+04
-2.143682431056387941e+04
-2.142679693770104859e+04
-2.142679693770104859e+04
-2.141648123910234426e+04
-2.140428677561322911e+04
-2.139691653155797758e+04
-2.138910359634672568e+04
-2.138910359634672568e+04
-2.137759019466376412e+04
-2.136755562506269052e+04
-2.135867292861933311e+04
-2.134884379700514910e+04
-2.134884379700514910e+04
-2.133727319340543181e+04
-2.132630063567036632e+04
-2.131662692994596728e+04
-2.130455452401781804e+04
-2.130455452401781804e+04
-2.129239804728638046e+04
-2.128482659933048490e+04
-2.127709574911808522e+04
-2.126564696964871109e+04
-2.126564696964871109e+04
-2.125707942601763352e+04
-2.124432130372534084e+04
-2.123757085495614228e+04
-2.122809080118465863e+04
-2.122809080118465863e+04
-2.122412944561625773e+04
-2.121171365974537548e+04
-2.119725348180775109e+04
-2.119229604357472272e+04
-2.119229604357472272e+04
-2.118395865462010624e+04
-2.117448093012605750e+04
-2.116336542365645437e+04
-2.115318607220097692e+04
-2.115318607220097692e+04
-2.115072600229551972e+04
-2.114175089829469289e+04
-2.113361352454235748e+04
-2.112488821872912740e+04
-2.112488821872912740e+04
-2.111764875829022276e+04
-2.111136042636155616e+04
-2.109769272178068786e+04
-2.108507693442924210e+04
-2.108507693442924210e+04
-2.107972783414757942e+04
-2.106951135708533548e+04
-2.106729771476451060e+04
-2.105589551316182769e+04
-2.105589551316182769e+04
-2.105214801027079011e+04
-2.104625947621991872e+04
-2.103034836087826989e+04
-2.102913061753609873e+04
-2.102913061753609873e+04
-2.102128997934576546e+04
-2.101290269060494393e+04
-2.101008397643808712e+04
-2.101058782358320241e+04
-2.101058782358320241e+04
-2.101025554038833070e+04
-2.099422838642518036e+04
-2.098029946883575758e+04
-2.097425970120732018e+04
-2.097425970120732018e+04
-2.096929363126711178e+04
-2.096977492146713848e+04
-2.096314649745873248e+04
-2.095358246436090121e+04
-2.095358246436090121e+04
-2.095406426079423545e+04
-2.094432554110195997e+04
-2.094894510285852084e+04
-2.094377352551287913e+04
-2.094377352551287913e+04
-2.094461708708854349e+04
-2.093717189712761319e+04
-2.093597033836453556e+04
-2.092360699030703836e+04
-2.092360699030703836e+04
-2.091590647613964029e+04
-2.091903041360931093e+04
-2.090928333685755206e+04
-2.090863635344397335e+04
-2.090863635344397335e+04
-2.091369025468446489e+04
-2.091024188629337004e+04
-2.090063554520177422e+04
-2.089505565070933153e+04
-2.089505565070933153e+04
-2.089698453295794752e+04
-2.088780837804194744e+04
-2.087947606236415595e+04
-2.086781963066065873e+04
-2.086781963066065873e+04
-2.085537278860131482e+04
-2.085587484099154244e+04
-2.085776745340335401e+04
-2.085917984148889445e+04
-2.085917984148889445e+04
-2.084792917950276387e+04
-2.084332197317838654e+04
-2.083325045667845916e+04
-2.083676292979168647e+04
-2.083676292979168647e+04
-2.083741544899313521e+04
-2.084984603815634546e+04
-2.086173902773843292e+04
-2.087404009977768146e+04
-2.087404009977768146e+04
-2.085674592097007917e+04
-2.086467845353654047e+04
-2.085795335119820811e+04
-2.085693347388751135e+04
-2.085693347388751135e+04
-2.085953105223238163e+04
-2.084135137804091937e+04
-2.084186726413985525e+04
-2.084859539274412600e+04
-2.084859539274412600e+04
-2.083564047625003514e+04
-2.083731112262073293e+04
-2.084157327799996347e+04
-2.084113282185526623e+04
-2.084113282185526623e+04
-2.082333653685983154e+04
-2.080525719101980940e+04
-2.081695936323134447e+04
-2.080305895110008714e+04
-2.080305895110008714e+04
-2.080365965750830219e+04
-2.081369203643910441e+04
-2.079947999213365620e+04
-2.078310791272009374e+04
-2.078310791272009374e+04
-2.076577609134666272e+04
-2.076972455846237790e+04
-2.075931465548368942e+04
-2.076611310319272525e+04
-2.076611310319272525e+04
-2.076224073163323192e+04
-2.076124757041494013e+04
-2.076038871410076899e+04
-2.075942805052187759e+04
-2.075942805052187759e+04
-2.075677009254868608e+04
-2.076679960992842462e+04
-2.077045376583918187e+04
-2.078234768533437818e+04
-2.078234768533437818e+04
-2.078786017281952809e+04
-2.078910279077327868e+04
-2.077642399277203003e+04
-2.079358377492283398e+04
-2.079358377492283398e+04
-2.078638879794263994e+04
-2.077416743558233429e+04
-2.077928673980942767e+04
-2.079732728397456958e+04
-2.079732728397456958e+04
-2.080640411925004446e+04
-2.081976131932331555e+04
-2.082510638212179401e+04
-2.083842212708698935e+04
-2.083842212708698935e+04
-2.082645076011591664e+04
-2.083048603590989660e+04
-2.083811203508183462e+04
-2.082355335176130393e+04
-2.082355335176130393e+04
-2.084704225875074917e+04
-2.085589955257015026e+04
-2.085582489198619805e+04
-2.086057682581946210e+04
-2.086057682581946210e+04
-2.084966910204250235e+04
-2.083137665849743644e+04
-2.085483111239475329e+04
-2.086689682274412553e+04
-2.086689682274412553e+04
-2.083776976349434699e+04
-2.083532090303948280e+04
-2.086068987457956973e+04
-2.085281403110888641e+04
-2.085281403110888641e+04
-2.086144339798373767e+04
-2.085445091808049983e+04
-2.086779546320545705e+04
-2.087698793581228892e+04
-2.087698793581228892e+04
-2.086726333851698291e+04
-2.086249406438253209e+04
-2.083298743806873244e+04
-2.082247392931381546e+04
-2.082247392931381546e+04
-2.081646712418088282e+04
-2.084315307117983320e+04
-2.086783822214296742e+04
-2.084736223768574200e+04
-2.084736223768574200e+04
-2.083527500455896734e+04
-2.084682354207394383e+04
-2.083668370178380428e+04
-2.083760519717972784e+04
-2.083760519717972784e+04
-2.084201964590411080e+04
-2.083837683121718146e+04
-2.083932975940069809e+04
-2.084729848481050794e+04
-2.084729848481050794e+04
-2.084876527439542042e+04
-2.084401978758767655e+04
-2.083536997130388772e+04
-2.081956085020987666e+04
-2.081956085020987666e+04
-2.082941857940230329e+04
-2.081725117653047346e+04
-2.083727279678473860e+04
-2.084494019932212541e+04
-2.084494019932212541e+04
-2.081629319826553910e+04
-2.079426893653448860e+04
-2.080488080217913011e+04
-2.080498703612622558e+04
-2.080498703612622558e+04
-2.077802266877381771e+04
-2.076821979652608206e+04
-2.075120496880710925e+04
-2.074624091696498363e+04
-2.074624091696498363e+04
-2.071755694382393631e+04
-2.073310997780644175e+04
-2.076951811138450648e+04
-2.075753224107140704e+04
-2.075753224107140704e+04
-2.075156365418040878e+04
-2.077189941591048409e+04
-2.079918159416426352e+04
-2.081079852734583619e+04
-2.081079852734583619e+04
-2.078918565320374910e+04
-2.077654082041879883e+04
-2.077188338132725403e+04
-2.079094532540530781e+04
-2.079094532540530781e+04
-2.077467182729718843e+04
-2.076438203812417123e+04
-2.077266557087422552e+04
-2.076329393926159537e+04
-2.076329393926159537e+04
-2.078119526548691283e+04
-2.076810886095863680e+04
-2.074980587120419659e+04
-2.074287848874696283e+04
-2.074287848874696283e+04
-2.075182711641139394e+04
-2.072919812615411865e+04
-2.073239751818068544e+04
-2.071827173045487507e+04
-2.071827173045487507e+04
-2.069409849002713963e+04
-2.068570928454113528e+04
-2.068333382160128895e+04
-2.068650092342838616e+04
-2.068650092342838616e+04
-2.067097518461081927e+04
-2.065460969146475691e+04
-2.066057205705179877e+04
-2.065533932655009994e+04
-2.065533932655009994e+04
-2.064876279118881212e+04
-2.062937068575328885e+04
-2.064667922238045867e+04
-2.064891706162186165e+04
-2.064891706162186165e+04
-2.066420122226470994e+04
-2.067663910415186911e+04
-2.063873386651459441e+04
-2.064333331105492834e+04
-2.064333331105492834e+04
-2.062859251842489903e+04
-2.064795027769445733e+04
-2.065045237622748755e+04
-2.063482048029363068e+04
-2.063482048029363068e+04
-2.064809198013980858e+04
-2.064801791112158025e+04
-2.063493428234230669e+04
-2.065607736746992668e+04
-2.065607736746992668e+04
-2.064562089314999685e+04
-2.062714318873385128e+04
-2.063117936806964644e+04
-2.062462136064554943e+04
-2.062462136064554943e+04
-2.062270104114802962e+04
-2.062423599328034470e+04
-2.062648273564669944e+04
-2.061719917185586746e+04
-2.061719917185586746e+04
-2.061054230434936471e+04
-2.058151880338988485e+04
-2.060049185240217412e+04
-2.060901701794911060e+04
-2.060901701794911060e+04
-2.061145943489599085e+04
-2.060032212538445310e+04
-2.058985496969952146e+04
-2.061880141995925078e+04
-2.061880141995925078e+04
-2.062486721647029844e+04
-2.063075387563900222e+04
-2.065286870245488535e+04
-2.067915300312759791e+04
-2.067915300312759791e+04
-2.070780513194211380e+04
-2.068141996735340581e+04
-2.066028938307749195e+04
-2.066581856455715024e+04
-2.066581856455715024e+04
-2.068205926566303606e+04
-2.070134352142193893e+04
-2.075210157524507667e+04
-2.074251540199605370e+04
-2.074251540199605370e+04
-2.076155994688174542e+04
-2.078004040333831290e+04
-2.079045199896034319e+04
-2.078167825168502895e+04
-2.078167825168502895e+04
-2.078919136931135654e+04
-2.076785973772992293e+04
-2.078658558655870365e+04
-2.076580231666322288e+04
-2.076580231666322288e+04
-2.079965526796517224e+04
-2.082941644681271282e+04
-2.080815016963913877e+04
-2.082206594587135987e+04
-2.082206594587135987e+04
-2.081603452558746358e+04
-2.080887954455602812e+04
-2.081110368531968197e+04
-2.081414479380874764e+04
-2.081414479380874764e+04
-2.081630207945697475e+04
-2.084550052538056843e+04
-2.083927749228669927e+04
-2.083547029672094141e+04
-2.083547029672094141e+04
-2.083467209504666607e+04
-2.082403746223454800e+04
-2.082589406007770231e+04
-2.081655006270658487e+04
-2.081655006270658487e+04
-2.082345218575937906e+04
-2.082973304684803588e+04
-2.081643711680590422e+04
-2.080964030221751455e+04
-2.080964030221751455e+04
-2.081657190797753719e+04
-2.084391379412029346e+04
-2.084544927294874651e+04
-2.084261456117686612e+04
-2.084261456117686612e+04
-2.084209599844038894e+04
-2.083036128862230180e+04
-2.082567506166258318e+04
-2.081592154450737871e+04
-2.081592154450737871e+04
-2.083476515584690424e+04
-2.081896277473858572e+04
-2.081290051484412834e+04
-2.083886398392034243e+04
-2.083886398392034243e+04
-2.085897467307527768e+04
-2.086524196903039046e+04
-2.087229697777270849e+04
-2.085803038170681975e+04
-2.085803038170681975e+04
-2.083783688262072246e+04
-2.081469258834021457e+04
-2.079832763119176889e+04
-2.076463749851783723e+04
-2.076463749851783723e+04
-2.072905150535680150e+04
-2.073235984022179400e+04
-2.075130791352977394e+04
-2.073026579663857774e+04
-2.073026579663857774e+04
-2.071520559524061173e+04
-2.071362896644712964e+04
-2.072655514057875553e+04
-2.074024257497697909e+04
-2.074024257497697909e+04
-2.073539943584872162e+04
-2.070459903729806319e+04
-2.071087876130931181e+04
-2.071549085330893649e+04
-2.071549085330893649e+04
-2.070853347899496657e+04
-2.069898119296818913e+04
-2.069439825206598834e+04
-2.068765653760736677e+04
-2.068765653760736677e+04
-2.070161934335937622e+04
-2.069574613876019430e+04
-2.069779115564045060e+04
-2.070192729193870400e+04
-2.070192729193870400e+04
-2.069768021010006487e+04
-2.068250542920209773e+04
-2.070054580090088348e+04
-2.068800570860906009e+04
-2.068800570860906009e+04
-2.067348854160472183e+04
-2.067687352612468385e+04
-2.068311105814268740e+04
-2.066840691189661811e+04
-2.066840691189661811e+04
-2.069089091861268389e+04
-2.068256810372815380e+04
-2.066229858651638278e+04
-2.064623087635417323e+04
-2.064623087635417323e+04
-2.064095661640064282e+04
-2.063370000086984510e+04
-2.066729204142836170e+04
-2.065137198911799715e+04
-2.065137198911799715e+04
-2.066296522171629840e+04
-2.066235534018444741e+04
-2.068140561995990356e+04
-2.069138490150088910e+04
-2.069138490150088910e+04
-2.068144746243368718e+04
-2.070835279300943148e+04
-2.068126640106390550e+04
-2.067979373095388291e+04
-2.067979373095388291e+04
-2.066556976534146816e+04
-2.066194157920034922e+04
-2.067670041529188529e+04
-2.067749729117849347e+04
-2.067749729117849347e+04
-2.065987931300629134e+04
-2.068846043917178758e+04
-2.067671113463331130e+04
-2.067348183068820799e+04
-2.067348183068820799e+04
-2.065301441286249246e+04
-2.067319139351984995e+04
-2.066243109005066071e+04
-2.067880639074857754e+04
-2.067880639074857754e+04
-2.068206879312284582e+04
-2.066420296241609685e+04
-2.065432406649315089e+04
-2.064906075528369911e+04
-2.064906075528369911e+04
-2.063521367295944219e+04
-2.064836258360137072e+04
-2.063796120776487078e+04
-2.062929546549628503e+04
-2.062929546549628503e+04
-2.061797973299725345e+04
-2.062345718687699991e+04
-2.062976671716168858e+04
-2.062816380765936628e+04
-2.062816380765936628e+04
-2.065099019048953051e+04
-2.066589647198635794e+04
-2.066741958435566994e+04
-2.067798431288214852e+04
-2.067798431288214852e+04
-2.068207238522201078e+04
-2.068994313033055369e+04
-2.070524206126694480e+04
-2.070345790531469174e+04
-2.070345790531469174e+04
-2.070354078926873990e+04
-2.068926493337045395e+04
-2.072492063419458282e+04
-2.073420369890604707e+04
-2.073420369890604707e+04
-2.074000289607341256e+04
-2.075958257038474039e+04
-2.075960267097249016e+04
-2.074711401411514453e+04
-2.074711401411514453e+04
-2.076500533667628770e+04
-2.076678904885867814e+04
-2.077894445613232892e+04
-2.078272077334441929e+04
-2.078272077334441929e+04
-2.078304895352616950e+04
-2.081281004716437747e+04
-2.083715370685995367e+04
-2.082155492319898985e+04
-2.082155492319898985e+04
-2.079414712220860019e+04
-2.080003406586252095e+04
-2.078660294473909016e+04
-2.078375832369656200e+04
-2.078375832369656200e+04
-2.076274396181042539e+04
-2.077843104142465381e+04
-2.076396312739825225e+04
-2.077654756869313132e+04
-2.077654756869313132e+04
-2.077759532213771672e+04
-2.077708723781408480e+04
-2.074544724254634275e+04
-2.071668891419124702e+04
-2.071668891419124702e+04
-2.068887789475563477e+04
-2.067093327274195326e+04
-2.067099898729372944e+04
-2.065575316600850419e+04
-2.065575316600850419e+04
-2.066227084674319849e+04
-2.065269317484773273e+04
-2.065096077661660092e+04
-2.063888883796282971e+04
-2.063888883796282971e+04
-2.065001114208739818e+04
-2.064991586956676474e+04
-2.065052998271565230e+04
-2.064689048399082822e+04
-2.064689048399082822e+04
-2.064041309936338803e+04
-2.065433433176584731e+04
-2.063498641272400710e+04
-2.065662762810827189e+04
-2.065662762810827189e+04
-2.064091832905796036e+04
-2.062450519191120839e+04
-2.059808232892181331e+04
-2.058455917856660744e+04
-2.058455917856660744e+04
-2.056435730067362965e+04
-2.054651498352389899e+04
-2.055773108457276248e+04
-2.056951765365397296e+04
-2.056951765365397296e+04
-2.056962165808337159e+04
-2.057658711365678391e+04
-2.058558697904647124e+04
-2.057857032967468695e+04
-2.057857032967468695e+04
-2.059134487059584717e+04
-2.058693210084617749e+04
-2.058340165387058732e+04
-2.059275831909383851e+04
-2.059275831909383851e+04
-2.055467704168611453e+04
-2.055177819380441724e+04
-2.054781520912602355e+04
-2.055692354933530078e+04
-2.055692354933530078e+04
-2.055141638457157387e+04
-2.055469274834366297e+04
-2.054843476534763249e+04
-2.055905671542010896e+04
-2.055905671542010896e+04
-2.056599465006144237e+04
-2.055353860992415866e+04
-2.055370194619846006e+04
-2.052370336247097657e+04
-2.052370336247097657e+04
-2.052447647546251392e+04
-2.051148672062065816e+04
-2.051333226852330336e+04
-2.051051244122422941e+04
-2.051051244122422941e+04
-2.049135409250181328e+04
-2.052270825472806973e+04
-2.051408257495446742e+04
-2.048934612111337992e+04
-2.048934612111337992e+04
-2.050499144878561492e+04
-2.052112630595733572e+04
-2.051110239428336718e+04
-2.050202005071320673e+04
-2.050202005071320673e+04
-2.047669487527398451e+04
-2.047912464908069524e+04
-2.048456316619252175e+04
-2.046643171923788395e+04
-2.046643171923788395e+04
-2.048873526506160852e+04
-2.048972674320255828e+04
-2.048129296278876427e+04
-2.046712607468599526e+04
-2.046712607468599526e+04
-2.047411254877122701e+04
-2.047989991392391676e+04
-2.046668789433665370e+04
-2.047809244940375356e+04
-2.047809244940375356e+04
-2.047629796532997716e+04
-2.045089411274435042e+04
-2.046091373295263111e+04
-2.046502098447863318e+04
-2.046502098447863318e+04
-2.047157176161682582e+04
-2.047522936528480568e+04
-2.045683621593049611e+04
-2.047683757865364532e+04
-2.047683757865364532e+04
-2.046966062578195488e+04
-2.047138661080498059e+04
-2.049020578439291421e+04
-2.048620978351293525e+04
-2.048620978351293525e+04
-2.049663338871481028e+04
-2.048920403216499471e+04
-2.052069020023999838e+04
-2.051299982314017325e+04
-2.051299982314017325e+04
-2.052176438720032456e+04
-2.052007253486616901e+04
-2.052786195508103629e+04
-2.052849627984756808e+04
-2.052849627984756808e+04
-2.052244124682557958e+04
-2.052432017579090461e+04
-2.053406564906463609e+04
-2.051697668895518291e+04
-2.051697668895518291e+04
-2.052669590402797621e+04
-2.053171188231742053e+04
-2.051430363501155443e+04
-2.048966272417098298e+04
-2.048966272417098298e+04
-2.049100784823151480e+04
-2.049364468033564481e+04
-2.047166657790408863e+04
-2.048497564831495038e+04
-2.048497564831495038e+04
-2.049380888877630059e+04
-2.047577998318383834e+04
-2.048893009840283048e+04
-2.047692605579670999e+04
-2.047692605579670999e+04
-2.049569164316913884e+04
-2.051515670423650226e+04
-2.052371621801021320e+04
-2.052110540210536055e+04
-2.052110540210536055e+04
-2.049276689200622786e+04
-2.049472836570089567e+04
-2.049765160310644933e+04
-2.048900789817674377e+04
-2.048900789817674377e+04
-2.048628455659846804e+04
-2.047379618904743984e+04
-2.047319126031912310e+04
-2.047312898094575576e+04
-2.047312898094575576e+04
-2.046600306171516786e+04
-2.049143994570792711e+04
-2.050153613259353369e+04
-2.052241075941324016e+04
-2.052241075941324016e+04
-2.050195325699291789e+04
-2.048678161391089816e+04
-2.049690009121134790e+04
-2.049297769373245683e+04
-2.049297769373245683e+04
-2.048722311877777975e+04
-2.050727258247237114e+04
-2.049998207396468206e+04
-2.049838022854287919e+04
-2.049838022854287919e+04
-2.048875597345850110e+04
-2.050029109559283825e+04
-2.050060716196109934e+04
-2.051034659868145536e+04
-2.051034659868145536e+04
-2.050949937995796427e+04
-2.050420001206630695e+04
-2.051467241237172129e+04
-2.049807858290803415e+04
-2.049807858290803415e+04
-2.050598402844875818e+04
-2.050579154900929643e+04
-2.048112905667785162e+04
-2.046555529438783196e+04
-2.046555529438783196e+04
-2.044165478956400329e+04
-2.042266195912678450e+04
-2.040816311811176638e+04
-2.040678720845038333e+04
-2.040678720845038333e+04
-2.041470619478011213e+04
-2.040709422625828302e+04
-2.040930681950315557e+04
-2.039729637554479632e+04
-2.039729637554479632e+04
-2.037535607337303009e+04
-2.037002370693516059e+04
-2.036150177936956970e+04
-2.033603710451171355e+04
-2.033603710451171355e+04
-2.031374826068232505e+04
-2.031622076057656523e+04
-2.032364837488059129e+04
-2.032957015557222621e+04
-2.032957015557222621e+04
-2.032645859580416072e+04
-2.031941935007229040e+04
-2.031248039394016814e+04
-2.030400409317983576e+04
-2.030400409317983576e+04
-2.030770567518328608e+04
-2.031635799758812936e+04
-2.031663443228103642e+04
-2.031537446672326769e+04
-2.031537446672326769e+04
-2.031236202777205835e+04
-2.030511668308437947e+04
-2.026614730175351724e+04
-2.026383858815696658e+04
-2.026383858815696658e+04
-2.028247408990437179e+04
-2.028021640076257245e+04
-2.029782383240461058e+04
-2.030239203672310032e+04
-2.030239203672310032e+04
-2.028466004628401424e+04
-2.026163076040861051e+04
-2.025269107192394949e+04
-2.024991599867707555e+04
-2.024991599867707555e+04
-2.022840274847793989e+04
-2.024260023247512436e+04
-2.024230600756270360e+04
-2.025242011589006142e+04
-2.025242011589006142e+04
-2.025076003039355419e+04
-2.025471514794282848e+04
-2.026522668052823792e+04
-2.023900161977474272e+04
-2.023900161977474272e+04
-2.024122016008088758e+04
-2.025022116004412965e+04
-2.026277876188007212e+04
-2.025185642747877137e+04
-2.025185642747877137e+04
-2.023220026381868229e+04
-2.023376488647147562e+04
-2.023591464538749278e+04
-2.022645859175731675e+04
-2.022645859175731675e+04
-2.024110552894607463e+04
-2.023083685996648273e+04
-2.021719133480433084e+04
-2.022071245549126252e+04
-2.022071245549126252e+04
-2.022306621247774819e+04
-2.022335716929656337e+04
-2.019523778647350991e+04
-2.017920830197577743e+04
-2.017920830197577743e+04
-2.016049363658613220e+04
-2.014946646875188526e+04
-2.015673438426499342e+04
-2.014533056823291918e+04
-2.014533056823291918e+04
-2.014471301254086939e+04
-2.014044047621453137e+04
-2.014375611397339526e+04
-2.014962534917203448e+04
-2.014962534917203448e+04
-2.014674955226479142e+04
-2.015438461084909795e+04
-2.016947726537530980e+04
-2.017468716841962669e+04
-2.017468716841962669e+04
-2.017554304666005555e+04
-2.018965985068646114e+04
-2.018315724994560514e+04
-2.019465487989748362e+04
-2.019465487989748362e+04
-2.019836897081202915e+04
-2.021438469844126303e+04
-2.022190035441576038e+04
-2.021192708996783040e+04
-2.021192708996783040e+04
-2.020089535791841263e+04
-2.021691684234303830e+04
-2.021111391575159723e+04
-2.021248675517141601e+04
-2.021248675517141601e+04
-2.021278282855586440e+04
-2.020727885088781113e+04
-2.020096287497386584e+04
-2.018231873039448328e+04
-2.018231873039448328e+04
-2.020972021871089237e+04
-2.021665333639068194e+04
-2.022537747766316170e+04
-2.021714162727939402e+04
-2.021714162727939402e+04
-2.021434642567853371e+04
-2.020993333229629570e+04
-2.022201846129510159e+04
-2.021033524532262163e+04
-2.021033524532262163e+04
-2.020710521916971265e+04
-2.018509961273155932e+04
-2.019466605330083257e+04
-2.018677106352091141e+04
-2.018677106352091141e+04
-2.019996135122140913e+04
-2.021373182039074527e+04
-2.019797288922320877e+04
-2.020142543019796358e+04
-2.020142543019796358e+04
-2.020483103750087685e+04
-2.020946130704179814e+04
-2.019702924727341451e+04
-2.019024289987008160e+04
-2.019024289987008160e+04
-2.019242250913937460e+04
-2.018277420674849418e+04
-2.019205858903020999e+04
-2.018796071425931950e+04
-2.018796071425931950e+04
-2.018859753354622444e+04
-2.017298633173698545e+04
-2.018054746431625244e+04
-2.016251325656540939e+04
-2.016251325656540939e+04
-2.014870316303095387e+04
-2.013349569841527409e+04
-2.013002463275741320e+04
-2.013163854715777779e+04
-2.013163854715777779e+04
-2.012782975466666176e+04
-2.013762453331077268e+04
-2.014440957940454973e+04
-2.013877268393464328e+04
-2.013877268393464328e+04
-2.014651448805320615e+04
-2.015311775547104480e+04
-2.015214129583946487e+04
-2.014028823049086714e+04
-2.014028823049086714e+04
-2.012989422335647396e+04
-2.014622392826328723e+04
-2.015249364875803440e+04
-2.014878467463951165e+04
-2.014878467463951165e+04
-2.014602131869500590e+04
-2.013380565617660977e+04
-2.014525051543244626e+04
-2.014384353696004473e+04
-2.014384353696004473e+04
-2.014411336092153579e+04
-2.013970372884321841e+04
-2.013100604643542101e+04
-2.013427866052620084e+04
-2.013427866052620084e+04
-2.014351649903755242e+04
-2.014749643785260196e+04
-2.015792981564662477e+04
-2.013484905437930865e+04
-2.013484905437930865e+04
-2.013730418697165442e+04
-2.012980408301718126e+04
-2.013077234882121047e+04
-2.013296593169461630e+04
-2.013296593169461630e+04
-2.014427427771278235e+04
-2.014543960021641033e+04
-2.013859773674531607e+04
-2.011844632968492442e+04
-2.011844632968492442e+04
-2.012084621747388883e+04
-2.011910345257012887e+04
-2.012185267666940126e+04
-2.011672644117861637e+04
-2.011672644117861637e+04
-2.011825270331433057e+04
-2.013621824960928279e+04
-2.013412256578112647e+04
-2.013364580479096912e+04
-2.013364580479096912e+04
-2.011956784667060128e+04
-2.012210582208513006e+04
-2.012199125054155593e+04
-2.013332150822612311e+04
-2.013332150822612311e+04
-2.014360286583495690e+04
-2.013167488830416551e+04
-2.013772467534164025e+04
-2.014111543594049726e+04
-2.014111543594049726e+04
-2.013580655019765254e+04
-2.014065724668930852e+04
-2.013923395823306782e+04
-2.014614186429963956e+04
-2.014614186429963956e+04
-2.013064498529698176e+04
-2.011470722337062762e+04
-2.011294207289145561e+04
-2.010488743626313226e+04
-2.010488743626313226e+04
-2.008705460451015097e+04
-2.009007855955290506e+04
-2.011224488570928952e+04
-2.012984670000782717e+04
-2.012984670000782717e+04
-2.012940115515374782e+04
-2.012577053053074633e+04
-2.012951870639634217e+04
-2.013255655391630717e+04
-2.013255655391630717e+04
-2.013429781589714912e+04
-2.010244140058003904e+04
-2.010664730317989961e+04
-2.010536873837999519e+04
-2.010536873837999519e+04
-2.009146571978991051e+04
-2.008760358575407372e+04
-2.006545607148497584e+04
-2.004333073324897123e+04
-2.004333073324897123e+04
-2.004309778695053319e+04
-2.004707636734309926e+04
-2.003132620151519950e+04
-2.002220097655701102e+04
-2.002220097655701102e+04
-2.001795908471224539e+04
-2.003581211181470280e+04
-2.003890725855154960e+04
-2.005675520098299239e+04
-2.005675520098299239e+04
-2.006504476138544123e+04
-2.008196155832405566e+04
-2.008454361129543759e+04
-2.006697135024263480e+04
-2.006697135024263480e+04
-2.006353883976949874e+04
-2.006080463040820177e+04
-2.004469700161452784e+04
-2.004275700680224327e+04
-2.004275700680224327e+04
-2.003828717840563331e+04
-2.003659846920487325e+04
-2.003774356902968066e+04
-2.001982382408425838e+04
-2.001982382408425838e+04
-2.000843054527537242e+04
-2.000461168762643865e+04
-2.001621197069399932e+04
-2.001031259878224955e+04
-2.001031259878224955e+04
-2.001216810414718202e+04
-2.001711800130114352e+04
-2.002537657552773089e+04
-2.002008901208283351e+04
-2.002008901208283351e+04
-2.002285189796446502e+04
-2.000395375336387588e+04
-1.998772348818914907e+04
-1.998140287415157218e+04
-1.998140287415157218e+04
-1.999081801668565822e+04
-1.998718853126361864e+04
-1.999364228234563416e+04
-1.998780032066948843e+04
-1.998780032066948843e+04
-1.997719774213961864e+04
-1.998493095157695643e+04
-1.997352058114570536e+04
-1.995647408825291859e+04
-1.995647408825291859e+04
-1.994090042963379528e+04
-1.992605805436343144e+04
-1.992611985855887178e+04
-1.993273997531863279e+04
-1.993273997531863279e+04
-1.993112754617551400e+04
-1.993823800124237823e+04
-1.993737793863410479e+04
-1.993721905820573011e+04
-1.993721905820573011e+04
-1.993684850581644787e+04
-1.993420533658072964e+04
-1.993174083580957813e+04
-1.992884458353508307e+04
-1.992884458353508307e+04
-1.993250287377127825e+04
-1.993384047492551326e+04
-1.991660252267416945e+04
-1.993106860861677706e+04
-1.993106860861677706e+04
-1.991181873601090047e+04
-1.991922616840642149e+04
-1.992032267683170721e+04
-1.990857370522239944e+04
-1.990857370522239944e+04
-1.989239667690060014e+04
-1.989788168151878199e+04
-1.988944340503973945e+04
-1.989315289438308537e+04
-1.989315289438308537e+04
-1.987502417738555232e+04
-1.987599026319296900e+04
-1.987357139160719089e+04
-1.986859275860762500e+04
-1.986859275860762500e+04
-1.984959739371445903e+04
-1.984142069934056053e+04
-1.984791672325101899e+04
-1.985375252203657146e+04
-1.985375252203657146e+04
-1.985159666986370212e+04
-1.986207348944917248e+04
-1.985637224940157466e+04
-1.987489426141819422e+04
-1.987489426141819422e+04
-1.987856404011412087e+04
-1.987715349669307761e+04
-1.987516015190746839e+04
-1.987215747991577882e+04
-1.987215747991577882e+04
-1.986466617910746936e+04
-1.985461612406921631e+04
-1.986089126951063736e+04
-1.986659374720186315e+04
-1.986659374720186315e+04
-1.985713753813786025e+04
-1.985560926899997139e+04
-1.985374112540850911e+04
-1.986126648412327631e+04
-1.986126648412327631e+04
-1.984161365487067451e+04
-1.983165472700627652e+04
-1.981404180511054801e+04
-1.981511761398467206e+04
-1.981511761398467206e+04
-1.980982919911412318e+04
-1.982844536473407788e+04
-1.983283505538538157e+04
-1.981609628153121957e+04
-1.981609628153121957e+04
-1.981999498311421848e+04
-1.981009000613153694e+04
-1.982903270120324305e+04
-1.983637920132356521e+04
-1.983637920132356521e+04
-1.983762107990747245e+04
-1.983418058766019749e+04
-1.982156451456420109e+04
-1.983789869480886045e+04
-1.983789869480886045e+04
-1.983181605682725058e+04
-1.982496469070392777e+04
-1.982295146295638187e+04
-1.981318772301400531e+04
-1.981318772301400531e+04
-1.981273560014463510e+04
-1.981964592769596493e+04
-1.980958520364535070e+04
-1.980809860787325306e+04
-1.980809860787325306e+04
-1.980162531957036481e+04
-1.982065972687741669e+04
-1.981812452951470914e+04
-1.981878842849164357e+04
-1.981878842849164357e+04
-1.982237680905966045e+04
-1.983162774501818421e+04
-1.984926492103792407e+04
-1.985452574635185738e+04
-1.985452574635185738e+04
-1.985853093783336226e+04
-1.985578448867708357e+04
-1.984498429050421691e+04
-1.984763286007224087e+04
-1.984763286007224087e+04
-1.984867018896089940e+04
-1.985452568677596355e+04
-1.985592785338056274e+04
-1.985630370213657807e+04
-1.985630370213657807e+04
-1.985398525339207845e+04
-1.985038421477717202e+04
-1.985561533850220076e+04
-1.984772824910654890e+04
-1.984772824910654890e+04
-1.985217146139033139e+04
-1.985553607885426027e+04
-1.983622520838119453e+04
-1.983641772602111450e+04
-1.983641772602111450e+04
-1.984436644191118830e+04
-1.984794938710441420e+04
-1.984394422628769826e+04
-1.983643085227013944e+04
-1.983643085227013944e+04
-1.984019191990260515e+04
-1.984398469732725789e+04
-1.981674114632899364e+04
-1.981259897264782558e+04
-1.981259897264782558e+04
-1.981323545315029332e+04
-1.980466798753409967e+04
-1.979233528186842886e+04
-1.978922588503891529e+04
-1.978922588503891529e+04
-1.978652441932927468e+04
-1.978327489798898023e+04
-1.977991401395428693e+04
-1.978614078753556896e+04
-1.978614078753556896e+04
-1.980727850680269694e+04
-1.981100643432946890e+04
-1.980789081715876455e+04
-1.980829810488240400e+04
-1.980829810488240400e+04
-1.981720387429121183e+04
-1.981926524015291943e+04
-1.981563414341259340e+04
-1.981203288114305178e+04
-1.981203288114305178e+04
-1.980879948578949916e+04
-1.982380667011908372e+04
-1.981759625862661051e+04
-1.981749389963073190e+04
-1.981749389963073190e+04
-1.981417830035376028e+04
-1.981956492791126220e+04
-1.982179016970867815e+04
-1.981990025136964687e+04
-1.981990025136964687e+04
-1.982042468312308483e+04
-1.981424542161993668e+04
-1.982173953600792447e+04
-1.980620970499770556e+04
-1.980620970499770556e+04
-1.980713731226614618e+04
-1.979623132854630967e+04
-1.978623108207788391e+04
-1.979858752855251805e+04
-1.979858752855251805e+04
-1.979256738240916457e+04
-1.978659078494786445e+04
-1.977107481698536503e+04
-1.976708241341874236e+04
-1.976708241341874236e+04
-1.976186329826434303e+04
-1.974907651786857241e+04
-1.974602634694248991e+04
-1.974063213372282553e+04
-1.974063213372282553e+04
-1.973727007794417659e+04
-1.971637888826244307e+04
-1.971128496381341392e+04
-1.971446471452576588e+04
-1.971446471452576588e+04
-1.971090301795684354e+04
-1.970103714540905639e+04
-1.970015029519759992e+04
-1.969621896512290186e+04
-1.969621896512290186e+04
-1.969200392153386929e+04
-1.966824574797129389e+04
-1.967524247305879908e+04
-1.966169046142107982e+04
-1.966169046142107982e+04
-1.965765808593861948e+04
-1.964604807156016614e+04
-1.964364468707876586e+04
-1.963395352466374970e+04
-1.963395352466374970e+04
-1.963122849883124945e+04
-1.962502126601816781e+04
-1.961067526817183170e+04
-1.960429313126816851e+04
-1.960429313126816851e+04
-1.960736307961228886e+04
-1.960301718281424110e+04
-1.961716334920798181e+04
-1.962033720344510948e+04
-1.962033720344510948e+04
-1.962435936148117253e+04
-1.961370197091113732e+04
-1.961655932428913729e+04
-1.961390629553260806e+04
-1.961390629553260806e+04
-1.961659041267953580e+04
-1.962067099471470283e+04
-1.963991407651835107e+04
-1.964174619871397954e+04
-1.964174619871397954e+04
-1.964547704056420116e+04
-1.964972920678058290e+04
-1.966064003847152344e+04
-1.965837837676306663e+04
-1.965837837676306663e+04
-1.965887135975376805e+04
-1.964445449422157617e+04
-1.963735240296712436e+04
-1.963252438962412270e+04
-1.963252438962412270e+04
-1.962223086313288877e+04
-1.963555491796176648e+04
-1.963630242257023929e+04
-1.962342736229362708e+04
-1.962342736229362708e+04
-1.962339601748141649e+04
-1.961969441433908651e+04
-1.962460504063516055e+04
-1.960605441315456119e+04
-1.960605441315456119e+04
-1.960660192772112350e+04
-1.960059299510496930e+04
-1.960127620497199678e+04
-1.960397313790389671e+04
-1.960397313790389671e+04
-1.961301888589809460e+04
-1.960518486671475694e+04
-1.961837955961791886e+04
-1.960533318500030873e+04
-1.960533318500030873e+04
-1.961110182059739236e+04
-1.961061775378800303e+04
-1.959199802313534747e+04
-1.958475455604894523e+04
-1.958475455604894523e+04
-1.959579442326848584e+04
-1.960454291560492493e+04
-1.960991195920361133e+04
-1.961190150784366051e+04
-1.961190150784366051e+04
-1.961224974954093705e+04
-1.960864697609794530e+04
-1.960183406706502865e+04
-1.961126829082789118e+04
-1.961126829082789118e+04
-1.960030983591231052e+04
-1.958809592380126924e+04
-1.957210549392887333e+04
-1.957662327088255188e+04
-1.957662327088255188e+04
-1.956106687467450683e+04
-1.958463109846217412e+04
-1.958889443951148860e+04
-1.958052847004729847e+04
-1.958052847004729847e+04
-1.957159229511188823e+04
-1.956311060891990928e+04
-1.956208210363643593e+04
-1.954955282801874637e+04
-1.954955282801874637e+04
-1.953317109009856358e+04
-1.953013131590880948e+04
-1.953160411481439223e+04
-1.954125825770297160e+04
-1.954125825770297160e+04
-1.953773740998431094e+04
-1.953128433650170336e+04
-1.953851084870344857e+04
-1.954708309286537769e+04
-1.954708309286537769e+04
-1.953969889183101986e+04
-1.954955786957493547e+04
-1.953806876836905576e+04
-1.953401355718031482e+04
-1.953401355718031482e+04
-1.953681653112271670e+04
-1.952209291805597604e+04
-1.951234854050185822e+04
-1.952045431592697059e+04
-1.952045431592697059e+04
-1.950667889743557680e+04
-1.950230701967061759e+04
-1.948917502035686266e+04
-1.948350308991458587e+04
-1.948350308991458587e+04
-1.947370036428112508e+04
-1.946895631278955261e+04
-1.947724789969543781e+04
-1.949016789700801019e+04
-1.949016789700801019e+04
-1.946649644623661152e+04
-1.946283520910118023e+04
-1.947496702068969898e+04
-1.946652467409381643e+04
-1.946652467409381643e+04
-1.946013843227354300e+04
-1.947359333901845093e+04
-1.946285067283932949e+04
-1.944641974152031253e+04
-1.944641974152031253e+04
-1.942865321507186673e+04
-1.943280486860786186e+04
-1.940887410033354172e+04
-1.942402616284338364e+04
-1.942402616284338364e+04
-1.942065755909389190e+04
-1.940447662403130744e+04
-1.940537063103161199e+04
-1.938622858512681705e+04
-1.938622858512681705e+04
-1.938923984890930660e+04
-1.938877174465357530e+04
-1.940166673719363098e+04
-1.939980436736354750e+04
-1.939980436736354750e+04
-1.940222776067469749e+04
-1.939504528352085617e+04
-1.939373278365652004e+04
-1.938767237911580378e+04
-1.938767237911580378e+04
-1.939494964475379675e+04
-1.938642876251918642e+04
-1.938022972099065009e+04
-1.938740839885175956e+04
-1.938740839885175956e+04
-1.938915398775094582e+04
-1.937554569572707624e+04
-1.936609948845763938e+04
-1.936766849237218776e+04
-1.936766849237218776e+04
-1.936327592252651448e+04
-1.935403572072237148e+04
-1.934198444472306073e+04
-1.934937740355162896e+04
-1.934937740355162896e+04
-1.933694825550253518e+04
-1.932336160838809155e+04
-1.931837547977070790e+04
-1.932723027789974003e+04
-1.932723027789974003e+04
-1.931793921426749148e+04
-1.931355135357117979e+04
-1.932334359546074484e+04
-1.933308988005364881e+04
-1.933308988005364881e+04
-1.933340811092187141e+04
-1.932413404355435705e+04
-1.932697877423608588e+04
-1.932304026365520986e+04
-1.932304026365520986e+04
-1.931354438482812839e+04
-1.931559835056411612e+04
-1.931999933882582263e+04
-1.931459823199877428e+04
-1.931459823199877428e+04
-1.930493825852489681e+04
-1.931149041658943679e+04
-1.931765142270915749e+04
-1.931712940738983161e+04
-1.931712940738983161e+04
-1.930507212942625847e+04
-1.928911227528793097e+04
-1.928042067546011822e+04
-1.927663475536752230e+04
-1.927663475536752230e+04
-1.927114764740171449e+04
-1.926923278378152099e+04
-1.927009754997309210e+04
-1.926782094986009542e+04
-1.926782094986009542e+04
-1.926874892448421087e+04
-1.925176663768526851e+04
-1.923982212985924707e+04
-1.923359645419732988e+04
-1.923359645419732988e+04
-1.923850945505009804e+04
-1.925257572918778169e+04
-1.924804654924138231e+04
-1.925826015511019432e+04
-1.925826015511019432e+04
-1.924882708549605013e+04
-1.923778889170836919e+04
-1.924820372917930217e+04
-1.924539450447249328e+04
-1.924539450447249328e+04
-1.924247235928029841e+04
-1.923801352664969090e+04
-1.923628172966807324e+04
-1.923421453500252755e+04
-1.923421453500252755e+04
-1.922807187421589697e+04
-1.922035913843483650e+04
-1.921634692736495708e+04
-1.922064970148056091e+04
-1.922064970148056091e+04
-1.922612607546199797e+04
-1.921350201513696084e+04
-1.921143677352668601e+04
-1.922274546819560055e+04
-1.922274546819560055e+04
-1.922222759006459819e+04
-1.920673330261074807e+04
-1.921321105062273637e+04
-1.920325337255600971e+04
-1.920325337255600971e+04
-1.919859315593217252e+04
-1.919804537967870056e+04
-1.919107297214681239e+04
-1.919289303091015972e+04
-1.919289303091015972e+04
-1.917090820763158263e+04
-1.917928843684233652e+04
-1.916504696918018089e+04
-1.915050766197078701e+04
-1.915050766197078701e+04
-1.914032707455019045e+04
-1.912253314727255929e+04
-1.911077986145147952e+04
-1.911844360012228935e+04
-1.911844360012228935e+04
-1.911701808957191315e+04
-1.912173308198037194e+04
-1.912068320432543987e+04
-1.910026118148716341e+04
-1.910026118148716341e+04
-1.910816838729483425e+04
-1.909958904931489451e+04
-1.908808149639994372e+04
-1.910221018023830038e+04
-1.910221018023830038e+04
-1.911408527908203541e+04
-1.911787382933748813e+04
-1.912271928634424330e+04
-1.913086423922318500e+04
-1.913086423922318500e+04
-1.912654681042051016e+04
-1.911854667361117026e+04
-1.911949304547407155e+04
-1.913293753665772238e+04
-1.913293753665772238e+04
-1.912131124347803780e+04
-1.911740547248676739e+04
-1.911937854168523700e+04
-1.910763579162775568e+04
-1.910763579162775568e+04
-1.910723355886926220e+04
-1.909170718474792739e+04
-1.908621300978484578e+04
-1.907767921791411936e+04
-1.907767921791411936e+04
-1.907400281429540337e+04
-1.905965115836145196e+04
-1.905964149752923186e+04
-1.905374442398081737e+04
-1.905374442398081737e+04
-1.905790222839124544e+04
-1.905552463718235958e+04
-1.905602079307477834e+04
-1.906377839198282891e+04
-1.906377839198282891e+04
-1.905505098004031606e+04
-1.904297128393913954e+04
-1.904047861500256477e+04
-1.904688097437534452e+04
-1.904688097437534452e+04
-1.905248137737962679e+04
-1.904812052698097250e+04
-1.904581535737432932e+04
-1.904456332061917055e+04
-1.904456332061917055e+04
-1.905982511939122560e+04
-1.906985563770794033e+04
-1.907255926516469845e+04
-1.905605707881904527e+04
-1.905605707881904527e+04
-1.905610229003556378e+04
-1.906710777099179904e+04
-1.905516445804236355e+04
-1.905255762088810297e+04
-1.905255762088810297e+04
-1.906189181539164565e+04
-1.905592557811867664e+04
-1.905324424989638646e+04
-1.903904290773197499e+04
-1.903904290773197499e+04
-1.902213183338773524e+04
-1.902664068633253919e+04
-1.902728890615630007e+04
-1.904255504177320108e+04
-1.904255504177320108e+04
-1.904508610236311142e+04
-1.903654607854529968e+04
-1.904654844405091353e+04
-1.904249316556645135e+04
-1.904249316556645135e+04
-1.904760524405477918e+04
-1.904353429143587346e+04
-1.904713547135648332e+04
-1.904551366204776059e+04
-1.904551366204776059e+04
-1.903497612288974051e+04
-1.903004289246330882e+04
-1.903032419190540168e+04
-1.901988952147401505e+04
-1.901988952147401505e+04
-1.901789209950020086e+04
-1.902004940686176633e+04
-1.902811344582029051e+04
-1.902964130158531771e+04
-1.902964130158531771e+04
-1.902322135640725901e+04
-1.902974239622099776e+04
-1.903911885072609584e+04
-1.902872238992348866e+04
-1.902872238992348866e+04
-1.902081698589312145e+04
-1.904515761913512324e+04
-1.903773085734964479e+04
-1.904161224862625750e+04
-1.904161224862625750e+04
-1.904616905532763121e+04
-1.904208181443760986e+04
-1.904187318225556010e+04
-1.904063982451962875e+04
-1.904063982451962875e+04
-1.904168997015735658e+04
-1.904395455851794031e+04
-1.903996802796812699e+04
-1.903841440303497802e+04
-1.903841440303497802e+04
-1.904105826681154940e+04
-1.903062977389862499e+04
-1.903339978405224610e+04
-1.902687500358249235e+04
-1.902687500358249235e+04
-1.903918084435323544e+04
-1.903386746349538589e+04
-1.902942829246809561e+04
-1.903187829110242455e+04
-1.903187829110242455e+04
-1.903349646820348789e+04
-1.903692671545133271e+04
-1.903303098557045814e+04
-1.901870153941441095e+04
-1.901870153941441095e+04
-1.901124701246917539e+04
-1.900504343068198068e+04
-1.900051197948741901e+04
-1.898603463857070165e+04
-1.898603463857070165e+04
-1.899439740863074985e+04
-1.899545860460287804e+04
-1.900182358976703472e+04
-1.901590551837979001e+04
-1.901590551837979001e+04
-1.901366663367441652e+04
-1.901179951146573876e+04
-1.901550812873007453e+04
-1.901316964709895183e+04
-1.901316964709895183e+04
-1.901476760156008095e+04
-1.902797117880517544e+04
-1.901685115923225385e+04
-1.900016166447677824e+04
-1.900016166447677824e+04
-1.898585825077530899e+04
-1.898120427405088776e+04
-1.897006796846754514e+04
-1.896676803523032504e+04
-1.896676803523032504e+04
-1.895402263992509688e+04
-1.896737259939849901e+04
-1.898702820321065519e+04
-1.898334105621222989e+04
-1.898334105621222989e+04
-1.896816869415105248e+04
-1.898360919073810510e+04
-1.898294765486627512e+04
-1.897479328134946263e+04
-1.897479328134946263e+04
-1.896168400192430272e+04
-1.894065896123176935e+04
-1.893211858006558759e+04
-1.893481583853269331e+04
-1.893481583853269331e+04
-1.892981203211518368e+04
-1.893309606334240380e+04
-1.892850425812963658e+04
-1.892932069367824442e+04
-1.892932069367824442e+04
-1.892629885561079573e+04
-1.891221051331537819e+04
-1.891799310322190286e+04
-1.890165303107109867e+04
-1.890165303107109867e+04
-1.888122520064598575e+04
-1.887472011641291465e+04
-1.886311546475235809e+04
-1.884700282906826396e+04
-1.884700282906826396e+04
-1.884620998674229486e+04
-1.885896779952993529e+04
-1.886699452320783530e+04
-1.887017051989748870e+04
-1.887017051989748870e+04
-1.886344948658206340e+04
-1.885405459845978112e+04
-1.884182910479638304e+04
-1.883057625503229792e+04
-1.883057625503229792e+04
-1.882729600887170091e+04
-1.883536725580049460e+04
-1.881867926444984550e+04
-1.881480563578202782e+04
-1.881480563578202782e+04
-1.880822948464276124e+04
-1.881428373525401912e+04
-1.881123580527861486e+04
-1.879560427739790248e+04
-1.879560427739790248e+04
-1.878501365415939290e+04
-1.876884241928986012e+04
-1.876167317006348458e+04
-1.875569264115224723e+04
-1.875569264115224723e+04
-1.874808199416030766e+04
-1.875564965994534941e+04
-1.875079469427864751e+04
-1.874550628238944773e+04
-1.874550628238944773e+04
-1.874793456898426666e+04
-1.875033485460723023e+04
-1.874762418357510614e+04
-1.874509634112358253e+04
-1.874509634112358253e+04
-1.875217493752948212e+04
-1.874915520527235640e+04
-1.873397370612825762e+04
-1.873992054117068983e+04
-1.873992054117068983e+04
-1.873303642132315872e+04
-1.873503259546876143e+04
-1.872468265666123989e+04
-1.871279036758909933e+04
-1.871279036758909933e+04
-1.871273642867654053e+04
-1.872524821319774856e+04
-1.871381828760960707e+04
-1.871893196660665853e+04
-1.871893196660665853e+04
-1.871308600758597095e+04
-1.871143753972559716e+04
-1.870704260177891410e+04
-1.870015386890099035e+04
-1.870015386890099035e+04
-1.871345789793048971e+04
-1.871064583057776690e+04
-1.872256267746584490e+04
-1.872453161552604433e+04
-1.872453161552604433e+04
-1.872806024370394516e+04
-1.871782841038639526e+04
-1.871519081780094348e+04
-1.871462895445735558e+04
-1.871462895445735558e+04
-1.871587504291231380e+04
-1.870573956521269429e+04
-1.871143735905920767e+04
-1.870050057798123089e+04
-1.870050057798123089e+04
-1.868963898412701747e+04
-1.868745526333366070e+04
-1.867367552054093176e+04
-1.866540112981501443e+04
-1.866540112981501443e+04
-1.865692294938829582e+04
-1.864636566423792101e+04
-1.862969120418501916e+04
-1.862642427831722307e+04
-1.862642427831722307e+04
-1.862849074712854417e+04
-1.863304616375640398e+04
-1.862132004615722690e+04
-1.862140062168553413e+04
-1.862140062168553413e+04
-1.862800554917489717e+04
-1.863008602654510469e+04
-1.863804294312210186e+04
-1.862916065331883146e+04
-1.862916065331883146e+04
-1.863834199868643918e+04
-1.864094126085891548e+04
-1.863842012166266431e+04
-1.865215480942178692e+04
-1.865215480942178692e+04
-1.864944017580693253e+04
-1.864584524719756155e+04
-1.864837965974676627e+04
-1.865676978133143348e+04
-1.865676978133143348e+04
-1.865480942828734624e+04
-1.865629067632964143e+04
-1.864643777680343919e+04
-1.863828871693828114e+04
-1.863828871693828114e+04
-1.862500704573552503e+04
-1.862652962675136951e+04
-1.863708386235534272e+04
-1.863289767543918424e+04
-1.863289767543918424e+04
-1.862963980563168298e+04
-1.863995751787191693e+04
-1.862582314024349398e+04
-1.864697256864751762e+04
-1.864697256864751762e+04
-1.864541013487420787e+04
-1.864964389308127647e+04
-1.865628350449679419e+04
-1.864486022069405226e+04
-1.864486022069405226e+04
-1.863978601459379934e+04
-1.864210017918548692e+04
-1.864473054619708637e+04
-1.863790833767928780e+04
-1.863790833767928780e+04
-1.863474969074026376e+04
-1.864200102480922578e+04
-1.864310040346549067e+04
-1.863148545705758806e+04
-1.863148545705758806e+04
-1.862915501741768094e+04
-1.861773537688006763e+04
-1.862035819196893135e+04
-1.860855540935001045e+04
-1.860855540935001045e+04
-1.860102715238340897e+04
-1.859060961626670905e+04
-1.857737345966481371e+04
-1.858273066244055008e+04
-1.858273066244055008e+04
-1.858234772924027129e+04
-1.858143230300800860e+04
-1.859330008031039324e+04
-1.857962485932754134e+04
-1.857962485932754134e+04
-1.859508531485971616e+04
-1.859212033615162363e+04
-1.859136335763561510e+04
-1.858485912411892059e+04
-1.858485912411892059e+04
-1.857347904551189640e+04
-1.856530402621040412e+04
-1.857226886288794412e+04
-1.856245652477339172e+04
-1.856245652477339172e+04
-1.855654542193475936e+04
-1.854247570213981817e+04
-1.854336719656741116e+04
-1.853538448220915961e+04
-1.853538448220915961e+04
-1.853251960040036647e+04
-1.853485836737126738e+04
-1.854178116307904565e+04
-1.854546950119635949e+04
-1.854546950119635949e+04
-1.855652877000327499e+04
-1.855822853861141630e+04
-1.856019615996500579e+04
-1.855716987991545102e+04
-1.855716987991545102e+04
-1.853820432363738291e+04
-1.854622459639338558e+04
-1.854977608361520106e+04
-1.855408086269009073e+04
-1.855408086269009073e+04
-1.855520251407826436e+04
-1.855525034669370507e+04
-1.855749877850968915e+04
-1.855675708173828389e+04
-1.855675708173828389e+04
-1.854695571044144526e+04
-1.853445760763325961e+04
-1.853638244940934237e+04
-1.851463924066874824e+04
-1.851463924066874824e+04
-1.851329683235209814e+04
-1.850893257319242184e+04
-1.852091016823066093e+04
-1.851475989015134473e+04
-1.851475989015134473e+04
-1.851594309742567930e+04
-1.852084951894027108e+04
-1.851549592461308930e+04
-1.852962789489337956e+04
-1.852962789489337956e+04
-1.854084838637016946e+04
-1.854786679154777812e+04
-1.853827471804169909e+04
-1.852562761036279335e+04
-1.852562761036279335e+04
-1.853711443547529052e+04
-1.854729462104785489e+04
-1.853933237158833799e+04
-1.852876155083538106e+04
-1.852876155083538106e+04
-1.853234761234699909e+04
-1.852978471738981898e+04
-1.852783481931476854e+04
-1.852362221487860734e+04
-1.852362221487860734e+04
-1.851057553545018527e+04
-1.851377806143621638e+04
-1.853380914884490267e+04
-1.853869910354776584e+04
-1.853869910354776584e+04
-1.851623766229940884e+04
-1.851058778642625111e+04
-1.851517300121020162e+04
-1.852044161929521943e+04
-1.852044161929521943e+04
-1.852157017800949325e+04
-1.854058836351951322e+04
-1.852986506705620923e+04
-1.851849371999162395e+04
-1.851849371999162395e+04
-1.852126940385317357e+04
-1.852693817150762334e+04
-1.852851227954095157e+04
-1.852981967671038365e+04
-1.852981967671038365e+04
-1.853757998149468767e+04
-1.853300454456093576e+04
-1.854031726093074758e+04
-1.853203224632109777e+04
-1.853203224632109777e+04
-1.852763297654738562e+04
-1.853877478060589783e+04
-1.853495205706657362e+04
-1.854421617853584394e+04
-1.854421617853584394e+04
-1.854103542490586915e+04
-1.853314280171740029e+04
-1.852592566137629183e+04
-1.853278034918124831e+04
-1.853278034918124831e+04
-1.853583323490351177e+04
-1.852781348775949664e+04
-1.852709153797956969e+04
-1.853051231815607389e+04
-1.853051231815607389e+04
-1.851728170048385800e+04
-1.852859342011827539e+04
-1.853330964474104985e+04
-1.852612183035381531e+04
-1.852612183035381531e+04
-1.851541562423195865e+04
-1.850993438279223119e+04
-1.850338271994069146e+04
-1.849741645892192173e+04
-1.849741645892192173e+04
-1.851115461365695228e+04
-1.851375025666500369e+04
-1.850396642684507606e+04
-1.849131039267702727e+04
-1.849131039267702727e+04
-1.847918904109191135e+04
-1.847504565514589922e+04
-1.849149438012123937e+04
-1.848469690541464297e+04
-1.848469690541464297e+04
-1.848626939707481142e+04
-1.847533769134040631e+04
-1.847838807045372232e+04
-1.846850765934938318e+04
-1.846850765934938318e+04
-1.847490096731806989e+04
-1.846219605600099385e+04
-1.847132311248448241e+04
-1.845754934268820580e+04
-1.845754934268820580e+04
-1.845244264548800857e+04
-1.844809097924379967e+04
-1.845649864332265133e+04
-1.845414503979921938e+04
-1.845414503979921938e+04
-1.845078411531919483e+04
-1.845919584852670960e+04
-1.845458907953571179e+04
-1.845091499754275355e+04
-1.845091499754275355e+04
-1.845382148880446039e+04
-1.844348858139551885e+04
-1.844779177568090381e+04
-1.844718362896087274e+04
-1.844718362896087274e+04
-1.843786840834275063e+04
-1.844162342797866586e+04
-1.843249741097967853e+04
-1.842775073616690133e+04
-1.842775073616690133e+04
-1.842356703921069857e+04
-1.841421667534484732e+04
-1.842024867544281005e+04
-1.841586851641617977e+04
-1.841586851641617977e+04
-1.841796969785307738e+04
-1.843543756593685612e+04
-1.843967095492316366e+04
-1.843253760534555477e+04
-1.843253760534555477e+04
-1.843889994788759577e+04
-1.843818702736018895e+04
-1.843053007614169474e+04
-1.841266452206049871e+04
-1.841266452206049871e+04
-1.840794068234822043e+04
-1.841415497581549425e+04
-1.842046635008259545e+04
-1.842562070776899054e+04
-1.842562070776899054e+04
-1.841184509308968700e+04
-1.841272408813589936e+04
-1.840992928205076896e+04
-1.840111408727463640e+04
-1.840111408727463640e+04
-1.840185448495620949e+04
-1.840428973408634192e+04
-1.839227790090195776e+04
-1.839546319887215213e+04
-1.839546319887215213e+04
-1.839966644449898376e+04
-1.839603296309166399e+04
-1.838194291017414434e+04
-1.837465873833724254e+04
-1.837465873833724254e+04
-1.837090165854291627e+04
-1.836517064926672901e+04
-1.835571994106128113e+04
-1.835892814654631729e+04
-1.835892814654631729e+04
-1.835423698109744510e+04
-1.836763935494399266e+04
-1.836985071314261586e+04
-1.836778768891338405e+04
-1.836778768891338405e+04
-1.834877877479780000e+04
-1.834882706161992246e+04
-1.834211461348070952e+04
-1.834159644045408641e+04
-1.834159644045408641e+04
-1.834081917014490318e+04
-1.834528961710566364e+04
-1.834558748858541730e+04
-1.835050812313205461e+04
-1.835050812313205461e+04
-1.833337062923526173e+04
-1.833883248742418800e+04
-1.834008359369410391e+04
-1.833065111120705842e+04
-1.833065111120705842e+04
-1.832466740974307322e+04
-1.832133060529423528e+04
-1.831660154572756073e+04
-1.831081904781188132e+04
-1.831081904781188132e+04
-1.830936685020808000e+04
-1.829829466118338678e+04
-1.829067475986148202e+04
-1.829535684718092671e+04
-1.829535684718092671e+04
-1.829250174877249447e+04
-1.827644468992974362e+04
-1.827868429890611151e+04
-1.826371479307405389e+04
-1.826371479307405389e+04
-1.825468240881669408e+04
-1.824027577284427025e+04
-1.825427172259036161e+04
-1.824488947160356111e+04
-1.824488947160356111e+04
-1.823694185246151756e+04
-1.823297977910967529e+04
-1.823596371959132011e+04
-1.824581091046723304e+04
-1.824581091046723304e+04
-1.824249726812633162e+04
-1.823981780750646794e+04
-1.823980115922943878e+04
-1.822808390874263569e+04
-1.822808390874263569e+04
-1.823530291381278585e+04
-1.822688967585959836e+04
-1.823472947269989891e+04
-1.821936364398236765e+04
-1.821936364398236765e+04
-1.822110188950068914e+04
-1.822863090000244847e+04
-1.822537012713321747e+04
-1.821528279525166727e+04
-1.821528279525166727e+04
-1.820807788599314517e+04
-1.820908176668754095e+04
-1.820416852040642334e+04
-1.821447544794593341e+04
-1.821447544794593341e+04
-1.820594350619956094e+04
-1.821080707087352857e+04
-1.820919165696553318e+04
-1.820808498712497385e+04
-1.820808498712497385e+04
-1.820930319159661667e+04
-1.822256338237114687e+04
-1.822592157099128963e+04
-1.822419266011591753e+04
-1.822419266011591753e+04
-1.822249841667475266e+04
-1.821655249279852069e+04
-1.820985204995918684e+04
-1.820317697783677431e+04
-1.820317697783677431e+04
-1.820038832329999786e+04
-1.820733989283075425e+04
-1.820630929203054984e+04
-1.821026690097336541e+04
-1.821026690097336541e+04
-1.820009048249663465e+04
-1.819471020453215533e+04
-1.819587194753882795e+04
-1.819940910129803888e+04
-1.819940910129803888e+04
-1.820196234973357059e+04
-1.820002126436159961e+04
-1.819314648030108219e+04
-1.819512613011557551e+04
-1.819512613011557551e+04
-1.819992026899186021e+04
-1.821354614179086639e+04
-1.821503202629848965e+04
-1.821210326728690779e+04
-1.821210326728690779e+04
-1.820431715270547284e+04
-1.819903207300609211e+04
-1.818951428666687571e+04
-1.819523956562639432e+04
-1.819523956562639432e+04
-1.818293854860978900e+04
-1.817357424752225779e+04
-1.818157638494622734e+04
-1.817780074005186179e+04
-1.817780074005186179e+04
-1.817011905026636305e+04
-1.816778646818007110e+04
-1.816190066052345719e+04
-1.815536625848662152e+04
-1.815536625848662152e+04
-1.815242528950136693e+04
-1.815007602829943062e+04
-1.815047613552189068e+04
-1.815547839821467642e+04
-1.815547839821467642e+04
-1.816292246866650385e+04
-1.814433285702472131e+04
-1.815458913926342939e+04
-1.816120096952984022e+04
-1.816120096952984022e+04
-1.816881530368941094e+04
-1.815460724918088090e+04
-1.815539520990968958e+04
-1.814879411663936844e+04
-1.814879411663936844e+04
-1.813831539400509428e+04
-1.813780899702303577e+04
-1.812646748745056902e+04
-1.810695159668964698e+04
-1.810695159668964698e+04
-1.810952192731066316e+04
-1.811226034241910384e+04
-1.811979481295063670e+04
-1.810848536142665398e+04
-1.810848536142665398e+04
-1.810955779175629141e+04
-1.810434438194913673e+04
-1.810605514753503667e+04
-1.810298931477477527e+04
-1.810298931477477527e+04
-1.808016770142509995e+04
-1.808100289309858636e+04
-1.807413596615144706e+04
-1.808174157578644008e+04
-1.808174157578644008e+04
-1.808157338475612414e+04
-1.806892963931864506e+04
-1.807362294349168224e+04
-1.806672347526320300e+04
-1.806672347526320300e+04
-1.806584233627211506e+04
-1.807337979760697635e+04
-1.807210748491138656e+04
-1.806274919125531233e+04
-1.806274919125531233e+04
-1.806576101139287493e+04
-1.806136996197330882e+04
-1.806241580749976856e+04
-1.804891204937778457e+04
-1.804891204937778457e+04
-1.804914111812155170e+04
-1.804855294487861465e+04
-1.802868306932840278e+04
-1.802937699468301798e+04
-1.802937699468301798e+04
-1.802320532443040429e+04
-1.802208345255450331e+04
-1.802008884629528620e+04
-1.800759309078897422e+04
-1.800759309078897422e+04
-1.800750268852036970e+04
-1.799493072954578383e+04
-1.800678710668758868e+04
-1.801691461223861552e+04
-1.801691461223861552e+04
-1.801914245262674740e+04
-1.801769695643165323e+04
-1.801552170150229722e+04
-1.801828061256939327e+04
-1.801828061256939327e+04
-1.801111638672887057e+04
-1.800387180042786713e+04
-1.800617303451759653e+04
-1.800999553991651919e+04
-1.800999553991651919e+04
-1.800600659773936059e+04
-1.800362475982971955e+04
-1.801641164185627713e+04
-1.801716636794780061e+04
-1.801716636794780061e+04
-1.801727913549315053e+04
-1.800478629160574928e+04
-1.799396974169262467e+04
-1.798822003667533500e+04
-1.798822003667533500e+04
-1.797186426971618494e+04
-1.796428104159205031e+04
-1.795876472880932852e+04
-1.794840279488822489e+04
-1.794840279488822489e+04
-1.795621816315366596e+04
-1.794679147184758767e+04
-1.793976842078951086e+04
-1.794555359251075060e+04
-1.794555359251075060e+04
-1.794373294144763713e+04
-1.794171223206847208e+04
-1.794280641022510099e+04
-1.793432846186753522e+04
-1.793432846186753522e+04
-1.792738326391874216e+04
-1.792384130571025526e+04
-1.791385064436866378e+04
-1.791795237121045284e+04
-1.791795237121045284e+04
-1.791168641773869967e+04
-1.790448581646003731e+04
-1.790295894652213610e+04
-1.790067407941011334e+04
-1.790067407941011334e+04
-1.791289785500258222e+04
-1.791697348304634215e+04
-1.790285561613869504e+04
-1.790014469289135741e+04
-1.790014469289135741e+04
-1.789697789761629610e+04
-1.790099057405733402e+04
-1.789086130968457655e+04
-1.790285736448104581e+04
-1.790285736448104581e+04
-1.789764663771958294e+04
-1.789025256928173985e+04
-1.788879763234058191e+04
-1.789299394399799348e+04
-1.789299394399799348e+04
-1.789442481904480883e+04
-1.789549549084223690e+04
-1.789114558692452192e+04
-1.789926633457959542e+04
-1.789926633457959542e+04
-1.790988437853720461e+04
-1.790065565726613204e+04
-1.789391279019521971e+04
-1.788472202049339467e+04
-1.788472202049339467e+04
-1.788301128214450728e+04
-1.787898433636413029e+04
-1.787820744967406426e+04
-1.787510943986893108e+04
-1.787510943986893108e+04
-1.787084314597221237e+04
-1.786002480002527227e+04
-1.785681314642845973e+04
-1.785800202565066866e+04
-1.785800202565066866e+04
-1.784995303554610655e+04
-1.786380563948892814e+04
-1.785409523593445556e+04
-1.785610547670625238e+04
-1.785610547670625238e+04
-1.785593957891429818e+04
-1.786711025505304497e+04
-1.787971915809412531e+04
-1.787782079583021186e+04
-1.787782079583021186e+04
-1.787913007247152564e+04
-1.788707436262858027e+04
-1.788293812569518559e+04
-1.787750673996421392e+04
-1.787750673996421392e+04
-1.787789086547341867e+04
-1.788838519180900767e+04
-1.788443545810451542e+04
-1.787795364420134865e+04
-1.787795364420134865e+04
-1.786356099789500149e+04
-1.786623454156219304e+04
-1.785856495021826777e+04
-1.786908145199687351e+04
-1.786908145199687351e+04
-1.787264358329657261e+04
-1.787994887030520113e+04
-1.788875420838539503e+04
-1.788268325722607915e+04
-1.788268325722607915e+04
-1.788708318189598140e+04
-1.787996177428387455e+04
-1.787380440496745723e+04
-1.787913992886432243e+04
-1.787913992886432243e+04
-1.787806263157272042e+04
-1.787101726595493892e+04
-1.787169809868116863e+04
-1.787011597075875397e+04
-1.787011597075875397e+04
-1.786477809417595199e+04
-1.785100746328463356e+04
-1.785375447138357049e+04
-1.783737790940752166e+04
-1.783737790940752166e+04
-1.784139397668836682e+04
-1.783859480692546276e+04
-1.783103446635504588e+04
-1.782190734940862239e+04
-1.782190734940862239e+04
-1.781866091320562191e+04
-1.781763359120714449e+04
-1.782393407020278391e+04
-1.782461084710157593e+04
-1.782461084710157593e+04
-1.783905819810258981e+04
-1.783021921359937187e+04
-1.781757659580637846e+04
-1.779921326198524184e+04
-1.779921326198524184e+04
-1.780280796038461995e+04
-1.781134821609638675e+04
-1.781239618882937066e+04
-1.780528003523644293e+04
-1.780528003523644293e+04
-1.780664188076413120e+04
-1.779661190698303471e+04
-1.780563281035914770e+04
-1.781176278415817796e+04
-1.781176278415817796e+04
-1.782048905278270831e+04
-1.780833304112130281e+04
-1.779263873096741372e+04
-1.778793182419654113e+04
-1.778793182419654113e+04
-1.779629845108178779e+04
-1.781212457652229568e+04
-1.780648924520655055e+04
-1.781268083303166350e+04
-1.781268083303166350e+04
-1.781097406046363540e+04
-1.780847483026310510e+04
-1.779870533225839608e+04
-1.780006020818286561e+04
-1.780006020818286561e+04
-1.780072930856751191e+04
-1.779607876703402144e+04
-1.780901023993821582e+04
-1.781312566940388569e+04
-1.781312566940388569e+04
-1.781055013600570237e+04
-1.779275126542477665e+04
-1.779100456845555891e+04
-1.780063094365299912e+04
-1.780063094365299912e+04
-1.778601572057629164e+04
-1.779067674524870017e+04
-1.779183912814852374e+04
-1.778727306794428296e+04
-1.778727306794428296e+04
-1.779115805646916851e+04
-1.778904087656474439e+04
-1.777692349760298748e+04
-1.776653297914918949e+04
-1.776653297914918949e+04
-1.777058933719055130e+04
-1.776776071300454714e+04
-1.776944387712380922e+04
-1.777584268800498467e+04
-1.777584268800498467e+04
-1.776097876973604798e+04
-1.776777921929714648e+04
-1.777318359894641253e+04
-1.777082975805905153e+04
-1.777082975805905153e+04
-1.776251935203023095e+04
-1.774294122584699289e+04
-1.772996533064651521e+04
-1.773116342668478319e+04
-1.773116342668478319e+04
-1.773977170422556082e+04
-1.773495005978048357e+04
-1.772529420934802329e+04
-1.773323194229624278e+04
-1.773323194229624278e+04
-1.772012630488642026e+04
-1.772775765760986542e+04
-1.774345467790453404e+04
-1.774053549337391814e+04
-1.774053549337391814e+04
-1.774096251272468362e+04
-1.773304690743590254e+04
-1.772580626094652325e+04
-1.771688295614131130e+04
-1.771688295614131130e+04
-1.772097559495128371e+04
-1.773140453651579810e+04
-1.771570825932874141e+04
-1.771242730037910587e+04
-1.771242730037910587e+04
-1.770168205190547087e+04
-1.769369208417031768e+04
-1.768549292887965930e+04
-1.769652135193523645e+04
-1.769652135193523645e+04
-1.769122703162240941e+04
-1.768985430645833185e+04
-1.768513627004317823e+04
-1.767771142016544036e+04
-1.767771142016544036e+04
-1.769091949683237181e+04
-1.768765938521031785e+04
-1.769206186137139230e+04
-1.768731206718142857e+04
-1.768731206718142857e+04
-1.767777049993487890e+04
-1.767931549155407993e+04
-1.766520750097658674e+04
-1.766350826071909978e+04
-1.766350826071909978e+04
-1.766783211991336429e+04
-1.765386657764682241e+04
-1.765632051293129553e+04
-1.766626611723447422e+04
-1.766626611723447422e+04
-1.765887579741553054e+04
-1.764188484845455605e+04
-1.762207549133205976e+04
-1.761438049163974210e+04
-1.761438049163974210e+04
-1.760257534536368257e+04
-1.758841087818399319e+04
-1.758398547892502029e+04
-1.756515985013505269e+04
-1.756515985013505269e+04
-1.757760217471746000e+04
-1.756477682808688405e+04
-1.755560817077726097e+04
-1.754165549546015245e+04
-1.754165549546015245e+04
-1.752783236244589352e+04
-1.752984416711699669e+04
-1.752186216200772105e+04
-1.752386586458290913e+04
-1.752386586458290913e+04
-1.751644677039472299e+04
-1.751705987121886210e+04
-1.752361544283659168e+04
-1.752469331166894699e+04
-1.752469331166894699e+04
-1.751278861295267052e+04
-1.751649390347258668e+04
-1.752768106472423460e+04
-1.751103703053083154e+04
-1.751103703053083154e+04
-1.750478385450223504e+04
-1.748830277822649805e+04
-1.747579201720246783e+04
-1.747948985086157336e+04
-1.747948985086157336e+04
-1.747704366776675306e+04
-1.746966761846302325e+04
-1.747640892111132052e+04
-1.747165078737879958e+04
-1.747165078737879958e+04
-1.746903782508394215e+04
-1.747945096366043799e+04
-1.747820105317765410e+04
-1.748029916455461353e+04
-1.748029916455461353e+04
-1.748995703463289101e+04
-1.748639987712026777e+04
-1.748361977111057422e+04
-1.748157878576407893e+04
-1.748157878576407893e+04
-1.747539930132972586e+04
-1.746469096411610371e+04
-1.745745898561576905e+04
-1.746991384248579925e+04
-1.746991384248579925e+04
-1.745599753252923620e+04
-1.746822765996333692e+04
-1.745855377589201817e+04
-1.745672880911857646e+04
-1.745672880911857646e+04
-1.745375052157412210e+04
-1.744380895761148713e+04
-1.743453834056727646e+04
-1.744208883656136823e+04
-1.744208883656136823e+04
-1.744814381370089541e+04
-1.744665902227265906e+04
-1.743750812932942426e+04
-1.743534318743352560e+04
-1.743534318743352560e+04
-1.743184736237652396e+04
-1.742673928353808878e+04
-1.741999858186667552e+04
-1.742868772863829508e+04
-1.742868772863829508e+04
-1.742337101899842673e+04
-1.741794728610379025e+04
-1.741337979209662080e+04
-1.741618641464778921e+04
-1.741618641464778921e+04
-1.740735259331280031e+04
-1.739949530839314320e+04
-1.741128093953948337e+04
-1.742000341977583594e+04
-1.742000341977583594e+04
-1.740656587168700207e+04
-1.741686015594610944e+04
-1.741039454572301111e+04
-1.740409943991192995e+04
-1.740409943991192995e+04
-1.740104926119733136e+04
-1.739693023661289044e+04
-1.739719052118533000e+04
-1.738185898720781188e+04
-1.738185898720781188e+04
-1.738375775649536081e+04
-1.738198156992604709e+04
-1.737758362666587709e+04
-1.737812005809140464e+04
-1.737812005809140464e+04
-1.738953465498413425e+04
-1.737475577803340275e+04
-1.737297328191320776e+04
-1.736691760023089591e+04
-1.736691760023089591e+04
-1.735852139975668979e+04
-1.734552875501108792e+04
-1.734289604909297123e+04
-1.734124990472303034e+04
-1.734124990472303034e+04
-1.733834705285070595e+04
-1.734209899170745121e+04
-1.734156740283135878e+04
-1.733316923661086548e+04
-1.733316923661086548e+04
-1.733581677924711403e+04
-1.732544235759739240e+04
-1.731862309162789461e+04
-1.732487821081767106e+04
-1.732487821081767106e+04
-1.732229367217500840e+04
-1.733070816353660484e+04
-1.733288660009749219e+04
-1.733882352668358362e+04
-1.733882352668358362e+04
-1.733645742084624726e+04
-1.733989611138985856e+04
-1.734279639842128381e+04
-1.733515499210410417e+04
-1.733515499210410417e+04
-1.734898667835653760e+04
-1.733187180902805994e+04
-1.732265154381667526e+04
-1.730466673117917890e+04
-1.730466673117917890e+04
-1.731681987021843452e+04
-1.732047447731298962e+04
-1.730840284421636170e+04
-1.730707460338428064e+04
-1.730707460338428064e+04
-1.730731507930417138e+04
-1.731237493201182588e+04
-1.731134029771257337e+04
-1.729705405495281957e+04
-1.729705405495281957e+04
-1.729960919523799748e+04
-1.730914977913905022e+04
-1.729701353951217607e+04
-1.730030430557884756e+04
-1.730030430557884756e+04
-1.730915708595287651e+04
-1.731376999591661661e+04
-1.730244054083108131e+04
-1.729097428711668181e+04
-1.729097428711668181e+04
-1.729718231924887368e+04
-1.729913266219352954e+04
-1.728009051038203324e+04
-1.728563541161889225e+04
-1.728563541161889225e+04
-1.728149831721409282e+04
-1.728204133762505080e+04
-1.729099617190995195e+04
-1.727521890831550627e+04
-1.727521890831550627e+04
-1.727175606236541716e+04
-1.727535139742668616e+04
-1.726570837446853329e+04
-1.726414671498096141e+04
-1.726414671498096141e+04
-1.727282619540976157e+04
-1.727580501215087133e+04
-1.727625577656892347e+04
-1.726411653596918404e+04
-1.726411653596918404e+04
-1.726118816247622817e+04
-1.725796045125497403e+04
-1.725013630228980765e+04
-1.725335344835595606e+04
-1.725335344835595606e+04
-1.725320090861523568e+04
-1.726055628481577878e+04
-1.726831995892463965e+04
-1.727157618513260604e+04
-1.727157618513260604e+04
-1.728371136728151396e+04
-1.727654075262936749e+04
-1.727272804836963041e+04
-1.727173611223569969e+04
-1.727173611223569969e+04
-1.726230244907500310e+04
-1.725789439872948060e+04
-1.724499262815332622e+04
-1.724689846605133425e+04
-1.724689846605133425e+04
-1.723879379211898049e+04
-1.723159093198251867e+04
-1.723635033987524002e+04
-1.722382315777174881e+04
-1.722382315777174881e+04
-1.723180942952875193e+04
-1.723794915066702379e+04
-1.722972750293257923e+04
-1.722330029989900868e+04
-1.722330029989900868e+04
-1.722298259483575021e+04
-1.721195521182760058e+04
-1.722491671746238717e+04
-1.722339729384082966e+04
-1.722339729384082966e+04
-1.722264034170288869e+04
-1.721842064627027139e+04
-1.721766962581199550e+04
-1.722203026898367170e+04
-1.722203026898367170e+04
-1.721601892560576016e+04
-1.722479531536200011e+04
-1.722265143883715427e+04
-1.722875939865083274e+04
-1.722875939865083274e+04
-1.723406096544694810e+04
-1.721759874009865962e+04
-1.720009189774285915e+04
-1.718556265858194820e+04
-1.718556265858194820e+04
-1.716727024026570507e+04
-1.716491707893848798e+04
-1.717294181880732140e+04
-1.716736928334769618e+04
-1.716736928334769618e+04
-1.718070113635050075e+04
-1.716793273682380459e+04
-1.715412276289270085e+04
-1.715413315329512989e+04
-1.715413315329512989e+04
-1.714906648230831706e+04
-1.713877542556445405e+04
-1.714275384532389944e+04
-1.714117200180771033e+04
-1.714117200180771033e+04
-1.713257055788435900e+04
-1.712237191765612806e+04
-1.713266682887498609e+04
-1.711658682297588530e+04
-1.711658682297588530e+04
-1.711763016364622308e+04
-1.712742748261141605e+04
-1.712748264712643140e+04
-1.711459565639855646e+04
-1.711459565639855646e+04
-1.711510115535237856e+04
-1.711323581602160630e+04
-1.712056747310357969e+04
-1.710685473603864011e+04
-1.710685473603864011e+04
-1.709456977138693037e+04
-1.708807917154794268e+04
-1.706799842556881777e+04
-1.707252015140911317e+04
-1.707252015140911317e+04
-1.708427135668820847e+04
-1.708320433342090473e+04
-1.707792281030801314e+04
-1.706574756684627209e+04
-1.706574756684627209e+04
-1.706189300725084831e+04
-1.706571777338641914e+04
-1.705849668176703926e+04
-1.704698950711897851e+04
-1.704698950711897851e+04
-1.705365866831889798e+04
-1.706320005805226538e+04
-1.704788717192287004e+04
-1.703082769467142862e+04
-1.703082769467142862e+04
-1.703496763611663846e+04
-1.703490300169218244e+04
-1.704825837885188957e+04
-1.703426855828908447e+04
-1.703426855828908447e+04
-1.702975541274376519e+04
-1.703157305654773154e+04
-1.703395042479358017e+04
-1.704845584634929037e+04
-1.704845584634929037e+04
-1.705207991256625974e+04
-1.706310535942825300e+04
-1.706256906432828328e+04
-1.706989578561448070e+04
-1.706989578561448070e+04
-1.706002880511866533e+04
-1.705810155584002132e+04
-1.705667778262557113e+04
-1.705772160512623668e+04
-1.705772160512623668e+04
-1.705610509859433660e+04
-1.704379147983594521e+04
-1.706130327223799759e+04
-1.706410387273482775e+04
-1.706410387273482775e+04
-1.706616480200475053e+04
-1.705989719643382705e+04
-1.705563673909604768e+04
-1.705463125776391098e+04
-1.705463125776391098e+04
-1.704893443539168220e+04
-1.705161723745495692e+04
-1.705357643599225776e+04
-1.704609408691018689e+04
-1.704609408691018689e+04
-1.703570570520336332e+04
-1.702770979117022944e+04
-1.702399568931162503e+04
-1.702869290458155228e+04
-1.702869290458155228e+04
-1.703622617198319494e+04
-1.704463269591143398e+04
-1.705132997371287274e+04
-1.703747877610418436e+04
-1.703747877610418436e+04
-1.704161538685812775e+04
-1.702775107028587445e+04
-1.702136578304356954e+04
-1.700978984416584353e+04
-1.700978984416584353e+04
-1.702037154355013990e+04
-1.700561593415565585e+04
-1.701223628052995628e+04
-1.700689273100439459e+04
-1.700689273100439459e+04
-1.699855699034885401e+04
-1.700605124570207772e+04
-1.700132428655998956e+04
-1.699363287558808224e+04
-1.699363287558808224e+04
-1.698778206892283561e+04
-1.698403694085093230e+04
-1.698641141648477060e+04
-1.697990933445441260e+04
-1.697990933445441260e+04
-1.697872232285534119e+04
-1.697541691379427721e+04
-1.696457772783922337e+04
-1.697422095522710515e+04
-1.697422095522710515e+04
-1.698269381273748877e+04
-1.696724272622343778e+04
-1.698142498924253596e+04
-1.698393405474442989e+04
-1.698393405474442989e+04
-1.697109428953195675e+04
-1.697236735031700664e+04
-1.697304228052263352e+04
-1.697402484310090222e+04
-1.697402484310090222e+04
-1.696323608774320746e+04
-1.697684832373888639e+04
-1.697310872939559704e+04
-1.697840890520586981e+04
-1.697840890520586981e+04
-1.697627116661559194e+04
-1.696829842783846834e+04
-1.697009606147700106e+04
-1.696855196107584561e+04
-1.696855196107584561e+04
-1.695483184583110051e+04
-1.694932374552796682e+04
-1.695253019500376831e+04
-1.694201276649098509e+04
-1.694201276649098509e+04
-1.694105103457076257e+04
-1.694957187185137445e+04
-1.693902318917677621e+04
-1.694275132072952692e+04
-1.694275132072952692e+04
-1.694144319733477460e+04
-1.695008374430111508e+04
-1.695068723864284038e+04
-1.694029960053037212e+04
-1.694029960053037212e+04
-1.695399920581693732e+04
-1.693994505175709855e+04
-1.693144613208382725e+04
-1.691851330219906959e+04
-1.691851330219906959e+04
-1.691859925674616534e+04
-1.691495040678372970e+04
-1.691802715831933892e+04
-1.692127399610441717e+04
-1.692127399610441717e+04
-1.691328416411242142e+04
-1.689906969574490722e+04
-1.689504885142032072e+04
-1.690070637948682634e+04
-1.690070637948682634e+04
-1.691708427141101492e+04
-1.690612823332736662e+04
-1.690212115450458077e+04
-1.690116720711213566e+04
-1.690116720711213566e+04
-1.689834445863312067e+04
-1.688306267721372205e+04
-1.686648637033403065e+04
-1.685898535847052699e+04
-1.685898535847052699e+04
-1.685478874083217670e+04
-1.686707117669655054e+04
-1.686888152520526637e+04
-1.686395404091230012e+04
-1.686395404091230012e+04
-1.685926359859860167e+04
-1.685970735589368269e+04
-1.685655271918962535e+04
-1.685599425097872518e+04
-1.685599425097872518e+04
-1.685304781370799537e+04
-1.685379101181425722e+04
-1.685721535658724679e+04
-1.685818756532339103e+04
-1.685818756532339103e+04
-1.685816593818911497e+04
-1.686438042834739827e+04
-1.685174656093576414e+04
-1.683893552905887191e+04
-1.683893552905887191e+04
-1.682311171894159270e+04
-1.681390593980902850e+04
-1.680556427767476998e+04
-1.680615648304443675e+04
-1.680615648304443675e+04
-1.681754120790966044e+04
-1.680888911041844403e+04
-1.679404728703023648e+04
-1.679423587462058276e+04
-1.679423587462058276e+04
-1.679611818835418671e+04
-1.678910416648064711e+04
-1.677299988300398763e+04
-1.676994437520538122e+04
-1.676994437520538122e+04
-1.675690096757682113e+04
-1.676019921019025060e+04
-1.674338158694609956e+04
-1.673343341085972861e+04
-1.673343341085972861e+04
-1.672948043948616396e+04
-1.672108926808967590e+04
-1.673466071937485685e+04
-1.673808478748604102e+04
-1.673808478748604102e+04
-1.673338714541028457e+04
-1.673257668837297024e+04
-1.673651106681864258e+04
-1.673196287317463793e+04
-1.673196287317463793e+04
-1.672527694457614416e+04
-1.672242685109902595e+04
-1.672910433740782901e+04
-1.672016749881432770e+04
-1.672016749881432770e+04
-1.671676992215427163e+04
-1.670185836829597974e+04
-1.671311674689486244e+04
-1.672272162166826456e+04
-1.672272162166826456e+04
-1.672409181164030088e+04
-1.671610397136579195e+04
-1.671089828261491857e+04
-1.672132644625474495e+04
-1.672132644625474495e+04
-1.672366564907700740e+04
-1.673609127574427475e+04
-1.673896406981589462e+04
-1.673432275167136322e+04
-1.673432275167136322e+04
-1.672801287310164480e+04
-1.672793736768019153e+04
-1.670842883764630824e+04
-1.671351364087531329e+04
-1.671351364087531329e+04
-1.671000088818318909e+04
-1.671270237158851160e+04
-1.671114813703327673e+04
-1.670325427126399154e+04
-1.670325427126399154e+04
-1.670286981380772704e+04
-1.670021285591574633e+04
-1.669656361451787234e+04
-1.669306562874473457e+04
-1.669306562874473457e+04
-1.668310356419214440e+04
-1.668086302068161240e+04
-1.668398305653283387e+04
-1.668141774780508058e+04
-1.668141774780508058e+04
-1.667715438008014462e+04
-1.666377904558404407e+04
-1.665788359283721729e+04
-1.664955734461437532e+04
-1.664955734461437532e+04
-1.663751889730773109e+04
-1.663769970167311476e+04
-1.663716931057139300e+04
-1.663782594588716529e+04
-1.663782594588716529e+04
-1.663715203541561277e+04
-1.663513286034604607e+04
-1.662157319129790994e+04
-1.663121900853624538e+04
-1.663121900853624538e+04
-1.662762518408113101e+04
-1.661907414705373230e+04
-1.662264813952285476e+04
-1.662164449062168205e+04
-1.662164449062168205e+04
-1.661548770532642811e+04
-1.661853529024340969e+04
-1.661229417641765758e+04
-1.661545194520725636e+04
-1.661545194520725636e+04
-1.662182386305722684e+04
-1.662702226213898393e+04
-1.662270883456985030e+04
-1.660865614520311283e+04
-1.660865614520311283e+04
-1.659936216607378083e+04
-1.660084877975176278e+04
-1.659446038281619622e+04
-1.658653547652955240e+04
-1.658653547652955240e+04
-1.658461019590554133e+04
-1.658642757991144754e+04
-1.658951016540133787e+04
-1.658925685874892952e+04
-1.658925685874892952e+04
-1.659211837784516320e+04
-1.659669015117536765e+04
-1.659142877868092182e+04
-1.659273547866799709e+04
-1.659273547866799709e+04
-1.659728069434817735e+04
-1.657911733665788415e+04
-1.656725330655471771e+04
-1.655853944451378266e+04
-1.655853944451378266e+04
-1.656533542047209266e+04
-1.655546503617236885e+04
-1.655344049091075067e+04
-1.656765019711538116e+04
-1.656765019711538116e+04
-1.656411738431737467e+04
-1.655659271375260505e+04
-1.655302778348308129e+04
-1.655270002601582746e+04
-1.655270002601582746e+04
-1.654389294198305288e+04
-1.653456637934240280e+04
-1.652322200869684093e+04
-1.652781830293245730e+04
-1.652781830293245730e+04
-1.653349302651537801e+04
-1.652851341458907336e+04
-1.652612130047883693e+04
-1.652053927367781944e+04
-1.652053927367781944e+04
-1.650593767067622684e+04
-1.650503431034670211e+04
-1.651213881183115518e+04
-1.650242924267319177e+04
-1.650242924267319177e+04
-1.649598574433718022e+04
-1.650811072316996069e+04
-1.651283413389443012e+04
-1.651539621411599728e+04
-1.651539621411599728e+04
-1.652113505750365584e+04
-1.652273965492422576e+04
-1.651493420612959744e+04
-1.650796399644764460e+04
-1.650796399644764460e+04
-1.650589285406558338e+04
-1.651477675207750508e+04
-1.651232340409693279e+04
-1.651448580362796201e+04
-1.651448580362796201e+04
-1.650892808915400747e+04
-1.650768685340281081e+04
-1.649609992249827701e+04
-1.649262473912374116e+04
-1.649262473912374116e+04
-1.649810430445678867e+04
-1.648955862912741577e+04
-1.647253203542176561e+04
-1.648096562497095874e+04
-1.648096562497095874e+04
-1.647480916758253079e+04
-1.645801805140230863e+04
-1.645907321125296221e+04
-1.645741024904895312e+04
-1.645741024904895312e+04
-1.645610135295048167e+04
-1.645820982082991031e+04
-1.646209749347315301e+04
-1.646109993422286061e+04
-1.646109993422286061e+04
-1.645530771219887538e+04
-1.645191641280581098e+04
-1.645656914631544714e+04
-1.644823237735700968e+04
-1.644823237735700968e+04
-1.644390745325541138e+04
-1.644946031657608910e+04
-1.644812884461346039e+04
-1.645384411427662781e+04
-1.645384411427662781e+04
-1.645812604974169881e+04
-1.645269415978148390e+04
-1.645145026812307333e+04
-1.644575135502709963e+04
-1.644575135502709963e+04
-1.645266468903958230e+04
-1.644928689599879726e+04
-1.644905631695596094e+04
-1.644491722005090924e+04
-1.644491722005090924e+04
-1.643884142529387827e+04
-1.644374507375136454e+04
-1.644179527930559198e+04
-1.645074887714934448e+04
-1.645074887714934448e+04
-1.644810418346845108e+04
-1.644324217345454963e+04
-1.644747931035434158e+04
-1.644044956176690175e+04
-1.644044956176690175e+04
-1.643055003116354783e+04
-1.641643308831944523e+04
-1.639964863669327679e+04
-1.640504711449838942e+04
-1.640504711449838942e+04
-1.640978542758464755e+04
-1.641076664604042162e+04
-1.640657332598703579e+04
-1.641007868113527365e+04
-1.641007868113527365e+04
-1.639914002092358351e+04
-1.639372786416175222e+04
-1.639890008558326736e+04
-1.639319515251624034e+04
-1.639319515251624034e+04
-1.639230117025802974e+04
-1.639585663378829850e+04
-1.638355273951876006e+04
-1.638780289321776581e+04
-1.638780289321776581e+04
-1.637012173325599724e+04
-1.636643195052009651e+04
-1.637475775720834463e+04
-1.637129061017421009e+04
-1.637129061017421009e+04
-1.637396904935172824e+04
-1.637761724290597158e+04
-1.638126673682669025e+04
-1.638998932936759229e+04
-1.638998932936759229e+04
-1.637554585299400787e+04
-1.637559297989185688e+04
-1.637993903517510080e+04
-1.638202112957159989e+04
-1.638202112957159989e+04
-1.638839758839082424e+04
-1.638479481502593990e+04
-1.639741249123912348e+04
-1.639052516735597965e+04
-1.639052516735597965e+04
-1.639483352484055285e+04
-1.639895066471916289e+04
-1.639385911310568190e+04
-1.639836548389701420e+04
-1.639836548389701420e+04
-1.640182559263087751e+04
-1.639494775452636168e+04
-1.638912340711161960e+04
-1.638258369928156753e+04
-1.638258369928156753e+04
-1.637424569071515361e+04
-1.638324109951502214e+04
-1.638328452064878729e+04
-1.638105139265277467e+04
-1.638105139265277467e+04
-1.638689245224347906e+04
-1.639051786599327897e+04
-1.639291465223780324e+04
-1.639048232844952508e+04
-1.639048232844952508e+04
-1.640044041700653543e+04
-1.640163707130954936e+04
-1.639652264101768742e+04
-1.639123199931772251e+04
-1.639123199931772251e+04
-1.639731075395274456e+04
-1.639360283508340217e+04
-1.640468296614434439e+04
-1.641519340594407186e+04
-1.641519340594407186e+04
-1.640540132720925976e+04
-1.640625466475229041e+04
-1.640278938294457839e+04
-1.640825627495185836e+04
-1.640825627495185836e+04
-1.640124103698655381e+04
-1.639857388212156729e+04
-1.640176671791276021e+04
-1.639071041647013044e+04
-1.639071041647013044e+04
-1.640057510613859995e+04
-1.640116947605206951e+04
-1.640148083627159212e+04
-1.639899123374405826e+04
-1.639899123374405826e+04
-1.638346594844456195e+04
-1.638123593163997793e+04
-1.638450618557810594e+04
-1.638717730060689064e+04
-1.638717730060689064e+04
-1.637504783612929168e+04
-1.637447792010249577e+04
-1.637554386921513105e+04
-1.637425615213944002e+04
-1.637425615213944002e+04
-1.636247932791558742e+04
-1.635807346576059172e+04
-1.635527841875898775e+04
-1.633798031983992223e+04
-1.633798031983992223e+04
-1.633856417786887869e+04
-1.633303923202518672e+04
-1.633154280729940001e+04
-1.633785315740116312e+04
-1.633785315740116312e+04
-1.634333479166716461e+04
-1.633921819937242617e+04
-1.633115822744615798e+04
-1.633047401541926774e+04
-1.633047401541926774e+04
-1.633579754866548319e+04
-1.633161263445148143e+04
-1.632787994752483064e+04
-1.632504413408756045e+04
-1.632504413408756045e+04
-1.633149354004027555e+04
-1.634059929419090440e+04
-1.633692947587064191e+04
-1.633244253228170601e+04
-1.633244253228170601e+04
-1.632375408316094763e+04
-1.633285935452823651e+04
-1.632092405504435374e+04
-1.632067676684973230e+04
-1.632067676684973230e+04
-1.631449348824069966e+04
-1.631291603203087107e+04
-1.631850835061874750e+04
-1.632336914495022756e+04
-1.632336914495022756e+04
-1.631498943805594718e+04
-1.630472000199722606e+04
-1.630845145581853649e+04
-1.630822220214954177e+04
-1.630822220214954177e+04
-1.629904930372259696e+04
-1.629262492346618455e+04
-1.628837896206214282e+04
-1.628506567064847150e+04
-1.628506567064847150e+04
-1.628698454895804571e+04
-1.629009470935380341e+04
-1.628998561742805214e+04
-1.628636377029604773e+04
-1.628636377029604773e+04
-1.628531757502158143e+04
-1.627427203149130582e+04
-1.627014559048742012e+04
-1.626912594278185679e+04
-1.626912594278185679e+04
-1.626615108440784752e+04
-1.626991969426054311e+04
-1.626556113229009316e+04
-1.625775931763687549e+04
-1.625775931763687549e+04
-1.625955749340704097e+04
-1.625906532568142029e+04
-1.626424911511139180e+04
-1.627072016998302570e+04
-1.627072016998302570e+04
-1.626960999727079252e+04
-1.626206571690917372e+04
-1.625635057083265565e+04
-1.624760579162865361e+04
-1.624760579162865361e+04
-1.624557066953454523e+04
-1.624694960705074664e+04
-1.624499668019191631e+04
-1.624994048857409143e+04
-1.624994048857409143e+04
-1.624086842119734683e+04
-1.623122290828873338e+04
-1.623782889001268450e+04
-1.624261709262528166e+04
-1.624261709262528166e+04
-1.623206561477052855e+04
-1.622491031097865380e+04
-1.620869325971957733e+04
-1.621709316943636441e+04
-1.621709316943636441e+04
-1.621720395093601473e+04
-1.620693361871495108e+04
-1.619712642483966374e+04
-1.619228764263524317e+04
-1.619228764263524317e+04
-1.617743575706900992e+04
-1.618355751753797813e+04
-1.617254714680497455e+04
-1.616617071424684582e+04
-1.616617071424684582e+04
-1.615921114155513169e+04
-1.614818356905388464e+04
-1.615178035093398103e+04
-1.615213211777467586e+04
-1.615213211777467586e+04
-1.615626572089090769e+04
-1.616038936537088375e+04
-1.617158034336016135e+04
-1.617217040204049226e+04
-1.617217040204049226e+04
-1.617135152382074557e+04
-1.617217060650951316e+04
-1.617743046515451351e+04
-1.617980813423428481e+04
-1.617980813423428481e+04
-1.617843029020637186e+04
-1.618983149658423645e+04
-1.617921904098835512e+04
-1.617588839017513237e+04
-1.617588839017513237e+04
-1.618420012308807054e+04
-1.618653615177407664e+04
-1.618493929304683297e+04
-1.617832357318083632e+04
-1.617832357318083632e+04
-1.617601560584535218e+04
-1.617415150152577735e+04
-1.617539517351372706e+04
-1.616673490547854453e+04
-1.616673490547854453e+04
-1.617165062918515468e+04
-1.616494161707605417e+04
-1.615915059621599539e+04
-1.616635969824672065e+04
-1.616635969824672065e+04
-1.615825003685446609e+04
-1.615777864140078782e+04
-1.614858968098165315e+04
-1.614607737043650923e+04
-1.614607737043650923e+04
-1.613330064136132569e+04
-1.612143572172933636e+04
-1.612189532161775423e+04
-1.611845430020437379e+04
-1.611845430020437379e+04
-1.611804878537058175e+04
-1.610293147470798795e+04
-1.610674533461407736e+04
-1.609893198830225447e+04
-1.609893198830225447e+04
-1.609219363107534264e+04
-1.609140677774226606e+04
-1.608327535915533372e+04
-1.608675453710939837e+04
-1.608675453710939837e+04
-1.608482935854246534e+04
-1.608444729735621695e+04
-1.608026724359882428e+04
-1.607874451790145213e+04
-1.607874451790145213e+04
-1.608287361508432878e+04
-1.608643569546669460e+04
-1.607413432231289516e+04
-1.606569686617164007e+04
-1.606569686617164007e+04
-1.607302569532502821e+04
-1.607343436021834532e+04
-1.607556869325631669e+04
-1.606889209675982238e+04
-1.606889209675982238e+04
-1.606380957485726503e+04
-1.607139730945468727e+04
-1.606626720555391512e+04
-1.606096857124763301e+04
-1.606096857124763301e+04
-1.605809589186754783e+04
-1.605864430010572687e+04
-1.605773921038580920e+04
-1.604559153639072247e+04
-1.604559153639072247e+04
-1.603607025483630423e+04
-1.603706223772626799e+04
-1.603371550022183146e+04
-1.603665513349772846e+04
-1.603665513349772846e+04
-1.602752735727773324e+04
-1.602511741349000113e+04
-1.602442556423541828e+04
-1.601786752559142224e+04
-1.601786752559142224e+04
-1.601750070658310324e+04
-1.600866816670437765e+04
-1.601052751620262825e+04
-1.599670092510826908e+04
-1.599670092510826908e+04
-1.599289891099164197e+04
-1.598497298085960574e+04
-1.599455161927062909e+04
-1.599545427309518345e+04
-1.599545427309518345e+04
-1.600091952759875676e+04
-1.599764133194445640e+04
-1.599510419041056412e+04
-1.599273353813459653e+04
-1.599273353813459653e+04
-1.600355159920523874e+04
-1.600722652689533788e+04
-1.600819373568621268e+04
-1.601252029956263141e+04
-1.601252029956263141e+04
-1.601053774631644592e+04
-1.600268372514865769e+04
-1.599620796541505661e+04
-1.598410467392036844e+04
-1.598410467392036844e+04
-1.597940730406025432e+04
-1.597180011734658001e+04
-1.597226505739048298e+04
-1.596679445963261242e+04
-1.596679445963261242e+04
-1.596656437156710672e+04
-1.595898549712193380e+04
-1.594831522204598150e+04
-1.596161550405465096e+04
-1.596161550405465096e+04
-1.595810888637014614e+04
-1.594994256422763647e+04
-1.595387971651917178e+04
-1.595788068093504080e+04
-1.595788068093504080e+04
-1.596368911263506016e+04
-1.596134313362517605e+04
-1.596100565264601573e+04
-1.596386848870158246e+04
-1.596386848870158246e+04
-1.595765523014694918e+04
-1.595927455709765491e+04
-1.595704498925827465e+04
-1.595584214515959138e+04
-1.595584214515959138e+04
-1.596476641558956908e+04
-1.596059453890920850e+04
-1.595977654661702582e+04
-1.594996261579601196e+04
-1.594996261579601196e+04
-1.595363241452437978e+04
-1.595397598238133651e+04
-1.595872576373847551e+04
-1.595108925279720097e+04
-1.595108925279720097e+04
-1.595628087032042276e+04
-1.595606081414273831e+04
-1.594959903540055893e+04
-1.594256929722568202e+04
-1.594256929722568202e+04
-1.594047216823673261e+04
-1.594484879941159488e+04
-1.594120940612322738e+04
-1.593762123490882186e+04
-1.593762123490882186e+04
-1.592749979488036297e+04
-1.592290573959401081e+04
-1.592099120585625496e+04
-1.592657192219720491e+04
-1.592657192219720491e+04
-1.593109139163789405e+04
-1.594034993390103227e+04
-1.593482092045880199e+04
-1.592905946909204795e+04
-1.592905946909204795e+04
-1.593500416385425524e+04
-1.592908049286632377e+04
-1.591369243094575722e+04
-1.590285480204015403e+04
-1.590285480204015403e+04
-1.590763145316289047e+04
-1.590573087283896166e+04
-1.590419164207457470e+04
-1.590286853577993861e+04
-1.590286853577993861e+04
-1.589779073982202681e+04
-1.590047459997414262e+04
-1.589401293058174269e+04
-1.589904396947759778e+04
-1.589904396947759778e+04
-1.588178665592172547e+04
-1.587277271927171569e+04
-1.587923887954472593e+04
-1.586558702843065839e+04
-1.586558702843065839e+04
-1.587169709561276795e+04
-1.586894164730331431e+04
-1.587266007428729608e+04
-1.587609288490688050e+04
-1.587609288490688050e+04
-1.588320246009912626e+04
-1.587840733294399070e+04
-1.587154530929498833e+04
-1.586893242003858177e+04
-1.586893242003858177e+04
-1.587192365296540447e+04
-1.587369297140439994e+04
-1.587305570844280919e+04
-1.587085306117382424e+04
-1.587085306117382424e+04
-1.587770020186440706e+04
-1.588815684880152912e+04
-1.588190592912032844e+04
-1.587244790869002827e+04
-1.587244790869002827e+04
-1.585891755878061667e+04
-1.584679120096667793e+04
-1.584561571120805638e+04
-1.585175466220554881e+04
-1.585175466220554881e+04
-1.585417600974813286e+04
-1.585967966642393367e+04
-1.585774996375049705e+04
-1.585263307769988023e+04
-1.585263307769988023e+04
-1.584507136925897248e+04
-1.584661413527072546e+04
-1.584961218198161441e+04
-1.585560141095560357e+04
-1.585560141095560357e+04
-1.586077185849005582e+04
-1.585510972307066004e+04
-1.585387223483972411e+04
-1.584353660180832048e+04
-1.584353660180832048e+04
-1.584540747764364096e+04
-1.585123889559794407e+04
-1.583976555297047162e+04
-1.583842877139607481e+04
-1.583842877139607481e+04
-1.583110201359025086e+04
-1.582977433783515517e+04
-1.581841101050125144e+04
-1.581261710679917269e+04
-1.581261710679917269e+04
-1.580253636854085744e+04
-1.578921809396652316e+04
-1.578325530479664485e+04
-1.578837754624495756e+04
-1.578837754624495756e+04
-1.578181117921138139e+04
-1.577610960722134223e+04
-1.576805522735383965e+04
-1.575176906384647009e+04
-1.575176906384647009e+04
-1.574199897920217882e+04
-1.573233553501004826e+04
-1.572513776570417758e+04
-1.571465925590685220e+04
-1.571465925590685220e+04
-1.571529169557914793e+04
-1.570511509576110984e+04
-1.570129514053319144e+04
-1.571049239171028603e+04
-1.571049239171028603e+04
-1.570483682226620294e+04
-1.569731002292972698e+04
-1.568928430934443350e+04
-1.568810769508006524e+04
-1.568810769508006524e+04
-1.568439020589983738e+04
-1.569298749870168285e+04
-1.569475863348382700e+04
-1.568785398313876976e+04
-1.568785398313876976e+04
-1.568468529027280601e+04
-1.568680863992511149e+04
-1.568083286016612510e+04
-1.567800940898471708e+04
-1.567800940898471708e+04
-1.568148944491131078e+04
-1.568105587555937200e+04
-1.568597427483276442e+04
-1.568187616465952669e+04
-1.568187616465952669e+04
-1.566992114636876795e+04
-1.567302339552766352e+04
-1.565733684286853168e+04
-1.565945412967449738e+04
-1.565945412967449738e+04
-1.564630259664068944e+04
-1.564465420033549344e+04
-1.564571370356977241e+04
-1.564077793494362595e+04
-1.564077793494362595e+04
-1.565016247079057939e+04
-1.565092562582451319e+04
-1.565917124198548117e+04
-1.566082780960409400e+04
-1.566082780960409400e+04
-1.566247791695842352e+04
-1.565842359544863211e+04
-1.566440278374239460e+04
-1.565301664236136639e+04
-1.565301664236136639e+04
-1.564914833231390912e+04
-1.564235735222914991e+04
-1.563320070692652007e+04
-1.563999212058654848e+04
-1.563999212058654848e+04
-1.563537634566427369e+04
-1.563032067176853161e+04
-1.561339109299550546e+04
-1.560867908052178791e+04
-1.560867908052178791e+04
-1.561113855408582276e+04
-1.561677868734151525e+04
-1.560921042500040676e+04
-1.559505079202405432e+04
-1.559505079202405432e+04
-1.558927005955657478e+04
-1.558532241067898758e+04
-1.559737506484864571e+04
-1.558103814997179325e+04
-1.558103814997179325e+04
-1.557186286655078766e+04
-1.558001901462170645e+04
-1.557588109363146577e+04
-1.558234286756430265e+04
-1.558234286756430265e+04
-1.558683050423218447e+04
-1.558351398932907432e+04
-1.559004932774743793e+04
-1.558897115938011848e+04
-1.558897115938011848e+04
-1.558434913461123142e+04
-1.557677423579033893e+04
-1.556963932164795369e+04
-1.556232071019085015e+04
-1.556232071019085015e+04
-1.556256065753259099e+04
-1.557529521964842206e+04
-1.558589820702880388e+04
-1.559129058153457663e+04
-1.559129058153457663e+04
-1.558269980126904738e+04
-1.558731272214729870e+04
-1.558675341175696303e+04
-1.558689429600522089e+04
-1.558689429600522089e+04
-1.559055528331688402e+04
-1.557616040232758496e+04
-1.557682431113753046e+04
-1.556969170767802461e+04
-1.556969170767802461e+04
-1.555796315243705794e+04
-1.554709817417305931e+04
-1.553525600663948717e+04
-1.552201546013591542e+04
-1.552201546013591542e+04
-1.551946358135092305e+04
-1.551481807092296731e+04
-1.551470854720010175e+04
-1.552273417412104573e+04
-1.552273417412104573e+04
-1.552051009328119289e+04
-1.551146957431108240e+04
-1.549832698639925911e+04
-1.548962752342770727e+04
-1.548962752342770727e+04
-1.548008237020895285e+04
-1.547043747162311774e+04
-1.545559367845090492e+04
-1.544293458041227495e+04
-1.544293458041227495e+04
-1.545366896419264049e+04
-1.545129748012064374e+04
-1.544805100448769008e+04
-1.543413993778030817e+04
-1.543413993778030817e+04
-1.543373120472158917e+04
-1.543944934523765187e+04
-1.542724424118544630e+04
-1.541573050604835771e+04
-1.541573050604835771e+04
-1.540969550199616788e+04
-1.540299013746724086e+04
-1.541326965504139480e+04
-1.542100222058450345e+04
-1.542100222058450345e+04
-1.542062331355541755e+04
-1.541038703450579305e+04
-1.541268252230115650e+04
-1.541012972230647028e+04
-1.541012972230647028e+04
-1.541641762558180744e+04
-1.541724919212697750e+04
-1.542740188797147493e+04
-1.542819185747739357e+04
-1.542819185747739357e+04
-1.542135841122656529e+04
-1.541444251909122613e+04
-1.540629583110524982e+04
-1.539736521272844402e+04
-1.539736521272844402e+04
-1.538326438521859563e+04
-1.537289044612687758e+04
-1.537637270348369566e+04
-1.536313359390428013e+04
-1.536313359390428013e+04
-1.536351942472614974e+04
-1.535516760829623308e+04
-1.535211437909193228e+04
-1.535395756024321417e+04
-1.535395756024321417e+04
-1.535225160975588005e+04
-1.535956421088211573e+04
-1.535704725029741348e+04
-1.534779680485342760e+04
-1.534779680485342760e+04
-1.535464736229623122e+04
-1.535669890894767923e+04
-1.536725244221284265e+04
-1.536704564118678900e+04
-1.536704564118678900e+04
-1.536608326536481763e+04
-1.537401655422215299e+04
-1.536753342674209853e+04
-1.535875081547172886e+04
-1.535875081547172886e+04
-1.534888018096770429e+04
-1.534224584303992197e+04
-1.534143577279673082e+04
-1.533397685642418219e+04
-1.533397685642418219e+04
-1.533587624315774701e+04
-1.532882005038776515e+04
-1.532849895231797564e+04
-1.533384618518898060e+04
-1.533384618518898060e+04
-1.532805551677244330e+04
-1.532374204176547391e+04
-1.532410003908828548e+04
-1.532573564217217427e+04
-1.532573564217217427e+04
-1.531884674734992586e+04
-1.532408579235310208e+04
-1.532185617675468529e+04
-1.531993091534442829e+04
-1.531993091534442829e+04
-1.531584281382477093e+04
-1.530723862812794141e+04
-1.529415628749252937e+04
-1.530104187361710319e+04
-1.530104187361710319e+04
-1.528963433507285845e+04
-1.527548848522064327e+04
-1.526767584437257756e+04
-1.527285267469657629e+04
-1.527285267469657629e+04
-1.527038334227679661e+04
-1.526492429800520949e+04
-1.527007796704161956e+04
-1.526543533775325704e+04
-1.526543533775325704e+04
-1.525868425661159563e+04
-1.525351249649815327e+04
-1.526092594416554130e+04
-1.525301273805308665e+04
-1.525301273805308665e+04
-1.524234510153343399e+04
-1.523858907114010981e+04
-1.523849800816136667e+04
-1.523695476497164418e+04
-1.523695476497164418e+04
-1.524362619769164849e+04
-1.523753221840224251e+04
-1.523411138115825815e+04
-1.522629602916513977e+04
-1.522629602916513977e+04
-1.522020463094726074e+04
-1.522657007624094513e+04
-1.521393189310493108e+04
-1.520294599283329080e+04
-1.520294599283329080e+04
-1.521064560091005296e+04
-1.520709472561876100e+04
-1.519454665518621368e+04
-1.518186094414657055e+04
-1.518186094414657055e+04
-1.518659392882267821e+04
-1.518740691556860656e+04
-1.518154388631331130e+04
-1.518643726901915943e+04
-1.518643726901915943e+04
-1.518091126191950934e+04
-1.517268634973975350e+04
-1.518068699850663870e+04
-1.517932414671982224e+04
-1.517932414671982224e+04
-1.516693521693762159e+04
-1.515107243453414958e+04
-1.515431085674809219e+04
-1.515336475282925858e+04
-1.515336475282925858e+04
-1.514897527672107390e+04
-1.514183573608034931e+04
-1.515123306801669241e+04
-1.515676738722889058e+04
-1.515676738722889058e+04
-1.516799273674535834e+04
-1.515361879540727205e+04
-1.515163482443605972e+04
-1.515581045829058530e+04
-1.515581045829058530e+04
-1.514239178657513548e+04
-1.513642852621041857e+04
-1.514038559722207719e+04
-1.513109610574899307e+04
-1.513109610574899307e+04
-1.512676744714675988e+04
-1.512292567795138530e+04
-1.511116704422713519e+04
-1.509933325026012244e+04
-1.509933325026012244e+04
-1.510734886532374367e+04
-1.511121466098055680e+04
-1.510745325569842134e+04
-1.510342694544147707e+04
-1.510342694544147707e+04
-1.509966703451649846e+04
-1.510734973438184534e+04
-1.511395319708614625e+04
-1.512038692196079865e+04
-1.512038692196079865e+04
-1.511187768364814838e+04
-1.511444468585926370e+04
-1.511223603489810012e+04
-1.510942385971214026e+04
-1.510942385971214026e+04
-1.511318761426074525e+04
-1.512100927166522706e+04
-1.511192978684464470e+04
-1.510853571149222262e+04
-1.510853571149222262e+04
-1.510835150844692180e+04
-1.510342017063193271e+04
-1.510917260291666389e+04
-1.509853974319163353e+04
-1.509853974319163353e+04
-1.510835525603652059e+04
-1.511864789401749840e+04
-1.511579863446110176e+04
-1.511522042483493169e+04
-1.511522042483493169e+04
-1.511566122090713179e+04
-1.511581734531891925e+04
-1.511466265502460192e+04
-1.511574559461716854e+04
-1.511574559461716854e+04
-1.510392575567980748e+04
-1.510557098388843951e+04
-1.509705936182328878e+04
-1.510769690751980488e+04
-1.510769690751980488e+04
-1.510391842171363351e+04
-1.510027107997417988e+04
-1.510367281847241065e+04
-1.510753059717769611e+04
-1.510753059717769611e+04
-1.510395266826191801e+04
-1.511063617887671535e+04
-1.511146319862748896e+04
-1.511087301655404008e+04
-1.511087301655404008e+04
-1.511105129700722136e+04
-1.511578962804667935e+04
-1.511235898521914169e+04
-1.510727426559486412e+04
-1.510727426559486412e+04
-1.509703880572920752e+04
-1.509496214113309907e+04
-1.509863030193614941e+04
-1.510461913004598500e+04
-1.510461913004598500e+04
-1.510376295548047165e+04
-1.509840757304181170e+04
-1.510715854034263793e+04
-1.509767899465043047e+04
-1.509767899465043047e+04
-1.509341687407134123e+04
-1.508844185508119699e+04
-1.508494791274124145e+04
-1.507803190203007034e+04
-1.507803190203007034e+04
-1.508490897271614449e+04
-1.508508400894171609e+04
-1.508050398938554645e+04
-1.507787748315423778e+04
-1.507787748315423778e+04
-1.507044486422226873e+04
-1.507013368701102627e+04
-1.506332588762779233e+04
-1.505436431439201260e+04
-1.505436431439201260e+04
-1.504484993408985611e+04
-1.505229207794943795e+04
-1.505030333392389912e+04
-1.505198038932849886e+04
-1.505198038932849886e+04
-1.505112444546571714e+04
-1.504653216199823692e+04
-1.504444479522536312e+04
-1.503887419093855715e+04
-1.503887419093855715e+04
-1.503118021409029279e+04
-1.502897826636353966e+04
-1.501683572711799934e+04
-1.501768276395983230e+04
-1.501768276395983230e+04
-1.501858959040963055e+04
-1.502147439982549258e+04
-1.501757425673269972e+04
-1.501157588000431861e+04
-1.501157588000431861e+04
-1.501535833549399831e+04
-1.500038342700923204e+04
-1.499135206330094479e+04
-1.498726140788462726e+04
-1.498726140788462726e+04
-1.498227528412965512e+04
-1.498268615331393266e+04
-1.497793319939009052e+04
-1.498113931885038437e+04
-1.498113931885038437e+04
-1.497704552986413000e+04
-1.496253936969734605e+04
-1.496575169531660504e+04
-1.496196417267914694e+04
-1.496196417267914694e+04
-1.495239518217943441e+04
-1.495160914936612244e+04
-1.495735181997731524e+04
-1.495966964622722844e+04
-1.495966964622722844e+04
-1.495800679806503831e+04
-1.495675416718543238e+04
-1.496356193238066953e+04
-1.495608844416545617e+04
-1.495608844416545617e+04
-1.495001787706888717e+04
-1.495096243817663708e+04
-1.495007001848202162e+04
-1.495769654608195196e+04
-1.495769654608195196e+04
-1.495254969419914414e+04
-1.494269503559547047e+04
-1.494934220435954194e+04
-1.494090661439082396e+04
-1.494090661439082396e+04
-1.494838341224850592e+04
-1.494619933619441508e+04
-1.494335837321705185e+04
-1.494182896334958241e+04
-1.494182896334958241e+04
-1.493541795361327422e+04
-1.493647407047795787e+04
-1.493307460579504186e+04
-1.493063749333143096e+04
-1.493063749333143096e+04
-1.491782040366886758e+04
-1.491993267619017934e+04
-1.490887563058448723e+04
-1.490064272719223300e+04
-1.490064272719223300e+04
-1.490399774540073304e+04
-1.490673120801665027e+04
-1.491049468862826507e+04
-1.490239945637504206e+04
-1.490239945637504206e+04
-1.489248914733466700e+04
-1.488550769608878181e+04
-1.487760839724491962e+04
-1.487479199468156366e+04
-1.487479199468156366e+04
-1.486121030483387403e+04
-1.485822744595943914e+04
-1.486092731298603940e+04
-1.484764745143264554e+04
-1.484764745143264554e+04
-1.484977770409184632e+04
-1.484745508019768567e+04
-1.484440338445400994e+04
-1.483680344901503304e+04
-1.483680344901503304e+04
-1.483387265960914920e+04
-1.483057314830620999e+04
-1.484037135893192863e+04
-1.484285014536234303e+04
-1.484285014536234303e+04
-1.484396590302024379e+04
-1.483622146352207346e+04
-1.483286550228894157e+04
-1.482691735286344738e+04
-1.482691735286344738e+04
-1.483044423798184289e+04
-1.483150056190091527e+04
-1.482848018864938240e+04
-1.481738602776826701e+04
-1.481738602776826701e+04
-1.481223581579339043e+04
-1.480653466215233675e+04
-1.480159766429486262e+04
-1.479005704171011348e+04
-1.479005704171011348e+04
-1.478485500953901101e+04
-1.478669272721048219e+04
-1.477777141532405221e+04
-1.476977565846377729e+04
-1.476977565846377729e+04
-1.477121664275678631e+04
-1.476093697018194325e+04
-1.476150707773899740e+04
-1.476528325875042719e+04
-1.476528325875042719e+04
-1.476083066800953384e+04
-1.475607636953492147e+04
-1.475115831915724630e+04
-1.475052766495018113e+04
-1.475052766495018113e+04
-1.474528623616800360e+04
-1.474552493393432633e+04
-1.474344976674400459e+04
-1.473233014683155670e+04
-1.473233014683155670e+04
-1.472489384807071656e+04
-1.472119630335986949e+04
-1.472716091359538223e+04
-1.472198285637121626e+04
-1.472198285637121626e+04
-1.472384047042046041e+04
-1.472339851597476809e+04
-1.471598022999158275e+04
-1.471188717243458268e+04
-1.471188717243458268e+04
-1.470108492381864926e+04
-1.469995612242852985e+04
-1.469357541303656399e+04
-1.469285472671203206e+04
-1.469285472671203206e+04
-1.469668279994364093e+04
-1.469574933845028863e+04
-1.469852914766287722e+04
-1.469308305837295302e+04
-1.469308305837295302e+04
-1.469735589649849680e+04
-1.470287649478159437e+04
-1.470374142495967135e+04
-1.469061280921137768e+04
-1.469061280921137768e+04
-1.467727184089889306e+04
-1.467614588482333420e+04
-1.466701187318514530e+04
-1.467185625969646935e+04
-1.467185625969646935e+04
-1.467142442410799049e+04
-1.466749646726142419e+04
-1.466087383098813916e+04
-1.465666555127694664e+04
-1.465666555127694664e+04
-1.465713258376110753e+04
-1.466213203337044797e+04
-1.465952844687089964e+04
-1.464790343349208706e+04
-1.464790343349208706e+04
-1.464812998416298615e+04
-1.464092689829696792e+04
-1.462893232417837680e+04
-1.462471501951010214e+04
-1.462471501951010214e+04
-1.462080658119979125e+04
-1.462625630062225900e+04
-1.461547174458899281e+04
-1.462364048060036112e+04
-1.462364048060036112e+04
-1.462088685620909564e+04
-1.463231554218082783e+04
-1.463152783098610962e+04
-1.463368717777663915e+04
-1.463368717777663915e+04
-1.464246695671399902e+04
-1.464192342443209054e+04
-1.463838505739407083e+04
-1.463301795925605802e+04
-1.463301795925605802e+04
-1.462980343017540145e+04
-1.462645842378267662e+04
-1.461726949910218536e+04
-1.461137731182467905e+04
-1.461137731182467905e+04
-1.460497879601391469e+04
-1.459812351183575629e+04
-1.459426780882434650e+04
-1.459319857410760051e+04
-1.459319857410760051e+04
-1.459103043072988476e+04
-1.459313761308273206e+04
-1.458925559703100771e+04
-1.458766055131627400e+04
-1.458766055131627400e+04
-1.457520115231461023e+04
-1.457743705697613768e+04
-1.456801311531505053e+04
-1.457511233107966291e+04
-1.457511233107966291e+04
-1.456704921420658502e+04
-1.455138013295843302e+04
-1.454499365935175410e+04
-1.455340789499673156e+04
-1.455340789499673156e+04
-1.456480585871743278e+04
-1.455847516889346480e+04
-1.454797179390204474e+04
-1.455233372273333407e+04
-1.455233372273333407e+04
-1.454886542499623283e+04
-1.454474451264193885e+04
-1.454268583263217261e+04
-1.454877005101161922e+04
-1.454877005101161922e+04
-1.455664812009035813e+04
-1.454738173940795787e+04
-1.454688773399171623e+04
-1.454618652206682418e+04
-1.454618652206682418e+04
-1.453824638729568323e+04
-1.454594635498175558e+04
-1.453912366390568423e+04
-1.452423925481854712e+04
-1.452423925481854712e+04
-1.453265848011645539e+04
-1.452963958360069591e+04
-1.453419831508677635e+04
-1.452752009546923728e+04
-1.452752009546923728e+04
-1.453047063566717952e+04
-1.452513203852873994e+04
-1.452481261052792797e+04
-1.452393365043856284e+04
-1.452393365043856284e+04
-1.451966866381299587e+04
-1.452621552022917967e+04
-1.452341295466698648e+04
-1.451499063039971588e+04
-1.451499063039971588e+04
-1.450557445993640795e+04
-1.449843813810906613e+04
-1.448830388779091300e+04
-1.448434963212668117e+04
-1.448434963212668117e+04
-1.448151051472824656e+04
-1.447504344433983169e+04
-1.446834361232555057e+04
-1.445879832271849227e+04
-1.445879832271849227e+04
-1.444630787354634958e+04
-1.443548890466002558e+04
-1.444061521592335521e+04
-1.444026312946581857e+04
-1.444026312946581857e+04
-1.444397104803442744e+04
-1.444957192821193166e+04
-1.444368636142405921e+04
-1.444821855474661788e+04
-1.444821855474661788e+04
-1.444234213425536655e+04
-1.444716021459745934e+04
-1.444293497844005105e+04
-1.444337844642572963e+04
-1.444337844642572963e+04
-1.443363888265895730e+04
-1.442165101834779489e+04
-1.441391057217637899e+04
-1.440171339661965612e+04
-1.440171339661965612e+04
-1.439660597786798280e+04
-1.440096491020969006e+04
-1.439905616797416042e+04
-1.438989117793484002e+04
-1.438989117793484002e+04
-1.439495484816297358e+04
-1.438944088696988911e+04
-1.439682481010745323e+04
-1.439049635508338724e+04
-1.439049635508338724e+04
-1.438238364013463797e+04
-1.437928367781780071e+04
-1.436742514394493264e+04
-1.437188279086664261e+04
-1.437188279086664261e+04
-1.435916081109053084e+04
-1.436330964032210613e+04
-1.435945345386217923e+04
-1.436306020218679623e+04
-1.436306020218679623e+04
-1.435585964103244805e+04
-1.435323007650299587e+04
-1.435110651204273745e+04
-1.435050700476873862e+04
-1.435050700476873862e+04
-1.435693088643721057e+04
-1.436179606971895555e+04
-1.436548287372895902e+04
-1.435657613370474428e+04
-1.435657613370474428e+04
-1.436229744374699112e+04
-1.436192878112203471e+04
-1.436249578847592784e+04
-1.436749237495332818e+04
-1.436749237495332818e+04
-1.436157599553407090e+04
-1.434809759841010418e+04
-1.433818031521106604e+04
-1.433407137960558975e+04
-1.433407137960558975e+04
-1.433652670294239033e+04
-1.433928831980831455e+04
-1.434203412913110515e+04
-1.434413919063976573e+04
-1.434413919063976573e+04
-1.434697234807915629e+04
-1.434753719425341842e+04
-1.435111736846183885e+04
-1.434552151721110749e+04
-1.434552151721110749e+04
-1.433989468773245426e+04
-1.433860616628556272e+04
-1.433831563876304426e+04
-1.434225718122116814e+04
-1.434225718122116814e+04
-1.433212305787285732e+04
-1.432602869823587935e+04
-1.433032153708449187e+04
-1.433003566147066886e+04
-1.433003566147066886e+04
-1.433070947534994048e+04
-1.433903052020942232e+04
-1.434388278202467882e+04
-1.434424546304151772e+04
-1.434424546304151772e+04
-1.434288553653307281e+04
-1.434223022529698574e+04
-1.434311659183442316e+04
-1.433921099285634773e+04
-1.433921099285634773e+04
-1.432815719564912797e+04
-1.432512356568694486e+04
-1.432629467671919883e+04
-1.431522908150618059e+04
-1.431522908150618059e+04
-1.431989386192154416e+04
-1.432424084992109965e+04
-1.432238351928423253e+04
-1.431781310015108102e+04
-1.431781310015108102e+04
-1.431727896723825870e+04
-1.430306176668804801e+04
-1.428886253046354250e+04
-1.428687736159386623e+04
-1.428687736159386623e+04
-1.428637805411384761e+04
-1.427563837204117408e+04
-1.427692741209984342e+04
-1.427236991911261066e+04
-1.427236991911261066e+04
-1.427952257523384833e+04
-1.428875302722693959e+04
-1.429170357004456491e+04
-1.428548950353979490e+04
-1.428548950353979490e+04
-1.428135966493966953e+04
-1.428079203449025590e+04
-1.428437696896528723e+04
-1.428471220621506291e+04
-1.428471220621506291e+04
-1.429416541380268973e+04
-1.429476969655560970e+04
-1.429718227010323244e+04
-1.430080389284709418e+04
-1.430080389284709418e+04
-1.429804581025309562e+04
-1.430590363899367185e+04
-1.430681246700445990e+04
-1.429787241288164296e+04
-1.429787241288164296e+04
-1.429375976486300897e+04
-1.428051834650247110e+04
-1.428003025539555892e+04
-1.427164060969009370e+04
-1.427164060969009370e+04
-1.426421108254924548e+04
-1.426109681014071066e+04
-1.425497892258525462e+04
-1.424557033136134851e+04
-1.424557033136134851e+04
-1.424762369148634571e+04
-1.425256611259249257e+04
-1.425628333085994200e+04
-1.425160248532497098e+04
-1.425160248532497098e+04
-1.424818780009717193e+04
-1.425376334847974613e+04
-1.424515484583055877e+04
-1.424432303569580654e+04
-1.424432303569580654e+04
-1.423263757017610806e+04
-1.422815741202189565e+04
-1.422056796628400116e+04
-1.421096423333530220e+04
-1.421096423333530220e+04
-1.420739150709487330e+04
-1.421193542370682189e+04
-1.420014024319858981e+04
-1.420590738602151941e+04
-1.420590738602151941e+04
-1.420269258219410040e+04
-1.420445967466124057e+04
-1.420713041184776012e+04
-1.419252043229043920e+04
-1.419252043229043920e+04
-1.419256724154135190e+04
-1.419474534073572431e+04
-1.418975070291601696e+04
-1.417457419353833575e+04
-1.417457419353833575e+04
-1.418014946161459011e+04
-1.417991080136335040e+04
-1.418121330553010193e+04
-1.417504920987718833e+04
-1.417504920987718833e+04
-1.417752463508096298e+04
-1.416699072262216396e+04
-1.417084431618604867e+04
-1.417346279072188736e+04
-1.417346279072188736e+04
-1.416218540849136843e+04
-1.416389050842670622e+04
-1.416230713543503225e+04
-1.415935073561208810e+04
-1.415935073561208810e+04
-1.414620489958323560e+04
-1.414515637515025992e+04
-1.414251458197400643e+04
-1.414234013670618697e+04
-1.414234013670618697e+04
-1.415131736906341212e+04
-1.414354026162137234e+04
-1.414449343035861966e+04
-1.414584189061845427e+04
-1.414584189061845427e+04
-1.415025944067912314e+04
-1.414482189733459018e+04
-1.413767362079773920e+04
-1.412482520363982439e+04
-1.412482520363982439e+04
-1.411715422577765275e+04
-1.411607058503098233e+04
-1.410280947173309869e+04
-1.410699548242753372e+04
-1.410699548242753372e+04
-1.411140547648242318e+04
-1.411035548362302325e+04
-1.409998525600233552e+04
-1.408802653594512776e+04
-1.408802653594512776e+04
-1.409109539319318355e+04
-1.409612456177131753e+04
-1.409397860048810981e+04
-1.409619919212222885e+04
-1.409619919212222885e+04
-1.408499120592927284e+04
-1.408629419059103384e+04
-1.408104626774925055e+04
-1.409182086449412600e+04
-1.409182086449412600e+04
-1.409122322861057910e+04
-1.407977460607181456e+04
-1.408366170922109268e+04
-1.407863942877862246e+04
-1.407863942877862246e+04
-1.408247789116665990e+04
-1.407756813120494735e+04
-1.407751001048089711e+04
-1.407717208491171004e+04
-1.407717208491171004e+04
-1.407474962772378422e+04
-1.407204929322188400e+04
-1.406887753911769869e+04
-1.407714314866633867e+04
-1.407714314866633867e+04
-1.407605875495340661e+04
-1.407546448622980461e+04
-1.407110151240375126e+04
-1.407498697284015179e+04
-1.407498697284015179e+04
-1.406579440175788841e+04
-1.406828772326099534e+04
-1.406934363348018996e+04
-1.405838906898182358e+04
-1.405838906898182358e+04
-1.406430359919955299e+04
-1.406219899948411876e+04
-1.405878301304550769e+04
-1.405314849413080083e+04
-1.405314849413080083e+04
-1.405071007181352616e+04
-1.404978955165718071e+04
-1.405485941784086208e+04
-1.405712241353994978e+04
-1.405712241353994978e+04
-1.405731395898847586e+04
-1.405281370282261923e+04
-1.405091138582456006e+04
-1.404561116385517380e+04
-1.404561116385517380e+04
-1.404483062848089685e+04
-1.403554322576715822e+04
-1.403323721549491529e+04
-1.403684004256249136e+04
-1.403684004256249136e+04
-1.403746547641928737e+04
-1.403992868332194121e+04
-1.404421635605141819e+04
-1.404236248114488626e+04
-1.404236248114488626e+04
-1.403353961839721887e+04
-1.402924882922666256e+04
-1.402151670576089782e+04
-1.402088477988184241e+04
-1.402088477988184241e+04
-1.402675379200695352e+04
-1.402032508335422062e+04
-1.402492288620836189e+04
-1.402218892239035995e+04
-1.402218892239035995e+04
-1.401458000025951696e+04
-1.401401323139493252e+04
-1.402113598908955646e+04
-1.402014483499216658e+04
-1.402014483499216658e+04
-1.400644141507682252e+04
-1.399594203828309037e+04
-1.399414444457391801e+04
-1.399783260201918529e+04
-1.399783260201918529e+04
-1.399395098592172872e+04
-1.399178105745855828e+04
-1.399807806336356043e+04
-1.399461479340442929e+04
-1.399461479340442929e+04
-1.399775400527951024e+04
-1.399575427186831985e+04
-1.399110229540794717e+04
-1.398508484743379086e+04
-1.398508484743379086e+04
-1.398258039801471386e+04
-1.397437607380369809e+04
-1.396381342359494010e+04
-1.396397517544253242e+04
-1.396397517544253242e+04
-1.396167887084691029e+04
-1.395906624150011885e+04
-1.395177810486109411e+04
-1.393759397441834517e+04
-1.393759397441834517e+04
-1.394072653103920675e+04
-1.394408411270804390e+04
-1.393699141789239911e+04
-1.394325121565896188e+04
-1.394325121565896188e+04
-1.395199776074590227e+04
-1.395544335654641509e+04
-1.394585587090254739e+04
-1.394839248671667156e+04
-1.394839248671667156e+04
-1.394310740969736798e+04
-1.393738829628269195e+04
-1.394407971066702703e+04
-1.393791219099196314e+04
-1.393791219099196314e+04
-1.393645639577062866e+04
-1.392931442946096286e+04
-1.392399028625482788e+04
-1.392651867639748525e+04
-1.392651867639748525e+04
-1.392326852992262866e+04
-1.391994052671676036e+04
-1.391350844215409234e+04
-1.391355990403859505e+04
-1.391355990403859505e+04
-1.392419521617903956e+04
-1.391340949400607133e+04
-1.391014511051376576e+04
-1.391793946773144125e+04
-1.391793946773144125e+04
-1.391265677589511688e+04
-1.390842420815838705e+04
-1.390068287241819053e+04
-1.390062375661875740e+04
-1.390062375661875740e+04
-1.390459057673934876e+04
-1.390780905395908849e+04
-1.390680864167317486e+04
-1.390982917667264701e+04
-1.390982917667264701e+04
-1.391225505937630442e+04
-1.391180466612762393e+04
-1.391169340060883223e+04
-1.391814046307043282e+04
-1.391814046307043282e+04
-1.392494111742290625e+04
-1.391693775116866163e+04
-1.392032895255380754e+04
-1.392330262766198939e+04
-1.392330262766198939e+04
-1.392352155910288457e+04
-1.392601844519390397e+04
-1.392739299865436624e+04
-1.391909315348860946e+04
-1.391909315348860946e+04
-1.391327339144500547e+04
-1.391678352904773965e+04
-1.391171882815203571e+04
-1.391714278636997005e+04
-1.391714278636997005e+04
-1.391530833380327385e+04
-1.391150110065396075e+04
-1.390909470163969854e+04
-1.390180809494983805e+04
-1.390180809494983805e+04
-1.390440185893582748e+04
-1.389855410530307017e+04
-1.389124379986867280e+04
-1.388854372395630708e+04
-1.388854372395630708e+04
-1.388445355498659228e+04
-1.387594325292297071e+04
-1.388401159120835837e+04
-1.387556860593756574e+04
-1.387556860593756574e+04
-1.387333932296542116e+04
-1.386740976412289820e+04
-1.387039930558133710e+04
-1.387334003719708562e+04
-1.387334003719708562e+04
-1.386885066019779879e+04
-1.385880417255245811e+04
-1.385585737064175009e+04
-1.384670662509201247e+04
-1.384670662509201247e+04
-1.384078440272205989e+04
-1.383750554337755057e+04
-1.383768561117940226e+04
-1.382396705034148363e+04
-1.382396705034148363e+04
-1.381827881030811113e+04
-1.381840785877356939e+04
-1.381474681879617128e+04
-1.382057506400882812e+04
-1.382057506400882812e+04
-1.382266485359691251e+04
-1.381035640373298338e+04
-1.381294597787528983e+04
-1.380338844828405490e+04
-1.380338844828405490e+04
-1.380460724744496474e+04
-1.381018991845806340e+04
-1.379955655954172107e+04
-1.379787893336656089e+04
-1.379787893336656089e+04
-1.380296385737288438e+04
-1.379939998036196084e+04
-1.380771497458220983e+04
-1.380197632443562179e+04
-1.380197632443562179e+04
-1.379322730386339208e+04
-1.379013189264896937e+04
-1.378784365372301545e+04
-1.377702451079853563e+04
-1.377702451079853563e+04
-1.377261370647947479e+04
-1.376823710736520115e+04
-1.377278613791419230e+04
-1.377465060318971337e+04
-1.377465060318971337e+04
-1.377116101478235396e+04
-1.376565761834679142e+04
-1.375781654789913409e+04
-1.375972745127678536e+04
-1.375972745127678536e+04
-1.376831592935175468e+04
-1.376593285023448698e+04
-1.376140465483232038e+04
-1.375880741364394089e+04
-1.375880741364394089e+04
-1.374668480827264102e+04
-1.374327427070108934e+04
-1.374226930731513858e+04
-1.374076710865633868e+04
-1.374076710865633868e+04
-1.373885815477438700e+04
-1.373707079828271526e+04
-1.373756718920119420e+04
-1.372904673607045697e+04
-1.372904673607045697e+04
-1.372401018384597774e+04
-1.371807113528600894e+04
-1.371330685081347838e+04
-1.371477844814884520e+04
-1.371477844814884520e+04
-1.371880278029833607e+04
-1.372165051901940933e+04
-1.372009722597168548e+04
-1.372296748045992172e+04
-1.372296748045992172e+04
-1.372874423372268757e+04
-1.372072698251050497e+04
-1.371440688027600299e+04
-1.371096481837904685e+04
-1.371096481837904685e+04
-1.369702619773736842e+04
-1.368615975491190693e+04
-1.367482357665081508e+04
-1.367300981866960865e+04
-1.367300981866960865e+04
-1.366939050987847259e+04
-1.367174360146605250e+04
-1.366131464674633935e+04
-1.366153316269110837e+04
-1.366153316269110837e+04
-1.366337704290345937e+04
-1.367057316693940629e+04
-1.367187007514561083e+04
-1.366468601315103842e+04
-1.366468601315103842e+04
-1.366210390631400696e+04
-1.366712876797978424e+04
-1.365815684314623650e+04
-1.365790919775646034e+04
-1.365790919775646034e+04
-1.366185299795658284e+04
-1.366416195789051926e+04
-1.365579935318071148e+04
-1.365822073893289780e+04
-1.365822073893289780e+04
-1.366558081115896312e+04
-1.366318429216132790e+04
-1.365763691694596855e+04
-1.365951432816686975e+04
-1.365951432816686975e+04
-1.365139067500598867e+04
-1.364682046866820565e+04
-1.364770973039551609e+04
-1.364909626775684410e+04
-1.364909626775684410e+04
-1.364860999119420194e+04
-1.364858970573675651e+04
-1.364705072837008083e+04
-1.364357447142466481e+04
-1.364357447142466481e+04
-1.364297200794882883e+04
-1.364154389078851455e+04
-1.364225239714488816e+04
-1.364141713497742967e+04
-1.364141713497742967e+04
-1.363383068059065226e+04
-1.363263395631543790e+04
-1.363252316042831808e+04
-1.363129413519066657e+04
-1.363129413519066657e+04
-1.362923208742545467e+04
-1.362111044646358278e+04
-1.361303574142039906e+04
-1.362115407847562528e+04
-1.362115407847562528e+04
-1.362719142719554839e+04
-1.362539271114253097e+04
-1.362457010931813420e+04
-1.362256061783097175e+04
-1.362256061783097175e+04
-1.361781479129160107e+04
-1.362304976599751717e+04
-1.362218182854135739e+04
-1.361974246685582330e+04
-1.361974246685582330e+04
-1.362133011081577206e+04
-1.361181018153555851e+04
-1.361282167200651929e+04
-1.360459976309220474e+04
-1.360459976309220474e+04
-1.360159000826408374e+04
-1.359168271019017266e+04
-1.357883203343307287e+04
-1.357850318586900721e+04
-1.357850318586900721e+04
-1.358328789004323880e+04
-1.358754478034964086e+04
-1.358388138729683305e+04
-1.358157978360964626e+04
-1.358157978360964626e+04
-1.357679104555810591e+04
-1.357069737356752739e+04
-1.356590708436408931e+04
-1.356395230975929735e+04
-1.356395230975929735e+04
-1.356095568342062325e+04
-1.355614425231229507e+04
-1.355761122588713988e+04
-1.356041271060490362e+04
-1.356041271060490362e+04
-1.356343893912316162e+04
-1.356609172296530414e+04
-1.355899754883522473e+04
-1.355378147212032854e+04
-1.355378147212032854e+04
-1.355156144862527981e+04
-1.354824084983754801e+04
-1.354496664642503129e+04
-1.353500566892330608e+04
-1.353500566892330608e+04
-1.353623425775668329e+04
-1.352790001121904606e+04
-1.352290784324011838e+04
-1.352221445701038647e+04
-1.352221445701038647e+04
-1.351435585480968984e+04
-1.351966105854449052e+04
-1.352477447715027847e+04
-1.352219930257847045e+04
-1.352219930257847045e+04
-1.351335290737486503e+04
-1.351793711427535709e+04
-1.350871723094300251e+04
-1.350192761051415982e+04
-1.350192761051415982e+04
-1.349366344299221964e+04
-1.348615003918157345e+04
-1.347930374818097880e+04
-1.347177489727835564e+04
-1.347177489727835564e+04
-1.347956012638267202e+04
-1.347173352537512437e+04
-1.346278836468705776e+04
-1.345283694960789580e+04
-1.345283694960789580e+04
-1.344577350755438238e+04
-1.343370579380546587e+04
-1.342029177579798852e+04
-1.341807056574122180e+04
-1.341807056574122180e+04
-1.341304450138095308e+04
-1.340384545127199999e+04
-1.339903355345947057e+04
-1.339262549194289932e+04
-1.339262549194289932e+04
-1.339127549264981280e+04
-1.339380795844928434e+04
-1.340082485471197106e+04
-1.339056646363108302e+04
-1.339056646363108302e+04
-1.338718368155214375e+04
-1.338536000432733454e+04
-1.338078549182346796e+04
-1.338171388931442743e+04
-1.338171388931442743e+04
-1.337911640138724579e+04
-1.336924546219888362e+04
-1.336879573206580426e+04
-1.336788992445395343e+04
-1.336788992445395343e+04
-1.335864174919383004e+04
-1.335259878879991811e+04
-1.334846389220457058e+04
-1.334688661755866997e+04
-1.334688661755866997e+04
-1.333718334780999248e+04
-1.332419458254909478e+04
-1.332423290568095581e+04
-1.332657084414884775e+04
-1.332657084414884775e+04
-1.332207582025477313e+04
-1.331790358846257550e+04
-1.331480127722149155e+04
-1.330874218198544258e+04
-1.330874218198544258e+04
-1.330151261983883160e+04
-1.329809297452999635e+04
-1.329221102103227713e+04
-1.329052783436671962e+04
-1.329052783436671962e+04
-1.329807551632939067e+04
-1.329695048188006331e+04
-1.329381860023261106e+04
-1.329194777962395347e+04
-1.329194777962395347e+04
-1.329783529732965690e+04
-1.329080679798125311e+04
-1.328540135516319242e+04
-1.328713421592361374e+04
-1.328713421592361374e+04
-1.328223165762163080e+04
-1.328211947093845629e+04
-1.328096950167739669e+04
-1.328144380311161513e+04
-1.328144380311161513e+04
-1.328136356268907366e+04
-1.327695714556502571e+04
-1.328248070987605024e+04
-1.326818643053828237e+04
-1.326818643053828237e+04
-1.326070043651029482e+04
-1.325840029950972348e+04
-1.325957967299347365e+04
-1.326228717255071024e+04
-1.326228717255071024e+04
-1.325345922611373317e+04
-1.324767509695742410e+04
-1.325057899020976947e+04
-1.325561377193279804e+04
-1.325561377193279804e+04
-1.325845167539260910e+04
-1.325755597873409533e+04
-1.325688450375296270e+04
-1.325604241878774337e+04
-1.325604241878774337e+04
-1.325292021773840679e+04
-1.325806807853385726e+04
-1.326021558863734026e+04
-1.326404144891335636e+04
-1.326404144891335636e+04
-1.326131028281410181e+04
-1.325666498464463075e+04
-1.326167721391734995e+04
-1.325983294258512251e+04
-1.325983294258512251e+04
-1.325369030131378713e+04
-1.325883774226529385e+04
-1.325827536477627291e+04
-1.325442464368725268e+04
-1.325442464368725268e+04
-1.324786236632882719e+04
-1.324333392835701488e+04
-1.323804375267338946e+04
-1.324182836475756085e+04
-1.324182836475756085e+04
-1.323983340198821134e+04
-1.324218462968117274e+04
-1.323968522570950881e+04
-1.323774490464160044e+04
-1.323774490464160044e+04
-1.323923260422296153e+04
-1.323319058029368352e+04
-1.323553101392252574e+04
-1.323311513325875967e+04
-1.323311513325875967e+04
-1.323135784568135750e+04
-1.322519106089833076e+04
-1.322598627632026182e+04
-1.322928859023866607e+04
-1.322928859023866607e+04
-1.321850626887545877e+04
-1.321590502279123211e+04
-1.321080645163606641e+04
-1.319743647634474110e+04
-1.319743647634474110e+04
-1.320041246849304298e+04
-1.319922756072730044e+04
-1.319579128913991917e+04
-1.319454259140246722e+04
-1.319454259140246722e+04
-1.320479528763320923e+04
-1.319474233044944958e+04
-1.319549944011569642e+04
-1.319334324196197122e+04
-1.319334324196197122e+04
-1.318186293945644320e+04
-1.317779135719379883e+04
-1.317030193512108053e+04
-1.316775546498665426e+04
-1.316775546498665426e+04
-1.316691359804206331e+04
-1.316051296484797058e+04
-1.316119806959169728e+04
-1.316003251305819504e+04
-1.316003251305819504e+04
-1.316673326726117921e+04
-1.315956847826701960e+04
-1.315774805656646822e+04
-1.316356890930078407e+04
-1.316356890930078407e+04
-1.316951515133395878e+04
-1.317158353079718836e+04
-1.317144697585980066e+04
-1.316428847656989456e+04
-1.316428847656989456e+04
-1.316239255979449263e+04
-1.316799769075757467e+04
-1.316945457961145439e+04
-1.316093463537066964e+04
-1.316093463537066964e+04
-1.315347180245462368e+04
-1.314906931259684825e+04
-1.314306692663766808e+04
-1.314473249428698728e+04
-1.314473249428698728e+04
-1.314412808668451180e+04
-1.313285693858350714e+04
-1.311988541828834786e+04
-1.311523077604587706e+04
-1.311523077604587706e+04
-1.310625523232052001e+04
-1.310199411991183661e+04
-1.311093168981584313e+04
-1.310825955181019708e+04
-1.310825955181019708e+04
-1.310930290885082104e+04
-1.311363662565654340e+04
-1.310773364402891093e+04
-1.311078533366715965e+04
-1.311078533366715965e+04
-1.310859704542998043e+04
-1.310309550038568887e+04
-1.309931948598070267e+04
-1.309859427136786871e+04
-1.309859427136786871e+04
-1.309936018879171024e+04
-1.309524498217762630e+04
-1.309909459531512221e+04
-1.308847529924232185e+04
-1.308847529924232185e+04
-1.309283962615783093e+04
-1.308806092378765243e+04
-1.308262420627177380e+04
-1.308095407893319316e+04
-1.308095407893319316e+04
-1.307623225289238326e+04
-1.307337933014126429e+04
-1.306854848432041217e+04
-1.307306436459356337e+04
-1.307306436459356337e+04
-1.307659052972963764e+04
-1.307985797044022729e+04
-1.307801679977692402e+04
-1.308482506874776664e+04
-1.308482506874776664e+04
-1.308106197508260993e+04
-1.307887791700397793e+04
-1.307589364633886726e+04
-1.308216244296492368e+04
-1.308216244296492368e+04
-1.307907214304821900e+04
-1.307350155779187662e+04
-1.307159983035637561e+04
-1.307072388742297153e+04
-1.307072388742297153e+04
-1.306554322775301989e+04
-1.306220275314251194e+04
-1.305634231937336335e+04
-1.306346952460716238e+04
-1.306346952460716238e+04
-1.305780069004934921e+04
-1.304423326768759944e+04
-1.304005181461435495e+04
-1.304463482088774799e+04
-1.304463482088774799e+04
-1.304240962915610544e+04
-1.304048911208567188e+04
-1.304132085289423230e+04
-1.303273570262058638e+04
-1.303273570262058638e+04
-1.302097647289469387e+04
-1.301937080991630864e+04
-1.301368676372864866e+04
-1.301695862801306066e+04
-1.301695862801306066e+04
-1.301918829358701987e+04
-1.302204006774257141e+04
-1.302666608795590400e+04
-1.302097980856233880e+04
-1.302097980856233880e+04
-1.301125719204060442e+04
-1.300263310195031227e+04
-1.298895717649598555e+04
-1.298675803658704535e+04
-1.298675803658704535e+04
-1.298497528046161642e+04
-1.297827335480601687e+04
-1.298753618544285564e+04
-1.297863836344636547e+04
-1.297863836344636547e+04
-1.297168328688023576e+04
-1.296987405470843078e+04
-1.296635945082475882e+04
-1.297219233716670897e+04
-1.297219233716670897e+04
-1.296995846233940392e+04
-1.297176326890431665e+04
-1.297540833698287315e+04
-1.297499838521495258e+04
-1.297499838521495258e+04
-1.296587460117202863e+04
-1.296861447703477825e+04
-1.297491168260218910e+04
-1.296366315895642583e+04
-1.296366315895642583e+04
-1.296222295091437445e+04
-1.295690986455706479e+04
-1.295805043377240145e+04
-1.296152499762363732e+04
-1.296152499762363732e+04
-1.295868825010123328e+04
-1.295648348809317940e+04
-1.296170725138305716e+04
-1.295676296274051856e+04
