7.603678767842981870e+03
7.602675428741869837e+03
7.601672091051065763e+03
7.600668752913496974e+03
7.599665412610904241e+03
7.598662072762261232e+03
7.597658733089496309e+03
7.596655394191281630e+03
7.595652069310031038e+03
7.594648731971257803e+03
7.593645401146527547e+03
7.592642053692226909e+03
7.591638727450087572e+03
7.590635407502241833e+03
7.589632051971178043e+03
7.588628688264791890e+03
7.587625405242568377e+03
7.586622109601064039e+03
7.585618699014642516e+03
7.584615424679122043e+03
7.583611908907376346e+03
7.582608453343292240e+03
7.581605236983330542e+03
7.580601873398270982e+03
7.579598505743060741e+03
7.578594912590662716e+03
7.577591458698402676e+03
7.576587593956644014e+03
7.575584216607367125e+03
7.574580945094560775e+03
7.573576964796327957e+03
7.572573486782517648e+03
7.571570026509227318e+03
7.570566983559477194e+03
7.569563982422980189e+03
7.568560588012160224e+03
7.567556960059820085e+03
7.566554031913693507e+03
7.565550270453414669e+03
7.564546982229068817e+03
7.563543359304730075e+03
7.562540234956049972e+03
7.561536290481388278e+03
7.560533775044527829e+03
7.559531314882949118e+03
7.558528610962648600e+03
7.557526924542224151e+03
7.556524199163167395e+03
7.555520895437519357e+03
7.554517088273293666e+03
7.553515692920314905e+03
7.552513447181695483e+03
7.551507319576855480e+03
7.550505622973133541e+03
7.549502601355341540e+03
7.548499914919363619e+03
7.547496882521125372e+03
7.546493131993714996e+03
7.545490075400833121e+03
7.544486966981358819e+03
7.543485475183751987e+03
7.542481051415877118e+03
7.541477311920570173e+03
7.540473254255339270e+03
7.539467212404713791e+03
7.538466126588878069e+03
7.537463532722178570e+03
7.536460585055866432e+03
7.535459610479032563e+03
7.534459012580497983e+03
7.533451119240040498e+03
7.532444932610490469e+03
7.531439975497179148e+03
7.530432968350241026e+03
7.529431888419239840e+03
7.528427074388341680e+03
7.527417349882214694e+03
7.526416113363638942e+03
7.525413249689834629e+03
7.524409233645457789e+03
7.523403541633464556e+03
7.522406536689469249e+03
7.521404705554198699e+03
7.520403960388203814e+03
7.519399524742942958e+03
7.518397637109079369e+03
7.517392875374646792e+03
7.516391929708067437e+03
7.515393694356303058e+03
7.514394108007682917e+03
7.513387808245494853e+03
7.512392573654811713e+03
7.511391543310332054e+03
7.510379593253743224e+03
7.509379262551065949e+03
7.508384349483679216e+03
7.507388125785147167e+03
7.506380720032433601e+03
7.505379805892717741e+03
7.504367895711388883e+03
7.503358304875063368e+03
7.502353447818069981e+03
7.501350028270406256e+03
7.500348522318697178e+03
7.499324461145899477e+03
7.498334044070173150e+03
7.497324948274951566e+03
7.496302751364791220e+03
7.495312334286513760e+03
7.494298251398251523e+03
7.493308257501552362e+03
7.492297107575068367e+03
7.491311947347090609e+03
7.490295600689820276e+03
7.489300161539713372e+03
7.488298506848855141e+03
7.487283528397748341e+03
7.486270957978455044e+03
7.485262682056311860e+03
7.484248613264172491e+03
7.483250956636755291e+03
7.482244359508443267e+03
7.481241176522670685e+03
7.480220814589960355e+03
7.479227922643977763e+03
7.478230057752338325e+03
7.477210944107563591e+03
7.476202346652368760e+03
7.475202433500706320e+03
7.474206121540326421e+03
7.473197774436167492e+03
7.472208098133556632e+03
7.471230772656221234e+03
7.470242731113816262e+03
7.469220866245897014e+03
7.468204472605969386e+03
7.467200438461281010e+03
7.466204671241630422e+03
7.465202226283792697e+03
7.464169547078508913e+03
7.463192512306126446e+03
7.462156664140815337e+03
7.461162054511072711e+03
7.460148587476230205e+03
7.459145476071301346e+03
7.458137920803638735e+03
7.457114154478034834e+03
7.456137781147821443e+03
7.455117773004077208e+03
7.454134897449790515e+03
7.453155442234531620e+03
7.452165646653826116e+03
7.451172007793834382e+03
7.450215891823347192e+03
7.449214233686342595e+03
7.448178923828649204e+03
7.447166826118203971e+03
7.446220753027469982e+03
7.445226834730956398e+03
7.444248832452466559e+03
7.443290228641675640e+03
7.442254867083391218e+03
7.441294559517487869e+03
7.440283681693877043e+03
7.439268004249339356e+03
7.438279349216071751e+03
7.437292580745053783e+03
7.436351078912060984e+03
7.435344084021323397e+03
7.434359528224877977e+03
7.433405126181977721e+03
7.432415196765160545e+03
7.431376725783473375e+03
7.430252175135878133e+03
7.429297214636450008e+03
7.428202386883796862e+03
7.427233551610775066e+03
7.426240870856170659e+03
7.425169833609415946e+03
7.424118317635573476e+03
7.423124773251745864e+03
7.422169754970796021e+03
7.421149883727990527e+03
7.420185675762510073e+03
7.419151757903774524e+03
7.418107341662703220e+03
7.417038428993572779e+03
7.416028507204712696e+03
7.415071614060479988e+03
7.414123029781249897e+03
7.413225873302310902e+03
7.412129733599853353e+03
7.411186818823040085e+03
7.410167330378414590e+03
7.409073246730421488e+03
7.408053392805070871e+03
7.406991444624587530e+03
7.405993984386087504e+03
7.405031141720270170e+03
7.404032047716560555e+03
7.403085693831013486e+03
7.402122193993518522e+03
7.401108350500275264e+03
7.400165901572769144e+03
7.399347064051817142e+03
7.398406679341993367e+03
7.397460635068848205e+03
7.396545634901319318e+03
7.395488705077837949e+03
7.394425379761551085e+03
7.393361639257462230e+03
7.392464917627104114e+03
7.391325363437085798e+03
7.390356925761431739e+03
7.389323436385264358e+03
7.388341023329868221e+03
7.387469088212254974e+03
7.386554888715853849e+03
7.385508242833820077e+03
7.384582549820956046e+03
7.383557332011980179e+03
7.382498016709365402e+03
7.381555254281078305e+03
7.380540754167267551e+03
7.379517327163518530e+03
7.378435414052676606e+03
7.377455615345437764e+03
7.376459246437807451e+03
7.375513996650974150e+03
7.374449236169690266e+03
7.373458726548871709e+03
7.372414881818524009e+03
7.371387525666719739e+03
7.370390536519559646e+03
7.369359689233361678e+03
7.368427885131609401e+03
7.367548479165330718e+03
7.366448789249684523e+03
7.365442733912154836e+03
7.364364189826123038e+03
7.363291420558182836e+03
7.362259875588661998e+03
7.361347063729889669e+03
7.360339805497358611e+03
7.359343881945742396e+03
7.358322973994894710e+03
7.357291881430452122e+03
7.356346891004049212e+03
7.355522192040823938e+03
7.354520265910706257e+03
7.353476774487437069e+03
7.352112192866538862e+03
7.351364889712456716e+03
7.350304526164336494e+03
7.349312501745517693e+03
7.348478618778527562e+03
7.347389422141172872e+03
7.346214596014158815e+03
7.345369529232626519e+03
7.344443418417556131e+03
7.343550791681484043e+03
7.342573292912003126e+03
7.341663104484667201e+03
7.340692501503413041e+03
7.339799352516969520e+03
7.338811050141921442e+03
7.337878854570490148e+03
7.336837581301349019e+03
7.335629471325966733e+03
7.334642420909638531e+03
7.333719223147236335e+03
7.332380397266105319e+03
7.331192274121102855e+03
7.330291705654115503e+03
7.329394481409299260e+03
7.328497430603260000e+03
7.327568901880122212e+03
7.326605661962115846e+03
7.325542900250903585e+03
7.324492206385033569e+03
7.323339740493590398e+03
7.322401502496873036e+03
7.321367302452597869e+03
7.320300208854430821e+03
7.319186068044788954e+03
7.318407078900672786e+03
7.317589894510920203e+03
7.316708622884270881e+03
7.315646842175576239e+03
7.314749075949260259e+03
7.313960383443686624e+03
7.312898254601572262e+03
7.312096298354421378e+03
7.310977309435955249e+03
7.310235610731236193e+03
7.309119167536809073e+03
7.308057835200798763e+03
7.307247579054856942e+03
7.306036713342431540e+03
7.304956163688665583e+03
7.303824124837316049e+03
7.302570822378404955e+03
7.301617669963472508e+03
7.300576064690246312e+03
7.299516187570550755e+03
7.298516570281169152e+03
7.297386180649200469e+03
7.296394233934429394e+03
7.295476666906924947e+03
7.294250630540429484e+03
7.293350872638627152e+03
7.291941613192119803e+03
7.290862252050096686e+03
7.289961860085783883e+03
7.288737231172111933e+03
7.287711397232531453e+03
7.286797687038236290e+03
7.285762435426508091e+03
7.284760490906081941e+03
7.283887093100375751e+03
7.283320797690456857e+03
7.282121469822865038e+03
7.281083379511672319e+03
7.280120141852557936e+03
7.279548731250743003e+03
7.278468010272355059e+03
7.277241653510275682e+03
7.276308984786404835e+03
7.275068547315582691e+03
7.274310398575919862e+03
7.273429173337677639e+03
7.272424851462199513e+03
7.271299561968134185e+03
7.270432004436887837e+03
7.269297118343192778e+03
7.268047539716152642e+03
7.267281875875110018e+03
7.265834718582062123e+03
7.264492745646292860e+03
7.263583240282889165e+03
7.262793104774323183e+03
7.261978852688465849e+03
7.261103525854409781e+03
7.259993268317124603e+03
7.259259114742761994e+03
7.258039527688716589e+03
7.257108843585236173e+03
7.256137891250302346e+03
7.255042706179911875e+03
7.254286637796003561e+03
7.253080879748082225e+03
7.251734062688457016e+03
7.250740738347839397e+03
7.249287806146277944e+03
7.248561763294906996e+03
7.247563936759584067e+03
7.246375082576089881e+03
7.245731755602291742e+03
7.244679288361918225e+03
7.243497556656888264e+03
7.242347802772113937e+03
7.241196395461191059e+03
7.240434354252089179e+03
7.239566505111322840e+03
7.238143913673289717e+03
7.237205305740072617e+03
7.236140838203739804e+03
7.235731646558525426e+03
7.235365101123855311e+03
7.234692332025936594e+03
7.233618103606987461e+03
7.232379628778032384e+03
7.231039465557697440e+03
7.230538735785782592e+03
7.230061503884790909e+03
7.228978474723962790e+03
7.227317248792078317e+03
7.225868726852845612e+03
7.224688173924806506e+03
7.223445148517734197e+03
7.221579247402319197e+03
7.220844454012606548e+03
7.219351027983811036e+03
7.218848072127642808e+03
7.217366407725412500e+03
7.216841426932358445e+03
7.215905731168057173e+03
7.214662459430381205e+03
7.213332098315308031e+03
7.212705144017742896e+03
7.211406074050350981e+03
7.210144302388693177e+03
7.209532439529854855e+03
7.208638304052471540e+03
7.208317793627082210e+03
7.207992175508392393e+03
7.207785004453628972e+03
7.207342372698532017e+03
7.206401752567430776e+03
7.205277342468284587e+03
7.203913661300868625e+03
7.203680789575263589e+03
7.202649199214723012e+03
7.200596851999919636e+03
7.199033030542939741e+03
7.198713055787964549e+03
7.197952845630715274e+03
7.196607707898536319e+03
7.195685092311382505e+03
7.194538453315709376e+03
7.193755569975853177e+03
7.193474617978564311e+03
7.191275992746563134e+03
7.190218802553684327e+03
7.188806745997043436e+03
7.187489143631022671e+03
7.185562998934829011e+03
7.184914777963477718e+03
7.183735679558352786e+03
7.182892992736728957e+03
7.181588810949447179e+03
7.180419263433635933e+03
7.178661191226692608e+03
7.177416204769601791e+03
7.176676165004324503e+03
7.175848337101192556e+03
7.174644468753996080e+03
7.172892416134515770e+03
7.172193737575382329e+03
7.171243288705363739e+03
7.170572243837887072e+03
7.168913049695955124e+03
7.168724467974734580e+03
7.167693289058989649e+03
7.167160496796596817e+03
7.166508055318228799e+03
7.165182495988701703e+03
7.164191158866809019e+03
7.162724338670996076e+03
7.161838810578084122e+03
7.160194241909043740e+03
7.159230278436223671e+03
7.157657208672280831e+03
7.156129668016297728e+03
7.154554745500787249e+03
7.152827395457178682e+03
7.152871504092351643e+03
7.152410573193119490e+03
7.151289122732466240e+03
7.150210413493672604e+03
7.149334765291571784e+03
7.148237536478380207e+03
7.147281401628712047e+03
7.147330634140580514e+03
7.146475811246584271e+03
7.145315332215838680e+03
7.144308424099965123e+03
7.142734969846743297e+03
7.142267185597105708e+03
7.142053666881150093e+03
7.140538643090309961e+03
7.138443729627309040e+03
7.137753958013400734e+03
7.136514008234705216e+03
7.134826452006183899e+03
7.134177854496477266e+03
7.133865583171847902e+03
7.132929505219040038e+03
7.131115989952753807e+03
7.130430989159290220e+03
7.130178968682168488e+03
7.128552140154753943e+03
7.127689617595322488e+03
7.127005240008068540e+03
7.126836594835996948e+03
7.125707883977196616e+03
7.125780662438267427e+03
7.125027573537546232e+03
7.123019826282693430e+03
7.121550187464841656e+03
7.120891312053402544e+03
7.119212335951890964e+03
7.118673142918259146e+03
7.118576270090749858e+03
7.118197622219159712e+03
7.117677852121949400e+03
7.116914071001268894e+03
7.114617404580498260e+03
7.113778164320522592e+03
7.113964415644080873e+03
7.113065305429302498e+03
7.112370899553656272e+03
7.110081149849475878e+03
7.108243149823464591e+03
7.107235232301250107e+03
7.106190849884794261e+03
7.104660013600905586e+03
7.102600403293196905e+03
7.102181679711749894e+03
7.101604486024983999e+03
7.100807411855033934e+03
7.100954311847843201e+03
7.099232864810071078e+03
7.098405830860403512e+03
7.096798655149612387e+03
7.095829969739042099e+03
7.095521615994790409e+03
7.094893758025588795e+03
7.093677582524622267e+03
7.092266871688564606e+03
7.092993842658047470e+03
7.091804315724863955e+03
7.089564931649585560e+03
7.088606247352440732e+03
7.087345800214213341e+03
7.087380525567373297e+03
7.084991399521804851e+03
7.082900415362978492e+03
7.080972140217175365e+03
7.079726032051928996e+03
7.077308724095901198e+03
7.077226513648082801e+03
7.077210127819636909e+03
7.077356218884281589e+03
7.076816119987081947e+03
7.076261502129733344e+03
7.075916599483035498e+03
7.075452552123800160e+03
7.073989611179585154e+03
7.072733051397575764e+03
7.072496679155438869e+03
7.071840269398197961e+03
7.072478333499017026e+03
7.072332418068402148e+03
7.070682544219592273e+03
7.070992457294052656e+03
7.068998888939140670e+03
7.068254545966186924e+03
7.068441732464432789e+03
7.067992111677006505e+03
7.067335995493660448e+03
7.065560976661290624e+03
7.065268918970273262e+03
7.064056124573884517e+03
7.062034236272992530e+03
7.061308890994037029e+03
7.059948927735338657e+03
7.058966839922873078e+03
7.057045165965937485e+03
7.057677319679576613e+03
7.058038962599179285e+03
7.057313168575323289e+03
7.057288405571007388e+03
7.056333452574045623e+03
7.055964525297888031e+03
7.054603805233021376e+03
7.053026207810537016e+03
7.052544541618426592e+03
7.051329811700036771e+03
7.049180523469443870e+03
7.047954072596988226e+03
7.047171615662198747e+03
7.046358134117340342e+03
7.044481367757609405e+03
7.043227937225316055e+03
7.041862930015364327e+03
7.039839585410425570e+03
7.036001334350384241e+03
7.035897908112136975e+03
7.035160709684538233e+03
7.033187424207938420e+03
7.032323068772375336e+03
7.031700329574731768e+03
7.029658926672423149e+03
7.027794643117278611e+03
7.025761506367404763e+03
7.025195887468355977e+03
7.024892243874974156e+03
7.024063295776561972e+03
7.023693810593875241e+03
7.021896177448895287e+03
7.020986025767301726e+03
7.020055982477368161e+03
7.018178003550189715e+03
7.015992200865763152e+03
7.014778165203121716e+03
7.015962246841591877e+03
7.014024830031406054e+03
7.014411222508784704e+03
7.013578157347214074e+03
7.011677127504195596e+03
7.009041930983406928e+03
7.007274861253386007e+03
7.005775707999944643e+03
7.006781278481373192e+03
7.004117577649703890e+03
7.003675252752809683e+03
7.002857145409217082e+03
7.004699617046347157e+03
7.004548033227133601e+03
7.003685351978185281e+03
7.002373158181059807e+03
7.001100582634178863e+03
7.000737626634232583e+03
6.998465273220412200e+03
6.996041879571462232e+03
6.994108666469798663e+03
6.991502921818396317e+03
6.990467345119110178e+03
6.989406329202952293e+03
6.989164680630832663e+03
6.988602294653779609e+03
6.986667344304157268e+03
6.983794733356005054e+03
6.983312084862503980e+03
6.983588540065998131e+03
6.981732053790846294e+03
6.981245206152876563e+03
6.980949880529298753e+03
6.980555283816939664e+03
6.979022284742808552e+03
6.976417063588556630e+03
6.975438649264551714e+03
6.975015611758242812e+03
6.973162046169180030e+03
6.973076939751212194e+03
6.970126179117683023e+03
6.968691216825528500e+03
6.970147289558883131e+03
6.967384917091901116e+03
6.965412825628473911e+03
6.965380954594040304e+03
6.964887493855094363e+03
6.965551123709288731e+03
6.964935980437830949e+03
6.962757853058230467e+03
6.961005362637178223e+03
6.960748160997150990e+03
6.960783996442059106e+03
6.959053652366584174e+03
6.957924378483696273e+03
6.956741713974929553e+03
6.957537632171633959e+03
6.956626280785465497e+03
6.956208978986683178e+03
6.954568250770425948e+03
6.953367938603601942e+03
6.952999872654626415e+03
6.950918936197166659e+03
6.950439811868921424e+03
6.949790200754761827e+03
6.947799664139118249e+03
6.946475964932998977e+03
6.944669639643924711e+03
6.942393005234398515e+03
6.943319621842483684e+03
6.941276419073075886e+03
6.941586774735369545e+03
6.942149620898689136e+03
6.940341005799777122e+03
6.937444666869753746e+03
6.936981260329352153e+03
6.934354387388047144e+03
6.933937286218321788e+03
6.934714590146804767e+03
6.932321706290762449e+03
6.932238726369803771e+03
6.929925534664936094e+03
6.926864465515561278e+03
6.924181652609074263e+03
6.924306980033918080e+03
6.923949689921616482e+03
6.923322381688108180e+03
6.924272405578688449e+03
6.921613655190554709e+03
6.920794746734880391e+03
6.921125990577852463e+03
6.920528231708241947e+03
6.920002654653979334e+03
6.920723678308823764e+03
6.918588277116906283e+03
6.915784446900578587e+03
6.914590883286791723e+03
6.914072086247746483e+03
6.914282178446601392e+03
6.914647042249569495e+03
6.912461513257977458e+03
6.910874306253018403e+03
6.909950589761418087e+03
6.906850720374455705e+03
6.904788153606382366e+03
6.902427323294746202e+03
6.901514082787904044e+03
6.900149842964138770e+03
6.896002857772129573e+03
6.895154648650736817e+03
6.894361621110995657e+03
6.894765494527850024e+03
6.892219872870793552e+03
6.891131509286212349e+03
6.887495338991629978e+03
6.887886610094487878e+03
6.886309298817514900e+03
6.884433675046577264e+03
6.882670783882386786e+03
6.883371779801605953e+03
6.881962843355448967e+03
6.879792207766003230e+03
6.878079466541908005e+03
6.878203819307361300e+03
6.877975206828738010e+03
6.879095637231971523e+03
6.877399563367195697e+03
6.876746984422918104e+03
6.875789688400184787e+03
6.875768299695738278e+03
6.876300665116783421e+03
6.877732665527496465e+03
6.874336669667016395e+03
6.873957793510192460e+03
6.872022041042482670e+03
6.870533875129518492e+03
6.869638079597465548e+03
6.869786435831495510e+03
6.870334473653262648e+03
6.870590454749986748e+03
6.869559178514004088e+03
6.867520239688810761e+03
6.865804058998201072e+03
6.864120640652868133e+03
6.863324695288549265e+03
6.862342728523282858e+03
6.863385261396591886e+03
6.860842647988821227e+03
6.858661922144203345e+03
6.853703688625329050e+03
6.853217909938904086e+03
6.851844921194985545e+03
6.852030849739629048e+03
6.850433302768124122e+03
6.846874626395587256e+03
6.842462287337561975e+03
6.841567852044641768e+03
6.838547590233748451e+03
6.838772487902910143e+03
6.838328203647702139e+03
6.840275557003296854e+03
6.838975648837218614e+03
6.839617228642923692e+03
6.836273469094544453e+03
6.835590597555315071e+03
6.833162817207812623e+03
6.831274027851550272e+03
6.828136505850514368e+03
6.828505924014048105e+03
6.826866804008849613e+03
6.824985693828528383e+03
6.824821851296372188e+03
6.822341466557341846e+03
6.822045205918769170e+03
6.820766622760910650e+03
6.818776038111643174e+03
6.816675742805190566e+03
6.817587407771833568e+03
6.817464613425733660e+03
6.815608358507552111e+03
6.815048817743325344e+03
6.813962601726204412e+03
6.810588928980670062e+03
6.808441385219716722e+03
6.801308391826637489e+03
6.799168484897280905e+03
6.797978030219844186e+03
6.796668463101858833e+03
6.797919538983557686e+03
6.797695257614149341e+03
6.796219030627856228e+03
6.795536283495568568e+03
6.796078481696178642e+03
6.792619983146613777e+03
6.792133966891612545e+03
6.791675856641896644e+03
6.790793066492497928e+03
6.791635461121260960e+03
6.790573884533576347e+03
6.789394670855534969e+03
6.788353619691509266e+03
6.787799904183127182e+03
6.786388543384708100e+03
6.783296727855408790e+03
6.782969473787031347e+03
6.781456699179148018e+03
6.780384701144187602e+03
6.777993095404470296e+03
6.772998967620870644e+03
6.773735512181788181e+03
6.774729463875006331e+03
6.774359515208399898e+03
6.776386966282018875e+03
6.776713678694505688e+03
6.778619469757758452e+03
6.780653867297227407e+03
6.780722995593058840e+03
6.778981066657680458e+03
6.774327635402696615e+03
6.773906974032277503e+03
6.776730926338094832e+03
6.775409381738399134e+03
6.773420865650648011e+03
6.772901576314481645e+03
6.773519083529659838e+03
6.769074137416940175e+03
6.766987488219304396e+03
6.766967218612517172e+03
6.767317279609543220e+03
6.765116732949610196e+03
6.763051841781800249e+03
6.762558326495845904e+03
6.760396374930271122e+03
6.757274668238627783e+03
6.755845808167100586e+03
6.753307961677309322e+03
6.747937225928046246e+03
6.746304148903540408e+03
6.744571655422460935e+03
6.741238771509611070e+03
6.739786923420666426e+03
6.736020302902295043e+03
6.737025345738348733e+03
6.734164620520952667e+03
6.732569644147230065e+03
6.728400388947487954e+03
6.725404490753315258e+03
6.724317154079737520e+03
6.724320939312696282e+03
6.728003252943418374e+03
6.730908511011277369e+03
6.729021480494533535e+03
6.731024280854478093e+03
6.730075270757717590e+03
6.728907301457996255e+03
6.727747855001711287e+03
6.726586936769173917e+03
6.725708970555524502e+03
6.723908779918187975e+03
6.725211381311842160e+03
6.726449821541065830e+03
6.725306324918075916e+03
6.727354653845359280e+03
6.723776137916672269e+03
6.721209898134415198e+03
6.717201787757391685e+03
6.716547959978376639e+03
6.713870839405415609e+03
6.715742397608983993e+03
6.715989437871413429e+03
6.716087451411428447e+03
6.714425296042783884e+03
6.713985947805467731e+03
6.713766289486997266e+03
6.713542757009292473e+03
6.712512142567304181e+03
6.707789502644703134e+03
6.705118828064696572e+03
6.705094976306857461e+03
6.701757536357992649e+03
6.701043634011089125e+03
6.700244806565734507e+03
6.699922051951637513e+03
6.699906623268988369e+03
6.699593236504565539e+03
6.696832362818804540e+03
6.695600615720335554e+03
6.698274964651830487e+03
6.698173520050760089e+03
6.698568509936251758e+03
6.696214619707104248e+03
6.695788492969524668e+03
6.696667214719312142e+03
6.696096591026854185e+03
6.697694951284152012e+03
6.694583253551870257e+03
6.693697353123747234e+03
6.691661716642063766e+03
6.687557730765202905e+03
6.687700558578347227e+03
6.685894890164464414e+03
6.687644566246873183e+03
6.683183204189411299e+03
6.683443284502096503e+03
6.683220626876794995e+03
6.684983027788152867e+03
6.683739854212954015e+03
6.685191737811639541e+03
6.684984570416838324e+03
6.680679427983514870e+03
6.681041824786321740e+03
6.678665212226203039e+03
6.677178018080143374e+03
6.671799229640873818e+03
6.672218448345027355e+03
6.671966323093459323e+03
6.670513744325470725e+03
6.670113467741502063e+03
6.669853579650813117e+03
6.668740534271455545e+03
6.672426165957288504e+03
6.670003619616755714e+03
6.669722790232349325e+03
6.671525097382829699e+03
6.668197142018475461e+03
6.666968305837076514e+03
6.668585865289691355e+03
6.667625299004784210e+03
6.666138661339203281e+03
6.662639766711871744e+03
6.664054235009081822e+03
6.664462023346425667e+03
6.664424150208462379e+03
6.659204299093560621e+03
6.659404060246637528e+03
6.657645684516407528e+03
6.655908655964913123e+03
6.657022689935734888e+03
6.654353946058527981e+03
6.654534890637102762e+03
6.655295970552730978e+03
6.654034449336706530e+03
6.652873186516974783e+03
6.653965128908570478e+03
6.654703578948248833e+03
6.653329042872906030e+03
6.649777688997422956e+03
6.647350459647023854e+03
6.645058454197691390e+03
6.647217708901983315e+03
6.647991290988051333e+03
6.642747851009422448e+03
6.639955493546404796e+03
6.641142648268162702e+03
6.639932112318662803e+03
6.639003327298386466e+03
6.638996707210750174e+03
6.637650127727381005e+03
6.636184823128804965e+03
6.631445884255404053e+03
6.627835080225528145e+03
6.628040213365754425e+03
6.626363190156439487e+03
6.628105373325141954e+03
6.626855756831477265e+03
6.626542732494900520e+03
6.622161609168605537e+03
6.624644997970851364e+03
6.623449392677984179e+03
6.627443369452457773e+03
6.626636598221314671e+03
6.626224265870513591e+03
6.622595714505061551e+03
6.623723467722609712e+03
6.619601169868368743e+03
6.619532190698717386e+03
6.619857841522843955e+03
6.620107613387470337e+03
6.616043657641111167e+03
6.615648683892776717e+03
6.616008415420139499e+03
6.614971551962992635e+03
6.613732882079822048e+03
6.611639767613741242e+03
6.608659989378741557e+03
6.606491289600466189e+03
6.607039844572660513e+03
6.608102788481361131e+03
6.608696133804279270e+03
6.608133603835238318e+03
6.608600357285568862e+03
6.605166578735211260e+03
6.605291892816046129e+03
6.605663926970725697e+03
6.604007251911671119e+03
6.601343393216672666e+03
6.597910625561349661e+03
6.599241980344316289e+03
6.599192610536909342e+03
6.596475413286827461e+03
6.598793458049330184e+03
6.597609287283811682e+03
6.600237271371844145e+03
6.598073591951269918e+03
6.596123305187106780e+03
6.592886264376927102e+03
6.593901361932716100e+03
6.592236354058239158e+03
6.594265726656932202e+03
6.591392532862371809e+03
6.590130892202972973e+03
6.589513996252891047e+03
6.593780700604297635e+03
6.591681771291117002e+03
6.590749796346833136e+03
6.588881057951712137e+03
6.590682849410000927e+03
6.587859292603357972e+03
6.585519574633316552e+03
6.580702338588273960e+03
6.580490601703511857e+03
6.577228344755018043e+03
6.574501730806879095e+03
6.574272471859962934e+03
6.571489650076092403e+03
6.570848784356521719e+03
6.569447404440816172e+03
6.568223547325135769e+03
6.563516329258116457e+03
6.564000805669684269e+03
6.563678474784122045e+03
6.563351063668703318e+03
6.561296200432702790e+03
6.559586239372210912e+03
6.559887913808503072e+03
6.559322746580267449e+03
6.554926113581964273e+03
6.556877654621238435e+03
6.556702106182125135e+03
6.554124107498351805e+03
6.550849264901655260e+03
6.553094809506404999e+03
6.553476208590534952e+03
6.551844716813548075e+03
6.546637924942869176e+03
6.547412138862965548e+03
6.548424882845644788e+03
6.545619162579770091e+03
6.549163362177824638e+03
6.548574652656893704e+03
6.549135647605124177e+03
6.547468735374700373e+03
6.545657417975612589e+03
6.546244887113938603e+03
6.544626556118255394e+03
6.543690887603015653e+03
6.544941488521098108e+03
6.544320228719247098e+03
6.541020173511636131e+03
6.539083393337585221e+03
6.536006545800299136e+03
6.531768720945262430e+03
6.527818302946279800e+03
6.529157344592031222e+03
6.528381859219070975e+03
6.527187491288772435e+03
6.521411243304934032e+03
6.516716445209506674e+03
6.514578664246747394e+03
6.514468381258247973e+03
6.511645065306664947e+03
6.508734887459994752e+03
6.502145556228613714e+03
6.504418829659398398e+03
6.502759083294641641e+03
6.499148506897724474e+03
6.498438732575750691e+03
6.495122879642669432e+03
6.497171163106538188e+03
6.497158350554243953e+03
6.497398239526435646e+03
6.496466817774266019e+03
6.490975158780218408e+03
6.488304858206981407e+03
6.487919087315613069e+03
6.486525984930430241e+03
6.485698248796386906e+03
6.483605405754963613e+03
6.483897867535913065e+03
6.481940031930551413e+03
6.477877023833229032e+03
6.473332599893738916e+03
6.472266979956102659e+03
6.470642519193628686e+03
6.473985662291817789e+03
6.474162506352780838e+03
6.472917970428287845e+03
6.469713599293447260e+03
6.469817731913861280e+03
6.468336741689186965e+03
6.466396616258297399e+03
6.465441035767101312e+03
6.464892706866578919e+03
6.463628306005832201e+03
6.466807539362289390e+03
6.465886146143539918e+03
6.466114628229751361e+03
6.466078362867947362e+03
6.463706622174023323e+03
6.464062954482512396e+03
6.460080838465555644e+03
6.459816983909337978e+03
6.457832387968999683e+03
6.454591609931964740e+03
6.452979441958225834e+03
6.450803697580316111e+03
6.452579663462303870e+03
6.453419696739450046e+03
6.453209757650813117e+03
6.456819146670881310e+03
6.460281783621929208e+03
6.457335586065207281e+03
6.453149459747928631e+03
6.452931125584616893e+03
6.451948165942981177e+03
6.453008928244053095e+03
6.449557764808152569e+03
6.452453587190244434e+03
6.450846880365606012e+03
6.450338973742027520e+03
6.447861889797792173e+03
6.447311705020510090e+03
6.446042667507972510e+03
6.447371560015143586e+03
6.444857642785137614e+03
6.443436055522530296e+03
6.443792616154076313e+03
6.444632607334017848e+03
6.443260703400017519e+03
6.438337728026076547e+03
6.436794686662812637e+03
6.435600453177534291e+03
6.432752512385140108e+03
6.429313101725567321e+03
6.426919308000407000e+03
6.429251625218746085e+03
6.427908000189355334e+03
6.427950089362172548e+03
6.427629667728961067e+03
6.425898127119507990e+03
6.426333810889909728e+03
6.424541662519718557e+03
6.425055159740048111e+03
6.424956731319110986e+03
6.420562302928237841e+03
6.420988304495297598e+03
6.419792899684010990e+03
6.420295142015558667e+03
6.417244454042163852e+03
6.418005749171341449e+03
6.414960631453685892e+03
6.409659084223430000e+03
6.412876110473652261e+03
6.408698622895656626e+03
6.408681558407965895e+03
6.407770421596471351e+03
6.402807751910944717e+03
6.405739868899556313e+03
6.407013060991236671e+03
6.405588034852032251e+03
6.403572170878740508e+03
6.404618070942268787e+03
6.400066785998166779e+03
6.405542571806848173e+03
6.401852850476288950e+03
6.395659735974929390e+03
6.394128130763278023e+03
6.390622548111469769e+03
6.391682705836714376e+03
6.391395501481356405e+03
6.389562719093062697e+03
6.390106809653537312e+03
6.385663491298452755e+03
6.383606453845938631e+03
6.378816113107969613e+03
6.375807669422125400e+03
6.371454126913491564e+03
6.368287962895038618e+03
6.364096222735174706e+03
6.359282623073305331e+03
6.357251030505295603e+03
6.354784442136411599e+03
6.350532029843589953e+03
6.351262460587168789e+03
6.349174482252363305e+03
6.348795208047873530e+03
6.346056109652669875e+03
6.343575707838173003e+03
6.342048124594747605e+03
6.341434005817695834e+03
6.340143684298764128e+03
6.337817619464578456e+03
6.338462317074497150e+03
6.338288525690459210e+03
6.335168733025795518e+03
6.336279176091261434e+03
6.340151086678605679e+03
6.338925996728670725e+03
6.340753324163996695e+03
6.339040884506366638e+03
6.332976972107500842e+03
6.331387449735047085e+03
6.331384926953440299e+03
6.330591798777071745e+03
6.332881490580793070e+03
6.330985660095198000e+03
6.331806975992029038e+03
6.331008011037830329e+03
6.329527294385427012e+03
6.323944625494528736e+03
6.324108698392488805e+03
6.319412657383898477e+03
6.317549287241228740e+03
6.318871480375789361e+03
6.322422572898366525e+03
6.321088790201661141e+03
6.319589002565972805e+03
6.320617756964696127e+03
6.321730617043217535e+03
6.317503515932785376e+03
6.315811569616260385e+03
6.314581723725447773e+03
6.316273423858653587e+03
6.314187533834121496e+03
6.309364557785763282e+03
6.309962100947521321e+03
6.309791698012257257e+03
6.306033304617552858e+03
6.302431127233057850e+03
6.302179793874720417e+03
6.302121843940414692e+03
6.300670178951285379e+03
6.301373322899953564e+03
6.300687163443870304e+03
6.302731007589139153e+03
6.299319135341663241e+03
6.295972701324180889e+03
6.295049672921720230e+03
6.293391703485351172e+03
6.294105395095735730e+03
6.295213702962295429e+03
6.296483791017158183e+03
6.291209492310034875e+03
6.286761526210281772e+03
6.290605976361439389e+03
6.285413784257482803e+03
6.283247811997637655e+03
6.285849850289139795e+03
6.285508859841337653e+03
6.283835191997603033e+03
6.285879873254417362e+03
6.282723712339459780e+03
6.281558330844872216e+03
6.278978247083007773e+03
6.276684111590161592e+03
6.280529030607096502e+03
6.283710173273100736e+03
6.281675910907246362e+03
6.279094613912210662e+03
6.279297242768639990e+03
6.280219696199274949e+03
6.281989160113585967e+03
6.280849802218953300e+03
6.282334375872967030e+03
6.279245352170801198e+03
6.278097112517014466e+03
6.280023319770948547e+03
6.276246454455059393e+03
6.276023213002446028e+03
6.276757087194892847e+03
6.275546614302351372e+03
6.276167179466848211e+03
6.275365664537347584e+03
6.274961920117914815e+03
6.272724578829785969e+03
6.270028262760776670e+03
6.267768704314763454e+03
6.271457493695981611e+03
6.274771421051170364e+03
6.270440671138889229e+03
6.268608997737796926e+03
6.268548579905695988e+03
6.268642955339244509e+03
6.267198896779556890e+03
6.269134910786514411e+03
6.268242736113979845e+03
6.268434131626061571e+03
6.268532585613937954e+03
6.265593639613517553e+03
6.266782215719282249e+03
6.268414908703905894e+03
6.268395490360273470e+03
6.267868208713470267e+03
6.267026626305960235e+03
6.266905614640197200e+03
6.266684612351603391e+03
6.268640226300294671e+03
6.267879480763372158e+03
6.266493452412527404e+03
6.266953580185026112e+03
6.265975958486685158e+03
6.265005166454157916e+03
6.264696477983732620e+03
6.264711530934752773e+03
6.261822061563601892e+03
6.258349909935525829e+03
6.259289649546200053e+03
6.259191994468514167e+03
6.259238672396193579e+03
6.258414985556506508e+03
6.253196272369589678e+03
6.251024462876502184e+03
6.248195941171642517e+03
6.248971953228739039e+03
6.245600424870523057e+03
6.244734056105567106e+03
6.248406779973214725e+03
6.251142340463980872e+03
6.257033366512457178e+03
6.257782274810470881e+03
6.259592025582500355e+03
6.260086465023005985e+03
6.260541167284754010e+03
6.258792202562893181e+03
6.254673769252424790e+03
6.251848036084083105e+03
6.251020274931488530e+03
6.247939894968996668e+03
6.248908723184952578e+03
6.246427894811748956e+03
6.245849620952859368e+03
6.247646826495273672e+03
6.247377933615609436e+03
6.246085413726036677e+03
6.248224707123104963e+03
6.243441884250434669e+03
6.240778879338915431e+03
6.241634294492428126e+03
6.240255816052705086e+03
6.236449225021301572e+03
6.236919414370553568e+03
6.233652612038729785e+03
6.232607439912426344e+03
6.231280095278978479e+03
6.227747272863576654e+03
6.226133644529415506e+03
6.226073676090968547e+03
6.228945354371372559e+03
6.230031288231500184e+03
6.227536241841226001e+03
6.220188703998765959e+03
6.219526794197041454e+03
6.217775448974289247e+03
6.215209253318628726e+03
6.215086911792336650e+03
6.214074321869678897e+03
6.214698606030309747e+03
6.216445084855838104e+03
6.215424103935026324e+03
6.214042393150848511e+03
6.211281067998205799e+03
6.211092297135732224e+03
6.209346201148502587e+03
6.209789495048950812e+03
6.207824891837067298e+03
6.209707361023529302e+03
6.210599410197961333e+03
6.207577275809535422e+03
6.210342392520061367e+03
6.207153760856103872e+03
6.207510738622079771e+03
6.208208331562359490e+03
6.207939049451857500e+03
6.207787303280359993e+03
6.208716132246599045e+03
6.205397594265464249e+03
6.200271540106477005e+03
6.200682827398251902e+03
6.199924193841620763e+03
6.200762718791708721e+03
6.197968845046124443e+03
6.201033172799909153e+03
6.200661167170946101e+03
6.201491538314780883e+03
6.201773100986839381e+03
6.204811963733218363e+03
6.204689899220512416e+03
6.205490571734947480e+03
6.202991533278548559e+03
6.198300249724050445e+03
6.200331498777214620e+03
6.199942728521004028e+03
6.201953535321652453e+03
6.198118568560182212e+03
6.194817425239728436e+03
6.195134161270263576e+03
6.194194911786321427e+03
6.188876544178452605e+03
6.187882020568197731e+03
6.188026864561210459e+03
6.187883783403841335e+03
6.185173911064132881e+03
6.184035270417894935e+03
6.182331082524558042e+03
6.182541189847291207e+03
6.182428019236313958e+03
6.181361005602158002e+03
6.177908702385740071e+03
6.177640934490618747e+03
6.174759675528519438e+03
6.172157164749413823e+03
6.173615421588960999e+03
6.174408469485838395e+03
6.179696540031191944e+03
6.175973749273126487e+03
6.176644440725172899e+03
6.175652707406909940e+03
6.176840219279499252e+03
6.171519534580816071e+03
6.169295130858704397e+03
6.167552807195309470e+03
6.168483594409189209e+03
6.165020275778042560e+03
6.163331072682733065e+03
6.164678251514639669e+03
6.164555692823113532e+03
6.164907255091386105e+03
6.162305389392668076e+03
6.159557323506418470e+03
6.156429062092905951e+03
6.155486478161858940e+03
6.151536742517392668e+03
6.148938412315186724e+03
6.150135851745710170e+03
6.146628709948047799e+03
6.145721893957262182e+03
6.142374090259036166e+03
6.141125834582958305e+03
6.143002017881701249e+03
6.143910606167768492e+03
6.142980668097186935e+03
6.141291968847285716e+03
6.140444956927989551e+03
6.137827347609898425e+03
6.137975541138651352e+03
6.138038939867447880e+03
6.140568235773974266e+03
6.140571964422563724e+03
6.140427672429406812e+03
6.140767459620804402e+03
6.143177547426005731e+03
6.143377878059361137e+03
6.142011435446471296e+03
6.142172507157935797e+03
6.138561530787175798e+03
6.136798296669458978e+03
6.135860803627126188e+03
6.134025233637247766e+03
6.133154759070215732e+03
6.133404077278896693e+03
6.132565994830226373e+03
6.131036570961205143e+03
6.129175236258110999e+03
6.130768604334016345e+03
6.131428059040465087e+03
6.128950493072728023e+03
6.130023289490661227e+03
6.129103137626460011e+03
6.128371054564300721e+03
6.128357512154132564e+03
6.125131617289483074e+03
6.125381630635380134e+03
6.120332004422655700e+03
6.119044612635685553e+03
6.121301770392883554e+03
6.118841908623084237e+03
6.117541546768228727e+03
6.119115482537105891e+03
6.116511190636196261e+03
6.114756460283384513e+03
6.111055342113874758e+03
6.111694907881155814e+03
6.111850187768818614e+03
6.111520606993776710e+03
6.107027175683267160e+03
6.106019361337022929e+03
6.108715951661744839e+03
6.104799396916357182e+03
6.104271728753623393e+03
6.102267386533931131e+03
6.101139768383720366e+03
6.100506688531909276e+03
6.099264530066197040e+03
6.092813367923628903e+03
6.090951151506919814e+03
6.089343448203771914e+03
6.087159040288559481e+03
6.089448052083297625e+03
6.090368689994507804e+03
6.091919379509942701e+03
6.091540056094621832e+03
6.094742402039249100e+03
6.095446571331530322e+03
6.091246495881283408e+03
6.092284962050609465e+03
6.090969732621989351e+03
6.091793330465185136e+03
6.093814298608015633e+03
6.094959300273703775e+03
6.094431328305912757e+03
6.089943061278763707e+03
6.090614655459088681e+03
6.094469794155299496e+03
6.095761588515129915e+03
6.096297052198580786e+03
6.095851023621981767e+03
6.095570383613871854e+03
6.095025201081425621e+03
6.093186273304266251e+03
6.092921179348946680e+03
6.087413568851709897e+03
6.088754576201373311e+03
6.089881228048820958e+03
6.088246745500983707e+03
6.088740304314529567e+03
6.089154879458938922e+03
6.088962060551325521e+03
6.084711697635575547e+03
6.084132420319709126e+03
6.082264281914853200e+03
6.082415380960073890e+03
6.079882795459895533e+03
6.078819432586087714e+03
6.076282174030463466e+03
6.075815033726083129e+03
6.072399977885295812e+03
6.072265425723519911e+03
6.070288789949502643e+03
6.071754053813845530e+03
6.068720376265844607e+03
6.069032307582506292e+03
6.067592153133319698e+03
6.067406974844824617e+03
6.068142417623171241e+03
6.064963506904131464e+03
6.066983600192173981e+03
6.064268396631579890e+03
6.066649759689564235e+03
6.062436290616529732e+03
6.062878913336039659e+03
6.062025327632790322e+03
6.061890052300300340e+03
6.061833384838387246e+03
6.060297611892739042e+03
6.055978135278825903e+03
6.054838670674293098e+03
6.055425908721338601e+03
6.053867041861924008e+03
6.052710126947882600e+03
6.052643980880387971e+03
6.053253915189945474e+03
6.052200386622584119e+03
6.050201981048619018e+03
6.048958079335963703e+03
6.049159238749806718e+03
6.048467224865734352e+03
6.047953650214759364e+03
6.042576978088643045e+03
6.037022525698653226e+03
6.039011315592131723e+03
6.042218556742304827e+03
6.043771538409023378e+03
6.043029647686093085e+03
6.043641026055119255e+03
6.042787593227145408e+03
6.041752690158050427e+03
6.042857301776275563e+03
6.040564375203743111e+03
6.039337437636831964e+03
6.039963081852780306e+03
6.034929082585103060e+03
6.035813566443922355e+03
6.030920552657521512e+03
6.031213712734209366e+03
6.030931371163119366e+03
6.028164029979856423e+03
6.026581642200980241e+03
6.026008271510747363e+03
6.030361288619833431e+03
6.029290505647971258e+03
6.027546589530878919e+03
6.030440063707417721e+03
6.031427706293062329e+03
6.030858263035653181e+03
6.030660573514553107e+03
6.028789883695877506e+03
6.029248499878085568e+03
6.030123255971333492e+03
6.028386625882863882e+03
6.027581791983279800e+03
6.024833937982341922e+03
6.022381505507510155e+03
6.027352400892921651e+03
6.027824463190826464e+03
6.027373606051504794e+03
6.028594233208819787e+03
6.024871540757450930e+03
6.020801687942062927e+03
6.018159584590744998e+03
6.017321967980504269e+03
6.014306721769753494e+03
6.011825523913804318e+03
6.012644459389480289e+03
6.015612121821881374e+03
6.014580978681523447e+03
6.015372144912533258e+03
6.013988320226391807e+03
6.008232260211539142e+03
6.005270314898672950e+03
6.003919098898345510e+03
6.004494197411924688e+03
6.003116856132076464e+03
6.000600209493674811e+03
6.001385356395657254e+03
6.004643306529445908e+03
6.002865453879233428e+03
6.004659454160808309e+03
6.003556544557572124e+03
6.006537790438664160e+03
6.005317721560370046e+03
6.004596070790029444e+03
6.003218946508779482e+03
6.000784528458017121e+03
5.997387667113142015e+03
5.998736132439345056e+03
5.995722372736559919e+03
5.994374805537701832e+03
5.994940628403914161e+03
5.997600631744277052e+03
6.001785502748633007e+03
6.002702420966749742e+03
5.998635122478273843e+03
5.998754989525428755e+03
6.000571028182956979e+03
5.999707573355230124e+03
5.994681834609011275e+03
5.993242151950058542e+03
5.991657334360237655e+03
5.993438418566597647e+03
5.994092106852440338e+03
5.990212886183407136e+03
5.986990008312112877e+03
5.983504524471523837e+03
5.983309733864271948e+03
5.980961969033666719e+03
5.979498375557228428e+03
5.977323076449740256e+03
5.974600898215745474e+03
5.974340339907220368e+03
5.973356378666397177e+03
5.971866934709243651e+03
5.971502512876503715e+03
5.968182974817130344e+03
5.967235117534099118e+03
5.965776591280980938e+03
5.961362325824064101e+03
5.962390019033901808e+03
5.962419258443769650e+03
5.960513699102679311e+03
5.959760158400341425e+03
5.958443005405167241e+03
5.956957662527333014e+03
5.956848042259668546e+03
5.954437902545977522e+03
5.953505479873594595e+03
5.953339332202495825e+03
5.953732692843313089e+03
5.949538855208015775e+03
5.946676873713121495e+03
5.946474999098423723e+03
5.947752320598289771e+03
5.949264337155121211e+03
5.949160209486549320e+03
5.945655444347106823e+03
5.941691355125405607e+03
5.937738521937301812e+03
5.939695913637756348e+03
5.939195748766122961e+03
5.931168975031089758e+03
5.927214375014742473e+03
5.930322812702338524e+03
5.929232273801839256e+03
5.926721064203608876e+03
5.925199301229419689e+03
5.922404972619660839e+03
5.920606270249110821e+03
5.919607061291554601e+03
5.918821190157759702e+03
5.918401510397292441e+03
5.912776221942996017e+03
5.915783411965694540e+03
5.913921591179257121e+03
5.911815718864723749e+03
5.912972000006955568e+03
5.909074335203171358e+03
5.908580236138129294e+03
5.907987800316887842e+03
5.898766615667945189e+03
5.890656083220774235e+03
5.893403150623520560e+03
5.893072624960889698e+03
5.890554409167910308e+03
5.889299647900254968e+03
5.887214961423916066e+03
5.884636981294067482e+03
5.883019295626140774e+03
5.881984067889909966e+03
5.883043733556398365e+03
5.879618265247464478e+03
5.878816194377966895e+03
5.877188584959739273e+03
5.874845786175078501e+03
5.866734576065138754e+03
5.865925533618412373e+03
5.868047807323622692e+03
5.869143313885370844e+03
5.869444422976700480e+03
5.868761586237827942e+03
5.869749219669844933e+03
5.864324810015496041e+03
5.860309813553699314e+03
5.858965401821000341e+03
5.859277986033778689e+03
5.855781238563707120e+03
5.857335697782440548e+03
5.859038143853717884e+03
5.860049456982961601e+03
5.858199252886503928e+03
5.851528978939034459e+03
5.855589731365286752e+03
5.854866966791952109e+03
5.852803453963605534e+03
5.853087725858403246e+03
5.856250486461373839e+03
5.852666040333990168e+03
5.850969844715915315e+03
5.850282302895348039e+03
5.847850123286119015e+03
5.842192299152440683e+03
5.844179095331704957e+03
5.848122501562741490e+03
5.841782490429952304e+03
5.840961885799478296e+03
5.845503285204674285e+03
5.847960115413514359e+03
5.845734518574180584e+03
5.848963891788537694e+03
5.847440192344146453e+03
5.846583895303553618e+03
5.842369119870376380e+03
5.838594519312526245e+03
5.838528868052833786e+03
5.829865896932443320e+03
5.829939145715518862e+03
5.831131769749052182e+03
5.831921041146098105e+03
5.832841821885944228e+03
5.836239061391098403e+03
5.834809279600644004e+03
5.834107397167763338e+03
5.833526397179255582e+03
5.833439991939453648e+03
5.833470572142637138e+03
5.831909018247317363e+03
5.833400846252889096e+03
5.834150755552819646e+03
5.830264165473579851e+03
5.830552992932935013e+03
5.826811910780648759e+03
5.823624174763522205e+03
5.823193421983201006e+03
5.825324716257581713e+03
5.823126585098209944e+03
5.824430060007994143e+03
5.821428224136557219e+03
5.821023331111852713e+03
5.817718213805181222e+03
5.816404332858182897e+03
5.815129638734748369e+03
5.814673304241476217e+03
5.815896915196751252e+03
5.813894978286524747e+03
5.808862949937543817e+03
5.807035529526201572e+03
5.805627942452263596e+03
5.803869782849407784e+03
5.805073868586269782e+03
5.804661261411076339e+03
5.804881983349283473e+03
5.807734559682709914e+03
5.808502577026283689e+03
5.806331464839547152e+03
5.806611241799281743e+03
5.802153209007448822e+03
5.795806612659169332e+03
5.799399930485926234e+03
5.802564474813657398e+03
5.801361532125519261e+03
5.805119711332778934e+03
5.803817112795707544e+03
5.800442081632577356e+03
5.807190363448491553e+03
5.807027014824729122e+03
5.808384327733685495e+03
5.808009096233457967e+03
5.806271394153415713e+03
5.811444371211202451e+03
5.808618267089174878e+03
5.804062965793185867e+03
5.800801929542312791e+03
5.798005363750598008e+03
5.797643207240231277e+03
5.800474632103871954e+03
5.800620521936320074e+03
5.800436700820092483e+03
5.802412427591630149e+03
5.799080417164228493e+03
5.799770233249317243e+03
5.798843521088130728e+03
5.798371319442294407e+03
5.796957006030257617e+03
5.799692883795980379e+03
5.796340357682907779e+03
5.795987394080018930e+03
5.794452579625278304e+03
5.791998083769393816e+03
5.793528878830970825e+03
5.794673348844026805e+03
5.791135353201549151e+03
5.789780599880755290e+03
5.788957576195605725e+03
5.790769621197449851e+03
5.790560449815781794e+03
5.792442037376240478e+03
5.786863292056715181e+03
5.789564885095837781e+03
5.783955865395078945e+03
5.778194361678539281e+03
5.778389605137672334e+03
5.780295732816653071e+03
5.782346823264780141e+03
5.779918192197864300e+03
5.778870619861034356e+03
5.777189175723323388e+03
5.774473664005427054e+03
5.774471513184652395e+03
5.774262430262166163e+03
5.773056284116461939e+03
5.773842597954392659e+03
5.770436094911509826e+03
5.769268874316103393e+03
5.768914604281101674e+03
5.768536225079934411e+03
5.766660267609068796e+03
5.766080272262314793e+03
5.764449641775621785e+03
5.761247414335279245e+03
5.761038658306219077e+03
5.760379519808048826e+03
5.759299607586107413e+03
5.757031008030687190e+03
5.756891511969480234e+03
5.758571703961744788e+03
5.757239513441383679e+03
5.757521498397617506e+03
5.756463855329651778e+03
5.756632686263064898e+03
5.751584871685740836e+03
5.750741575683843621e+03
5.751144461531713205e+03
5.750057341649604496e+03
5.748295179791726696e+03
5.746858364940258980e+03
5.744562819325828059e+03
5.741743880325661848e+03
5.739967458713352244e+03
5.740754688618324508e+03
5.736566655725137025e+03
5.735939779659460328e+03
5.734866519673219045e+03
5.733422574867350704e+03
5.731933599162913197e+03
5.733049579208178329e+03
5.728256377930257258e+03
5.728097630032366396e+03
5.726626100043635233e+03
5.721333586702787215e+03
5.721171044427820561e+03
5.717066381225288751e+03
5.717020310331386099e+03
5.717382446283019817e+03
5.713330610000123670e+03
5.713692212930699498e+03
5.713481475791215416e+03
5.709631210925652340e+03
5.707485544089548966e+03
5.708061450841873921e+03
5.708734837907366455e+03
5.710624997946766598e+03
5.708639246984549573e+03
5.708731192205173102e+03
5.705114922658606702e+03
5.704662097178243130e+03
5.700431909895612989e+03
5.702772344676779539e+03
5.695748995687129536e+03
5.695340277373664321e+03
5.696124051580406558e+03
5.698246621941089870e+03
5.696672106005445130e+03
5.694578558545788837e+03
5.691467741225102145e+03
5.692796234314407229e+03
5.693374755536679913e+03
5.690203895571899011e+03
5.692631194100147695e+03
5.690500270088874458e+03
5.686041044162524486e+03
5.685881191244717229e+03
5.688656784702779987e+03
5.687735877816105130e+03
5.685176824163456331e+03
5.684652862106088833e+03
5.684695250003547699e+03
5.686138151869017747e+03
5.687187444272658468e+03
5.684456130259568454e+03
5.681524250618350379e+03
5.681355053440604024e+03
5.679341834673020458e+03
5.680055225596716809e+03
5.679338122603252486e+03
5.677405150745757055e+03
5.673986556520321756e+03
5.673917537128560980e+03
5.674490801587029637e+03
5.676450309840357477e+03
5.674983185225158195e+03
5.672959948569238804e+03
5.671621458567627997e+03
5.669430233475135537e+03
5.665514371588506947e+03
5.664668641613801810e+03
5.661373740556467965e+03
5.661183994542811888e+03
5.661642436725439438e+03
5.660375903809227566e+03
5.659593396668552487e+03
5.660735734163060442e+03
5.663158266621348048e+03
5.661535935262878411e+03
5.658400090133944104e+03
5.656230694497316108e+03
5.654968986672806750e+03
5.654230683846710235e+03
5.655715376364143594e+03
5.654298613125184602e+03
5.651823956142542556e+03
5.651903570977818163e+03
5.651905035914033760e+03
5.656619889684258851e+03
5.654495442312878367e+03
5.653948342728467651e+03
5.649531052107106007e+03
5.647118110945993976e+03
5.647962899662945347e+03
5.647009980233424358e+03
5.644887243723419488e+03
5.641461941802371257e+03
5.641506386194744664e+03
5.640428910384451228e+03
5.638257803036462974e+03
5.637803381740403893e+03
5.634355744050364592e+03
5.632239574608175644e+03
5.633471952442635484e+03
5.631745759483816983e+03
5.627597768997791718e+03
5.629543452447581330e+03
5.627436906785410429e+03
5.626577055898368599e+03
5.628305665078045422e+03
5.625582861125280942e+03
5.626672895036402224e+03
5.625584767387246757e+03
5.624813751432019671e+03
5.625705454750469471e+03
5.624908471766329967e+03
5.627292497559636104e+03
5.625920024923708297e+03
5.622206506222227290e+03
5.619745106210259110e+03
5.617694102107084291e+03
5.616316240348312022e+03
5.614531827352937398e+03
5.611507089397156960e+03
5.611818838035225781e+03
5.610877748567117123e+03
5.609837308447319629e+03
5.606887416421708622e+03
5.607791286659588877e+03
5.607142878931710584e+03
5.604416503338243274e+03
5.600674732389175915e+03
5.595830781692135133e+03
5.595643596750406687e+03
5.593522054393222788e+03
5.590091167988073721e+03
5.590697071166610840e+03
5.588909010837451206e+03
5.589172180168485284e+03
5.588138243530406726e+03
5.586145944293219145e+03
5.584643936053238576e+03
5.584113290533739018e+03
5.585107639678999476e+03
5.584512854040843195e+03
5.582637795878941688e+03
5.586121967187712471e+03
5.589378930235891858e+03
5.586321190928609212e+03
5.587771737493538240e+03
5.588762904551783322e+03
5.588232524983358417e+03
5.587801356910671529e+03
5.587539123517956796e+03
5.587224792842045645e+03
5.590574166733785205e+03
5.587153368800748467e+03
5.585681078037272528e+03
5.582804572808746343e+03
5.581024036705796789e+03
5.582335526973596643e+03
5.583337680067570545e+03
5.583911464352401708e+03
5.585741697327804104e+03
5.578394752726819206e+03
5.577887586700850079e+03
5.573618007782099085e+03
5.571140195440312709e+03
5.570290544234868321e+03
5.570241293623214005e+03
5.569506194824718477e+03
5.565456747723621447e+03
5.562826586545384089e+03
5.562663122977720377e+03
5.558555510323971248e+03
5.557957270983303715e+03
5.556283178615842189e+03
5.554169616667617447e+03
5.556667322986532781e+03
5.555993397420276779e+03
5.553560858760440169e+03
5.548894430731445027e+03
5.548615352537702165e+03
5.547141297090863191e+03
5.548244153289761016e+03
5.549135767494515676e+03
5.548000444352254817e+03
5.543915667117996236e+03
5.546086660329304323e+03
5.543829590105159696e+03
5.542402653443719828e+03
5.540961079166022500e+03
5.540425730554934489e+03
5.539435523914312398e+03
5.540532273562218506e+03
5.540036236050844309e+03
5.538983133249277671e+03
5.537228897815640266e+03
5.538411858128934000e+03
5.533616619714890476e+03
5.531346958944128346e+03
5.533118795330865396e+03
5.530195904599228015e+03
5.531244549727111917e+03
5.531322531952217105e+03
5.529676895586233513e+03
5.529562581407983998e+03
5.525854331909407847e+03
5.527392842371093138e+03
5.523192884553906879e+03
5.519651323965327720e+03
5.520178237634686411e+03
5.517630808428701130e+03
5.513653657512011705e+03
5.513206742095248956e+03
5.511423152784174817e+03
5.509502168084723962e+03
5.507406666229680923e+03
5.509338223696600835e+03
5.507111849945509675e+03
5.505983544148893088e+03
5.506383984642318865e+03
5.505165222415984317e+03
5.501978417253233602e+03
5.500882794336896040e+03
5.501218510740979582e+03
5.497359997489854322e+03
5.498003887763894454e+03
5.496408853359600471e+03
5.494381474684073510e+03
5.492147191369600478e+03
5.493538747678926484e+03
5.490069083482479073e+03
5.491474691700777839e+03
5.489763331132753592e+03
5.487617651175921310e+03
5.489137023097189740e+03
5.486499113866972039e+03
5.487559911834842751e+03
5.486681013071249254e+03
5.485141639587477584e+03
5.482617478380836474e+03
5.483495337432380438e+03
5.480777545206175091e+03
5.480628911021062777e+03
5.479579644106074738e+03
5.477724558904574224e+03
5.476907821525652253e+03
5.472689672129086830e+03
5.470223992522555818e+03
5.469314901375522822e+03
5.470303576898904794e+03
5.471296848544631757e+03
5.468728368352811231e+03
5.467962152124200657e+03
5.465593323326002064e+03
5.465377003513388445e+03
5.464504264870291081e+03
5.461052265626191002e+03
5.458579903993618245e+03
5.458521187564047068e+03
5.458472493335422769e+03
5.455755745341454713e+03
5.456825702836596065e+03
5.459976597958078855e+03
5.460653993938703024e+03
5.460235737681377032e+03
5.457945760673771474e+03
5.456856843212904096e+03
5.452282037144543210e+03
5.450776258648908879e+03
5.448565150850735336e+03
5.451073743695493249e+03
5.452050194099172586e+03
5.450356496357126161e+03
5.446306560544890090e+03
5.446998672328896646e+03
5.447360818289113013e+03
5.445953307194260560e+03
5.442339730850991145e+03
5.440557172437983354e+03
5.438393628509531482e+03
5.438065228702010245e+03
5.437918578167745181e+03
5.433081433389070298e+03
5.434041965381808041e+03
5.434252082641401103e+03
5.431869860636287740e+03
5.430892295499958891e+03
5.429599238010147928e+03
5.426962720038505722e+03
5.425262437335445611e+03
5.427055220399039172e+03
5.424824873020837003e+03
5.421034884824980509e+03
5.418850376647401390e+03
5.415465516632286381e+03
5.412505664744036949e+03
5.412223847395585835e+03
5.411752216965347543e+03
5.410343292601754001e+03
5.407154920131366453e+03
5.407318287337751826e+03
5.406587532699782059e+03
5.406155351089185388e+03
5.406974116679038161e+03
5.405783147711882521e+03
5.404909800748872840e+03
5.404521925683662630e+03
5.402428134690548177e+03
5.396078004027493080e+03
5.397711541594973824e+03
5.399590063389209718e+03
5.392873715281450131e+03
5.391168690916487321e+03
5.387762922412854095e+03
5.388538038936115299e+03
5.388771102244979375e+03
5.386758852799372107e+03
5.385299848189548356e+03
5.383871390361779049e+03
5.381250370543137251e+03
5.377754167487455561e+03
5.374893037882447061e+03
5.377236161078946679e+03
5.374684654659351509e+03
5.372802916866061423e+03
5.370735320091894209e+03
5.367533520803067404e+03
5.368115410319123839e+03
5.366717898147594497e+03
5.364662712517699219e+03
5.363363253092728883e+03
5.361765848991939492e+03
5.362623055670353097e+03
5.362326358113995411e+03
5.361231981103791441e+03
5.361863606370852722e+03
5.363437452597979245e+03
5.363407705330475437e+03
5.365207460026464105e+03
5.362058456996762288e+03
5.363554214439839598e+03
5.360221048031722603e+03
5.362072137927710173e+03
5.356689468260863578e+03
5.355134767235589607e+03
5.353547998885816014e+03
5.351683364058040752e+03
5.350926111859262164e+03
5.354086317635321393e+03
5.351668694671024241e+03
5.350547931905652149e+03
5.349973013594320946e+03
5.349922165393749310e+03
5.347045362964836386e+03
5.347096576052627825e+03
5.348220446949267171e+03
5.344096544253940920e+03
5.342094209179400423e+03
5.338735824201205105e+03
5.336629172983668468e+03
5.337026083231961820e+03
5.334455529037421911e+03
5.332904673349903533e+03
5.330797434589404475e+03
5.330992362760293872e+03
5.329137216478318805e+03
5.328318528443286596e+03
5.328781976055005543e+03
5.326110973370681677e+03
5.323730851838150556e+03
5.323162864604483730e+03
5.322638228952071586e+03
5.319118174056299722e+03
5.319470117326016407e+03
5.317974041393496009e+03
5.319619869857820959e+03
5.318255684058322913e+03
5.317179031183453844e+03
5.316110305269698983e+03
5.314806877201760472e+03
5.312643825729508535e+03
5.310805463261203840e+03
5.308992850031326270e+03
5.310658551818270098e+03
5.307395164643871794e+03
5.305447621542886736e+03
5.303510259987633617e+03
5.302577616031437174e+03
5.300244213512517490e+03
5.299466529091429948e+03
5.299837235445780607e+03
5.300170424678070049e+03
5.300805028799135471e+03
5.301439760553541419e+03
5.299557005360792573e+03
5.300014213644157280e+03
5.299390704476936662e+03
5.295527738089310333e+03
5.294356423927362812e+03
5.294369644207981764e+03
5.291352324794638662e+03
5.290095075467111201e+03
5.288525811879030698e+03
5.287712349813641595e+03
5.287862571239104000e+03
5.287852447508355908e+03
5.287027370365898605e+03
5.286155466614221950e+03
5.283116417845871183e+03
5.282468446906237659e+03
5.279964243930341581e+03
5.278919670518201201e+03
5.276921117199554828e+03
5.278181303450490304e+03
5.277678716793168860e+03
5.276742437403243457e+03
5.274669832078056061e+03
5.273180744311353010e+03
5.272421774052391811e+03
5.270184070336109471e+03
5.267814111171863260e+03
5.267168459627352604e+03
5.265640111537434677e+03
5.262968033742803527e+03
5.260014089060597144e+03
5.259422084838595765e+03
5.259754586819213728e+03
5.256768113729825927e+03
5.255327991630299948e+03
5.255150174292552038e+03
5.254995520861750265e+03
5.252352418914616464e+03
5.251902387522395657e+03
5.250957312409025690e+03
5.251895886711242383e+03
5.253205074295427949e+03
5.251677306809586298e+03
5.250222087633113006e+03
5.247453156546795071e+03
5.248175992250175113e+03
5.247687614107427180e+03
5.245914720779819618e+03
5.243835446672913349e+03
5.242381578239700502e+03
5.242623343653738630e+03
5.240052651163683549e+03
5.240044535972840094e+03
5.236598405376221308e+03
5.234432652462997794e+03
5.233281715073683699e+03
5.233836365263628068e+03
5.231565001498865058e+03
5.230696653064474049e+03
5.228761770582196732e+03
5.226137830003260206e+03
5.226498917565605552e+03
5.224388333453117411e+03
5.221900235158034775e+03
5.218324371977557348e+03
5.216253584064006645e+03
5.215783032227564945e+03
5.214387867749512225e+03
5.213434461703312081e+03
5.213970179897502021e+03
5.216407736514615863e+03
5.214943867892371600e+03
5.216254051687951687e+03
5.214393956140246701e+03
5.212915728333142397e+03
5.212299887085579030e+03
5.211077323999575128e+03
5.211301478183989275e+03
5.210076993074619168e+03
5.208542079346972059e+03
5.204111724491824134e+03
5.202111220296905230e+03
5.203773607645048287e+03
5.202736987951325318e+03
5.203008632188708361e+03
5.199955986477840270e+03
5.199009836028993959e+03
5.198333408975753628e+03
5.198908333887060508e+03
5.198373898276739965e+03
5.197132149068926083e+03
5.195793992940549288e+03
5.195033379944434273e+03
5.192052938262962925e+03
5.190032279679596286e+03
5.190363295503751033e+03
5.189606534855579412e+03
5.189066931033755282e+03
5.188069401650246618e+03
5.186396692204863029e+03
5.183397739725113752e+03
5.183559795357830808e+03
5.180597931249723842e+03
5.180911549386747538e+03
5.179265792274566593e+03
5.174931673930968827e+03
5.176691419897203559e+03
5.176876968059134924e+03
5.175535169061480701e+03
5.174689397573235510e+03
5.172930465571670538e+03
5.170040405714559711e+03
5.168524895851890506e+03
5.166116544160207013e+03
5.166287400759640150e+03
5.166671918456224375e+03
5.165377929185315224e+03
5.165234437085283389e+03
5.163654408554298243e+03
5.162603419066104834e+03
5.162022589063678424e+03
5.161755151854215910e+03
5.159358907472262217e+03
5.158806462958050361e+03
5.157549461737296951e+03
5.158342661642446728e+03
5.157319709116884951e+03
5.156948854762227711e+03
5.155870192394391779e+03
5.154868641048763493e+03
5.153978846067854647e+03
5.153359131966264613e+03
5.151937714611010961e+03
5.150974830820260649e+03
5.150158151317044940e+03
5.148148064850362971e+03
5.147065498140472300e+03
5.146380210941712903e+03
5.145793950522250270e+03
5.144583516882446929e+03
5.143160679288539541e+03
5.141748043968274033e+03
5.140782568093669397e+03
5.140154659480759619e+03
5.138626035691191646e+03
5.137704142324781060e+03
5.137097685530223316e+03
5.135750127472439999e+03
5.134698920109868595e+03
5.133843864149750516e+03
5.133327880618297968e+03
5.132286043074549525e+03
5.131531570513249790e+03
5.130468418288198336e+03
5.129956046743807747e+03
5.128843515044426567e+03
5.128080585344032443e+03
5.126975963361148388e+03
5.125464695324722925e+03
5.123917540353518234e+03
5.122946590989128708e+03
5.121891885884123440e+03
5.120987413003442271e+03
5.119561522682501163e+03
5.118725137268776962e+03
5.117816645481078922e+03
5.116425793841449376e+03
5.115777712825936760e+03
5.114753640903367341e+03
5.113944177202311039e+03
5.113581318983388883e+03
5.112624085808900418e+03
5.111515103132686818e+03
5.110764072904197747e+03
5.109662410465602079e+03
5.108393645619061317e+03
5.107716964934102180e+03
5.107016979479157271e+03
5.105414876205356450e+03
5.104201785586639744e+03
5.103637885209196611e+03
5.102299998161675830e+03
5.101681578683801490e+03
5.100392722869144563e+03
5.099549701515167726e+03
5.098556456120120856e+03
5.096784007984538221e+03
5.096007624608459082e+03
5.094954768962984417e+03
5.094402635403558634e+03
5.093302344456098581e+03
5.092331312553551470e+03
5.091307785869433246e+03
5.090419038689683475e+03
5.089172192912793435e+03
5.088082352692889799e+03
5.087516850047216394e+03
5.086738515154222114e+03
5.085776341858691012e+03
5.084769510817237460e+03
5.084728740114916945e+03
5.083302771865402065e+03
5.082194954171769496e+03
5.081177479182292700e+03
5.080717535552109439e+03
5.079978261958001895e+03
5.078255679927022356e+03
5.077456121693128807e+03
5.076021770726060822e+03
5.074424689008100358e+03
5.073440776857426499e+03
5.072737611087713958e+03
5.071840404568430131e+03
5.070440728726665839e+03
5.069158185747438438e+03
5.068197274015603398e+03
5.067296016969330594e+03
5.066113124656357286e+03
5.065231139153955155e+03
5.064468471978435446e+03
5.063327850496079009e+03
5.062415477263736648e+03
5.061194099591979466e+03
5.059747090985797513e+03
5.059031253004103746e+03
5.057355221688018901e+03
5.056781578465502207e+03
5.055369301008575349e+03
5.054541924139104594e+03
5.052884458130593885e+03
5.052637034104196573e+03
5.051467775531448751e+03
5.050186806043704564e+03
5.048960573627106896e+03
5.048166468202200122e+03
5.046726594546057640e+03
5.046001948034886482e+03
5.045577121655469455e+03
5.044275805010330259e+03
5.042834335450957951e+03
5.041683020413982376e+03
5.040139309924697955e+03
5.039448697732022993e+03
5.038790469589630447e+03
5.037348623069190580e+03
5.037024433894394861e+03
5.035509459939790759e+03
5.034287359749447205e+03
5.032519991361490611e+03
5.031916046716824894e+03
5.030662514076372645e+03
5.029685391720818188e+03
5.028960942346320735e+03
5.027277325430618475e+03
5.026160711436912607e+03
5.025705689548973169e+03
5.024688053598732040e+03
5.023402844708951307e+03
5.022246369647196843e+03
5.020751720076878883e+03
5.019917890032752439e+03
5.019098708505527611e+03
5.018590085405368882e+03
5.017543669697429323e+03
5.016809173954688049e+03
5.016060654550924482e+03
5.015187577767618677e+03
5.014063527857253575e+03
5.012887397768139635e+03
5.011659034513152619e+03
5.010676046946508905e+03
5.009734711434606652e+03
5.008707256651810894e+03
5.008338690732874966e+03
5.007617286474845969e+03
5.007571379203929610e+03
5.006952432270017198e+03
5.005851809882163252e+03
5.005394339052111718e+03
5.004081627908975861e+03
5.003440091859883069e+03
5.002617182599482476e+03
5.000993680175924965e+03
4.999747984034114779e+03
4.998776632452902959e+03
4.997275956058215343e+03
4.996541432681558945e+03
4.995700984113354025e+03
4.994510253974387524e+03
4.993308939327733242e+03
4.992334645129277305e+03
4.991032210439939263e+03
4.990099736810268951e+03
4.988731258779158452e+03
4.987583199092683572e+03
4.986117816845237940e+03
4.984936982350735889e+03
4.983788935943351134e+03
4.982265618755433934e+03
4.980966647001111596e+03
4.979834640063447296e+03
4.978133682908430274e+03
4.977091148768922722e+03
4.976732084553926143e+03
4.976510757537181235e+03
4.975050962517318112e+03
4.975274249222857179e+03
4.974314284397443771e+03
4.972987853300070128e+03
4.972531569098430737e+03
4.971876059392712705e+03
4.970112944913609681e+03
4.969228805696192467e+03
4.968267631341007473e+03
4.967529194683914284e+03
4.967137787836769348e+03
4.966192142704374419e+03
4.964424232015025154e+03
4.963427494920505524e+03
4.962648214940696562e+03
4.961787961263938996e+03
4.961206426114286842e+03
4.960254966267066266e+03
4.959432917185372389e+03
4.958549273990434813e+03
4.957606014648127712e+03
4.956770215662382725e+03
4.955745402064804694e+03
4.954715387637642380e+03
4.953767946056740584e+03
4.952557299112136207e+03
4.951328467476429978e+03
4.950599073077200046e+03
4.949894222488667765e+03
4.948684788201795527e+03
4.947575822124978913e+03
4.947217037484166212e+03
4.945524740883782215e+03
4.944572597860639689e+03
4.943933132803656008e+03
4.942962060523685977e+03
4.941550370563654724e+03
4.939842279315385895e+03
4.938382749336822599e+03
4.938194620110159121e+03
4.937765300388577998e+03
4.936633532118458788e+03
4.935169592169410862e+03
4.933963108036280573e+03
4.932902136252659147e+03
4.932166898726751242e+03
4.931258766228776949e+03
4.930105256525690493e+03
4.929899395433524660e+03
4.929568675659581459e+03
4.928537754615147605e+03
4.927410809962914755e+03
4.926523808694324543e+03
4.925659185909747066e+03
4.926120388823695066e+03
4.924920749905538287e+03
4.923564340105577685e+03
4.923466773310868120e+03
4.922488902444375526e+03
4.921644826987276247e+03
4.920202449988536500e+03
4.919221990311159971e+03
4.918895726835283313e+03
4.917397069469136113e+03
4.916449533216215968e+03
4.915306806992464772e+03
4.914098130198755825e+03
4.912795671852479245e+03
4.911946944901964343e+03
4.910730228556340080e+03
4.909779820091254805e+03
4.908148792827409125e+03
4.906873061537737158e+03
4.905961009990614912e+03
4.905146293069904459e+03
4.904012823928864236e+03
4.902664260229871616e+03
4.901218187378297444e+03
4.900843570001937223e+03
4.899532990748769407e+03
4.897957708946165440e+03
4.896517801306592446e+03
4.895612714051744661e+03
4.894458846932533561e+03
4.893502285788584231e+03
4.892658016814420080e+03
4.890832692543396661e+03
4.890043134078382536e+03
4.888625676947281136e+03
4.888260036094124189e+03
4.886947902557286397e+03
4.884395511979492767e+03
4.883580300951654863e+03
4.883280487087742586e+03
4.883354738069723680e+03
4.882236579270437687e+03
4.881777961318626694e+03
4.880810120002453004e+03
4.879080218349261486e+03
4.877659562577225188e+03
4.877261290097971141e+03
4.876413899381131159e+03
4.875747285297192320e+03
4.875140489980545681e+03
4.874239279742278086e+03
4.873065241058311585e+03
4.872288814244501737e+03
4.871352084506651408e+03
4.870302383899720553e+03
4.869562229070705143e+03
4.868807177596264410e+03
4.867916344819375809e+03
4.867302234857034819e+03
4.866677657259097941e+03
4.866161822139438300e+03
4.864533305589368865e+03
4.863367061706170716e+03
4.860987030440113813e+03
4.860211160818406825e+03
4.859288324795273184e+03
4.857856261469494711e+03
4.856393495546792110e+03
4.855304783487830719e+03
4.854344326283123337e+03
4.853032399645503574e+03
4.852299867523066496e+03
4.851588132148743171e+03
4.850863131771704502e+03
4.848982238495068486e+03
4.847552679163133689e+03
4.847399072351793620e+03
4.846695033023976976e+03
4.846237928568589268e+03
4.844780974954251178e+03
4.843807505957453031e+03
4.842371243284856064e+03
4.841963193825514281e+03
4.840994790437225674e+03
4.839607484122934693e+03
4.838250472539466500e+03
4.837082313048419564e+03
4.835988478608192054e+03
4.835405540965596629e+03
4.834251675265843005e+03
4.833472569861416559e+03
4.832255306291609486e+03
4.830938466735677139e+03
4.830320493584767974e+03
4.829207586374235689e+03
4.828183993926162657e+03
4.827260118259389856e+03
4.825897409163800148e+03
4.824837697114464390e+03
4.824056233578768115e+03
4.823050820384596591e+03
4.822221390273347424e+03
4.821186810867781787e+03
4.820238833353610062e+03
4.819235067579987117e+03
4.818221992968637096e+03
4.817140538484455647e+03
4.816038965592431850e+03
4.815276737043631329e+03
4.814279728007823906e+03
4.813166789380587943e+03
4.812205962588995135e+03
4.811370274920778684e+03
4.810329889127065144e+03
4.809542511788828051e+03
4.808575532013903285e+03
4.807331046941964814e+03
4.806445134654611138e+03
4.805394416426905991e+03
4.804470559574850995e+03
4.803428817724091459e+03
4.802573805352689305e+03
4.801618930728904161e+03
4.800366145658212190e+03
4.799427959424248911e+03
4.798112571234039933e+03
4.796897686792284730e+03
4.796112447281580899e+03
4.794835638637037846e+03
4.794091026402725220e+03
4.793091150000924245e+03
4.791775734536860909e+03
4.790985816668561711e+03
4.789968634229096097e+03
4.788737835214609731e+03
4.787816369565576679e+03
4.787401865326482039e+03
4.786484713643450050e+03
4.785684196499185418e+03
4.784709192882994103e+03
4.783750382584359613e+03
4.782657258901239402e+03
4.781964499701761270e+03
4.781097246862554130e+03
4.780179431406098047e+03
4.779015290453282432e+03
4.778437417144010396e+03
4.777361992116836518e+03
4.776444795244947272e+03
4.775146182314119869e+03
4.774189830679268198e+03
4.773281500153574598e+03
4.772601514333159685e+03
4.771373378075110850e+03
4.770608533586717385e+03
4.769726897055762493e+03
4.768772338450490679e+03
4.767642142129214335e+03
4.766501779121350410e+03
4.765117763326332351e+03
4.764250112726780571e+03
4.763505479566697431e+03
4.762527569734829740e+03
4.761647412510546019e+03
4.761043489564580341e+03
4.759519553309427465e+03
4.758583300008922379e+03
4.757484893516043485e+03
4.756664852923991020e+03
4.756023428400076227e+03
4.755089670050261702e+03
4.754312709731720133e+03
4.753519674604395732e+03
4.752967224639526648e+03
4.752160169656268408e+03
4.750328519078943827e+03
4.748816724860789691e+03
4.747869706785806557e+03
4.746398379773754641e+03
4.745251292661001571e+03
4.744168956592913673e+03
4.743756254097293095e+03
4.742846536908152302e+03
4.742133596280385063e+03
4.740729910130293320e+03
4.739728251446030299e+03
4.739138867702678908e+03
4.737775744644808583e+03
4.736816376341220348e+03
4.735699401716043212e+03
4.734732326501989519e+03
4.733826331342535923e+03
4.732699978809802815e+03
4.731927705797251292e+03
4.730934187657358052e+03
4.730071753462677407e+03
4.729307808230198134e+03
4.728366488569894500e+03
4.727541743035700165e+03
4.726757295820162653e+03
4.725633503232486873e+03
4.724918184138653487e+03
4.723573438859624730e+03
4.722891564988882237e+03
4.721832852451620056e+03
4.720698609125692201e+03
4.719704693021244566e+03
4.718866044064370726e+03
4.717902339757750269e+03
4.716989572765353842e+03
4.715707636949087828e+03
4.714473142800540700e+03
4.713403525744884064e+03
4.712252320838850210e+03
4.711142265516009502e+03
4.710038657463674099e+03
4.708862226674699741e+03
4.707780334745692926e+03
4.707280646055936813e+03
4.706287248411406836e+03
4.705635304691551028e+03
4.704513864079908672e+03
4.703460442894835978e+03
4.702680414626954189e+03
4.701836487663521439e+03
4.700700609224876644e+03
4.699637168043691418e+03
4.698660019121634832e+03
4.698137965985447408e+03
4.697459022964954784e+03
4.696536633723609157e+03
4.695544890425629092e+03
4.694400109574282396e+03
4.693550280945897612e+03
4.692211159804542149e+03
4.691088459630557736e+03
4.689947662012679757e+03
4.688394691356797011e+03
4.687402665972224895e+03
4.686906394862033267e+03
4.685727003931774561e+03
4.684540881821664698e+03
4.683488088519542544e+03
4.682578797828331517e+03
4.681386680383106977e+03
4.680298231468843369e+03
4.679526172741691880e+03
4.679306672020763472e+03
4.679544189856406774e+03
4.678165820175014233e+03
4.676075758906235933e+03
4.676731146415314470e+03
4.675279182913796831e+03
4.673449747620061316e+03
4.673152660326758451e+03
4.672359034462850104e+03
4.671175715544792183e+03
4.670360277845237761e+03
4.669500867694031513e+03
4.667351997136544924e+03
4.666079510676702739e+03
4.665091146328646573e+03
4.663408900334242389e+03
4.661446457420112893e+03
4.660037204807937997e+03
4.657429155445205652e+03
4.658720152781771503e+03
4.657197236470577081e+03
4.655938029193020157e+03
4.654923494503607799e+03
4.655830840122353038e+03
4.652708610951932314e+03
4.651716289557443815e+03
4.651018923210290268e+03
4.650082230732555217e+03
4.650284977610009264e+03
4.649776821450061107e+03
4.648848683904097015e+03
4.648008311357090861e+03
4.647017120836886534e+03
4.646209719883964681e+03
4.643681336862683565e+03
4.639781786492236279e+03
4.637432341858951077e+03
4.636382061189301567e+03
4.636772019517734407e+03
4.635959132037241943e+03
4.635083234613663990e+03
4.634709600614165538e+03
4.634010538980451201e+03
4.632771583917722637e+03
4.631915926034615950e+03
4.631837378745715796e+03
4.629231252806658631e+03
4.629646896393876887e+03
4.629222613127460136e+03
4.627553688231388151e+03
4.626836953875294967e+03
4.626880688560043382e+03
4.625783713628153237e+03
4.625248543292387694e+03
4.624701784628347013e+03
4.623042218201699143e+03
4.624222569622014817e+03
4.623857295302057537e+03
4.622293066169730992e+03
4.621400679438514999e+03
4.621211530791189944e+03
4.619990667765768194e+03
4.619107487896776547e+03
4.617689264851924236e+03
4.617311017666928819e+03
4.614891001252954084e+03
4.613025513553968267e+03
4.612186173626901109e+03
4.612182173936180334e+03
4.610033420965164623e+03
4.609223450995309577e+03
4.608878408084534385e+03
4.607712941776313528e+03
4.606455191060910693e+03
4.604644451776346614e+03
4.604705813423345717e+03
4.601760762924408482e+03
4.600641654025780554e+03
4.600831772536607787e+03
4.599411025266123033e+03
4.597957085397640185e+03
4.597179024168996875e+03
4.596213431683966519e+03
4.595372787770596005e+03
4.597209994949676002e+03
4.595217193336449782e+03
4.594756183640345625e+03
4.593649133732142218e+03
4.592596635625749514e+03
4.592593967749869080e+03
4.590290440781413054e+03
4.588850549105887694e+03
4.589524696750146177e+03
4.588541862100509206e+03
4.588426656105300026e+03
4.584859374998280146e+03
4.585747039810954448e+03
4.584823397243347245e+03
4.583951281069479592e+03
4.582134193366778163e+03
4.581832996973335867e+03
4.580872240104853518e+03
4.578496799874747921e+03
4.577995230455610908e+03
4.576389401439536414e+03
4.574417613097854883e+03
4.573714406744456937e+03
4.572696961212704991e+03
4.572078575019099844e+03
4.570355807114022355e+03
4.567974433078804395e+03
4.567917008627443465e+03
4.566886062596963711e+03
4.564422690803597106e+03
4.564742343700441779e+03
4.564424021642359548e+03
4.562990898005429699e+03
4.563090647603737125e+03
4.562300147779796134e+03
4.561501430322129636e+03
4.560329554909837498e+03
4.559228417146864558e+03
4.558032919261576353e+03
4.557774581516611761e+03
4.558779956124508317e+03
4.558503801201705755e+03
4.556961168668547543e+03
4.554872758922694629e+03
4.552431053968167362e+03
4.549908240045802813e+03
4.548863772024392347e+03
4.549430751429100383e+03
4.549538481294134726e+03
4.548405171978676663e+03
4.548138220012430793e+03
4.546839034777590314e+03
4.545171409600251536e+03
4.544804678363226230e+03
4.544474407250643708e+03
4.543442977288056682e+03
4.542807246628656685e+03
4.541499415183494420e+03
4.540892769428760403e+03
4.539158338851216286e+03
4.538780902069917829e+03
4.538204114100360130e+03
4.536734146591757963e+03
4.536835526843741718e+03
4.535803580704453452e+03
4.537846465539357268e+03
4.537002216568052972e+03
4.534743042463425809e+03
4.535207364599948960e+03
4.533660339779198694e+03
4.532771699302200432e+03
4.533294337701329823e+03
4.533938392763999218e+03
4.530463018931334773e+03
4.529075241750861096e+03
4.529328863656556678e+03
4.528650672805286376e+03
4.530950537924944911e+03
4.532580130368865866e+03
4.529138340944557967e+03
4.528727134552421376e+03
4.523767445002350541e+03
4.523169564648465894e+03
4.523167747936349770e+03
4.523136776224567257e+03
4.518855838465155102e+03
4.514590591671356378e+03
4.508119965201618470e+03
4.507547565479872901e+03
4.506151214876303129e+03
4.505389009505927788e+03
4.501996531922936811e+03
4.501320293615899573e+03
4.500775777576229302e+03
4.496031650806869948e+03
4.496202744059511133e+03
4.491911643492324401e+03
4.487923489623544810e+03
4.489712117933574518e+03
4.488443207558926588e+03
4.490323356200296985e+03
4.493991607225357257e+03
4.490506702277702061e+03
4.490698720516437788e+03
4.492038878152255165e+03
4.495805210933176568e+03
4.494721753955926033e+03
4.498680826052198427e+03
4.499179306251650814e+03
4.498289539784848785e+03
4.495237979962973441e+03
4.497960088730802454e+03
4.497285789757619568e+03
4.494549212138501389e+03
4.493307264248295724e+03
4.492746868301221184e+03
4.491800020269135530e+03
4.491204346095277288e+03
4.489998267987127292e+03
4.489158379264588802e+03
4.485562077990483886e+03
4.487054853046594872e+03
4.488330130109950915e+03
4.491208270200854713e+03
4.493120955353254431e+03
4.491615089670349334e+03
4.492122184433947041e+03
4.487361874615830857e+03
4.485165644174171575e+03
4.482912062115071421e+03
4.483826081696527581e+03
4.479755654313345985e+03
4.481306348460269874e+03
4.478491023198947914e+03
4.476515630211495591e+03
4.477052445661031925e+03
4.476233258537831716e+03
4.472894999749448289e+03
4.471976997133790064e+03
4.470829317579353301e+03
4.470744079380564472e+03
4.469312183325229853e+03
4.463728215497931160e+03
4.459983305061994542e+03
4.460171743744686864e+03
4.459510752409152701e+03
4.459356600184909439e+03
4.462037515642409744e+03
4.459588462029496441e+03
4.460697619850965566e+03
4.461649512099691492e+03
4.463030036335791010e+03
4.466016531807998945e+03
4.469502854954061149e+03
4.466280262309573118e+03
4.462714587062359897e+03
4.457502443443284392e+03
4.455715881078669554e+03
4.451486955643646070e+03
4.448364956931373854e+03
4.448414593821522431e+03
4.447428424026265930e+03
4.443850312776027749e+03
4.439493320993591624e+03
4.438297082470356145e+03
4.435458009771810794e+03
4.436819552398736960e+03
4.434068395550505556e+03
4.431592683084215423e+03
4.428666445730636042e+03
4.428639082938609135e+03
4.424155004017798092e+03
4.425919873308936076e+03
4.428692612992201248e+03
4.424511489411560433e+03
4.423100082962634588e+03
4.424805473866982538e+03
4.423784581861157676e+03
4.421990838904558586e+03
4.420408957117749196e+03
4.419643371754810687e+03
4.416731692516013936e+03
4.418717874897026377e+03
4.415177705606662130e+03
4.412013486120111338e+03
4.407673570959336757e+03
4.402491141256337869e+03
4.402323103419942527e+03
4.404302569328736354e+03
4.401678818282910470e+03
4.403819182726962936e+03
4.403775987287780481e+03
4.402827718843361254e+03
4.401509671266374426e+03
4.399312582571497842e+03
4.397415517426351471e+03
4.395262149094717643e+03
4.393506196891822583e+03
4.390585887214106151e+03
4.394065623534846964e+03
4.393246639884261640e+03
4.392807945907262365e+03
4.389867931798298741e+03
4.387745284202030234e+03
4.386696124495229014e+03
4.388055819283491473e+03
4.390374632772082805e+03
4.390987647761534390e+03
4.388329858204611810e+03
4.387099508815141235e+03
4.383741607561030833e+03
4.379141812504709378e+03
4.380649090041042655e+03
4.376277251392225480e+03
4.374980510384585614e+03
4.373789999415939747e+03
4.373908191194783285e+03
4.369235658435361984e+03
4.367628406954191632e+03
4.368705256327876668e+03
4.365502639044964781e+03
4.361279674723713470e+03
4.362627359655664804e+03
4.359915622396057188e+03
4.357825216124340841e+03
4.358859297971540400e+03
4.358369721828958973e+03
4.357877449322681969e+03
4.357140155175630753e+03
4.356697194552976725e+03
4.358616687431990613e+03
4.358897075592327383e+03
4.362148806763477296e+03
4.360783365977060384e+03
4.361404572857638414e+03
4.360693609562959864e+03
4.360534930961562168e+03
4.358094244119987707e+03
4.356470870904294316e+03
4.354533347574464642e+03
4.354020382856152537e+03
4.352076833974319015e+03
4.351478848240519255e+03
4.351591064868777721e+03
4.350155353495930285e+03
4.349201965263616330e+03
4.348345834048456709e+03
4.348198030739748901e+03
4.346376470483090998e+03
4.347283017145511621e+03
4.348218841276478088e+03
4.347828343496897105e+03
4.347050993161659790e+03
4.345524697081465092e+03
4.345327707959955660e+03
4.343762916994188345e+03
4.342803510078140789e+03
4.341947590540659803e+03
4.342635939954256173e+03
4.342391536058000383e+03
4.342310698575700371e+03
4.339948752587273702e+03
4.338720706325933861e+03
4.338203385635842096e+03
4.336671816044862680e+03
4.335384194698650390e+03
4.334681697071839153e+03
4.333240473618461692e+03
4.331166063577589739e+03
4.329408338392510814e+03
4.327959024790428884e+03
4.327748096956586778e+03
4.326604182640303407e+03
4.324665660379890141e+03
4.323166329338789183e+03
4.323050581289265210e+03
4.322179397455353865e+03
4.321305050867771570e+03
4.319255194765158194e+03
4.318641966145779406e+03
4.316956982534692543e+03
4.315765272285971150e+03
4.314716266994223588e+03
4.312344246186808959e+03
4.310899000522100323e+03
4.308579222268737794e+03
4.307844494125672099e+03
4.306822378585006845e+03
4.306797147484499874e+03
4.304757569758531645e+03
4.303249388800758425e+03
4.301864816237404739e+03
4.298809594707398901e+03
4.299400333719811897e+03
4.297617774767792071e+03
4.298255170956235816e+03
4.297077140631777183e+03
4.295245145428216347e+03
4.294431600443953357e+03
4.292418889203303479e+03
4.290653900523778248e+03
4.289061393306005812e+03
4.287058878987909338e+03
4.286673606390040732e+03
4.285511566356478397e+03
4.284787883017319473e+03
4.284701927123547648e+03
4.283908869903396408e+03
4.282339196432189055e+03
4.282720815502383630e+03
4.283291715707844560e+03
4.282095702720746885e+03
4.280343386089167325e+03
4.279083014503357845e+03
4.275444476364302318e+03
4.274836521186401114e+03
4.273596608501756236e+03
4.274052628114533945e+03
4.273943916593888389e+03
4.272325436213128341e+03
4.271347318721526790e+03
4.270418746450195613e+03
4.268141519239788067e+03
4.268019499179276863e+03
4.268841422941472047e+03
4.268173076380979182e+03
4.268350172182533242e+03
4.266370644962201368e+03
4.265673985837519467e+03
4.265444871237572443e+03
4.264412243681685140e+03
4.261220147154871484e+03
4.261640105608517842e+03
4.260721037747242008e+03
4.260071871060327794e+03
4.260353605051377599e+03
4.257845745799193537e+03
4.254707949236090826e+03
4.254137216654464282e+03
4.253358126035318492e+03
4.253560890035937518e+03
4.252575619914471645e+03
4.251727433062021191e+03
4.250675528656735878e+03
4.249426848994190550e+03
4.247447664854211325e+03
4.243603383757336815e+03
4.241004953445233696e+03
4.240768674768040910e+03
4.240595997048368190e+03
4.239140613555475284e+03
4.238771484496504854e+03
4.236591671048129683e+03
4.234815081094157904e+03
4.234330338405339717e+03
4.232098187109190803e+03
4.228977354178078713e+03
4.227158671656976367e+03
4.225746636876338016e+03
4.224288744622774175e+03
4.223714081241429085e+03
4.221238247760762533e+03
4.220201827714135106e+03
4.220062591790662736e+03
4.218700025396694400e+03
4.218273670090407904e+03
4.217333048274496832e+03
4.217221634541446292e+03
4.214160408812504102e+03
4.213222997117465638e+03
4.212442065707219626e+03
4.209221541854301904e+03
4.208785401402246862e+03
4.209288900533784727e+03
4.208044443453710301e+03
4.207339223965070232e+03
4.204399468700295074e+03
4.202803970765973645e+03
4.202493294861409595e+03
4.201866793105765282e+03
4.201979083070481465e+03
4.200989247978372987e+03
4.198791865137106470e+03
4.197347058614001980e+03
4.197187012500857236e+03
4.195133887508849512e+03
4.193670679194603508e+03
4.192630698137650143e+03
4.191465362687978086e+03
4.190434865953090593e+03
4.190174462324690467e+03
4.187933991235913709e+03
4.187146019276104198e+03
4.187579585549127842e+03
4.186569717370444778e+03
4.185830741448251501e+03
4.182370118655605438e+03
4.181470429399753812e+03
4.178965668814551464e+03
4.177871172226928138e+03
4.178747379690941671e+03
4.177287140957606425e+03
4.178500000186976649e+03
4.174881362252602230e+03
4.171530866560166032e+03
4.170457253068015234e+03
4.168280589869023061e+03
4.167010240080036056e+03
4.163453392905595138e+03
4.165673389182387837e+03
4.165469925408401650e+03
4.159845700503356966e+03
4.162498048076221494e+03
4.157633210564353249e+03
4.158304667968781359e+03
4.159526626718325133e+03
4.159155446292785200e+03
4.155341677532900576e+03
4.156585321337465757e+03
4.155241692846471778e+03
4.154082011303034960e+03
4.153882936143654661e+03
4.149558960398224372e+03
4.145024800949415294e+03
4.144889158513015900e+03
4.144613118203392332e+03
4.142803785077132488e+03
4.140250349273992470e+03
4.139236611283884486e+03
4.136451572188103455e+03
4.136201984189952782e+03
4.135928926223747112e+03
4.134690599880205809e+03
4.132726990656214184e+03
4.131360212848290757e+03
4.129233585776466498e+03
4.124863141547586565e+03
4.120351220208934137e+03
4.117422950580322322e+03
4.116648535188136520e+03
4.114368698321105512e+03
4.113978037023810430e+03
4.114456382366239268e+03
4.109518330768911255e+03
4.110929465965005875e+03
4.108429109190766212e+03
4.107905500758366543e+03
4.106719608679437442e+03
4.109313485551430858e+03
4.106769518785159562e+03
4.104413739097010875e+03
4.105471824487441154e+03
4.104743916019271637e+03
4.104075137775756048e+03
4.100399482509114023e+03
4.097266550229171116e+03
4.095754315579821196e+03
4.092667956783198861e+03
4.088815276082334094e+03
4.090348713301863427e+03
4.090145902145723994e+03
4.088772879675451804e+03
4.088634576761437984e+03
4.088749146173264307e+03
4.086565007273977244e+03
4.084946219078025479e+03
4.083102258658921073e+03
4.081711705123732827e+03
4.082636033737808702e+03
4.079408790849719480e+03
4.078597484666909168e+03
4.078723027264024950e+03
4.075596413995272997e+03
4.074459176517689684e+03
4.080755230930030393e+03
4.081099603496399595e+03
4.081678287662885396e+03
4.081005635409255319e+03
4.077663207062817946e+03
4.078949339265406707e+03
4.077218008117488807e+03
4.073043163002657820e+03
4.072989860400798534e+03
4.069340602333293646e+03
4.067337527414084889e+03
4.067138167057933970e+03
4.069507585305261273e+03
4.068316737363363700e+03
4.063725750988237905e+03
4.059675735080681989e+03
4.059695290584109443e+03
4.057157749927230725e+03
4.055444837112219375e+03
4.051093011360347646e+03
4.048166436355116730e+03
4.049583424024466240e+03
4.048492384817504899e+03
4.049067234218317935e+03
4.052465574966105578e+03
4.048603166856231837e+03
4.043730787392941238e+03
4.040148756472035984e+03
4.036167911171563446e+03
4.037551469356860252e+03
4.038139407686654977e+03
4.032699313241901564e+03
4.029901002126029653e+03
4.026207690726285819e+03
4.025646599015782158e+03
4.020160034208345678e+03
4.018289424871724350e+03
4.019122894279668344e+03
4.019540122515940311e+03
4.019276851124871882e+03
4.016759109469790928e+03
4.014621189103645975e+03
4.016784696723490470e+03
4.017112235509885068e+03
4.016223344065929268e+03
4.012582502567969186e+03
4.010361360692938433e+03
4.005348184910492819e+03
3.998951165419587596e+03
3.995852730868658000e+03
3.995448643556687784e+03
3.989649972690819595e+03
3.985646126463150722e+03
3.987070325725849216e+03
3.984994073828128876e+03
3.983902958450649749e+03
3.983714732624038334e+03
3.982877991583807670e+03
3.983843299092344296e+03
3.982248370643943417e+03
3.978834304429108215e+03
3.977276792476674473e+03
3.976815132494295540e+03
3.978063797524936035e+03
3.977595618292287327e+03
3.976242684691118484e+03
3.974738560230771782e+03
3.976487322079077785e+03
3.975308864125400760e+03
3.974327569502871938e+03
3.976430592151121800e+03
3.975723384838388938e+03
3.980230305940818198e+03
3.979713097499849937e+03
3.982329312143026982e+03
3.981014105241243669e+03
3.982535351804740458e+03
3.980627722868026012e+03
3.979991075044547415e+03
3.978856836168790323e+03
3.979462098749569577e+03
3.979482040296873947e+03
3.970658286286942257e+03
3.973868980792607090e+03
3.971579015821213034e+03
3.972938834874276836e+03
3.971389373632323895e+03
3.966385363822908403e+03
3.962792940437464040e+03
3.965365152393146673e+03
3.977096169972915504e+03
3.979302486526415123e+03
3.975580503984634561e+03
3.978109286328296548e+03
3.975154914733562237e+03
3.977694146833414834e+03
3.977680587376055882e+03
3.978921516263698322e+03
3.974005740279532347e+03
3.969688337930905163e+03
3.967083977118001258e+03
3.964061520572777226e+03
3.963906121625755532e+03
3.957635944501778795e+03
3.956487764491858343e+03
3.960301884500739561e+03
3.957979691112847377e+03
3.964797031577470989e+03
3.960197334968514042e+03
3.958717113494699333e+03
3.952822784730092280e+03
3.953456285646613651e+03
3.956704091899198374e+03
3.959658773662412386e+03
3.962791838257208383e+03
3.972374505627494727e+03
3.971315660189950449e+03
3.977370386806207989e+03
3.981503898662955180e+03
3.983104080608901768e+03
3.979645206724233049e+03
3.973469309033629997e+03
3.968412302156471924e+03
3.969809160922406591e+03
3.971933964626686702e+03
3.972110936779997246e+03
3.971348404615340769e+03
3.971191265520084471e+03
3.969990079367938506e+03
3.964079511439261296e+03
3.962589147273097751e+03
3.961698260854385353e+03
3.956558445944644063e+03
3.956342354166996302e+03
3.953238018139700671e+03
3.953995714117880198e+03
3.960026807793520675e+03
3.967717297916048665e+03
3.967447608697741998e+03
3.972039147936152858e+03
3.972634328356701644e+03
3.978204620317631452e+03
3.983421793741840702e+03
3.982659138836401780e+03
3.984452895365356653e+03
3.981368773875959960e+03
3.978027287155597151e+03
3.979567575543997009e+03
3.981931987505380675e+03
3.974507438957854447e+03
3.974060881677889938e+03
3.971082742829233666e+03
3.971400486747229024e+03
3.968955752424094499e+03
3.968896330771322937e+03
3.966298513362536596e+03
3.962958661572898563e+03
3.962581373051718856e+03
3.966939356696170307e+03
3.967646415983158931e+03
3.970758775955552665e+03
3.970681708962643825e+03
3.975039677135078364e+03
3.972208368608253750e+03
3.970436941801788180e+03
3.964976465267560798e+03
3.971891127516100823e+03
3.969583906112919522e+03
3.966199023580755238e+03
3.967767666043770078e+03
3.966558733932731229e+03
3.965539803635757380e+03
3.967306097486101862e+03
3.966091980665130905e+03
3.967243456732643608e+03
3.965390416589578763e+03
3.960697460598762973e+03
3.956824852816398106e+03
3.955869049131562406e+03
3.952522752906840196e+03
3.951510289355422628e+03
3.953347254838670779e+03
3.955762186080828997e+03
3.952256826825575445e+03
3.951587364703661933e+03
3.945590871572767355e+03
3.938989994717318496e+03
3.938228768594231042e+03
3.937561028501533201e+03
3.934194118856896239e+03
3.938857863555417680e+03
3.944095300552465687e+03
3.948033801639275680e+03
3.948922158168078568e+03
3.943705353832348919e+03
3.942840470396995897e+03
3.941985591042007400e+03
3.937353166302654245e+03
3.934421186366716483e+03
3.928496112780553176e+03
3.927818372039814221e+03
3.931905071811259404e+03
3.930783746232228623e+03
3.929462343708642038e+03
3.927688347394002903e+03
3.930590306282385882e+03
3.934431498199821363e+03
3.938224275630296688e+03
3.935605938564433018e+03
3.932756146330154934e+03
3.930257190039397301e+03
3.925303411082787534e+03
3.921599508574092397e+03
3.922933492920439676e+03
3.930823528308655114e+03
3.930479976268011342e+03
3.929581150884575436e+03
3.923628248313295899e+03
3.921284240416187004e+03
3.919146287482881235e+03
3.916874138518284781e+03
3.919450700744988808e+03
3.917475306671678027e+03
3.920542995352081107e+03
3.914567209296128567e+03
3.903205480162424465e+03
3.898333825854506813e+03
3.887675985171212687e+03
3.883126166909935819e+03
3.877531076901448159e+03
3.874856487452162128e+03
3.875389770888469229e+03
3.883999670106327812e+03
3.886532024043543970e+03
3.884605944861733860e+03
3.883596695905205706e+03
3.878799273221371550e+03
3.877775440743574563e+03
3.878384046684213899e+03
3.872885205546461748e+03
3.863921582653969381e+03
3.866541764536846586e+03
3.881638660524788975e+03
3.874195737761408964e+03
3.876290193194632138e+03
3.877917804039427210e+03
3.872139395927025816e+03
3.866862145415075702e+03
3.866415333414657198e+03
3.873504543946772628e+03
3.878264897406372256e+03
3.886771430715695260e+03
3.889804617735640477e+03
3.894659282397107290e+03
3.890916084304072683e+03
3.891595783787046457e+03
3.898076052671824527e+03
3.908437765295059307e+03
3.911622088272674773e+03
3.919215546957063907e+03
3.925440375047350244e+03
3.924951578905916904e+03
3.925777424050092122e+03
3.928737597068308787e+03
3.936921904049375826e+03
3.941497179694599254e+03
3.941817483340827039e+03
3.942742083843159890e+03
3.949618493522303652e+03
3.950376308443899688e+03
3.944640168993231782e+03
3.946818267067032139e+03
3.941713217537209403e+03
3.946222142563338366e+03
3.945926962680792258e+03
3.950758155584274391e+03
3.941699104697893290e+03
3.932825778327220178e+03
3.933148882181722001e+03
3.930386054322709697e+03
3.914251879361233478e+03
3.913155563272653580e+03
3.907499100147425906e+03
3.900683328556445758e+03
3.899554869327069810e+03
3.894661906773360897e+03
3.893753807444001723e+03
3.894155059923073622e+03
3.896329897720876033e+03
3.900731196985822407e+03
3.900260498981897854e+03
3.907828739148569639e+03
3.901444354462754291e+03
3.902166030881087408e+03
3.896832521177576382e+03
3.900647844876928957e+03
3.900684382435555108e+03
3.897227746464961911e+03
3.902094822688883141e+03
3.906957615135687320e+03
3.908582186224005454e+03
3.918414054070534803e+03
3.927030721074450867e+03
3.935435141043655221e+03
3.930852291284475541e+03
3.928523533900599432e+03
3.925962039827429180e+03
3.922242606788867306e+03
3.909223464734704066e+03
3.907530388759535981e+03
3.908568405958661515e+03
3.908383319145742917e+03
3.906479222696026682e+03
3.916471645210945098e+03
3.909935660920425562e+03
3.902410796635367660e+03
3.898951888492043963e+03
3.896982188831124859e+03
3.900309740481790413e+03
3.895674469324012989e+03
3.893664776933108442e+03
3.891582583931854970e+03
3.887666651335213373e+03
3.890120064824757719e+03
3.896408928524866951e+03
3.899445857030122625e+03
3.905819462695431866e+03
3.901850698662407922e+03
3.910559428521278733e+03
3.910053185424446383e+03
3.910756123387025582e+03
3.916438110369357673e+03
3.924257978622890278e+03
3.919166425157883168e+03
3.919898294614114093e+03
3.934792402566923556e+03
3.933626514791397312e+03
3.932855522678416492e+03
3.934130277729762383e+03
3.933698596823175194e+03
3.929340108073866304e+03
3.936179053127692441e+03
3.930199641018347393e+03
3.922983780335981919e+03
3.923107528969420855e+03
3.929556371881091309e+03
3.926554029374893162e+03
3.922094397545234187e+03
3.919665464218294346e+03
3.922411377890012773e+03
3.905644208546955269e+03
3.902933660404727561e+03
3.897414139779941706e+03
3.895975222561987266e+03
3.893184765180893464e+03
3.904064254233352131e+03
3.895268026844977612e+03
3.893847363528370806e+03
3.882551393880413798e+03
3.878441029298046033e+03
3.875011030043801384e+03
3.869331460724037242e+03
3.869777696652668055e+03
3.866324163294521441e+03
3.869434463563678946e+03
3.873807430089350419e+03
3.872868679536490163e+03
3.871526777203675010e+03
3.864481421174977186e+03
3.858010278693037890e+03
3.845953232874298010e+03
3.843676803836765430e+03
3.848236199182964810e+03
3.847789462030928462e+03
3.845513148316018032e+03
3.847355880846565924e+03
3.842134524142623377e+03
3.829509188441798415e+03
3.834148901800056137e+03
3.825931806880107160e+03
3.823907233592780358e+03
3.821108214399611825e+03
3.823250704845273503e+03
3.823678647854279916e+03
3.817474038276879583e+03
3.817217861146127689e+03
3.807192830304125437e+03
3.801673342827542911e+03
3.802961864108460304e+03
3.799144478369902117e+03
3.798987444481756938e+03
3.794344493887143017e+03
3.789041330307466978e+03
3.789510452327430357e+03
3.797056986584767856e+03
3.803316221479536125e+03
3.803820400037847776e+03
3.812566474857698722e+03
3.817286043730225629e+03
3.822087301459520404e+03
3.825775535195359680e+03
3.829662021548805569e+03
3.826976200450273154e+03
3.824004863696822667e+03
3.824116768338080874e+03
3.824901278718522008e+03
3.820208208245678634e+03
3.820726639089074069e+03
3.817655551922916402e+03
3.817363805311529177e+03
3.817964292904299327e+03
3.818611706397462058e+03
3.812241001265871091e+03
3.808477493733681968e+03
3.812483933846914169e+03
3.812815606339285750e+03
3.810388891866304220e+03
3.803642956146255528e+03
3.800584488665629578e+03
3.799887766384310453e+03
3.793125961301872849e+03
3.790282457754895859e+03
3.792733371112798523e+03
3.793727371994704299e+03
3.786286953380655632e+03
3.786875142953042086e+03
3.785259905528269428e+03
3.780179800413997782e+03
3.780142734568876222e+03
3.778960802221809899e+03
3.777368682891995377e+03
3.775152841704419643e+03
3.774719400145393593e+03
3.771364059839863330e+03
3.768327727100210723e+03
3.771829459576617410e+03
3.769449144233528841e+03
3.769152586174272983e+03
3.769899989651697524e+03
3.764477873946446380e+03
3.762650772351060823e+03
3.757745788899495892e+03
3.761270416988844318e+03
3.761972612148255848e+03
3.759292342095800450e+03
3.756600964400587145e+03
3.755306711065054515e+03
3.753756295811079781e+03
3.750064714452849330e+03
3.748739787403973878e+03
3.749475231327431629e+03
3.744703900234901539e+03
3.745270284605286633e+03
3.743117507218446008e+03
3.739328222533459666e+03
3.745076439796891918e+03
3.737783226162183382e+03
3.749009937545625689e+03
3.746118363456378574e+03
3.740978099156166991e+03
3.734644725512757759e+03
3.737400020890353517e+03
3.740220569041799536e+03
3.745422053836664873e+03
3.742609280402045442e+03
3.734676237250670511e+03
3.732154144808332148e+03
3.729772409883205910e+03
3.734702330932019322e+03
3.734165266620048897e+03
3.738310549505904419e+03
3.738527320412559220e+03
3.742153305248154084e+03
3.740813046383150322e+03
3.734862710570364470e+03
3.737422583141445557e+03
3.731472763138318442e+03
3.726044099552504576e+03
3.723324017890219238e+03
3.724243837067214372e+03
3.722962094206726306e+03
3.722670199796134511e+03
3.723651848455168874e+03
3.724025527026098189e+03
3.726102684850186961e+03
3.723993248477581801e+03
3.725650739754281858e+03
3.722794561988029727e+03
3.726509527650085147e+03
3.732024198947153764e+03
3.730203022745810358e+03
3.730528166557709483e+03
3.733782839434439666e+03
3.730450024467861567e+03
3.731904480359624358e+03
3.728163016238887849e+03
3.724099988713846869e+03
3.723031286657494547e+03
3.725040437641525841e+03
3.721729571238568496e+03
3.721113595323939990e+03
3.716296898206527658e+03
3.715828694026547510e+03
3.717863379083509244e+03
3.712239404042353726e+03
3.713975345670670777e+03
3.710427975136349687e+03
3.709080643769164453e+03
3.707801128478115970e+03
3.704923388401521152e+03
3.711789052857930983e+03
3.712639995105489561e+03
3.710940252524694642e+03
3.709428269146038474e+03
3.707919330424350392e+03
3.708737504596452709e+03
3.709706387510062086e+03
3.713431378119254532e+03
3.712932290604139325e+03
3.718303849556848945e+03
3.713755272481622342e+03
3.713265873875234774e+03
3.713949438995625314e+03
3.712109558575600659e+03
3.710167047861561059e+03
3.716219710233602200e+03
3.719859014073072103e+03
3.722009178855066239e+03
3.722626253277517208e+03
3.718040120942881913e+03
3.725119681288665106e+03
3.720268319070226880e+03
3.719390359312320015e+03
3.720087481245551771e+03
3.720085891276643906e+03
3.723892183338246014e+03
3.721429660974692524e+03
3.720670600777260915e+03
3.719419083994200264e+03
3.721121406069668410e+03
3.724190444358076547e+03
3.723490490116413639e+03
3.718562121626238422e+03
3.715854040029216321e+03
3.715726185008295033e+03
3.713217956600325124e+03
3.708712597432260281e+03
3.709240973687526548e+03
3.706834817060299883e+03
3.705263821332600401e+03
3.704762113655625853e+03
3.704083436511955824e+03
3.706986850615632648e+03
3.704942077607787269e+03
3.703929925280136104e+03
3.699447423795904342e+03
3.694314954121945902e+03
3.688913888998356470e+03
3.692380313049854067e+03
3.690295192236143521e+03
3.692065103895238281e+03
3.694526290617943232e+03
3.696003426982415931e+03
3.691717633666513393e+03
3.688841994741173494e+03
3.683924936221681492e+03
3.678816891279178890e+03
3.675483132066744929e+03
3.675358637013781390e+03
3.672741533223335864e+03
3.670092379643730055e+03
3.667801904492907852e+03
3.662555521011227484e+03
3.660271730819470122e+03
3.656839478263527326e+03
3.653490133887793036e+03
3.650842659649216330e+03
3.649265773825558426e+03
3.645885890211734932e+03
3.646748604539915505e+03
3.647764125144765785e+03
3.645548625113578055e+03
3.645739964023689026e+03
3.645326369989234081e+03
3.643430694679940189e+03
3.639305119106578786e+03
3.634827008048872813e+03
3.631245565232507943e+03
3.631326676183381096e+03
3.630320826509879225e+03
3.628918647226682424e+03
3.629076947392830789e+03
3.625654328970490951e+03
3.622565592281364388e+03
3.623107702223103388e+03
3.619435216087931167e+03
3.617474903584723961e+03
3.619836253697366374e+03
3.618184554517687957e+03
3.613421372474833333e+03
3.608893728498160726e+03
3.604903066430241779e+03
3.604685834924569917e+03
3.603416660515184503e+03
3.605965221756100618e+03
3.603101285773434938e+03
3.600053513239770837e+03
3.598394990664986835e+03
3.601194443044709715e+03
3.598798916696946890e+03
3.595887417333206031e+03
3.594889949890061416e+03
3.597629282225915176e+03
3.594433458025615892e+03
3.594351874282018798e+03
3.594432253655885688e+03
3.593444802280676413e+03
3.590991844376201243e+03
3.589672447469788494e+03
3.586854015537981013e+03
3.584084096662084448e+03
3.585790453247674122e+03
3.584248971550933220e+03
3.582625427740684245e+03
3.581596015534562412e+03
3.581885682697810807e+03
3.582631912362157436e+03
3.583368540579630007e+03
3.582088244347685304e+03
3.581397509319065648e+03
3.577971878629110961e+03
3.578539893469333038e+03
3.578042160409257576e+03
3.578080073865403847e+03
3.577098938248677769e+03
3.578104330570170077e+03
3.581119271878650579e+03
3.580609113303915365e+03
3.578547885049685647e+03
3.577642717545385949e+03
3.579010295629428128e+03
3.573203693672317968e+03
3.571541996451775958e+03
3.570061853789673478e+03
3.570081545595517582e+03
3.563110087915004897e+03
3.563550127298637108e+03
3.563008367755506697e+03
3.562688267420841839e+03
3.559747423759723461e+03
3.556457119550555490e+03
3.555347095187034483e+03
3.557320042822593678e+03
3.558040973105727517e+03
3.557975678341428193e+03
3.557237533913850257e+03
3.556499425556565257e+03
3.554071660872831671e+03
3.556754924801060497e+03
3.555684822398203778e+03
3.552762021110901060e+03
3.549308004389820780e+03
3.547787699568187236e+03
3.545065646074699089e+03
3.544071657926090666e+03
3.538657340576985007e+03
3.538827953920425443e+03
3.537635714242947870e+03
3.537485007785075140e+03
3.535731170187161297e+03
3.535250692277388225e+03
3.534706036792289979e+03
3.530288802059125373e+03
3.526658052887516533e+03
3.527503620805795435e+03
3.524460384827625603e+03
3.523936738700936075e+03
3.524424992021711660e+03
3.522342466775221965e+03
3.521736540361501284e+03
3.519700379279626759e+03
3.519000901276106561e+03
3.519269883991325059e+03
3.519185864630592278e+03
3.517843187532066167e+03
3.516487099372696321e+03
3.512824748583246219e+03
3.512617952563887229e+03
3.507140275437742275e+03
3.507488926828692911e+03
3.508473273057783445e+03
3.503464596886866275e+03
3.503854610971203329e+03
3.502909863195690832e+03
3.500934380564780440e+03
3.502692278239053394e+03
3.501017202963860200e+03
3.501334780428803242e+03
3.500815717724375190e+03
3.502474067254363490e+03
3.501181326670553972e+03
3.500291744068821572e+03
3.499902728804927847e+03
3.499277328442746693e+03
3.499268967542819155e+03
3.497711679033543078e+03
3.493566382989300109e+03
3.490881526242155815e+03
3.490863532647525972e+03
3.489296068725471741e+03
3.487400455911455992e+03
3.487397670829250728e+03
3.488719877420669945e+03
3.489891011129208891e+03
3.487617555413849914e+03
3.485523688846522418e+03
3.484197388860755837e+03
3.482450673227566313e+03
3.480444309460511249e+03
3.479827787200675175e+03
3.479199952755872346e+03
3.478690538376178665e+03
3.483848767124868118e+03
3.479182655022392737e+03
3.476429472186328439e+03
3.476385792006427891e+03
3.477593386630263922e+03
3.473005225635017723e+03
3.469718188847957208e+03
3.468903056570621175e+03
3.471374657114339698e+03
3.467964695319200473e+03
3.467575174264129146e+03
3.463713550259285057e+03
3.468040052688598280e+03
3.462050056620757914e+03
3.463917148412284860e+03
3.462476855475023058e+03
3.463535311126678607e+03
3.457900636280449362e+03
3.452689281027636753e+03
3.450684876910777803e+03
3.453869738787723236e+03
3.448489070737090515e+03
3.446793966266082407e+03
3.439724242881281043e+03
3.444440180580619199e+03
3.445912390092309579e+03
3.436952441872732379e+03
3.439023837508220367e+03
3.441909062846247707e+03
3.443539539290809444e+03
3.445674360099550540e+03
3.440335259239439893e+03
3.443566291262246523e+03
3.441095574719953220e+03
3.441874953574684241e+03
3.448519045385847221e+03
3.442377114949450061e+03
3.440269194001022242e+03
3.441512990577816709e+03
3.441690532216624888e+03
3.448984803707518040e+03
3.440448642274712711e+03
3.442926574457733295e+03
3.444623828113985837e+03
3.441589026190624281e+03
3.442521714929105201e+03
3.442558639062726797e+03
3.432966655637766507e+03
3.438278875327333481e+03
3.430741653564290573e+03
3.424918278771299811e+03
3.424620156114910060e+03
3.424741587740082196e+03
3.425448936962559856e+03
3.423684549495390911e+03
3.421449219585991159e+03
3.416635757045579339e+03
3.420818263065100837e+03
3.419171252557646312e+03
3.417463974794423848e+03
3.414386438920851560e+03
3.416267085386080453e+03
3.413361172184596398e+03
3.411764278421006566e+03
3.407848958987117385e+03
3.399659988736584182e+03
3.400300859041325111e+03
3.402462262364541402e+03
3.401272066064319915e+03
3.397019457234884612e+03
3.396753041556177777e+03
3.397442328129125144e+03
3.393275303466814876e+03
3.389475805669945203e+03
3.388382254699045916e+03
3.386785980966152692e+03
3.383166054688556869e+03
3.380971268537551168e+03
3.380878492263850603e+03
3.378157476028887686e+03
3.377879152176998559e+03
3.380009584868262664e+03
3.382614781719327311e+03
3.377669886969412346e+03
3.379105102152369909e+03
3.383228252145641363e+03
3.378767940351989637e+03
3.381053631306279840e+03
3.381095871093861206e+03
3.382810339255114741e+03
3.387818705085180227e+03
3.386232662035782596e+03
3.385896958599260870e+03
3.388812991622680329e+03
3.390947351092316239e+03
3.385834985456136110e+03
3.381337673391159569e+03
3.377216373790673970e+03
3.374156726278771202e+03
3.374962091326537120e+03
3.378329333994144690e+03
3.374558869558099559e+03
3.374442160448392769e+03
3.375712017352818748e+03
3.378251849512985700e+03
3.371656805052067284e+03
3.369014057075422443e+03
3.365813996162537478e+03
3.368879282718268314e+03
3.372762617878034689e+03
3.370907886351376419e+03
3.359979747144196153e+03
3.349645948711905930e+03
3.353363573026557333e+03
3.355235156431305313e+03
3.356889953144462652e+03
3.352099793537636742e+03
3.350443768419559092e+03
3.345616333052697883e+03
3.344580191840096631e+03
3.342787785459723182e+03
3.336787838992022444e+03
3.332244736566553456e+03
3.328913058747550622e+03
3.329253843597213290e+03
3.321354278881826758e+03
3.316416562505817637e+03
3.313698755054546382e+03
3.304331257204313260e+03
3.304805163209889542e+03
3.294965331721159146e+03
3.295072389758541249e+03
3.292472923558550065e+03
3.290753234902042550e+03
3.280485317444474276e+03
3.278264083400450090e+03
3.275775320005107915e+03
3.268552953011062527e+03
3.264888073574332338e+03
3.260841808643050172e+03
3.262363490938549603e+03
3.257853502375948210e+03
3.256398310482553825e+03
3.249932260902904545e+03
3.247692812573329320e+03
3.245888459333947139e+03
3.246820928942255250e+03
3.242224383262817355e+03
3.240499370592343439e+03
3.239917522518914211e+03
3.244107847784299338e+03
3.247029429453625653e+03
3.242397354553321293e+03
3.240627225299912425e+03
3.236812857423536570e+03
3.236146055141112811e+03
3.225800588725297985e+03
3.226203557237220139e+03
3.230020830643179124e+03
3.232272648989393929e+03
3.229119520564098366e+03
3.224025636744303938e+03
3.231247729960545257e+03
3.236078630747205352e+03
3.233927188007445693e+03
3.231757711684787864e+03
3.230680138234431979e+03
3.227004782440358213e+03
3.228550158550709057e+03
3.221829942644256334e+03
3.215125409315916386e+03
3.217869682989736248e+03
3.205900338150158859e+03
3.213204047065310988e+03
3.213273071283247646e+03
3.209077229618969795e+03
3.210498234651264283e+03
3.214958967727389336e+03
3.207526636914054961e+03
3.199732294928855936e+03
3.194307041640778152e+03
3.196766466545566345e+03
3.196508794285794465e+03
3.195916538278494500e+03
3.190315023131044654e+03
3.194553659808005250e+03
3.185468504862325062e+03
3.185944318124118126e+03
3.188730273442512498e+03
3.183222675701689695e+03
3.177770449497669233e+03
3.179263685511734366e+03
3.181428413777399328e+03
3.178200024048442629e+03
3.171187718564892293e+03
3.171096970418943329e+03
3.161163698372519775e+03
3.161426565341194419e+03
3.159307237774027726e+03
3.161618877216912097e+03
3.150526295091975499e+03
3.144143044496897801e+03
3.138303036080874335e+03
3.137343458693463617e+03
3.130784353412894234e+03
3.122152071548620825e+03
3.113276095392672232e+03
3.108027735499857954e+03
3.110705055024804096e+03
3.110232688782001787e+03
3.096854449557146381e+03
3.098260243016840832e+03
3.098062160801665414e+03
3.094471107211423714e+03
3.094565972041090390e+03
3.091604017428420320e+03
3.095608310530044037e+03
3.101051144932554962e+03
3.107465388700406947e+03
3.099442799724610268e+03
3.095064225215564875e+03
3.103106740527942293e+03
3.094890293213069981e+03
3.098794697119071770e+03
3.088646756718891538e+03
3.084922907418564137e+03
3.083384029457893575e+03
3.074388065878022189e+03
3.065997248351512098e+03
3.065044699084813146e+03
3.071173335448898342e+03
3.071906161847570274e+03
3.076631679073409487e+03
3.070585386731010203e+03
3.070795568113305308e+03
3.070801623530464440e+03
3.066574838550708591e+03
3.065355179476224748e+03
3.066888949490378764e+03
3.068020793132407107e+03
3.073933881452916012e+03
3.066778309634920333e+03
3.062144227138175665e+03
3.064693510054777107e+03
3.078490377210359384e+03
3.070633623043917396e+03
3.067630599574521966e+03
3.061284617223911937e+03
3.056643768469666611e+03
3.042468738557026427e+03
3.038902374778647754e+03
3.035282903272878684e+03
3.036473646774830286e+03
3.035258300349149522e+03
3.032480260869207996e+03
3.041583618690106505e+03
3.039006074180490486e+03
3.041617284806022326e+03
3.053325230733004446e+03
3.051708914704205199e+03
3.053554234750939486e+03
3.058735214464908495e+03
3.055134555050065501e+03
3.062254541754204183e+03
3.063524948474022494e+03
3.056705047336402458e+03
3.055821345209814808e+03
3.045622101282521726e+03
3.045744683132230875e+03
3.038547229715772119e+03
3.032692136259377094e+03
3.031458497115819227e+03
3.029276063385573707e+03
3.033105286905177763e+03
3.034651140253793073e+03
3.030558745940475546e+03
3.033991402619988548e+03
3.034387667712906023e+03
3.034065507306527252e+03
3.028674497379501190e+03
3.032178474104584893e+03
3.024101122643690360e+03
3.032612734691940659e+03
3.037501050541287896e+03
3.033240108916732424e+03
3.031008750923786920e+03
3.038431944922142065e+03
3.038462601770646415e+03
3.030286412576789189e+03
3.031764399741475700e+03
3.031363699007510149e+03
3.027656227910111284e+03
3.031364937243696204e+03
3.032145020264926643e+03
3.037353971907565665e+03
3.036510846267028228e+03
3.042044801016918882e+03
3.047300960093676622e+03
3.051037120125704405e+03
3.041511907176228306e+03
3.038405394280625842e+03
3.025764352927546952e+03
3.020211889802349560e+03
3.018860619244014742e+03
3.016317786702754802e+03
3.018297038523345236e+03
3.022963052300387062e+03
3.023406067289557996e+03
3.019464088168347189e+03
3.008027847521757849e+03
3.009113533829450716e+03
2.995132345154360337e+03
2.999658403843962788e+03
2.998619853921426511e+03
2.992509538661993247e+03
2.985036053962093774e+03
2.977844120240903976e+03
2.983747873517869266e+03
2.986199176339911446e+03
2.976389788331622640e+03
2.972383925786200507e+03
2.968753639713439497e+03
2.965882726073753929e+03
2.959276389748369184e+03
2.960647954113970627e+03
2.959799065522115598e+03
2.956252593019745291e+03
2.953991758003446193e+03
2.949991620005241202e+03
2.948059994183096478e+03
2.946289530915861178e+03
2.946406386219248816e+03
2.946119321003648565e+03
2.946590810419158515e+03
2.944759889492939237e+03
2.944294611190338856e+03
2.940724568401360557e+03
2.948450197147641120e+03
2.943212727349809938e+03
2.944311269982154954e+03
2.949786954378255359e+03
2.957086512352677346e+03
2.950089529210910314e+03
2.955268657710963453e+03
2.952207825650652921e+03
2.953377821579892498e+03
2.955260740078878371e+03
2.947294182694224219e+03
2.944900038112716629e+03
2.939769421353586949e+03
2.933356120423375160e+03
2.933216912963789582e+03
2.934491782905397031e+03
2.934297513714273464e+03
2.931304891484265681e+03
2.931351116345197170e+03
2.931437213079036610e+03
2.926827878642171527e+03
2.926174401717341880e+03
2.922463062177163010e+03
2.921920555845988929e+03
2.915573106704430302e+03
2.913496554052164356e+03
2.919987658285941961e+03
2.918906322667803579e+03
2.920790896268283177e+03
2.916789541582504626e+03
2.919961010120355240e+03
2.920902943789307301e+03
2.923945630172622714e+03
2.923278841647561421e+03
2.919389366537810020e+03
2.914567950849575027e+03
2.918102904990330444e+03
2.922183659421962147e+03
2.918214261592818275e+03
2.914783491882305498e+03
2.914893957946789214e+03
2.908188584883782823e+03
2.903300897505270314e+03
2.901354059388234418e+03
2.908232665499316681e+03
2.903740936485269685e+03
2.909355598988261136e+03
2.909699078313429254e+03
2.903571056647960631e+03
2.903037121328425656e+03
2.905689185711473783e+03
2.905156700404812455e+03
2.903214355011917178e+03
2.902614213607463626e+03
2.901653418154211067e+03
2.902402355473572698e+03
2.896438452812255036e+03
2.900986924225102939e+03
2.905281265724659534e+03
2.898676430817361961e+03
2.896443955828548951e+03
2.894003870584496326e+03
2.890251333877690286e+03
2.894256893013827721e+03
2.896107256130343558e+03
2.888309883617159358e+03
2.886948794926685878e+03
2.889185492631155284e+03
2.888585990043178754e+03
2.886837814796013845e+03
2.890061501977290845e+03
2.885859927955060812e+03
2.883364592782475029e+03
2.882321049665006285e+03
2.876758554881755117e+03
2.872114784691559180e+03
2.872752904259100887e+03
2.868199008787310504e+03
2.868574040909031737e+03
2.874069157683387857e+03
2.874244841724423168e+03
2.873432592997352458e+03
2.868431334706235248e+03
2.864480395242855138e+03
2.862690691876093751e+03
2.862032488566632310e+03
2.857073531096260012e+03
2.858699831705744600e+03
2.855931496176505334e+03
2.857191962106384835e+03
2.849898531559316325e+03
2.847575914614767953e+03
2.845635479134209618e+03
2.841139924597029676e+03
2.840060547073455382e+03
2.840068105731974356e+03
2.838391735075198994e+03
2.838740802187266127e+03
2.843685860922031225e+03
2.843712360259816251e+03
2.842856038533262563e+03
2.839570421504932710e+03
2.843640713133354893e+03
2.845049712056829776e+03
2.844306131457703032e+03
2.841689163669020218e+03
2.843729784942346669e+03
2.846310482965433494e+03
2.845800549430457068e+03
2.843053061436478856e+03
2.844599677556837833e+03
2.841247320713096087e+03
2.838631334244830668e+03
2.835499017854310750e+03
2.828961725321441463e+03
2.826556710043151270e+03
2.823741335759768845e+03
2.824986101630584017e+03
2.826961511964649617e+03
2.825656221275456119e+03
2.828876372634650579e+03
2.828690839851380588e+03
2.829608998456882091e+03
2.824366590646825898e+03
2.823266461845057165e+03
2.819978408600384682e+03
2.816348296158019366e+03
2.815501708063301521e+03
2.818947420219646119e+03
2.818407259559427075e+03
2.820497774822334577e+03
2.814633225425950968e+03
2.812028464846112001e+03
2.807958740993407901e+03
2.806425108571341752e+03
2.805123371488681641e+03
2.802192976372226440e+03
2.802802260496282088e+03
2.798782599097031380e+03
2.798969420145715958e+03
2.800774197632156302e+03
2.802760686077803712e+03
2.796798875290872274e+03
2.794605074961618357e+03
2.797895074149864286e+03
2.797037924716195448e+03
2.800306042451732537e+03
2.805291784227972130e+03
2.803573074663666830e+03
2.805651824674110230e+03
2.804013764425516911e+03
2.800358647365736942e+03
2.803915141535708244e+03
2.797910538332656870e+03
2.799327251456690192e+03
2.794238550178435162e+03
2.790834565986042890e+03
2.793596278411308049e+03
2.790674236266334901e+03
2.786791684258443638e+03
2.787304097021045436e+03
2.785239054820164711e+03
2.785443570950077174e+03
2.779611237557829099e+03
2.777398650280315906e+03
2.776745568080278190e+03
2.775295196024332654e+03
2.770101174102679124e+03
2.774806958060129091e+03
2.776628476798292013e+03
2.776056429155908063e+03
2.771790044251419658e+03
2.770488541579013599e+03
2.772749394964434487e+03
2.770942651576076514e+03
2.768763102214909850e+03
2.773027009635277409e+03
2.773445656798894561e+03
2.769476491513239125e+03
2.765863808405125383e+03
2.764182421002034971e+03
2.756474959388001480e+03
2.758708620303256794e+03
2.757721064419032700e+03
2.755310843803506032e+03
2.756404963808980938e+03
2.756796279150133159e+03
2.757469540619209511e+03
2.760686183821764644e+03
2.761868089534820683e+03
2.755902052636787175e+03
2.757901477112729481e+03
2.758914746949771597e+03
2.754913683903561378e+03
2.755112290843987921e+03
2.755430754390391940e+03
2.758522102948419615e+03
2.761247665291160502e+03
2.762984518392233895e+03
2.763725359847986965e+03
2.766426959701688702e+03
2.769080733903273995e+03
2.768769233389621149e+03
2.767630584668923802e+03
2.765122042367434915e+03
2.760173638487874541e+03
2.760978846572984821e+03
2.760270271082453746e+03
2.757395429877386505e+03
2.758429019551809233e+03
2.759690976699786916e+03
2.754464921101417985e+03
2.758030652195921903e+03
2.761923321617541660e+03
2.760290779043327802e+03
2.763281973533098608e+03
2.762942874815058985e+03
2.761785443406301965e+03
2.760060013323754447e+03
2.761528407530263394e+03
2.757193764602419378e+03
2.755645801547326300e+03
2.753747090483311240e+03
2.753105325109140267e+03
2.754591910132439807e+03
2.753461688307509576e+03
2.749483214618064267e+03
2.746400458841219461e+03
2.748056116895776540e+03
2.744289586925982803e+03
2.744304301861969179e+03
2.746580065725770510e+03
2.747400073303087993e+03
2.744320583277037258e+03
2.743038626981738616e+03
2.745240955791044144e+03
2.747359177537309733e+03
2.751885422662403016e+03
2.755134002395109746e+03
2.750420338756510773e+03
2.753945726561149058e+03
2.759235425878984188e+03
2.757456409552829427e+03
2.753053089680455741e+03
2.752973546377157163e+03
2.749938773099625905e+03
2.749011948661971928e+03
2.754069627734536880e+03
2.755891682802517153e+03
2.752759831428930283e+03
2.748588648607402774e+03
2.745199119406632235e+03
2.740333472763309601e+03
2.738018102988038663e+03
2.738131219519728802e+03
2.733760151449542263e+03
2.725938633538632075e+03
2.723600828957813974e+03
2.723814762509412958e+03
2.723204764639130644e+03
2.720588944057671597e+03
2.715633102049293029e+03
2.714681770730509925e+03
2.713977193957552572e+03
2.715998521241677281e+03
2.713868263666392977e+03
2.715953846609279026e+03
2.709683027986048273e+03
2.711867246380983943e+03
2.709015253687549375e+03
2.709457363959281793e+03
2.706022107846757081e+03
2.703131393417327672e+03
2.703291137240142689e+03
2.703928520939349255e+03
2.700024956501199540e+03
2.697605205835177458e+03
2.696713056750918895e+03
2.697581038717298725e+03
2.695693671961731070e+03
2.693265095926743925e+03
2.688466746128786326e+03
2.690750006756584753e+03
2.686959239539802184e+03
2.678591170014372437e+03
2.678798519303473768e+03
2.677221756480410932e+03
2.676212458210419754e+03
2.674268711150225045e+03
2.665753440426255111e+03
2.664252847980868864e+03
2.667907917627133429e+03
2.668050546240979656e+03
2.667223720248786321e+03
2.664803730191415980e+03
2.664623972107472127e+03
2.663905641740796909e+03
2.662156379418344841e+03
2.665542948467723818e+03
2.664339666210235009e+03
2.665083704581099937e+03
2.667059807652966356e+03
2.660860664906476359e+03
2.668891681969623733e+03
2.671517540649775128e+03
2.671510944923247280e+03
2.673085379626430495e+03
2.679349329916735769e+03
2.678070807949181471e+03
2.671051854530909623e+03
2.671995160894652599e+03
2.672886098849437531e+03
2.669421413706857948e+03
2.665344991686360572e+03
2.660095132402160743e+03
2.659626666451349593e+03
2.660430843402039045e+03
2.661648857340487211e+03
2.658174379469004180e+03
2.660567251283699534e+03
2.658969497681020584e+03
2.660656891957308744e+03
2.658671566785902087e+03
2.655702596003598956e+03
2.661416822773628155e+03
2.663638090312743316e+03
2.668574437387624130e+03
2.666328359754877965e+03
2.665467352134267912e+03
2.675991529389245898e+03
2.671803169869381691e+03
2.673126219208901603e+03
2.672305404625734809e+03
2.669384113109579175e+03
2.669069634224316815e+03
2.663358635470085574e+03
2.660544673834006062e+03
2.662329225021730963e+03
2.658853362927472972e+03
2.662189422195438055e+03
2.664190059030960128e+03
2.665767696848350170e+03
2.665179481158244926e+03
2.657028934741010289e+03
2.652172068480374492e+03
2.651423128346486465e+03
2.652580687742466125e+03
2.646635107801617323e+03
2.651424035986045055e+03
2.651019907025540761e+03
2.648182195085209514e+03
2.647436210813700200e+03
2.647374236675206703e+03
2.649063287173742992e+03
2.654429912651910399e+03
2.656540546216920575e+03
2.662340962253385442e+03
2.661201103252211851e+03
2.659982652789955864e+03
2.662290156986632155e+03
2.660684412565819912e+03
2.661037240255855522e+03
2.667365316972762685e+03
2.663230806056436450e+03
2.662040948710172415e+03
2.664095104962818368e+03
2.666524112666218571e+03
2.669562636798311814e+03
2.657522883008123245e+03
2.657565575539027577e+03
2.655916587753124986e+03
2.655383174082218375e+03
2.650643036692094029e+03
2.651048804317763370e+03
2.651495330206074868e+03
2.648675009578700610e+03
2.641117385888996978e+03
2.643626278028666093e+03
2.643937155752335912e+03
2.639252550134375724e+03
2.640445954071183678e+03
2.642724332287366906e+03
2.638185349890564794e+03
2.638295531480772752e+03
2.640122419426261786e+03
2.639766842158738655e+03
2.642753458449933987e+03
2.637216405871268762e+03
2.639459071891146323e+03
2.641845525078750597e+03
2.641409664211408654e+03
2.641208293664241410e+03
2.636118374235200918e+03
2.637079732012145541e+03
2.637670689856367972e+03
2.638207554016519680e+03
2.640567162898255447e+03
2.633993728102745081e+03
2.636999122428699138e+03
2.633543275547191115e+03
2.634964026906730396e+03
2.632276433341631218e+03
2.632171874660699814e+03
2.629214242059228127e+03
2.629175532829206986e+03
2.630906827061099193e+03
2.633566415005577710e+03
2.628859434253897234e+03
2.626195596192154881e+03
2.631812676646736691e+03
2.632484155256187933e+03
2.633287330772175210e+03
2.631575318512569993e+03
2.633626995684937810e+03
2.634696035837390809e+03
2.640155379182715023e+03
2.639518867738263907e+03
2.635843770612496428e+03
2.642152998936402128e+03
2.643000283455346562e+03
2.636913382712094517e+03
2.636382219775497560e+03
2.630707620844588746e+03
2.633373096110745792e+03
2.635052387026174983e+03
2.630150224347377844e+03
2.632455237729254804e+03
2.630118594016239967e+03
2.626842758101978234e+03
2.625640889825812792e+03
2.622629413156255396e+03
2.624867708759088600e+03
2.624924125008550618e+03
2.626619486738910382e+03
2.625884688396935417e+03
2.624146612388188714e+03
2.624136118771438760e+03
2.621733685346002403e+03
2.620987302706822902e+03
2.624307882195659658e+03
2.621402432207766196e+03
2.623145299436629557e+03
2.619638306202221429e+03
2.622502883436127377e+03
2.621619381836387674e+03
2.618708123863316814e+03
2.610862732729345225e+03
2.602166297723828848e+03
2.598681523696669046e+03
2.584037470564730938e+03
2.584266196268185467e+03
2.584004895785316421e+03
2.585727515418501753e+03
2.591006782942724840e+03
2.589292496843010667e+03
2.591289091410978472e+03
2.580463351351273104e+03
2.581939875220857175e+03
2.582700629086933532e+03
2.584189767177094836e+03
2.573863978496266554e+03
2.577216178264380233e+03
2.579804507963787728e+03
2.581708006243205091e+03
2.576751400494628797e+03
2.573068618472004800e+03
2.570651008880211521e+03
2.564855442115143887e+03
2.567835339717380066e+03
2.571497334296984718e+03
2.574111719790296775e+03
2.580143936389652936e+03
2.581557382463337035e+03
2.576992520884450641e+03
2.573223850798861804e+03
2.577573682870465746e+03
2.575330411022780936e+03
2.570645052328755355e+03
2.563989352958130894e+03
2.567662836659648292e+03
2.564617780858085098e+03
2.564821797979099756e+03
2.555142371204035953e+03
2.551401673429380935e+03
2.547620646975627551e+03
2.547229881515340367e+03
2.556945386786203471e+03
2.556006990378887167e+03
2.552308991762058668e+03
2.554196984161728778e+03
2.550573314651403962e+03
2.545234146545576095e+03
2.545247048947338044e+03
2.552950499253938233e+03
2.549151574621257168e+03
2.540839705886277898e+03
2.543313618099019095e+03
2.545319226249398525e+03
2.545640911007661089e+03
2.548233116849791259e+03
2.548744624824358652e+03
2.544861102851501528e+03
2.547942484814937870e+03
2.549442070979143409e+03
2.557281295148103254e+03
2.557302932237676487e+03
2.553963362102934298e+03
2.567995640235424162e+03
2.562469462179974016e+03
2.552832386183259587e+03
2.560196991792127847e+03
2.558224213775153657e+03
2.555158960313157877e+03
2.550718184699117955e+03
2.546615139934456238e+03
2.550578395017525054e+03
2.546680493828191175e+03
2.541940472552585106e+03
2.547510761358789296e+03
2.546904592197376587e+03
2.543831789551069505e+03
2.543267002280686029e+03
2.534798027181036559e+03
2.524559559413490206e+03
2.527312906487042710e+03
2.532760387233054189e+03
2.536742162460668169e+03
2.534330795465484243e+03
2.533001896167194900e+03
2.538854786568621876e+03
2.540805479205718257e+03
2.528999370523060861e+03
2.526473358793883563e+03
2.533778753146715644e+03
2.537522400911765544e+03
2.534519820411833734e+03
2.533593070745043860e+03
2.539708031973169909e+03
2.535402736060719690e+03
2.536157369883504543e+03
2.532128310270720704e+03
2.530056651622468053e+03
2.527192635591443377e+03
2.528376950911419499e+03
2.529512565830300446e+03
2.526087457732145594e+03
2.524681634528165432e+03
2.526188618640279401e+03
2.524394962266297171e+03
2.523748173660543671e+03
2.522176028434031650e+03
2.525593113572874699e+03
2.524925654988083352e+03
2.524233702673619973e+03
2.526437299190439262e+03
2.518831058552213563e+03
2.517970914287573578e+03
2.513387576226111833e+03
2.517245780792219648e+03
2.517785269296007755e+03
2.518635905242517310e+03
2.514445544996284298e+03
2.513509523999627618e+03
2.505519853272047385e+03
2.506534393228144381e+03
2.499187663197521488e+03
2.494645025200451073e+03
2.494083116058035102e+03
2.490853945579819538e+03
2.485747818658277083e+03
2.486245048075596969e+03
2.483932490085675909e+03
2.477679173836256268e+03
2.477056010104244706e+03
2.479963837750777657e+03
2.471342835919583194e+03
2.473161008391645737e+03
2.476427573745960672e+03
2.470624946757483940e+03
2.473651473883818198e+03
2.479642044189980879e+03
2.480389393758126971e+03
2.479471469100909417e+03
2.480021883705032906e+03
2.480881298260563653e+03
2.491136296389251584e+03
2.493076667678138620e+03
2.494505539747691273e+03
2.493292775689276368e+03
2.496805861394757358e+03
2.495420251748326791e+03
2.495590391178901882e+03
2.492996249742620876e+03
2.487459656517004078e+03
2.482037841034222765e+03
2.480605346963436659e+03
2.485481053072587656e+03
2.488064131988683130e+03
2.479679410265981915e+03
2.480366816985952937e+03
2.492310124428821382e+03
2.495488903638314241e+03
2.490759915212345732e+03
2.489634621720852920e+03
2.481983930731199962e+03
2.481439420519244777e+03
2.489434897342110617e+03
2.488772051367127006e+03
2.493173115419499936e+03
2.491363946010214477e+03
2.482703504033046102e+03
2.479784287150915588e+03
2.479327517014359273e+03
2.474677897614841186e+03
2.473735707239593921e+03
2.472986698993028767e+03
2.468183042774498972e+03
2.468974108826168049e+03
2.464714467082542797e+03
2.460296029144423301e+03
2.455494904200701058e+03
2.455417335711740179e+03
2.452100795543429285e+03
2.449647332216113227e+03
2.449907277498261465e+03
2.446514214673072729e+03
2.452559332332621125e+03
2.449745032595189969e+03
2.450056500742649860e+03
2.445200439368259595e+03
2.440200042029115139e+03
2.440837299579036426e+03
2.436792744247575229e+03
2.436227027342963083e+03
2.437929557742907946e+03
2.440850048990767391e+03
2.437955172868122645e+03
2.438891909972815029e+03
2.438189190397012680e+03
2.437449943766041997e+03
2.432149565499883010e+03
2.430987850425879515e+03
2.429585254488805276e+03
2.434181269610507570e+03
2.430063652414374246e+03
2.429524257900276098e+03
2.426989023781039577e+03
2.422043275981998249e+03
2.424446737056259735e+03
2.427730313061146717e+03
2.420580003165899143e+03
2.409575223248606108e+03
2.413986104834045818e+03
2.404023176000025614e+03
2.404982394233917603e+03
2.406591413488160470e+03
2.405073815828019178e+03
2.406662530023841555e+03
2.402148132166668802e+03
2.407111986023025111e+03
2.404086218912447293e+03
2.402422556433916270e+03
2.404016706816068108e+03
2.402366853277176233e+03
2.394717015747292862e+03
2.399341687728093348e+03
2.396783678950582271e+03
2.399239525858689831e+03
2.405268277321598816e+03
2.402900802741876305e+03
2.400076881570289515e+03
2.402945919322515692e+03
2.404305056591663288e+03
2.406211902910723893e+03
2.406201511594630574e+03
2.398463248599412964e+03
2.397980461773449406e+03
2.393061721049325115e+03
2.392673444522457885e+03
2.388896807008340147e+03
2.383536042250244918e+03
2.380770425347964192e+03
2.383960235156452200e+03
2.377363052498556499e+03
2.377278876857837531e+03
2.380630995506123782e+03
2.375698276836785681e+03
2.370762129196795286e+03
2.373183774741538855e+03
2.371828033694096121e+03
2.368644446211844752e+03
2.363755921044918523e+03
2.367122010522611617e+03
2.366952617036711672e+03
2.364520159320307357e+03
2.367418862794369034e+03
2.368196465929186161e+03
2.361301084809329041e+03
2.363099769260629273e+03
2.362170504020441513e+03
2.367365573477306043e+03
2.364056873458548580e+03
2.367600376868945659e+03
2.366355878527688219e+03
2.359847533570381529e+03
2.362513420502854387e+03
2.359374534504683197e+03
2.359926805633956064e+03
2.359349829895470066e+03
2.352336475597046046e+03
2.346052642785825356e+03
2.351489770014891292e+03
2.351493868313823896e+03
2.351116656347342087e+03
2.351447984453687695e+03
2.350616982802753682e+03
2.349756831399945440e+03
2.345971988452245569e+03
2.349765826819311314e+03
2.344498381207920829e+03
2.345815798139678918e+03
2.351287214630193375e+03
2.351083211217214739e+03
2.346773756631361721e+03
2.340680791045996557e+03
2.335596271763238747e+03
2.330236409210461716e+03
2.330975217293647347e+03
2.332260034113390248e+03
2.337175036776076468e+03
2.336728546459516110e+03
2.340714094177817060e+03
2.338667945680133016e+03
2.341531300584767905e+03
2.334397258177746153e+03
2.335094681593885525e+03
2.335706495462994098e+03
2.336140207661774184e+03
2.329732702539616184e+03
2.322153418303766557e+03
2.318741502667899567e+03
2.320878049944026770e+03
2.321748422281932562e+03
2.325132444665745879e+03
2.328955383891193833e+03
2.326282312066243321e+03
2.324511539391925908e+03
2.322215257853714320e+03
2.318451520152996636e+03
2.322929867706866844e+03
2.321454726853201919e+03
2.317447454160090729e+03
2.320401691801248035e+03
2.316112740820865383e+03
2.315001477150830851e+03
2.314250122215319152e+03
2.313511852659658416e+03
2.315206790778619961e+03
2.313139296359766377e+03
2.308570180212718697e+03
2.304673966545401072e+03
2.302243726030525522e+03
2.297780060733565278e+03
2.301411533337368382e+03
2.295475925954243849e+03
2.300683850823908870e+03
2.295627600095728212e+03
2.293359795259398197e+03
2.294327407769542333e+03
2.295546310925526541e+03
2.297102796438358837e+03
2.294624195924432570e+03
2.293420732749381386e+03
2.294029056547969049e+03
2.293519379885995022e+03
2.295875688448047640e+03
2.298191243677255898e+03
2.296874849955549053e+03
2.293134861433363767e+03
2.294009268628830796e+03
2.295914821550270517e+03
2.299241552876648711e+03
2.295422102141885716e+03
2.293175785574297606e+03
2.290463261200401575e+03
2.288005233711210622e+03
2.287509545555046316e+03
2.289231902872938917e+03
2.287114536726778169e+03
2.285553466725138605e+03
2.285055785810202451e+03
2.283112036965545940e+03
2.285035128953924868e+03
2.282925252127854037e+03
2.284958509556807712e+03
2.283869302037561738e+03
2.284446998496267042e+03
2.284453950224882647e+03
2.283929528353137812e+03
2.283724347308244432e+03
2.282209945369767865e+03
2.282851259664410009e+03
2.279665810039349253e+03
2.276494037409977409e+03
2.274773818586471407e+03
2.274954372505019819e+03
2.274744991428325648e+03
2.272178265835552793e+03
2.274253459584416760e+03
2.273486083261823751e+03
2.273268978551731379e+03
2.270461729892208950e+03
2.270222613134694711e+03
2.269120642371848589e+03
2.266352091820193436e+03
2.264442106995229551e+03
2.261853939876236382e+03
2.261976097839995873e+03
2.262409791589670931e+03
2.258148485956217883e+03
2.260160246784748324e+03
2.257242653206752948e+03
2.256456300783368079e+03
2.254744591653271073e+03
2.250576366075892111e+03
2.250681124685167106e+03
2.251279680198916594e+03
2.248678777345366143e+03
2.250480517710466756e+03
2.248210351813809211e+03
2.246674862989875692e+03
2.247300485281068177e+03
2.244878982482416177e+03
2.245063245642490074e+03
2.238212775331795910e+03
2.235750285643394363e+03
2.231539273977733956e+03
2.232139486852711798e+03
2.232867191732007086e+03
2.230665984352616761e+03
2.230008386513473852e+03
2.230951681432612077e+03
2.227919116889757788e+03
2.227280381568941721e+03
2.222152980973033209e+03
2.220656619623366169e+03
2.219631424277475162e+03
2.216882339569088344e+03
2.216928389999599403e+03
2.218339975060453526e+03
2.218876284251418838e+03
2.218025001276910643e+03
2.221635895065028308e+03
2.219719463273392194e+03
2.223869273124594201e+03
2.226349690358522821e+03
2.229709286247408727e+03
2.229508418202194207e+03
2.227300285463353248e+03
2.219160324920957009e+03
2.217362695408546188e+03
2.217524964836102299e+03
2.216267202778824412e+03
2.219298752227068690e+03
2.215858854822442481e+03
2.219282722335361541e+03
2.220892335601789000e+03
2.218924893194246579e+03
2.216913988118241832e+03
2.214935731424156984e+03
2.214674821278304080e+03
2.214029713385122704e+03
2.209541914957056633e+03
2.211604436107999391e+03
2.209638986019417644e+03
2.211226992799449363e+03
2.210399659514205268e+03
2.214412034259247321e+03
2.212398920116376758e+03
2.210897815479861492e+03
2.211626390637825807e+03
2.212010647795549630e+03
2.211154594249689126e+03
2.209022012791707766e+03
2.207840652925133782e+03
2.205632097334514128e+03
2.203548962375159135e+03
2.200331639261890359e+03
2.198398937227653278e+03
2.196180261885568598e+03
2.194255098896743675e+03
2.192524880102472252e+03
2.191106442591949417e+03
2.189792168107853740e+03
2.187311486962219533e+03
2.183389879061203828e+03
2.182311081170911621e+03
2.181679302182160882e+03
2.179622493545887664e+03
2.175294371057174885e+03
2.174446733158895768e+03
2.173440129943863667e+03
2.173660253125822237e+03
2.170944580418854912e+03
2.167596813620694320e+03
2.169364761334492869e+03
2.169933487708195571e+03
2.169464305623296696e+03
2.171796479063249535e+03
2.169797772928398444e+03
2.164764120757598903e+03
2.165571313617770556e+03
2.162643557298018095e+03
2.159066804600822707e+03
2.160019569099986711e+03
2.159364169390431016e+03
2.159091342393023751e+03
2.155427077936956721e+03
2.152560949422150770e+03
2.154763392574158843e+03
2.153561907931060887e+03
2.151093438218943447e+03
2.149813478575797035e+03
2.150011993237532351e+03
2.145296796948325209e+03
2.143819539504797831e+03
2.141553216919851820e+03
2.138635539080109538e+03
2.132309740399273323e+03
2.129266145015713846e+03
2.130149238215394689e+03
2.130213029333925533e+03
2.130478719920958611e+03
2.131610029887871406e+03
2.133268392769444745e+03
2.134297638980933698e+03
2.134649009063695758e+03
2.133447412937948229e+03
2.131252646367886882e+03
2.131386989483195066e+03
2.130029599874464566e+03
2.130314223141496313e+03
2.128104387375896295e+03
2.126786721455677252e+03
2.123656595203192410e+03
2.123088744565330671e+03
2.116317118620643669e+03
2.117259820875428431e+03
2.115151416551015245e+03
2.110139327314779166e+03
2.105686457303223960e+03
2.106248520008089599e+03
2.104467797100722692e+03
2.105005371785324314e+03
2.099450733797050361e+03
2.092526019474443729e+03
2.094753779520630815e+03
2.096150671140543636e+03
2.094089271075628403e+03
2.089740178097267744e+03
2.092015590676060583e+03
2.093718807689215282e+03
2.089179013431056319e+03
2.082380995865085424e+03
2.079208886820889802e+03
2.074611415026840405e+03
2.071415471554112173e+03
2.072188292107678990e+03
2.068818370680259704e+03
2.072050790361694908e+03
2.069576147748804487e+03
2.070184798141751344e+03
2.067386438904837632e+03
2.069590519577222040e+03
2.072526829564820673e+03
2.067119913511528921e+03
2.067239705349521955e+03
2.070872740006416734e+03
2.072912141020501622e+03
2.065680051137779174e+03
2.063994140436477664e+03
2.061836207285958153e+03
2.060791376007694453e+03
2.063841843733564019e+03
2.058688420919321743e+03
2.060954444681211498e+03
2.061452478332979354e+03
2.056457952262730487e+03
2.053436744703613840e+03
2.055082914411312686e+03
2.049256769513041945e+03
2.044986894169400557e+03
2.043815351211853567e+03
2.041957141204131176e+03
2.039153839101703170e+03
2.044789994314495061e+03
2.042673984066586399e+03
2.043149621418878041e+03
2.039466719774608464e+03
2.040200194235405888e+03
2.034894334411121235e+03
2.036906542491817390e+03
2.032571144939195847e+03
2.030099042157420172e+03
2.029092281512308091e+03
2.029990797393654020e+03
2.030130774478554940e+03
2.028573431692786698e+03
2.028316973493579781e+03
2.022896168507700395e+03
2.023838737780412885e+03
2.028259217047003403e+03
2.024778239226414826e+03
2.027980010527088552e+03
2.023988107973291335e+03
2.015534264423296008e+03
2.017266800580435302e+03
2.016688021669947375e+03
2.023806028400872947e+03
2.020987588054112848e+03
2.016322458715111225e+03
2.008538419965753747e+03
2.002173462664260342e+03
2.005065549882155665e+03
2.001593312928130217e+03
1.994999472758952379e+03
1.987269482146068640e+03
1.979626639853478309e+03
1.981481567348214185e+03
1.982027438218234465e+03
1.981962843971780330e+03
1.981176523336597711e+03
1.975185997222948345e+03
1.972684578156962061e+03
1.974483973196537136e+03
1.969820185782160706e+03
1.972254392790210659e+03
1.968113469386988982e+03
1.967331743168087314e+03
1.965120079906505225e+03
1.966377721447832300e+03
1.965969256469862557e+03
1.962242413762023034e+03
1.955116432538642812e+03
1.954614167553563902e+03
1.960345994184728625e+03
1.960456106326259032e+03
1.962627272391218412e+03
1.957219196164017831e+03
1.960094403246843058e+03
1.958692913963922820e+03
1.954051593241051023e+03
1.955658504781288229e+03
1.957260286132221609e+03
1.953305018828461698e+03
1.952161439317970007e+03
1.949294211086803443e+03
1.947059804413387383e+03
1.952788565623304748e+03
1.951430677135519090e+03
1.950179315082672474e+03
1.953913029529231835e+03
1.956545957988072814e+03
1.957528580750418996e+03
1.953533610991250725e+03
1.951710441618706227e+03
1.952061448110219544e+03
1.952561724522328177e+03
1.949493040570193898e+03
1.946954705203434060e+03
1.945670318741610572e+03
1.943859285342969315e+03
1.941360732854173420e+03
1.933549721580348432e+03
1.932559376516269367e+03
1.932970723865911395e+03
1.927558623108256825e+03
1.932047818683748119e+03
1.933062324925096846e+03
1.937689997006852309e+03
1.932337558733862579e+03
1.929061388730348881e+03
1.929237229728913462e+03
1.927630333351783520e+03
1.926355542241600915e+03
1.930157950558269931e+03
1.923197726782545033e+03
1.919937633960407311e+03
1.921752195792289513e+03
1.921061645369003600e+03
1.924133390429407200e+03
1.920709398027966927e+03
1.921740317902099378e+03
1.915829257758599169e+03
1.915763416248347994e+03
1.916748113069704686e+03
1.916703390411945975e+03
1.920681378165565548e+03
1.922227121570025702e+03
1.924761475740987407e+03
1.928477712251557705e+03
1.930312321782323124e+03
1.927989265118553476e+03
1.925464098372804983e+03
1.919423079654592811e+03
1.922655921650010214e+03
1.926836882951094140e+03
1.924274144543935563e+03
1.923907656410411619e+03
1.918434541851895801e+03
1.910186016954226034e+03
1.907302355992530693e+03
1.915240664948158155e+03
1.914432223564174137e+03
1.907346340285407678e+03
1.902321300526251889e+03
1.902480456790274502e+03
1.898970719904290036e+03
1.905538585172807871e+03
1.898719257744026891e+03
1.898835468752843099e+03
1.893433291044889984e+03
1.893981718509664233e+03
1.891718450006733065e+03
1.890329446033260638e+03
1.888571085158400138e+03
1.888998751914292598e+03
1.888560464069523277e+03
1.886872235890709135e+03
1.897647482743215733e+03
1.891602623177267560e+03
1.897194515704674814e+03
1.895099434724627372e+03
1.895712856827470205e+03
1.892961614193442301e+03
1.888319512306575916e+03
1.890878382116856756e+03
1.892122518895351277e+03
1.889351728496776332e+03
1.887041871614068668e+03
1.883276628816700622e+03
1.880840311116323846e+03
1.875909953279543515e+03
1.875698125134413431e+03
1.876754838213463472e+03
1.878536517676317771e+03
1.878647628953797494e+03
1.871674954357519482e+03
1.867329050504907173e+03
1.867282714025223868e+03
1.867119221613741956e+03
1.878611823033226301e+03
1.880368917528001475e+03
1.879439962609147415e+03
1.873629641028278456e+03
1.877169642508241850e+03
1.874169067088235806e+03
1.870301271365428420e+03
1.870677451145083069e+03
1.865927873924501682e+03
1.868480576941647087e+03
1.870281382967924173e+03
1.870168448292648463e+03
1.873466353436432883e+03
1.871540075746634557e+03
1.876718331988115779e+03
1.871136916008286789e+03
1.869522778719680446e+03
1.861932147685293330e+03
1.853529118093718353e+03
1.850630831384787371e+03
1.856062080827313594e+03
1.851033084929467805e+03
1.851919132797696193e+03
1.850569684078689534e+03
1.845268258693010466e+03
1.844035194382415739e+03
1.845835115869789433e+03
1.848658889035737275e+03
1.851536001399319048e+03
1.851240699572864742e+03
1.852297255765078944e+03
1.849822862276389060e+03
1.845771908136725187e+03
1.842781208116884500e+03
1.838316825192987380e+03
1.836164772151582838e+03
1.837010218124076800e+03
1.830661424690258400e+03
1.831226027147995637e+03
1.828957163632552465e+03
1.831769164383602174e+03
1.825809197268754133e+03
1.818147680334696361e+03
1.812023714764708757e+03
1.815173887600199578e+03
1.818823011719127180e+03
1.818212139677159485e+03
1.806388950355154975e+03
1.798309770273638833e+03
1.797394633027119198e+03
1.800767320231054327e+03
1.798303480067857208e+03
1.807990598244583680e+03
1.803031234134728265e+03
1.798579587727202124e+03
1.807380754397328019e+03
1.803368784431323320e+03
1.795898645561555441e+03
1.798037952421319915e+03
1.806317110988156855e+03
1.807917214376903303e+03
1.813485147034158672e+03
1.816676226855751793e+03
1.804561699738044808e+03
1.804951009702702777e+03
1.804189457309862291e+03
1.803775928302178727e+03
1.800480281832605442e+03
1.793305269245255658e+03
1.788088374765437948e+03
1.789467553112460337e+03
1.787743804935127855e+03
1.789778520781421321e+03
1.787523202427106071e+03
1.789797224171236621e+03
1.788613673951262854e+03
1.785399529067976346e+03
1.777932183842695622e+03
1.781268220907619025e+03
1.779810553254088290e+03
1.779605889231596393e+03
1.780641208159755706e+03
1.774317243012932522e+03
1.775845247550070098e+03
1.774328458672141551e+03
1.769326433928463985e+03
1.768923096113692054e+03
1.763964080404027072e+03
1.764954851669544269e+03
1.758322591624895495e+03
1.755742707309743537e+03
1.756571773897547700e+03
1.757183106059007514e+03
1.757690271622209139e+03
1.754969757045921142e+03
1.760761314944512833e+03
1.766753599639540198e+03
1.764051943819773442e+03
1.769373321929124131e+03
1.766631746780551339e+03
1.766884533128922158e+03
1.772218979902141200e+03
1.773001774032883532e+03
1.773341201171391504e+03
1.776628346277596847e+03
1.771513734226542283e+03
1.772808996750560482e+03
1.767768824473396990e+03
1.764171644371338061e+03
1.761848712373596300e+03
1.757161328679664166e+03
1.751842640294168632e+03
1.743258348008992925e+03
1.742422415035334552e+03
1.738916860257911821e+03
1.735476782606147026e+03
1.733093230715513755e+03
1.731740090951132288e+03
1.732662491919744070e+03
1.735459228791685518e+03
1.739083969658912110e+03
1.738851309642762772e+03
1.736227023287522343e+03
1.735326355174886203e+03
1.731679106854052634e+03
1.730074605941382288e+03
1.726363097180887053e+03
1.726538252631028627e+03
1.725418569713559918e+03
1.724730619291955009e+03
1.721674796773486605e+03
1.720312343887498855e+03
1.719561558953307213e+03
1.718556729335736009e+03
1.713303304840569126e+03
1.712904965678775397e+03
1.713389431516562581e+03
1.711963339446288956e+03
1.706464534261391464e+03
1.707379875796880697e+03
1.706300548909031932e+03
1.704595987554542035e+03
1.705340819634534910e+03
1.703548731341795246e+03
1.702383347118837037e+03
1.697255932334184990e+03
1.697302508241465375e+03
1.694548845287405356e+03
1.691227217767597949e+03
1.685555229521525916e+03
1.682264457305926726e+03
1.680199551521124476e+03
1.683450534639308444e+03
1.684074003947453548e+03
1.685568461400421256e+03
1.689375405529089448e+03
1.679352304785632896e+03
1.670495090779647171e+03
1.674038645768299148e+03
1.675114160062323663e+03
1.672415493581879218e+03
1.672007623401586670e+03
1.669108665752233492e+03
1.668787293647069646e+03
1.664326521186266064e+03
1.667010926050466423e+03
1.662815720992545494e+03
1.661577411972910113e+03
1.657944942445797551e+03
1.657589921981787711e+03
1.659378983519292888e+03
1.657342459521898718e+03
1.651547575381964862e+03
1.648076707478267053e+03
1.647674763090314173e+03
1.651590156008792974e+03
1.651894154103930305e+03
1.651627886618987759e+03
1.652972018681193276e+03
1.653398252736979885e+03
1.650509416763206445e+03
1.646088982268090604e+03
1.644674135103030721e+03
1.642556243380830892e+03
1.645133544428628738e+03
1.650646840423667527e+03
1.649452232451983036e+03
1.650503722000201833e+03
1.648381487345345249e+03
1.643816720444414159e+03
1.642738796176670803e+03
1.639347366691098841e+03
1.640269165502679925e+03
1.639730499448515729e+03
1.639944282945933764e+03
1.640726465535716443e+03
1.643729764796512654e+03
1.646451905218933462e+03
1.646428158253002266e+03
1.646924748571034797e+03
1.645195221173289156e+03
1.645375692949366794e+03
1.647548537392002800e+03
1.646957429444914624e+03
1.651793034292952825e+03
1.651764558926371819e+03
1.648534460851467884e+03
1.649880179384364737e+03
1.649428526021505377e+03
1.649236157649196230e+03
1.646406969919472431e+03
1.642354021329191028e+03
1.638575520166569049e+03
1.636025301368302962e+03
1.632822253775766058e+03
1.633254850320948208e+03
1.631526519964284034e+03
1.629186442969932386e+03
1.633651120038926138e+03
1.632166261763643661e+03
1.632126114620939461e+03
1.633712506956774178e+03
1.634470413142855932e+03
1.631533640520684230e+03
1.632553851576538818e+03
1.630613712986457585e+03
1.632943505386284187e+03
1.629542708245628774e+03
1.628352679022997563e+03
1.625299200355518678e+03
1.625577240807806447e+03
1.622734423139110959e+03
1.625922072606443180e+03
1.626059791612946356e+03
1.625047355583287526e+03
1.626433315674074493e+03
1.622133061248131980e+03
1.620537132996888886e+03
1.620657166834562076e+03
1.622848939487150801e+03
1.618376338755775123e+03
1.615486875589647752e+03
1.619122394164513253e+03
1.615740976821606182e+03
1.616772947321348056e+03
1.614284276191878462e+03
1.616171241335935292e+03
1.617693004940649416e+03
1.613835312004959178e+03
1.612321329879099494e+03
1.609510573136052699e+03
1.608630040744617872e+03
1.611884670227302422e+03
1.605320551425832718e+03
1.606583935982629782e+03
1.605520698546456288e+03
1.603507701619279487e+03
1.600523980378646002e+03
1.599166281838495479e+03
1.602147528612623773e+03
1.602850563438529889e+03
1.599100305776064488e+03
1.597099743534730578e+03
1.599064329861258102e+03
1.598459550169351132e+03
1.599241967600790986e+03
1.593998282030519704e+03
1.592731668519093546e+03
1.593642511175405161e+03
1.589940262896226159e+03
1.587175909988329977e+03
1.587816448271016043e+03
1.585176059479254263e+03
1.577577287300447779e+03
1.571780668736117150e+03
1.565196636321318920e+03
1.561270580610593015e+03
1.563011773472785535e+03
1.560986484765684963e+03
1.555110009219154108e+03
1.556042893659852780e+03
1.553396084953600848e+03
1.549377093653000657e+03
1.545265617797779214e+03
1.542440248662095428e+03
1.539613320755904397e+03
1.539695359788806400e+03
1.544009824899933164e+03
1.537713993314121808e+03
1.537991077616672783e+03
1.538112492185359315e+03
1.533640749083206629e+03
1.535095896756149841e+03
1.535976290109002093e+03
1.537339414171811086e+03
1.534275018223605457e+03
1.533015729836781475e+03
1.530623608284401371e+03
1.529606811682028138e+03
1.528114557004684002e+03
1.531480969632144706e+03
1.529563158964168224e+03
1.529599630805195375e+03
1.528357714100344765e+03
1.525395960439412647e+03
1.523898767178402522e+03
1.524356287418700276e+03
1.518878883096097525e+03
1.513787129033150904e+03
1.513091180473026952e+03
1.511581899653790970e+03
1.512427224978528557e+03
1.512034047667129016e+03
1.515344830237879705e+03
1.514414347670174493e+03
1.513939354221942949e+03
1.510985953792108603e+03
1.505168866230046660e+03
1.504880522911754952e+03
1.510113958796889847e+03
1.512319247306024181e+03
1.516866657902221277e+03
1.516035917609623766e+03
1.512132103976239250e+03
1.513143182495897918e+03
1.513585378411245983e+03
1.512404673583291469e+03
1.509471785194578615e+03
1.507041750959848059e+03
1.507937108750648576e+03
1.506293104162948566e+03
1.505576730572256110e+03
1.505964402967717433e+03
1.504839198713042379e+03
1.504275202709207861e+03
1.503588301340307453e+03
1.506038617548085540e+03
1.505388277619476412e+03
1.503091591815308220e+03
1.503174197014068341e+03
1.504560592132399734e+03
1.505314145568657068e+03
1.500570071213948722e+03
1.499462492951029390e+03
1.492955897548394205e+03
1.488626641457645292e+03
1.493349063367109466e+03
1.491927038440340084e+03
1.492891340781173994e+03
1.494289793151735239e+03
1.494924825182937184e+03
1.492356646961341085e+03
1.495122822578310661e+03
1.492411941889278523e+03
1.493833314784053755e+03
1.493390888551397666e+03
1.486575458146003029e+03
1.482384613502696993e+03
1.481111965166642449e+03
1.480520840150227514e+03
1.476814742630329647e+03
1.475821167624731970e+03
1.479560989616488314e+03
1.479442355205427702e+03
1.481831198879259773e+03
1.477987689741285521e+03
1.478133257474948778e+03
1.482200118768566199e+03
1.482209901952202472e+03
1.478434544571928882e+03
1.474789563180980622e+03
1.474534222253685357e+03
1.477266329562776491e+03
1.475905063647003544e+03
1.480113293558077658e+03
1.472291635966011427e+03
1.470787555829659368e+03
1.467311135519038544e+03
1.466940090494328388e+03
1.466056929284267426e+03
1.468827681089184807e+03
1.463976216597251323e+03
1.463840790352397335e+03
1.460303857679974726e+03
1.462804782224370911e+03
1.462937115635638747e+03
1.463888550551851495e+03
1.462465206413988426e+03
1.463880871796791325e+03
1.462797295467146341e+03
1.461188520357645757e+03
1.461982949634051920e+03
1.461199825772310987e+03
1.459211986904841979e+03
1.457435703634170977e+03
1.457894906849920062e+03
1.452166543107786538e+03
1.447784150542666566e+03
1.444105213707306348e+03
1.446640077167472100e+03
1.446740329186380222e+03
1.448809564848446144e+03
1.445363750046657287e+03
1.444733611767278035e+03
1.441786936645873311e+03
1.439935100531405851e+03
1.437883999412041703e+03
1.434983184923742783e+03
1.429791561294202666e+03
1.428012126495978237e+03
1.426726542421907652e+03
1.422059901897529016e+03
1.423467262429870743e+03
1.423989994034511938e+03
1.421320721043233107e+03
1.425282655847031720e+03
1.423780195908047290e+03
1.421410679752838632e+03
1.421304947394938836e+03
1.418521977575253459e+03
1.417905117708802891e+03
1.416661021019490363e+03
1.420128876386764432e+03
1.420711705561138388e+03
1.421120066647857357e+03
1.418680203363669534e+03
1.416448123200850659e+03
1.415437760025012267e+03
1.415383277849069373e+03
1.413204360909609477e+03
1.408951269921799621e+03
1.406658159448846845e+03
1.403699751563458221e+03
1.398652748504592864e+03
1.395918918242480913e+03
1.394292309599228474e+03
1.396505707525274602e+03
1.399906884587159084e+03
1.401361115346353927e+03
1.402303148277303535e+03
1.400106321273042113e+03
1.398565584076788582e+03
1.398279217150703744e+03
1.401125313474071390e+03
1.402893266827447860e+03
1.397197567485983882e+03
1.394859210884245385e+03
1.389285349172539100e+03
1.386331409795902346e+03
1.386349852060261128e+03
1.383405132421335338e+03
1.386004001247324595e+03
1.383534877204122495e+03
1.379978695495853799e+03
1.379487446108437098e+03
1.379164821289613201e+03
1.368217404484885492e+03
1.368225752760756222e+03
1.366356591170672800e+03
1.367582239450865927e+03
1.367998963210105330e+03
1.371315154460781059e+03
1.367209658721673122e+03
1.365180196444814101e+03
1.360191721010867923e+03
1.362218178377725280e+03
1.360271007747590374e+03
1.356933061938072115e+03
1.356443624018244918e+03
1.354458886380484728e+03
1.354063545164949119e+03
1.355466352125717322e+03
1.352541604987213532e+03
1.344814225669363395e+03
1.342133234079460863e+03
1.339998050803138085e+03
1.340870641295376799e+03
1.338320229141609389e+03
1.332470587801239390e+03
1.337563737209497503e+03
1.334384056771127234e+03
1.333504791719900822e+03
1.336075785932675899e+03
1.331705459359769748e+03
1.334420479648205401e+03
1.330180881493833112e+03
1.326669840347521358e+03
1.326386709021514662e+03
1.328611959983130873e+03
1.325023066698784760e+03
1.318465391845786598e+03
1.316923129283063645e+03
1.313867196888528269e+03
1.309211437283725672e+03
1.313381086668213811e+03
1.306245801570335288e+03
1.300018084792695390e+03
1.299942504090176953e+03
1.298003474498636024e+03
1.300924790640567153e+03
1.297420961018750631e+03
1.294423015660008105e+03
1.288609822091018486e+03
1.287506923919072278e+03
1.287335847113570480e+03
1.280556645231956281e+03
1.278494873533171130e+03
1.279084607715166158e+03
1.281000136246383136e+03
1.283354919669867968e+03
1.290967269764711091e+03
1.297590863561300921e+03
1.292699910624737186e+03
1.289503385610171790e+03
1.289652128142439324e+03
1.292867493020046368e+03
1.289080634110021720e+03
1.298189025522910697e+03
1.295224830450079935e+03
1.297942296590271553e+03
1.297718537221608130e+03
1.294923736095514414e+03
1.298155578194055579e+03
1.297426650779520969e+03
1.295814997822403484e+03
1.299871874242362310e+03
1.297719755696018865e+03
1.298674820497654764e+03
1.300850768702349114e+03
1.301390057835340940e+03
1.299893476717840713e+03
1.298845179265413663e+03
1.291002461078916895e+03
1.292056868464771469e+03
1.290436675722248992e+03
1.293322946398784097e+03
1.290679029200736977e+03
1.294224558546163053e+03
1.294377865001971031e+03
1.287728629789773777e+03
1.290432693422793136e+03
1.283218746541205519e+03
1.282482518306493830e+03
1.284727350557106320e+03
1.278108020501463216e+03
1.282607901381134070e+03
1.274594463071757446e+03
1.276110037412562860e+03
1.276739353176161330e+03
1.271230175524148308e+03
1.274406885166190705e+03
1.267023547261347403e+03
1.273057021449337753e+03
1.271758779387524328e+03
1.272994782413994471e+03
1.271097087562563047e+03
1.270044490655426216e+03
1.272546707020511576e+03
1.274160806991619211e+03
1.274338895809597034e+03
1.270423102188589155e+03
1.272063501904811574e+03
1.276043855459513907e+03
1.273100686596762671e+03
1.271843278778978629e+03
1.273497432432660844e+03
1.271188147809254588e+03
1.270789165135929807e+03
1.267671075616900225e+03
1.260086734742776116e+03
1.259248979455214112e+03
1.262870492092535642e+03
1.263921633408403068e+03
1.260839379433123440e+03
1.259948380059902320e+03
1.254927289102662144e+03
1.250903740844782078e+03
1.251222347800598527e+03
1.250732559987135573e+03
1.246459500422659403e+03
1.248779336669580971e+03
1.249809954580284966e+03
1.252675823411607780e+03
1.251364549570671898e+03
1.245694639523293517e+03
1.242568311605122517e+03
1.244259416443453347e+03
1.244326488159983001e+03
1.244585607531326559e+03
1.242216127243500296e+03
1.241029816033536463e+03
1.243148143756379341e+03
1.240509912270548284e+03
1.233022778369241450e+03
1.234719943277788389e+03
1.234766399358946728e+03
1.232127497805960047e+03
1.226149537858163967e+03
1.225902115835407812e+03
1.226242850302798843e+03
1.221773493450814158e+03
1.223331450124492221e+03
1.226196674988694895e+03
1.231391444706858920e+03
1.234876306849647108e+03
1.230029912911978727e+03
1.224728105842702462e+03
1.226038076941135614e+03
1.224734841532970449e+03
1.230904211966744697e+03
1.222383792134319265e+03
1.221058243981396799e+03
1.224103109943861455e+03
1.229030705107116091e+03
1.226355891183796302e+03
1.222728081752858770e+03
1.219237657270739419e+03
1.214263859700841522e+03
1.208056322112098314e+03
1.211571435993325622e+03
1.210036120023206877e+03
1.206125020557530434e+03
1.205430367957653743e+03
1.205686048486537629e+03
1.200390417548854430e+03
1.202768532973036372e+03
1.200438444348838857e+03
1.194574904153879743e+03
1.190834596014470208e+03
1.186840688652700464e+03
1.184026146266545766e+03
1.181558448600911561e+03
1.184280964280071657e+03
1.191257742301756480e+03
1.184414674839192230e+03
1.181919568714418801e+03
1.181290722626885781e+03
1.177555341642172834e+03
1.181937615253125159e+03
1.185892812983215208e+03
1.187186008411890271e+03
1.186112203876208923e+03
1.187560479482227720e+03
1.179834826421801154e+03
1.175379459345800569e+03
1.177496617156258935e+03
1.175810158947631408e+03
1.165863477534021058e+03
1.174589177623056003e+03
1.177247726293056076e+03
1.173740515160453015e+03
1.173998151490333839e+03
1.169066386516882631e+03
1.167179150772016783e+03
1.163329327906216804e+03
1.161543364380425601e+03
1.161197958320826956e+03
1.166965308166645627e+03
1.164552369589371210e+03
1.164235160879212117e+03
1.164943888922463657e+03
1.165334100888038847e+03
1.169118230894550379e+03
1.167588398325624212e+03
1.166204385820640027e+03
1.166837008960670346e+03
1.169433278213890844e+03
1.167766282862063235e+03
1.170545683831284350e+03
1.167846660215007887e+03
1.169598207224184989e+03
1.168534091471581405e+03
1.165298142705199098e+03
1.163920280203637503e+03
1.162453482323645630e+03
1.161197024274589239e+03
1.159496526870427488e+03
1.152685647572605149e+03
1.157012312868051822e+03
1.157657940958270046e+03
1.152442835186758657e+03
1.153734337063938483e+03
1.152636407921203272e+03
1.151442447066995783e+03
1.150583420582407371e+03
1.154817352335003079e+03
1.156148850294216800e+03
1.156197964829990497e+03
1.158896552755372340e+03
1.154266224139413907e+03
1.156885768020842534e+03
1.153067541531109327e+03
1.149582114264757593e+03
1.153439257289209081e+03
1.151598383421650396e+03
1.152710558177058374e+03
1.145520226442527473e+03
1.141072141958766679e+03
1.141208814997534091e+03
1.135503809980704318e+03
1.137553443813221747e+03
1.135830270384698451e+03
1.141824321624754702e+03
1.136820874496378565e+03
1.138730953036126039e+03
1.137894013079148863e+03
1.140634911014715044e+03
1.140774672686547319e+03
1.134360885388279030e+03
1.132346158646778349e+03
1.131939488113101106e+03
1.128930488133823019e+03
1.131610880310341145e+03
1.128610517976237816e+03
1.128549694202858518e+03
1.122668197627354857e+03
1.126118852509973067e+03
1.123213064072289626e+03
1.124447607648358598e+03
1.130634914931024014e+03
1.127132530058190468e+03
1.129281231171187073e+03
1.135713338347513172e+03
1.137747376980376657e+03
1.130933707093046678e+03
1.128136084822269822e+03
1.122268040723010927e+03
1.123222937405766061e+03
1.121968828128914538e+03
1.124020631566544353e+03
1.127813467447262838e+03
1.128526614814020604e+03
1.128996964086440357e+03
1.130694352892651978e+03
1.124521762693649862e+03
1.127003813406629661e+03
1.121649231274529711e+03
1.127313885294442116e+03
1.125789658864455532e+03
1.130048842580954442e+03
1.123715649742100595e+03
1.121760656690003543e+03
1.122015615217502955e+03
1.119948745669560594e+03
1.119424534993531552e+03
1.119037369291821960e+03
1.115095424140512250e+03
1.114941218158586480e+03
1.111277925697359024e+03
1.110724023650711388e+03
1.108081487071581023e+03
1.103180027831304642e+03
1.100504746159497927e+03
1.097952411391056330e+03
1.096836389710764706e+03
1.096622503822706449e+03
1.094566684962988575e+03
1.097493578321822270e+03
1.094687035953331815e+03
1.093462723972787444e+03
1.093262140586261012e+03
1.094977184023458904e+03
1.097622780825387736e+03
1.095878421628045317e+03
1.094231544473059557e+03
1.097032894081273298e+03
1.095756872224235622e+03
1.095103762030803864e+03
1.093093333630329653e+03
1.089492793678560929e+03
1.094459060693010088e+03
1.095978500820722729e+03
1.095038485984379804e+03
1.091393958141831718e+03
1.088737234981347456e+03
1.087668944767312269e+03
1.086218666742868436e+03
1.086023652286239667e+03
1.085228178015950789e+03
1.080222986175885353e+03
1.078890448059769369e+03
1.074349711834187929e+03
1.071651737500751324e+03
1.076811742661440576e+03
1.079914928222142407e+03
1.076456121390552426e+03
1.075163014632866407e+03
1.073516180503746227e+03
1.071196241169827545e+03
1.065674294796398044e+03
1.064715326983063278e+03
1.061068302584882986e+03
1.054341839801437800e+03
1.050107876113342172e+03
1.046750851438572681e+03
1.046551090877829438e+03
1.051259117742743911e+03
1.051041397633254064e+03
1.056249952657769882e+03
1.058761876342684900e+03
1.051701987399317431e+03
1.051454232922699475e+03
1.046921261382998864e+03
1.043053578527642230e+03
1.038407911794326537e+03
1.038938377824713143e+03
1.036195610860206443e+03
1.034613642142805929e+03
1.035805553107380319e+03
1.035593230462100109e+03
1.036017964470713878e+03
1.034742391146232649e+03
1.038121333176601865e+03
1.038086452176594094e+03
1.037716236493790575e+03
1.037692431479941661e+03
1.035035506043065197e+03
1.033390266729492623e+03
1.031220062908095997e+03
1.031636095601581019e+03
1.031617752657890833e+03
1.036104263615969785e+03
1.036991356023111393e+03
1.034766906387354538e+03
1.036846447571901535e+03
1.036176085009959252e+03
1.035442758605118797e+03
1.038326429954031255e+03
1.043093981898207176e+03
1.041391708677013185e+03
1.039589596424305455e+03
1.036020245350742925e+03
1.035667802798445337e+03
1.034962205273340487e+03
1.033472611390470774e+03
1.033114414773890303e+03
1.033513330658007135e+03
1.031466597131971412e+03
1.026031974475201423e+03
1.027789953127886065e+03
1.025034183393140665e+03
1.026061514579273535e+03
1.026046181402812863e+03
1.025492503987800319e+03
1.022349057893751478e+03
1.022583830794188316e+03
1.021366670062368939e+03
1.021298611207190788e+03
1.019940727431830510e+03
1.017564838696484799e+03
1.019356906050799353e+03
