1.100000000000000000e+04
1.099969999998904495e+04
1.099939999998743951e+04
1.099909999996339138e+04
1.099879999993634192e+04
1.099849999998642306e+04
1.099819999999955326e+04
1.099790000002116722e+04
1.099760000002445668e+04
1.099730000006676528e+04
1.099700000004719004e+04
1.099670000007526323e+04
1.099640000011447592e+04
1.099610000009039504e+04
1.099580000012034179e+04
1.099550000014181569e+04
1.099520000010186413e+04
1.099490000022328604e+04
1.099460000026589660e+04
1.099430000011576340e+04
1.099400000010931944e+04
1.099370000021018132e+04
1.099340000021747619e+04
1.099310000016671438e+04
1.099279999998078347e+04
1.099249999991623554e+04
1.099219999994420868e+04
1.099190000010862968e+04
1.099160000008493626e+04
1.099130000026284142e+04
1.099100000029811599e+04
1.099070000005721704e+04
1.099040000011652774e+04
1.099010000008601855e+04
1.098980000007939998e+04
1.098950000006658047e+04
1.098919999999378524e+04
1.098889999989079843e+04
1.098859999965421775e+04
1.098829999940240486e+04
1.098799999978978849e+04
1.098769999939187437e+04
1.098739999900664588e+04
1.098709999876476104e+04
1.098679999832080284e+04
1.098649999770493923e+04
1.098619999837475734e+04
1.098589999834838636e+04
1.098559999861378674e+04
1.098529999823268008e+04
1.098499999749057497e+04
1.098469999673212442e+04
1.098439999748316222e+04
1.098409999720087035e+04
1.098379999697190215e+04
1.098349999648254743e+04
1.098319999572081542e+04
1.098289999563061428e+04
1.098259999687759955e+04
1.098229999550078537e+04
1.098199999504809784e+04
1.098169999468048445e+04
1.098139999496159362e+04
1.098109999648632765e+04
1.098079999689704164e+04
1.098049999671289333e+04
1.098019999603091310e+04
1.097989999568320491e+04
1.097959999594762121e+04
1.097929999478177160e+04
1.097899999473574826e+04
1.097869999440057836e+04
1.097839999372121201e+04
1.097809999269440777e+04
1.097779999080564630e+04
1.097749998972588037e+04
1.097719998971541281e+04
1.097689998801188631e+04
1.097659998856634229e+04
1.097629999021162439e+04
1.097599998939123361e+04
1.097569998728197243e+04
1.097539998650704001e+04
1.097509998695061040e+04
1.097479998727854945e+04
1.097449998753732325e+04
1.097419998774722626e+04
1.097389998793862651e+04
1.097359998847846873e+04
1.097329998855603844e+04
1.097299999027096965e+04
1.097269999002438271e+04
1.097239999163827451e+04
1.097209998984017693e+04
1.097179999310146741e+04
1.097149999395668419e+04
1.097119999505757733e+04
1.097089999174838340e+04
1.097059998833836289e+04
1.097029998686724502e+04
1.096999998337010402e+04
1.096969998494125684e+04
1.096939998601120715e+04
1.096909998746974816e+04
1.096879998696898292e+04
1.096849999033564745e+04
1.096819998691131696e+04
1.096789998765918244e+04
1.096759998601468942e+04
1.096729998470923056e+04
1.096699998378010423e+04
1.096669998388249405e+04
1.096639998033222764e+04
1.096609998520978479e+04
1.096579998274855461e+04
1.096549998653721013e+04
1.096519998350941023e+04
1.096489998022480358e+04
1.096459998262570480e+04
1.096429998160109062e+04
1.096399998438306284e+04
1.096369998401517296e+04
1.096339998451521024e+04
1.096309998460241695e+04
1.096279998706275910e+04
1.096249998916036020e+04
1.096219998763986769e+04
1.096189998729709987e+04
1.096159998738248760e+04
1.096129997986052149e+04
1.096099997824494858e+04
1.096069997614203930e+04
1.096039997578383191e+04
1.096009997262883189e+04
1.095979997504457424e+04
1.095949997572747634e+04
1.095919997466535824e+04
1.095889998055549586e+04
1.095859998079907382e+04
1.095829998185527256e+04
1.095799998000906999e+04
1.095769998892679905e+04
1.095739998872469005e+04
1.095709998548768272e+04
1.095679998229868215e+04
1.095649997705613168e+04
1.095619998154946552e+04
1.095589998147388724e+04
1.095559998156205256e+04
1.095529998309295115e+04
1.095499998159183633e+04
1.095469998852726712e+04
1.095439998675551760e+04
1.095409998369473396e+04
1.095379998030290881e+04
1.095349996867590926e+04
1.095319996717622053e+04
1.095289996921929560e+04
1.095259997172111980e+04
1.095229996939691227e+04
1.095199996447281046e+04
1.095169995762050348e+04
1.095139995922919661e+04
1.095109996024948850e+04
1.095079995820902514e+04
1.095049996331245529e+04
1.095019996754752719e+04
1.094989996811716082e+04
1.094959996008241251e+04
1.094929996174425651e+04
1.094899995793139533e+04
1.094869995175958684e+04
1.094839994961180309e+04
1.094809996336672884e+04
1.094779996274584664e+04
1.094749996378384276e+04
1.094719996816427556e+04
1.094689996856376638e+04
1.094659996146889716e+04
1.094629996092515830e+04
1.094599995822274832e+04
1.094569995910683610e+04
1.094539996386136954e+04
1.094509997246973944e+04
1.094479997085137620e+04
1.094449997361513488e+04
1.094419998006255992e+04
1.094389997974394828e+04
1.094359997627004122e+04
1.094329997238034957e+04
1.094299995840393603e+04
1.094269997096350562e+04
1.094239997345534539e+04
1.094209998017911130e+04
1.094179999327998121e+04
1.094149999158143146e+04
1.094120000021868327e+04
1.094089999570946202e+04
1.094059999571941080e+04
1.094030001039352283e+04
1.094000001536646596e+04
1.093970002787079829e+04
1.093940002618904873e+04
1.093910003053411674e+04
1.093880001292459929e+04
1.093850000566769086e+04
1.093820000107756277e+04
1.093790000172923283e+04
1.093760000500813658e+04
1.093729999530702662e+04
1.093700000635833021e+04
1.093669999739547893e+04
1.093639998939743418e+04
1.093609999461244479e+04
1.093579999734082412e+04
1.093550001382997107e+04
1.093520001136675819e+04
1.093490000540717301e+04
1.093460001000332704e+04
1.093430002825471274e+04
1.093400001742370659e+04
1.093370002587123963e+04
1.093340002607743736e+04
1.093310003277001124e+04
1.093280001469692797e+04
1.093250001442297980e+04
1.093220002990007561e+04
1.093190004675514319e+04
1.093160005244492822e+04
1.093130006024111572e+04
1.093100006257651694e+04
1.093070006709946756e+04
1.093040004208413302e+04
1.093010004579966699e+04
1.092980004842543894e+04
1.092950003248254325e+04
1.092920001530255649e+04
1.092890000909039736e+04
1.092860000908167785e+04
1.092830000093340277e+04
1.092799999564746395e+04
1.092769999305586134e+04
1.092740000460857664e+04
1.092710002303094734e+04
1.092680002057670026e+04
1.092650003515515709e+04
1.092620003293199443e+04
1.092590001984352057e+04
1.092560003208262424e+04
1.092530002665665415e+04
1.092500002714023140e+04
1.092470003015284055e+04
1.092440004031130229e+04
1.092410005014716262e+04
1.092380004091769479e+04
1.092350003154290062e+04
1.092320001588910782e+04
1.092290002308882686e+04
1.092260005758805710e+04
1.092230005476193946e+04
1.092200004854521285e+04
1.092170003104581338e+04
1.092140003129788602e+04
1.092110004136179305e+04
1.092080004243866097e+04
1.092050006798176037e+04
1.092020008008162222e+04
1.091990008063370260e+04
1.091960007963184398e+04
1.091930005699867797e+04
1.091900007161774738e+04
1.091870008012884682e+04
1.091840008870634847e+04
1.091810007173024132e+04
1.091780006775341099e+04
1.091750007090050713e+04
1.091720006647371520e+04
1.091690007947303275e+04
1.091660006289061494e+04
1.091630006049500298e+04
1.091600008163601160e+04
1.091570006241071496e+04
1.091540007253312979e+04
1.091510006978607271e+04
1.091480007152600228e+04
1.091450006902500354e+04
1.091420007085144243e+04
1.091390006526359684e+04
1.091360006280973721e+04
1.091330006678309110e+04
1.091300009696653251e+04
1.091270012049162324e+04
1.091240009325961000e+04
1.091210009587465356e+04
1.091180011828895476e+04
1.091150011448243822e+04
1.091120013328089044e+04
1.091090013177871515e+04
1.091060013913765033e+04
1.091030014441700951e+04
1.091000015394209368e+04
1.090970015635324125e+04
1.090940012939065491e+04
1.090910011767374453e+04
1.090880010334745020e+04
1.090850010903357179e+04
1.090820012864020828e+04
1.090790012680138898e+04
1.090760011867499270e+04
1.090730014326376477e+04
1.090700012884008174e+04
1.090670012663887246e+04
1.090640010382780747e+04
1.090610011247107286e+04
1.090580015102854850e+04
1.090550019096509823e+04
1.090520019737592702e+04
1.090490020065235694e+04
1.090460019446633487e+04
1.090430018099107474e+04
1.090400019655232973e+04
1.090370018595571855e+04
1.090340022318696174e+04
1.090310024777458784e+04
1.090280022913136600e+04
1.090250021455350907e+04
1.090220021199323310e+04
1.090190021783704833e+04
1.090160016307057049e+04
1.090130016550890105e+04
1.090100016842892546e+04
1.090070016408502488e+04
1.090040012077669962e+04
1.090010014451453935e+04
1.089980011336465395e+04
1.089950014255184215e+04
1.089920018847868778e+04
1.089890018978413173e+04
1.089860017290159158e+04
1.089830014366024261e+04
1.089800013917590331e+04
1.089770013488678160e+04
1.089740010628821437e+04
1.089710008389231916e+04
1.089680011706742334e+04
1.089650009219435196e+04
1.089620007113700012e+04
1.089590003310872089e+04
1.089560002269431061e+04
1.089529999536104515e+04
1.089499998624458385e+04
1.089469996876170626e+04
1.089439996550306751e+04
1.089409998527416064e+04
1.089380000599445520e+04
1.089350002778882845e+04
1.089319998976161514e+04
1.089290001955107800e+04
1.089260001903733973e+04
1.089230002738123949e+04
1.089200006920003034e+04
1.089170008780423450e+04
1.089140008280928851e+04
1.089110004873727303e+04
1.089080005812676063e+04
1.089050008261537732e+04
1.089020003624200763e+04
1.088990001649714213e+04
1.088960008002160794e+04
1.088930010975830010e+04
1.088900009409321319e+04
1.088870013279771410e+04
1.088840010714043456e+04
1.088810013295687895e+04
1.088780012049331890e+04
1.088750014204609761e+04
1.088720017200392067e+04
1.088690018913166205e+04
1.088660015272326746e+04
1.088630016934444575e+04
1.088600013005447727e+04
1.088570011605355830e+04
1.088540019288828444e+04
1.088510025512528409e+04
1.088480023167838772e+04
1.088450020719669192e+04
1.088420014544644073e+04
1.088390015924345971e+04
1.088360016909570368e+04
1.088330018759231098e+04
1.088300017300913350e+04
1.088270014530604931e+04
1.088240015464811586e+04
1.088210011956145172e+04
1.088180007895026392e+04
1.088150010006327648e+04
1.088120013406868929e+04
1.088090015112581386e+04
1.088060012189760528e+04
1.088030013158340989e+04
1.088000008604784307e+04
1.087970003190454736e+04
1.087940009263863612e+04
1.087910006757209703e+04
1.087880011627787826e+04
1.087850012475581752e+04
1.087820012898193818e+04
1.087790014655615050e+04
1.087760015467155245e+04
1.087730020456144848e+04
1.087700019792759485e+04
1.087670019500087801e+04
1.087640020396050386e+04
1.087610019609644769e+04
1.087580018721733904e+04
1.087550015001782958e+04
1.087520018187949972e+04
1.087490014554400477e+04
1.087460016618457666e+04
1.087430020628256534e+04
1.087400022454767713e+04
1.087370022911159322e+04
1.087340019927022877e+04
1.087310023193450797e+04
1.087280027602901100e+04
1.087250032566895425e+04
1.087220028494367943e+04
1.087190024486568109e+04
1.087160023084222303e+04
1.087130028203714210e+04
1.087100032540260509e+04
1.087070034277133163e+04
1.087040032953863920e+04
1.087010029700736777e+04
1.086980026248323702e+04
1.086950021074214783e+04
1.086920023148624750e+04
1.086890020229728725e+04
1.086860019276382627e+04
1.086830023403809901e+04
1.086800032885897599e+04
1.086770031719268445e+04
1.086740027406785885e+04
1.086710026138910325e+04
1.086680029756496879e+04
1.086650033643713869e+04
1.086620035408775766e+04
1.086590038349038696e+04
1.086560040053845478e+04
1.086530044587990596e+04
1.086500050664533956e+04
1.086470049609769194e+04
1.086440055111912443e+04
1.086410057994646559e+04
1.086380065811726308e+04
1.086350059963735112e+04
1.086320066472871986e+04
1.086290063727012966e+04
1.086260057341960965e+04
1.086230051009258204e+04
1.086200052299586605e+04
1.086170054420767883e+04
1.086140051249877433e+04
1.086110048577445559e+04
1.086080050702407789e+04
1.086050053984313490e+04
1.086020051174179935e+04
1.085990044766720348e+04
1.085960039088846679e+04
1.085930034876331047e+04
1.085900032791806552e+04
1.085870025474702743e+04
1.085840028518903637e+04
1.085810023049424854e+04
1.085780029892416496e+04
1.085750028618398028e+04
1.085720026063068872e+04
1.085690014726996378e+04
1.085660010854938446e+04
1.085630006830739876e+04
1.085600007742419075e+04
1.085570009997672969e+04
1.085540004484168276e+04
1.085510008102187930e+04
1.085480008169828579e+04
1.085450013886778834e+04
1.085420004315681399e+04
1.085389995229658598e+04
1.085359994336574891e+04
1.085329982636561181e+04
1.085299986089579761e+04
1.085269982801567312e+04
1.085239992931038068e+04
1.085209995345107382e+04
1.085180006606458846e+04
1.085150003819307494e+04
1.085120007773982616e+04
1.085090005004365230e+04
1.085060005142149930e+04
1.085030010439092439e+04
1.085000008330035234e+04
1.084970005265614600e+04
1.084939999953694496e+04
1.084909997261309582e+04
1.084879995149236129e+04
1.084849999796338125e+04
1.084819996272920434e+04
1.084789998908898269e+04
1.084760004579115775e+04
1.084730003829312773e+04
1.084700004420852747e+04
1.084669988107875906e+04
1.084639979509862133e+04
1.084609983758965427e+04
1.084579982412500067e+04
1.084549970616687096e+04
1.084519973227929950e+04
1.084489978631719532e+04
1.084459975174429383e+04
1.084429968704665225e+04
1.084399959319123263e+04
1.084369956479107168e+04
1.084339955853176070e+04
1.084309951972693489e+04
1.084279945719497846e+04
1.084249936682730549e+04
1.084219939948653155e+04
1.084189926352632028e+04
1.084159919753032227e+04
1.084129920295459851e+04
1.084099924283220753e+04
1.084069929853645772e+04
1.084039916507033377e+04
1.084009933927355451e+04
1.083979938814086199e+04
1.083949942080425717e+04
1.083919937589552865e+04
1.083889935865986445e+04
1.083859934371015152e+04
1.083829929379564965e+04
1.083799930941617458e+04
1.083769924252038436e+04
1.083739921730986134e+04
1.083709915069932322e+04
1.083679919354614867e+04
1.083649913012230172e+04
1.083619902144175649e+04
1.083589903724268879e+04
1.083559908483930485e+04
1.083529912017110473e+04
1.083499911059988335e+04
1.083469904555197536e+04
1.083439905261646345e+04
1.083409907345495049e+04
1.083379912676506137e+04
1.083349913974808624e+04
1.083319909840600121e+04
1.083289912271929461e+04
1.083259906300066177e+04
1.083229895268851214e+04
1.083199895178438237e+04
1.083169889037563917e+04
1.083139886501111869e+04
1.083109883283151430e+04
1.083079878919373550e+04
1.083049867606336738e+04
1.083019882231026168e+04
1.082989869046919011e+04
1.082959858137749325e+04
1.082929864016921601e+04
1.082899866981232299e+04
1.082869869902639766e+04
1.082839862627074581e+04
1.082809851202804930e+04
1.082779852615369782e+04
1.082749856540195287e+04
1.082719850727885023e+04
1.082689855711167365e+04
1.082659853641376321e+04
1.082629852462525014e+04
1.082599856347278001e+04
1.082569855387555799e+04
1.082539852573666940e+04
1.082509847235137022e+04
1.082479840083980525e+04
1.082449842764338246e+04
1.082419824616749975e+04
1.082389825118284170e+04
1.082359821816404292e+04
1.082329820832021687e+04
1.082299814874241201e+04
1.082269806845853236e+04
1.082239804297061164e+04
1.082209804009322397e+04
1.082179806883000492e+04
1.082149810866432017e+04
1.082119820771892955e+04
1.082089807944470704e+04
1.082059802110844248e+04
1.082029801207108358e+04
1.081999805011089120e+04
1.081969801807792828e+04
1.081939778369575288e+04
1.081909757793110293e+04
1.081879755352995562e+04
1.081849756612139026e+04
1.081819769926196932e+04
1.081789788264121489e+04
1.081759790503125805e+04
1.081729784485386517e+04
1.081699776387462407e+04
1.081669770909355975e+04
1.081639764875784931e+04
1.081609761405171957e+04
1.081579756510829066e+04
1.081549755380795250e+04
1.081519761040558296e+04
1.081489769549755874e+04
1.081459770234723510e+04
1.081429769053461496e+04
1.081399772771179596e+04
1.081369763034842799e+04
1.081339758656714730e+04
1.081309750885300673e+04
1.081279742847248417e+04
1.081249733196550733e+04
1.081219740577857920e+04
1.081189743902833834e+04
1.081159739646576418e+04
1.081129748161335010e+04
1.081099754453927744e+04
1.081069748155209527e+04
1.081039752321992819e+04
1.081009747811689340e+04
1.080979757700496702e+04
1.080949762910286881e+04
1.080919762704746609e+04
1.080889752528479039e+04
1.080859755814195341e+04
1.080829757864228486e+04
1.080799759144916970e+04
1.080769771397490513e+04
1.080739793395014021e+04
1.080709793232691300e+04
1.080679787017986382e+04
1.080649791276696669e+04
1.080619777978565799e+04
1.080589798584451455e+04
1.080559813194900380e+04
1.080529804870739099e+04
1.080499808082092204e+04
1.080469804158963234e+04
1.080439808119763984e+04
1.080409812945908197e+04
1.080379804007282473e+04
1.080349807827834047e+04
1.080319809120331593e+04
1.080289806269498513e+04
1.080259792463549275e+04
1.080229790232665437e+04
1.080199794204863974e+04
1.080169800506706997e+04
1.080139798884275478e+04
1.080109795916259100e+04
1.080079803873059973e+04
1.080049808450348428e+04
1.080019799808729476e+04
1.079989798965089176e+04
1.079959781660518092e+04
1.079929778106941558e+04
1.079899781787931897e+04
1.079869769870114214e+04
1.079839778057782496e+04
1.079809784051170391e+04
1.079779779627791686e+04
1.079749784391975845e+04
1.079719772691337675e+04
1.079689764617824585e+04
1.079659759617675991e+04
1.079629750457422779e+04
1.079599748105533035e+04
1.079569745036094355e+04
1.079539761637146330e+04
1.079509752794464657e+04
1.079479738312988411e+04
1.079449735196888469e+04
1.079419724420522653e+04
1.079389732078139605e+04
1.079359720381349871e+04
1.079329706298950805e+04
1.079299697232312064e+04
1.079269689891860435e+04
1.079239689269846713e+04
1.079209675580413568e+04
1.079179675504989427e+04
1.079149677730595431e+04
1.079119653701082643e+04
1.079089644397975644e+04
1.079059662887580453e+04
1.079029645337136026e+04
1.078999645888849955e+04
1.078969655484695249e+04
1.078939658496723678e+04
1.078909667234730114e+04
1.078879670617900410e+04
1.078849658085392184e+04
1.078819660094981555e+04
1.078789644382321421e+04
1.078759655744861084e+04
1.078729653512318509e+04
1.078699647026531602e+04
1.078669651955189329e+04
1.078639661654994234e+04
1.078609665991104521e+04
1.078579664279775898e+04
1.078549663150665765e+04
1.078519659715847411e+04
1.078489660766197267e+04
1.078459689544138382e+04
1.078429690622762610e+04
1.078399707453205883e+04
1.078369681484149260e+04
1.078339688505296908e+04
1.078309693538884130e+04
1.078279690876160930e+04
1.078249685156613305e+04
1.078219694990875541e+04
1.078189671455250755e+04
1.078159671086795242e+04
1.078129670354670816e+04
1.078099692568111823e+04
1.078069696308382117e+04
1.078039702882286838e+04
1.078009701162348210e+04
1.077979713462827021e+04
1.077949714157473136e+04
1.077919718146979903e+04
1.077889708940148012e+04
1.077859700974604311e+04
1.077829696790352136e+04
1.077799674911633338e+04
1.077769679793408432e+04
1.077739674614405885e+04
1.077709681778348750e+04
1.077679692310791688e+04
1.077649680926026303e+04
1.077619661677605473e+04
1.077589646321849978e+04
1.077559638867080685e+04
1.077529668542725813e+04
1.077499676310631003e+04
1.077469653807267423e+04
1.077439660683197144e+04
1.077409669393664080e+04
1.077379671720678743e+04
1.077349662945117052e+04
1.077319677827210762e+04
1.077289697162061202e+04
1.077259710518768770e+04
1.077229715228183159e+04
1.077199713059187707e+04
1.077169721072907123e+04
1.077139733267459633e+04
1.077109723374448004e+04
1.077079714432343462e+04
1.077049736649203987e+04
1.077019731949341258e+04
1.076989745637905799e+04
1.076959735169707164e+04
1.076929751636019137e+04
1.076899755406736040e+04
1.076869745076566323e+04
1.076839722155303571e+04
1.076809707787881416e+04
1.076779706272547810e+04
1.076749724681472253e+04
1.076719738871623667e+04
1.076689734913404936e+04
1.076659727606008528e+04
1.076629729971977395e+04
1.076599732156466780e+04
1.076569730256341973e+04
1.076539726262688419e+04
1.076509743507532039e+04
1.076479741045972514e+04
1.076449742974937180e+04
1.076419729885517700e+04
1.076389765271492433e+04
1.076359756821334122e+04
1.076329734613515393e+04
1.076299732827280786e+04
1.076269714738408402e+04
1.076239720591926016e+04
1.076209703963503671e+04
1.076179690394255158e+04
1.076149687977154827e+04
1.076119693984302830e+04
1.076089694980124113e+04
1.076059684928666866e+04
1.076029680308553543e+04
1.075999672822059802e+04
1.075969662344317840e+04
1.075939653692711363e+04
1.075909655310367816e+04
1.075879673704623019e+04
1.075849674898738886e+04
1.075819667754114016e+04
1.075789692358922730e+04
1.075759689247265487e+04
1.075729686800832860e+04
1.075699686746269981e+04
1.075669693696487047e+04
1.075639697385043655e+04
1.075609698344552453e+04
1.075579693739381582e+04
1.075549712885597910e+04
1.075519719582967991e+04
1.075489708359206270e+04
1.075459689803152469e+04
1.075429696586279351e+04
1.075399702068405168e+04
1.075369703619771099e+04
1.075339714279922919e+04
1.075309711909617545e+04
1.075279731043556967e+04
1.075249726077422929e+04
1.075219740291680682e+04
1.075189732651050144e+04
1.075159735814433770e+04
1.075129716685848871e+04
1.075099720020832501e+04
1.075069693764849944e+04
1.075039676443727149e+04
1.075009666859545723e+04
1.074979657955925177e+04
1.074949634818026243e+04
1.074919626394499210e+04
1.074889635793068919e+04
1.074859650377994330e+04
1.074829664197299462e+04
1.074799654243679834e+04
1.074769654523076679e+04
1.074739657169015118e+04
1.074709674339847334e+04
1.074679688084193913e+04
1.074649725862889863e+04
1.074619726999946761e+04
1.074589720025325551e+04
1.074559696682056710e+04
1.074529670054820053e+04
1.074499684673347656e+04
1.074469680046343638e+04
1.074439660810837631e+04
1.074409667307358905e+04
1.074379676508809825e+04
1.074349677046879515e+04
1.074319645050403960e+04
1.074289651420727387e+04
1.074259659728058614e+04
1.074229674230040109e+04
1.074199664507334637e+04
1.074169660692194338e+04
1.074139656570965599e+04
1.074109646049465664e+04
1.074079638232945581e+04
1.074049651379023999e+04
1.074019639307429679e+04
1.073989617610311143e+04
1.073959620969963362e+04
1.073929607017256603e+04
1.073899616313450315e+04
1.073869632086232195e+04
1.073839637754715113e+04
1.073809661405933548e+04
1.073779664579444398e+04
1.073749640011816882e+04
1.073719651743697614e+04
1.073689654622411217e+04
1.073659648449024098e+04
1.073629637590099810e+04
1.073599645224960841e+04
1.073569645067199417e+04
1.073539635019850175e+04
1.073509641303552780e+04
1.073479636346009829e+04
1.073449637382990113e+04
1.073419643263889520e+04
1.073389663164086960e+04
1.073359676610052884e+04
1.073329698438472406e+04
1.073299734982305199e+04
1.073269732703129375e+04
1.073239749337296598e+04
1.073209743866428471e+04
1.073179776034912356e+04
1.073149773030693905e+04
1.073119768574170121e+04
1.073089742885725900e+04
1.073059748630257673e+04
1.073029747611477433e+04
1.072999734695561892e+04
1.072969726459604317e+04
1.072939735117615419e+04
1.072909728312524203e+04
1.072879707846848578e+04
1.072849697829443903e+04
1.072819715972940321e+04
1.072789724644767193e+04
1.072759724794389876e+04
1.072729729798642984e+04
1.072699715614566594e+04
1.072669733317376085e+04
1.072639730121570756e+04
1.072609742346514577e+04
1.072579732282360055e+04
1.072549739919510284e+04
1.072519748059254380e+04
1.072489750087166794e+04
1.072459737602741916e+04
1.072429751227570523e+04
1.072399763131715372e+04
1.072369794156915486e+04
1.072339772820371036e+04
1.072309818530964003e+04
1.072279830911495264e+04
1.072249803877421982e+04
1.072219820969073226e+04
1.072189832749307789e+04
1.072159838529969238e+04
1.072129849771134650e+04
1.072099869133326138e+04
1.072069898860364992e+04
1.072039855814595285e+04
1.072009839575100887e+04
1.071979832545560566e+04
1.071949842225246903e+04
1.071919839530856370e+04
1.071889838684960341e+04
1.071859814858252139e+04
1.071829802933807696e+04
1.071799804286319159e+04
1.071769796820699776e+04
1.071739771088009002e+04
1.071709749242753787e+04
1.071679730592468150e+04
1.071649708703757642e+04
1.071619753174920879e+04
1.071589731278217005e+04
1.071559728574801738e+04
1.071529737647352704e+04
1.071499713534104558e+04
1.071469747825229570e+04
1.071439761036013988e+04
1.071409749731085867e+04
1.071379744430349092e+04
1.071349732039169794e+04
1.071319729574466146e+04
1.071289712276549835e+04
1.071259716998113254e+04
1.071229719462660250e+04
1.071199736983382536e+04
1.071169729088967870e+04
1.071139707412744610e+04
1.071109699307314986e+04
1.071079694140303218e+04
1.071049708979362185e+04
1.071019718193507833e+04
1.070989720565942844e+04
1.070959705541557196e+04
1.070929712473607469e+04
1.070899723500170876e+04
1.070869714312299038e+04
1.070839704041915502e+04
1.070809731893680510e+04
1.070779734579669457e+04
1.070749744377590650e+04
1.070719746177270827e+04
1.070689765806782998e+04
1.070659750130260727e+04
1.070629746814913960e+04
1.070599743545120509e+04
1.070569735680219128e+04
1.070539738557510827e+04
1.070509710088633801e+04
1.070479701531433966e+04
1.070449690302618001e+04
1.070419688795447109e+04
1.070389678462411575e+04
1.070359669172058057e+04
1.070329667235283887e+04
1.070299661143340927e+04
1.070269654499299941e+04
1.070239644245265845e+04
1.070209635961660388e+04
1.070179621490821773e+04
1.070149635796570692e+04
1.070119675349523095e+04
1.070089669369779949e+04
1.070059662113228296e+04
1.070029677303448261e+04
1.069999668254572134e+04
1.069969635348104748e+04
1.069939642170225852e+04
1.069909635741762577e+04
1.069879659418566007e+04
1.069849666299380442e+04
1.069819645277397831e+04
1.069789649590151384e+04
1.069759648342092078e+04
1.069729636142183335e+04
1.069699648567661097e+04
1.069669653407181613e+04
1.069639640533137390e+04
1.069609638127078324e+04
1.069579662973030463e+04
1.069549655747455654e+04
1.069519657059310521e+04
1.069489652408285474e+04
1.069459652345434188e+04
1.069429656382332359e+04
1.069399677165271532e+04
1.069369688111425603e+04
1.069339659523447517e+04
1.069309652115591962e+04
1.069279672037305863e+04
1.069249662344796343e+04
1.069219668657985676e+04
1.069189662101068825e+04
1.069159646316224462e+04
1.069129666335631555e+04
1.069099667978207071e+04
1.069069653987174570e+04
1.069039646025379443e+04
1.069009670294511488e+04
1.068979680511955121e+04
1.068949699715092356e+04
1.068919686242071293e+04
1.068889703993914736e+04
1.068859693111777779e+04
1.068829693052479161e+04
1.068799701288583128e+04
1.068769698803891879e+04
1.068739674947201456e+04
1.068709633751014735e+04
1.068679607521372600e+04
1.068649647124292096e+04
1.068619621937059674e+04
1.068589590268601023e+04
1.068559553884466732e+04
1.068529533828798048e+04
1.068499535868287785e+04
1.068469514053006969e+04
1.068439494137027759e+04
1.068409483847519550e+04
1.068379497197890305e+04
1.068349486517517107e+04
1.068319503112221173e+04
1.068289509644473037e+04
1.068259532558341743e+04
1.068229519495928253e+04
1.068199507245185850e+04
1.068169498926893539e+04
1.068139500229207806e+04
1.068109489491440581e+04
1.068079486511707728e+04
1.068049478127275142e+04
1.068019463252220339e+04
1.067989463567498569e+04
1.067959487571425234e+04
1.067929473480550951e+04
1.067899474375652062e+04
1.067869483360101003e+04
1.067839474224033256e+04
1.067809501277396521e+04
1.067779509876303018e+04
1.067749508365819020e+04
1.067719535578486648e+04
1.067689532330072871e+04
1.067659530159629867e+04
1.067629553208595462e+04
1.067599558351267115e+04
1.067569551557324485e+04
1.067539580442902297e+04
1.067509594158841355e+04
1.067479595013342623e+04
1.067449566623724422e+04
1.067419562578966543e+04
1.067389592340028685e+04
1.067359568339027101e+04
1.067329568766010925e+04
1.067299534018364830e+04
1.067269507970734230e+04
1.067239565797632895e+04
1.067209561208177729e+04
1.067179532403565645e+04
1.067149536595618520e+04
1.067119561179111588e+04
1.067089559921336695e+04
1.067059579176829175e+04
1.067029605633036044e+04
1.066999645759766827e+04
1.066969655986944963e+04
1.066939649225271751e+04
1.066909634467176693e+04
1.066879605577974144e+04
1.066849590644908130e+04
1.066819551864012647e+04
1.066789522812037467e+04
1.066759539747018789e+04
1.066729487531074301e+04
1.066699489205099053e+04
1.066669487684601518e+04
1.066639488503635584e+04
1.066609539502185544e+04
1.066579524765382121e+04
1.066549532191031358e+04
1.066519558770280673e+04
1.066489532084170241e+04
1.066459545658217212e+04
1.066429521835131527e+04
1.066399519052397773e+04
1.066369483704160120e+04
1.066339486498403494e+04
1.066309478118764673e+04
1.066279481054292955e+04
1.066249481089745677e+04
1.066219486112709819e+04
1.066189491597249435e+04
1.066159490314918912e+04
1.066129475372616434e+04
1.066099476944542766e+04
1.066069469770464457e+04
1.066039489331580444e+04
1.066009524429285557e+04
1.065979529171889044e+04
1.065949557323188492e+04
1.065919546873495710e+04
1.065889539301420155e+04
1.065859551550170545e+04
1.065829529651878693e+04
1.065799538287741962e+04
1.065769540995447460e+04
1.065739546868481557e+04
1.065709522087734877e+04
1.065679523827659614e+04
1.065649544321810754e+04
1.065619537667353143e+04
1.065589501081274466e+04
1.065559493140723498e+04
1.065529494458619411e+04
1.065499499005851794e+04
1.065469504233764201e+04
1.065439499487160538e+04
1.065409514427526665e+04
1.065379506056759783e+04
1.065349485466618535e+04
1.065319500609894203e+04
1.065289504930223666e+04
1.065259519428551903e+04
1.065229516383779992e+04
1.065199480887546633e+04
1.065169532562806489e+04
1.065139484743643334e+04
1.065109486960395589e+04
1.065079499615972418e+04
1.065049528523952176e+04
1.065019528883550629e+04
1.064989540067737471e+04
1.064959511796959850e+04
1.064929507935236688e+04
1.064899490884396255e+04
1.064869470024540351e+04
1.064839441542725217e+04
1.064809466860985776e+04
1.064779498188603975e+04
1.064749467497464684e+04
1.064719463988851567e+04
1.064689489774940012e+04
1.064659499555445109e+04
1.064629528841935280e+04
1.064599530509881697e+04
1.064569530371162182e+04
1.064539544866603865e+04
1.064509522020982149e+04
1.064479539059138915e+04
1.064449556701454821e+04
1.064419580249980754e+04
1.064389589357798832e+04
1.064359609110900237e+04
1.064329603277636488e+04
1.064299625531428501e+04
1.064269630116362532e+04
1.064239621779577828e+04
1.064209599037614680e+04
1.064179603297579524e+04
1.064149611468634066e+04
1.064119639644570270e+04
1.064089659373433096e+04
1.064059626658303750e+04
1.064029642364268511e+04
1.063999628898587616e+04
1.063969614709912639e+04
1.063939616503159414e+04
1.063909592654961125e+04
1.063879657427212442e+04
1.063849671817706439e+04
1.063819700585430292e+04
1.063789722349296608e+04
1.063759733951421731e+04
1.063729724202643047e+04
1.063699720461920879e+04
1.063669694017626716e+04
1.063639682063426699e+04
1.063609695980888318e+04
1.063579699443420941e+04
1.063549705721044120e+04
1.063519711730224844e+04
1.063489715816060016e+04
1.063459678830864868e+04
1.063429692167721623e+04
1.063399682322769877e+04
1.063369685816153287e+04
1.063339683338280884e+04
1.063309665466555998e+04
1.063279688122542393e+04
1.063249694203132822e+04
1.063219666069062623e+04
1.063189650807087673e+04
1.063159653209462340e+04
1.063129682163280995e+04
1.063099683915850983e+04
1.063069707996197576e+04
1.063039718617973267e+04
1.063009706565637862e+04
1.062979719658981776e+04
1.062949730255237228e+04
1.062919734101509857e+04
1.062889733628907197e+04
1.062859722078921004e+04
1.062829690399305764e+04
1.062799664897614275e+04
1.062769709388569026e+04
1.062739770727522591e+04
1.062709816972376211e+04
1.062679837253924597e+04
1.062649845854241903e+04
1.062619808011322493e+04
1.062589802210305788e+04
1.062559791510572177e+04
1.062529780810161537e+04
1.062499734536326650e+04
1.062469720691171278e+04
1.062439723539963416e+04
1.062409722488745865e+04
1.062379701766767721e+04
1.062349685225902067e+04
1.062319643496763092e+04
1.062289647252364557e+04
1.062259686767213316e+04
1.062229699647014786e+04
1.062199686650835974e+04
1.062169699406881591e+04
1.062139723210593365e+04
1.062109718504361808e+04
1.062079691459367859e+04
1.062049729251474855e+04
1.062019719437857384e+04
1.061989748189203965e+04
1.061959750544483359e+04
1.061929703268457524e+04
1.061899689812542601e+04
1.061869695808812503e+04
1.061839728346196171e+04
1.061809723423285868e+04
1.061779736303302343e+04
1.061749758236046000e+04
1.061719771419393146e+04
1.061689840052232285e+04
1.061659874369488170e+04
1.061629854054918724e+04
1.061599862492687680e+04
1.061569859035119953e+04
1.061539849309587953e+04
1.061509797069423257e+04
1.061479762175039104e+04
1.061449784648878267e+04
1.061419788278138367e+04
1.061389825568181732e+04
1.061359813262026364e+04
1.061329778769073346e+04
1.061299799620427802e+04
1.061269813505712591e+04
1.061239785172335178e+04
1.061209774709453450e+04
1.061179784536989246e+04
1.061149788454774171e+04
1.061119796370015865e+04
1.061089746711736552e+04
1.061059723641711935e+04
1.061029756290396108e+04
1.060999756633551806e+04
1.060969764012253290e+04
1.060939778845347610e+04
1.060909811140635065e+04
1.060879797813944606e+04
1.060849742663597863e+04
1.060819767270944794e+04
1.060789801004723995e+04
1.060759801495573629e+04
1.060729803951587928e+04
1.060699813358704523e+04
1.060669808770747841e+04
1.060639826025651928e+04
1.060609850499959066e+04
1.060579906563777331e+04
1.060549921502060170e+04
1.060519889265290658e+04
1.060489882761787521e+04
1.060459901245408764e+04
1.060429840428514945e+04
1.060399787070888124e+04
1.060369834545325830e+04
1.060339782318164544e+04
1.060309764469416768e+04
1.060279778876469391e+04
1.060249723805948634e+04
1.060219742284506901e+04
1.060189761277863181e+04
1.060159747764921303e+04
1.060129753190982592e+04
1.060099729997595568e+04
1.060069761410141473e+04
1.060039743074634680e+04
1.060009691015622047e+04
1.059979701295910127e+04
1.059949726173041927e+04
1.059919743003520671e+04
1.059889749737550846e+04
1.059859737599551045e+04
1.059829749948804783e+04
1.059799744626059146e+04
1.059769712701747994e+04
1.059739704975408131e+04
1.059709703999044177e+04
1.059679704234680685e+04
1.059649732566683269e+04
1.059619734530561436e+04
1.059589721574543546e+04
1.059559713194717006e+04
1.059529717536997123e+04
1.059499699229567523e+04
1.059469705392021751e+04
1.059439735408224988e+04
1.059409723097402093e+04
1.059379678659478304e+04
1.059349702728699776e+04
1.059319762515341608e+04
1.059289715043203068e+04
1.059259691075955925e+04
1.059229703416677330e+04
1.059199740043732527e+04
1.059169753671022227e+04
1.059139714219301823e+04
1.059109695306477806e+04
1.059079655619481491e+04
1.059049675448673042e+04
1.059019687483575035e+04
1.058989681275686053e+04
1.058959623689274486e+04
1.058929614080498686e+04
1.058899670368185980e+04
1.058869661808418095e+04
1.058839673846185542e+04
1.058809670392788030e+04
1.058779653864596548e+04
1.058749669614275990e+04
1.058719666940109710e+04
1.058689725024268591e+04
1.058659715506910106e+04
1.058629771823685951e+04
1.058599775333029720e+04
1.058569750737953837e+04
1.058539768372292565e+04
1.058509805036950820e+04
1.058479763516585990e+04
1.058449742728964338e+04
1.058419739478135671e+04
1.058389763535308884e+04
1.058359775265388453e+04
1.058329804694877021e+04
1.058299768924837554e+04
1.058269812308473956e+04
1.058239857326893252e+04
1.058209841638339094e+04
1.058179892030229530e+04
1.058149854565070564e+04
1.058119871275561491e+04
1.058089899237792997e+04
1.058059921006820332e+04
1.058029941894186413e+04
1.058000020589550695e+04
1.057970018613173670e+04
1.057939977254423502e+04
1.057910056550088848e+04
1.057880054749267765e+04
1.057850055432266527e+04
1.057820064929099135e+04
1.057790095567044773e+04
1.057760114133990646e+04
1.057730067513173162e+04
1.057700069359511326e+04
1.057670033531817899e+04
1.057640024636547969e+04
1.057610053161176074e+04
1.057580011134239976e+04
1.057549997496186552e+04
1.057519975471095677e+04
1.057489971246717141e+04
1.057459975112832581e+04
1.057430026493698460e+04
1.057400035432212280e+04
1.057370092291924993e+04
1.057340077578810997e+04
1.057310016700884444e+04
1.057280038401712591e+04
1.057250051240682296e+04
1.057220066246065653e+04
1.057190102474850028e+04
1.057160120404227928e+04
1.057130163168412037e+04
1.057100181304515900e+04
1.057070296204981241e+04
1.057040276800814354e+04
1.057010260371893855e+04
1.056980289832075505e+04
1.056950317614141022e+04
1.056920326012548867e+04
1.056890342339572817e+04
1.056860330324240385e+04
1.056830370031647908e+04
1.056800371630502377e+04
1.056770377768874459e+04
1.056740365524299159e+04
1.056710349655527898e+04
1.056680371573731281e+04
1.056650339940081358e+04
1.056620348495187136e+04
1.056590310875615796e+04
1.056560329821294727e+04
1.056530315178771889e+04
1.056500283913658131e+04
1.056470283712964374e+04
1.056440270364478602e+04
1.056410232182377331e+04
1.056380296404085311e+04
1.056350279693554512e+04
1.056320318232108730e+04
1.056290296841567761e+04
1.056260256351166754e+04
1.056230282747507590e+04
1.056200274654547138e+04
1.056170246162138392e+04
1.056140279184701649e+04
1.056110299749162550e+04
1.056080323214953387e+04
1.056050335292451564e+04
1.056020295362775323e+04
1.055990279184155224e+04
1.055960276767118557e+04
1.055930299661213394e+04
1.055900329707678975e+04
1.055870373800890775e+04
1.055840352945802624e+04
1.055810380142463691e+04
1.055780346181653476e+04
1.055750349793510941e+04
1.055720330828394617e+04
1.055690350336468509e+04
1.055660306161400513e+04
1.055630289015403469e+04
1.055600287900645344e+04
1.055570318111647430e+04
1.055540321743745153e+04
1.055510340881386037e+04
1.055480414339542222e+04
1.055450446190038565e+04
1.055420437950814630e+04
1.055390442091130717e+04
1.055360493227325605e+04
1.055330487510501916e+04
1.055300542139988829e+04
1.055270557207830279e+04
1.055240576023453104e+04
1.055210606324955370e+04
1.055180591613641627e+04
1.055150542305254748e+04
1.055120502586758630e+04
1.055090505765613307e+04
1.055060458990984444e+04
1.055030459398280982e+04
1.055000453042729350e+04
1.054970500077439283e+04
1.054940550592363616e+04
1.054910624968307457e+04
1.054880623244149683e+04
1.054850624513953881e+04
1.054820643162008491e+04
1.054790623739289913e+04
1.054760630732640311e+04
1.054730615949223284e+04
1.054700567729621434e+04
1.054670559918329309e+04
1.054640567607265803e+04
1.054610598267949899e+04
1.054580575185167982e+04
1.054550564124217817e+04
1.054520557276516956e+04
1.054490589039681981e+04
1.054460570469929553e+04
1.054430596623127531e+04
1.054400618529016356e+04
1.054370587984458325e+04
1.054340572845158567e+04
1.054310541667822508e+04
1.054280496885614411e+04
1.054250491724604763e+04
1.054220459360928908e+04
1.054190340622080475e+04
1.054160353931190002e+04
1.054130322576020080e+04
1.054100309991384711e+04
1.054070295399857787e+04
1.054040361393941930e+04
1.054010354072388145e+04
1.053980343590911616e+04
1.053950338813845883e+04
1.053920318188366400e+04
1.053890349659998901e+04
1.053860332570482205e+04
1.053830331823682354e+04
1.053800325913446432e+04
1.053770296025026255e+04
1.053740383584364463e+04
1.053710424465498363e+04
1.053680427784175481e+04
1.053650390870796946e+04
1.053620484850906541e+04
1.053590491945636859e+04
1.053560510276324021e+04
1.053530503236911318e+04
1.053500565299010668e+04
1.053470575442319023e+04
1.053440553384937630e+04
1.053410573910631319e+04
1.053380545997438094e+04
1.053350524826341643e+04
1.053320484213313648e+04
1.053290431700238150e+04
1.053260461163626496e+04
1.053230477445602446e+04
1.053200389294468187e+04
1.053170357636246263e+04
1.053140380204740177e+04
1.053110332348957672e+04
1.053080411449767598e+04
1.053050456319001387e+04
1.053020456376335278e+04
1.052990403372098990e+04
1.052960363204061287e+04
1.052930390024486042e+04
1.052900457920670124e+04
1.052870428938117766e+04
1.052840456977834583e+04
1.052810424055845215e+04
1.052780414458233099e+04
1.052750346167987846e+04
1.052720378137653097e+04
1.052690295431784762e+04
1.052660345478749150e+04
1.052630290313523619e+04
1.052600318399685966e+04
1.052570309907446062e+04
1.052540287792490562e+04
1.052510287109616547e+04
1.052480298681183922e+04
1.052450276911822766e+04
1.052420303472930027e+04
1.052390337032066600e+04
1.052360288130325716e+04
1.052330299476466644e+04
1.052300284628456575e+04
1.052270236659102738e+04
1.052240169416943900e+04
1.052210193924340820e+04
1.052180245873058448e+04
1.052150218347110240e+04
1.052120197074272073e+04
1.052090180836353284e+04
1.052060199524826385e+04
1.052030176381671481e+04
1.052000196428621348e+04
1.051970235561569280e+04
1.051940257463405942e+04
1.051910241163383580e+04
1.051880243689829331e+04
1.051850204857407152e+04
1.051820205262308809e+04
1.051790220617520208e+04
1.051760139316825189e+04
1.051730073601250297e+04
1.051700140713199653e+04
1.051670151439556503e+04
1.051640178131805988e+04
1.051610113162428570e+04
1.051580090151084369e+04
1.051550106800140566e+04
1.051520056224469772e+04
1.051490101767093256e+04
1.051460036134553229e+04
1.051430053938312085e+04
1.051400020554227376e+04
1.051370072304841233e+04
1.051340034499492867e+04
1.051309997531340559e+04
1.051279916494629470e+04
1.051249861145930117e+04
1.051219903477570915e+04
1.051189934696197633e+04
1.051159942109745498e+04
1.051129968983969957e+04
1.051099990206377697e+04
1.051069991097337879e+04
1.051039989358368257e+04
1.051010069889723673e+04
1.050980077103194344e+04
1.050950116746504682e+04
1.050920067417399514e+04
1.050890056115650805e+04
1.050860039229813083e+04
1.050830033022503630e+04
1.050800061926649323e+04
1.050770125436076887e+04
1.050740218195484158e+04
1.050710225907995846e+04
1.050680302173585369e+04
1.050650290783335549e+04
1.050620350998616232e+04
1.050590401802464294e+04
1.050560375652095354e+04
1.050530413854919425e+04
1.050500491732782393e+04
1.050470486027160950e+04
1.050440546325056130e+04
1.050410564726767552e+04
1.050380545086447819e+04
1.050350503508127804e+04
1.050320580008427714e+04
1.050290516725822636e+04
1.050260523205737991e+04
1.050230503133417551e+04
1.050200496904674037e+04
1.050170484217661760e+04
1.050140538355007629e+04
1.050110554043862976e+04
1.050080508004594776e+04
1.050050554636363995e+04
1.050020622626661861e+04
1.049990674111440967e+04
1.049960712849866286e+04
1.049930625537010019e+04
1.049900695233534498e+04
1.049870757259455240e+04
1.049840815442630083e+04
1.049810878541099009e+04
1.049780852769840203e+04
1.049750893995195656e+04
1.049720952335710899e+04
1.049690920036910757e+04
1.049660911748540093e+04
1.049630944337546862e+04
1.049600921534370173e+04
1.049570922850316492e+04
1.049540896593385878e+04
1.049510993568875892e+04
1.049481028266446265e+04
1.049451117122849428e+04
1.049421222185900297e+04
1.049391199074869837e+04
1.049361125102293045e+04
1.049331084867811478e+04
1.049301081339541997e+04
1.049271076112644732e+04
1.049241042448974804e+04
1.049210985228619029e+04
1.049181001279245174e+04
1.049151077813359370e+04
1.049121046078717336e+04
1.049091024012587695e+04
1.049060965963652961e+04
1.049031019462558652e+04
1.049001068633973046e+04
1.048971094224168883e+04
1.048941151095794885e+04
1.048911221809601921e+04
1.048881214405140236e+04
1.048851229786736621e+04
1.048821275768643682e+04
1.048791265325314089e+04
1.048761316702713520e+04
1.048731315362328314e+04
1.048701405671712018e+04
1.048671414169485251e+04
1.048641458349013556e+04
1.048611428469026578e+04
1.048581435046689148e+04
1.048551414993748585e+04
1.048521427428971037e+04
1.048491354756089822e+04
1.048461335901211714e+04
1.048431273234861692e+04
1.048401308393656836e+04
1.048371290366175162e+04
1.048341369215321356e+04
1.048311455303375078e+04
1.048281421474967465e+04
1.048251338678366847e+04
1.048221357165626432e+04
1.048191406957736581e+04
1.048161367540584070e+04
1.048131317106444112e+04
1.048101351135941695e+04
1.048071369290785333e+04
1.048041428193974934e+04
1.048011406096298742e+04
1.047981403195570965e+04
1.047951316555520862e+04
1.047921326936617334e+04
1.047891352710100364e+04
1.047861346377812151e+04
1.047831320267397678e+04
1.047801338251410925e+04
1.047771372746784073e+04
1.047741374311041363e+04
1.047711358910678609e+04
1.047681336912375264e+04
1.047651300255320348e+04
1.047621313617543638e+04
1.047591345952005031e+04
1.047561321542565020e+04
1.047531277037750260e+04
1.047501340066625562e+04
1.047471333419169241e+04
1.047441393027122649e+04
1.047411412357439440e+04
1.047381472795819900e+04
1.047351462443449964e+04
1.047321514585115983e+04
1.047291502785591547e+04
1.047261537594607216e+04
1.047231532520389010e+04
1.047201593486445381e+04
1.047171614084137764e+04
1.047141584173534466e+04
1.047111645179461630e+04
1.047081620701290376e+04
1.047051514028252132e+04
1.047021437342219542e+04
1.046991452812411444e+04
1.046961452429427482e+04
1.046931429465655492e+04
1.046901455891865226e+04
1.046871506577928267e+04
1.046841506508361090e+04
1.046811509659800868e+04
1.046781527649935379e+04
1.046751643621041512e+04
1.046721599857884576e+04
1.046691613087372571e+04
1.046661607604584242e+04
1.046631694501127458e+04
1.046601646243111281e+04
1.046571685935065398e+04
1.046541706335775780e+04
1.046511754588289295e+04
1.046481764995036974e+04
1.046451772830137452e+04
1.046421742915411414e+04
1.046391729883351400e+04
1.046361775851087623e+04
1.046331777017723834e+04
1.046301702901405406e+04
1.046271691857640872e+04
1.046241688367317875e+04
1.046211646777389251e+04
1.046181718497971633e+04
1.046151763485128686e+04
1.046121798481558653e+04
1.046091797228879841e+04
1.046061708960946817e+04
1.046031716785083336e+04
1.046001772511554918e+04
1.045971741734469288e+04
1.045941829012938615e+04
1.045911698604179037e+04
1.045881627394227144e+04
1.045851621982008874e+04
1.045821581744830110e+04
1.045791589269992983e+04
1.045761618327635551e+04
1.045731548193866547e+04
1.045701720075108460e+04
1.045671747921632596e+04
1.045641747622562980e+04
1.045611852428194652e+04
1.045581906514720322e+04
1.045551926316481877e+04
1.045521951221146082e+04
1.045491895443139401e+04
1.045461935714879837e+04
1.045431965898902490e+04
1.045401976618541630e+04
1.045371947648085188e+04
1.045341907533740959e+04
1.045311963192015355e+04
1.045282054106110445e+04
1.045252076181650409e+04
1.045222083801456392e+04
1.045192079701793045e+04
1.045162173307175362e+04
1.045132179112864287e+04
1.045102221575430485e+04
1.045072322915334735e+04
1.045042299944043225e+04
1.045012262657846804e+04
1.044982254360677689e+04
1.044952339761390795e+04
1.044922436303064569e+04
1.044892517647797649e+04
1.044862506437571574e+04
1.044832436098238577e+04
1.044802408589137121e+04
1.044772413250096361e+04
1.044742349028697208e+04
1.044712399520526924e+04
1.044682370102505593e+04
1.044652341234415144e+04
1.044622295292706622e+04
1.044592310506608192e+04
1.044562302230713613e+04
1.044532224381398373e+04
1.044502243438543519e+04
1.044472172504704395e+04
1.044442138615835938e+04
1.044412016826236504e+04
1.044382129137829543e+04
1.044352125726732811e+04
1.044322194663905248e+04
1.044292171050542674e+04
1.044262147277281838e+04
1.044232167747759740e+04
1.044202199215015571e+04
1.044172181200848536e+04
1.044142119680032374e+04
1.044112128967785247e+04
1.044082092423124232e+04
1.044052125180040639e+04
1.044022196987909592e+04
1.043992177240583260e+04
1.043962148343001900e+04
1.043932061421174876e+04
1.043902040239113558e+04
1.043872110934064949e+04
1.043842135568880258e+04
1.043812166567186250e+04
1.043782266173782045e+04
1.043752193682759571e+04
1.043722100862400839e+04
1.043692072333127180e+04
1.043662043568906847e+04
1.043632075228365284e+04
1.043602171918521890e+04
1.043572210553429977e+04
1.043542182196612339e+04
1.043512142613295691e+04
1.043482091719685013e+04
1.043451935854917247e+04
1.043421876889141640e+04
1.043391944529831380e+04
1.043361911822510774e+04
1.043332012355135339e+04
1.043302002429509230e+04
1.043272070390679801e+04
1.043242099279728609e+04
1.043212120980963300e+04
1.043182113292377289e+04
1.043152177029910854e+04
1.043122178981874822e+04
1.043092212666569867e+04
1.043062310164064183e+04
1.043032360171663640e+04
1.043002393534101066e+04
1.042972314312897288e+04
1.042942378527010442e+04
1.042912256803416494e+04
1.042882231984583632e+04
1.042852191729699553e+04
1.042822185815641933e+04
1.042792183062189906e+04
1.042762122869725135e+04
1.042732041515722813e+04
1.042702076056381702e+04
1.042672003718069755e+04
1.042641965978633380e+04
1.042611945242669026e+04
1.042582005626604223e+04
1.042551985909598261e+04
1.042521868221235491e+04
1.042491784782118521e+04
1.042461746560919528e+04
1.042431812623127917e+04
1.042401776183368383e+04
1.042371831643036421e+04
1.042341813060693130e+04
1.042311871950861314e+04
1.042281922889991984e+04
1.042251887663807793e+04
1.042221981798376146e+04
1.042192002249082179e+04
1.042162094416066248e+04
1.042132043271917610e+04
1.042102024132809493e+04
1.042071962901333791e+04
1.042041940444603642e+04
1.042011892893107324e+04
1.041981863937992784e+04
1.041951816260512533e+04
1.041921741235177251e+04
1.041891650431414018e+04
1.041861670850976770e+04
1.041831612520760427e+04
1.041801543768859847e+04
1.041771560875902833e+04
1.041741556231150025e+04
1.041711538499949893e+04
1.041681657999417803e+04
1.041651609528553308e+04
1.041621626838391421e+04
1.041591689398600101e+04
1.041561725695221503e+04
1.041531815085328890e+04
1.041501888219705324e+04
1.041472012642166010e+04
1.041442099357251209e+04
1.041412050010754683e+04
1.041382116530536587e+04
1.041352062176261279e+04
1.041322007262558691e+04
1.041291979125399303e+04
1.041262037503493229e+04
1.041232101598989902e+04
1.041202104967044397e+04
1.041172034898756829e+04
1.041141985984202802e+04
1.041111836566744569e+04
1.041081941539077707e+04
1.041052072428079919e+04
1.041022072912913609e+04
1.040992053621100240e+04
1.040961935388970778e+04
1.040931938069913667e+04
1.040901983894020850e+04
1.040871967497391233e+04
1.040841958642007558e+04
1.040811960592835567e+04
1.040781999723690933e+04
1.040752049647116110e+04
1.040722030311515664e+04
1.040692101355558589e+04
1.040662076519270340e+04
1.040632033623459574e+04
1.040601954130651757e+04
1.040571935723736533e+04
1.040541884134694556e+04
1.040512027545950150e+04
1.040482049438122340e+04
1.040452060615083610e+04
1.040422010865326047e+04
1.040391946023689343e+04
1.040362044932873505e+04
1.040332085923345949e+04
1.040302124976010782e+04
1.040272296702404856e+04
1.040242300761918887e+04
1.040212234014411297e+04
1.040182262720881590e+04
1.040152251640838767e+04
1.040122197828259414e+04
1.040092208983976525e+04
1.040062289104798765e+04
1.040032265750291117e+04
1.040002167622371962e+04
1.039972278191441728e+04
1.039942305186731755e+04
1.039912274022949532e+04
1.039882203764814767e+04
1.039852125014860212e+04
1.039822203488980449e+04
1.039792159558605817e+04
1.039762150249852675e+04
1.039732022555487310e+04
1.039702066853967881e+04
1.039672151284852589e+04
1.039642283523242986e+04
1.039612267405880993e+04
1.039582244773202729e+04
1.039552372773231764e+04
1.039522390861594977e+04
1.039492393322778116e+04
1.039462296902860180e+04
1.039432306026046717e+04
1.039402370625471121e+04
1.039372415500593706e+04
1.039342481963436148e+04
1.039312502348669477e+04
1.039282471372942018e+04
1.039252462291791198e+04
1.039222555782452764e+04
1.039192563981465355e+04
1.039162549332689741e+04
1.039132554285556944e+04
1.039102588237531563e+04
1.039072677241964448e+04
1.039042679883778146e+04
1.039012662812464077e+04
1.038982573666752796e+04
1.038952534008218390e+04
1.038922441251023884e+04
1.038892381811701489e+04
1.038862301293203927e+04
1.038832379032347490e+04
1.038802296114409728e+04
1.038772209688995099e+04
1.038742364057260602e+04
1.038712296196281568e+04
1.038682388921378879e+04
1.038652386989187471e+04
1.038622504866191048e+04
1.038592483699951481e+04
1.038562391608542021e+04
1.038532416237968573e+04
1.038502373833972706e+04
1.038472402191782203e+04
1.038442404644474118e+04
1.038412455952616438e+04
1.038382400657405196e+04
1.038352363604627681e+04
1.038322508559148264e+04
1.038292466178600989e+04
1.038262462978871918e+04
1.038232433825115913e+04
1.038202373362320577e+04
1.038172360083113381e+04
1.038142326409728594e+04
1.038112258831842155e+04
1.038082211713941433e+04
1.038052142686596562e+04
1.038022092969374535e+04
1.037992119884007298e+04
1.037962126700890622e+04
1.037932059407893212e+04
1.037902027981819083e+04
1.037872032434550601e+04
1.037842111726619805e+04
1.037812184213140426e+04
1.037782263181195049e+04
1.037752183141068963e+04
1.037722177427861425e+04
1.037692184364177956e+04
1.037662264589435836e+04
1.037632280781745976e+04
1.037602256941521955e+04
1.037572229746267840e+04
1.037542245959939100e+04
1.037512224332363621e+04
1.037482202705125201e+04
1.037452140744275493e+04
1.037422276261526895e+04
1.037392281309354439e+04
1.037362269510752776e+04
1.037332364315872474e+04
1.037302361951167222e+04
1.037272364611551711e+04
1.037242336310033534e+04
1.037212375943059305e+04
1.037182315567436854e+04
1.037152266967928153e+04
1.037122163296378494e+04
1.037092275766107196e+04
1.037062348945324629e+04
1.037032438005489712e+04
1.037002471736327061e+04
1.036972523949081551e+04
1.036942523359049665e+04
1.036912458240279921e+04
1.036882554207658177e+04
1.036852531224620361e+04
1.036822501254816598e+04
1.036792443285146874e+04
1.036762411078871810e+04
1.036732338929964681e+04
1.036702378615823545e+04
1.036672292377488156e+04
1.036642261573296128e+04
1.036612249234440060e+04
1.036582282130685053e+04
1.036552270350183062e+04
1.036522258317391424e+04
1.036492318918194178e+04
1.036462318709283863e+04
1.036432365809326984e+04
1.036402386053442569e+04
1.036372239073934179e+04
1.036342280930121160e+04
1.036312229012486387e+04
1.036282257828570982e+04
1.036252334265996615e+04
1.036222205233777640e+04
1.036192174008517759e+04
1.036162200128877157e+04
1.036132207793286398e+04
1.036102293036392621e+04
1.036072265526219417e+04
1.036042328583625385e+04
1.036012304884852892e+04
1.035982225468363504e+04
1.035952223987575417e+04
1.035922295451510581e+04
1.035892280075145754e+04
1.035862250745209894e+04
1.035832370735459153e+04
1.035802277763551683e+04
1.035772309159387260e+04
1.035742216013949110e+04
1.035712328063158566e+04
1.035682288231419807e+04
1.035652344713686944e+04
1.035622359390810925e+04
1.035592369669917207e+04
1.035562491843058524e+04
1.035532424862085099e+04
1.035502416632470158e+04
1.035472392011029842e+04
1.035442350006292872e+04
1.035412335003479893e+04
1.035382354499807661e+04
1.035352193185743636e+04
1.035322177362977527e+04
1.035292246558229635e+04
1.035262248288318369e+04
1.035232273636854734e+04
1.035202301364523737e+04
1.035172299727348036e+04
1.035142386063942649e+04
1.035112437048427819e+04
1.035082374839320619e+04
1.035052496947506006e+04
1.035022446817583295e+04
1.034992587251331315e+04
1.034962465343478470e+04
1.034932542730026944e+04
1.034902546640222135e+04
1.034872564061140110e+04
1.034842567036594664e+04
1.034812576587232979e+04
1.034782574783634300e+04
1.034752629940853694e+04
1.034722502321573302e+04
1.034692434585007686e+04
1.034662402693541662e+04
1.034632389955684266e+04
1.034602269656973112e+04
1.034572225072159927e+04
1.034542220600429937e+04
1.034512244861817271e+04
1.034482272831802402e+04
1.034452333474990155e+04
1.034422305522843817e+04
1.034392224273149986e+04
1.034362129260676011e+04
1.034332128138552071e+04
1.034302069771514471e+04
1.034272138711497428e+04
1.034242084691030141e+04
1.034212051648936176e+04
1.034182146595921768e+04
1.034152019700875826e+04
1.034121934007220443e+04
1.034092014793773706e+04
1.034062076164657992e+04
1.034031964830201287e+04
1.034001932949358888e+04
1.033971820299565661e+04
1.033941812328710694e+04
1.033911936625151429e+04
1.033881923374614962e+04
1.033851962100814853e+04
1.033821943800743065e+04
1.033791824514363361e+04
1.033761762769109555e+04
1.033731709614937608e+04
1.033701825337801711e+04
1.033671944758272366e+04
1.033641895695243329e+04
1.033611922458643312e+04
1.033581827602100202e+04
1.033551877031592994e+04
1.033521678328928283e+04
1.033491652958673512e+04
1.033461601143163716e+04
1.033431669263407821e+04
1.033401811509597428e+04
1.033371857991042816e+04
1.033341931906844002e+04
1.033311878619141135e+04
1.033281754416718832e+04
1.033251684386836496e+04
1.033221561856551307e+04
1.033191607330802981e+04
1.033161678159527582e+04
1.033131620934847160e+04
1.033101661536996107e+04
1.033071629688842950e+04
1.033041569695030375e+04
1.033011626945453827e+04
1.032981562292223680e+04
1.032951454735166408e+04
1.032921268639474147e+04
1.032891427804069281e+04
1.032861492235407604e+04
1.032831560154332692e+04
1.032801582374053760e+04
1.032771511621811078e+04
1.032741527947575196e+04
1.032711563654245947e+04
1.032681554975430299e+04
1.032651530931326124e+04
1.032621458843546316e+04
1.032591354759898422e+04
1.032561309669714319e+04
1.032531281513225622e+04
1.032501238384846329e+04
1.032471221172833430e+04
1.032441184917280953e+04
1.032411108221408358e+04
1.032381087152719374e+04
1.032351122681576635e+04
1.032321240954933637e+04
1.032291323252546681e+04
1.032261369515034130e+04
1.032231349061030051e+04
1.032201342542644488e+04
1.032171374829381421e+04
1.032141304315121488e+04
1.032111334338265442e+04
1.032081278256449696e+04
1.032051198041863427e+04
1.032021150825179757e+04
1.031991083055896706e+04
1.031961000302853608e+04
1.031931001424873284e+04
1.031900965329038627e+04
1.031870974919273795e+04
1.031840968669554604e+04
1.031810940633768041e+04
1.031780915299282969e+04
1.031750957558667324e+04
1.031720964527155775e+04
1.031691008341784982e+04
1.031661071120333872e+04
1.031631048153399934e+04
1.031601068438422772e+04
1.031571133167938751e+04
1.031541119487211108e+04
1.031511168818224360e+04
1.031481173490873516e+04
1.031451095672062547e+04
1.031421124452519689e+04
1.031391135309896345e+04
1.031361122124466237e+04
1.031331176930947004e+04
1.031301161666715598e+04
1.031271205218860086e+04
1.031241282403338664e+04
1.031211260289515667e+04
1.031181373027254267e+04
1.031151393336677211e+04
1.031121461294825349e+04
1.031091504517749308e+04
1.031061505145407500e+04
1.031031428349028283e+04
1.031001370448728630e+04
1.030971346840974729e+04
1.030941444015549314e+04
1.030911399142338087e+04
1.030881427184061249e+04
1.030851384103601413e+04
1.030821394297147162e+04
1.030791419381125525e+04
1.030761517289591211e+04
1.030731516179019127e+04
1.030701505134853869e+04
1.030671564878857498e+04
1.030641527166184278e+04
1.030611502556594678e+04
1.030581582217862888e+04
1.030551663542181814e+04
1.030521601914129860e+04
1.030491615490043478e+04
1.030461573301901080e+04
1.030431605786899672e+04
1.030401619984398531e+04
1.030371549328051515e+04
1.030341644523661671e+04
1.030311692559909352e+04
1.030281597530795079e+04
1.030251736150524630e+04
1.030221749867850485e+04
1.030191846674117915e+04
1.030161672087066290e+04
1.030131673064335337e+04
1.030101602858419756e+04
1.030071550011509134e+04
1.030041592617802598e+04
1.030011571655513580e+04
1.029981571613360211e+04
1.029951487727588210e+04
1.029921483335978519e+04
1.029891491215045789e+04
1.029861386733314430e+04
1.029831425182460043e+04
1.029801423913594408e+04
1.029771396890786855e+04
1.029741418658818839e+04
1.029711423790152548e+04
1.029681338037895694e+04
1.029651287552442591e+04
1.029621296181996331e+04
1.029591299199812966e+04
1.029561229249826465e+04
1.029531228546549755e+04
1.029501207779253309e+04
1.029471271798802991e+04
1.029441215565298808e+04
1.029411150709663161e+04
1.029381101886852048e+04
1.029351168601209429e+04
1.029321243132870404e+04
1.029291328128409077e+04
1.029261374335509026e+04
1.029231343476952861e+04
1.029201373704103571e+04
1.029171368753969182e+04
1.029141376909053724e+04
1.029111386708203827e+04
1.029081473122381249e+04
1.029051424516162297e+04
1.029021405829831019e+04
1.028991394138949363e+04
1.028961315443085005e+04
1.028931216627483991e+04
1.028901213514887786e+04
1.028871256939978957e+04
1.028841253713060360e+04
1.028811279914134138e+04
1.028781255213264922e+04
1.028751278769122837e+04
1.028721264242506732e+04
1.028691295780508699e+04
1.028661278208735894e+04
1.028631307104915140e+04
1.028601273891224446e+04
1.028571459431778749e+04
1.028541432420660931e+04
1.028511484888693849e+04
1.028481467194287325e+04
1.028451464623702850e+04
1.028421468435192401e+04
1.028391441650497291e+04
1.028361457545917438e+04
1.028331468261483678e+04
1.028301391429153045e+04
1.028271420545060573e+04
1.028241413564456343e+04
1.028211418085126388e+04
1.028181343770030981e+04
1.028151342871808447e+04
1.028121331183383154e+04
1.028091271160742326e+04
1.028061270495919962e+04
1.028031189562746476e+04
1.028001213715376980e+04
1.027971220994493888e+04
1.027941210036228949e+04
1.027911234384035197e+04
1.027881221372088112e+04
1.027851223956453941e+04
1.027821254464554113e+04
1.027791257730175312e+04
1.027761271692529590e+04
1.027731309814975066e+04
1.027701334628807490e+04
1.027671350404920668e+04
1.027641364987932502e+04
1.027611376053022286e+04
1.027581379396888588e+04
1.027551420554137803e+04
1.027521434483328267e+04
1.027491487876090832e+04
1.027461518148813957e+04
1.027431519414630020e+04
1.027401520898417039e+04
1.027371517737241447e+04
1.027341524453286002e+04
1.027311526304543986e+04
1.027281529777058677e+04
1.027251523329903830e+04
1.027221530399703261e+04
1.027191532970851949e+04
1.027161549789411583e+04
1.027131560883307247e+04
1.027101603326708027e+04
1.027071552229454574e+04
1.027041594681777133e+04
1.027011611988031837e+04
1.026981639863441706e+04
1.026951651329018569e+04
1.026921631246662218e+04
1.026891626703464499e+04
1.026861572043281012e+04
1.026831605762159779e+04
1.026801549014691955e+04
1.026771510832336935e+04
1.026741498048502217e+04
1.026711483411576774e+04
1.026681464920630970e+04
1.026651482844502061e+04
1.026621468017319785e+04
1.026591542815995672e+04
1.026561616076566861e+04
1.026531593413008886e+04
1.026501565126825699e+04
1.026471587205769902e+04
1.026441588453195800e+04
1.026411619232860357e+04
1.026381619506149764e+04
1.026351575601873083e+04
1.026321568835954713e+04
1.026291579813962016e+04
1.026261619133576096e+04
1.026231606907437163e+04
1.026201645120085959e+04
1.026171726055797080e+04
1.026141691351225927e+04
1.026111712120298944e+04
1.026081691834417143e+04
1.026051695667593776e+04
1.026021661547746771e+04
1.025991655582218118e+04
1.025961632062706849e+04
1.025931664971475038e+04
1.025901690803502788e+04
1.025871748749471044e+04
1.025841675530212342e+04
1.025811652175816198e+04
1.025781679930127757e+04
1.025751626594770278e+04
1.025721582659945852e+04
1.025691571076995206e+04
1.025661533841874552e+04
1.025631516034111701e+04
1.025601496567975664e+04
1.025571535635509827e+04
1.025541548787186730e+04
1.025511536580459142e+04
1.025481592581895711e+04
1.025451564688957114e+04
1.025421549733711981e+04
1.025391559313809739e+04
1.025361571092311351e+04
1.025331659654522264e+04
1.025301705684817716e+04
1.025271725962763048e+04
1.025241700812690578e+04
1.025211696423942158e+04
1.025181745598262569e+04
1.025151759915840375e+04
1.025121770921935058e+04
1.025091795958445982e+04
1.025061809176185125e+04
1.025031831167975906e+04
1.025001832546505830e+04
1.024971824486437436e+04
1.024941835957910189e+04
1.024911828570796570e+04
1.024881826167797772e+04
1.024851828581652990e+04
1.024821807813417945e+04
1.024791797227048846e+04
1.024761812576008924e+04
1.024731818399268559e+04
1.024701824729460350e+04
1.024671810469232878e+04
1.024641889386290131e+04
1.024611885590343809e+04
1.024581870989462368e+04
1.024551883823553726e+04
1.024521878081152863e+04
1.024491893637089379e+04
1.024461911887526003e+04
1.024431918906331339e+04
1.024402008564123753e+04
1.024372030277489648e+04
1.024342104164682496e+04
1.024312105622403396e+04
1.024282183544731197e+04
1.024252164561418067e+04
1.024222204001046521e+04
1.024192203501563563e+04
1.024162247073975959e+04
1.024132165203190925e+04
1.024102225911130154e+04
1.024072254176724891e+04
1.024042177264776183e+04
1.024012143285349885e+04
1.023982180511535444e+04
1.023952152511174245e+04
1.023922100867621521e+04
1.023892159778423411e+04
1.023862159567275012e+04
1.023832144261743997e+04
1.023802135875181739e+04
1.023772136715971646e+04
1.023742152205037019e+04
1.023712149627980943e+04
1.023682151537765094e+04
1.023652204123838237e+04
1.023622252948308778e+04
1.023592241623003247e+04
1.023562275800901261e+04
1.023532259248576702e+04
1.023502229642503517e+04
1.023472238195504906e+04
1.023442179843727536e+04
1.023412228730123752e+04
1.023382210063127241e+04
1.023352170354151349e+04
1.023322171467689986e+04
1.023292143121003028e+04
1.023262078372528595e+04
1.023232076154530841e+04
1.023202037387631572e+04
1.023172082450491689e+04
1.023142076472852932e+04
1.023112089057791854e+04
1.023082084349920115e+04
1.023052035123265523e+04
1.023022070107950276e+04
1.022992033838151110e+04
1.022962059320464869e+04
1.022932078159099183e+04
1.022902018207280526e+04
1.022872016976784107e+04
1.022842028910537920e+04
1.022812070516773747e+04
1.022782071807203101e+04
1.022752077798892242e+04
1.022722062451004786e+04
1.022692053989786473e+04
1.022662029806770624e+04
1.022632048808686159e+04
1.022602050718611281e+04
1.022572046538888026e+04
1.022542057685368854e+04
1.022512085319111975e+04
1.022482069794517884e+04
1.022452105100027438e+04
1.022422102465811622e+04
1.022392087336339137e+04
1.022362084161199709e+04
1.022332049609792557e+04
1.022302041341725999e+04
1.022272016426581467e+04
1.022242035686263989e+04
1.022211994027198489e+04
1.022181991861917595e+04
1.022152041616366114e+04
1.022122031166206580e+04
1.022092010994696648e+04
1.022061966275093437e+04
1.022031917072307806e+04
1.022001907672656671e+04
1.021971910145991569e+04
1.021942075671567181e+04
1.021912044071797209e+04
1.021882138084937651e+04
1.021852189006250592e+04
1.021822218924926710e+04
1.021792312441962349e+04
1.021762275756354393e+04
1.021732326800166629e+04
1.021702294057696236e+04
1.021672282378403725e+04
1.021642269711224253e+04
1.021612299495175466e+04
1.021582334660649940e+04
1.021552323313891793e+04
1.021522373198186142e+04
1.021492381260094589e+04
1.021462403975977213e+04
1.021432378310398235e+04
1.021402313038484681e+04
1.021372342125331306e+04
1.021342376815807074e+04
1.021312424859480416e+04
1.021282450366954436e+04
1.021252486506103378e+04
1.021222502922515196e+04
1.021192464165841375e+04
1.021162514646378804e+04
1.021132459867171383e+04
1.021102418495586062e+04
1.021072413877012514e+04
1.021042447880065993e+04
1.021012423323438452e+04
1.020982384890379217e+04
1.020952389097121522e+04
1.020922343769003601e+04
1.020892321636696397e+04
1.020862225244980800e+04
1.020832181800987019e+04
1.020802182821976203e+04
1.020772214134854948e+04
1.020742247256544397e+04
1.020712230791992988e+04
1.020682306447119117e+04
1.020652291722670088e+04
1.020622253672198894e+04
1.020592280371663583e+04
1.020562300558252355e+04
1.020532337456716232e+04
1.020502343235301487e+04
1.020472265595771751e+04
1.020442326407268229e+04
1.020412397053543464e+04
1.020382433647978723e+04
1.020352437001765429e+04
1.020322440867987098e+04
1.020292420627366300e+04
1.020262423511088673e+04
1.020232420001957144e+04
1.020202419759012264e+04
1.020172416859765326e+04
1.020142402768886313e+04
1.020112394139789103e+04
1.020082397037712326e+04
1.020052421865506403e+04
1.020022390895132594e+04
1.019992390159454771e+04
1.019962413205407756e+04
1.019932403397571579e+04
1.019902379662770363e+04
1.019872382590178131e+04
1.019842373455776396e+04
1.019812371954668924e+04
1.019782375136520750e+04
1.019752366792022804e+04
1.019722333125090518e+04
1.019692338186256347e+04
1.019662319993162782e+04
1.019632341790960527e+04
1.019602455648985415e+04
1.019572419268704834e+04
1.019542457221823679e+04
1.019512474679650040e+04
1.019482378679128669e+04
1.019452337878311664e+04
1.019422321857540192e+04
1.019392386170827376e+04
1.019362357449672891e+04
1.019332377184964753e+04
1.019302380835665645e+04
1.019272473510004420e+04
1.019242523516313668e+04
1.019212522062345670e+04
1.019182510114504475e+04
1.019152517563093534e+04
1.019122514552469329e+04
1.019092509926942876e+04
1.019062587208145305e+04
1.019032597859951602e+04
1.019002609829427820e+04
1.018972580525358171e+04
1.018942522662600277e+04
1.018912513324319480e+04
1.018882562986477205e+04
1.018852525371081174e+04
1.018822523624924361e+04
1.018792484919695380e+04
1.018762563705400498e+04
1.018732591115671676e+04
1.018702596241480751e+04
1.018672677937513618e+04
1.018642640149302861e+04
1.018612655006224486e+04
1.018582692713197684e+04
1.018552710065190513e+04
1.018522694005820085e+04
1.018492670161163733e+04
1.018462661362284962e+04
1.018432697016477141e+04
1.018402745284776574e+04
1.018372689469222496e+04
1.018342607441381369e+04
1.018312605651676313e+04
1.018282616759885423e+04
1.018252576141358259e+04
1.018222560308120046e+04
1.018192509423256524e+04
1.018162477096858129e+04
1.018132516450610819e+04
1.018102534172831838e+04
1.018072532632538787e+04
1.018042510050441160e+04
1.018012574398516335e+04
1.017982580728420180e+04
1.017952544833997672e+04
1.017922464421064979e+04
1.017892440866602192e+04
1.017862492959607334e+04
1.017832472679919920e+04
1.017802471522197447e+04
1.017772471675808083e+04
1.017742488824151587e+04
1.017712477573920296e+04
1.017682495325936179e+04
1.017652460198367407e+04
1.017622475879641934e+04
1.017592469936139787e+04
1.017562504204898505e+04
1.017532491555001434e+04
1.017502498638018915e+04
1.017472483764488243e+04
1.017442434686877277e+04
1.017412442228359214e+04
1.017382456557200749e+04
1.017352422736576409e+04
1.017322437221600012e+04
1.017292452646023230e+04
1.017262496376116906e+04
1.017232478727641319e+04
1.017202394302635366e+04
1.017172473944998274e+04
1.017142514681608009e+04
1.017112487477547256e+04
1.017082501012058128e+04
1.017052459741503844e+04
1.017022392241260604e+04
1.016992340992781465e+04
1.016962289620172851e+04
1.016932256868452714e+04
1.016902303788072095e+04
1.016872257100848037e+04
1.016842288424686012e+04
1.016812331767251089e+04
1.016782275308601675e+04
1.016752298333292856e+04
1.016722313433827367e+04
1.016692293576477823e+04
1.016662246435239103e+04
1.016632257029265020e+04
1.016602224849326922e+04
1.016572194020234747e+04
1.016542200551348287e+04
1.016512189320945254e+04
1.016482193228505093e+04
1.016452199640998879e+04
1.016422154054258499e+04
1.016392155487217133e+04
1.016362132171584562e+04
1.016332185630253116e+04
1.016302151801346918e+04
1.016272171597583838e+04
1.016242103073681392e+04
1.016212046544771692e+04
1.016182113085546916e+04
1.016152078097389494e+04
1.016122033679936976e+04
1.016091975255689795e+04
1.016061963571859087e+04
1.016031901043260950e+04
1.016001852301353210e+04
1.015971824008886688e+04
1.015941779078113359e+04
1.015911742403754397e+04
1.015881817929982026e+04
1.015851700343976700e+04
1.015821635229589810e+04
1.015791631215361122e+04
1.015761598948606297e+04
1.015731655022129780e+04
1.015701713341689901e+04
1.015671707274908294e+04
1.015641724401978172e+04
1.015611706443434559e+04
1.015581712239210356e+04
1.015551676416494956e+04
1.015521728064946547e+04
1.015491742746044110e+04
1.015461747859155003e+04
1.015431785397492968e+04
1.015401787090626385e+04
1.015371794631153352e+04
1.015341808276832853e+04
1.015311799114856149e+04
1.015281784935861106e+04
1.015251776949543455e+04
1.015221814496593288e+04
1.015191827219215338e+04
1.015161837167982412e+04
1.015131848728631303e+04
1.015101849922781548e+04
1.015071849156633471e+04
1.015041833293231139e+04
1.015011812053854555e+04
1.014981847334905251e+04
1.014951863533548385e+04
1.014921861601150522e+04
1.014891893650338170e+04
1.014861931334480141e+04
1.014831941793235274e+04
1.014801948674596679e+04
1.014771881459283577e+04
1.014741916774441233e+04
1.014711976673799654e+04
1.014681849910494566e+04
1.014651795329351444e+04
1.014621764658311440e+04
1.014591705732685296e+04
1.014561649237695929e+04
1.014531631127936816e+04
1.014501513867099493e+04
1.014471429922333300e+04
1.014441459213758026e+04
1.014411492510431526e+04
1.014381453823689117e+04
1.014351397933378394e+04
1.014321384657883573e+04
1.014291475702259959e+04
1.014261469081351061e+04
1.014231506662642823e+04
1.014201501665168871e+04
1.014171534285220514e+04
1.014141527490571934e+04
1.014111517256519437e+04
1.014081595418376310e+04
1.014051597988627873e+04
1.014021569634296429e+04
1.013991540499816256e+04
1.013961553147879567e+04
1.013931590996894920e+04
1.013901619998455317e+04
1.013871653545102890e+04
1.013841598049972708e+04
1.013811617937367919e+04
1.013781646171762986e+04
1.013751601696098987e+04
1.013721596750153731e+04
1.013691640918391931e+04
1.013661571357584216e+04
1.013631521765843900e+04
1.013601409038751262e+04
1.013571434089359354e+04
1.013541499785283668e+04
1.013511531826110513e+04
1.013481503970101221e+04
1.013451499462376159e+04
1.013421525342985842e+04
1.013391473203817623e+04
1.013361505022244819e+04
1.013331435513784527e+04
1.013301369164818243e+04
1.013271321171582895e+04
1.013241326597536681e+04
1.013211381598891421e+04
1.013181395556702773e+04
1.013151408437749888e+04
1.013121433878227617e+04
1.013091429729333868e+04
1.013061429891749140e+04
1.013031398656553392e+04
1.013001398993487783e+04
1.012971400844611162e+04
1.012941394743460842e+04
1.012911439223477828e+04
1.012881464186596168e+04
1.012851494889101377e+04
1.012821551818895387e+04
1.012791509484500602e+04
1.012761461358533415e+04
1.012731486828903144e+04
1.012701462318939411e+04
1.012671453958165148e+04
1.012641433894763941e+04
1.012611458882529951e+04
1.012581515125428086e+04
1.012551560874510687e+04
1.012521552634964428e+04
1.012491537791815426e+04
1.012461560204139823e+04
1.012431480474465025e+04
1.012401629718819459e+04
1.012371703522009557e+04
1.012341596924363694e+04
1.012311725492480036e+04
1.012281745136801874e+04
1.012251767295904756e+04
1.012221710539227752e+04
1.012191656934302046e+04
1.012161612217410766e+04
1.012131640362650614e+04
1.012101699793684566e+04
1.012071649506236463e+04
1.012041693000026498e+04
1.012011699112178030e+04
1.011981693851790988e+04
1.011951681708604337e+04
1.011921665300662244e+04
1.011891682573149046e+04
1.011861684254642751e+04
1.011831708275723395e+04
1.011801733940953818e+04
1.011771698507496512e+04
1.011741684382187668e+04
1.011711676210359838e+04
1.011681632409379199e+04
1.011651687022136684e+04
1.011621684909656506e+04
1.011591686931186450e+04
1.011561779848287915e+04
1.011531769971884205e+04
1.011501707060054832e+04
1.011471726546293576e+04
1.011441711213612689e+04
1.011411649424171264e+04
1.011381668125563556e+04
1.011351690109880838e+04
1.011321713915294094e+04
1.011291694652093247e+04
1.011261669452735077e+04
1.011231630830593713e+04
1.011201668606542989e+04
1.011171624318441536e+04
1.011141650372404729e+04
1.011111669102761334e+04
1.011081750989584179e+04
1.011051765595476536e+04
1.011021840669551239e+04
1.010991864455172072e+04
1.010961879621714434e+04
1.010931879985644809e+04
1.010901877047266498e+04
1.010871795767464027e+04
1.010841741921094945e+04
1.010811792765748032e+04
1.010781781781681821e+04
1.010751822690518566e+04
1.010721759046448278e+04
1.010691857554168746e+04
1.010661810847926608e+04
1.010631789884230420e+04
1.010601787841562691e+04
1.010571794079495157e+04
1.010541776946120081e+04
1.010511765830209333e+04
1.010481812766948315e+04
1.010451821903315613e+04
1.010421838125116847e+04
1.010391827094310429e+04
1.010361867245713074e+04
1.010331846888836844e+04
1.010301799820917586e+04
1.010271891380316083e+04
1.010241909851942364e+04
1.010211921812109176e+04
1.010181960619634992e+04
1.010151895972460443e+04
1.010121869915368734e+04
1.010091868658989733e+04
1.010061895476349127e+04
1.010031964573299956e+04
1.010002110593148427e+04
1.009972174128914958e+04
1.009942119645852108e+04
1.009912155686426559e+04
1.009882161200398696e+04
1.009852175611183156e+04
1.009822154816974944e+04
1.009792168027680236e+04
1.009762117491211029e+04
1.009732195369823239e+04
1.009702109887009101e+04
1.009672096265162509e+04
1.009642145929964499e+04
1.009612223033301962e+04
1.009582308986094722e+04
1.009552420483332753e+04
1.009522452769574193e+04
1.009492408209983660e+04
1.009462391731228672e+04
1.009432422150171260e+04
1.009402401465751245e+04
1.009372386250310592e+04
1.009342399735922481e+04
1.009312361283504652e+04
1.009282440692942509e+04
1.009252444269350235e+04
1.009222436066809678e+04
1.009192389574724621e+04
1.009162443876358338e+04
1.009132399479760352e+04
1.009102418419901551e+04
1.009072433626443308e+04
1.009042382653017557e+04
1.009012367037487093e+04
1.008982292714514369e+04
1.008952225598460609e+04
1.008922227249920434e+04
1.008892230980512977e+04
1.008862209659024302e+04
1.008832269752537286e+04
1.008802220768946245e+04
1.008772278537048987e+04
1.008742242821725995e+04
1.008712187826226909e+04
1.008682312064182224e+04
1.008652334688291558e+04
1.008622303268096402e+04
1.008592285487986373e+04
1.008562301452771680e+04
1.008532298476983124e+04
1.008502325840758567e+04
1.008472409010547563e+04
1.008442367121044481e+04
1.008412319376012056e+04
1.008382320453118700e+04
1.008352375589445546e+04
1.008322367240135463e+04
1.008292382909538173e+04
1.008262405666058294e+04
1.008232361309866064e+04
1.008202361863268015e+04
1.008172362522732692e+04
1.008142357332161919e+04
1.008112344826945809e+04
1.008082317673430771e+04
1.008052365599141740e+04
1.008022363130021768e+04
1.007992361224201886e+04
1.007962373099264187e+04
1.007932410433524637e+04
1.007902358771878062e+04
1.007872340742210508e+04
1.007842372653417078e+04
1.007812398433757517e+04
1.007782346075251007e+04
1.007752359092831648e+04
1.007722394856585379e+04
1.007692326792008680e+04
1.007662273605946211e+04
1.007632248846482798e+04
1.007602233369412897e+04
1.007572320288662922e+04
1.007542253070541301e+04
1.007512221735534695e+04
1.007482230297869683e+04
1.007452216661481361e+04
1.007422208200139175e+04
1.007392182994378891e+04
1.007362256111429815e+04
1.007332299199405134e+04
1.007302382614449198e+04
1.007272348213035548e+04
1.007242420586134176e+04
1.007212383488985324e+04
1.007182384789730895e+04
1.007152258415561482e+04
1.007122213416196064e+04
1.007092154945958464e+04
1.007062213807983244e+04
1.007032268470475356e+04
1.007002245236699127e+04
1.006972152583323623e+04
1.006942069369354795e+04
1.006912009478098298e+04
1.006881950199815401e+04
1.006851900367025155e+04
1.006821933621922290e+04
1.006791975013834417e+04
1.006761985871931029e+04
1.006732051984999453e+04
1.006702073291073248e+04
1.006672021944178778e+04
1.006642014918135465e+04
1.006611931803479638e+04
1.006581958849693910e+04
1.006552035452715427e+04
1.006522175128067283e+04
1.006492139730466261e+04
1.006462131204742582e+04
1.006432162344104290e+04
1.006402218471373817e+04
1.006372231406593710e+04
1.006342253845194500e+04
1.006312175083590046e+04
1.006282180486737889e+04
1.006252164213877768e+04
1.006222166580736484e+04
1.006192194238662887e+04
1.006162233457995171e+04
1.006132225441443734e+04
1.006102264597451540e+04
1.006072268099852045e+04
1.006042213434230143e+04
1.006012181837025310e+04
1.005982277247109414e+04
1.005952208757353219e+04
1.005922171425271699e+04
1.005892237742374527e+04
1.005862219633266432e+04
1.005832185997006854e+04
1.005802185242189262e+04
1.005772182785082623e+04
1.005742170943205929e+04
1.005712162259933757e+04
1.005682138027914698e+04
1.005652110010053366e+04
1.005622133954736091e+04
1.005592140344532163e+04
1.005562120809664520e+04
1.005532118589532001e+04
1.005502141028046753e+04
1.005472171871797582e+04
1.005442142480842449e+04
1.005412133773105052e+04
1.005382218208419545e+04
1.005352202488022704e+04
1.005322166914541594e+04
1.005292132350156498e+04
1.005262212709546475e+04
1.005232227379214055e+04
1.005202156016768276e+04
1.005172114197781957e+04
1.005142044844354859e+04
1.005111862935496720e+04
1.005081918919242889e+04
1.005051847656043901e+04
1.005021842710991768e+04
1.004991800138832878e+04
1.004961886683720331e+04
1.004931800688118892e+04
1.004901791506866903e+04
1.004871804282121593e+04
1.004841772228168520e+04
1.004811748458947841e+04
1.004781756790841791e+04
1.004751744841423533e+04
1.004721713829554210e+04
1.004691665052432836e+04
1.004661670520567714e+04
1.004631644142879486e+04
1.004601710699004252e+04
1.004571722960045736e+04
1.004541802283626566e+04
1.004511897177299761e+04
1.004482012306684737e+04
1.004452066390778236e+04
1.004422165098395999e+04
1.004392179280935670e+04
1.004362176804605770e+04
1.004332181535012023e+04
1.004302189793368780e+04
1.004272202723000555e+04
1.004242281883838041e+04
1.004212320253771031e+04
1.004182364873748702e+04
1.004152488737242129e+04
1.004122489256479821e+04
1.004092475862667925e+04
1.004062482043593445e+04
1.004032504787033031e+04
1.004002514547449391e+04
1.003972527944708781e+04
1.003942585803282236e+04
1.003912516220806720e+04
1.003882480766697336e+04
1.003852508401668638e+04
1.003822558606082930e+04
1.003792547066052612e+04
1.003762630005973733e+04
1.003732651066386461e+04
1.003702724310830308e+04
1.003672668318695287e+04
1.003642632228138245e+04
1.003612698747429749e+04
1.003582632199311047e+04
1.003552589174251625e+04
1.003522671509731481e+04
1.003492671001299277e+04
1.003462700586516439e+04
1.003432725174662664e+04
1.003402723026358399e+04
1.003372728943527363e+04
1.003342723853395546e+04
1.003312742345788320e+04
1.003282730197092678e+04
1.003252716593216792e+04
1.003222720834925167e+04
1.003192685240113678e+04
1.003162722213691268e+04
1.003132744347585685e+04
1.003102661894398079e+04
1.003072664124138828e+04
1.003042693216704538e+04
1.003012685317405339e+04
1.002982627252574275e+04
1.002952681094927902e+04
1.002922645266293875e+04
1.002892592009718101e+04
1.002862607148994175e+04
1.002832633486958548e+04
1.002802581860761711e+04
1.002772556531676673e+04
1.002742553215768385e+04
1.002712656629987941e+04
1.002682620610151935e+04
1.002652689079257107e+04
1.002622688493145142e+04
1.002592702141065638e+04
1.002562642644345942e+04
1.002532668320035191e+04
1.002502669870739373e+04
1.002472651812624463e+04
1.002442790679098835e+04
1.002412766886373538e+04
1.002382795183148301e+04
1.002352842187872739e+04
1.002322848901216275e+04
1.002292742936954528e+04
1.002262639590482468e+04
1.002232637445494947e+04
1.002202600251901458e+04
1.002172502183242250e+04
1.002142483799516958e+04
1.002112447564990180e+04
1.002082506874869432e+04
1.002052510912005710e+04
1.002022538527503093e+04
1.001992493619042216e+04
1.001962558463399728e+04
1.001932495157596168e+04
1.001902443756230241e+04
1.001872399698534537e+04
1.001842466016235994e+04
1.001812435008697867e+04
1.001782524586703403e+04
1.001752521076482662e+04
1.001722437959929812e+04
1.001692423963120928e+04
1.001662353880816590e+04
1.001632407888325542e+04
1.001602478755816628e+04
1.001572425847031082e+04
1.001542453217225921e+04
1.001512511672494111e+04
1.001482558901421908e+04
1.001452648022631911e+04
1.001422660446410009e+04
1.001392631082334628e+04
1.001362602084420178e+04
1.001332662853428883e+04
1.001302538906118934e+04
1.001272559471343266e+04
1.001242555100666686e+04
1.001212577691618571e+04
1.001182621292500698e+04
1.001152649100697454e+04
1.001122596550083836e+04
1.001092733447100909e+04
1.001062708017562545e+04
1.001032749068537487e+04
1.001002743451424249e+04
1.000972738887927699e+04
1.000942734953860236e+04
1.000912716722109144e+04
1.000882700005040351e+04
1.000852681677906548e+04
1.000822643452700868e+04
1.000792570217652246e+04
1.000762620614481784e+04
1.000732596850042864e+04
1.000702553671811984e+04
1.000672658768163819e+04
1.000642697319601757e+04
1.000612659108529806e+04
1.000582634395881178e+04
1.000552586048502053e+04
1.000522524104491640e+04
1.000492511416237903e+04
1.000462486877805532e+04
1.000432512456125187e+04
1.000402458965928417e+04
1.000372512080526212e+04
1.000342552681068264e+04
1.000312485344781635e+04
1.000282561441242979e+04
1.000252542019394241e+04
1.000222572916216814e+04
1.000192615877237949e+04
1.000162452896148352e+04
1.000132507930595239e+04
1.000102599347483192e+04
1.000072529489125009e+04
1.000042519865289069e+04
1.000012415386217799e+04
9.999823185866987842e+03
9.999523313665460591e+03
9.999223674354432660e+03
9.998922644692533140e+03
9.998622446416788080e+03
9.998322537594647656e+03
9.998021966990607325e+03
9.997721387418116137e+03
9.997420516254131144e+03
9.997120751716603991e+03
9.996820473899661010e+03
9.996521481432266228e+03
9.996220937314903495e+03
9.995921322569160111e+03
9.995620455880811278e+03
9.995320114248143000e+03
9.995019569084910472e+03
9.994720321192642587e+03
9.994420232309721541e+03
9.994121041255713862e+03
9.993821796374379119e+03
9.993522750163232558e+03
9.993224155556412370e+03
9.992925225038881763e+03
9.992625588354207139e+03
9.992325378502810054e+03
9.992024700901487449e+03
9.991724199416732517e+03
9.991423667418013792e+03
9.991123128425595496e+03
9.990824216315917511e+03
9.990524650707078763e+03
9.990224860069334682e+03
9.989924313101208099e+03
9.989624483515935935e+03
9.989324041551089977e+03
9.989024519809361664e+03
9.988724936935937876e+03
9.988425393189263559e+03
9.988125489692185511e+03
9.987825100652762558e+03
9.987524728658521781e+03
9.987225085412848784e+03
9.986925555511252242e+03
9.986624985007392752e+03
9.986322841632800191e+03
9.986022843991951959e+03
9.985722882511578064e+03
9.985422854140075287e+03
9.985122804669550533e+03
9.984822703609212112e+03
9.984522891992446603e+03
9.984222767530234705e+03
9.983923039976241853e+03
9.983622408099279710e+03
9.983322832024892705e+03
9.983023488681494200e+03
9.982723733544466086e+03
9.982423166687198318e+03
9.982123610506943805e+03
9.981823775501547061e+03
9.981524249555190181e+03
9.981224589267876581e+03
9.980923371544024121e+03
9.980622233617179518e+03
9.980322638157898837e+03
9.980020909429969834e+03
9.979719237286877615e+03
9.979419936744301594e+03
9.979120044156556105e+03
9.978819752400771904e+03
9.978519710774271516e+03
9.978218846921312434e+03
9.977917361387546407e+03
9.977616914915201050e+03
9.977316381019565597e+03
9.977016875408920896e+03
9.976717250288238574e+03
9.976417467249264519e+03
9.976117848512587443e+03
9.975818400176605792e+03
9.975518106212284692e+03
9.975217700174329366e+03
9.974917810071081476e+03
9.974617538707265339e+03
9.974317766184938591e+03
9.974017563497698575e+03
9.973718041491290933e+03
9.973418754117514254e+03
9.973118228974948579e+03
9.972817743646493909e+03
9.972518082824915837e+03
9.972218150737999167e+03
9.971918538483141674e+03
9.971619035632294981e+03
9.971318496402569508e+03
9.971018318876787816e+03
9.970718952037683266e+03
9.970419859128729513e+03
9.970120213578791663e+03
9.969820555424412305e+03
9.969519976580946604e+03
9.969220070159368333e+03
9.968919019076616678e+03
9.968618565574635795e+03
9.968318949752669141e+03
9.968019015174773813e+03
9.967718215217988472e+03
9.967417789653723958e+03
9.967117518157643644e+03
9.966816997159896346e+03
9.966517233756578207e+03
9.966217467516027682e+03
9.965917308950294682e+03
9.965617697412208145e+03
9.965317786018311381e+03
9.965019015995394511e+03
9.964718422276004276e+03
9.964417933611150147e+03
9.964119074714313683e+03
9.963820186494311201e+03
9.963518726355128820e+03
9.963218716734339978e+03
9.962918817885039971e+03
9.962618465639201531e+03
9.962318271118047051e+03
9.962018293292023372e+03
9.961718355366376272e+03
9.961418340548991182e+03
9.961118393862287121e+03
9.960818700277455719e+03
9.960519174284509063e+03
9.960218962302065847e+03
9.959918818868889502e+03
9.959619793885489344e+03
9.959319763574367244e+03
9.959019180816709195e+03
9.958719547198508735e+03
9.958420236180127176e+03
9.958119911508480072e+03
9.957819910186432026e+03
9.957521501344692297e+03
9.957220941426046920e+03
9.956920700431190198e+03
9.956621481483898606e+03
9.956321697895878970e+03
9.956021081928960484e+03
9.955721739902042827e+03
9.955422739307074153e+03
9.955122079266477158e+03
9.954821517024814966e+03
9.954523152594003477e+03
9.954222082002463139e+03
9.953922129940247032e+03
9.953621915670526505e+03
9.953322519397343058e+03
9.953021509137561225e+03
9.952721742645850100e+03
9.952420654222780286e+03
9.952120911679870915e+03
9.951820476766299180e+03
9.951521004200465541e+03
9.951221257790657546e+03
9.950921028979804760e+03
9.950621965353198902e+03
9.950321260859860558e+03
9.950021419853759653e+03
9.949720833757830405e+03
9.949423074798087328e+03
9.949123435195286220e+03
9.948823806003094433e+03
9.948524531062867027e+03
9.948223031226385501e+03
9.947923006624027039e+03
9.947623135128738795e+03
9.947322756232724714e+03
9.947023429295613823e+03
9.946723755740007618e+03
9.946425161392995506e+03
9.946125472294686915e+03
9.945825822240462003e+03
9.945526669720049540e+03
9.945226960415415306e+03
9.944926980904077936e+03
9.944626970491268366e+03
9.944326703013410224e+03
9.944026791089987455e+03
9.943726656312668638e+03
9.943426582198995675e+03
9.943127225224890935e+03
9.942827750688664310e+03
9.942527710633476090e+03
9.942227816396725757e+03
9.941927978322102717e+03
9.941627677981525267e+03
9.941327283007338337e+03
9.941026278803228706e+03
9.940726551792346072e+03
9.940426354397599425e+03
9.940125534184064236e+03
9.939825848306165426e+03
9.939524902474073315e+03
9.939224990974447792e+03
9.938925472363445806e+03
9.938625326794992361e+03
9.938326088820975201e+03
9.938026113188645468e+03
9.937726155843387460e+03
9.937426374128855969e+03
9.937126691858429695e+03
9.936826717224381355e+03
9.936526191275710516e+03
9.936225775945878922e+03
9.935925312483765083e+03
9.935625246809842793e+03
9.935324374005362188e+03
9.935024788863669528e+03
9.934726274300815930e+03
9.934425712743086478e+03
9.934125394316759412e+03
9.933825275289644196e+03
9.933526349450195994e+03
9.933226068062178456e+03
9.932926908651139456e+03
9.932627020067997364e+03
9.932327892630743008e+03
9.932027076103453510e+03
9.931727542359716608e+03
9.931426563214256021e+03
9.931125714534980943e+03
9.930825626834965078e+03
9.930527077921524324e+03
9.930226414166751056e+03
9.929926700772492040e+03
9.929627234618392322e+03
9.929326616902142632e+03
9.929025542215747919e+03
9.928725929745134636e+03
9.928425852774007581e+03
9.928126177822305181e+03
9.927825592643272103e+03
9.927525097602720052e+03
9.927224593628225193e+03
9.926923914515893557e+03
9.926624350101892560e+03
9.926324108923085078e+03
9.926024004642800719e+03
9.925725458143344440e+03
9.925424427299371018e+03
9.925125070171990956e+03
9.924825604171724990e+03
9.924525943545884729e+03
9.924225280889146234e+03
9.923925028652474793e+03
9.923624832166138731e+03
9.923324367097113281e+03
9.923024606101080280e+03
9.922724439136167348e+03
9.922425763412124070e+03
9.922125139623880386e+03
9.921825320764439311e+03
9.921526995463134881e+03
9.921226156161836116e+03
9.920926164027037885e+03
9.920625870998670507e+03
9.920325618071941790e+03
9.920024570610175942e+03
9.919725084868819977e+03
9.919425070643461368e+03
9.919124466711065907e+03
9.918826254873016296e+03
9.918526115930784727e+03
9.918227399903647893e+03
9.917926978924002469e+03
9.917625972818814262e+03
9.917323737427683227e+03
9.917025047067743799e+03
9.916724491734270487e+03
9.916423241992251860e+03
9.916123657882177213e+03
9.915824563669821146e+03
9.915527719797159079e+03
9.915225430366019282e+03
9.914927477144658042e+03
9.914626666392932748e+03
9.914327614724681553e+03
9.914028310966747085e+03
9.913728488848473717e+03
9.913428901393246633e+03
9.913128828033033642e+03
9.912829038736123039e+03
9.912528224432220668e+03
9.912228416659267168e+03
9.911928637061928384e+03
9.911627398357604761e+03
9.911328820224423907e+03
9.911028625796396227e+03
9.910728551633850657e+03
9.910430660662328592e+03
9.910131051600315914e+03
9.909830675425420850e+03
9.909530844893310132e+03
9.909229764390946002e+03
9.908928604346567226e+03
9.908628955906768169e+03
9.908328532110070228e+03
9.908026501031841690e+03
9.907726501216107863e+03
9.907429464599425046e+03
9.907128667919849249e+03
9.906826319676360072e+03
9.906527003892611901e+03
9.906226138143349090e+03
9.905927122900318864e+03
9.905627713908463193e+03
9.905331096316658659e+03
9.905031726924602481e+03
9.904733633545600242e+03
9.904432598461911766e+03
9.904131438267962949e+03
9.903831675718971383e+03
9.903531554957420667e+03
9.903230725366729530e+03
9.902933537820939819e+03
9.902631802924579461e+03
9.902331978666155919e+03
9.902030420773131482e+03
9.901729236285184015e+03
9.901427961988440074e+03
9.901126669530589425e+03
9.900828966674362164e+03
9.900526990492984623e+03
9.900227779323811774e+03
9.899928522758906183e+03
9.899630790003422590e+03
9.899329858717743264e+03
9.899026712580458479e+03
9.898726867556264551e+03
9.898427848197869025e+03
9.898129249912379237e+03
9.897831399696508015e+03
9.897533300721966953e+03
9.897234660691281533e+03
9.896933574572800353e+03
9.896634005535002871e+03
9.896335281587083955e+03
9.896035336400975211e+03
9.895734610197401707e+03
9.895435046494152630e+03
9.895136496551474920e+03
9.894836659103229977e+03
9.894537491134751690e+03
9.894236786441837467e+03
9.893934768842693302e+03
9.893634464678203585e+03
9.893333541703988885e+03
9.893035367057209442e+03
9.892733528746402953e+03
9.892432823096090942e+03
9.892133344499090526e+03
9.891832249891576794e+03
9.891533977485632931e+03
9.891233739504295954e+03
9.890932838595223075e+03
9.890633903194173399e+03
9.890334604434819994e+03
9.890034945354469528e+03
9.889735361528471913e+03
9.889433949065702109e+03
9.889133891428184143e+03
9.888833109915956811e+03
9.888533523569112731e+03
9.888233851275648703e+03
9.887933506867118922e+03
9.887634010473017042e+03
9.887333067597832269e+03
9.887033974773014052e+03
9.886733497906978300e+03
9.886433145488588707e+03
9.886132001140726061e+03
9.885832782670393499e+03
9.885531957479131961e+03
9.885233233600843960e+03
9.884934619711057167e+03
9.884636428921512561e+03
9.884339111451774443e+03
9.884040685776853934e+03
9.883739271730548353e+03
9.883439780121751028e+03
9.883139205343040885e+03
9.882839000273397687e+03
9.882538362127432265e+03
9.882238048113847981e+03
9.881938715857100760e+03
9.881639302069512269e+03
9.881337756286995500e+03
9.881036292174445407e+03
9.880733476403234818e+03
9.880432093266819720e+03
9.880131813778594733e+03
9.879832361372960804e+03
9.879530809558620604e+03
9.879231918165740353e+03
9.878932266667914519e+03
9.878633980933138446e+03
9.878333537157554019e+03
9.878033580689170776e+03
9.877733950013178401e+03
9.877432465304631478e+03
9.877134155316689430e+03
9.876834416780317042e+03
9.876535774120358838e+03
9.876236357435238460e+03
9.875935525928009156e+03
9.875634360829481011e+03
9.875333434135798598e+03
9.875032928214299318e+03
9.874733616485231323e+03
9.874436241695480931e+03
9.874136603347655182e+03
9.873839339530519283e+03
9.873538503087460413e+03
9.873237659502063252e+03
9.872938601540592572e+03
9.872637878961360911e+03
9.872336653126112651e+03
9.872038674120254655e+03
9.871739964119351498e+03
9.871442960839234729e+03
9.871144395157734834e+03
9.870846556465019603e+03
9.870548124199176527e+03
9.870248302587091530e+03
9.869950659344860469e+03
9.869650231405177692e+03
9.869348924526739211e+03
9.869051143397715350e+03
9.868752288480516654e+03
9.868453397819754173e+03
9.868153273177325900e+03
9.867853029255866204e+03
9.867553790679501617e+03
9.867254396387137604e+03
9.866952406631207850e+03
9.866650876220650389e+03
9.866351391819345736e+03
9.866051754443920800e+03
9.865751317347352597e+03
9.865450278374062691e+03
9.865151053572997625e+03
9.864850253373471787e+03
9.864551728411894146e+03
9.864251931817017976e+03
9.863952114928964875e+03
9.863652682697545970e+03
9.863353377034383811e+03
9.863053090099709152e+03
9.862752034307141003e+03
9.862451265094005066e+03
9.862153421676150174e+03
9.861851819237419477e+03
9.861553901627718005e+03
9.861252033784765445e+03
9.860953012546096943e+03
9.860653804072866478e+03
9.860354069090244593e+03
9.860053335417362177e+03
9.859753756606949537e+03
9.859449747250837390e+03
9.859151243127622365e+03
9.858850544279655878e+03
9.858550567284062708e+03
9.858249495837237191e+03
9.857948278729440062e+03
9.857647576953255339e+03
9.857345728859152587e+03
9.857045776218968967e+03
9.856742544756081770e+03
9.856442556021060227e+03
9.856143902837813584e+03
9.855842659285142872e+03
9.855542404399317093e+03
9.855245136604784420e+03
9.854943558130895326e+03
9.854642390260285538e+03
9.854341617813337507e+03
9.854039684718287390e+03
9.853737922131414962e+03
9.853437431386933895e+03
9.853136454944205980e+03
9.852835587153656888e+03
9.852535977681480290e+03
9.852236204732231272e+03
9.851935730125826012e+03
9.851633115874421492e+03
9.851333777684962115e+03
9.851033233386135180e+03
9.850731890415536327e+03
9.850431418220323394e+03
9.850130832243508848e+03
9.849832543970389452e+03
9.849530961705726440e+03
9.849229088034720917e+03
9.848928659187493395e+03
9.848631108693674832e+03
9.848330233557049723e+03
9.848029861926848753e+03
9.847732410734000950e+03
9.847430463292621425e+03
9.847130827609305925e+03
9.846830588725344569e+03
9.846530214486778277e+03
9.846227498512087550e+03
9.845928506286911215e+03
9.845631320898037302e+03
9.845330638301917134e+03
9.845029405956804112e+03
9.844729976170159716e+03
9.844432204195642043e+03
9.844133776638138443e+03
9.843831401717523477e+03
9.843534447999385520e+03
9.843236162262683138e+03
9.842934131234695087e+03
9.842634024612083522e+03
9.842335409604947927e+03
9.842036394008979187e+03
9.841735917159398014e+03
9.841436339293230048e+03
9.841135791768630952e+03
9.840836206216234132e+03
9.840537146283379116e+03
9.840237659374246505e+03
9.839939381941676402e+03
9.839640986709629942e+03
9.839341824219360205e+03
9.839039355578675895e+03
9.838739406968401454e+03
9.838439586890999635e+03
9.838140955476525050e+03
9.837839796508389554e+03
9.837541736910647160e+03
9.837244569759943261e+03
9.836943418373703025e+03
9.836640721179648608e+03
9.836341572099094265e+03
9.836041607168070186e+03
9.835742743232867724e+03
9.835444244924257873e+03
9.835145042322135851e+03
9.834842320384217601e+03
9.834542250033691744e+03
9.834242801632432020e+03
9.833943528195941326e+03
9.833643284873160155e+03
9.833343338243807011e+03
9.833041906820644726e+03
9.832744683176795661e+03
9.832442698123126320e+03
9.832143490066093364e+03
9.831839051800878224e+03
9.831538991059178443e+03
9.831239287562113532e+03
9.830939104478911759e+03
9.830639810033684626e+03
9.830337741979003113e+03
9.830039009570287817e+03
9.829737811537177549e+03
9.829438907356590789e+03
9.829141201869899305e+03
9.828841485467461098e+03
9.828540707515676331e+03
9.828237795206692681e+03
9.827938415535498279e+03
9.827640152328502154e+03
9.827339011338441196e+03
9.827039617140952032e+03
9.826739232662452196e+03
9.826442139168811991e+03
9.826140617723911419e+03
9.825838706501384877e+03
9.825535346198226762e+03
9.825235589434676513e+03
9.824939062761221066e+03
9.824639874020105708e+03
9.824340407739400689e+03
9.824040388162206000e+03
9.823740603922227820e+03
9.823440992813822959e+03
9.823142427418559237e+03
9.822841161003969319e+03
9.822540111059353876e+03
9.822238449304562891e+03
9.821939223374831272e+03
9.821641980857328235e+03
9.821342648449504850e+03
9.821042536180355455e+03
9.820745753705048628e+03
9.820444352727588921e+03
9.820147258926894210e+03
9.819850066700166280e+03
9.819551001640063987e+03
9.819248110763821387e+03
9.818950176784999712e+03
9.818650546353042955e+03
9.818349480755847253e+03
9.818049184546773176e+03
9.817748933754293830e+03
9.817450541873316979e+03
9.817150171327633871e+03
9.816848590762207095e+03
9.816548154500329474e+03
9.816248599490731067e+03
9.815947521655503806e+03
9.815648565320318085e+03
9.815348270045984464e+03
9.815047998156987887e+03
9.814746687824606852e+03
9.814445867659258511e+03
9.814146042909391326e+03
9.813844649991240658e+03
9.813544141832026071e+03
9.813245508057892948e+03
9.812942711223198785e+03
9.812640414354249515e+03
9.812339595960489532e+03
9.812038612647114860e+03
9.811738602331333823e+03
9.811439807686661879e+03
9.811136656538390525e+03
9.810836580540457362e+03
9.810539862176494353e+03
9.810242431819799094e+03
9.809944034154288602e+03
9.809642289777835686e+03
9.809342573930654908e+03
9.809044114666388850e+03
9.808743669484365455e+03
9.808441375246855387e+03
9.808141677113613696e+03
9.807842419709608293e+03
9.807542624538282325e+03
9.807244297118637405e+03
9.806944631400094295e+03
9.806647490607327200e+03
9.806348178544161783e+03
9.806048529148421949e+03
9.805748488632583758e+03
9.805447391598221657e+03
9.805147879843985720e+03
9.804848795062382123e+03
9.804548793630239743e+03
9.804252773658787191e+03
9.803948543023563616e+03
9.803647827802569736e+03
9.803346161891853626e+03
9.803046256517814982e+03
9.802748680159233118e+03
9.802448237455704657e+03
9.802145874916534012e+03
9.801847434914567202e+03
9.801550211026959005e+03
9.801250901609955690e+03
9.800949852944466329e+03
9.800648521890707343e+03
9.800350253936927402e+03
9.800052241781817429e+03
9.799752095814257700e+03
9.799450235731515932e+03
9.799150585042169041e+03
9.798854516231625894e+03
9.798556850175818909e+03
9.798257538590647528e+03
9.797955109806633118e+03
9.797651449692340975e+03
9.797352427111563884e+03
9.797053570865926304e+03
9.796749381335437647e+03
9.796447557866549687e+03
9.796148178967507192e+03
9.795847724872837716e+03
9.795550400198619172e+03
9.795249706354115915e+03
9.794953609777170641e+03
9.794654018030421867e+03
9.794352005729686425e+03
9.794051792584190480e+03
9.793753641378580141e+03
9.793448792936393147e+03
9.793146301670038156e+03
9.792847919708807240e+03
9.792550563761185913e+03
9.792246876438422987e+03
9.791949430588239920e+03
9.791649370641789574e+03
9.791348413380943384e+03
9.791048772673037092e+03
9.790745490584486106e+03
9.790445695750624509e+03
9.790151963249621986e+03
9.789855559618110419e+03
9.789556798673676894e+03
9.789256400743750419e+03
9.788962693237139320e+03
9.788666829870660877e+03
9.788366438129232847e+03
9.788071774037232899e+03
9.787769231991276683e+03
9.787467571451135882e+03
9.787164477774496845e+03
9.786869136198114575e+03
9.786568696226622706e+03
9.786269242549777118e+03
9.785971306146839197e+03
9.785667260702559361e+03
9.785370226229453692e+03
9.785071797903228799e+03
9.784769670187071824e+03
9.784469258527840793e+03
9.784172239181454643e+03
9.783874485419750272e+03
9.783572711299644652e+03
9.783270479542352405e+03
9.782971736490409967e+03
9.782673611535559758e+03
9.782378629904349509e+03
9.782080944046596414e+03
9.781777646162721794e+03
9.781477771373116411e+03
9.781176107211265844e+03
9.780872849409723131e+03
9.780575336216152209e+03
9.780277231632071562e+03
9.779981622184204753e+03
9.779679133781144628e+03
9.779375548821903067e+03
9.779079975751406892e+03
9.778784227130929139e+03
9.778481205487340048e+03
9.778182587586959926e+03
9.777880899432075239e+03
9.777582295523247012e+03
9.777285143127102856e+03
9.776983012138236518e+03
9.776686728667556963e+03
9.776382353252771281e+03
9.776086560266758170e+03
9.775786952896753064e+03
9.775491248320635350e+03
9.775190586848875682e+03
9.774890829514459256e+03
9.774589382303845923e+03
9.774288511583778018e+03
9.773990540597420477e+03
9.773691919242130098e+03
9.773389326392170915e+03
9.773089775445871055e+03
9.772789113625645768e+03
9.772486390922374994e+03
9.772185478619561763e+03
9.771884900283548632e+03
9.771587335266618538e+03
9.771283421405751142e+03
9.770986869312073395e+03
9.770686555605805552e+03
9.770389653671867563e+03
9.770090354735339133e+03
9.769790320586716916e+03
9.769492721205311682e+03
9.769194845745712882e+03
9.768892945695493836e+03
9.768593906572870765e+03
9.768296445060015685e+03
9.767995307817420326e+03
9.767696555976406671e+03
9.767397419294740757e+03
9.767098248971744397e+03
9.766797747476211953e+03
9.766499007868922490e+03
9.766195410505146356e+03
9.765893521576505009e+03
9.765593608828155993e+03
9.765294234667589990e+03
9.764993225649737724e+03
9.764693118881432383e+03
9.764393519178562201e+03
9.764093146667893961e+03
9.763796062698462265e+03
9.763496910696272607e+03
9.763196819974429673e+03
9.762896435273878524e+03
9.762593457841208874e+03
9.762294649884670434e+03
9.761992199143316611e+03
9.761688487460716715e+03
9.761390348862956671e+03
9.761093081428403821e+03
9.760791816585606284e+03
9.760492434181975113e+03
9.760190953203908066e+03
9.759895910359933623e+03
9.759599553541964269e+03
9.759300101576176530e+03
9.758999482890134459e+03
9.758698142268203810e+03
9.758400682186978884e+03
9.758094820360713129e+03
9.757792752942474181e+03
9.757491414016034469e+03
9.757196086526766521e+03
9.756896655829172232e+03
9.756596605944419935e+03
9.756299369828419003e+03
9.756001776977702320e+03
9.755703162969861296e+03
9.755401278118137270e+03
9.755100410969358563e+03
9.754800780423092874e+03
9.754496900406380519e+03
9.754197015935043964e+03
9.753896367053621361e+03
9.753598847129635033e+03
9.753300830113474149e+03
9.753003138619482343e+03
9.752703719557270233e+03
9.752399770630741841e+03
9.752100398144917563e+03
9.751795228390103148e+03
9.751491715452140852e+03
9.751194150745384832e+03
9.750897959498070122e+03
9.750597332038880268e+03
9.750299197789712707e+03
9.749994055106353699e+03
9.749692730367589320e+03
9.749391219341496253e+03
9.749093685499814455e+03
9.748794226524481928e+03
9.748495674203848466e+03
9.748191637085219554e+03
9.747890505084102188e+03
9.747588409462428899e+03
9.747284223433045554e+03
9.746988899326814135e+03
9.746688295347741587e+03
9.746386544576849701e+03
9.746088357798342258e+03
9.745790156132650736e+03
9.745488070560451888e+03
9.745189803664381543e+03
9.744891976791361230e+03
9.744594350074436079e+03
9.744292903553263386e+03
9.743991476160057573e+03
9.743693576892837882e+03
9.743398462923105399e+03
9.743098277226514256e+03
9.742796059067270107e+03
9.742494976702719214e+03
9.742192833479846740e+03
9.741890090332832187e+03
9.741588667158950557e+03
9.741285766987095485e+03
9.740986928066646215e+03
9.740686836926390242e+03
9.740385480657880180e+03
9.740085074972235816e+03
9.739780494567659844e+03
9.739488890967548286e+03
9.739192019732910921e+03
9.738890173914853222e+03
9.738588372587024423e+03
9.738284294437051358e+03
9.737988400430516776e+03
9.737688312483554910e+03
9.737383805978091914e+03
9.737080334633807070e+03
9.736779187805712354e+03
9.736483419093010525e+03
9.736181981924451975e+03
9.735881449957509176e+03
9.735582204242300577e+03
9.735284966630859344e+03
9.734988201291027508e+03
9.734689181397206994e+03
9.734388837907079505e+03
9.734089989686797708e+03
9.733788701941828549e+03
9.733494016028707847e+03
9.733194438151736904e+03
9.732898440583190677e+03
9.732594663707432119e+03
9.732294145255964395e+03
9.731995420646928324e+03
9.731695847538489033e+03
9.731397608149760345e+03
9.731095194835383154e+03
9.730792135638172113e+03
9.730492694841901539e+03
9.730191811337594118e+03
9.729894688435035278e+03
9.729591836809730012e+03
9.729293011529483920e+03
9.728992517380802383e+03
9.728694931506013745e+03
9.728393405769624223e+03
9.728093033820789060e+03
9.727794282569011557e+03
9.727492468979668047e+03
9.727191549214070619e+03
9.726890577653015498e+03
9.726590038995587747e+03
9.726287672956183087e+03
9.725988311764047467e+03
9.725688899828339345e+03
9.725387937566689288e+03
9.725085854349859801e+03
9.724784137637696404e+03
9.724483084210880406e+03
9.724182395517542318e+03
9.723880578220758252e+03
9.723581145707321411e+03
9.723276094502212800e+03
9.722976375043346707e+03
9.722677628587918662e+03
9.722381517894058561e+03
9.722081476580766321e+03
9.721781937847788868e+03
9.721479871049485155e+03
9.721179656208880260e+03
9.720879477148166188e+03
9.720580937590175381e+03
9.720279295513928446e+03
9.719978131065852722e+03
9.719677573948358258e+03
9.719378478360309600e+03
9.719080879476128757e+03
9.718778459110699259e+03
9.718477453146701009e+03
9.718176212782615039e+03
9.717879258740451405e+03
9.717583022935667032e+03
9.717280340750252435e+03
9.716978892982402613e+03
9.716677197835990228e+03
9.716377702303414480e+03
9.716079870205805491e+03
9.715780684281497088e+03
9.715480480309655832e+03
9.715182012008435777e+03
9.714881844921908851e+03
9.714582544067521667e+03
9.714283331206621369e+03
9.713981337948793225e+03
9.713681849248985600e+03
9.713381211768808498e+03
9.713077176772221719e+03
9.712776233873799356e+03
9.712470757657516515e+03
9.712167065793246366e+03
9.711867270242679297e+03
9.711569060045818333e+03
9.711267774793077479e+03
9.710967807417418953e+03
9.710666955736576710e+03
9.710364692506816937e+03
9.710062855135296559e+03
9.709762376294209389e+03
9.709462476861024697e+03
9.709162183016431300e+03
9.708860331822570515e+03
9.708563386839965460e+03
9.708265598717811372e+03
9.707966299246287235e+03
9.707670352593517237e+03
9.707370750044839951e+03
9.707071273585423114e+03
9.706773056586469465e+03
9.706472918805044173e+03
9.706169186004266521e+03
9.705870703092166877e+03
9.705570650302206559e+03
9.705269355154145160e+03
9.704966003824227300e+03
9.704666195568857802e+03
9.704362019873953614e+03
9.704064411539175126e+03
9.703763535810396206e+03
9.703462467349672806e+03
9.703161456706968238e+03
9.702863006470479377e+03
9.702564139604914089e+03
9.702265504994193179e+03
9.701965657865914181e+03
9.701663645377066132e+03
9.701360177089012723e+03
9.701061625686375919e+03
9.700762357775814962e+03
9.700466010900421679e+03
9.700166885251954227e+03
9.699867615714643762e+03
9.699566355149467199e+03
9.699265729301743704e+03
9.698967287677951390e+03
9.698668053755925939e+03
9.698369809627347422e+03
9.698068668681211420e+03
9.697770287184610424e+03
9.697469851447309338e+03
9.697170868556262576e+03
9.696872653955811984e+03
9.696570413808978628e+03
9.696270591736620190e+03
9.695970487802929711e+03
9.695669769535206797e+03
9.695371374752621705e+03
9.695072938095863719e+03
9.694771622999958709e+03
9.694470406476797507e+03
9.694171357247847482e+03
9.693869804826657855e+03
9.693569946788287780e+03
9.693271564560091065e+03
9.692971024761493027e+03
9.692673236865826766e+03
9.692373086715175305e+03
9.692072836287925384e+03
9.691774244157892099e+03
9.691474200289962027e+03
9.691172314078292402e+03
9.690873342333828987e+03
9.690572818517939595e+03
9.690271939780037428e+03
9.689974132379073126e+03
9.689669902129193360e+03
9.689369850899813173e+03
9.689072038178419461e+03
9.688771005674212574e+03
9.688470703149514520e+03
9.688166105530797722e+03
9.687868471641162614e+03
9.687569634004854379e+03
9.687268550016273366e+03
9.686968475236697486e+03
9.686669514811583213e+03
9.686365415798692993e+03
9.686063037855139555e+03
9.685763873246793082e+03
9.685462615917796938e+03
9.685160272327993880e+03
9.684858422897854325e+03
9.684559470982407220e+03
9.684256467238508776e+03
9.683957666387603240e+03
9.683658266840524448e+03
9.683356542799463568e+03
9.683058055760111529e+03
9.682754561728854242e+03
9.682456640333746691e+03
9.682157837852064404e+03
9.681858718934530771e+03
9.681560207167265617e+03
9.681261013396635462e+03
9.680962152122956468e+03
9.680662315140041756e+03
9.680361833384738929e+03
9.680058678847468400e+03
9.679757207086873677e+03
9.679455168080623480e+03
9.679148932129253808e+03
9.678849925388567499e+03
9.678551641116542669e+03
9.678250331454570187e+03
9.677955101029103389e+03
9.677651986874217982e+03
9.677352185253570497e+03
9.677052278316372394e+03
9.676754326041744207e+03
9.676454781315778746e+03
9.676151734747643786e+03
9.675850803598148559e+03
9.675545613129921549e+03
9.675242472567642835e+03
9.674944940279399816e+03
9.674643563755496871e+03
9.674346450034958252e+03
9.674046516152568074e+03
9.673745744650363122e+03
9.673441792815816370e+03
9.673140908173210846e+03
9.672843333951170280e+03
9.672541820572523648e+03
9.672241334244827158e+03
9.671945093865901072e+03
9.671642742844258464e+03
9.671342907479929636e+03
9.671041074461763856e+03
9.670742665031584693e+03
9.670440961675310973e+03
9.670144960633828305e+03
9.669844259744793817e+03
9.669544430026337068e+03
9.669247724363522138e+03
9.668949859275939161e+03
9.668652811126970846e+03
9.668355526035222283e+03
9.668059825723041286e+03
9.667763428056392513e+03
9.667462511949868713e+03
9.667163021954771466e+03
9.666865230071711267e+03
9.666566312498560364e+03
9.666260999545731465e+03
9.665961835784462892e+03
9.665657680130447261e+03
9.665358511532458579e+03
9.665058249201410945e+03
9.664763204273076553e+03
9.664460005878217999e+03
9.664160624151974844e+03
9.663859561909084732e+03
9.663558954146128599e+03
9.663264706524625581e+03
9.662961462248269527e+03
9.662662820386196472e+03
9.662362574288874384e+03
9.662066484803477579e+03
9.661760800971387653e+03
9.661458897957467343e+03
9.661157799687829538e+03
9.660855755184367808e+03
9.660554615713888779e+03
9.660259609392523998e+03
9.659961683822739360e+03
9.659656975248428353e+03
9.659352095619889951e+03
9.659050508944381363e+03
9.658749427361639391e+03
9.658448290283897222e+03
9.658151265220289133e+03
9.657847102313302457e+03
9.657546614223743745e+03
9.657244668896579242e+03
9.656945112378072736e+03
9.656646119558250575e+03
9.656347066005995657e+03
9.656047732883835124e+03
9.655748748038877238e+03
9.655446710860378516e+03
9.655145433355795831e+03
9.654848619107686318e+03
9.654550219602095240e+03
9.654247892038150894e+03
9.653952219774044352e+03
9.653647957212915571e+03
9.653349936642713146e+03
9.653052218165714294e+03
9.652753952475728511e+03
9.652449568962876583e+03
9.652151239559558235e+03
9.651851902224212608e+03
9.651554664574687195e+03
9.651254631643700122e+03
9.650958989365368325e+03
9.650656932796549881e+03
9.650354200617584866e+03
9.650052589129507396e+03
9.649750623157804512e+03
9.649451031282531403e+03
9.649149319834976268e+03
9.648850036918000114e+03
9.648554344811516785e+03
9.648253653544061308e+03
9.647951897247294255e+03
9.647649492868404195e+03
9.647350394613698882e+03
9.647048443199604662e+03
9.646747326177728610e+03
9.646444949088596331e+03
9.646145712852172437e+03
9.645844159813803344e+03
9.645538970504938334e+03
9.645237422190799407e+03
9.644939345382139436e+03
9.644639765165231438e+03
9.644344489811885069e+03
9.644039040016754370e+03
9.643740276734301005e+03
9.643442818724573954e+03
9.643146830924019014e+03
9.642853653867370667e+03
9.642553891727062364e+03
9.642260062592213217e+03
9.641958151361555792e+03
9.641660002381529921e+03
9.641363266817954354e+03
9.641062294210109030e+03
9.640760849545687961e+03
9.640455964635559212e+03
9.640156134986189500e+03
9.639858827117406690e+03
9.639557048459468206e+03
9.639252251681980852e+03
9.638951551904707230e+03
9.638650135996193058e+03
9.638349144068875830e+03
9.638048540080486418e+03
9.637749136903084946e+03
9.637450159209554840e+03
9.637152577519147599e+03
9.636849039995262501e+03
9.636550070181821866e+03
9.636251887822389108e+03
9.635952676642304141e+03
9.635653510393845863e+03
9.635354661728502833e+03
9.635051491102132786e+03
9.634754598728666679e+03
9.634457537002563186e+03
9.634155195541921785e+03
9.633856721345067854e+03
9.633559141339095731e+03
9.633253518202507621e+03
9.632956605163390122e+03
9.632657955353339275e+03
9.632360476107234717e+03
9.632067595763139252e+03
9.631769355122982233e+03
9.631467066795003120e+03
9.631163874689653312e+03
9.630865371213740218e+03
9.630563796325168369e+03
9.630266033548510677e+03
9.629962401846894863e+03
9.629665027125836787e+03
9.629363511176006796e+03
9.629062710528718526e+03
9.628766376048275561e+03
9.628463358284401693e+03
9.628163212114186535e+03
9.627863024542073617e+03
9.627562707566594327e+03
9.627261958523944486e+03
9.626963498368148066e+03
9.626662938646926705e+03
9.626363502528596655e+03
9.626067033083954811e+03
9.625768448675626132e+03
9.625466446202382940e+03
9.625167251886303347e+03
9.624866868263063225e+03
9.624565492091414853e+03
9.624264498854547128e+03
9.623964911760045652e+03
9.623662561777209703e+03
9.623368521104865067e+03
9.623064789954058142e+03
9.622767316876717814e+03
9.622466828086729947e+03
9.622162999720387234e+03
9.621862055127878193e+03
9.621565697258718501e+03
9.621266450596824143e+03
9.620967761130998042e+03
9.620669080470237532e+03
9.620369671535590896e+03
9.620070374925207943e+03
9.619776429216142787e+03
9.619475088161771055e+03
9.619170348205563641e+03
9.618871186725675216e+03
9.618577708036567856e+03
9.618279175790439695e+03
9.617977759794437588e+03
9.617676037621480646e+03
9.617376716584418318e+03
9.617080354333724244e+03
9.616781957090939613e+03
9.616483023212453190e+03
9.616187218267954449e+03
9.615885258212911140e+03
9.615583602586992129e+03
9.615280754469538806e+03
9.614979193444030898e+03
9.614678163366004810e+03
9.614380578104835877e+03
9.614080651368021790e+03
9.613779694878779992e+03
9.613488506356825383e+03
9.613193387629436984e+03
9.612892113890913606e+03
9.612591812979902897e+03
9.612292883596010142e+03
9.611987607716971979e+03
9.611683782488697034e+03
9.611384618552843676e+03
9.611081644694222632e+03
9.610784672175024753e+03
9.610485014443192995e+03
9.610186829555304939e+03
9.609885247078735119e+03
9.609591121031760849e+03
9.609293456298919409e+03
9.608991327449182791e+03
9.608691814214831538e+03
9.608389767998884054e+03
9.608092551787000048e+03
9.607796325117311426e+03
9.607501003865216262e+03
9.607199747676899278e+03
9.606902134994767039e+03
9.606596872233021713e+03
9.606299355167559042e+03
9.605993921991333991e+03
9.605690811487304018e+03
9.605392306953477600e+03
9.605089137113889592e+03
9.604794113015997937e+03
9.604500189333584785e+03
9.604202212992589921e+03
9.603901995445339708e+03
9.603608750862040324e+03
9.603305812557049649e+03
9.603004442101049790e+03
9.602701460960000986e+03
9.602397344590388457e+03
9.602094372479161393e+03
9.601796630126869786e+03
9.601501169277316876e+03
9.601195955517961920e+03
9.600889273422451879e+03
9.600591601821892255e+03
9.600289439068470529e+03
9.599989218214337598e+03
9.599687061616548817e+03
9.599391473214780490e+03
9.599090944160883737e+03
9.598783553543136804e+03
9.598490024072752931e+03
9.598189126985806070e+03
9.597887582424396896e+03
9.597593490564240710e+03
9.597288819256293209e+03
9.596992783718038481e+03
9.596691868754578536e+03
9.596385455890640515e+03
9.596083568099393233e+03
9.595783469966283519e+03
9.595483423781715828e+03
9.595188912343292031e+03
9.594887257126336408e+03
9.594583461072930731e+03
9.594282772658700196e+03
9.593980558199478764e+03
9.593670279252008186e+03
9.593371646556901396e+03
9.593075153780016990e+03
9.592776918213952740e+03
9.592482713458470243e+03
9.592189328435992138e+03
9.591890614400046616e+03
9.591595334458383149e+03
9.591285474318085107e+03
9.590983928905749053e+03
9.590682122517831885e+03
9.590389420663877900e+03
9.590089943119313830e+03
9.589791388575788005e+03
9.589487251179411032e+03
9.589186039080577757e+03
9.588889573627868231e+03
9.588588701989034234e+03
9.588285251217699624e+03
9.587982064876861841e+03
9.587674725771154044e+03
9.587370979897836150e+03
9.587074100665089645e+03
9.586771342727215597e+03
9.586472332684408684e+03
9.586173358679892772e+03
9.585874969871703797e+03
9.585576940361017478e+03
9.585271967979968395e+03
9.584970693470395418e+03
9.584675621163865799e+03
9.584371117632235837e+03
9.584065771313544246e+03
9.583770731254471684e+03
9.583469152382620450e+03
9.583168704052935936e+03
9.582867935307558582e+03
9.582564936045477225e+03
9.582268946379546833e+03
9.581969263712348038e+03
9.581672723135719934e+03
9.581367401528066694e+03
9.581063083152688705e+03
9.580765904725429209e+03
9.580476134195108898e+03
9.580178607604899298e+03
9.579876343625628579e+03
9.579570771803184471e+03
9.579263129837036104e+03
9.578964396125144049e+03
9.578669376030369676e+03
9.578373326718334283e+03
9.578078015620543738e+03
9.577778892663523948e+03
9.577478820567923322e+03
9.577180155880718303e+03
9.576881311893044767e+03
9.576582324491015243e+03
9.576285920634203649e+03
9.575988433016182171e+03
9.575684004768007071e+03
9.575383219110044593e+03
9.575082683257358440e+03
9.574790028067433013e+03
9.574483993731841110e+03
9.574193665298584165e+03
9.573897877848208736e+03
9.573598689530184856e+03
9.573302506145126245e+03
9.573008925024765631e+03
9.572703544934911406e+03
9.572404172903998187e+03
9.572106519543605827e+03
9.571806387007794910e+03
9.571504586399652908e+03
9.571202236970573722e+03
9.570900234491095034e+03
9.570606683355874338e+03
9.570313283295778092e+03
9.570013619206825751e+03
9.569710066166726392e+03
9.569415711091602134e+03
9.569119778826328911e+03
9.568818774407192905e+03
9.568512921789841130e+03
9.568218244731358936e+03
9.567910276676608191e+03
9.567611373840236411e+03
9.567311335071213762e+03
9.567013339763805561e+03
9.566717543060929529e+03
9.566424219410351725e+03
9.566123513175945845e+03
9.565831347066490707e+03
9.565531808674613785e+03
9.565237037682569280e+03
9.564938126041977739e+03
9.564634990625012506e+03
9.564334087809387711e+03
9.564032558879642238e+03
9.563734358921867170e+03
9.563436442397238352e+03
9.563139425649942496e+03
9.562843266386882533e+03
9.562534746094859656e+03
9.562239269848611002e+03
9.561927955535498768e+03
9.561625494061585414e+03
9.561327446485285691e+03
9.561029360053445998e+03
9.560729647970354563e+03
9.560428386196655993e+03
9.560132347618482527e+03
9.559832059901633329e+03
9.559521860721277335e+03
9.559225729920211961e+03
9.558929470605129609e+03
9.558628841048979666e+03
9.558330683531748946e+03
9.558034393911277220e+03
9.557742301192571176e+03
9.557439332859577917e+03
9.557138545365063692e+03
9.556836247013034153e+03
9.556538424666712672e+03
9.556237625771253079e+03
9.555937800438154227e+03
9.555640184762220088e+03
9.555345266796915894e+03
9.555052167514460962e+03
9.554751054495174685e+03
9.554448702383442651e+03
9.554149108141133183e+03
9.553843916015017385e+03
9.553544424117329982e+03
9.553244462044749525e+03
9.552946996457483692e+03
9.552649352118154638e+03
9.552350224363824964e+03
9.552047079440069865e+03
9.551750465489798444e+03
9.551449758472979738e+03
9.551150976610835642e+03
9.550849149158593718e+03
9.550554908818518015e+03
9.550261582210616325e+03
9.549962042915030906e+03
9.549653360524524032e+03
9.549350074681680780e+03
9.549045999494710486e+03
9.548737984817524193e+03
9.548439775960980114e+03
9.548144450864472674e+03
9.547855120591484592e+03
9.547554026755493396e+03
9.547258397945224715e+03
9.546959074178255833e+03
9.546661134332847723e+03
9.546359178200753377e+03
9.546048909323986663e+03
9.545750218741297431e+03
9.545450811983731910e+03
9.545152390253966587e+03
9.544846557134133036e+03
9.544551401006321612e+03
9.544254288900108804e+03
9.543944642476826630e+03
9.543643200213793534e+03
9.543335892176679408e+03
9.543030904309578546e+03
9.542730869098302719e+03
9.542437852498258508e+03
9.542143833293237549e+03
9.541848593073247685e+03
9.541549180800882823e+03
9.541247132947077262e+03
9.540939005179050582e+03
9.540641536203351279e+03
9.540335913681316015e+03
9.540032626441479806e+03
9.539733899436592765e+03
9.539439630356720954e+03
9.539141420434239990e+03
9.538842055976683696e+03
9.538544989163026912e+03
9.538246751672595565e+03
9.537945405602202300e+03
9.537638557043777837e+03
9.537339935916817922e+03
9.537035920544120017e+03
9.536726757684729819e+03
9.536424369273570846e+03
9.536125315655310260e+03
9.535827920798457853e+03
9.535527680751858497e+03
9.535221882946731057e+03
9.534914469000463214e+03
9.534619593633095064e+03
9.534310890932199982e+03
9.534005400336271123e+03
9.533707670986663288e+03
9.533413313793511406e+03
9.533119515855576537e+03
9.532819992728795114e+03
9.532511335950870489e+03
9.532214599964203444e+03
9.531915313071072887e+03
9.531608173626536882e+03
9.531308822652754316e+03
9.531009844664458797e+03
9.530710513644655293e+03
9.530408943504173294e+03
9.530103841451327753e+03
9.529801789207145703e+03
9.529502101328771460e+03
9.529200251257510899e+03
9.528889389259924428e+03
9.528580972157578799e+03
9.528270967724831280e+03
9.527971199713440001e+03
9.527672901069818181e+03
9.527371967503066116e+03
9.527074674872814285e+03
9.526779850289785827e+03
9.526476362722914928e+03
9.526170740913459667e+03
9.525871864525661294e+03
9.525569983577473977e+03
9.525263947859315522e+03
9.524971591692748916e+03
9.524677297359437944e+03
9.524373169671405776e+03
9.524073995684027977e+03
9.523757973900901561e+03
9.523453669271924809e+03
9.523150084124450586e+03
9.522860052970338074e+03
9.522565220160260651e+03
9.522275876295077978e+03
9.521976398690223505e+03
9.521671006969889277e+03
9.521372431390846032e+03
9.521071859509365822e+03
9.520779864430676753e+03
9.520485654842566873e+03
9.520188737490154381e+03
9.519897442443852924e+03
9.519597016687454015e+03
9.519290731400378718e+03
9.518987525189637381e+03
9.518678403881722261e+03
9.518371853599563110e+03
9.518064565982256681e+03
9.517769068704392339e+03
9.517457445283258494e+03
9.517157145827672139e+03
9.516858586024529359e+03
9.516556194927727120e+03
9.516251162372000181e+03
9.515952700526962872e+03
9.515650650864585259e+03
9.515342648376215948e+03
9.515044172448475365e+03
9.514741410134098260e+03
9.514450179608078543e+03
9.514149132348007697e+03
9.513851059730284760e+03
9.513555998074138188e+03
9.513260276348582920e+03
9.512960744000334671e+03
9.512667034833093567e+03
9.512367429768213697e+03
9.512059121485313881e+03
9.511750640786314761e+03
9.511456636959666866e+03
9.511159508373042627e+03
9.510860035585357764e+03
9.510563995606697063e+03
9.510263322932225492e+03
9.509959031552345550e+03
9.509664416234838427e+03
9.509360652416584344e+03
9.509054428783147159e+03
9.508756868040123663e+03
9.508471581476827851e+03
9.508160961808511274e+03
9.507860872083805589e+03
9.507572989544045413e+03
9.507272858882945002e+03
9.506972579052322544e+03
9.506674391596565329e+03
9.506366682930161915e+03
9.506066817444125263e+03
9.505774471457909385e+03
9.505474909208078316e+03
9.505175735543012706e+03
9.504869219237436482e+03
9.504566715509768983e+03
9.504264903321984093e+03
9.503964130516944351e+03
9.503663439441987066e+03
9.503375186027486052e+03
9.503071778023329898e+03
9.502764719425504154e+03
9.502467641747594826e+03
9.502166104054640527e+03
9.501854725784338370e+03
9.501555562737114087e+03
9.501249210242791378e+03
9.500952273327246075e+03
9.500656354041087980e+03
9.500362059327093448e+03
