4.000000000000000000e+03
4.000000000036641723e+03
4.000000000042322881e+03
4.000000000122996425e+03
4.000000000213098701e+03
4.000000000046146397e+03
4.000000000003387413e+03
3.999999999930887043e+03
3.999999999920409209e+03
3.999999999777927769e+03
3.999999999842721536e+03
3.999999999747786205e+03
3.999999999615291017e+03
3.999999999698770353e+03
3.999999999602211119e+03
3.999999999531220055e+03
3.999999999666871190e+03
3.999999999264739472e+03
3.999999999121201199e+03
3.999999999622954419e+03
3.999999999643274805e+03
3.999999999305392521e+03
3.999999999279873464e+03
3.999999999449423285e+03
4.000000000061484116e+03
4.000000000274003469e+03
4.000000000175741206e+03
3.999999999618442871e+03
3.999999999690651293e+03
3.999999999092137841e+03
3.999999998972016783e+03
3.999999999768457656e+03
3.999999999571263288e+03
3.999999999667886186e+03
3.999999999678886979e+03
3.999999999709839358e+03
3.999999999952573489e+03
4.000000000289641321e+03
4.000000001063096079e+03
4.000000001905068984e+03
4.000000000603656190e+03
4.000000001908664217e+03
4.000000003204622772e+03
4.000000004005928076e+03
4.000000005462545687e+03
4.000000007519263363e+03
4.000000005287709428e+03
4.000000005392385901e+03
4.000000004503117452e+03
4.000000005814272754e+03
4.000000008294804502e+03
4.000000010837197351e+03
4.000000008330353012e+03
4.000000009277255685e+03
4.000000010034711522e+03
4.000000011630464087e+03
4.000000014148700757e+03
4.000000014417600596e+03
4.000000010229770396e+03
4.000000014851260403e+03
4.000000016421463442e+03
4.000000017679577923e+03
4.000000016714775029e+03
4.000000011673225345e+03
4.000000010325054063e+03
4.000000010944685982e+03
4.000000013179659163e+03
4.000000014347887827e+03
4.000000013410653537e+03
4.000000017272554942e+03
4.000000017432485947e+03
4.000000018531928617e+03
4.000000020748771476e+03
4.000000024156162908e+03
4.000000030432091080e+03
4.000000034074945233e+03
4.000000034048231100e+03
4.000000039725598526e+03
4.000000037844344661e+03
4.000000032478275443e+03
4.000000035198334899e+03
4.000000042219432089e+03
4.000000044802515276e+03
4.000000043325895604e+03
4.000000042262318402e+03
4.000000041426193548e+03
4.000000040716334752e+03
4.000000040116450691e+03
4.000000038341653635e+03
4.000000038157591007e+03
4.000000032548940908e+03
4.000000033384544167e+03
4.000000027975841022e+03
4.000000034016917652e+03
4.000000023098207294e+03
4.000000020219310045e+03
4.000000016499348021e+03
4.000000027552285246e+03
4.000000038949486225e+03
4.000000043833347718e+03
4.000000055687862641e+03
4.000000050462019772e+03
4.000000046822767672e+03
4.000000041959433020e+03
4.000000043591724534e+03
4.000000032475795251e+03
4.000000043899469347e+03
4.000000041455979954e+03
4.000000046985366225e+03
4.000000051341234212e+03
4.000000054486778936e+03
4.000000054089062814e+03
4.000000065938594616e+03
4.000000049799371027e+03
4.000000057913729052e+03
4.000000045402093292e+03
4.000000055479158618e+03
4.000000066452921146e+03
4.000000058588595948e+03
4.000000062097303726e+03
4.000000052874623179e+03
4.000000054113030274e+03
4.000000052541384775e+03
4.000000052199294259e+03
4.000000044065283419e+03
4.000000037079360027e+03
4.000000042172425765e+03
4.000000043196407660e+03
4.000000042971222683e+03
4.000000067972911893e+03
4.000000073315207828e+03
4.000000080374259596e+03
4.000000081559507635e+03
4.000000092225514891e+03
4.000000084186153344e+03
4.000000081897297150e+03
4.000000085522189693e+03
4.000000065996086050e+03
4.000000065217289830e+03
4.000000061489842665e+03
4.000000067775166372e+03
4.000000038020085412e+03
4.000000038675856104e+03
4.000000049434018820e+03
4.000000059953308210e+03
4.000000077452091318e+03
4.000000062296433953e+03
4.000000062282587805e+03
4.000000062091390646e+03
4.000000056680617945e+03
4.000000061870672198e+03
4.000000038541209051e+03
4.000000044140503633e+03
4.000000054225877193e+03
4.000000065680306307e+03
4.000000104279238258e+03
4.000000109207243895e+03
4.000000102506098756e+03
4.000000094231596449e+03
4.000000102162913208e+03
4.000000118348155866e+03
4.000000141123149660e+03
4.000000136093847232e+03
4.000000132852290335e+03
4.000000139233552545e+03
4.000000122623978314e+03
4.000000107898895749e+03
4.000000105782786704e+03
4.000000132611995014e+03
4.000000126914018438e+03
4.000000139659402521e+03
4.000000160423405760e+03
4.000000167664853052e+03
4.000000121941227462e+03
4.000000123800686197e+03
4.000000120343045182e+03
4.000000105581864773e+03
4.000000104616457065e+03
4.000000128220846364e+03
4.000000129937046040e+03
4.000000139389319429e+03
4.000000136490634304e+03
4.000000120543556932e+03
4.000000091562886155e+03
4.000000097117176665e+03
4.000000088009318461e+03
4.000000066638948283e+03
4.000000067789686454e+03
4.000000079031257428e+03
4.000000091930424333e+03
4.000000138805058214e+03
4.000000097130978702e+03
4.000000089298187049e+03
4.000000067036358359e+03
4.000000023174452963e+03
4.000000028982163258e+03
3.999999999918080903e+03
4.000000014797491076e+03
4.000000014637359982e+03
3.999999965092080856e+03
3.999999948283701542e+03
3.999999906627987002e+03
3.999999912291813416e+03
3.999999897184932706e+03
3.999999955668218263e+03
3.999999979703805366e+03
3.999999995112097167e+03
3.999999993187999280e+03
3.999999982323607128e+03
4.000000014271281543e+03
3.999999977198496708e+03
4.000000007379778708e+03
4.000000033937836179e+03
4.000000016282203887e+03
4.000000007050311979e+03
3.999999952313547510e+03
3.999999961212351991e+03
3.999999981193923304e+03
3.999999965805341162e+03
3.999999905397378825e+03
3.999999941649050015e+03
3.999999912719320491e+03
3.999999912610215233e+03
3.999999890401766152e+03
3.999999950829711452e+03
3.999999951626500206e+03
3.999999900363099641e+03
3.999999844255556582e+03
3.999999825180218977e+03
3.999999799572338361e+03
3.999999792340248405e+03
3.999999777016374537e+03
3.999999860916247599e+03
3.999999849139635444e+03
3.999999840361668248e+03
3.999999893436254752e+03
3.999999951005869207e+03
3.999999971841866682e+03
3.999999971824838667e+03
3.999999998278488420e+03
4.000000015446939415e+03
4.000000024289892281e+03
3.999999985231881510e+03
3.999999923776573723e+03
3.999999932566186999e+03
3.999999884480476339e+03
3.999999892078481480e+03
3.999999935300296329e+03
3.999999895072505296e+03
3.999999913374564130e+03
3.999999911961365797e+03
3.999999902035557170e+03
3.999999867973821893e+03
3.999999835211434402e+03
3.999999865690269417e+03
3.999999897380590482e+03
3.999999949580190787e+03
3.999999925803419956e+03
3.999999809963100688e+03
3.999999819522206963e+03
3.999999840628700440e+03
3.999999898754343121e+03
3.999999898243513144e+03
3.999999864671214709e+03
3.999999860996316329e+03
3.999999776261002808e+03
3.999999736095800927e+03
3.999999734400368652e+03
3.999999738321280347e+03
3.999999813704571807e+03
3.999999764480202430e+03
3.999999735642897122e+03
3.999999707865553773e+03
3.999999764481089642e+03
3.999999778321141093e+03
3.999999767852595596e+03
3.999999782122629313e+03
3.999999738827122201e+03
3.999999794343210397e+03
3.999999802560140779e+03
3.999999733439721695e+03
3.999999797574653257e+03
3.999999764233039969e+03
3.999999773805172481e+03
3.999999767434965634e+03
3.999999776504565943e+03
3.999999771083838368e+03
3.999999790776631471e+03
3.999999798245285092e+03
3.999999786000514177e+03
3.999999685267832319e+03
3.999999606557215429e+03
3.999999697546395055e+03
3.999999687884534069e+03
3.999999612987780438e+03
3.999999626800133228e+03
3.999999564219267540e+03
3.999999569213792256e+03
3.999999545286342709e+03
3.999999528137340349e+03
3.999999496222170364e+03
3.999999488124818981e+03
3.999999577509059691e+03
3.999999615881335103e+03
3.999999663078469439e+03
3.999999644175944468e+03
3.999999577127615339e+03
3.999999582726405151e+03
3.999999610312192999e+03
3.999999528432263560e+03
3.999999576540219550e+03
3.999999584571805372e+03
3.999999660427235540e+03
3.999999631516624049e+03
3.999999503967235796e+03
3.999999369578488313e+03
3.999999348026392909e+03
3.999999336671492074e+03
3.999999357359680289e+03
3.999999402643797112e+03
3.999999350123046497e+03
3.999999386037527074e+03
3.999999261374347043e+03
3.999999180267925112e+03
3.999999242175623749e+03
3.999999289914448127e+03
3.999999297217108506e+03
3.999999278036504165e+03
3.999999461353604602e+03
3.999999452530755661e+03
3.999999444408214458e+03
3.999999459219704477e+03
3.999999603848333209e+03
3.999999525093165175e+03
3.999999628720676810e+03
3.999999530710300405e+03
3.999999377331986125e+03
3.999999372587542439e+03
3.999999428392367463e+03
3.999999524561038015e+03
3.999999538967151693e+03
3.999999553570336502e+03
3.999999649173099442e+03
3.999999724705427980e+03
3.999999614239982293e+03
3.999999697126193041e+03
3.999999768045436667e+03
3.999999896221996096e+03
3.999999931420371922e+03
4.000000022864740004e+03
4.000000053377183121e+03
4.000000110659113489e+03
4.000000121150046652e+03
4.000000055913473261e+03
3.999999986299816101e+03
3.999999913643349373e+03
4.000000041258083456e+03
3.999999941491998470e+03
3.999999942469059988e+03
3.999999915856010375e+03
3.999999773856341562e+03
3.999999710560073254e+03
3.999999726568755250e+03
3.999999839890940166e+03
3.999999807927890288e+03
3.999999724802691162e+03
3.999999878493294091e+03
3.999999943964623526e+03
3.999999729579059931e+03
3.999999629543344327e+03
3.999999682193904391e+03
3.999999553563475729e+03
3.999999637837779574e+03
3.999999550853474830e+03
3.999999593462759549e+03
3.999999522152419559e+03
3.999999421970600451e+03
3.999999364383744251e+03
3.999999485517349967e+03
3.999999430368313824e+03
3.999999562216413779e+03
3.999999610093153024e+03
3.999999355389692028e+03
3.999999145741888242e+03
3.999999223402357529e+03
3.999999304163579836e+03
3.999999511765809530e+03
3.999999466312950972e+03
3.999999434483006098e+03
3.999999371222021182e+03
3.999999418721811708e+03
3.999999510854988785e+03
3.999999480912176750e+03
3.999999598050595978e+03
3.999999732809390025e+03
3.999999663175809019e+03
3.999999548278872680e+03
3.999999489788359824e+03
3.999999586668982374e+03
3.999999555222691924e+03
3.999999706458366745e+03
3.999999888024373831e+03
3.999999683804292090e+03
3.999999765102472338e+03
3.999999602559070809e+03
3.999999575424889827e+03
3.999999561450491001e+03
3.999999502698526612e+03
3.999999475450799764e+03
3.999999308981809918e+03
3.999999330608475248e+03
3.999999341525437558e+03
3.999999310195242742e+03
3.999999336414698519e+03
3.999999367133460055e+03
3.999999491211718578e+03
3.999999387064079201e+03
3.999999506736675357e+03
3.999999438498876771e+03
3.999999303080904610e+03
3.999999241733787130e+03
3.999999225551668133e+03
3.999999324560320019e+03
3.999999217300944565e+03
3.999999069173102725e+03
3.999998902720305523e+03
3.999999037592779132e+03
3.999999171098921579e+03
3.999999219604527298e+03
3.999999047460010388e+03
3.999998902371203712e+03
3.999998844883022230e+03
3.999998888689693558e+03
3.999998997445948135e+03
3.999999112507356585e+03
3.999999285907422291e+03
3.999999215707267012e+03
3.999999313670343781e+03
3.999999345806333167e+03
3.999999208316963632e+03
3.999998892527128191e+03
3.999998929737609160e+03
3.999999071504013500e+03
3.999999115614214134e+03
3.999998992477700085e+03
3.999998863955482648e+03
3.999998804699527227e+03
3.999998705744623294e+03
3.999998647724163220e+03
3.999998495106425253e+03
3.999998292592709731e+03
3.999998329104313598e+03
3.999998146098229881e+03
3.999998050832518402e+03
3.999997791261512702e+03
3.999997986395231692e+03
3.999997768054246080e+03
3.999997860523676081e+03
3.999998073944558655e+03
3.999998283645728407e+03
3.999998240740254005e+03
3.999998170340862544e+03
3.999998274673248943e+03
3.999998363570418860e+03
3.999998292904012487e+03
3.999998183941091156e+03
3.999998275922400353e+03
3.999998487881649908e+03
3.999998673427934591e+03
3.999998810726867760e+03
3.999998880727021970e+03
3.999999126982871530e+03
3.999999024028628810e+03
3.999999205203667771e+03
3.999998976736887926e+03
3.999999016700901393e+03
3.999999101744904692e+03
3.999999478919117792e+03
3.999999607869042393e+03
3.999999744528344308e+03
3.999999715233744155e+03
3.999999640196123437e+03
3.999999823940018814e+03
3.999999704377987655e+03
3.999999702399998114e+03
3.999999511078078285e+03
3.999999830792749890e+03
4.000000133078242925e+03
4.000000163437162882e+03
4.000000552741054435e+03
4.000000438163096078e+03
4.000000548208045529e+03
4.000000208694236335e+03
4.000000132281271362e+03
3.999999758059887881e+03
3.999999851837162623e+03
3.999999720375836660e+03
3.999999809071522122e+03
3.999999802525115683e+03
3.999999625875986112e+03
3.999999697503377320e+03
3.999999798682891196e+03
3.999999972590825564e+03
4.000000060982315517e+03
4.000000132495719299e+03
3.999999978454382472e+03
4.000000096971486073e+03
4.000000009893871265e+03
3.999999819390375251e+03
3.999999841854276383e+03
3.999999822097273409e+03
4.000000365479423635e+03
4.000000655346133499e+03
4.000000511591351369e+03
4.000000558239213660e+03
4.000000952715526637e+03
4.000000862715980020e+03
4.000000682051289004e+03
4.000000795792344888e+03
4.000001013973619138e+03
4.000001326639288436e+03
4.000001420192827936e+03
4.000001439939091142e+03
4.000001570339701630e+03
4.000001779984921086e+03
4.000002081518849536e+03
4.000001969472220026e+03
4.000002423261738386e+03
4.000002644084506755e+03
4.000002624121017561e+03
4.000002493804368441e+03
4.000002309628595413e+03
4.000002752760281510e+03
4.000002170037223095e+03
4.000002006210081618e+03
4.000001896225158362e+03
4.000002046116996098e+03
4.000002107403581704e+03
4.000002157309673294e+03
4.000002323567246549e+03
4.000002266211866754e+03
4.000002487089835540e+03
4.000002570793773884e+03
4.000002793278859826e+03
4.000002655523317571e+03
4.000002868355975806e+03
4.000003231818701806e+03
4.000003175385205395e+03
4.000003017790045760e+03
4.000002898597842432e+03
4.000002927812890903e+03
4.000003146290488075e+03
4.000003118698757589e+03
4.000003047637787859e+03
4.000002865305734758e+03
4.000002819070197802e+03
4.000002956276476198e+03
4.000002876298510273e+03
4.000003074706961797e+03
4.000003444164577559e+03
4.000003447355833032e+03
4.000003651123604413e+03
4.000003735734788734e+03
4.000003843174796202e+03
4.000003986643541339e+03
4.000004364462708509e+03
4.000003878190007072e+03
4.000004316888323956e+03
4.000004680945625296e+03
4.000004482811156777e+03
4.000004383421399780e+03
4.000004283739783659e+03
4.000004524373812728e+03
4.000004904169868951e+03
4.000004855099772158e+03
4.000004723635327082e+03
4.000004916746691379e+03
4.000004748663028749e+03
4.000004817232272671e+03
4.000004853414081026e+03
4.000004723677412585e+03
4.000004756510450989e+03
4.000004846453305618e+03
4.000005021903387842e+03
4.000005258573538413e+03
4.000005174882804567e+03
4.000005779774404346e+03
4.000005760367942457e+03
4.000005867070966360e+03
4.000005900409976675e+03
4.000006095169742366e+03
4.000006366540695581e+03
4.000006450411290643e+03
4.000006457917925673e+03
4.000006361030039898e+03
4.000006227487122032e+03
4.000005896407948512e+03
4.000006324267124455e+03
4.000006519913332795e+03
4.000006549287037615e+03
4.000006423338858440e+03
4.000006529639278142e+03
4.000007313050977245e+03
4.000007996125143109e+03
4.000008077584554030e+03
4.000008036551868827e+03
4.000007593140733206e+03
4.000006977417540838e+03
4.000006901832789026e+03
4.000007101401547970e+03
4.000007372365463198e+03
4.000007556988202396e+03
4.000007758955589452e+03
4.000007872241139012e+03
4.000008036952118800e+03
4.000008073154175690e+03
4.000007884053053203e+03
4.000007597990128943e+03
4.000007578391171137e+03
4.000007623102515481e+03
4.000007500716404593e+03
4.000007828034365048e+03
4.000007975956624250e+03
4.000008234612204888e+03
4.000008499101264533e+03
4.000008822290094486e+03
4.000008572795417876e+03
4.000008462213943858e+03
4.000008608070851096e+03
4.000008324669847298e+03
4.000008109234408948e+03
4.000008323191788350e+03
4.000008187148644993e+03
4.000008337979790667e+03
4.000008013698365176e+03
4.000007840095847769e+03
4.000007846620071632e+03
4.000008189489754841e+03
4.000008081497977400e+03
4.000008019135428185e+03
4.000007976626090567e+03
4.000007565539720872e+03
4.000006828465549916e+03
4.000006830648863343e+03
4.000007038428193937e+03
4.000006893652299368e+03
4.000007339029440573e+03
4.000006650801286469e+03
4.000006166510312141e+03
4.000006445020761475e+03
4.000006338772260733e+03
4.000006472826226400e+03
4.000006345079103085e+03
4.000006182703887134e+03
4.000006479361252332e+03
4.000006350692909564e+03
4.000006308134233677e+03
4.000006401937168448e+03
4.000006864848455280e+03
4.000006938868072666e+03
4.000006809594549395e+03
4.000006597197944757e+03
4.000006649554070464e+03
4.000006748340079412e+03
4.000006481582993729e+03
4.000006331062476420e+03
4.000006619853869779e+03
4.000006645017247138e+03
4.000007224724912703e+03
4.000007343250863869e+03
4.000007221923292036e+03
4.000007618673420893e+03
4.000007343382574618e+03
4.000007149062597819e+03
4.000007300133722310e+03
4.000007138094522361e+03
4.000007526753244292e+03
4.000007790370862494e+03
4.000007954962564781e+03
4.000008256710984824e+03
4.000008339710340806e+03
4.000008437149504061e+03
4.000007881771773555e+03
4.000008173068040378e+03
4.000008656986928145e+03
4.000008762920410391e+03
4.000009116245059886e+03
4.000008864518291375e+03
4.000009254351880827e+03
4.000009725172163598e+03
4.000010030606589225e+03
4.000010274944249886e+03
4.000010294516585873e+03
4.000010753908613424e+03
4.000010758629048723e+03
4.000010677394383947e+03
4.000011484938873309e+03
4.000011790267141350e+03
4.000011166195683472e+03
4.000011755077538055e+03
4.000011733117668882e+03
4.000011414285133014e+03
4.000011313699368657e+03
4.000011022932118067e+03
4.000010911233726802e+03
4.000011335411331402e+03
4.000011267638376921e+03
4.000011794428178291e+03
4.000011412563997965e+03
4.000011487151810343e+03
4.000011704102062595e+03
4.000011536882755991e+03
4.000011216872857403e+03
4.000011069580651565e+03
4.000011125516296033e+03
4.000011169341307323e+03
4.000011284015489309e+03
4.000011250373177518e+03
4.000010290144847659e+03
4.000010257541831379e+03
4.000009698222619591e+03
4.000010564281358256e+03
4.000010327788755603e+03
4.000010157469607293e+03
4.000010239260234357e+03
4.000010430815121708e+03
4.000010100305812102e+03
4.000010888825359871e+03
4.000010899288327892e+03
4.000010922165845386e+03
4.000010184304475843e+03
4.000010060379037895e+03
4.000009837049611633e+03
4.000009895994692670e+03
4.000009488490399235e+03
4.000009465677168919e+03
4.000009330483878784e+03
4.000009641051895414e+03
4.000009911404320519e+03
4.000010055526337510e+03
4.000010785321996991e+03
4.000010620619326346e+03
4.000010798829695432e+03
4.000010557324990714e+03
4.000010209623023457e+03
4.000010593746862014e+03
4.000011237004699069e+03
4.000011754130007375e+03
4.000012008624390091e+03
4.000011014253831036e+03
4.000010758673894998e+03
4.000011510116296449e+03
4.000011280917760814e+03
4.000010990151779879e+03
4.000010919545962224e+03
4.000011211789044410e+03
4.000010711910709688e+03
4.000010069275301703e+03
4.000009621244345453e+03
4.000009462914757933e+03
4.000009535981820591e+03
4.000009262676324397e+03
4.000008845537952311e+03
4.000009173515108159e+03
4.000009473345368860e+03
4.000008735034823530e+03
4.000008894510265691e+03
4.000008431212585947e+03
4.000008785394632014e+03
4.000008237311702487e+03
4.000008115726744109e+03
4.000008460761650895e+03
4.000009224666204773e+03
4.000009703642055683e+03
4.000009759150796981e+03
4.000009156046202406e+03
4.000008675061278154e+03
4.000008807718007574e+03
4.000009047720735907e+03
4.000008971199408279e+03
4.000008905656584375e+03
4.000008963952320755e+03
4.000009101234909849e+03
4.000008518106526026e+03
4.000008593882081641e+03
4.000008531840415799e+03
4.000008956575069533e+03
4.000007770486140089e+03
4.000008053195638240e+03
4.000008795383343113e+03
4.000008862007142397e+03
4.000009462697321851e+03
4.000009262974680496e+03
4.000009815685627473e+03
4.000010263148873946e+03
4.000010345105738907e+03
4.000010148292359645e+03
4.000010113834292952e+03
4.000010450926914928e+03
4.000010610861242640e+03
4.000010858340534469e+03
4.000011207364412257e+03
4.000011493044503368e+03
4.000011433059143201e+03
4.000010815412436841e+03
4.000010769815180538e+03
4.000011007786987648e+03
4.000010189571416504e+03
4.000010295903316091e+03
4.000010373262204666e+03
4.000010372907068358e+03
4.000010148274873245e+03
4.000010024707004959e+03
4.000009998459565850e+03
4.000010151339626645e+03
4.000009519200099930e+03
4.000009292115390053e+03
4.000009664953707670e+03
4.000010284884255725e+03
4.000010057619923373e+03
4.000009877222785690e+03
4.000009823418183714e+03
4.000009463246819450e+03
4.000009544936278417e+03
4.000008904203842121e+03
4.000009062502528650e+03
4.000008591086209435e+03
4.000008838886248668e+03
4.000008733536993077e+03
4.000009375439899486e+03
4.000009259894181469e+03
4.000010139640235138e+03
4.000010710931767790e+03
4.000011038206250760e+03
4.000011335063534261e+03
4.000012112160822198e+03
4.000012391951034260e+03
4.000012085040258171e+03
4.000011597994784097e+03
4.000011130284593946e+03
4.000011456223568985e+03
4.000011441218229720e+03
4.000011354152190506e+03
4.000010776882502796e+03
4.000010315786201772e+03
4.000009051792298578e+03
4.000009014776820095e+03
4.000009238235760677e+03
4.000010016732348049e+03
4.000010904320963164e+03
4.000010416009934488e+03
4.000010575897205399e+03
4.000011216623266591e+03
4.000011001272288922e+03
4.000010691497833250e+03
4.000010670646371636e+03
4.000011742174816845e+03
4.000011520941275194e+03
4.000011236213505981e+03
4.000010753850832771e+03
4.000011078073545832e+03
4.000011206274325104e+03
4.000011343182346536e+03
4.000011695144889018e+03
4.000011950338141105e+03
4.000011510467390053e+03
4.000011921815576443e+03
4.000012635107203096e+03
4.000012530092387806e+03
4.000013014002342970e+03
4.000012705127327536e+03
4.000012166683884516e+03
4.000011967305247254e+03
4.000011182918691247e+03
4.000011076014101491e+03
4.000011893131465058e+03
4.000011499141084187e+03
4.000011412119672968e+03
4.000011622371724116e+03
4.000011984223807303e+03
4.000011726719157195e+03
4.000011727940136552e+03
4.000012058725604675e+03
4.000011850634647999e+03
4.000012014021001505e+03
4.000011985635177098e+03
4.000011784844373778e+03
4.000011129757865547e+03
4.000010683013334983e+03
4.000009947878560979e+03
4.000008739162672555e+03
4.000008809841650418e+03
4.000008258871381258e+03
4.000008440707529189e+03
4.000007368267127731e+03
4.000007471479936612e+03
4.000007626090615759e+03
4.000008488717451655e+03
4.000008290532158298e+03
4.000008324080119564e+03
4.000008754978482557e+03
4.000009032085898070e+03
4.000008735666167922e+03
4.000008968629353149e+03
4.000009640604000197e+03
4.000009966431996872e+03
4.000009360940359784e+03
4.000009070955102743e+03
4.000009070207732293e+03
4.000008901635895199e+03
4.000009369519187203e+03
4.000008785854513462e+03
4.000008898965009848e+03
4.000008488266529184e+03
4.000008832241026994e+03
4.000008578530013438e+03
4.000008297609474539e+03
4.000008224882442846e+03
4.000008644937456666e+03
4.000008186581967038e+03
4.000007798508293035e+03
4.000006747819303200e+03
4.000007473235447833e+03
4.000005954693081094e+03
4.000005543612094243e+03
4.000006446219622831e+03
4.000005874090757061e+03
4.000005481064957621e+03
4.000005300483962401e+03
4.000004919131236420e+03
4.000004279689449049e+03
4.000003289361912721e+03
4.000004725023029096e+03
4.000005269676443277e+03
4.000005499066606262e+03
4.000005171785399853e+03
4.000005265632067221e+03
4.000005288184691381e+03
4.000006081999585149e+03
4.000006478587777565e+03
4.000006427085093492e+03
4.000006686928175895e+03
4.000007557264429124e+03
4.000008282900730137e+03
4.000008903381376513e+03
4.000009625484547996e+03
4.000008147505603119e+03
4.000008875206256562e+03
4.000008966295728442e+03
4.000008664032709021e+03
4.000009454904891300e+03
4.000008320717310198e+03
4.000007873750341787e+03
4.000008244670922977e+03
4.000008425762231582e+03
4.000008849905399984e+03
4.000008930824229537e+03
4.000009510946204045e+03
4.000009356994502014e+03
4.000009279842844080e+03
4.000008704575712272e+03
4.000008967915076028e+03
4.000009698655213469e+03
4.000009977286059893e+03
4.000010150766026527e+03
4.000009641526045471e+03
4.000009325748159426e+03
4.000009248727974864e+03
4.000009747239871103e+03
4.000009522852584723e+03
4.000009151804282283e+03
4.000009461948147873e+03
4.000009806285478589e+03
4.000008872557903487e+03
4.000008786711219273e+03
4.000008459051297905e+03
4.000008396560392612e+03
4.000007743683203898e+03
4.000008273039776668e+03
4.000008387418256007e+03
4.000008493539002302e+03
4.000008756504716075e+03
4.000008659681535391e+03
4.000009608811429644e+03
4.000009893068110159e+03
4.000010271756314069e+03
4.000010323632435757e+03
4.000010662012822195e+03
4.000010974523165260e+03
4.000011036690822493e+03
4.000011242908190525e+03
4.000011465856668565e+03
4.000011801365718384e+03
4.000012083734273801e+03
4.000012563053032409e+03
4.000012080840188446e+03
4.000010762636260552e+03
4.000010957500760469e+03
4.000011194664991308e+03
4.000010685183316127e+03
4.000010990259807386e+03
4.000012079407781130e+03
4.000011847655081510e+03
4.000012073089388650e+03
4.000011285449773368e+03
4.000011050705777961e+03
4.000011748871443615e+03
4.000011602025600951e+03
4.000011645784783923e+03
4.000012047529581650e+03
4.000011630773813522e+03
4.000011464399363376e+03
4.000011901302034403e+03
4.000011983323916866e+03
4.000011151277431054e+03
4.000011393043377666e+03
4.000011355320451457e+03
4.000011518010996497e+03
4.000011514396906023e+03
4.000011378416715615e+03
4.000010688709773603e+03
4.000010321196059522e+03
4.000011274043017693e+03
4.000011520141631081e+03
4.000010846426628177e+03
4.000011178474304415e+03
4.000010967562221140e+03
4.000011182468225343e+03
4.000011703978343576e+03
4.000011041664323784e+03
4.000010988517614805e+03
4.000011448505455519e+03
4.000011718786617166e+03
4.000010905801852005e+03
4.000010561739887180e+03
4.000009923042775426e+03
4.000010373621364124e+03
4.000009789884789370e+03
4.000010157776671349e+03
4.000010162308486088e+03
4.000009888456571844e+03
4.000009973610008728e+03
4.000010761402446406e+03
4.000012136355489929e+03
4.000013013184506690e+03
4.000011690545115471e+03
4.000012533699951291e+03
4.000013591800382983e+03
4.000014807116331667e+03
4.000015478815943879e+03
4.000015413561076457e+03
4.000016148266737218e+03
4.000016818894948756e+03
4.000017160756500743e+03
4.000016706037405129e+03
4.000017062636934043e+03
4.000016507958257989e+03
4.000016288303545480e+03
4.000015513558774728e+03
4.000015948487534388e+03
4.000016358993583708e+03
4.000016634781378343e+03
4.000016583616731623e+03
4.000016942411748460e+03
4.000017028981912063e+03
4.000017306244412794e+03
4.000017808219793551e+03
4.000017802178876536e+03
4.000017010415375353e+03
4.000017476559653005e+03
4.000017444565103688e+03
4.000017157991596832e+03
4.000017459656734900e+03
4.000016553426809878e+03
4.000016261180940091e+03
4.000016309176395680e+03
4.000015383226049380e+03
4.000015487106461023e+03
4.000015570197962461e+03
4.000014799504502662e+03
4.000014633761244568e+03
4.000014857517773635e+03
4.000013896006049436e+03
4.000013431841223792e+03
4.000013408911061106e+03
4.000014359050659095e+03
4.000014501626334095e+03
4.000013506386996141e+03
4.000014309471308934e+03
4.000014296842862223e+03
4.000015455663510238e+03
4.000016336303215667e+03
4.000014411026678317e+03
4.000014569474903965e+03
4.000015540772747045e+03
4.000015406810970035e+03
4.000014588000088224e+03
4.000014634712320458e+03
4.000013988391356634e+03
4.000013099634084483e+03
4.000011755224405988e+03
4.000011408579235194e+03
4.000011631641836630e+03
4.000012137182156948e+03
4.000013100276206387e+03
4.000013602797758267e+03
4.000014902622687714e+03
4.000015877353035648e+03
4.000015316722610805e+03
4.000017062322189759e+03
4.000016998540061195e+03
4.000017046404951543e+03
4.000017014353945342e+03
4.000015302717619761e+03
4.000015793120599483e+03
4.000015545731787370e+03
4.000014668343012545e+03
4.000015554775071905e+03
4.000015099361130524e+03
4.000015889223716840e+03
4.000015973853393461e+03
4.000017147938716334e+03
4.000017062591569356e+03
4.000017337227046937e+03
4.000017238922984234e+03
4.000017235253144463e+03
4.000017065039141016e+03
4.000016892008693503e+03
4.000016932975214331e+03
4.000017431255511838e+03
4.000017378121121965e+03
4.000017629416567615e+03
4.000016973332090856e+03
4.000015799805412826e+03
4.000015646116729386e+03
4.000014725751912010e+03
4.000015072731936925e+03
4.000015330747155076e+03
4.000014919224929599e+03
4.000015661509916754e+03
4.000015369743407518e+03
4.000015281745661923e+03
4.000015095193679372e+03
4.000015920479833312e+03
4.000015860659092596e+03
4.000015178356442902e+03
4.000015403663066991e+03
4.000016630722398077e+03
4.000016903510193970e+03
4.000016856965002717e+03
4.000016699908711416e+03
4.000016530460061858e+03
4.000016690039866262e+03
4.000016189757632219e+03
4.000016466526565182e+03
4.000017161665706226e+03
4.000016658998333696e+03
4.000016522090522358e+03
4.000016036164255183e+03
4.000016136759817982e+03
4.000017324864685179e+03
4.000015602804312948e+03
4.000017196180243900e+03
4.000017123235641520e+03
4.000016706838924620e+03
4.000015733927245037e+03
4.000015729452090909e+03
4.000015351972408098e+03
4.000016297744786243e+03
4.000016424363579063e+03
4.000017006391257382e+03
4.000017706838293179e+03
4.000018670473528800e+03
4.000017817398848820e+03
4.000016765042669249e+03
4.000017798160726215e+03
4.000017917643878263e+03
4.000017058209523384e+03
4.000016715079771529e+03
4.000015732590623429e+03
4.000015677045407301e+03
4.000015676072958740e+03
4.000015187721292477e+03
4.000015949209885548e+03
4.000015367749309007e+03
4.000014788886415772e+03
4.000013990426657529e+03
4.000013688231358628e+03
4.000013030979991072e+03
4.000013225982709173e+03
4.000012485449888572e+03
4.000012326277600096e+03
4.000012611393360203e+03
4.000013363012948048e+03
4.000013220613526755e+03
4.000012943703828114e+03
4.000012000454080408e+03
4.000011339332457283e+03
4.000012444704577774e+03
4.000011927657670640e+03
4.000012371321139199e+03
4.000012848006479999e+03
4.000012777044968061e+03
4.000013583271506832e+03
4.000011412807616125e+03
4.000010928008236988e+03
4.000009951398008070e+03
4.000009238057093626e+03
4.000008851205575411e+03
4.000009182348976537e+03
4.000009306736207236e+03
4.000010189825982707e+03
4.000010597323874663e+03
4.000010126312425655e+03
4.000010005873855789e+03
4.000009794181343750e+03
4.000009585520542714e+03
4.000009450421528982e+03
4.000010689314005504e+03
4.000010239599203942e+03
4.000010573415512681e+03
4.000010461715982728e+03
4.000010541421496782e+03
4.000011146157991334e+03
4.000010377307829003e+03
4.000010165120720558e+03
4.000011110876048861e+03
4.000011617829553870e+03
4.000011542390318937e+03
4.000010572620654330e+03
4.000010511504658098e+03
4.000009701585431230e+03
4.000009350866345812e+03
4.000009767233624189e+03
4.000009316850242158e+03
4.000008946091120833e+03
4.000008813752127935e+03
4.000008838116371408e+03
4.000009212992907578e+03
4.000010275607754011e+03
4.000011136123309370e+03
4.000009633513139761e+03
4.000007580365933791e+03
4.000006026395157278e+03
4.000005367264947836e+03
4.000005094356907193e+03
4.000006352696100294e+03
4.000006539099028942e+03
4.000006891626840570e+03
4.000007257361418397e+03
4.000008803441489363e+03
4.000009273114234475e+03
4.000009174502123642e+03
4.000009210317531597e+03
4.000009907799472785e+03
4.000010450716488776e+03
4.000011858436996135e+03
4.000011731839812001e+03
4.000010422046657368e+03
4.000010005482689394e+03
4.000010441717008234e+03
4.000010027518208517e+03
4.000009239536448149e+03
4.000009408136533239e+03
4.000010316895940377e+03
4.000009061343344456e+03
4.000009368716038807e+03
4.000008410094365900e+03
4.000008329014437095e+03
4.000009905798463024e+03
4.000010356903510456e+03
4.000010144654252144e+03
4.000009065883247786e+03
4.000009222314075032e+03
4.000008791864487648e+03
4.000008054458357037e+03
4.000007610820413902e+03
4.000005295116568504e+03
4.000004148210718540e+03
4.000004819840345135e+03
4.000004537472903394e+03
4.000004665366936933e+03
4.000005004700927657e+03
4.000006765150453703e+03
4.000007939247210288e+03
4.000007203083807326e+03
4.000007082039721354e+03
4.000005840414585236e+03
4.000006257211709453e+03
4.000007411255463921e+03
4.000006727343150487e+03
4.000006263831029628e+03
4.000007211528774860e+03
4.000007561409638129e+03
4.000007221867284443e+03
4.000007101683007022e+03
4.000006833189361259e+03
4.000008502311359280e+03
4.000009275471493311e+03
4.000008185337846044e+03
4.000008173388160685e+03
4.000007908802452675e+03
4.000007411039437102e+03
4.000006332185823794e+03
4.000006771857704734e+03
4.000008623333307241e+03
4.000007789079436861e+03
4.000006637560325998e+03
4.000006627411436057e+03
4.000006548969257437e+03
4.000006229128507130e+03
4.000006375078763540e+03
4.000005786105752577e+03
4.000004952336188126e+03
4.000003080352122652e+03
4.000002589117551452e+03
4.000003668147616736e+03
4.000003876945891534e+03
4.000003260046716605e+03
4.000005287283425787e+03
4.000007080722565206e+03
4.000005504558160283e+03
4.000007250722992012e+03
4.000007839311657335e+03
4.000007370877066933e+03
4.000009204687420151e+03
4.000008580701509345e+03
4.000007938886212287e+03
4.000008390468405651e+03
4.000008211193110128e+03
4.000008964482034571e+03
4.000007899128817826e+03
4.000008508597715263e+03
4.000010233712858735e+03
4.000009886015395296e+03
4.000009064669536656e+03
4.000008506157475495e+03
4.000008273480800199e+03
4.000008668113749081e+03
4.000008251484243829e+03
4.000008434274624960e+03
4.000009511838154594e+03
4.000009761488195636e+03
4.000009793083495879e+03
4.000009787233855604e+03
4.000008849400698637e+03
4.000008773250486229e+03
4.000009229224922819e+03
4.000009518732860215e+03
4.000009376961420458e+03
4.000009994848659062e+03
4.000009777521273918e+03
4.000008774894466569e+03
4.000009190618853609e+03
4.000010668017778244e+03
4.000009870906083052e+03
4.000007859418935823e+03
4.000009440403442113e+03
4.000010240017213619e+03
4.000009821656530676e+03
4.000008600926754752e+03
4.000008139212025981e+03
4.000009444109353353e+03
4.000010069236036998e+03
4.000011396428115404e+03
4.000010712768570556e+03
4.000010306355269677e+03
4.000010504170025342e+03
4.000012420910226410e+03
4.000012727137715046e+03
4.000010853022994979e+03
4.000011147145345603e+03
4.000010727987793416e+03
4.000010857042824682e+03
4.000011398403121802e+03
4.000010873050550344e+03
4.000010967037991577e+03
4.000009014610867325e+03
4.000009343425290808e+03
4.000007435929381245e+03
4.000007323605610054e+03
4.000008148145920586e+03
4.000007556837254015e+03
4.000006308541157978e+03
4.000007699799027705e+03
4.000008397088632591e+03
4.000008523476575647e+03
4.000007706084193615e+03
4.000007303628799491e+03
4.000006306840969955e+03
4.000007504975729717e+03
4.000006039214997145e+03
4.000004532486894277e+03
4.000005046585237778e+03
4.000003358519520589e+03
4.000004603473958468e+03
4.000004061754994382e+03
4.000003130472489829e+03
4.000002394107581495e+03
4.000001687085467438e+03
3.999999054525573683e+03
3.999999117125272278e+03
4.000000487256494125e+03
3.999997832982699492e+03
3.999997867637996478e+03
3.999997833834153880e+03
3.999997510106434675e+03
3.999996466559761302e+03
3.999995853365882795e+03
3.999997426431748409e+03
3.999997367349512842e+03
3.999998550940900259e+03
3.999998854607383237e+03
3.999997906217004584e+03
3.999999314672639230e+03
3.999999765085292893e+03
4.000000508478442953e+03
4.000000646566889827e+03
4.000000513925330779e+03
3.999998777159576093e+03
3.999998476977412793e+03
3.999996570348812838e+03
3.999997059574925970e+03
3.999999103467700479e+03
3.999998358482608637e+03
3.999997931219536895e+03
3.999997421332734575e+03
3.999996224550456191e+03
3.999995619748386162e+03
3.999994178301808461e+03
3.999993575283473092e+03
3.999989731936630960e+03
3.999990366249518502e+03
3.999990924178300702e+03
3.999989913820024867e+03
3.999988991513804194e+03
3.999988708179218065e+03
3.999988173346579060e+03
3.999988575365900033e+03
3.999987250905844576e+03
3.999987211380521330e+03
3.999987014205287778e+03
3.999987437500032684e+03
3.999987949196500722e+03
3.999987224288645848e+03
3.999988276760302142e+03
3.999988003382292391e+03
3.999989236364563567e+03
3.999988601336316151e+03
3.999989085297790098e+03
3.999990136280456227e+03
3.999990144433338173e+03
3.999990597813591194e+03
3.999991888944678522e+03
3.999989728388625281e+03
3.999990272109771013e+03
3.999988975003643191e+03
3.999989688288582329e+03
3.999991038415130788e+03
3.999990163002858935e+03
3.999990422610194855e+03
3.999991382195518327e+03
3.999990269975834963e+03
3.999989577650805586e+03
3.999988792448857112e+03
3.999988383628407973e+03
3.999989719046196115e+03
3.999990253029767246e+03
3.999990337642109807e+03
3.999989575913307817e+03
3.999988564619283352e+03
3.999987090074545449e+03
3.999987795136395562e+03
3.999986863759508196e+03
3.999988007021475369e+03
3.999987904387645813e+03
3.999988522030043896e+03
3.999987871651564092e+03
3.999989351752345556e+03
3.999989937414495671e+03
3.999989970523409738e+03
3.999988970276740474e+03
3.999988849008192574e+03
3.999988215032708013e+03
3.999985776164997787e+03
3.999984697426141793e+03
3.999984962498761888e+03
3.999984795787125677e+03
3.999983091648992286e+03
3.999983275783648878e+03
3.999981434133894254e+03
3.999980921100479918e+03
3.999980292270136488e+03
3.999979289559966219e+03
3.999979779745929136e+03
3.999981431557014730e+03
3.999982770387332039e+03
3.999982669396945766e+03
3.999984234495678720e+03
3.999984207057821095e+03
3.999984411136465042e+03
3.999982827724486924e+03
3.999981143555387462e+03
3.999978641294118916e+03
3.999978689376224338e+03
3.999978661259212913e+03
3.999978038951083818e+03
3.999978694884804554e+03
3.999978469466623210e+03
3.999978966981153917e+03
3.999980574719063497e+03
3.999980829748205906e+03
3.999980585198627978e+03
3.999979546614649280e+03
3.999980311649485429e+03
3.999980701292935919e+03
3.999980938337936550e+03
3.999979867207067400e+03
3.999980478886187939e+03
3.999979622340340484e+03
3.999978871987856110e+03
3.999979898589912409e+03
3.999980401672896278e+03
3.999981448845845080e+03
3.999982943097123098e+03
3.999983117853478234e+03
3.999984200226836947e+03
3.999988173303981057e+03
3.999987719635239046e+03
3.999988744880857212e+03
3.999989155034506894e+03
3.999989617157173143e+03
3.999987406566482605e+03
3.999987650740114532e+03
3.999988000485342582e+03
3.999988157254267662e+03
3.999988840427574814e+03
3.999987807951620653e+03
3.999988376315091045e+03
3.999988388864745957e+03
3.999988588334425003e+03
3.999989590822538503e+03
3.999986661198088314e+03
3.999985296495552575e+03
3.999985176075590516e+03
3.999986408789563484e+03
3.999983246188138764e+03
3.999983025186841132e+03
3.999982423781710622e+03
3.999982667880877216e+03
3.999980546080427757e+03
3.999980210487928161e+03
3.999980973844920754e+03
3.999980285604712662e+03
3.999981211610117953e+03
3.999981923529509913e+03
3.999983295291690865e+03
3.999985049257639730e+03
3.999984057049894091e+03
3.999983521948197904e+03
3.999986469307601510e+03
3.999987542940166350e+03
3.999986805622640986e+03
3.999988424434236549e+03
3.999985773992415943e+03
3.999984260192347847e+03
3.999984258073971432e+03
3.999986040822421728e+03
3.999987401851753930e+03
3.999986503811349849e+03
3.999984234368570924e+03
3.999985207803132198e+03
3.999984268816926033e+03
3.999985394771020765e+03
3.999985703167517840e+03
3.999987998097671607e+03
3.999986914628189879e+03
3.999989684309864970e+03
3.999987987241306200e+03
3.999989821166280763e+03
3.999988895861004949e+03
3.999989170650240794e+03
3.999989931009788052e+03
3.999989964675383817e+03
3.999989561271792809e+03
3.999990290871653542e+03
3.999989378832505281e+03
3.999988239839783546e+03
3.999989868938281234e+03
3.999989502265912051e+03
3.999990030690936692e+03
3.999991634858376983e+03
3.999993905447419365e+03
3.999993075490624051e+03
3.999991307328395123e+03
3.999992219591578760e+03
3.999992935200373722e+03
3.999993468271013171e+03
3.999992877698969551e+03
3.999993655532146022e+03
3.999992996209311514e+03
3.999991684072625958e+03
3.999990954490442618e+03
3.999991509609663353e+03
3.999991408156886791e+03
3.999992726199312528e+03
3.999992713793702478e+03
3.999992216469367577e+03
3.999994932968638295e+03
3.999997141493131949e+03
3.999994916033447225e+03
3.999994575407334196e+03
3.999993678939323672e+03
3.999995838694855593e+03
3.999996598730203459e+03
3.999996067419539031e+03
3.999997757263248332e+03
3.999996221675098695e+03
3.999998406658515250e+03
3.999997848419648108e+03
3.999998973321527501e+03
3.999997229940041507e+03
3.999998493668021638e+03
3.999999738470572993e+03
4.000002459601517785e+03
4.000004301795249830e+03
4.000002869806482522e+03
4.000001823350783525e+03
4.000001550588613100e+03
4.000000637225711671e+03
3.999999916157071311e+03
3.999999865373059492e+03
3.999999911347456418e+03
3.999997219748915541e+03
3.999996982894256689e+03
3.999995636506469054e+03
3.999997283689450342e+03
3.999997651413602398e+03
3.999998213159502484e+03
3.999998396246062839e+03
3.999997388087464969e+03
3.999995266770773469e+03
3.999992129489147828e+03
3.999991888868966726e+03
3.999989361380782157e+03
3.999989717531046608e+03
3.999987706389410505e+03
3.999985989605319446e+03
3.999986837858839863e+03
3.999985565789896555e+03
3.999983003218681461e+03
3.999983188455784784e+03
3.999981146116912896e+03
3.999980503446867260e+03
3.999981142577074024e+03
3.999982535654822186e+03
3.999979985963233503e+03
3.999982122750350754e+03
3.999981880823352185e+03
3.999982542579925394e+03
3.999982744119135077e+03
3.999983166813784010e+03
3.999981340358214766e+03
3.999980848664989480e+03
3.999982425548094852e+03
3.999980872295653171e+03
3.999978599635881437e+03
3.999976898301181336e+03
3.999975610325727757e+03
3.999978526075490208e+03
3.999976193419859555e+03
3.999974129355902733e+03
3.999972146526843972e+03
3.999970012309486265e+03
3.999970867889006513e+03
3.999969485992983664e+03
3.999967525595009192e+03
3.999968622795996453e+03
3.999968889677424613e+03
3.999967804759055980e+03
3.999968575220642379e+03
3.999968515672852845e+03
3.999969374144323865e+03
3.999966152543110638e+03
3.999964990060645050e+03
3.999962009569942893e+03
3.999958493927157178e+03
3.999959269745996608e+03
3.999961771490370211e+03
3.999963129122112605e+03
3.999963237890178334e+03
3.999963422437703230e+03
3.999964566725164332e+03
3.999966492172805374e+03
3.999965924662621546e+03
3.999963363555955766e+03
3.999964462332405219e+03
3.999965194307962065e+03
3.999967148731017005e+03
3.999965330506300234e+03
3.999963668758861786e+03
3.999962824891511900e+03
3.999960935345631697e+03
3.999958567977022085e+03
3.999958818855005575e+03
3.999958278599780442e+03
3.999956729937487580e+03
3.999957059893370570e+03
3.999955322152014105e+03
3.999955390696578434e+03
3.999952358069934689e+03
3.999952100909441924e+03
3.999950618142499025e+03
3.999951617716817509e+03
3.999951403610792568e+03
3.999952072164246601e+03
3.999951635034717583e+03
3.999954068405081216e+03
3.999954678550890549e+03
3.999956779499718778e+03
3.999955586788494202e+03
3.999956201938710365e+03
3.999953525251882638e+03
3.999950603317700825e+03
3.999951755673440402e+03
3.999954542451398993e+03
3.999953934216747712e+03
3.999952244842691925e+03
3.999953573496549325e+03
3.999955249912201907e+03
3.999954119012311821e+03
3.999953526872268412e+03
3.999951566816827835e+03
3.999952311578797890e+03
3.999952410524180323e+03
3.999955308512136526e+03
3.999954954614737289e+03
3.999954075180387008e+03
3.999954284762149655e+03
3.999955152774516591e+03
3.999954548970421456e+03
3.999953378118426826e+03
3.999953304245017080e+03
3.999953812640202159e+03
3.999954530899845395e+03
3.999955752129087614e+03
3.999955284936572752e+03
3.999954207659360236e+03
3.999955032574125198e+03
3.999956508917080555e+03
3.999954360826505308e+03
3.999954586035946249e+03
3.999952562141535509e+03
3.999951895198273633e+03
3.999949892070859732e+03
3.999950226081328310e+03
3.999948499327558693e+03
3.999948881704782707e+03
3.999947709813463462e+03
3.999947867555484208e+03
3.999945790087663227e+03
3.999945144338081718e+03
3.999946133352048946e+03
3.999944091161366487e+03
3.999944890261164801e+03
3.999948455995055156e+03
3.999951025390320865e+03
3.999950489591580663e+03
3.999950524638908519e+03
3.999951279399751002e+03
3.999950368211054410e+03
3.999948652812953242e+03
3.999948637642035010e+03
3.999948512347242286e+03
3.999947889730886345e+03
3.999943991079908301e+03
3.999945456857510635e+03
3.999945028035560426e+03
3.999945206203851285e+03
3.999942285759727838e+03
3.999943918530635983e+03
3.999942575108172150e+03
3.999941868868890651e+03
3.999940255922850156e+03
3.999939906489945770e+03
3.999939637918107110e+03
3.999940657978678701e+03
3.999941112001881720e+03
3.999939559985260985e+03
3.999939529071936249e+03
3.999942013394601872e+03
3.999942382345400802e+03
3.999942522484458095e+03
3.999943905168096990e+03
3.999941513897219920e+03
3.999940010200911274e+03
3.999938837682425856e+03
3.999938901134790740e+03
3.999941861234154658e+03
3.999941573601115124e+03
3.999939718778288807e+03
3.999940737209067720e+03
3.999937822511134982e+03
3.999942224266754693e+03
3.999944615366833659e+03
3.999944798696467842e+03
3.999946159162926961e+03
3.999945912206885168e+03
3.999944961413623332e+03
3.999947327849380599e+03
3.999941563768039941e+03
3.999940635629965982e+03
3.999940652407248308e+03
3.999937134703853189e+03
3.999935344398649249e+03
3.999934677132355318e+03
3.999933838996300437e+03
3.999935700645093220e+03
3.999934399029291853e+03
3.999933362322412904e+03
3.999932956976244895e+03
3.999933933340251315e+03
3.999935269598985542e+03
3.999933375471260206e+03
3.999930333693749617e+03
3.999929597543749878e+03
3.999929334696291335e+03
3.999929491636870353e+03
3.999926356914599637e+03
3.999926189657267969e+03
3.999924759679825911e+03
3.999921367129710688e+03
3.999922139294929821e+03
3.999923377215768141e+03
3.999923641717296505e+03
3.999920778485677602e+03
3.999917547652538360e+03
3.999914794030362373e+03
3.999915178718083098e+03
3.999917523512820480e+03
3.999918427248099761e+03
3.999918265960828194e+03
3.999920391733437100e+03
3.999918736463704136e+03
3.999919724002178100e+03
3.999920691219804212e+03
3.999922206876699420e+03
3.999921680765491146e+03
3.999921937656677073e+03
3.999924571071639548e+03
3.999923937487897092e+03
3.999926318501996320e+03
3.999927452225691468e+03
3.999931493487408261e+03
3.999927734635353318e+03
3.999927834372210327e+03
3.999925559246948069e+03
3.999926388887432495e+03
3.999927156115131311e+03
3.999926470712090122e+03
3.999925411067990353e+03
3.999925993646862025e+03
3.999928075693748724e+03
3.999927756822092306e+03
3.999928978361980626e+03
3.999927874885011988e+03
3.999925444277930183e+03
3.999926107673558363e+03
3.999927073640083563e+03
3.999929996598976686e+03
3.999930717478854604e+03
3.999928330432897837e+03
3.999927523302174450e+03
3.999926490320541234e+03
3.999923139725451620e+03
3.999925609192276625e+03
3.999928707145891167e+03
3.999929627805800919e+03
3.999930613122658087e+03
3.999929553523498726e+03
3.999926370020124068e+03
3.999925094180302040e+03
3.999926088838929900e+03
3.999927411830543861e+03
3.999929094766976505e+03
3.999934298702378783e+03
3.999936240185929364e+03
3.999933959673725440e+03
3.999935074078457546e+03
3.999931679704191993e+03
3.999932023619463052e+03
3.999929747392726767e+03
3.999928807339236755e+03
3.999928123121030239e+03
3.999928394427839976e+03
3.999926285394979459e+03
3.999926233301392131e+03
3.999925100976613521e+03
3.999921843145707044e+03
3.999920176982279372e+03
3.999919087297560964e+03
3.999921716133896552e+03
3.999919572417332802e+03
3.999923658218172022e+03
3.999924506653435401e+03
3.999925856692951129e+03
3.999926026793852543e+03
3.999926102912596889e+03
3.999928133482745125e+03
3.999930842331731128e+03
3.999929692297881047e+03
3.999932115505754155e+03
3.999933426176172361e+03
3.999934120391862052e+03
3.999932079872549821e+03
3.999932757007386499e+03
3.999936719141220692e+03
3.999939519869831202e+03
3.999940805325397832e+03
3.999938578806291844e+03
3.999939793113961969e+03
3.999937955927558050e+03
3.999938574029034953e+03
3.999936611452774741e+03
3.999934895287883592e+03
3.999936120602761093e+03
3.999932959940092587e+03
3.999932285064434382e+03
3.999929153370786935e+03
3.999930867420279810e+03
3.999931505376616769e+03
3.999933567671748278e+03
3.999934329484010959e+03
3.999935905937981261e+03
3.999936871612670075e+03
3.999938478569895778e+03
3.999940980582047359e+03
3.999944011621608752e+03
3.999943338989324275e+03
3.999945289321470682e+03
3.999947604444769240e+03
3.999947029872075291e+03
3.999947166908778399e+03
3.999947752630587274e+03
3.999943757883705985e+03
3.999945415499032606e+03
3.999944820089470340e+03
3.999942719148165907e+03
3.999941488036034571e+03
3.999938454018735229e+03
3.999936027349338929e+03
3.999931847614866911e+03
3.999928907622239421e+03
3.999930586663923350e+03
3.999928357164814315e+03
3.999930180455840400e+03
3.999932025670626899e+03
3.999932951658554430e+03
3.999930980481785355e+03
3.999928848332018788e+03
3.999928748964880015e+03
3.999931100735955624e+03
3.999932725484255570e+03
3.999937739639921801e+03
3.999934226219557786e+03
3.999929819323445372e+03
3.999929790748483356e+03
3.999930465321152496e+03
3.999934440517314215e+03
3.999934329519529456e+03
3.999932752989670462e+03
3.999933329762564881e+03
3.999933635009723730e+03
3.999933587770210124e+03
3.999932294557547721e+03
3.999930650603382219e+03
3.999931259995178152e+03
3.999928859995689891e+03
3.999929739707672070e+03
3.999931208935447103e+03
3.999933850528773746e+03
3.999934478489983121e+03
3.999936209644654355e+03
3.999931448835232004e+03
3.999930722784179579e+03
3.999930353691901928e+03
3.999932006264304164e+03
3.999934183002541886e+03
3.999930863532738840e+03
3.999929489412496423e+03
3.999928238353066718e+03
3.999922448083730160e+03
3.999922304092613103e+03
3.999924551339362552e+03
3.999923632377678587e+03
3.999924001824151674e+03
3.999925844426851199e+03
3.999925466421860619e+03
3.999922760705211658e+03
3.999923547961676832e+03
3.999926829278800597e+03
3.999923095175303388e+03
3.999922212620102073e+03
3.999923249937594846e+03
3.999925610392742328e+03
3.999928252121721926e+03
3.999925669252950229e+03
3.999927181307623414e+03
3.999927462544252649e+03
3.999931758813199394e+03
3.999930251745565783e+03
3.999927413934723063e+03
3.999922980569935135e+03
3.999923513788220134e+03
3.999924293101111743e+03
3.999919991103020038e+03
3.999919376622591244e+03
3.999919265220602028e+03
3.999922532400707951e+03
3.999922187249011586e+03
3.999920006993135303e+03
3.999918512209756500e+03
3.999916276747603661e+03
3.999915622790516409e+03
3.999916660957081149e+03
3.999916962312367559e+03
3.999913797662269644e+03
3.999913537329901374e+03
3.999914025313708407e+03
3.999913814103076220e+03
3.999912674608289308e+03
3.999909714822254955e+03
3.999909642762725070e+03
3.999910200658008307e+03
3.999913199543331757e+03
3.999914535677962249e+03
3.999917683086367106e+03
3.999919679175039164e+03
3.999922361822249968e+03
3.999919772472358545e+03
3.999922566058978191e+03
3.999925443267420178e+03
3.999920228349340960e+03
3.999922486959385878e+03
3.999919309343052191e+03
3.999919358218564412e+03
3.999915406813665413e+03
3.999916134815587156e+03
3.999919236434491268e+03
3.999918424833192603e+03
3.999919855199254471e+03
3.999918914464594309e+03
3.999918812511862143e+03
3.999917117603134557e+03
3.999918988927166538e+03
3.999920256257225446e+03
3.999915400438833785e+03
3.999916817890817129e+03
3.999916946030669351e+03
3.999917962536856066e+03
3.999920008267293269e+03
3.999920478305587949e+03
3.999921592407065418e+03
3.999923884225963320e+03
3.999925490709753376e+03
3.999927784333475302e+03
3.999929457672609260e+03
3.999928547784658349e+03
3.999928302423847072e+03
3.999930531009400056e+03
3.999931633234022684e+03
3.999931468282896276e+03
3.999928835485037325e+03
3.999926394979735960e+03
3.999923751490061477e+03
3.999926415707091564e+03
3.999926591521740647e+03
3.999926326197361504e+03
3.999923630680737915e+03
3.999923099545592322e+03
3.999923871160037379e+03
3.999924799049136254e+03
3.999924266813905433e+03
3.999924980891863925e+03
3.999925751128553202e+03
3.999927801019341587e+03
3.999923242814302284e+03
3.999923095259211550e+03
3.999923502705499686e+03
3.999920299671655812e+03
3.999920379808208509e+03
3.999920343082924319e+03
3.999921334782930444e+03
3.999919985614847519e+03
3.999922026940525939e+03
3.999923634026184118e+03
3.999927114535457349e+03
3.999923354209453464e+03
3.999920923187860353e+03
3.999917934729424815e+03
3.999916788366998844e+03
3.999915021793103278e+03
3.999915039318191702e+03
3.999917236082641921e+03
3.999914019899150844e+03
3.999914757450859724e+03
3.999915726565426212e+03
3.999917649105771034e+03
3.999918724672095323e+03
3.999921164322247023e+03
3.999919817543869158e+03
3.999922678780070783e+03
3.999923716650878305e+03
3.999924131849387777e+03
3.999923051721636512e+03
3.999923450258850153e+03
3.999923830863276180e+03
3.999921803686050225e+03
3.999921828942224238e+03
3.999920216116850497e+03
3.999919585217150143e+03
3.999924550125366295e+03
3.999923133773626887e+03
3.999924904238209365e+03
3.999923983869080985e+03
3.999921426360273017e+03
3.999925774250135873e+03
3.999926851929194981e+03
3.999926015189985264e+03
3.999925775154896201e+03
3.999922931439326476e+03
3.999923880268050652e+03
3.999921760083745085e+03
3.999922531108376916e+03
3.999925191241547509e+03
3.999925253003232683e+03
3.999922849807889634e+03
3.999923377537677425e+03
3.999924357056198460e+03
3.999920312078652842e+03
3.999923446211022110e+03
3.999922371047805882e+03
3.999925487335837715e+03
3.999921742235902457e+03
3.999923084168077821e+03
3.999921179961499547e+03
3.999920678749575472e+03
3.999920360568661636e+03
3.999916212197202640e+03
3.999918482074295753e+03
3.999918732249530422e+03
3.999919560537305188e+03
3.999920990964034900e+03
3.999921458377285035e+03
3.999920818472661722e+03
3.999926202441009991e+03
3.999926781536230465e+03
3.999924459984296391e+03
3.999924383805099751e+03
3.999923543136264470e+03
3.999922626358129492e+03
3.999922650475461069e+03
3.999919695173739910e+03
3.999918009114046981e+03
3.999920116637372303e+03
3.999915973294556352e+03
3.999917648811673644e+03
3.999912950730372813e+03
3.999917042154745559e+03
3.999914444582000215e+03
3.999914295395488352e+03
3.999913706613640443e+03
3.999913571262054120e+03
3.999913285423259367e+03
3.999913340575337770e+03
3.999911521124760839e+03
3.999915849567794794e+03
3.999918103368474021e+03
3.999919145571784156e+03
3.999919599857019421e+03
3.999923647554340278e+03
3.999925144071653449e+03
3.999925270579596145e+03
3.999924457445668850e+03
3.999923513179562633e+03
3.999921452895931907e+03
3.999922377632596636e+03
3.999925095622136269e+03
3.999928299059563869e+03
3.999928305689767512e+03
3.999930245589316655e+03
3.999927923995985566e+03
3.999929738468366395e+03
3.999930836748621005e+03
3.999927662298798168e+03
3.999931924283499029e+03
3.999934849615074654e+03
3.999932115789768886e+03
3.999930011212765294e+03
3.999933717748157505e+03
3.999934818384894243e+03
3.999938647660466359e+03
3.999938909665536357e+03
3.999934736855195752e+03
3.999935178854313108e+03
3.999933866177664640e+03
3.999934514602020045e+03
3.999938511797203773e+03
3.999940585515465045e+03
3.999942382104261924e+03
3.999938489823313375e+03
3.999934474686255271e+03
3.999936190302888463e+03
3.999935266080389738e+03
3.999938388519246928e+03
3.999936723577221983e+03
3.999943341464588229e+03
3.999944195794764710e+03
3.999945865207124825e+03
3.999943523803246080e+03
3.999938724002616254e+03
3.999937115507533235e+03
3.999934655431743522e+03
3.999936413191639076e+03
3.999940588663470862e+03
3.999942892704973929e+03
3.999946983608624123e+03
3.999945405970089269e+03
3.999943008411827577e+03
3.999944872718802799e+03
3.999943538510428880e+03
3.999944621817927327e+03
3.999946657746969322e+03
3.999944728679092805e+03
3.999946906439533905e+03
3.999950553294295787e+03
3.999956739523528995e+03
3.999951447909841136e+03
3.999949330996801109e+03
3.999947010550864434e+03
3.999946295968518825e+03
3.999948683788240487e+03
3.999948160879241641e+03
3.999946955389538743e+03
3.999947217136684230e+03
3.999948016846257360e+03
3.999950448246978340e+03
3.999953950276798878e+03
3.999955474591629354e+03
3.999956433034652491e+03
3.999957874814954266e+03
3.999958452488382591e+03
3.999959669038631546e+03
3.999962258467294305e+03
3.999962970700217284e+03
3.999961765716321679e+03
3.999957782894342472e+03
3.999955029811535951e+03
3.999953470905293216e+03
3.999954112444562270e+03
3.999954320242594804e+03
3.999953217171003871e+03
3.999955587342890794e+03
3.999954581299431993e+03
3.999956472973844939e+03
3.999959176477470919e+03
3.999960754022413767e+03
3.999963003308334464e+03
3.999965757971109269e+03
3.999965747733977423e+03
3.999967005635239275e+03
3.999966673055882438e+03
3.999966912434441383e+03
3.999967853811188888e+03
3.999968708172258175e+03
3.999967306590852786e+03
3.999967067071018846e+03
3.999965584022621442e+03
3.999963468455137445e+03
3.999964258879045246e+03
3.999963607196477369e+03
3.999961423609280246e+03
3.999961913966878456e+03
3.999960245412240965e+03
3.999960087902101350e+03
3.999962718912964647e+03
3.999961753205455352e+03
3.999961373276533777e+03
3.999961864865392272e+03
3.999960019860787725e+03
3.999960546657008308e+03
3.999959049153044361e+03
3.999956402622458427e+03
3.999957172152187923e+03
3.999953330838254715e+03
3.999952661889947194e+03
3.999950391528663658e+03
3.999948935642872584e+03
3.999948870468950645e+03
3.999951467229904210e+03
3.999953424322431601e+03
3.999954210069367036e+03
3.999950951127035751e+03
3.999952456634475766e+03
3.999951521632100139e+03
3.999952993913624141e+03
3.999952639955798986e+03
3.999951797012363386e+03
3.999948466015185204e+03
3.999948506405977696e+03
3.999948883424584437e+03
3.999946850635445571e+03
3.999948120271406879e+03
3.999948940438714089e+03
3.999946272924357800e+03
3.999943526720972841e+03
3.999945589368091987e+03
3.999945136291546987e+03
3.999946566691094631e+03
3.999945441289611608e+03
3.999944982094361421e+03
3.999947381970066544e+03
3.999944191954514736e+03
3.999942567305831744e+03
3.999945775774464437e+03
3.999941132627734078e+03
3.999940660198853948e+03
3.999937401768399923e+03
3.999943296806050967e+03
3.999943244331022470e+03
3.999945538873007081e+03
3.999947339438073413e+03
3.999945939302471288e+03
3.999946629832345934e+03
3.999946606588207487e+03
3.999949419488820240e+03
3.999949568473455201e+03
3.999949317521292414e+03
3.999952821471997595e+03
3.999951514218417287e+03
3.999951555125024242e+03
3.999952491064683727e+03
3.999951760448101140e+03
3.999951600649200827e+03
3.999954482964519229e+03
3.999956184112988012e+03
3.999955906008943657e+03
3.999955798954714737e+03
3.999958167608037456e+03
3.999958173655026712e+03
3.999958850230172629e+03
3.999956700386473585e+03
3.999958617181668615e+03
3.999960755950497514e+03
3.999962381658706363e+03
3.999960112452628891e+03
3.999957600499642922e+03
3.999954700305533152e+03
3.999953170738479002e+03
3.999954200389464404e+03
3.999953216343103122e+03
3.999953418585856525e+03
3.999953117581346305e+03
3.999952785718108771e+03
3.999949832830203377e+03
3.999951502110367528e+03
3.999952119824696638e+03
3.999952535177403661e+03
3.999955179729522570e+03
3.999958486052774788e+03
3.999958553673885945e+03
3.999957090250598412e+03
3.999957222378168353e+03
3.999956362683385578e+03
3.999957170439868605e+03
3.999956366948054892e+03
3.999956847975769961e+03
3.999955760490612192e+03
3.999956340991105208e+03
3.999955377475215300e+03
3.999956531665684906e+03
3.999950290420109013e+03
3.999951197387639240e+03
3.999949449673486015e+03
3.999950063571119244e+03
3.999950178968049840e+03
3.999950034948618395e+03
3.999950918600196019e+03
3.999950389675972929e+03
3.999950094345513207e+03
3.999952669941415024e+03
3.999951748840333039e+03
3.999951969406476110e+03
3.999951841236814744e+03
3.999954316582820411e+03
3.999954309221527183e+03
3.999954699541696755e+03
3.999956733476547925e+03
3.999956708314095977e+03
3.999959433774526588e+03
3.999958621229954588e+03
3.999958366339338681e+03
3.999958718311962912e+03
3.999957884181631925e+03
3.999958315966568534e+03
3.999958223547854232e+03
3.999957190327459102e+03
3.999957069471424802e+03
3.999956585051673756e+03
3.999955316106642385e+03
3.999954493531236039e+03
3.999953975716123296e+03
3.999953471733476817e+03
3.999953098262423737e+03
3.999952978628481560e+03
3.999951609454480604e+03
3.999951141105106672e+03
3.999949327538488888e+03
3.999948290330999498e+03
3.999948260492291411e+03
3.999948210012104028e+03
3.999948315425692272e+03
3.999948085347382403e+03
3.999948019858350108e+03
3.999947897360500065e+03
3.999948120850448504e+03
3.999947881778941337e+03
3.999947790283923496e+03
3.999947224170547088e+03
3.999946845762095563e+03
3.999945426380497793e+03
3.999947134224459205e+03
3.999945717968860208e+03
3.999945143493864180e+03
3.999944203883676437e+03
3.999943831723250241e+03
3.999944507600292582e+03
3.999944658497535329e+03
3.999946490416724373e+03
3.999945350335774492e+03
3.999947233397208947e+03
3.999948534641374863e+03
3.999948975557887934e+03
3.999949496230492514e+03
3.999950102924633029e+03
3.999949480144845438e+03
3.999949989284537878e+03
3.999947470733855425e+03
3.999944976175348984e+03
3.999945732733988280e+03
3.999946695283448207e+03
3.999945947820921447e+03
3.999945892202543746e+03
3.999944855734558587e+03
3.999944839906324432e+03
3.999946332554278797e+03
3.999946587618815556e+03
3.999946243344814320e+03
3.999944957574085038e+03
3.999945345211703625e+03
3.999944038381779137e+03
3.999941310365089066e+03
3.999942468157245003e+03
3.999941777448672838e+03
3.999942454339789492e+03
3.999942299897527391e+03
3.999943445529552264e+03
3.999943664006880681e+03
3.999944455472803838e+03
3.999943317961984121e+03
3.999942457432970059e+03
3.999940511474328559e+03
3.999942993012319221e+03
3.999943781633478011e+03
3.999942846152131551e+03
3.999944652797040817e+03
3.999946124983039226e+03
3.999946498715567941e+03
3.999947748920849790e+03
3.999948334792085916e+03
3.999948979124478228e+03
3.999947648329270123e+03
3.999947186890285593e+03
3.999947588432346947e+03
3.999945709023555082e+03
3.999946653360966138e+03
3.999947149714038915e+03
3.999946808754246831e+03
3.999946422538588649e+03
3.999943448638426617e+03
3.999941909116731040e+03
3.999941227433689619e+03
3.999942068181267587e+03
3.999942230407244551e+03
3.999940593266482210e+03
3.999940119180362672e+03
3.999939770250006404e+03
3.999938922059533070e+03
3.999938488042996141e+03
3.999937751490288520e+03
3.999937704755553114e+03
3.999937974770942219e+03
3.999937590882340828e+03
3.999937845358686900e+03
3.999937926758841968e+03
3.999937840714461345e+03
3.999938538021236127e+03
3.999938895404368850e+03
3.999938369822818458e+03
3.999938172481112815e+03
3.999937951543208328e+03
3.999938424446672798e+03
3.999935777431464885e+03
3.999935911913114523e+03
3.999936399124459513e+03
3.999935972469669196e+03
3.999936179140388049e+03
3.999935662038017654e+03
3.999935058961666982e+03
3.999934846315769391e+03
3.999931802900425737e+03
3.999931091369431670e+03
3.999928624702671641e+03
3.999928566610539747e+03
3.999925921583493619e+03
3.999926562199050750e+03
3.999925220243912918e+03
3.999925254144940027e+03
3.999923789418394790e+03
3.999926509458285636e+03
3.999924474181464575e+03
3.999923529417790633e+03
3.999926098133214509e+03
3.999927261006486788e+03
3.999926022478748564e+03
3.999926965173008284e+03
3.999928670757250984e+03
3.999926689925018309e+03
3.999926682646315840e+03
3.999927176557425355e+03
3.999927464608272658e+03
3.999927423790477860e+03
3.999926912707791871e+03
3.999927008586879765e+03
3.999926927122980032e+03
3.999925173117048416e+03
3.999923537668176323e+03
3.999923911577797298e+03
3.999922774425630450e+03
3.999923320166914436e+03
3.999924315012576699e+03
3.999924041559740544e+03
3.999926012441232160e+03
3.999924369039335033e+03
3.999925014775017189e+03
3.999926341798130579e+03
3.999926275634876674e+03
3.999927243811482640e+03
3.999929438447988105e+03
3.999929532510966510e+03
3.999930841108212917e+03
3.999929330769723947e+03
3.999929537668067042e+03
3.999929084832618173e+03
3.999929272907833365e+03
3.999930918220401509e+03
3.999929753940949922e+03
3.999930969481846660e+03
3.999930090506989018e+03
3.999929451944784432e+03
3.999931466580437700e+03
3.999931519533492974e+03
3.999931136843480090e+03
3.999929759493197253e+03
3.999929696537488780e+03
3.999929508834346962e+03
3.999930012363487549e+03
3.999930268158670515e+03
3.999931088389070283e+03
3.999930458633746639e+03
3.999930393810333953e+03
3.999930530285108489e+03
3.999930155103717880e+03
3.999929232399774719e+03
3.999929745504880884e+03
3.999928564672939501e+03
3.999928646878284781e+03
3.999929146978256995e+03
3.999929256393904780e+03
3.999930409256353869e+03
3.999930690797617444e+03
3.999931511906759170e+03
3.999930878057867176e+03
3.999932290656683563e+03
3.999932356787624940e+03
3.999930668115575372e+03
3.999931004459004271e+03
3.999931676691619487e+03
3.999933193464824399e+03
3.999934849047124771e+03
3.999935199962081242e+03
3.999935137113161545e+03
3.999929585715360190e+03
3.999930678785086457e+03
3.999927496966693980e+03
3.999925800096300463e+03
3.999924785520885052e+03
3.999921632338345262e+03
3.999922847284350610e+03
3.999921132693124946e+03
3.999922252433970243e+03
3.999922622642200622e+03
3.999923082931709359e+03
3.999922091255585656e+03
3.999920919923909423e+03
3.999921304650475122e+03
3.999919621510659908e+03
3.999919332460514852e+03
3.999918552150629239e+03
3.999919418918329484e+03
3.999921594319784163e+03
3.999920620030548889e+03
3.999919441664045280e+03
3.999917799022984582e+03
3.999916941328577195e+03
3.999915721963600390e+03
3.999915163454696994e+03
3.999916459561708052e+03
3.999914742820248648e+03
3.999916591140642140e+03
3.999917981782693460e+03
3.999918157273112683e+03
3.999917019837850148e+03
3.999917861138598710e+03
3.999919163831035803e+03
3.999919028953137058e+03
3.999920542906032097e+03
3.999921277408672267e+03
3.999924525841009199e+03
3.999926001198754875e+03
3.999925956044511622e+03
3.999924890898955255e+03
3.999923775753577047e+03
3.999924321573013913e+03
3.999921766064366238e+03
3.999922247820687062e+03
3.999923513512955651e+03
3.999922622174506614e+03
3.999921925845661008e+03
3.999920703523632710e+03
3.999920517031665440e+03
3.999923122718521427e+03
3.999921067866547673e+03
3.999918690013049854e+03
3.999917463924172353e+03
3.999917335881315012e+03
3.999917205563358038e+03
3.999917899066490918e+03
3.999917819239506571e+03
3.999917947530844685e+03
3.999917955501789947e+03
3.999918051272120920e+03
3.999918521093383333e+03
3.999918807744115384e+03
3.999918717576587824e+03
3.999917886007720881e+03
3.999918922814599682e+03
3.999918963037030608e+03
3.999918173278518680e+03
3.999918504989087978e+03
3.999919294208733845e+03
3.999919192696000209e+03
3.999919502721841127e+03
3.999919547341132329e+03
3.999919441784683841e+03
3.999919722527655722e+03
3.999920841557390304e+03
3.999920657944630875e+03
3.999921265313736058e+03
3.999920550349645055e+03
3.999916690878065310e+03
3.999917924120845782e+03
3.999916631060226337e+03
3.999916082946694587e+03
3.999919348450656798e+03
3.999920751137330626e+03
3.999921256150183581e+03
3.999919068394159694e+03
3.999920028195986106e+03
3.999919383342753463e+03
3.999919248108773900e+03
3.999916117161827970e+03
3.999914421565627435e+03
3.999914496595313267e+03
3.999914890251979614e+03
3.999914647091618463e+03
3.999914752564940500e+03
3.999914905288270802e+03
3.999912329006580421e+03
3.999911991250461597e+03
3.999911588502256109e+03
3.999912621257471528e+03
3.999914558640706218e+03
3.999914867220393262e+03
3.999913184410173017e+03
3.999914450471811506e+03
3.999914505534048203e+03
3.999915819608473612e+03
3.999913165103045685e+03
3.999912234988430100e+03
3.999912076463977428e+03
3.999909319558180414e+03
3.999910572450208747e+03
3.999910072804935680e+03
3.999908816621919868e+03
3.999908237292403555e+03
3.999908798243816364e+03
3.999909614026817508e+03
3.999909905040451576e+03
3.999908682825399410e+03
3.999907077859423225e+03
3.999908958850619911e+03
3.999911691617554425e+03
3.999911750645395841e+03
3.999911390220671819e+03
3.999912791248428221e+03
3.999913312442124607e+03
3.999915015311852130e+03
3.999916100123215529e+03
3.999914758816642916e+03
3.999914154217202395e+03
3.999914185396448829e+03
3.999914930640669354e+03
3.999912760739623991e+03
3.999912549105536073e+03
3.999913754181673539e+03
3.999916471343276498e+03
3.999917297396897993e+03
3.999915549574125635e+03
3.999916230951329453e+03
3.999916270665633419e+03
3.999916267416093433e+03
3.999915692050020880e+03
3.999916071955067764e+03
3.999915482640684331e+03
3.999916664407783628e+03
3.999916133785334296e+03
3.999916322667707846e+03
3.999915170049717290e+03
3.999915589934533728e+03
3.999915355513885970e+03
3.999915866757501590e+03
3.999917529681907581e+03
3.999917289019299915e+03
3.999916816823538284e+03
3.999917967985454197e+03
3.999917480951231028e+03
3.999916954728475503e+03
3.999915507491483822e+03
3.999916124745683192e+03
3.999918992069875003e+03
3.999916284481694674e+03
3.999914878016140392e+03
3.999915796611031055e+03
3.999915334742244795e+03
3.999916765499413941e+03
3.999918997439604027e+03
3.999920743788349682e+03
3.999922487044485933e+03
3.999923598048503209e+03
3.999922071983347905e+03
3.999923645672008206e+03
3.999922627123672555e+03
3.999921154335336269e+03
3.999923078634033573e+03
3.999922298153140673e+03
3.999921767012274358e+03
3.999922434280531888e+03
3.999924039001281926e+03
3.999923683594764952e+03
3.999924778097859416e+03
3.999925871010096671e+03
3.999925637707408441e+03
3.999926009819735100e+03
3.999925875927695415e+03
3.999925676087773354e+03
3.999927228650441066e+03
3.999927189114815064e+03
3.999927980117351126e+03
3.999926191971712797e+03
3.999927337325650569e+03
3.999926688988204660e+03
3.999929018283447931e+03
3.999930937332226677e+03
3.999928705141410319e+03
3.999929910700132041e+03
3.999931413868890104e+03
3.999933388609950725e+03
3.999933783153750483e+03
3.999935887758110312e+03
3.999937522299723241e+03
3.999938489282197679e+03
3.999939998712186934e+03
3.999941254543889954e+03
3.999938722778466854e+03
3.999942680946611290e+03
3.999944897758359730e+03
3.999945040731760400e+03
3.999946131264630367e+03
3.999944245191629761e+03
3.999942279064388913e+03
3.999942478828112144e+03
3.999941924419855241e+03
3.999942485057632439e+03
3.999942285679037468e+03
3.999943473674193683e+03
3.999941731252215504e+03
3.999941223932356934e+03
3.999941088993308767e+03
3.999939845098654587e+03
3.999939787339148097e+03
3.999939532584727658e+03
3.999939074443413119e+03
3.999939376240231013e+03
3.999939843089876831e+03
3.999940124548230415e+03
3.999938859390570542e+03
3.999938435504409426e+03
3.999938080534104756e+03
3.999937681193192930e+03
3.999937639370515626e+03
3.999937660547552241e+03
3.999938196493998930e+03
3.999938920235764726e+03
3.999937722262509851e+03
3.999937179901764921e+03
3.999937237154663762e+03
3.999936176249601431e+03
3.999934918100067534e+03
3.999934566237206127e+03
3.999934282065182742e+03
3.999936559343108456e+03
3.999935333277057453e+03
3.999933293377052451e+03
3.999937571262552865e+03
3.999939368128480055e+03
3.999940423797684161e+03
3.999942409402131943e+03
3.999944324362055795e+03
3.999944946392826296e+03
3.999948903201480789e+03
3.999951732620944767e+03
3.999950760811236705e+03
3.999949655695848833e+03
3.999950968426252530e+03
3.999952833407538492e+03
3.999953255866712880e+03
3.999950200060339739e+03
3.999950425838627780e+03
3.999949207920199569e+03
3.999949386075312759e+03
3.999948264906827717e+03
3.999948474481730955e+03
3.999948839740352014e+03
3.999946179573091285e+03
3.999946090732420089e+03
3.999947062014639414e+03
3.999948049967587849e+03
3.999947635605608411e+03
3.999946350576959048e+03
3.999945389652938502e+03
3.999944264578695766e+03
3.999946154244420086e+03
3.999945468252914907e+03
3.999944506885358805e+03
3.999945990331428675e+03
3.999946140064982046e+03
3.999944665486153099e+03
3.999946978197864610e+03
3.999948654567471294e+03
3.999952473132032992e+03
3.999951619568039405e+03
3.999949402696930974e+03
3.999948295097440678e+03
3.999949214540520643e+03
3.999949362177640978e+03
3.999948502067830759e+03
3.999950242486740535e+03
3.999949186497607570e+03
3.999951528604509349e+03
3.999953774914656606e+03
3.999955386043887756e+03
3.999955215156765917e+03
3.999953370241915309e+03
3.999952894888463106e+03
3.999952450980016238e+03
3.999951613410264599e+03
3.999951754627234095e+03
3.999951746500981244e+03
3.999952774266606866e+03
3.999952763414657966e+03
3.999952701615423393e+03
3.999952911092583236e+03
3.999951400329035550e+03
3.999950563985257304e+03
3.999949534527726428e+03
3.999947615942179709e+03
3.999949065714306471e+03
3.999950688126091791e+03
3.999949835675147824e+03
3.999950637664535407e+03
3.999950905213207989e+03
3.999951602207074302e+03
3.999950755966748147e+03
3.999948847062980803e+03
3.999947299351009860e+03
3.999947594649756866e+03
3.999948063751818609e+03
3.999947317157712860e+03
3.999949997633438215e+03
3.999944964130271273e+03
3.999942484969096768e+03
3.999946008169358265e+03
3.999941692197534394e+03
3.999941000223591345e+03
3.999940262035207979e+03
3.999942139791593945e+03
3.999943913549386252e+03
3.999945457185423493e+03
3.999944529981782125e+03
3.999942529100610045e+03
3.999944246110983386e+03
3.999942779326233904e+03
3.999942584379871732e+03
3.999942723600168392e+03
3.999943136190208406e+03
3.999943701015061833e+03
3.999943121804402836e+03
3.999943075911202413e+03
3.999942263465951783e+03
3.999941431536590244e+03
3.999942644902969278e+03
3.999943163723580710e+03
3.999943409394677019e+03
3.999944875192318705e+03
3.999943054786860557e+03
3.999943139061485454e+03
3.999943052432453442e+03
3.999939939424912154e+03
3.999940268565937458e+03
3.999942399409786503e+03
3.999941743324748131e+03
3.999942234010272841e+03
3.999944319699171047e+03
3.999943693280795742e+03
3.999942934311085537e+03
3.999942127949085261e+03
3.999942798119409872e+03
3.999943644760918232e+03
3.999944957436743607e+03
3.999943692469224061e+03
3.999945168920164633e+03
3.999944318805532930e+03
3.999943693322111358e+03
3.999940918997611789e+03
3.999940435207145583e+03
3.999937941854102519e+03
3.999937138871531715e+03
3.999936639363539598e+03
3.999936628231430404e+03
3.999936729930639558e+03
3.999939469233003365e+03
3.999941282034886171e+03
3.999939547190049780e+03
3.999939913868954136e+03
3.999938555573995927e+03
3.999940686742449998e+03
3.999937374003915920e+03
3.999938952890657674e+03
3.999939697838546181e+03
3.999939768032983466e+03
3.999939558249242509e+03
3.999940136060268287e+03
3.999940506955786077e+03
3.999938916892609086e+03
3.999938608736988954e+03
3.999938062256445846e+03
3.999938436454256589e+03
3.999937092886918435e+03
3.999937757318572494e+03
3.999939317408726311e+03
3.999936233096554588e+03
3.999935609498070789e+03
3.999935185897052634e+03
3.999933885872091651e+03
3.999936055708986714e+03
3.999936916083733649e+03
3.999936951919130479e+03
3.999936024275326417e+03
3.999933687026460120e+03
3.999928764626405155e+03
3.999926580784912858e+03
3.999928409068462770e+03
3.999927190842647178e+03
3.999927036278143532e+03
3.999926533070090045e+03
3.999927223233578388e+03
3.999926765573789908e+03
3.999928450082933068e+03
3.999925818667010844e+03
3.999928758646233746e+03
3.999929220275463649e+03
3.999927517610351515e+03
3.999924935005195039e+03
3.999922029380922140e+03
3.999918251441054963e+03
3.999917178587920262e+03
3.999918678015020305e+03
3.999919235938161819e+03
3.999918213761190145e+03
3.999918907466256769e+03
3.999919421039474400e+03
3.999918961227453110e+03
3.999920265839285094e+03
3.999917634955473204e+03
3.999917478365265197e+03
3.999917769010894517e+03
3.999919334297656405e+03
3.999917523035011527e+03
3.999919014358643381e+03
3.999918387792547492e+03
3.999917869332251030e+03
3.999919587488186608e+03
3.999920136253355395e+03
3.999922660371444181e+03
3.999924919042629426e+03
3.999924827709322017e+03
3.999924684822146901e+03
3.999925432819364232e+03
3.999923421149578644e+03
3.999925052534860697e+03
3.999923130368136754e+03
3.999924332585164393e+03
3.999926216014689544e+03
3.999922046225010035e+03
3.999921281091230412e+03
3.999922359175727252e+03
3.999922996731971580e+03
3.999922459035904467e+03
3.999922532603624404e+03
3.999921601846465819e+03
3.999918783657875792e+03
3.999920207766864223e+03
3.999921829826372232e+03
3.999921773265810771e+03
3.999919910508444445e+03
3.999920147099085625e+03
3.999919599407952774e+03
3.999918822778445247e+03
3.999920317786014039e+03
3.999920299356591840e+03
3.999920280352782811e+03
3.999920462069096629e+03
3.999920870832697346e+03
3.999921794173554645e+03
3.999920179749899035e+03
3.999920261283873515e+03
3.999920310390322811e+03
3.999919884415617162e+03
3.999918639353736580e+03
3.999920365734911229e+03
3.999920999457323433e+03
3.999919924883693511e+03
3.999919053379423985e+03
3.999920835335062293e+03
3.999920393888961371e+03
3.999919201386819623e+03
3.999921501892283231e+03
3.999923301529088803e+03
3.999924113349505660e+03
3.999924652681719181e+03
3.999921661363382100e+03
3.999923942205808544e+03
3.999925017332385778e+03
3.999924735913381028e+03
3.999925230599208135e+03
3.999925489884795752e+03
3.999926360027829560e+03
3.999923896876411163e+03
3.999922465758707403e+03
3.999919648479914486e+03
3.999920794909821325e+03
3.999918354353226277e+03
3.999919591917966045e+03
3.999919556410720816e+03
3.999923824685483851e+03
3.999925338817867214e+03
3.999927314504838705e+03
3.999925310106819779e+03
3.999923479763481282e+03
3.999924305268938042e+03
3.999927430135874602e+03
3.999930216627261871e+03
3.999932228672314068e+03
3.999934235380037535e+03
3.999935899480564785e+03
3.999934818571452070e+03
3.999933431380434740e+03
3.999933070226101790e+03
3.999930872601114970e+03
3.999930152152517167e+03
3.999931864593538194e+03
3.999932060019692472e+03
3.999934892076937103e+03
3.999933942165725057e+03
3.999931336492731589e+03
3.999926600876574412e+03
3.999927782334377298e+03
3.999928092944922355e+03
3.999927092463474764e+03
3.999925181050437004e+03
3.999924741494498903e+03
3.999923992901467955e+03
3.999926630347828905e+03
3.999926469584948336e+03
3.999926991297050790e+03
3.999926908090641973e+03
3.999925961942339200e+03
3.999924673087127758e+03
3.999924966547089753e+03
3.999923657712236491e+03
3.999923530818947256e+03
3.999925394226018852e+03
3.999926444246201299e+03
3.999923257180492328e+03
3.999925568184488384e+03
3.999926846220934749e+03
3.999924603136796577e+03
3.999925215401458445e+03
3.999926371267141803e+03
3.999926396853322331e+03
3.999926479711281445e+03
3.999926876135946259e+03
3.999927167532848216e+03
3.999927984024967827e+03
3.999928941563780882e+03
3.999928123618066820e+03
3.999927893191720159e+03
3.999928532955507308e+03
3.999928610936675796e+03
3.999927859527914734e+03
3.999926840913297838e+03
3.999927825695732736e+03
3.999928114488321626e+03
3.999925242098717263e+03
3.999925752144442413e+03
3.999926971671973661e+03
3.999928183351417374e+03
3.999925460924574509e+03
3.999924949275844483e+03
3.999927380296835963e+03
3.999928813138041733e+03
3.999931206288333215e+03
3.999937375516477005e+03
3.999935427238182456e+03
3.999937827886597915e+03
3.999938008333984726e+03
3.999939420191146837e+03
3.999936513129586729e+03
3.999939378054869849e+03
3.999939670650621792e+03
3.999939245929134813e+03
3.999940297598818233e+03
3.999941103080430821e+03
3.999940806049333332e+03
3.999941231397080628e+03
3.999942269851206675e+03
3.999943903082864381e+03
3.999943724797079994e+03
3.999944605736364338e+03
3.999942385321796792e+03
3.999941981382821268e+03
3.999939280660930763e+03
3.999936076606112692e+03
3.999932206685689835e+03
3.999930382184846621e+03
3.999927060219787109e+03
3.999926584978048595e+03
3.999926684707802451e+03
3.999926551087246025e+03
3.999926269450230848e+03
3.999925810058704428e+03
3.999923139778166842e+03
3.999921823745119582e+03
3.999920300906107059e+03
3.999916128975861739e+03
3.999916121989473140e+03
3.999916558914230336e+03
3.999916360171958786e+03
3.999915600652520880e+03
3.999915245512718684e+03
3.999914800219461540e+03
3.999912849162123621e+03
3.999915195176448833e+03
3.999916395198135433e+03
3.999915439677898576e+03
3.999913746354395698e+03
3.999914084021266262e+03
3.999911301927374097e+03
3.999910557455923936e+03
3.999908115575177817e+03
3.999910036407189182e+03
3.999911268393291266e+03
3.999909034729328596e+03
3.999911286970042511e+03
3.999912730028393071e+03
3.999909971320797467e+03
3.999909989851797945e+03
3.999908985965627835e+03
3.999908167940379826e+03
3.999908241658106817e+03
3.999908038590540400e+03
3.999908206522369255e+03
3.999907581918585038e+03
3.999908002315668000e+03
3.999908453771941822e+03
3.999908297609475994e+03
3.999909515513301812e+03
3.999908280890618244e+03
3.999907520876923627e+03
3.999910310230342020e+03
3.999910240172686372e+03
3.999909238963981352e+03
3.999909510261524247e+03
3.999911474418770013e+03
3.999909651532319913e+03
3.999910856899778082e+03
3.999912684997570523e+03
3.999912168091439071e+03
3.999911243905791707e+03
3.999913095420441095e+03
3.999913937796152368e+03
3.999914021677384426e+03
3.999910496428437455e+03
3.999911739034949733e+03
3.999909391899262118e+03
3.999909309409546040e+03
3.999908855703653444e+03
3.999910893035356821e+03
3.999910049362302743e+03
3.999909957726927132e+03
3.999910584767121236e+03
3.999905913556389351e+03
3.999906721354277124e+03
3.999905752754043988e+03
3.999904177705899201e+03
3.999903914584903305e+03
3.999907511711599909e+03
3.999911021582405283e+03
3.999911106001512508e+03
3.999912340399388086e+03
3.999915595796366688e+03
3.999916222730744266e+03
3.999917445832576959e+03
3.999915412981655209e+03
3.999915296782089627e+03
3.999914381194178986e+03
3.999915924031238319e+03
3.999913745210513753e+03
3.999915904557593876e+03
3.999917633652491077e+03
3.999919134378702893e+03
3.999916898813970420e+03
3.999917963971827703e+03
3.999914924664698447e+03
3.999915065713610147e+03
3.999917876702092144e+03
3.999918390683947564e+03
3.999920745615185297e+03
3.999918921642460191e+03
3.999916568826573894e+03
3.999918344984930172e+03
3.999917436323061338e+03
3.999915433173510792e+03
3.999913821719468615e+03
3.999910824414391300e+03
3.999910390897083744e+03
3.999911426042568110e+03
3.999912406045097669e+03
3.999910412433378951e+03
3.999914559326414746e+03
3.999913880389436599e+03
3.999914039032398250e+03
3.999913294094333196e+03
3.999911820510950747e+03
3.999910876009447293e+03
3.999912659683301627e+03
3.999908023102994775e+03
3.999908862468842472e+03
3.999907488050548636e+03
3.999907681104250514e+03
3.999907833976221809e+03
3.999907969294411942e+03
3.999908582169532110e+03
3.999909157771664923e+03
3.999909774111619299e+03
3.999911074297397136e+03
3.999913542345220776e+03
3.999911811871811096e+03
3.999912652271207662e+03
3.999914125797595716e+03
3.999910568608917401e+03
3.999909281974825262e+03
3.999910614159461602e+03
3.999911446276897095e+03
3.999913088349821464e+03
3.999915169083044930e+03
3.999915587503206098e+03
3.999916450696738139e+03
3.999915594636908281e+03
3.999917333843855431e+03
3.999915505612775178e+03
3.999914072571428278e+03
3.999916323004390961e+03
3.999913740537298963e+03
3.999914440594115604e+03
3.999913405537028666e+03
3.999911949389176243e+03
3.999917494383554640e+03
3.999915702769387281e+03
3.999912642484522166e+03
3.999915045297448614e+03
3.999915398925930731e+03
3.999918950606827821e+03
3.999922244454811334e+03
3.999921813729069981e+03
3.999920609397941917e+03
3.999924160857789957e+03
3.999924799364296632e+03
3.999924517713811838e+03
3.999926451421624279e+03
3.999928405589439080e+03
3.999931316559212519e+03
3.999930510551337647e+03
3.999931469996906799e+03
3.999928018889802843e+03
3.999929858154760495e+03
3.999928566015230444e+03
3.999931480943670522e+03
3.999932645481811051e+03
3.999934520357897782e+03
3.999931978117530434e+03
3.999932281050228994e+03
3.999929554413352434e+03
3.999926972422171275e+03
3.999923721805824698e+03
3.999918984949048536e+03
3.999915374036650974e+03
3.999914125125096234e+03
3.999914821435248996e+03
3.999917113884866922e+03
3.999918804072459352e+03
3.999920579162794638e+03
3.999922410270240562e+03
3.999918721404863390e+03
3.999917211272495024e+03
3.999916491316884276e+03
3.999918296145250224e+03
3.999917726948836389e+03
3.999919203472669778e+03
3.999917557815658256e+03
3.999916164864982420e+03
3.999914617068265670e+03
3.999914285064743126e+03
3.999915598325112569e+03
3.999916837907212994e+03
3.999915696815821320e+03
3.999914078794118268e+03
3.999915995223449499e+03
3.999923231794602543e+03
3.999923224087624931e+03
3.999923095580475092e+03
3.999923189982777330e+03
3.999923355742090280e+03
3.999923696584247864e+03
3.999923066377386476e+03
3.999923469938079506e+03
3.999922539274099108e+03
3.999924654864189506e+03
3.999923208611617611e+03
3.999921006209472125e+03
3.999920189659725565e+03
3.999922116197052674e+03
3.999920606313422013e+03
3.999920050041116156e+03
3.999918396771994139e+03
3.999917232335890276e+03
3.999921366709903396e+03
3.999925211374596074e+03
3.999923853518352644e+03
3.999929761910180787e+03
3.999935368237445800e+03
3.999933001927536225e+03
3.999932578825053497e+03
3.999933523158374101e+03
3.999933592686693828e+03
3.999936532265623555e+03
3.999941615013430692e+03
3.999943109792845007e+03
3.999944902700989587e+03
3.999943226414322453e+03
3.999941925116695074e+03
3.999941211749144259e+03
3.999939909616949535e+03
3.999938023568107383e+03
3.999938973158910812e+03
3.999940335623692135e+03
3.999939977934957824e+03
3.999940900453577797e+03
3.999940098171742648e+03
3.999940824672236431e+03
3.999939246710454881e+03
3.999936820507693028e+03
3.999938630639613166e+03
3.999940255747532774e+03
3.999939107884396890e+03
3.999938867008023863e+03
3.999937565587096742e+03
3.999935913355895991e+03
3.999937747077280619e+03
3.999938322366557259e+03
3.999936163927714006e+03
3.999933109039165629e+03
3.999931901403880147e+03
3.999930734448054864e+03
3.999932730195076147e+03
3.999932446663820883e+03
3.999936043296551816e+03
3.999937550265568461e+03
3.999936262676532351e+03
3.999936038703252507e+03
3.999938771745214581e+03
3.999940238534194577e+03
3.999941178483944441e+03
3.999942960407681312e+03
3.999942180941786319e+03
3.999941373250808738e+03
3.999941904000838804e+03
3.999940572495000652e+03
3.999940281246579616e+03
3.999936145403608862e+03
3.999938166155164254e+03
3.999939778993814343e+03
3.999935879126868258e+03
3.999932099890135305e+03
3.999937068013628959e+03
3.999937109825435527e+03
3.999936743464835217e+03
3.999937942913617917e+03
3.999938590792028663e+03
3.999938515170797018e+03
3.999938308860560483e+03
3.999938346178888423e+03
3.999938171365816288e+03
3.999937136082043708e+03
3.999935501896147343e+03
3.999936202815551496e+03
3.999936654536973037e+03
3.999933368178610635e+03
3.999933455399501327e+03
3.999935415022836423e+03
3.999934199440173870e+03
3.999931879574908635e+03
3.999933005201062770e+03
3.999932997601267743e+03
3.999927626346859597e+03
3.999929529118945993e+03
3.999930328660417672e+03
3.999927676025527035e+03
3.999926956356545361e+03
3.999929109257633627e+03
3.999926847366660695e+03
3.999923504892682558e+03
3.999925745520684359e+03
3.999927636743738731e+03
3.999922092467555103e+03
3.999925729051250983e+03
3.999925596304837200e+03
3.999926373144012359e+03
3.999924318032988140e+03
3.999927768983558963e+03
3.999926955065453967e+03
3.999930661674562998e+03
3.999929801172896532e+03
3.999931276742017417e+03
3.999929517608247806e+03
3.999928674043042065e+03
3.999929422972265002e+03
3.999926215036117810e+03
3.999928575694868414e+03
3.999928046396465106e+03
3.999930073907695714e+03
3.999922509537839233e+03
3.999921285322942822e+03
3.999920022447733572e+03
3.999917584686571900e+03
3.999922681284680493e+03
3.999922811984793952e+03
3.999922416186907867e+03
3.999923741201592293e+03
3.999921520305711510e+03
3.999920407905161483e+03
3.999915600459051802e+03
3.999914611480108306e+03
3.999913389089439534e+03
3.999910473224913858e+03
3.999909475380248296e+03
3.999909394773490021e+03
3.999909426413847541e+03
3.999910340546676252e+03
3.999910039395790591e+03
3.999910469224520511e+03
3.999910711481021735e+03
3.999908518936834753e+03
3.999906739956771617e+03
3.999906909579919102e+03
3.999906596379935309e+03
3.999906067991688815e+03
3.999907073795624456e+03
3.999908374641490809e+03
3.999911769038738385e+03
3.999910837424967667e+03
3.999911526469576529e+03
3.999914267952387945e+03
3.999913210159256323e+03
3.999916416523583393e+03
3.999916105711152341e+03
3.999914427490072740e+03
3.999914990962122374e+03
3.999912371332092789e+03
3.999912287862529865e+03
3.999912144597432416e+03
3.999911415014136310e+03
3.999910354665534669e+03
3.999910271715679301e+03
3.999912037568143660e+03
3.999913443107124294e+03
3.999915023143204962e+03
3.999915242825806672e+03
3.999918181940687191e+03
3.999916768911890813e+03
3.999911709357278141e+03
3.999913658113031943e+03
3.999914722006363718e+03
3.999915121186588749e+03
3.999911502011943867e+03
3.999912420677606860e+03
3.999909633259983821e+03
3.999909304376344608e+03
3.999906367202472666e+03
3.999909087324873326e+03
3.999907367006681397e+03
3.999910686014977728e+03
3.999913511424203080e+03
3.999913850598999943e+03
3.999908904761420217e+03
3.999911180273896207e+03
3.999910206464579005e+03
3.999908442241269768e+03
3.999910557284164952e+03
3.999914186201713164e+03
3.999912861006969251e+03
3.999913119373138670e+03
3.999912040165617782e+03
3.999914045053909831e+03
3.999915710671378747e+03
3.999917415650505063e+03
3.999919665875810097e+03
3.999918157561684438e+03
3.999919015090389166e+03
3.999919433257853598e+03
3.999914527718469799e+03
3.999917988905573111e+03
3.999915822097160799e+03
3.999914009238143535e+03
3.999912826377391411e+03
3.999915050901506220e+03
3.999915921895801603e+03
3.999916563474019767e+03
3.999918161831558791e+03
3.999917320259834014e+03
3.999917904065751372e+03
3.999913478859880797e+03
3.999915568463480668e+03
3.999914963879287825e+03
3.999909297658064588e+03
3.999912132482569632e+03
3.999912096624234437e+03
3.999913073976507349e+03
3.999913957277582085e+03
3.999917464617321912e+03
3.999915663544559720e+03
3.999915844710832516e+03
3.999917886974342309e+03
3.999911835330920439e+03
3.999912254752228364e+03
3.999907799115019770e+03
3.999909225097736453e+03
3.999912695128852647e+03
3.999920308635232232e+03
3.999915826724417457e+03
3.999917775570714184e+03
3.999922015259814088e+03
3.999920600846743127e+03
3.999917605154418197e+03
3.999906932544391566e+03
3.999914675267535131e+03
3.999907701803589134e+03
3.999910439697558559e+03
3.999907237927214737e+03
3.999904895102692990e+03
3.999904312450928501e+03
3.999902892600292489e+03
3.999903124584096076e+03
3.999902383994406591e+03
3.999905161682791913e+03
3.999904497457479465e+03
3.999903802856567381e+03
3.999908034556181974e+03
3.999903155736097688e+03
3.999903770890467513e+03
3.999904016920511822e+03
3.999896969381444251e+03
3.999895748435978476e+03
3.999896941612501450e+03
3.999896360827884109e+03
3.999900071222572478e+03
3.999904033651739610e+03
3.999902891630906652e+03
3.999904305857035069e+03
3.999911226571582574e+03
3.999911111262535087e+03
3.999901062947260925e+03
3.999903690998709408e+03
3.999911799614869324e+03
3.999909448781098035e+03
3.999912354087882250e+03
3.999908998208559751e+03
3.999906999717569306e+03
3.999895559793503708e+03
3.999893443733864842e+03
3.999886989915733011e+03
3.999890608149082709e+03
3.999894559661664061e+03
3.999893806355059951e+03
3.999894367118761238e+03
3.999897149115909997e+03
3.999887638670436900e+03
3.999893577484954676e+03
3.999892980793173137e+03
3.999898251573935340e+03
3.999902324319277795e+03
3.999906634697440495e+03
3.999910950522772964e+03
3.999903158467991034e+03
3.999909782573134635e+03
3.999907055819073321e+03
3.999904575156594547e+03
3.999896890206792250e+03
3.999900163116547901e+03
3.999910910012136810e+03
3.999910397274425577e+03
3.999907129298708242e+03
3.999902381741350382e+03
3.999895144843952949e+03
3.999888690504520127e+03
3.999884031788752054e+03
3.999887730335859942e+03
3.999886288272550701e+03
3.999881973263692089e+03
3.999881847710731108e+03
3.999884224395048022e+03
3.999882810195151251e+03
3.999877842724838501e+03
3.999877355132536650e+03
3.999874549769735495e+03
3.999876880849534700e+03
3.999883709428159364e+03
3.999884769838920874e+03
3.999887884391840089e+03
3.999881689552413263e+03
3.999887852066443429e+03
3.999890280183373761e+03
3.999888489078928160e+03
3.999892248706442388e+03
3.999886276621525212e+03
3.999886945609430768e+03
3.999889990196802046e+03
3.999886435547724886e+03
3.999884067132732980e+03
3.999883001506705568e+03
3.999881488163501217e+03
3.999886277887579126e+03
3.999886502115220992e+03
3.999889121335786513e+03
3.999887692680769760e+03
3.999886623078378761e+03
3.999887868874653577e+03
3.999886178644401298e+03
3.999889418440544887e+03
3.999886313751954276e+03
3.999887993133715554e+03
3.999889234124069844e+03
3.999893137882912470e+03
3.999890623291481006e+03
3.999893463555225935e+03
3.999889160781591727e+03
3.999884465722896948e+03
3.999878341771721352e+03
3.999869216815708569e+03
3.999864001853351056e+03
3.999868871873516582e+03
3.999867016682572284e+03
3.999868998492018363e+03
3.999869491103159817e+03
3.999871789411962254e+03
3.999872785980633125e+03
3.999870434662668231e+03
3.999868402143245021e+03
3.999873697134965823e+03
3.999878587648185203e+03
3.999888280106948059e+03
3.999892951945881578e+03
3.999893922309569462e+03
3.999892093472612032e+03
3.999897206921395991e+03
3.999893395538840650e+03
3.999892110803777996e+03
3.999886294445698240e+03
3.999887815621283607e+03
3.999887643861132347e+03
3.999886416324415222e+03
3.999891537601922209e+03
3.999885809240131039e+03
3.999884944169333266e+03
3.999880204967586906e+03
3.999878244261949021e+03
3.999881116830397332e+03
3.999885022281594502e+03
3.999888243588140540e+03
3.999889923329213161e+03
3.999887514819491116e+03
3.999878676462144995e+03
3.999877549012713644e+03
3.999868218654814882e+03
3.999871045114571643e+03
3.999873873395780265e+03
3.999870570320053503e+03
3.999873094610593853e+03
3.999877221436568561e+03
3.999870457969906056e+03
3.999866050704566533e+03
3.999855863883979055e+03
3.999851043576402844e+03
3.999843713876913171e+03
3.999838588240735589e+03
3.999838110405415591e+03
3.999830108374637803e+03
3.999831601601473267e+03
3.999836050655506369e+03
3.999828489894808627e+03
3.999824660905831934e+03
3.999820980798033816e+03
3.999821371124575307e+03
3.999822180214443961e+03
3.999819524772937712e+03
3.999817409331119052e+03
3.999824212346308741e+03
3.999829434216402660e+03
3.999827752037745995e+03
3.999826534542194167e+03
3.999828062783144560e+03
3.999831576860074165e+03
3.999828877722245579e+03
3.999831572393939950e+03
3.999826639834776415e+03
3.999825979325261414e+03
3.999825329725374559e+03
3.999823437004572042e+03
3.999821017177005615e+03
3.999822015000653209e+03
3.999825686339795993e+03
3.999828374578220519e+03
3.999820996666076553e+03
3.999826350137781901e+03
3.999819310625499384e+03
3.999825724136937879e+03
3.999822444107502179e+03
3.999819778413107088e+03
3.999818891318925580e+03
3.999821392261058918e+03
3.999819715720715521e+03
3.999833345733790338e+03
3.999828260129749651e+03
3.999830858912121585e+03
3.999830792982385447e+03
3.999834564300649163e+03
3.999838495292931839e+03
3.999840856536201500e+03
3.999847150395393328e+03
3.999847084904984058e+03
3.999857919870850310e+03
3.999857845855596679e+03
3.999853197187105252e+03
3.999857435219307717e+03
3.999858189416384448e+03
3.999848802406613686e+03
3.999854258282588944e+03
3.999858160002057957e+03
3.999860742285688957e+03
3.999867295828614260e+03
3.999873249818879685e+03
3.999874964757766065e+03
3.999878234902167605e+03
3.999881277365685037e+03
3.999879934533974847e+03
3.999879133805711717e+03
3.999880758837568465e+03
3.999889570968583030e+03
3.999887332466557837e+03
3.999889306363016203e+03
3.999893923349798115e+03
3.999895490060011525e+03
3.999897441135391091e+03
3.999891611045395621e+03
3.999896929016948889e+03
3.999903314467642758e+03
3.999904649622737907e+03
3.999896342667540466e+03
3.999899285342491567e+03
3.999900545262106789e+03
3.999891882148962395e+03
3.999898367880249680e+03
3.999897148607704821e+03
3.999897966946336055e+03
3.999899283678440497e+03
3.999908458879770933e+03
3.999904954800687392e+03
3.999895538975346881e+03
3.999897774927493174e+03
3.999902026899552311e+03
3.999900158096296309e+03
3.999892667138178695e+03
3.999887321472635904e+03
3.999895402320232733e+03
3.999885139824809812e+03
3.999879260863580839e+03
3.999886129285837796e+03
3.999886501155600854e+03
3.999881876282534449e+03
3.999878524057567574e+03
3.999880115076756283e+03
3.999878661432541776e+03
3.999880485847455475e+03
3.999879062445692853e+03
3.999875931912549277e+03
3.999874217071058411e+03
3.999868330735516338e+03
3.999862837138717168e+03
3.999859938510343909e+03
3.999868340150533641e+03
3.999868148734648457e+03
3.999867545271361905e+03
3.999862887660321121e+03
3.999866797628277254e+03
3.999860170661897428e+03
3.999850458122116834e+03
3.999854345286293210e+03
3.999863497092324906e+03
3.999860621887111847e+03
3.999860433914887835e+03
3.999856529477695858e+03
3.999851491142856503e+03
3.999848592172033023e+03
3.999857812343980640e+03
3.999858155109447125e+03
3.999856113942486445e+03
3.999853606939153451e+03
3.999854507567908058e+03
3.999854319843729627e+03
3.999859147521171508e+03
3.999849692702527591e+03
3.999856516179825121e+03
3.999853723230122341e+03
3.999868809551986033e+03
3.999869051050564394e+03
3.999867991662651548e+03
3.999868544266885692e+03
3.999866209920073288e+03
3.999873275255103181e+03
3.999869086535790302e+03
3.999873116486584877e+03
3.999869333076650946e+03
3.999861688309857527e+03
3.999860799412693268e+03
3.999863381482522072e+03
3.999873377236261149e+03
3.999871375337984318e+03
3.999865472674280227e+03
3.999869408737143658e+03
3.999867327506194215e+03
3.999868556395537780e+03
3.999858731777392222e+03
3.999863932522980576e+03
3.999870395715580344e+03
3.999881803772333114e+03
3.999880953224778295e+03
3.999869089666491163e+03
3.999866391340963219e+03
3.999864612380410108e+03
3.999864604043718373e+03
3.999863880199151026e+03
3.999862471864606505e+03
3.999857565801919009e+03
3.999861995503784328e+03
3.999865585100250883e+03
3.999871230717792059e+03
3.999868527310331046e+03
3.999859140323943393e+03
3.999856787069613347e+03
3.999857096229569379e+03
3.999846149712256192e+03
3.999850944651685950e+03
3.999841083182825514e+03
3.999831474493470068e+03
3.999828296693827269e+03
3.999838167260839327e+03
3.999831015504070820e+03
3.999829929779920349e+03
3.999833629370713879e+03
3.999834617784561033e+03
3.999835457193922139e+03
3.999829935200273212e+03
3.999831242047425349e+03
3.999836576481241082e+03
3.999838043565174758e+03
3.999836490599152057e+03
3.999840043345683625e+03
3.999836500285893635e+03
3.999837461680816887e+03
3.999838416631473592e+03
3.999842785486431239e+03
3.999845503209158778e+03
3.999844856023114971e+03
3.999849528282730716e+03
3.999851238013952297e+03
3.999846626900182855e+03
3.999856180249476893e+03
3.999864041875630392e+03
3.999866831928225110e+03
3.999870227217968022e+03
3.999870370754861597e+03
3.999866336622845665e+03
3.999876865766385436e+03
3.999877197879397499e+03
3.999866081188683893e+03
3.999857276758947592e+03
3.999851940311199087e+03
3.999857664735958224e+03
3.999856805902735232e+03
3.999851586474565011e+03
3.999853053765689765e+03
3.999860850828562434e+03
3.999859840802790131e+03
3.999857394839741119e+03
3.999856755519115723e+03
3.999851095044662088e+03
3.999849843631899148e+03
3.999840088432720677e+03
3.999837857502885527e+03
3.999836648461619461e+03
3.999836699942748965e+03
3.999840430844997172e+03
3.999838770462545199e+03
3.999835745172852512e+03
3.999835801117389565e+03
3.999822226352900998e+03
3.999836462562916950e+03
3.999838788853157894e+03
3.999844396902407425e+03
3.999844137002314255e+03
3.999836018552748101e+03
3.999837515630312282e+03
3.999845542167121039e+03
3.999840166166783547e+03
3.999830655933376420e+03
3.999828250374011532e+03
3.999831795143284126e+03
3.999836333696370730e+03
3.999830369628662083e+03
3.999823484082728100e+03
3.999824234924227767e+03
3.999830486920996918e+03
3.999829063710945775e+03
3.999815767167142894e+03
3.999807774812131356e+03
3.999805365496032209e+03
3.999813403295844637e+03
3.999825768205215809e+03
3.999822455880537291e+03
3.999818706335311617e+03
3.999832969632396271e+03
3.999839087568770083e+03
3.999836947585588405e+03
3.999838531873537249e+03
3.999829500491973704e+03
3.999832054503507152e+03
3.999818858213557178e+03
3.999817539371904331e+03
3.999824257241707528e+03
3.999824938623725302e+03
3.999818559046308565e+03
3.999835029360721364e+03
3.999843527523501052e+03
3.999838189558951854e+03
3.999829085601674706e+03
3.999841779670036885e+03
3.999833123205722131e+03
3.999833231212609462e+03
3.999836475077323485e+03
3.999835125598039212e+03
3.999846251849383862e+03
3.999845608711289515e+03
3.999824135723566997e+03
3.999812034262538418e+03
3.999807761223783928e+03
3.999809063193195925e+03
3.999787475358656138e+03
3.999773489804093060e+03
3.999774684589395292e+03
3.999756326698474368e+03
3.999765031992616514e+03
3.999770602588809197e+03
3.999781177610913346e+03
3.999765623721476913e+03
3.999767118882391969e+03
3.999765268613999979e+03
3.999758313338875723e+03
3.999772132122030143e+03
3.999761928358361729e+03
3.999756800576867136e+03
3.999764175319081005e+03
3.999765574916285459e+03
3.999755412934562628e+03
3.999747754941618041e+03
3.999753696110692090e+03
3.999761242471262904e+03
3.999756935181420431e+03
3.999750430220121871e+03
3.999733298278861639e+03
3.999725514306978766e+03
3.999736751662147071e+03
3.999736528876957891e+03
3.999742099697758022e+03
3.999753090423397225e+03
3.999744421103853711e+03
3.999738054765695324e+03
3.999722991889657351e+03
3.999731399507006245e+03
3.999743570516659929e+03
3.999728525374718629e+03
3.999714138781007932e+03
3.999724297807561470e+03
3.999719544324131675e+03
3.999725230408106199e+03
3.999720387357041545e+03
3.999710574141305187e+03
3.999717992827573653e+03
3.999705419407733189e+03
3.999720320714463014e+03
3.999705928811633385e+03
3.999704617879963280e+03
3.999690143565019298e+03
3.999692504754162201e+03
3.999691510450101305e+03
3.999696156437114041e+03
3.999699120009651779e+03
3.999692159497259127e+03
3.999687469825661992e+03
3.999696132030917852e+03
3.999694698569931916e+03
3.999696901436826465e+03
3.999706179942703329e+03
3.999709199385992633e+03
3.999711091876122737e+03
3.999703001960351230e+03
3.999716301670174289e+03
3.999704444914841588e+03
3.999705458277604066e+03
3.999694853795873769e+03
3.999692428185557219e+03
3.999692480202741990e+03
3.999684373442837114e+03
3.999676996902406245e+03
3.999683504214245204e+03
3.999680172125004447e+03
3.999671523621170309e+03
3.999675401087018145e+03
3.999671385930298129e+03
3.999668425432379991e+03
3.999665664012506113e+03
3.999667266953827493e+03
3.999662971377586018e+03
3.999675236094361480e+03
3.999681512190066769e+03
3.999680890135637583e+03
3.999678631076169495e+03
3.999681988891848505e+03
3.999682280798458578e+03
3.999681009310936588e+03
3.999682400388735914e+03
3.999672209943023063e+03
3.999669497427084480e+03
3.999669761008606656e+03
3.999671082142114301e+03
3.999681288354177468e+03
3.999677070643207571e+03
3.999685393629899863e+03
3.999697942111075008e+03
3.999691626564636863e+03
3.999682463265443857e+03
3.999686830205115712e+03
3.999684699916778300e+03
3.999689607061895913e+03
3.999672574167324456e+03
3.999660163598029612e+03
3.999657968679486203e+03
3.999660106973204620e+03
3.999664657843012264e+03
3.999656056882053690e+03
3.999675986827903216e+03
3.999683210756323660e+03
3.999687779700619103e+03
3.999672043771658537e+03
3.999670158194311171e+03
3.999670481449861200e+03
3.999660966021945569e+03
3.999652760126255998e+03
3.999647875912540712e+03
3.999654273636452217e+03
3.999657207639678290e+03
3.999655692234318849e+03
3.999668906570999297e+03
3.999668558632798522e+03
3.999670801362044131e+03
3.999662455677915204e+03
3.999655767688116612e+03
3.999648081877032382e+03
3.999646050284129160e+03
3.999659480359894587e+03
3.999657377747457758e+03
3.999674873671831847e+03
3.999686796807099199e+03
3.999678402230901611e+03
3.999665727331867402e+03
3.999667687774944625e+03
3.999661339604402201e+03
3.999678806674266070e+03
3.999683208143508637e+03
3.999688461855051173e+03
3.999680084380393509e+03
3.999678093873363196e+03
3.999673096366249410e+03
3.999686856796323355e+03
3.999690644854840684e+03
3.999697877483381490e+03
3.999712124175525787e+03
3.999696317741937492e+03
3.999698210450103943e+03
3.999704178173463333e+03
3.999698066488691438e+03
3.999691931703346654e+03
3.999699047771405731e+03
3.999693118597392640e+03
3.999685454252583440e+03
3.999677211504684237e+03
3.999682104806600819e+03
3.999686864672678894e+03
3.999679685688502104e+03
3.999663232377048189e+03
3.999663847121326398e+03
3.999671335809674929e+03
3.999675054620043738e+03
3.999682452008271866e+03
3.999691779868212961e+03
3.999696655626563370e+03
3.999706490248528553e+03
3.999702520740835553e+03
3.999702844991254551e+03
3.999707411635429708e+03
3.999708532465788267e+03
3.999724190421335607e+03
3.999695645099796820e+03
3.999684546267589212e+03
3.999690831778063966e+03
3.999696825073009222e+03
3.999710458187116274e+03
3.999696487117498236e+03
3.999696812011234670e+03
3.999712118786855171e+03
3.999724271357280486e+03
3.999728101060078188e+03
3.999713845574001425e+03
3.999718671807606825e+03
3.999720345990607711e+03
3.999717947656826254e+03
3.999708859088384543e+03
3.999697849000321185e+03
3.999694688917527856e+03
3.999695651694355547e+03
3.999692010195509283e+03
3.999696400122703380e+03
3.999678271555488209e+03
3.999676999515410444e+03
3.999663366807508282e+03
3.999676275589646593e+03
3.999678005349009709e+03
3.999673477043704224e+03
3.999672090349632981e+03
3.999666185487327311e+03
3.999674235843550832e+03
3.999684737481644333e+03
3.999682730009511033e+03
3.999685580937215946e+03
3.999676064091021090e+03
3.999685647093055650e+03
3.999681735350147392e+03
3.999683204086987644e+03
3.999674902512987956e+03
3.999680204272830451e+03
3.999681561150736798e+03
3.999677317505465453e+03
3.999683433571681235e+03
3.999686609530107035e+03
3.999689957081135617e+03
3.999691733444410602e+03
3.999699801079896588e+03
3.999697631625305348e+03
3.999695573256304669e+03
3.999698804467836908e+03
3.999706039381195296e+03
3.999711839445755686e+03
3.999715567814607766e+03
3.999717907291690608e+03
3.999724091405832496e+03
3.999722136044355466e+03
3.999739332918079981e+03
3.999738541689446720e+03
3.999734337751980547e+03
3.999720977183174000e+03
3.999721142875635451e+03
3.999719616983663855e+03
3.999726654932474958e+03
3.999727326927990816e+03
3.999727944825790473e+03
3.999722964085309741e+03
3.999728686393631961e+03
3.999732625902392101e+03
3.999734482267516796e+03
3.999731530263492004e+03
3.999723203081038264e+03
3.999731522481346474e+03
3.999734804210916991e+03
3.999739078112220795e+03
3.999728799568162685e+03
3.999716035234422179e+03
3.999725238165061000e+03
3.999730245881774408e+03
3.999736087163685625e+03
3.999734465324766006e+03
3.999727095881165496e+03
3.999724441764355561e+03
3.999725102662007430e+03
3.999719899169015207e+03
3.999720358811424376e+03
3.999717991308225010e+03
3.999715266959530254e+03
3.999722124638366040e+03
3.999720354704509191e+03
3.999722476699750132e+03
3.999736190668571453e+03
3.999739558997290260e+03
3.999758170339099252e+03
3.999770858444154328e+03
3.999770053226503478e+03
3.999764056190995234e+03
3.999768415055174955e+03
3.999768215858807707e+03
3.999771243917483389e+03
3.999779040924147921e+03
3.999785267738606308e+03
3.999786693201789149e+03
3.999786291297843036e+03
3.999787123747182250e+03
3.999793445835232887e+03
3.999783023325418981e+03
3.999775360860881847e+03
3.999773009951330550e+03
3.999759213028798058e+03
3.999757920702747015e+03
3.999756160429396004e+03
3.999750011316159998e+03
3.999750543790627489e+03
3.999763304725527178e+03
3.999758221455657804e+03
3.999758316543170622e+03
3.999762639521583424e+03
3.999774084517717256e+03
3.999773586896537836e+03
3.999787880063279772e+03
3.999779738003640432e+03
3.999782661140847722e+03
3.999786221349488642e+03
3.999789616370357635e+03
3.999784224760246616e+03
3.999780438770349065e+03
3.999775833300689101e+03
3.999775490511247426e+03
3.999782318541525910e+03
3.999794042865814845e+03
3.999788956531776421e+03
3.999786467326297497e+03
3.999773989022569367e+03
3.999770948310327640e+03
3.999768434308234646e+03
3.999772631620239281e+03
3.999774646607336763e+03
3.999769330330746016e+03
3.999766572016456394e+03
3.999760396691309325e+03
3.999764286217360223e+03
3.999758768265957315e+03
3.999760208055658040e+03
3.999756807163291342e+03
3.999750798743993528e+03
3.999758374578615985e+03
3.999757702323021476e+03
3.999758057949721206e+03
3.999760466344651832e+03
3.999754958072057889e+03
3.999749669913080197e+03
3.999754052916762248e+03
3.999758109722900372e+03
3.999754890252613222e+03
3.999760029967687842e+03
3.999759375200812428e+03
3.999753858628192575e+03
3.999755635539845116e+03
3.999748132493550202e+03
3.999748600217701096e+03
3.999749610583507092e+03
3.999745104934657320e+03
3.999745338372323204e+03
3.999751704075431462e+03
3.999748194446678554e+03
3.999749895102053415e+03
3.999752955155460313e+03
3.999745528208755331e+03
3.999760065187278087e+03
3.999760314699854462e+03
3.999752759552578937e+03
3.999756165210930249e+03
3.999757168706855282e+03
3.999772909068191439e+03
3.999764969449738601e+03
3.999761009720296443e+03
3.999764628571803314e+03
3.999765024893399186e+03
3.999761384118528895e+03
3.999775345812100113e+03
3.999783689680186853e+03
3.999780729899208836e+03
3.999785160492782779e+03
3.999793180447617488e+03
3.999799679988865591e+03
3.999796002824534753e+03
3.999806159161839787e+03
3.999802043105642497e+03
3.999799979575360794e+03
3.999805867245582704e+03
3.999800799649761757e+03
3.999812700259743906e+03
3.999805560879855420e+03
3.999801418067770555e+03
3.999798414619710002e+03
3.999793321274550181e+03
3.999790540257020439e+03
3.999786676774760508e+03
3.999786154667499432e+03
3.999787837819902052e+03
3.999798780063374124e+03
3.999803764154120472e+03
3.999810703139095949e+03
3.999832262166653436e+03
3.999828869018611840e+03
3.999823001528170607e+03
3.999827287837149925e+03
3.999811142392321472e+03
3.999821787528239383e+03
3.999820897743633395e+03
3.999820546386966726e+03
3.999813592737200906e+03
3.999812124317096277e+03
3.999822700419996181e+03
3.999825790892792611e+03
3.999843314903584997e+03
3.999853963589227533e+03
3.999845511599267411e+03
3.999850322487943231e+03
3.999840350970467171e+03
3.999840166829255850e+03
3.999842835492785525e+03
3.999856213835942071e+03
3.999859000970183388e+03
3.999850767451433967e+03
3.999855724385103258e+03
3.999857388108399846e+03
3.999844520423060658e+03
3.999852887109536823e+03
3.999852425962121742e+03
3.999858996063553150e+03
3.999853605623060503e+03
3.999859379177734354e+03
3.999845642484888231e+03
3.999848059438343626e+03
3.999847401916425952e+03
3.999836269225610522e+03
3.999829221898763535e+03
3.999819113736243708e+03
3.999809757033795449e+03
3.999795246433367083e+03
3.999782955762246729e+03
3.999785938430987699e+03
3.999784218671966300e+03
3.999776831575554752e+03
3.999773154400352723e+03
3.999791036594296656e+03
3.999788236387976212e+03
3.999802241147721816e+03
3.999799491683863835e+03
3.999800714001508823e+03
3.999783923020881502e+03
3.999795008638717263e+03
3.999792928961199777e+03
3.999796431256542746e+03
3.999798395645249457e+03
3.999778760847611466e+03
3.999789829231707245e+03
3.999785210368886510e+03
3.999786109103037234e+03
3.999773269501351479e+03
3.999792545332514692e+03
3.999799103438936527e+03
3.999802910585923200e+03
3.999809610689514557e+03
3.999813371753264619e+03
3.999796503519635280e+03
3.999789369239119424e+03
3.999805235965451175e+03
3.999821876867225001e+03
3.999827190680290641e+03
3.999830995234365218e+03
3.999834999553297166e+03
3.999824960565753827e+03
3.999839064843198685e+03
3.999840682233802909e+03
3.999847245058487715e+03
3.999845751579094667e+03
3.999842264594220069e+03
3.999839030248022482e+03
3.999836708210703364e+03
3.999833440499074641e+03
3.999840382588131888e+03
3.999844664444214686e+03
3.999833964594856752e+03
3.999828442681061006e+03
3.999836461789398527e+03
3.999821904569673734e+03
3.999836144232003335e+03
3.999829448289308402e+03
3.999821710867061483e+03
3.999815761822022523e+03
3.999830673554733494e+03
3.999824915821725426e+03
3.999822605235693572e+03
3.999813353990507949e+03
3.999813417741962894e+03
3.999798755696161152e+03
3.999805780494911232e+03
3.999815130988956753e+03
3.999820573804201558e+03
3.999827336502046819e+03
3.999826058684608142e+03
3.999831848183699094e+03
3.999829418382293170e+03
3.999814601924655562e+03
3.999816913455986651e+03
3.999822953088779741e+03
3.999831288982620663e+03
3.999828264048891015e+03
3.999834990598278182e+03
3.999838820707022933e+03
3.999846947473217824e+03
3.999844687972516567e+03
3.999849995264289646e+03
3.999867653757839435e+03
3.999872910809029236e+03
3.999866130788466762e+03
3.999864580793666846e+03
3.999848440983047567e+03
3.999866946082789582e+03
3.999862793849220452e+03
3.999854121049794230e+03
3.999840448419456152e+03
3.999817076176159389e+03
3.999816314678110757e+03
3.999795486618523228e+03
3.999802164395043746e+03
3.999795757146053802e+03
3.999784740458264878e+03
3.999788148721123889e+03
3.999792954500558608e+03
3.999809712668110478e+03
3.999809364478693169e+03
3.999800100249334264e+03
3.999806081443678522e+03
3.999822445299055289e+03
3.999824761863356798e+03
3.999829546452991508e+03
3.999833025877422187e+03
3.999835183071783376e+03
3.999833284430244930e+03
3.999829967515932822e+03
3.999821702354709032e+03
3.999833708092163761e+03
3.999830169456676231e+03
3.999824218782232947e+03
3.999821454028618064e+03
3.999818739124160402e+03
3.999814805749796051e+03
3.999825721253180745e+03
3.999815058498367307e+03
3.999804886826403163e+03
3.999812896097551402e+03
3.999807773061071657e+03
3.999799410293925575e+03
3.999818443361265508e+03
3.999807964028933839e+03
3.999803193812428617e+03
3.999794415038767056e+03
3.999770207518508414e+03
3.999764469435045612e+03
3.999772315463579616e+03
3.999782997143885041e+03
3.999777889166228761e+03
3.999783153275847781e+03
3.999775559205208538e+03
3.999788046413165830e+03
3.999779069146150960e+03
3.999784177797007032e+03
3.999786993773077938e+03
3.999774323144740720e+03
3.999784546939297798e+03
3.999784896365589702e+03
3.999785333045044354e+03
3.999786349449780573e+03
3.999788968821826984e+03
3.999783717067974521e+03
3.999785623213937470e+03
3.999783860373896914e+03
3.999771930005354534e+03
3.999766968505958175e+03
3.999773917605609313e+03
3.999771052041451640e+03
3.999772373842803518e+03
3.999776920161926682e+03
3.999780253951787017e+03
3.999778810799385610e+03
3.999786786637850128e+03
3.999766500840119988e+03
3.999779140939945137e+03
3.999770559020029395e+03
3.999772516734235978e+03
3.999785573493521042e+03
3.999788776393016178e+03
3.999776443819416272e+03
3.999773886154883712e+03
3.999769583115307796e+03
3.999765064242428252e+03
3.999763311994373453e+03
3.999760931669242382e+03
3.999740421214974504e+03
3.999745105826196323e+03
3.999761650462596208e+03
3.999759027534883899e+03
3.999736615213645564e+03
3.999731634313753148e+03
3.999736352224136226e+03
3.999742114272490198e+03
3.999739674121666212e+03
3.999727055181112519e+03
3.999721576394018939e+03
3.999717923251255343e+03
3.999703801660715271e+03
3.999710390955411185e+03
3.999715935312355214e+03
3.999725730980778280e+03
3.999731015505656615e+03
3.999734680250784095e+03
3.999726501467928301e+03
3.999726509168990560e+03
3.999729807659009111e+03
3.999699939956061826e+03
3.999683308264194693e+03
3.999687912603244968e+03
3.999689115819050585e+03
3.999685202890394521e+03
3.999703574720483630e+03
3.999716490394299399e+03
3.999713748572562963e+03
3.999723953874955441e+03
3.999713236896801391e+03
3.999711979588606027e+03
3.999705568574825975e+03
3.999710816823475398e+03
3.999690652448584387e+03
3.999682636394357360e+03
3.999689970463069585e+03
3.999688108556926636e+03
3.999695181679700454e+03
3.999685589442710807e+03
3.999672817844717883e+03
3.999656494693694185e+03
3.999660969923640096e+03
3.999653002857744468e+03
3.999670812442695933e+03
3.999662157157756155e+03
3.999680789455403556e+03
3.999690990795655125e+03
3.999685880664610522e+03
3.999696917580447916e+03
3.999680082542439322e+03
3.999659450621125870e+03
3.999652056583834110e+03
3.999652944953457791e+03
3.999630012439911297e+03
3.999639962667210966e+03
3.999644361626053978e+03
3.999654616681989410e+03
3.999668875884296085e+03
3.999679032535792885e+03
3.999671379007641917e+03
3.999655879046442351e+03
3.999673645679110450e+03
3.999696604209762427e+03
3.999688378965550328e+03
3.999695754623954144e+03
3.999696775382385113e+03
3.999704307725276976e+03
3.999689282159064987e+03
3.999690920536987960e+03
3.999716153392945216e+03
3.999694123008564475e+03
3.999697169838523223e+03
3.999702463806037031e+03
3.999682199660678634e+03
3.999698281924360344e+03
3.999684932197691523e+03
3.999688201321276210e+03
3.999709953727211541e+03
3.999716630595596598e+03
3.999716403383137276e+03
3.999716704985406977e+03
3.999697899840235550e+03
3.999703774286405860e+03
3.999716877910088442e+03
3.999719083003984451e+03
3.999727027698852908e+03
3.999761932276763218e+03
3.999757481191475108e+03
3.999745534923560626e+03
3.999739291517753827e+03
3.999719215832850750e+03
3.999696424079846565e+03
3.999691812035167914e+03
3.999675947245694715e+03
3.999709540082430522e+03
3.999714786887035189e+03
3.999720998861482713e+03
3.999696379997496933e+03
3.999694939349468314e+03
3.999690258077028830e+03
3.999704359145140643e+03
3.999708066380534547e+03
3.999695868754088224e+03
3.999699012141542426e+03
3.999710888129981413e+03
3.999721489435403782e+03
3.999746619245820057e+03
3.999759169141334951e+03
3.999748100978089951e+03
3.999757518482885189e+03
3.999753881753019868e+03
3.999750498504613915e+03
3.999744790470163025e+03
3.999738079469854256e+03
3.999754962526647887e+03
3.999759244228297121e+03
3.999742546796637271e+03
3.999757666119910027e+03
3.999775795131318773e+03
3.999758979063562947e+03
3.999764308600616914e+03
3.999765745949815027e+03
3.999768539678782417e+03
3.999778873572171960e+03
3.999765459530255612e+03
3.999764337398582938e+03
3.999752353389659675e+03
3.999770754556000611e+03
3.999785609558525721e+03
3.999776105598130471e+03
3.999741514865950194e+03
3.999733361895905546e+03
3.999741252108428853e+03
3.999760335204739022e+03
3.999786742791626693e+03
3.999782399621626155e+03
3.999765751601180455e+03
3.999752466062896474e+03
3.999736188159903122e+03
3.999733390080892605e+03
3.999733734311981607e+03
3.999729111862308855e+03
3.999725124345610311e+03
3.999721539620899421e+03
3.999709113407293444e+03
3.999700412278776184e+03
3.999715021370512204e+03
3.999717606842161786e+03
3.999719479856884846e+03
3.999694199165578539e+03
3.999714788592758850e+03
3.999681895380279457e+03
3.999667035997125822e+03
3.999663932149779612e+03
3.999650693911590224e+03
3.999629092904641766e+03
3.999647577349660878e+03
3.999645605408466054e+03
3.999637577226958456e+03
3.999638498317136509e+03
3.999644654327653825e+03
3.999652634210694032e+03
3.999659535291995326e+03
3.999637515547954990e+03
3.999614910257135762e+03
3.999613911410893706e+03
3.999625673536976592e+03
3.999606696754576205e+03
3.999592631665126191e+03
3.999596085233943541e+03
3.999616222074275356e+03
3.999597746796078354e+03
3.999624893169493134e+03
3.999621249448379331e+03
3.999621141339217047e+03
3.999614155607519933e+03
3.999599744359459692e+03
3.999576745871875119e+03
3.999579262278926763e+03
3.999552402060960503e+03
3.999551248701463464e+03
3.999533593187143197e+03
3.999529625267020947e+03
3.999540220742692782e+03
3.999543619723500797e+03
3.999549306109123336e+03
3.999542799592332358e+03
3.999535623705522994e+03
3.999525006461724843e+03
3.999511964932949468e+03
3.999540911192254043e+03
3.999524954942005479e+03
3.999563738952823769e+03
3.999572017198768663e+03
3.999565400910329117e+03
3.999558756167396950e+03
3.999557369681785076e+03
3.999561566808445605e+03
3.999548228772339371e+03
3.999549138354667321e+03
3.999583964447890594e+03
3.999571085398336891e+03
3.999558438683138320e+03
3.999561153053956332e+03
3.999554997437344809e+03
3.999542581022280501e+03
3.999515437007699802e+03
3.999525342608471874e+03
3.999527977344072497e+03
3.999535579079435138e+03
3.999528487803941971e+03
3.999530859325364418e+03
3.999530376905678168e+03
3.999522892258289630e+03
3.999505590910916908e+03
3.999481868536430738e+03
3.999485534391377769e+03
3.999493393742076023e+03
3.999492174821830304e+03
3.999510014672586749e+03
3.999508243117318671e+03
3.999507918014708594e+03
3.999499225011189992e+03
3.999491249215433982e+03
3.999488689363881349e+03
3.999499834233887668e+03
3.999488115604571703e+03
3.999490340334339180e+03
3.999485906981391054e+03
3.999492576866010495e+03
3.999472705267786750e+03
3.999450205775496670e+03
3.999448700501793610e+03
3.999478786929426406e+03
3.999490023213455515e+03
3.999504079661059222e+03
3.999531336734109573e+03
3.999525375577066825e+03
3.999509272456853978e+03
3.999472916265023741e+03
3.999476806361533818e+03
3.999462042305144678e+03
3.999460069259435386e+03
3.999453424591221847e+03
3.999460107136159877e+03
3.999495548798281561e+03
3.999491466248334291e+03
3.999489766925325512e+03
3.999484145390253616e+03
3.999504343070920186e+03
3.999487811660454554e+03
3.999477645578039755e+03
3.999510669272275663e+03
3.999515539431462912e+03
3.999540254131414713e+03
3.999557406492233895e+03
3.999557597343012276e+03
3.999533289294908627e+03
3.999512381807272050e+03
3.999495973034805957e+03
3.999494011033302741e+03
3.999500984998284821e+03
3.999528507008477391e+03
3.999519971190678916e+03
3.999539053604650690e+03
3.999550041315600993e+03
3.999545614897212545e+03
3.999525974630121254e+03
3.999519890905428838e+03
3.999517681157400602e+03
3.999507802358591107e+03
3.999501405316673754e+03
3.999505952687645276e+03
3.999529303077629720e+03
3.999524370811572680e+03
3.999538013252021756e+03
3.999568982575156042e+03
3.999577268091066344e+03
3.999573940945356753e+03
3.999565229013785938e+03
3.999565960397354502e+03
3.999586154529742089e+03
3.999612302358253601e+03
3.999594576664807846e+03
3.999624287924226337e+03
3.999642550612524246e+03
3.999634342718749849e+03
3.999614996654430797e+03
3.999593566457248471e+03
3.999591629687024579e+03
3.999621255128720804e+03
3.999609827909016076e+03
3.999607282996897993e+03
3.999631567432138581e+03
3.999629489332113735e+03
3.999625842911133077e+03
3.999623946539053122e+03
3.999629763230424032e+03
3.999647266233028859e+03
3.999653858764909728e+03
3.999652991958935672e+03
3.999659239169283865e+03
3.999696421986619953e+03
3.999725330502123597e+03
3.999759682544076895e+03
3.999758715439520529e+03
3.999753123448116185e+03
3.999756557058996805e+03
3.999747302832432979e+03
3.999729372599626458e+03
3.999741278477215928e+03
3.999760599590693801e+03
3.999756715826161781e+03
3.999763924367302025e+03
3.999784814720951545e+03
3.999759055930392606e+03
3.999739845828419675e+03
3.999753939189812627e+03
3.999751222466725721e+03
3.999806277879029039e+03
3.999820720440656714e+03
3.999833654724006010e+03
3.999799234506722769e+03
3.999781498641195867e+03
3.999744743177294822e+03
3.999743042703978972e+03
3.999761396697773762e+03
3.999756164436224026e+03
3.999757786922766627e+03
3.999730708714233515e+03
3.999710463648812947e+03
3.999700272793998465e+03
3.999670756896180592e+03
3.999672412980443369e+03
3.999693711360798261e+03
3.999704566144713681e+03
3.999736020674753036e+03
3.999758636017278150e+03
3.999783872865857120e+03
3.999768625443057317e+03
3.999808506144745934e+03
3.999809481037634669e+03
3.999804018852010358e+03
3.999811832507770760e+03
3.999828722096746333e+03
3.999823210344731251e+03
3.999830188777444619e+03
3.999857025012157465e+03
3.999851367127795584e+03
3.999860519317902799e+03
3.999830222986629451e+03
3.999833937637033159e+03
3.999827325409063633e+03
3.999810410815992782e+03
3.999796546338440749e+03
3.999795248701446326e+03
3.999773552396045943e+03
3.999771889819245644e+03
3.999800154619891146e+03
3.999829287693304650e+03
3.999808674621317550e+03
3.999798426309806018e+03
3.999797002667370634e+03
3.999783661285497146e+03
3.999785687935257101e+03
3.999800778369730324e+03
3.999782455263553857e+03
3.999795653667407805e+03
3.999816860776664726e+03
3.999808232058835074e+03
3.999758323156370352e+03
3.999794823285459643e+03
3.999795124743816814e+03
3.999753229910265418e+03
3.999753313583202271e+03
3.999754659917197387e+03
3.999748284966897245e+03
3.999774967921906409e+03
3.999774509372469765e+03
3.999748009940842621e+03
3.999746442374743310e+03
3.999743470607970721e+03
3.999766073674691597e+03
3.999774625776756693e+03
3.999780994482065580e+03
3.999783788004519465e+03
3.999786080414026856e+03
3.999746040248866848e+03
3.999757811633028268e+03
3.999782276707145229e+03
3.999772297643391084e+03
3.999777190195408366e+03
3.999816151284042007e+03
3.999813794008058721e+03
3.999835610414924759e+03
3.999824909627261604e+03
3.999810725623328835e+03
3.999791391209129415e+03
