9.000000000000000000e+03
8.999151471862576727e+03
8.998302943725153455e+03
8.997454415587730182e+03
8.996605887450306909e+03
8.995757359312883636e+03
8.994908831175460364e+03
8.994060303038037091e+03
8.993211774900613818e+03
8.992363246763190546e+03
8.991514718625767273e+03
8.990666190488344000e+03
8.989817662350920727e+03
8.988969134213497455e+03
8.988120606076074182e+03
8.987272077938650909e+03
8.986423549801227637e+03
8.985575021663804364e+03
8.984726493526381091e+03
8.983877965388957819e+03
8.983029437251534546e+03
8.982180909114111273e+03
8.981332380976688000e+03
8.980483852839264728e+03
8.979635324701841455e+03
8.978786796564418182e+03
8.977938268426994910e+03
8.977089740289571637e+03
8.976241212152148364e+03
8.975392684014725091e+03
8.974544155877301819e+03
8.973695627739878546e+03
8.972847099602455273e+03
8.971998571465032001e+03
8.971150043327608728e+03
8.970301515190185455e+03
8.969452987052762182e+03
8.968604458915338910e+03
8.967755930777915637e+03
8.966907402640492364e+03
8.966058874503069092e+03
8.965210346365645819e+03
8.964361818228222546e+03
8.963513290090799273e+03
8.962664761953376001e+03
8.961816233815952728e+03
8.960967705678529455e+03
8.960119177541106183e+03
8.959270649403682910e+03
8.958422121266259637e+03
8.957573593128836364e+03
8.956725064991413092e+03
8.955876536853989819e+03
8.955028008716566546e+03
8.954179480579143274e+03
8.953330952441720001e+03
8.952482424304296728e+03
8.951633896166873456e+03
8.950785368029450183e+03
8.949936839892026910e+03
8.949088311754603637e+03
8.948239783617180365e+03
8.947391255479757092e+03
8.946542727342333819e+03
8.945694199204910547e+03
8.944845671067487274e+03
8.943997142930064001e+03
8.943148614792640728e+03
8.942300086655217456e+03
8.941451558517794183e+03
8.940603030380370910e+03
8.939754502242947638e+03
8.938905974105524365e+03
8.938057445968101092e+03
8.937208917830677819e+03
8.936360389693254547e+03
8.935511861555831274e+03
8.934663333418408001e+03
8.933814805280984729e+03
8.932966277143561456e+03
8.932117749006138183e+03
8.931269220868714910e+03
8.930420692731291638e+03
8.929572164593868365e+03
8.928723636456445092e+03
8.927875108319021820e+03
8.927026580181598547e+03
8.926178052044175274e+03
8.925329523906752001e+03
8.924480995769328729e+03
8.923632467631905456e+03
8.922783939494482183e+03
8.921935411357058911e+03
8.921086883219635638e+03
8.920238355082212365e+03
8.919389826944789093e+03
8.918541298807365820e+03
8.917692770669942547e+03
8.916844242532519274e+03
8.915995714395096002e+03
8.915147186257672729e+03
8.914298658120249456e+03
8.913450129982826184e+03
8.912601601845402911e+03
8.911753073707979638e+03
8.910904545570556365e+03
8.910056017433133093e+03
8.909207489295709820e+03
8.908358961158286547e+03
8.907510433020863275e+03
8.906661904883440002e+03
8.905813376746016729e+03
8.904964848608593456e+03
8.904116320471170184e+03
8.903267792333746911e+03
8.902419264196323638e+03
8.901570736058900366e+03
8.900722207921477093e+03
8.899873679784053820e+03
8.899025151646630547e+03
8.898176623509207275e+03
8.897328095371784002e+03
8.896479567234360729e+03
8.895631039096937457e+03
8.894782510959514184e+03
8.893933982822090911e+03
8.893085454684667639e+03
8.892236926547244366e+03
8.891388398409821093e+03
8.890539870272397820e+03
8.889691342134974548e+03
8.888842813997551275e+03
8.887994285860128002e+03
8.887145757722704730e+03
8.886297229585281457e+03
8.885448701447858184e+03
8.884600173310434911e+03
8.883751645173011639e+03
8.882903117035588366e+03
8.882054588898165093e+03
8.881206060760741821e+03
8.880357532623318548e+03
8.879509004485895275e+03
8.878660476348472002e+03
8.877811948211048730e+03
8.876963420073625457e+03
8.876114891936202184e+03
8.875266363798778912e+03
8.874417835661355639e+03
8.873569307523932366e+03
8.872720779386509093e+03
8.871872251249085821e+03
8.871023723111662548e+03
8.870175194974239275e+03
8.869326666836816003e+03
8.868478138699392730e+03
8.867629610561969457e+03
8.866781082424546184e+03
8.865932554287122912e+03
8.865084026149699639e+03
8.864235498012276366e+03
8.863386969874853094e+03
8.862538441737429821e+03
8.861689913600006548e+03
8.860841385462583276e+03
8.859992857325160003e+03
8.859144329187736730e+03
8.858295801050313457e+03
8.857447272912890185e+03
8.856598744775466912e+03
8.855750216638043639e+03
8.854901688500620367e+03
8.854053160363197094e+03
8.853204632225773821e+03
8.852356104088350548e+03
8.851507575950927276e+03
8.850659047813504003e+03
8.849810519676080730e+03
8.848961991538657458e+03
8.848113463401234185e+03
8.847264935263810912e+03
8.846416407126387639e+03
8.845567878988964367e+03
8.844719350851541094e+03
8.843870822714117821e+03
8.843022294576694549e+03
8.842173766439271276e+03
8.841325238301848003e+03
8.840476710164424730e+03
8.839628182027001458e+03
8.838779653889578185e+03
8.837931125752154912e+03
8.837082597614731640e+03
8.836234069477308367e+03
8.835385541339885094e+03
8.834537013202461821e+03
8.833688485065038549e+03
8.832839956927615276e+03
8.831991428790192003e+03
8.831142900652768731e+03
8.830294372515345458e+03
8.829445844377922185e+03
8.828597316240498913e+03
8.827748788103075640e+03
8.826900259965652367e+03
8.826051731828229094e+03
8.825203203690805822e+03
8.824354675553382549e+03
8.823506147415959276e+03
8.822657619278536004e+03
8.821809091141112731e+03
8.820960563003689458e+03
8.820112034866266185e+03
8.819263506728842913e+03
8.818414978591419640e+03
8.817566450453996367e+03
8.816717922316573095e+03
8.815869394179149822e+03
8.815020866041726549e+03
8.814172337904303276e+03
8.813323809766880004e+03
8.812475281629456731e+03
8.811626753492033458e+03
8.810778225354610186e+03
8.809929697217186913e+03
8.809081169079763640e+03
8.808232640942340367e+03
8.807384112804917095e+03
8.806535584667493822e+03
8.805687056530070549e+03
8.804838528392647277e+03
8.803990000255224004e+03
8.803141472117800731e+03
8.802292943980377459e+03
8.801444415842954186e+03
8.800595887705530913e+03
8.799747359568107640e+03
8.798898831430684368e+03
8.798050303293261095e+03
8.797201775155837822e+03
8.796353247018414550e+03
8.795504718880991277e+03
8.794656190743568004e+03
8.793807662606144731e+03
8.792959134468721459e+03
8.792110606331298186e+03
8.791262078193874913e+03
8.790413550056451641e+03
8.789565021919028368e+03
8.788716493781605095e+03
8.787867965644181822e+03
8.787019437506758550e+03
8.786170909369335277e+03
8.785322381231912004e+03
8.784473853094488732e+03
8.783625324957065459e+03
8.782776796819642186e+03
8.781928268682218913e+03
8.781079740544795641e+03
8.780231212407372368e+03
8.779382684269949095e+03
8.778534156132525823e+03
8.777685627995102550e+03
8.776837099857679277e+03
8.775988571720256004e+03
8.775140043582832732e+03
8.774291515445409459e+03
8.773442987307986186e+03
8.772594459170562914e+03
8.771745931033139641e+03
8.770897402895716368e+03
8.770048874758293096e+03
8.769200346620869823e+03
8.768351818483446550e+03
8.767503290346023277e+03
8.766654762208600005e+03
8.765806234071176732e+03
8.764957705933753459e+03
8.764109177796330187e+03
8.763260649658906914e+03
8.762412121521483641e+03
8.761563593384060368e+03
8.760715065246637096e+03
8.759866537109213823e+03
8.759018008971790550e+03
8.758169480834367278e+03
8.757320952696944005e+03
8.756472424559520732e+03
8.755623896422097459e+03
8.754775368284674187e+03
8.753926840147250914e+03
8.753078312009827641e+03
8.752229783872404369e+03
8.751381255734981096e+03
8.750532727597557823e+03
8.749684199460134550e+03
8.748835671322711278e+03
8.747987143185288005e+03
8.747138615047864732e+03
8.746290086910441460e+03
8.745441558773018187e+03
8.744593030635594914e+03
8.743744502498171641e+03
8.742895974360748369e+03
8.742047446223325096e+03
8.741198918085901823e+03
8.740350389948478551e+03
8.739501861811055278e+03
8.738653333673632005e+03
8.737804805536208733e+03
8.736956277398785460e+03
8.736107749261362187e+03
8.735259221123938914e+03
8.734410692986515642e+03
8.733562164849092369e+03
8.732713636711669096e+03
8.731865108574245824e+03
8.731016580436822551e+03
8.730168052299399278e+03
8.729319524161976005e+03
8.728470996024552733e+03
8.727622467887129460e+03
8.726773939749706187e+03
8.725925411612282915e+03
8.725076883474859642e+03
8.724228355337436369e+03
8.723379827200013096e+03
8.722531299062589824e+03
8.721682770925166551e+03
8.720834242787743278e+03
8.719985714650320006e+03
8.719137186512896733e+03
8.718288658375473460e+03
8.717440130238050187e+03
8.716591602100626915e+03
8.715743073963203642e+03
8.714894545825780369e+03
8.714046017688357097e+03
8.713197489550933824e+03
8.712348961413510551e+03
8.711500433276087279e+03
8.710651905138664006e+03
8.709803377001240733e+03
8.708954848863817460e+03
8.708106320726394188e+03
8.707257792588970915e+03
8.706409264451547642e+03
8.705560736314124370e+03
8.704712208176701097e+03
8.703863680039277824e+03
8.703015151901854551e+03
8.702166623764431279e+03
8.701318095627008006e+03
8.700469567489584733e+03
8.699621039352161461e+03
8.698772511214738188e+03
8.697923983077314915e+03
8.697075454939891642e+03
8.696226926802468370e+03
8.695378398665045097e+03
8.694529870527621824e+03
8.693681342390198552e+03
8.692832814252775279e+03
8.691984286115352006e+03
8.691135757977928733e+03
8.690287229840505461e+03
8.689438701703082188e+03
8.688590173565658915e+03
8.687741645428235643e+03
8.686893117290812370e+03
8.686044589153389097e+03
8.685196061015965824e+03
8.684347532878542552e+03
8.683499004741119279e+03
8.682650476603696006e+03
8.681801948466272734e+03
8.680953420328849461e+03
8.680104892191426188e+03
8.679256364054002916e+03
8.678407835916579643e+03
8.677559307779156370e+03
8.676710779641733097e+03
8.675862251504309825e+03
8.675013723366886552e+03
8.674165195229463279e+03
8.673316667092040007e+03
8.672468138954616734e+03
8.671619610817193461e+03
8.670771082679770188e+03
8.669922554542346916e+03
8.669074026404923643e+03
8.668225498267500370e+03
8.667376970130077098e+03
8.666528441992653825e+03
8.665679913855230552e+03
8.664831385717807279e+03
8.663982857580384007e+03
8.663134329442960734e+03
8.662285801305537461e+03
8.661437273168114189e+03
8.660588745030690916e+03
8.659740216893267643e+03
8.658891688755844370e+03
8.658043160618421098e+03
8.657194632480997825e+03
8.656346104343574552e+03
8.655497576206151280e+03
8.654649048068728007e+03
8.653800519931304734e+03
8.652951991793881461e+03
8.652103463656458189e+03
8.651254935519034916e+03
8.650406407381611643e+03
8.649557879244188371e+03
8.648709351106765098e+03
8.647860822969341825e+03
8.647012294831918553e+03
8.646163766694495280e+03
8.645315238557072007e+03
8.644466710419648734e+03
8.643618182282225462e+03
8.642769654144802189e+03
8.641921126007378916e+03
8.641072597869955644e+03
8.640224069732532371e+03
8.639375541595109098e+03
8.638527013457685825e+03
8.637678485320262553e+03
8.636829957182839280e+03
8.635981429045416007e+03
8.635132900907992735e+03
8.634284372770569462e+03
8.633435844633146189e+03
8.632587316495722916e+03
8.631738788358299644e+03
8.630890260220876371e+03
8.630041732083453098e+03
8.629193203946029826e+03
8.628344675808606553e+03
8.627496147671183280e+03
8.626647619533760007e+03
8.625799091396336735e+03
8.624950563258913462e+03
8.624102035121490189e+03
8.623253506984066917e+03
8.622404978846643644e+03
8.621556450709220371e+03
8.620707922571797098e+03
8.619859394434373826e+03
8.619010866296950553e+03
8.618162338159527280e+03
8.617313810022104008e+03
8.616465281884680735e+03
8.615616753747257462e+03
8.614768225609834190e+03
8.613919697472410917e+03
8.613071169334987644e+03
8.612222641197564371e+03
8.611374113060141099e+03
8.610525584922717826e+03
8.609677056785294553e+03
8.608828528647871281e+03
8.607980000510448008e+03
8.607131472373024735e+03
8.606282944235601462e+03
8.605434416098178190e+03
8.604585887960754917e+03
8.603737359823331644e+03
8.602888831685908372e+03
8.602040303548485099e+03
8.601191775411061826e+03
8.600343247273638553e+03
8.599494719136215281e+03
8.598646190998792008e+03
8.597797662861368735e+03
8.596949134723945463e+03
8.596100606586522190e+03
8.595252078449098917e+03
8.594403550311675644e+03
8.593555022174252372e+03
8.592706494036829099e+03
8.591857965899405826e+03
8.591009437761982554e+03
8.590160909624559281e+03
8.589312381487136008e+03
8.588463853349712736e+03
8.587615325212289463e+03
8.586766797074866190e+03
8.585918268937442917e+03
8.585069740800019645e+03
8.584221212662596372e+03
8.583372684525173099e+03
8.582524156387749827e+03
8.581675628250326554e+03
8.580827100112903281e+03
8.579978571975480008e+03
8.579130043838056736e+03
8.578281515700633463e+03
8.577432987563210190e+03
8.576584459425786918e+03
8.575735931288363645e+03
8.574887403150940372e+03
8.574038875013517099e+03
8.573190346876093827e+03
8.572341818738670554e+03
8.571493290601247281e+03
8.570644762463824009e+03
8.569796234326400736e+03
8.568947706188977463e+03
8.568099178051554190e+03
8.567250649914130918e+03
8.566402121776707645e+03
8.565553593639284372e+03
8.564705065501861100e+03
8.563856537364437827e+03
8.563008009227014554e+03
8.562159481089591281e+03
8.561310952952168009e+03
8.560462424814744736e+03
8.559613896677321463e+03
8.558765368539898191e+03
8.557916840402474918e+03
8.557068312265051645e+03
8.556219784127628373e+03
8.555371255990205100e+03
8.554522727852781827e+03
8.553674199715358554e+03
8.552825671577935282e+03
8.551977143440512009e+03
8.551128615303088736e+03
8.550280087165665464e+03
8.549431559028242191e+03
8.548583030890818918e+03
8.547734502753395645e+03
8.546885974615972373e+03
8.546037446478549100e+03
8.545188918341125827e+03
8.544340390203702555e+03
8.543491862066279282e+03
8.542643333928856009e+03
8.541794805791432736e+03
8.540946277654009464e+03
8.540097749516586191e+03
8.539249221379162918e+03
8.538400693241739646e+03
8.537552165104316373e+03
8.536703636966893100e+03
8.535855108829469827e+03
8.535006580692046555e+03
8.534158052554623282e+03
8.533309524417200009e+03
8.532460996279776737e+03
8.531612468142353464e+03
8.530763940004930191e+03
8.529915411867506918e+03
8.529066883730083646e+03
8.528218355592660373e+03
8.527369827455237100e+03
8.526521299317813828e+03
8.525672771180390555e+03
8.524824243042967282e+03
8.523975714905544010e+03
8.523127186768120737e+03
8.522278658630697464e+03
8.521430130493274191e+03
8.520581602355850919e+03
8.519733074218427646e+03
8.518884546081004373e+03
8.518036017943581101e+03
8.517187489806157828e+03
8.516338961668734555e+03
8.515490433531311282e+03
8.514641905393888010e+03
8.513793377256464737e+03
8.512944849119041464e+03
8.512096320981618192e+03
8.511247792844194919e+03
8.510399264706771646e+03
8.509550736569348373e+03
8.508702208431925101e+03
8.507853680294501828e+03
8.507005152157078555e+03
8.506156624019655283e+03
8.505308095882232010e+03
8.504459567744808737e+03
8.503611039607385464e+03
8.502762511469962192e+03
8.501913983332538919e+03
8.501065455195115646e+03
8.500216927057692374e+03
8.499368398920269101e+03
8.498519870782845828e+03
8.497671342645422556e+03
8.496822814507999283e+03
8.495974286370576010e+03
8.495125758233152737e+03
8.494277230095729465e+03
8.493428701958306192e+03
8.492580173820882919e+03
8.491731645683459647e+03
8.490883117546036374e+03
8.490034589408613101e+03
8.489186061271189828e+03
8.488337533133766556e+03
8.487489004996343283e+03
8.486640476858920010e+03
8.485791948721496738e+03
8.484943420584073465e+03
8.484094892446650192e+03
8.483246364309226919e+03
8.482397836171803647e+03
8.481549308034380374e+03
8.480700779896957101e+03
8.479852251759533829e+03
8.479003723622110556e+03
8.478155195484687283e+03
8.477306667347264010e+03
8.476458139209840738e+03
8.475609611072417465e+03
8.474761082934994192e+03
8.473912554797570920e+03
8.473064026660147647e+03
8.472215498522724374e+03
8.471366970385301101e+03
8.470518442247877829e+03
8.469669914110454556e+03
8.468821385973031283e+03
8.467972857835608011e+03
8.467124329698184738e+03
8.466275801560761465e+03
8.465427273423338193e+03
8.464578745285914920e+03
8.463730217148491647e+03
8.462881689011068374e+03
8.462033160873645102e+03
8.461184632736221829e+03
8.460336104598798556e+03
8.459487576461375284e+03
8.458639048323952011e+03
8.457790520186528738e+03
8.456941992049105465e+03
8.456093463911682193e+03
8.455244935774258920e+03
8.454396407636835647e+03
8.453547879499412375e+03
8.452699351361989102e+03
8.451850823224565829e+03
8.451002295087142556e+03
8.450153766949719284e+03
8.449305238812296011e+03
8.448456710674872738e+03
8.447608182537449466e+03
8.446759654400026193e+03
8.445911126262602920e+03
8.445062598125179647e+03
8.444214069987756375e+03
8.443365541850333102e+03
8.442517013712909829e+03
8.441668485575486557e+03
8.440819957438063284e+03
8.439971429300640011e+03
8.439122901163216738e+03
8.438274373025793466e+03
8.437425844888370193e+03
8.436577316750946920e+03
8.435728788613523648e+03
8.434880260476100375e+03
8.434031732338677102e+03
8.433183204201253830e+03
8.432334676063830557e+03
8.431486147926407284e+03
8.430637619788984011e+03
8.429789091651560739e+03
8.428940563514137466e+03
8.428092035376714193e+03
8.427243507239290921e+03
8.426394979101867648e+03
8.425546450964444375e+03
8.424697922827021102e+03
8.423849394689597830e+03
8.423000866552174557e+03
8.422152338414751284e+03
8.421303810277328012e+03
8.420455282139904739e+03
8.419606754002481466e+03
8.418758225865058193e+03
8.417909697727634921e+03
8.417061169590211648e+03
8.416212641452788375e+03
8.415364113315365103e+03
8.414515585177941830e+03
8.413667057040518557e+03
8.412818528903095284e+03
8.411970000765672012e+03
8.411121472628248739e+03
8.410272944490825466e+03
8.409424416353402194e+03
8.408575888215978921e+03
8.407727360078555648e+03
8.406878831941132376e+03
8.406030303803709103e+03
8.405181775666285830e+03
8.404333247528862557e+03
8.403484719391439285e+03
8.402636191254016012e+03
8.401787663116592739e+03
8.400939134979169467e+03
8.400090606841746194e+03
8.399242078704322921e+03
8.398393550566899648e+03
8.397545022429476376e+03
8.396696494292053103e+03
8.395847966154629830e+03
8.394999438017206558e+03
8.394150909879783285e+03
8.393302381742360012e+03
8.392453853604936739e+03
8.391605325467513467e+03
8.390756797330090194e+03
8.389908269192666921e+03
8.389059741055243649e+03
8.388211212917820376e+03
8.387362684780397103e+03
8.386514156642973830e+03
8.385665628505550558e+03
8.384817100368127285e+03
8.383968572230704012e+03
8.383120044093280740e+03
8.382271515955857467e+03
8.381422987818434194e+03
8.380574459681010921e+03
8.379725931543587649e+03
8.378877403406164376e+03
8.378028875268741103e+03
8.377180347131317831e+03
8.376331818993894558e+03
8.375483290856471285e+03
8.374634762719048013e+03
8.373786234581624740e+03
8.372937706444201467e+03
8.372089178306778194e+03
8.371240650169354922e+03
8.370392122031931649e+03
8.369543593894508376e+03
8.368695065757085104e+03
8.367846537619661831e+03
8.366998009482238558e+03
8.366149481344815285e+03
8.365300953207392013e+03
8.364452425069968740e+03
8.363603896932545467e+03
8.362755368795122195e+03
8.361906840657698922e+03
8.361058312520275649e+03
8.360209784382852376e+03
8.359361256245429104e+03
8.358512728108005831e+03
8.357664199970582558e+03
8.356815671833159286e+03
8.355967143695736013e+03
8.355118615558312740e+03
8.354270087420889467e+03
8.353421559283466195e+03
8.352573031146042922e+03
8.351724503008619649e+03
8.350875974871196377e+03
8.350027446733773104e+03
8.349178918596349831e+03
8.348330390458926558e+03
8.347481862321503286e+03
8.346633334184080013e+03
8.345784806046656740e+03
8.344936277909233468e+03
8.344087749771810195e+03
8.343239221634386922e+03
8.342390693496963650e+03
8.341542165359540377e+03
8.340693637222117104e+03
8.339845109084693831e+03
8.338996580947270559e+03
8.338148052809847286e+03
8.337299524672424013e+03
8.336450996535000741e+03
8.335602468397577468e+03
8.334753940260154195e+03
8.333905412122730922e+03
8.333056883985307650e+03
8.332208355847884377e+03
8.331359827710461104e+03
8.330511299573037832e+03
8.329662771435614559e+03
8.328814243298191286e+03
8.327965715160768013e+03
8.327117187023344741e+03
8.326268658885921468e+03
8.325420130748498195e+03
8.324571602611074923e+03
8.323723074473651650e+03
8.322874546336228377e+03
8.322026018198805104e+03
8.321177490061381832e+03
8.320328961923958559e+03
8.319480433786535286e+03
8.318631905649112014e+03
8.317783377511688741e+03
8.316934849374265468e+03
8.316086321236842196e+03
8.315237793099418923e+03
8.314389264961995650e+03
8.313540736824572377e+03
8.312692208687149105e+03
8.311843680549725832e+03
8.310995152412302559e+03
8.310146624274879287e+03
8.309298096137456014e+03
8.308449568000032741e+03
8.307601039862609468e+03
8.306752511725186196e+03
8.305903983587762923e+03
8.305055455450339650e+03
8.304206927312916378e+03
8.303358399175493105e+03
8.302509871038069832e+03
8.301661342900646559e+03
8.300812814763223287e+03
8.299964286625800014e+03
8.299115758488376741e+03
8.298267230350953469e+03
8.297418702213530196e+03
8.296570174076106923e+03
8.295721645938683650e+03
8.294873117801260378e+03
8.294024589663837105e+03
8.293176061526413832e+03
8.292327533388990560e+03
8.291479005251567287e+03
8.290630477114144014e+03
8.289781948976720741e+03
8.288933420839297469e+03
8.288084892701874196e+03
8.287236364564450923e+03
8.286387836427027651e+03
8.285539308289604378e+03
8.284690780152181105e+03
8.283842252014757833e+03
8.282993723877334560e+03
8.282145195739911287e+03
8.281296667602488014e+03
8.280448139465064742e+03
8.279599611327641469e+03
8.278751083190218196e+03
8.277902555052794924e+03
8.277054026915371651e+03
8.276205498777948378e+03
8.275356970640525105e+03
8.274508442503101833e+03
8.273659914365678560e+03
8.272811386228255287e+03
8.271962858090832015e+03
8.271114329953408742e+03
8.270265801815985469e+03
8.269417273678562196e+03
8.268568745541138924e+03
8.267720217403715651e+03
8.266871689266292378e+03
8.266023161128869106e+03
8.265174632991445833e+03
8.264326104854022560e+03
8.263477576716599287e+03
8.262629048579176015e+03
8.261780520441752742e+03
8.260931992304329469e+03
8.260083464166906197e+03
8.259234936029482924e+03
8.258386407892059651e+03
8.257537879754636378e+03
8.256689351617213106e+03
8.255840823479789833e+03
8.254992295342366560e+03
8.254143767204943288e+03
8.253295239067520015e+03
8.252446710930096742e+03
8.251598182792673470e+03
8.250749654655250197e+03
8.249901126517826924e+03
8.249052598380403651e+03
8.248204070242980379e+03
8.247355542105557106e+03
8.246507013968133833e+03
8.245658485830710561e+03
8.244809957693287288e+03
8.243961429555864015e+03
8.243112901418440742e+03
8.242264373281017470e+03
8.241415845143594197e+03
8.240567317006170924e+03
8.239718788868747652e+03
8.238870260731324379e+03
8.238021732593901106e+03
8.237173204456477833e+03
8.236324676319054561e+03
8.235476148181631288e+03
8.234627620044208015e+03
8.233779091906784743e+03
8.232930563769361470e+03
8.232082035631938197e+03
8.231233507494514924e+03
8.230384979357091652e+03
8.229536451219668379e+03
8.228687923082245106e+03
8.227839394944821834e+03
8.226990866807398561e+03
8.226142338669975288e+03
8.225293810532552016e+03
8.224445282395128743e+03
8.223596754257705470e+03
8.222748226120282197e+03
8.221899697982858925e+03
8.221051169845435652e+03
8.220202641708012379e+03
8.219354113570589107e+03
8.218505585433165834e+03
8.217657057295742561e+03
8.216808529158319288e+03
8.215960001020896016e+03
8.215111472883472743e+03
8.214262944746049470e+03
8.213414416608626198e+03
8.212565888471202925e+03
8.211717360333779652e+03
8.210868832196356379e+03
8.210020304058933107e+03
8.209171775921509834e+03
8.208323247784086561e+03
8.207474719646663289e+03
8.206626191509240016e+03
8.205777663371816743e+03
8.204929135234393470e+03
8.204080607096970198e+03
8.203232078959546925e+03
8.202383550822123652e+03
8.201535022684700380e+03
8.200686494547277107e+03
8.199837966409853834e+03
8.198989438272430561e+03
8.198140910135007289e+03
8.197292381997584016e+03
8.196443853860160743e+03
8.195595325722737471e+03
8.194746797585314198e+03
8.193898269447890925e+03
8.193049741310467653e+03
8.192201213173044380e+03
8.191352685035620198e+03
8.190504156898196015e+03
8.189655628760771833e+03
8.188807100623347651e+03
8.187958572485923469e+03
8.187110044348499287e+03
8.186261516211075104e+03
8.185412988073650922e+03
8.184564459936226740e+03
8.183715931798802558e+03
8.182867403661378376e+03
8.182018875523954193e+03
8.181170347386530011e+03
8.180321819249105829e+03
8.179473291111681647e+03
8.178624762974257465e+03
8.177776234836833282e+03
8.176927706699409100e+03
8.176079178561984918e+03
8.175230650424560736e+03
8.174382122287136553e+03
8.173533594149712371e+03
8.172685066012288189e+03
8.171836537874864007e+03
8.170988009737439825e+03
8.170139481600015642e+03
8.169290953462591460e+03
8.168442425325167278e+03
8.167593897187743096e+03
8.166745369050318914e+03
8.165896840912894731e+03
8.165048312775470549e+03
8.164199784638046367e+03
8.163351256500622185e+03
8.162502728363198003e+03
8.161654200225773820e+03
8.160805672088349638e+03
8.159957143950925456e+03
8.159108615813501274e+03
8.158260087676077092e+03
8.157411559538652909e+03
8.156563031401228727e+03
8.155714503263804545e+03
8.154865975126380363e+03
8.154017446988956181e+03
8.153168918851531998e+03
8.152320390714107816e+03
8.151471862576683634e+03
8.150623334439259452e+03
8.149774806301835270e+03
8.148926278164411087e+03
8.148077750026986905e+03
8.147229221889562723e+03
8.146380693752138541e+03
8.145532165614714359e+03
8.144683637477290176e+03
8.143835109339865994e+03
8.142986581202441812e+03
8.142138053065017630e+03
8.141289524927593448e+03
8.140440996790169265e+03
8.139592468652745083e+03
8.138743940515320901e+03
8.137895412377896719e+03
8.137046884240472536e+03
8.136198356103048354e+03
8.135349827965624172e+03
8.134501299828199990e+03
8.133652771690775808e+03
8.132804243553351625e+03
8.131955715415927443e+03
8.131107187278503261e+03
8.130258659141079079e+03
8.129410131003654897e+03
8.128561602866230714e+03
8.127713074728806532e+03
8.126864546591382350e+03
8.126016018453958168e+03
8.125167490316533986e+03
8.124318962179109803e+03
8.123470434041685621e+03
8.122621905904261439e+03
8.121773377766837257e+03
8.120924849629413075e+03
8.120076321491988892e+03
8.119227793354564710e+03
8.118379265217140528e+03
8.117530737079716346e+03
8.116682208942292164e+03
8.115833680804867981e+03
8.114985152667443799e+03
8.114136624530019617e+03
8.113288096392595435e+03
8.112439568255171253e+03
8.111591040117747070e+03
8.110742511980322888e+03
8.109893983842898706e+03
8.109045455705474524e+03
8.108196927568050342e+03
8.107348399430626159e+03
8.106499871293201977e+03
8.105651343155777795e+03
8.104802815018353613e+03
8.103954286880929430e+03
8.103105758743505248e+03
8.102257230606081066e+03
8.101408702468656884e+03
8.100560174331232702e+03
8.099711646193808519e+03
8.098863118056384337e+03
8.098014589918960155e+03
8.097166061781535973e+03
8.096317533644111791e+03
8.095469005506687608e+03
8.094620477369263426e+03
8.093771949231839244e+03
8.092923421094415062e+03
8.092074892956990880e+03
8.091226364819566697e+03
8.090377836682142515e+03
8.089529308544718333e+03
8.088680780407294151e+03
8.087832252269869969e+03
8.086983724132445786e+03
8.086135195995021604e+03
8.085286667857597422e+03
8.084438139720173240e+03
8.083589611582749058e+03
8.082741083445324875e+03
8.081892555307900693e+03
8.081044027170476511e+03
8.080195499033052329e+03
8.079346970895628147e+03
8.078498442758203964e+03
8.077649914620779782e+03
8.076801386483355600e+03
8.075952858345931418e+03
8.075104330208507236e+03
8.074255802071083053e+03
8.073407273933658871e+03
8.072558745796234689e+03
8.071710217658810507e+03
8.070861689521386324e+03
8.070013161383962142e+03
8.069164633246537960e+03
8.068316105109113778e+03
8.067467576971689596e+03
8.066619048834265413e+03
8.065770520696841231e+03
8.064921992559417049e+03
8.064073464421992867e+03
8.063224936284568685e+03
8.062376408147144502e+03
8.061527880009720320e+03
8.060679351872296138e+03
8.059830823734871956e+03
8.058982295597447774e+03
8.058133767460023591e+03
8.057285239322599409e+03
8.056436711185175227e+03
8.055588183047751045e+03
8.054739654910326863e+03
8.053891126772902680e+03
8.053042598635478498e+03
8.052194070498054316e+03
8.051345542360630134e+03
8.050497014223205952e+03
8.049648486085781769e+03
8.048799957948357587e+03
8.047951429810933405e+03
8.047102901673509223e+03
8.046254373536085041e+03
8.045405845398660858e+03
8.044557317261236676e+03
8.043708789123812494e+03
8.042860260986388312e+03
8.042011732848964130e+03
8.041163204711539947e+03
8.040314676574115765e+03
8.039466148436691583e+03
8.038617620299267401e+03
8.037769092161843218e+03
8.036920564024419036e+03
8.036072035886994854e+03
8.035223507749570672e+03
8.034374979612146490e+03
8.033526451474722307e+03
8.032677923337298125e+03
8.031829395199873943e+03
8.030980867062449761e+03
8.030132338925025579e+03
8.029283810787601396e+03
8.028435282650177214e+03
8.027586754512753032e+03
8.026738226375328850e+03
8.025889698237904668e+03
8.025041170100480485e+03
8.024192641963056303e+03
8.023344113825632121e+03
8.022495585688207939e+03
8.021647057550783757e+03
8.020798529413359574e+03
8.019950001275935392e+03
8.019101473138511210e+03
8.018252945001087028e+03
8.017404416863662846e+03
8.016555888726238663e+03
8.015707360588814481e+03
8.014858832451390299e+03
8.014010304313966117e+03
8.013161776176541935e+03
8.012313248039117752e+03
8.011464719901693570e+03
8.010616191764269388e+03
8.009767663626845206e+03
8.008919135489421024e+03
8.008070607351996841e+03
8.007222079214572659e+03
8.006373551077148477e+03
8.005525022939724295e+03
8.004676494802300112e+03
8.003827966664875930e+03
8.002979438527451748e+03
8.002130910390027566e+03
8.001282382252603384e+03
8.000433854115179201e+03
7.999585325977755019e+03
7.998736797840330837e+03
7.997888269702906655e+03
7.997039741565482473e+03
7.996191213428058290e+03
7.995342685290634108e+03
7.994494157153209926e+03
7.993645629015785744e+03
7.992797100878361562e+03
7.991948572740937379e+03
7.991100044603513197e+03
7.990251516466089015e+03
7.989402988328664833e+03
7.988554460191240651e+03
7.987705932053816468e+03
7.986857403916392286e+03
7.986008875778968104e+03
7.985160347641543922e+03
7.984311819504119740e+03
7.983463291366695557e+03
7.982614763229271375e+03
7.981766235091847193e+03
7.980917706954423011e+03
7.980069178816998829e+03
7.979220650679574646e+03
7.978372122542150464e+03
7.977523594404726282e+03
7.976675066267302100e+03
7.975826538129877918e+03
7.974978009992453735e+03
7.974129481855029553e+03
7.973280953717605371e+03
7.972432425580181189e+03
7.971583897442757007e+03
7.970735369305332824e+03
7.969886841167908642e+03
7.969038313030484460e+03
7.968189784893060278e+03
7.967341256755636095e+03
7.966492728618211913e+03
7.965644200480787731e+03
7.964795672343363549e+03
7.963947144205939367e+03
7.963098616068515184e+03
7.962250087931091002e+03
7.961401559793666820e+03
7.960553031656242638e+03
7.959704503518818456e+03
7.958855975381394273e+03
7.958007447243970091e+03
7.957158919106545909e+03
7.956310390969121727e+03
7.955461862831697545e+03
7.954613334694273362e+03
7.953764806556849180e+03
7.952916278419424998e+03
7.952067750282000816e+03
7.951219222144576634e+03
7.950370694007152451e+03
7.949522165869728269e+03
7.948673637732304087e+03
7.947825109594879905e+03
7.946976581457455723e+03
7.946128053320031540e+03
7.945279525182607358e+03
7.944430997045183176e+03
7.943582468907758994e+03
7.942733940770334812e+03
7.941885412632910629e+03
7.941036884495486447e+03
7.940188356358062265e+03
7.939339828220638083e+03
7.938491300083213901e+03
7.937642771945789718e+03
7.936794243808365536e+03
7.935945715670941354e+03
7.935097187533517172e+03
7.934248659396092989e+03
7.933400131258668807e+03
7.932551603121244625e+03
7.931703074983820443e+03
7.930854546846396261e+03
7.930006018708972078e+03
7.929157490571547896e+03
7.928308962434123714e+03
7.927460434296699532e+03
7.926611906159275350e+03
7.925763378021851167e+03
7.924914849884426985e+03
7.924066321747002803e+03
7.923217793609578621e+03
7.922369265472154439e+03
7.921520737334730256e+03
7.920672209197306074e+03
7.919823681059881892e+03
7.918975152922457710e+03
7.918126624785033528e+03
7.917278096647609345e+03
7.916429568510185163e+03
7.915581040372760981e+03
7.914732512235336799e+03
7.913883984097912617e+03
7.913035455960488434e+03
7.912186927823064252e+03
7.911338399685640070e+03
7.910489871548215888e+03
7.909641343410791706e+03
7.908792815273367523e+03
7.907944287135943341e+03
7.907095758998519159e+03
7.906247230861094977e+03
7.905398702723670795e+03
7.904550174586246612e+03
7.903701646448822430e+03
7.902853118311398248e+03
7.902004590173974066e+03
7.901156062036549883e+03
7.900307533899125701e+03
7.899459005761701519e+03
7.898610477624277337e+03
7.897761949486853155e+03
7.896913421349428972e+03
7.896064893212004790e+03
7.895216365074580608e+03
7.894367836937156426e+03
7.893519308799732244e+03
7.892670780662308061e+03
7.891822252524883879e+03
7.890973724387459697e+03
7.890125196250035515e+03
7.889276668112611333e+03
7.888428139975187150e+03
7.887579611837762968e+03
7.886731083700338786e+03
7.885882555562914604e+03
7.885034027425490422e+03
7.884185499288066239e+03
7.883336971150642057e+03
7.882488443013217875e+03
7.881639914875793693e+03
7.880791386738369511e+03
7.879942858600945328e+03
7.879094330463521146e+03
7.878245802326096964e+03
7.877397274188672782e+03
7.876548746051248600e+03
7.875700217913824417e+03
7.874851689776400235e+03
7.874003161638976053e+03
7.873154633501551871e+03
7.872306105364127689e+03
7.871457577226703506e+03
7.870609049089279324e+03
7.869760520951855142e+03
7.868911992814430960e+03
7.868063464677006777e+03
7.867214936539582595e+03
7.866366408402158413e+03
7.865517880264734231e+03
7.864669352127310049e+03
7.863820823989885866e+03
7.862972295852461684e+03
7.862123767715037502e+03
7.861275239577613320e+03
7.860426711440189138e+03
7.859578183302764955e+03
7.858729655165340773e+03
7.857881127027916591e+03
7.857032598890492409e+03
7.856184070753068227e+03
7.855335542615644044e+03
7.854487014478219862e+03
7.853638486340795680e+03
7.852789958203371498e+03
7.851941430065947316e+03
7.851092901928523133e+03
7.850244373791098951e+03
7.849395845653674769e+03
7.848547317516250587e+03
7.847698789378826405e+03
7.846850261241402222e+03
7.846001733103978040e+03
7.845153204966553858e+03
7.844304676829129676e+03
7.843456148691705494e+03
7.842607620554281311e+03
7.841759092416857129e+03
7.840910564279432947e+03
7.840062036142008765e+03
7.839213508004584583e+03
7.838364979867160400e+03
7.837516451729736218e+03
7.836667923592312036e+03
7.835819395454887854e+03
7.834970867317463671e+03
7.834122339180039489e+03
7.833273811042615307e+03
7.832425282905191125e+03
7.831576754767766943e+03
7.830728226630342760e+03
7.829879698492918578e+03
7.829031170355494396e+03
7.828182642218070214e+03
7.827334114080646032e+03
7.826485585943221849e+03
7.825637057805797667e+03
7.824788529668373485e+03
7.823940001530949303e+03
7.823091473393525121e+03
7.822242945256100938e+03
7.821394417118676756e+03
7.820545888981252574e+03
7.819697360843828392e+03
7.818848832706404210e+03
7.818000304568980027e+03
7.817151776431555845e+03
7.816303248294131663e+03
7.815454720156707481e+03
7.814606192019283299e+03
7.813757663881859116e+03
7.812909135744434934e+03
7.812060607607010752e+03
7.811212079469586570e+03
7.810363551332162388e+03
7.809515023194738205e+03
7.808666495057314023e+03
7.807817966919889841e+03
7.806969438782465659e+03
7.806120910645041477e+03
7.805272382507617294e+03
7.804423854370193112e+03
7.803575326232768930e+03
7.802726798095344748e+03
7.801878269957920566e+03
7.801029741820496383e+03
7.800181213683072201e+03
7.799332685545648019e+03
7.798484157408223837e+03
7.797635629270799654e+03
7.796787101133375472e+03
7.795938572995951290e+03
7.795090044858527108e+03
7.794241516721102926e+03
7.793392988583678743e+03
7.792544460446254561e+03
7.791695932308830379e+03
7.790847404171406197e+03
7.789998876033982015e+03
7.789150347896557832e+03
7.788301819759133650e+03
7.787453291621709468e+03
7.786604763484285286e+03
7.785756235346861104e+03
7.784907707209436921e+03
7.784059179072012739e+03
7.783210650934588557e+03
7.782362122797164375e+03
7.781513594659740193e+03
7.780665066522316010e+03
7.779816538384891828e+03
7.778968010247467646e+03
7.778119482110043464e+03
7.777270953972619282e+03
7.776422425835195099e+03
7.775573897697770917e+03
7.774725369560346735e+03
7.773876841422922553e+03
7.773028313285498371e+03
7.772179785148074188e+03
7.771331257010650006e+03
7.770482728873225824e+03
7.769634200735801642e+03
7.768785672598377460e+03
7.767937144460953277e+03
7.767088616323529095e+03
7.766240088186104913e+03
7.765391560048680731e+03
7.764543031911256548e+03
7.763694503773832366e+03
7.762845975636408184e+03
7.761997447498984002e+03
7.761148919361559820e+03
7.760300391224135637e+03
7.759451863086711455e+03
7.758603334949287273e+03
7.757754806811863091e+03
7.756906278674438909e+03
7.756057750537014726e+03
7.755209222399590544e+03
7.754360694262166362e+03
7.753512166124742180e+03
7.752663637987317998e+03
7.751815109849893815e+03
7.750966581712469633e+03
7.750118053575045451e+03
7.749269525437621269e+03
7.748420997300197087e+03
7.747572469162772904e+03
7.746723941025348722e+03
7.745875412887924540e+03
7.745026884750500358e+03
7.744178356613076176e+03
7.743329828475651993e+03
7.742481300338227811e+03
7.741632772200803629e+03
7.740784244063379447e+03
7.739935715925955265e+03
7.739087187788531082e+03
7.738238659651106900e+03
7.737390131513682718e+03
7.736541603376258536e+03
7.735693075238834354e+03
7.734844547101410171e+03
7.733996018963985989e+03
7.733147490826561807e+03
7.732298962689137625e+03
7.731450434551713442e+03
7.730601906414289260e+03
7.729753378276865078e+03
7.728904850139440896e+03
7.728056322002016714e+03
7.727207793864592531e+03
7.726359265727168349e+03
7.725510737589744167e+03
7.724662209452319985e+03
7.723813681314895803e+03
7.722965153177471620e+03
7.722116625040047438e+03
7.721268096902623256e+03
7.720419568765199074e+03
7.719571040627774892e+03
7.718722512490350709e+03
7.717873984352926527e+03
7.717025456215502345e+03
7.716176928078078163e+03
7.715328399940653981e+03
7.714479871803229798e+03
7.713631343665805616e+03
7.712782815528381434e+03
7.711934287390957252e+03
7.711085759253533070e+03
7.710237231116108887e+03
7.709388702978684705e+03
7.708540174841260523e+03
7.707691646703836341e+03
7.706843118566412159e+03
7.705994590428987976e+03
7.705146062291563794e+03
7.704297534154139612e+03
7.703449006016715430e+03
7.702600477879291248e+03
7.701751949741867065e+03
7.700903421604442883e+03
7.700054893467018701e+03
7.699206365329594519e+03
7.698357837192170336e+03
7.697509309054746154e+03
7.696660780917321972e+03
7.695812252779897790e+03
7.694963724642473608e+03
7.694115196505049425e+03
7.693266668367625243e+03
7.692418140230201061e+03
7.691569612092776879e+03
7.690721083955352697e+03
7.689872555817928514e+03
7.689024027680504332e+03
7.688175499543080150e+03
7.687326971405655968e+03
7.686478443268231786e+03
7.685629915130807603e+03
7.684781386993383421e+03
7.683932858855959239e+03
7.683084330718535057e+03
7.682235802581110875e+03
7.681387274443686692e+03
7.680538746306262510e+03
7.679690218168838328e+03
7.678841690031414146e+03
7.677993161893989964e+03
7.677144633756565781e+03
7.676296105619141599e+03
7.675447577481717417e+03
7.674599049344293235e+03
7.673750521206869053e+03
7.672901993069444870e+03
7.672053464932020688e+03
7.671204936794596506e+03
7.670356408657172324e+03
7.669507880519748142e+03
7.668659352382323959e+03
7.667810824244899777e+03
7.666962296107475595e+03
7.666113767970051413e+03
7.665265239832627230e+03
7.664416711695203048e+03
7.663568183557778866e+03
7.662719655420354684e+03
7.661871127282930502e+03
7.661022599145506319e+03
7.660174071008082137e+03
7.659325542870657955e+03
7.658477014733233773e+03
7.657628486595809591e+03
7.656779958458385408e+03
7.655931430320961226e+03
7.655082902183537044e+03
7.654234374046112862e+03
7.653385845908688680e+03
7.652537317771264497e+03
7.651688789633840315e+03
7.650840261496416133e+03
7.649991733358991951e+03
7.649143205221567769e+03
7.648294677084143586e+03
7.647446148946719404e+03
7.646597620809295222e+03
7.645749092671871040e+03
7.644900564534446858e+03
7.644052036397022675e+03
7.643203508259598493e+03
7.642354980122174311e+03
7.641506451984750129e+03
7.640657923847325947e+03
7.639809395709901764e+03
7.638960867572477582e+03
7.638112339435053400e+03
7.637263811297629218e+03
7.636415283160205036e+03
7.635566755022780853e+03
7.634718226885356671e+03
7.633869698747932489e+03
7.633021170610508307e+03
7.632172642473084125e+03
7.631324114335659942e+03
7.630475586198235760e+03
7.629627058060811578e+03
7.628778529923387396e+03
7.627930001785963213e+03
7.627081473648539031e+03
7.626232945511114849e+03
7.625384417373690667e+03
7.624535889236266485e+03
7.623687361098842302e+03
7.622838832961418120e+03
7.621990304823993938e+03
7.621141776686569756e+03
7.620293248549145574e+03
7.619444720411721391e+03
7.618596192274297209e+03
7.617747664136873027e+03
7.616899135999448845e+03
7.616050607862024663e+03
7.615202079724600480e+03
7.614353551587176298e+03
7.613505023449752116e+03
7.612656495312327934e+03
7.611807967174903752e+03
7.610959439037479569e+03
7.610110910900055387e+03
7.609262382762631205e+03
7.608413854625207023e+03
7.607565326487782841e+03
7.606716798350358658e+03
7.605868270212934476e+03
7.605019742075510294e+03
7.604171213938086112e+03
7.603322685800661930e+03
7.602474157663237747e+03
7.601625629525813565e+03
7.600777101388389383e+03
7.599928573250965201e+03
7.599080045113541019e+03
7.598231516976116836e+03
7.597382988838692654e+03
7.596534460701268472e+03
7.595685932563844290e+03
7.594837404426420107e+03
7.593988876288995925e+03
7.593140348151571743e+03
7.592291820014147561e+03
7.591443291876723379e+03
7.590594763739299196e+03
7.589746235601875014e+03
7.588897707464450832e+03
7.588049179327026650e+03
7.587200651189602468e+03
7.586352123052178285e+03
7.585503594914754103e+03
7.584655066777329921e+03
7.583806538639905739e+03
7.582958010502481557e+03
7.582109482365057374e+03
7.581260954227633192e+03
7.580412426090209010e+03
7.579563897952784828e+03
7.578715369815360646e+03
7.577866841677936463e+03
7.577018313540512281e+03
7.576169785403088099e+03
7.575321257265663917e+03
7.574472729128239735e+03
7.573624200990815552e+03
7.572775672853391370e+03
7.571927144715967188e+03
7.571078616578543006e+03
7.570230088441118824e+03
7.569381560303694641e+03
7.568533032166270459e+03
7.567684504028846277e+03
7.566835975891422095e+03
7.565987447753997913e+03
7.565138919616573730e+03
7.564290391479149548e+03
7.563441863341725366e+03
7.562593335204301184e+03
7.561744807066877001e+03
7.560896278929452819e+03
7.560047750792028637e+03
7.559199222654604455e+03
7.558350694517180273e+03
7.557502166379756090e+03
7.556653638242331908e+03
7.555805110104907726e+03
7.554956581967483544e+03
7.554108053830059362e+03
7.553259525692635179e+03
7.552410997555210997e+03
7.551562469417786815e+03
7.550713941280362633e+03
7.549865413142938451e+03
7.549016885005514268e+03
7.548168356868090086e+03
7.547319828730665904e+03
7.546471300593241722e+03
7.545622772455817540e+03
7.544774244318393357e+03
7.543925716180969175e+03
7.543077188043544993e+03
7.542228659906120811e+03
7.541380131768696629e+03
7.540531603631272446e+03
7.539683075493848264e+03
7.538834547356424082e+03
7.537986019218999900e+03
7.537137491081575718e+03
7.536288962944151535e+03
7.535440434806727353e+03
7.534591906669303171e+03
7.533743378531878989e+03
7.532894850394454807e+03
7.532046322257030624e+03
7.531197794119606442e+03
7.530349265982182260e+03
7.529500737844758078e+03
7.528652209707333895e+03
7.527803681569909713e+03
7.526955153432485531e+03
7.526106625295061349e+03
7.525258097157637167e+03
7.524409569020212984e+03
7.523561040882788802e+03
7.522712512745364620e+03
7.521863984607940438e+03
7.521015456470516256e+03
7.520166928333092073e+03
7.519318400195667891e+03
7.518469872058243709e+03
7.517621343920819527e+03
7.516772815783395345e+03
7.515924287645971162e+03
7.515075759508546980e+03
7.514227231371122798e+03
7.513378703233698616e+03
7.512530175096274434e+03
7.511681646958850251e+03
7.510833118821426069e+03
7.509984590684001887e+03
7.509136062546577705e+03
7.508287534409153523e+03
7.507439006271729340e+03
7.506590478134305158e+03
7.505741949996880976e+03
7.504893421859456794e+03
7.504044893722032612e+03
7.503196365584608429e+03
7.502347837447184247e+03
7.501499309309760065e+03
7.500650781172335883e+03
7.499802253034911701e+03
7.498953724897487518e+03
7.498105196760063336e+03
7.497256668622639154e+03
7.496408140485214972e+03
7.495559612347790789e+03
7.494711084210366607e+03
7.493862556072942425e+03
7.493014027935518243e+03
7.492165499798094061e+03
7.491316971660669878e+03
7.490468443523245696e+03
7.489619915385821514e+03
7.488771387248397332e+03
7.487922859110973150e+03
7.487074330973548967e+03
7.486225802836124785e+03
7.485377274698700603e+03
7.484528746561276421e+03
7.483680218423852239e+03
7.482831690286428056e+03
7.481983162149003874e+03
7.481134634011579692e+03
7.480286105874155510e+03
7.479437577736731328e+03
7.478589049599307145e+03
7.477740521461882963e+03
7.476891993324458781e+03
7.476043465187034599e+03
7.475194937049610417e+03
7.474346408912186234e+03
7.473497880774762052e+03
7.472649352637337870e+03
7.471800824499913688e+03
7.470952296362489506e+03
7.470103768225065323e+03
7.469255240087641141e+03
7.468406711950216959e+03
7.467558183812792777e+03
7.466709655675368595e+03
7.465861127537944412e+03
7.465012599400520230e+03
7.464164071263096048e+03
7.463315543125671866e+03
7.462467014988247684e+03
7.461618486850823501e+03
7.460769958713399319e+03
7.459921430575975137e+03
7.459072902438550955e+03
7.458224374301126772e+03
7.457375846163702590e+03
7.456527318026278408e+03
7.455678789888854226e+03
7.454830261751430044e+03
7.453981733614005861e+03
7.453133205476581679e+03
7.452284677339157497e+03
7.451436149201733315e+03
7.450587621064309133e+03
7.449739092926884950e+03
7.448890564789460768e+03
7.448042036652036586e+03
7.447193508514612404e+03
7.446344980377188222e+03
7.445496452239764039e+03
7.444647924102339857e+03
7.443799395964915675e+03
7.442950867827491493e+03
7.442102339690067311e+03
7.441253811552643128e+03
7.440405283415218946e+03
7.439556755277794764e+03
7.438708227140370582e+03
7.437859699002946400e+03
7.437011170865522217e+03
7.436162642728098035e+03
7.435314114590673853e+03
7.434465586453249671e+03
7.433617058315825489e+03
7.432768530178401306e+03
7.431920002040977124e+03
7.431071473903552942e+03
7.430222945766128760e+03
7.429374417628704578e+03
7.428525889491280395e+03
7.427677361353856213e+03
7.426828833216432031e+03
7.425980305079007849e+03
7.425131776941583666e+03
7.424283248804159484e+03
7.423434720666735302e+03
7.422586192529311120e+03
7.421737664391886938e+03
7.420889136254462755e+03
7.420040608117038573e+03
7.419192079979614391e+03
7.418343551842190209e+03
7.417495023704766027e+03
7.416646495567341844e+03
7.415797967429917662e+03
7.414949439292493480e+03
7.414100911155069298e+03
7.413252383017645116e+03
7.412403854880220933e+03
7.411555326742796751e+03
7.410706798605372569e+03
7.409858270467948387e+03
7.409009742330524205e+03
7.408161214193100022e+03
7.407312686055675840e+03
7.406464157918251658e+03
7.405615629780827476e+03
7.404767101643403294e+03
7.403918573505979111e+03
7.403070045368554929e+03
7.402221517231130747e+03
7.401372989093706565e+03
7.400524460956282383e+03
7.399675932818858200e+03
7.398827404681434018e+03
7.397978876544009836e+03
7.397130348406585654e+03
7.396281820269161472e+03
7.395433292131737289e+03
7.394584763994313107e+03
7.393736235856888925e+03
7.392887707719464743e+03
7.392039179582040560e+03
7.391190651444616378e+03
7.390342123307192196e+03
7.389493595169768014e+03
7.388645067032343832e+03
7.387796538894919649e+03
7.386948010757495467e+03
7.386099482620071285e+03
7.385250954482647103e+03
7.384402426345222921e+03
7.383553898207798738e+03
7.382705370070374556e+03
7.381856841932950374e+03
7.381008313795526192e+03
7.380159785658102010e+03
7.379311257520677827e+03
7.378462729383253645e+03
7.377614201245829463e+03
7.376765673108405281e+03
7.375917144970981099e+03
7.375068616833556916e+03
7.374220088696132734e+03
7.373371560558708552e+03
7.372523032421284370e+03
7.371674504283860188e+03
7.370825976146436005e+03
7.369977448009011823e+03
7.369128919871587641e+03
7.368280391734163459e+03
7.367431863596739277e+03
7.366583335459315094e+03
7.365734807321890912e+03
7.364886279184466730e+03
7.364037751047042548e+03
7.363189222909618366e+03
7.362340694772194183e+03
7.361492166634770001e+03
7.360643638497345819e+03
7.359795110359921637e+03
7.358946582222497454e+03
7.358098054085073272e+03
7.357249525947649090e+03
7.356400997810224908e+03
7.355552469672800726e+03
7.354703941535376543e+03
7.353855413397952361e+03
7.353006885260528179e+03
7.352158357123103997e+03
7.351309828985679815e+03
7.350461300848255632e+03
7.349612772710831450e+03
7.348764244573407268e+03
7.347915716435983086e+03
7.347067188298558904e+03
7.346218660161134721e+03
7.345370132023710539e+03
7.344521603886286357e+03
7.343673075748862175e+03
7.342824547611437993e+03
7.341976019474013810e+03
7.341127491336589628e+03
7.340278963199165446e+03
7.339430435061741264e+03
7.338581906924317082e+03
7.337733378786892899e+03
7.336884850649468717e+03
7.336036322512044535e+03
7.335187794374620353e+03
7.334339266237196171e+03
7.333490738099771988e+03
7.332642209962347806e+03
7.331793681824923624e+03
7.330945153687499442e+03
7.330096625550075260e+03
7.329248097412651077e+03
7.328399569275226895e+03
7.327551041137802713e+03
7.326702513000378531e+03
7.325853984862954349e+03
7.325005456725530166e+03
7.324156928588105984e+03
7.323308400450681802e+03
7.322459872313257620e+03
7.321611344175833437e+03
7.320762816038409255e+03
7.319914287900985073e+03
7.319065759763560891e+03
7.318217231626136709e+03
7.317368703488712526e+03
7.316520175351288344e+03
7.315671647213864162e+03
7.314823119076439980e+03
7.313974590939015798e+03
7.313126062801591615e+03
7.312277534664167433e+03
7.311429006526743251e+03
7.310580478389319069e+03
7.309731950251894887e+03
7.308883422114470704e+03
7.308034893977046522e+03
7.307186365839622340e+03
7.306337837702198158e+03
7.305489309564773976e+03
7.304640781427349793e+03
7.303792253289925611e+03
7.302943725152501429e+03
7.302095197015077247e+03
7.301246668877653065e+03
7.300398140740228882e+03
7.299549612602804700e+03
7.298701084465380518e+03
7.297852556327956336e+03
7.297004028190532154e+03
7.296155500053107971e+03
7.295306971915683789e+03
7.294458443778259607e+03
7.293609915640835425e+03
7.292761387503411243e+03
7.291912859365987060e+03
7.291064331228562878e+03
7.290215803091138696e+03
7.289367274953714514e+03
7.288518746816290331e+03
7.287670218678866149e+03
7.286821690541441967e+03
7.285973162404017785e+03
7.285124634266593603e+03
7.284276106129169420e+03
7.283427577991745238e+03
7.282579049854321056e+03
7.281730521716896874e+03
7.280881993579472692e+03
7.280033465442048509e+03
7.279184937304624327e+03
7.278336409167200145e+03
7.277487881029775963e+03
7.276639352892351781e+03
7.275790824754927598e+03
7.274942296617503416e+03
7.274093768480079234e+03
7.273245240342655052e+03
7.272396712205230870e+03
7.271548184067806687e+03
7.270699655930382505e+03
7.269851127792958323e+03
7.269002599655534141e+03
7.268154071518109959e+03
7.267305543380685776e+03
7.266457015243261594e+03
7.265608487105837412e+03
7.264759958968413230e+03
7.263911430830989048e+03
7.263062902693564865e+03
7.262214374556140683e+03
7.261365846418716501e+03
7.260517318281292319e+03
7.259668790143868137e+03
7.258820262006443954e+03
7.257971733869019772e+03
7.257123205731595590e+03
7.256274677594171408e+03
7.255426149456747225e+03
7.254577621319323043e+03
7.253729093181898861e+03
7.252880565044474679e+03
7.252032036907050497e+03
7.251183508769626314e+03
7.250334980632202132e+03
7.249486452494777950e+03
7.248637924357353768e+03
7.247789396219929586e+03
7.246940868082505403e+03
7.246092339945081221e+03
7.245243811807657039e+03
7.244395283670232857e+03
7.243546755532808675e+03
7.242698227395384492e+03
7.241849699257960310e+03
7.241001171120536128e+03
7.240152642983111946e+03
7.239304114845687764e+03
7.238455586708263581e+03
7.237607058570839399e+03
7.236758530433415217e+03
7.235910002295991035e+03
7.235061474158566853e+03
7.234212946021142670e+03
7.233364417883718488e+03
7.232515889746294306e+03
7.231667361608870124e+03
7.230818833471445942e+03
7.229970305334021759e+03
7.229121777196597577e+03
7.228273249059173395e+03
7.227424720921749213e+03
7.226576192784325031e+03
7.225727664646900848e+03
7.224879136509476666e+03
7.224030608372052484e+03
7.223182080234628302e+03
7.222333552097204119e+03
7.221485023959779937e+03
7.220636495822355755e+03
7.219787967684931573e+03
7.218939439547507391e+03
7.218090911410083208e+03
7.217242383272659026e+03
7.216393855135234844e+03
7.215545326997810662e+03
7.214696798860386480e+03
7.213848270722962297e+03
7.212999742585538115e+03
7.212151214448113933e+03
7.211302686310689751e+03
7.210454158173265569e+03
7.209605630035841386e+03
7.208757101898417204e+03
7.207908573760993022e+03
7.207060045623568840e+03
7.206211517486144658e+03
7.205362989348720475e+03
7.204514461211296293e+03
7.203665933073872111e+03
7.202817404936447929e+03
7.201968876799023747e+03
7.201120348661599564e+03
7.200271820524175382e+03
7.199423292386751200e+03
7.198574764249327018e+03
7.197726236111902836e+03
7.196877707974478653e+03
7.196029179837054471e+03
7.195180651699630289e+03
7.194332123562206107e+03
7.193483595424781925e+03
7.192635067287357742e+03
7.191786539149933560e+03
7.190938011012509378e+03
7.190089482875085196e+03
7.189240954737661013e+03
7.188392426600236831e+03
7.187543898462812649e+03
7.186695370325388467e+03
7.185846842187964285e+03
7.184998314050540102e+03
7.184149785913115920e+03
7.183301257775691738e+03
7.182452729638267556e+03
7.181604201500843374e+03
7.180755673363419191e+03
7.179907145225995009e+03
7.179058617088570827e+03
7.178210088951146645e+03
7.177361560813722463e+03
7.176513032676298280e+03
7.175664504538874098e+03
7.174815976401449916e+03
7.173967448264025734e+03
7.173118920126601552e+03
7.172270391989177369e+03
7.171421863851753187e+03
7.170573335714329005e+03
7.169724807576904823e+03
7.168876279439480641e+03
7.168027751302056458e+03
7.167179223164632276e+03
7.166330695027208094e+03
7.165482166889783912e+03
7.164633638752359730e+03
7.163785110614935547e+03
7.162936582477511365e+03
7.162088054340087183e+03
7.161239526202663001e+03
7.160390998065238819e+03
7.159542469927814636e+03
7.158693941790390454e+03
7.157845413652966272e+03
7.156996885515542090e+03
7.156148357378117908e+03
7.155299829240693725e+03
7.154451301103269543e+03
7.153602772965845361e+03
7.152754244828421179e+03
7.151905716690996996e+03
7.151057188553572814e+03
7.150208660416148632e+03
7.149360132278724450e+03
7.148511604141300268e+03
7.147663076003876085e+03
7.146814547866451903e+03
7.145966019729027721e+03
7.145117491591603539e+03
7.144268963454179357e+03
7.143420435316755174e+03
7.142571907179330992e+03
7.141723379041906810e+03
7.140874850904482628e+03
7.140026322767058446e+03
7.139177794629634263e+03
7.138329266492210081e+03
7.137480738354785899e+03
7.136632210217361717e+03
7.135783682079937535e+03
7.134935153942513352e+03
7.134086625805089170e+03
7.133238097667664988e+03
7.132389569530240806e+03
7.131541041392816624e+03
7.130692513255392441e+03
7.129843985117968259e+03
7.128995456980544077e+03
7.128146928843119895e+03
7.127298400705695713e+03
7.126449872568271530e+03
7.125601344430847348e+03
7.124752816293423166e+03
7.123904288155998984e+03
7.123055760018574802e+03
7.122207231881150619e+03
7.121358703743726437e+03
7.120510175606302255e+03
7.119661647468878073e+03
7.118813119331453890e+03
7.117964591194029708e+03
7.117116063056605526e+03
7.116267534919181344e+03
7.115419006781757162e+03
7.114570478644332979e+03
7.113721950506908797e+03
7.112873422369484615e+03
7.112024894232060433e+03
7.111176366094636251e+03
7.110327837957212068e+03
7.109479309819787886e+03
7.108630781682363704e+03
7.107782253544939522e+03
7.106933725407515340e+03
7.106085197270091157e+03
7.105236669132666975e+03
7.104388140995242793e+03
7.103539612857818611e+03
7.102691084720394429e+03
7.101842556582970246e+03
7.100994028445546064e+03
7.100145500308121882e+03
7.099296972170697700e+03
7.098448444033273518e+03
7.097599915895849335e+03
7.096751387758425153e+03
7.095902859621000971e+03
7.095054331483576789e+03
7.094205803346152607e+03
7.093357275208728424e+03
7.092508747071304242e+03
7.091660218933880060e+03
7.090811690796455878e+03
7.089963162659031696e+03
7.089114634521607513e+03
7.088266106384183331e+03
7.087417578246759149e+03
7.086569050109334967e+03
7.085720521971910784e+03
7.084871993834486602e+03
7.084023465697062420e+03
7.083174937559638238e+03
7.082326409422214056e+03
7.081477881284789873e+03
7.080629353147365691e+03
7.079780825009941509e+03
7.078932296872517327e+03
7.078083768735093145e+03
7.077235240597668962e+03
7.076386712460244780e+03
7.075538184322820598e+03
7.074689656185396416e+03
7.073841128047972234e+03
7.072992599910548051e+03
7.072144071773123869e+03
7.071295543635699687e+03
7.070447015498275505e+03
7.069598487360851323e+03
7.068749959223427140e+03
7.067901431086002958e+03
7.067052902948578776e+03
7.066204374811154594e+03
7.065355846673730412e+03
7.064507318536306229e+03
7.063658790398882047e+03
7.062810262261457865e+03
7.061961734124033683e+03
7.061113205986609501e+03
7.060264677849185318e+03
7.059416149711761136e+03
7.058567621574336954e+03
7.057719093436912772e+03
7.056870565299488590e+03
7.056022037162064407e+03
7.055173509024640225e+03
7.054324980887216043e+03
7.053476452749791861e+03
7.052627924612367678e+03
7.051779396474943496e+03
7.050930868337519314e+03
7.050082340200095132e+03
7.049233812062670950e+03
7.048385283925246767e+03
7.047536755787822585e+03
7.046688227650398403e+03
7.045839699512974221e+03
7.044991171375550039e+03
7.044142643238125856e+03
7.043294115100701674e+03
7.042445586963277492e+03
7.041597058825853310e+03
7.040748530688429128e+03
7.039900002551004945e+03
7.039051474413580763e+03
7.038202946276156581e+03
7.037354418138732399e+03
7.036505890001308217e+03
7.035657361863884034e+03
7.034808833726459852e+03
7.033960305589035670e+03
7.033111777451611488e+03
7.032263249314187306e+03
7.031414721176763123e+03
7.030566193039338941e+03
7.029717664901914759e+03
7.028869136764490577e+03
7.028020608627066395e+03
7.027172080489642212e+03
7.026323552352218030e+03
7.025475024214793848e+03
7.024626496077369666e+03
7.023777967939945484e+03
7.022929439802521301e+03
7.022080911665097119e+03
7.021232383527672937e+03
7.020383855390248755e+03
7.019535327252824572e+03
7.018686799115400390e+03
7.017838270977976208e+03
7.016989742840552026e+03
7.016141214703127844e+03
7.015292686565703661e+03
7.014444158428279479e+03
7.013595630290855297e+03
7.012747102153431115e+03
7.011898574016006933e+03
7.011050045878582750e+03
7.010201517741158568e+03
7.009352989603734386e+03
7.008504461466310204e+03
7.007655933328886022e+03
7.006807405191461839e+03
7.005958877054037657e+03
7.005110348916613475e+03
7.004261820779189293e+03
7.003413292641765111e+03
7.002564764504340928e+03
7.001716236366916746e+03
7.000867708229492564e+03
7.000019180092068382e+03
6.999170651954644200e+03
6.998322123817220017e+03
6.997473595679795835e+03
6.996625067542371653e+03
6.995776539404947471e+03
6.994928011267523289e+03
6.994079483130099106e+03
6.993230954992674924e+03
6.992382426855250742e+03
6.991533898717826560e+03
6.990685370580402378e+03
6.989836842442978195e+03
6.988988314305554013e+03
6.988139786168129831e+03
6.987291258030705649e+03
6.986442729893281467e+03
6.985594201755857284e+03
6.984745673618433102e+03
6.983897145481008920e+03
6.983048617343584738e+03
6.982200089206160555e+03
6.981351561068736373e+03
6.980503032931312191e+03
6.979654504793888009e+03
6.978805976656463827e+03
6.977957448519039644e+03
6.977108920381615462e+03
6.976260392244191280e+03
6.975411864106767098e+03
6.974563335969342916e+03
6.973714807831918733e+03
6.972866279694494551e+03
6.972017751557070369e+03
6.971169223419646187e+03
6.970320695282222005e+03
6.969472167144797822e+03
6.968623639007373640e+03
6.967775110869949458e+03
6.966926582732525276e+03
6.966078054595101094e+03
6.965229526457676911e+03
6.964380998320252729e+03
6.963532470182828547e+03
6.962683942045404365e+03
6.961835413907980183e+03
6.960986885770556000e+03
6.960138357633131818e+03
6.959289829495707636e+03
6.958441301358283454e+03
6.957592773220859272e+03
6.956744245083435089e+03
6.955895716946010907e+03
6.955047188808586725e+03
6.954198660671162543e+03
6.953350132533738361e+03
6.952501604396314178e+03
6.951653076258889996e+03
6.950804548121465814e+03
6.949956019984041632e+03
6.949107491846617449e+03
6.948258963709193267e+03
6.947410435571769085e+03
6.946561907434344903e+03
6.945713379296920721e+03
6.944864851159496538e+03
6.944016323022072356e+03
6.943167794884648174e+03
6.942319266747223992e+03
6.941470738609799810e+03
6.940622210472375627e+03
6.939773682334951445e+03
6.938925154197527263e+03
6.938076626060103081e+03
6.937228097922678899e+03
6.936379569785254716e+03
6.935531041647830534e+03
6.934682513510406352e+03
6.933833985372982170e+03
6.932985457235557988e+03
6.932136929098133805e+03
6.931288400960709623e+03
6.930439872823285441e+03
6.929591344685861259e+03
6.928742816548437077e+03
6.927894288411012894e+03
6.927045760273588712e+03
6.926197232136164530e+03
6.925348703998740348e+03
6.924500175861316166e+03
6.923651647723891983e+03
6.922803119586467801e+03
6.921954591449043619e+03
6.921106063311619437e+03
6.920257535174195255e+03
6.919409007036771072e+03
6.918560478899346890e+03
6.917711950761922708e+03
6.916863422624498526e+03
6.916014894487074343e+03
6.915166366349650161e+03
6.914317838212225979e+03
6.913469310074801797e+03
6.912620781937377615e+03
6.911772253799953432e+03
6.910923725662529250e+03
6.910075197525105068e+03
6.909226669387680886e+03
6.908378141250256704e+03
6.907529613112832521e+03
6.906681084975408339e+03
6.905832556837984157e+03
6.904984028700559975e+03
6.904135500563135793e+03
6.903286972425711610e+03
6.902438444288287428e+03
6.901589916150863246e+03
6.900741388013439064e+03
6.899892859876014882e+03
6.899044331738590699e+03
6.898195803601166517e+03
6.897347275463742335e+03
6.896498747326318153e+03
6.895650219188893971e+03
6.894801691051469788e+03
6.893953162914045606e+03
6.893104634776621424e+03
6.892256106639197242e+03
6.891407578501773060e+03
6.890559050364348877e+03
6.889710522226924695e+03
6.888861994089500513e+03
6.888013465952076331e+03
6.887164937814652149e+03
6.886316409677227966e+03
6.885467881539803784e+03
6.884619353402379602e+03
6.883770825264955420e+03
6.882922297127531237e+03
6.882073768990107055e+03
6.881225240852682873e+03
6.880376712715258691e+03
6.879528184577834509e+03
6.878679656440410326e+03
6.877831128302986144e+03
6.876982600165561962e+03
6.876134072028137780e+03
6.875285543890713598e+03
6.874437015753289415e+03
6.873588487615865233e+03
6.872739959478441051e+03
6.871891431341016869e+03
6.871042903203592687e+03
6.870194375066168504e+03
6.869345846928744322e+03
6.868497318791320140e+03
6.867648790653895958e+03
6.866800262516471776e+03
6.865951734379047593e+03
6.865103206241623411e+03
6.864254678104199229e+03
6.863406149966775047e+03
6.862557621829350865e+03
6.861709093691926682e+03
6.860860565554502500e+03
6.860012037417078318e+03
6.859163509279654136e+03
6.858314981142229954e+03
6.857466453004805771e+03
6.856617924867381589e+03
6.855769396729957407e+03
6.854920868592533225e+03
6.854072340455109043e+03
6.853223812317684860e+03
6.852375284180260678e+03
6.851526756042836496e+03
6.850678227905412314e+03
6.849829699767988131e+03
6.848981171630563949e+03
6.848132643493139767e+03
6.847284115355715585e+03
6.846435587218291403e+03
6.845587059080867220e+03
6.844738530943443038e+03
6.843890002806018856e+03
6.843041474668594674e+03
6.842192946531170492e+03
6.841344418393746309e+03
6.840495890256322127e+03
6.839647362118897945e+03
6.838798833981473763e+03
6.837950305844049581e+03
6.837101777706625398e+03
6.836253249569201216e+03
6.835404721431777034e+03
6.834556193294352852e+03
6.833707665156928670e+03
6.832859137019504487e+03
6.832010608882080305e+03
6.831162080744656123e+03
6.830313552607231941e+03
6.829465024469807759e+03
6.828616496332383576e+03
6.827767968194959394e+03
6.826919440057535212e+03
6.826070911920111030e+03
6.825222383782686848e+03
6.824373855645262665e+03
6.823525327507838483e+03
6.822676799370414301e+03
6.821828271232990119e+03
6.820979743095565937e+03
6.820131214958141754e+03
6.819282686820717572e+03
6.818434158683293390e+03
6.817585630545869208e+03
6.816737102408445026e+03
6.815888574271020843e+03
6.815040046133596661e+03
6.814191517996172479e+03
6.813342989858748297e+03
6.812494461721324114e+03
6.811645933583899932e+03
6.810797405446475750e+03
6.809948877309051568e+03
6.809100349171627386e+03
6.808251821034203203e+03
6.807403292896779021e+03
6.806554764759354839e+03
6.805706236621930657e+03
6.804857708484506475e+03
6.804009180347082292e+03
6.803160652209658110e+03
6.802312124072233928e+03
6.801463595934809746e+03
6.800615067797385564e+03
6.799766539659961381e+03
6.798918011522537199e+03
6.798069483385113017e+03
6.797220955247688835e+03
6.796372427110264653e+03
6.795523898972840470e+03
6.794675370835416288e+03
6.793826842697992106e+03
6.792978314560567924e+03
6.792129786423143742e+03
6.791281258285719559e+03
6.790432730148295377e+03
6.789584202010871195e+03
6.788735673873447013e+03
6.787887145736022831e+03
6.787038617598598648e+03
6.786190089461174466e+03
6.785341561323750284e+03
6.784493033186326102e+03
6.783644505048901920e+03
6.782795976911477737e+03
6.781947448774053555e+03
6.781098920636629373e+03
6.780250392499205191e+03
6.779401864361781008e+03
6.778553336224356826e+03
6.777704808086932644e+03
6.776856279949508462e+03
6.776007751812084280e+03
6.775159223674660097e+03
6.774310695537235915e+03
6.773462167399811733e+03
6.772613639262387551e+03
6.771765111124963369e+03
6.770916582987539186e+03
6.770068054850115004e+03
6.769219526712690822e+03
6.768370998575266640e+03
6.767522470437842458e+03
6.766673942300418275e+03
6.765825414162994093e+03
6.764976886025569911e+03
6.764128357888145729e+03
6.763279829750721547e+03
6.762431301613297364e+03
6.761582773475873182e+03
6.760734245338449000e+03
6.759885717201024818e+03
6.759037189063600636e+03
6.758188660926176453e+03
6.757340132788752271e+03
6.756491604651328089e+03
6.755643076513903907e+03
6.754794548376479725e+03
6.753946020239055542e+03
6.753097492101631360e+03
6.752248963964207178e+03
6.751400435826782996e+03
6.750551907689358814e+03
6.749703379551934631e+03
6.748854851414510449e+03
6.748006323277086267e+03
6.747157795139662085e+03
6.746309267002237902e+03
6.745460738864813720e+03
6.744612210727389538e+03
6.743763682589965356e+03
6.742915154452541174e+03
6.742066626315116991e+03
6.741218098177692809e+03
6.740369570040268627e+03
6.739521041902844445e+03
6.738672513765420263e+03
6.737823985627996080e+03
6.736975457490571898e+03
6.736126929353147716e+03
6.735278401215723534e+03
6.734429873078299352e+03
6.733581344940875169e+03
6.732732816803450987e+03
6.731884288666026805e+03
6.731035760528602623e+03
6.730187232391178441e+03
6.729338704253754258e+03
6.728490176116330076e+03
6.727641647978905894e+03
6.726793119841481712e+03
6.725944591704057530e+03
6.725096063566633347e+03
6.724247535429209165e+03
6.723399007291784983e+03
6.722550479154360801e+03
6.721701951016936619e+03
6.720853422879512436e+03
6.720004894742088254e+03
6.719156366604664072e+03
6.718307838467239890e+03
6.717459310329815708e+03
6.716610782192391525e+03
6.715762254054967343e+03
6.714913725917543161e+03
6.714065197780118979e+03
6.713216669642694796e+03
6.712368141505270614e+03
6.711519613367846432e+03
6.710671085230422250e+03
6.709822557092998068e+03
6.708974028955573885e+03
6.708125500818149703e+03
6.707276972680725521e+03
6.706428444543301339e+03
6.705579916405877157e+03
6.704731388268452974e+03
6.703882860131028792e+03
6.703034331993604610e+03
6.702185803856180428e+03
6.701337275718756246e+03
6.700488747581332063e+03
6.699640219443907881e+03
6.698791691306483699e+03
6.697943163169059517e+03
6.697094635031635335e+03
6.696246106894211152e+03
6.695397578756786970e+03
6.694549050619362788e+03
6.693700522481938606e+03
6.692851994344514424e+03
6.692003466207090241e+03
6.691154938069666059e+03
6.690306409932241877e+03
6.689457881794817695e+03
6.688609353657393513e+03
6.687760825519969330e+03
6.686912297382545148e+03
6.686063769245120966e+03
6.685215241107696784e+03
6.684366712970272602e+03
6.683518184832848419e+03
6.682669656695424237e+03
6.681821128558000055e+03
6.680972600420575873e+03
6.680124072283151690e+03
6.679275544145727508e+03
6.678427016008303326e+03
6.677578487870879144e+03
6.676729959733454962e+03
6.675881431596030779e+03
6.675032903458606597e+03
6.674184375321182415e+03
6.673335847183758233e+03
6.672487319046334051e+03
6.671638790908909868e+03
6.670790262771485686e+03
6.669941734634061504e+03
6.669093206496637322e+03
6.668244678359213140e+03
6.667396150221788957e+03
6.666547622084364775e+03
6.665699093946940593e+03
6.664850565809516411e+03
6.664002037672092229e+03
6.663153509534668046e+03
6.662304981397243864e+03
6.661456453259819682e+03
6.660607925122395500e+03
6.659759396984971318e+03
6.658910868847547135e+03
6.658062340710122953e+03
6.657213812572698771e+03
6.656365284435274589e+03
6.655516756297850407e+03
6.654668228160426224e+03
6.653819700023002042e+03
6.652971171885577860e+03
6.652122643748153678e+03
6.651274115610729496e+03
6.650425587473305313e+03
6.649577059335881131e+03
6.648728531198456949e+03
6.647880003061032767e+03
6.647031474923608585e+03
6.646182946786184402e+03
6.645334418648760220e+03
6.644485890511336038e+03
6.643637362373911856e+03
6.642788834236487673e+03
6.641940306099063491e+03
6.641091777961639309e+03
6.640243249824215127e+03
6.639394721686790945e+03
6.638546193549366762e+03
6.637697665411942580e+03
6.636849137274518398e+03
6.636000609137094216e+03
6.635152080999670034e+03
6.634303552862245851e+03
6.633455024724821669e+03
6.632606496587397487e+03
6.631757968449973305e+03
6.630909440312549123e+03
6.630060912175124940e+03
6.629212384037700758e+03
6.628363855900276576e+03
6.627515327762852394e+03
6.626666799625428212e+03
6.625818271488004029e+03
6.624969743350579847e+03
6.624121215213155665e+03
6.623272687075731483e+03
6.622424158938307301e+03
6.621575630800883118e+03
6.620727102663458936e+03
6.619878574526034754e+03
6.619030046388610572e+03
6.618181518251186390e+03
6.617332990113762207e+03
6.616484461976338025e+03
6.615635933838913843e+03
6.614787405701489661e+03
6.613938877564065479e+03
6.613090349426641296e+03
6.612241821289217114e+03
6.611393293151792932e+03
6.610544765014368750e+03
6.609696236876944567e+03
6.608847708739520385e+03
6.607999180602096203e+03
6.607150652464672021e+03
6.606302124327247839e+03
6.605453596189823656e+03
6.604605068052399474e+03
6.603756539914975292e+03
6.602908011777551110e+03
6.602059483640126928e+03
6.601210955502702745e+03
6.600362427365278563e+03
6.599513899227854381e+03
6.598665371090430199e+03
6.597816842953006017e+03
6.596968314815581834e+03
6.596119786678157652e+03
6.595271258540733470e+03
6.594422730403309288e+03
6.593574202265885106e+03
6.592725674128460923e+03
6.591877145991036741e+03
6.591028617853612559e+03
6.590180089716188377e+03
6.589331561578764195e+03
6.588483033441340012e+03
6.587634505303915830e+03
6.586785977166491648e+03
6.585937449029067466e+03
6.585088920891643284e+03
6.584240392754219101e+03
6.583391864616794919e+03
6.582543336479370737e+03
6.581694808341946555e+03
6.580846280204522373e+03
6.579997752067098190e+03
6.579149223929674008e+03
6.578300695792249826e+03
6.577452167654825644e+03
6.576603639517401461e+03
6.575755111379977279e+03
6.574906583242553097e+03
6.574058055105128915e+03
6.573209526967704733e+03
6.572360998830280550e+03
6.571512470692856368e+03
6.570663942555432186e+03
6.569815414418008004e+03
6.568966886280583822e+03
6.568118358143159639e+03
6.567269830005735457e+03
6.566421301868311275e+03
6.565572773730887093e+03
6.564724245593462911e+03
6.563875717456038728e+03
6.563027189318614546e+03
6.562178661181190364e+03
6.561330133043766182e+03
6.560481604906342000e+03
6.559633076768917817e+03
6.558784548631493635e+03
6.557936020494069453e+03
6.557087492356645271e+03
6.556238964219221089e+03
6.555390436081796906e+03
6.554541907944372724e+03
6.553693379806948542e+03
6.552844851669524360e+03
6.551996323532100178e+03
6.551147795394675995e+03
6.550299267257251813e+03
6.549450739119827631e+03
6.548602210982403449e+03
6.547753682844979267e+03
6.546905154707555084e+03
6.546056626570130902e+03
6.545208098432706720e+03
6.544359570295282538e+03
6.543511042157858355e+03
6.542662514020434173e+03
6.541813985883009991e+03
6.540965457745585809e+03
6.540116929608161627e+03
6.539268401470737444e+03
6.538419873333313262e+03
6.537571345195889080e+03
6.536722817058464898e+03
6.535874288921040716e+03
6.535025760783616533e+03
6.534177232646192351e+03
6.533328704508768169e+03
6.532480176371343987e+03
6.531631648233919805e+03
6.530783120096495622e+03
6.529934591959071440e+03
6.529086063821647258e+03
6.528237535684223076e+03
6.527389007546798894e+03
6.526540479409374711e+03
6.525691951271950529e+03
6.524843423134526347e+03
6.523994894997102165e+03
6.523146366859677983e+03
6.522297838722253800e+03
6.521449310584829618e+03
6.520600782447405436e+03
6.519752254309981254e+03
6.518903726172557072e+03
6.518055198035132889e+03
6.517206669897708707e+03
6.516358141760284525e+03
6.515509613622860343e+03
6.514661085485436161e+03
6.513812557348011978e+03
6.512964029210587796e+03
6.512115501073163614e+03
6.511266972935739432e+03
6.510418444798315249e+03
6.509569916660891067e+03
6.508721388523466885e+03
6.507872860386042703e+03
6.507024332248618521e+03
6.506175804111194338e+03
6.505327275973770156e+03
6.504478747836345974e+03
6.503630219698921792e+03
6.502781691561497610e+03
6.501933163424073427e+03
6.501084635286649245e+03
6.500236107149225063e+03
6.499387579011800881e+03
6.498539050874376699e+03
6.497690522736952516e+03
6.496841994599528334e+03
6.495993466462104152e+03
6.495144938324679970e+03
6.494296410187255788e+03
6.493447882049831605e+03
6.492599353912407423e+03
6.491750825774983241e+03
6.490902297637559059e+03
6.490053769500134877e+03
6.489205241362710694e+03
6.488356713225286512e+03
6.487508185087862330e+03
6.486659656950438148e+03
6.485811128813013966e+03
6.484962600675589783e+03
6.484114072538165601e+03
6.483265544400741419e+03
6.482417016263317237e+03
6.481568488125893055e+03
6.480719959988468872e+03
6.479871431851044690e+03
6.479022903713620508e+03
6.478174375576196326e+03
6.477325847438772144e+03
6.476477319301347961e+03
6.475628791163923779e+03
6.474780263026499597e+03
6.473931734889075415e+03
6.473083206751651232e+03
6.472234678614227050e+03
6.471386150476802868e+03
6.470537622339378686e+03
6.469689094201954504e+03
6.468840566064530321e+03
6.467992037927106139e+03
6.467143509789681957e+03
6.466294981652257775e+03
6.465446453514833593e+03
6.464597925377409410e+03
6.463749397239985228e+03
6.462900869102561046e+03
6.462052340965136864e+03
6.461203812827712682e+03
6.460355284690288499e+03
6.459506756552864317e+03
6.458658228415440135e+03
6.457809700278015953e+03
6.456961172140591771e+03
6.456112644003167588e+03
6.455264115865743406e+03
6.454415587728319224e+03
6.453567059590895042e+03
6.452718531453470860e+03
6.451870003316046677e+03
6.451021475178622495e+03
6.450172947041198313e+03
6.449324418903774131e+03
6.448475890766349949e+03
6.447627362628925766e+03
6.446778834491501584e+03
6.445930306354077402e+03
6.445081778216653220e+03
6.444233250079229038e+03
6.443384721941804855e+03
6.442536193804380673e+03
6.441687665666956491e+03
6.440839137529532309e+03
6.439990609392108126e+03
6.439142081254683944e+03
6.438293553117259762e+03
6.437445024979835580e+03
6.436596496842411398e+03
6.435747968704987215e+03
6.434899440567563033e+03
6.434050912430138851e+03
6.432850912430139033e+03
6.431650912430139215e+03
6.430450912430139397e+03
6.429250912430139579e+03
6.428050912430139761e+03
6.426850912430139942e+03
6.425650912430140124e+03
6.424450912430140306e+03
6.423250912430140488e+03
6.422050912430140670e+03
6.420850912430140852e+03
6.419650912430141034e+03
6.418450912430141216e+03
6.417250912430141398e+03
6.416050912430141580e+03
6.414850912430141761e+03
6.413650912430141943e+03
6.412450912430142125e+03
6.411250912430142307e+03
6.410050912430142489e+03
6.408850912430142671e+03
6.407650912430142853e+03
6.406450912430143035e+03
6.405250912430143217e+03
6.404050912430143399e+03
6.402850912430143580e+03
6.401650912430143762e+03
6.400450912430143944e+03
6.399250912430144126e+03
6.398050912430144308e+03
6.396850912430144490e+03
6.395650912430144672e+03
6.394450912430144854e+03
6.393250912430145036e+03
6.392050912430145218e+03
6.390850912430145399e+03
6.389650912430145581e+03
6.388450912430145763e+03
6.387250912430145945e+03
6.386050912430146127e+03
6.384850912430146309e+03
6.383650912430146491e+03
6.382450912430146673e+03
6.381250912430146855e+03
6.380050912430147037e+03
6.378850912430147218e+03
6.377650912430147400e+03
6.376450912430147582e+03
6.375250912430147764e+03
6.374050912430147946e+03
6.372850912430148128e+03
6.371650912430148310e+03
6.370450912430148492e+03
6.369250912430148674e+03
6.368050912430148855e+03
6.366850912430149037e+03
6.365650912430149219e+03
6.364450912430149401e+03
6.363250912430149583e+03
6.362050912430149765e+03
6.360850912430149947e+03
6.359650912430150129e+03
6.358450912430150311e+03
6.357250912430150493e+03
6.356050912430150674e+03
6.354850912430150856e+03
6.353650912430151038e+03
6.352450912430151220e+03
6.351250912430151402e+03
6.350050912430151584e+03
6.348850912430151766e+03
6.347650912430151948e+03
6.346450912430152130e+03
6.345250912430152312e+03
6.344050912430152493e+03
6.342850912430152675e+03
6.341650912430152857e+03
6.340450912430153039e+03
6.339250912430153221e+03
6.338050912430153403e+03
6.336850912430153585e+03
6.335650912430153767e+03
6.334450912430153949e+03
6.333250912430154131e+03
6.332050912430154312e+03
6.330850912430154494e+03
6.329650912430154676e+03
6.328450912430154858e+03
6.327250912430155040e+03
6.326050912430155222e+03
6.324850912430155404e+03
6.323650912430155586e+03
6.322450912430155768e+03
6.321250912430155950e+03
6.320050912430156131e+03
6.318850912430156313e+03
6.317650912430156495e+03
6.316450912430156677e+03
6.315250912430156859e+03
6.314050912430157041e+03
6.312850912430157223e+03
6.311650912430157405e+03
6.310450912430157587e+03
6.309250912430157769e+03
6.308050912430157950e+03
6.306850912430158132e+03
6.305650912430158314e+03
6.304450912430158496e+03
6.303250912430158678e+03
6.302050912430158860e+03
6.300850912430159042e+03
6.299650912430159224e+03
6.298450912430159406e+03
6.297250912430159588e+03
6.296050912430159769e+03
6.294850912430159951e+03
6.293650912430160133e+03
6.292450912430160315e+03
6.291250912430160497e+03
6.290050912430160679e+03
6.288850912430160861e+03
6.287650912430161043e+03
6.286450912430161225e+03
6.285250912430161407e+03
6.284050912430161588e+03
6.282850912430161770e+03
6.281650912430161952e+03
6.280450912430162134e+03
6.279250912430162316e+03
6.278050912430162498e+03
6.276850912430162680e+03
6.275650912430162862e+03
6.274450912430163044e+03
6.273250912430163226e+03
6.272050912430163407e+03
6.270850912430163589e+03
6.269650912430163771e+03
6.268450912430163953e+03
6.267250912430164135e+03
6.266050912430164317e+03
6.264850912430164499e+03
6.263650912430164681e+03
6.262450912430164863e+03
6.261250912430165044e+03
6.260050912430165226e+03
6.258850912430165408e+03
6.257650912430165590e+03
6.256450912430165772e+03
6.255250912430165954e+03
6.254050912430166136e+03
6.252850912430166318e+03
6.251650912430166500e+03
6.250450912430166682e+03
6.249250912430166863e+03
6.248050912430167045e+03
6.246850912430167227e+03
6.245650912430167409e+03
6.244450912430167591e+03
6.243250912430167773e+03
6.242050912430167955e+03
6.240850912430168137e+03
6.239650912430168319e+03
6.238450912430168501e+03
6.237250912430168682e+03
6.236050912430168864e+03
6.234850912430169046e+03
6.233650912430169228e+03
6.232450912430169410e+03
6.231250912430169592e+03
6.230050912430169774e+03
6.228850912430169956e+03
6.227650912430170138e+03
6.226450912430170320e+03
6.225250912430170501e+03
6.224050912430170683e+03
6.222850912430170865e+03
6.221650912430171047e+03
6.220450912430171229e+03
6.219250912430171411e+03
6.218050912430171593e+03
6.216850912430171775e+03
6.215650912430171957e+03
6.214450912430172139e+03
6.213250912430172320e+03
6.212050912430172502e+03
6.210850912430172684e+03
6.209650912430172866e+03
6.208450912430173048e+03
6.207250912430173230e+03
6.206050912430173412e+03
6.204850912430173594e+03
6.203650912430173776e+03
6.202450912430173958e+03
6.201250912430174139e+03
6.200050912430174321e+03
6.198850912430174503e+03
6.197650912430174685e+03
6.196450912430174867e+03
6.195250912430175049e+03
6.194050912430175231e+03
6.192850912430175413e+03
6.191650912430175595e+03
6.190450912430175777e+03
6.189250912430175958e+03
6.188050912430176140e+03
6.186850912430176322e+03
6.185650912430176504e+03
6.184450912430176686e+03
6.183250912430176868e+03
6.182050912430177050e+03
6.180850912430177232e+03
6.179650912430177414e+03
6.178450912430177596e+03
6.177250912430177777e+03
6.176050912430177959e+03
6.174850912430178141e+03
6.173650912430178323e+03
6.172450912430178505e+03
6.171250912430178687e+03
6.170050912430178869e+03
6.168850912430179051e+03
6.167650912430179233e+03
6.166450912430179415e+03
6.165250912430179596e+03
6.164050912430179778e+03
6.162850912430179960e+03
6.161650912430180142e+03
6.160450912430180324e+03
6.159250912430180506e+03
6.158050912430180688e+03
6.156850912430180870e+03
6.155650912430181052e+03
6.154450912430181234e+03
6.153250912430181415e+03
6.152050912430181597e+03
6.150850912430181779e+03
6.149650912430181961e+03
6.148450912430182143e+03
6.147250912430182325e+03
6.146050912430182507e+03
6.144850912430182689e+03
6.143650912430182871e+03
6.142450912430183052e+03
6.141250912430183234e+03
6.140050912430183416e+03
6.138850912430183598e+03
6.137650912430183780e+03
6.136450912430183962e+03
6.135250912430184144e+03
6.134050912430184326e+03
6.132850912430184508e+03
6.131650912430184690e+03
6.130450912430184871e+03
6.129250912430185053e+03
6.128050912430185235e+03
6.126850912430185417e+03
6.125650912430185599e+03
6.124450912430185781e+03
6.123250912430185963e+03
6.122050912430186145e+03
6.120850912430186327e+03
6.119650912430186509e+03
6.118450912430186690e+03
6.117250912430186872e+03
6.116050912430187054e+03
6.114850912430187236e+03
6.113650912430187418e+03
6.112450912430187600e+03
6.111250912430187782e+03
6.110050912430187964e+03
6.108850912430188146e+03
6.107650912430188328e+03
6.106450912430188509e+03
6.105250912430188691e+03
6.104050912430188873e+03
6.102850912430189055e+03
6.101650912430189237e+03
6.100450912430189419e+03
6.099250912430189601e+03
6.098050912430189783e+03
6.096850912430189965e+03
6.095650912430190147e+03
6.094450912430190328e+03
6.093250912430190510e+03
6.092050912430190692e+03
6.090850912430190874e+03
6.089650912430191056e+03
6.088450912430191238e+03
6.087250912430191420e+03
6.086050912430191602e+03
6.084850912430191784e+03
6.083650912430191966e+03
6.082450912430192147e+03
6.081250912430192329e+03
6.080050912430192511e+03
6.078850912430192693e+03
6.077650912430192875e+03
6.076450912430193057e+03
6.075250912430193239e+03
6.074050912430193421e+03
6.072850912430193603e+03
6.071650912430193785e+03
6.070450912430193966e+03
6.069250912430194148e+03
6.068050912430194330e+03
6.066850912430194512e+03
6.065650912430194694e+03
6.064450912430194876e+03
6.063250912430195058e+03
6.062050912430195240e+03
6.060850912430195422e+03
6.059650912430195604e+03
6.058450912430195785e+03
6.057250912430195967e+03
6.056050912430196149e+03
6.054850912430196331e+03
6.053650912430196513e+03
6.052450912430196695e+03
6.051250912430196877e+03
6.050050912430197059e+03
6.048850912430197241e+03
6.047650912430197423e+03
6.046450912430197604e+03
6.045250912430197786e+03
6.044050912430197968e+03
6.042850912430198150e+03
6.041650912430198332e+03
6.040450912430198514e+03
6.039250912430198696e+03
6.038050912430198878e+03
6.036850912430199060e+03
6.035650912430199241e+03
6.034450912430199423e+03
6.033250912430199605e+03
6.032050912430199787e+03
6.030850912430199969e+03
6.029650912430200151e+03
6.028450912430200333e+03
6.027250912430200515e+03
6.026050912430200697e+03
6.024850912430200879e+03
6.023650912430201060e+03
6.022450912430201242e+03
6.021250912430201424e+03
6.020050912430201606e+03
6.018850912430201788e+03
6.017650912430201970e+03
6.016450912430202152e+03
6.015250912430202334e+03
6.014050912430202516e+03
6.012850912430202698e+03
6.011650912430202879e+03
6.010450912430203061e+03
6.009250912430203243e+03
6.008050912430203425e+03
6.006850912430203607e+03
6.005650912430203789e+03
6.004450912430203971e+03
6.003250912430204153e+03
6.002050912430204335e+03
6.000850912430204517e+03
5.999650912430204698e+03
5.998450912430204880e+03
5.997250912430205062e+03
5.996050912430205244e+03
5.994850912430205426e+03
5.993650912430205608e+03
5.992450912430205790e+03
5.991250912430205972e+03
5.990050912430206154e+03
5.988850912430206336e+03
5.987650912430206517e+03
5.986450912430206699e+03
5.985250912430206881e+03
5.984050912430207063e+03
5.982850912430207245e+03
5.981650912430207427e+03
5.980450912430207609e+03
5.979250912430207791e+03
5.978050912430207973e+03
5.976850912430208155e+03
5.975650912430208336e+03
5.974450912430208518e+03
5.973250912430208700e+03
5.972050912430208882e+03
5.970850912430209064e+03
5.969650912430209246e+03
5.968450912430209428e+03
5.967250912430209610e+03
5.966050912430209792e+03
5.964850912430209974e+03
5.963650912430210155e+03
5.962450912430210337e+03
5.961250912430210519e+03
5.960050912430210701e+03
5.958850912430210883e+03
5.957650912430211065e+03
5.956450912430211247e+03
5.955250912430211429e+03
5.954050912430211611e+03
5.952850912430211793e+03
5.951650912430211974e+03
5.950450912430212156e+03
5.949250912430212338e+03
5.948050912430212520e+03
5.946850912430212702e+03
5.945650912430212884e+03
5.944450912430213066e+03
5.943250912430213248e+03
5.942050912430213430e+03
5.940850912430213612e+03
5.939650912430213793e+03
5.938450912430213975e+03
5.937250912430214157e+03
5.936050912430214339e+03
5.934850912430214521e+03
5.933650912430214703e+03
5.932450912430214885e+03
5.931250912430215067e+03
5.930050912430215249e+03
5.928850912430215431e+03
5.927650912430215612e+03
5.926450912430215794e+03
5.925250912430215976e+03
5.924050912430216158e+03
5.922850912430216340e+03
5.921650912430216522e+03
5.920450912430216704e+03
5.919250912430216886e+03
5.918050912430217068e+03
5.916850912430217249e+03
5.915650912430217431e+03
5.914450912430217613e+03
5.913250912430217795e+03
5.912050912430217977e+03
5.910850912430218159e+03
5.909650912430218341e+03
5.908450912430218523e+03
5.907250912430218705e+03
5.906050912430218887e+03
5.904850912430219068e+03
5.903650912430219250e+03
5.902450912430219432e+03
5.901250912430219614e+03
5.900050912430219796e+03
5.898850912430219978e+03
5.897650912430220160e+03
5.896450912430220342e+03
5.895250912430220524e+03
5.894050912430220706e+03
5.892850912430220887e+03
5.891650912430221069e+03
5.890450912430221251e+03
5.889250912430221433e+03
5.888050912430221615e+03
5.886850912430221797e+03
5.885650912430221979e+03
5.884450912430222161e+03
5.883250912430222343e+03
5.882050912430222525e+03
5.880850912430222706e+03
5.879650912430222888e+03
5.878450912430223070e+03
5.877250912430223252e+03
5.876050912430223434e+03
5.874850912430223616e+03
5.873650912430223798e+03
5.872450912430223980e+03
5.871250912430224162e+03
5.870050912430224344e+03
5.868850912430224525e+03
5.867650912430224707e+03
5.866450912430224889e+03
5.865250912430225071e+03
5.864050912430225253e+03
5.862850912430225435e+03
5.861650912430225617e+03
5.860450912430225799e+03
5.859250912430225981e+03
5.858050912430226163e+03
5.856850912430226344e+03
5.855650912430226526e+03
5.854450912430226708e+03
5.853250912430226890e+03
5.852050912430227072e+03
5.850850912430227254e+03
5.849650912430227436e+03
5.848450912430227618e+03
5.847250912430227800e+03
5.846050912430227982e+03
5.844850912430228163e+03
5.843650912430228345e+03
5.842450912430228527e+03
5.841250912430228709e+03
5.840050912430228891e+03
5.838850912430229073e+03
5.837650912430229255e+03
5.836450912430229437e+03
5.835250912430229619e+03
5.834050912430229801e+03
5.832850912430229982e+03
5.831650912430230164e+03
5.830450912430230346e+03
5.829250912430230528e+03
5.828050912430230710e+03
5.826850912430230892e+03
5.825650912430231074e+03
5.824450912430231256e+03
5.823250912430231438e+03
5.822050912430231620e+03
5.820850912430231801e+03
5.819650912430231983e+03
5.818450912430232165e+03
5.817250912430232347e+03
5.816050912430232529e+03
5.814850912430232711e+03
5.813650912430232893e+03
5.812450912430233075e+03
5.811250912430233257e+03
5.810050912430233438e+03
5.808850912430233620e+03
5.807650912430233802e+03
5.806450912430233984e+03
5.805250912430234166e+03
5.804050912430234348e+03
5.802850912430234530e+03
5.801650912430234712e+03
5.800450912430234894e+03
5.799250912430235076e+03
5.798050912430235257e+03
5.796850912430235439e+03
5.795650912430235621e+03
5.794450912430235803e+03
5.793250912430235985e+03
5.792050912430236167e+03
5.790850912430236349e+03
5.789650912430236531e+03
5.788450912430236713e+03
5.787250912430236895e+03
5.786050912430237076e+03
5.784850912430237258e+03
5.783650912430237440e+03
5.782450912430237622e+03
5.781250912430237804e+03
5.780050912430237986e+03
5.778850912430238168e+03
5.777650912430238350e+03
5.776450912430238532e+03
5.775250912430238714e+03
5.774050912430238895e+03
5.772850912430239077e+03
5.771650912430239259e+03
5.770450912430239441e+03
5.769250912430239623e+03
5.768050912430239805e+03
5.766850912430239987e+03
5.765650912430240169e+03
5.764450912430240351e+03
5.763250912430240533e+03
5.762050912430240714e+03
5.760850912430240896e+03
5.759650912430241078e+03
5.758450912430241260e+03
5.757250912430241442e+03
5.756050912430241624e+03
5.754850912430241806e+03
5.753650912430241988e+03
5.752450912430242170e+03
5.751250912430242352e+03
5.750050912430242533e+03
5.748850912430242715e+03
5.747650912430242897e+03
5.746450912430243079e+03
5.745250912430243261e+03
5.744050912430243443e+03
5.742850912430243625e+03
5.741650912430243807e+03
5.740450912430243989e+03
5.739250912430244171e+03
5.738050912430244352e+03
5.736850912430244534e+03
5.735650912430244716e+03
5.734450912430244898e+03
5.733250912430245080e+03
5.732050912430245262e+03
5.730850912430245444e+03
5.729650912430245626e+03
5.728450912430245808e+03
5.727250912430245990e+03
5.726050912430246171e+03
5.724850912430246353e+03
5.723650912430246535e+03
5.722450912430246717e+03
5.721250912430246899e+03
5.720050912430247081e+03
5.718850912430247263e+03
5.717650912430247445e+03
5.716450912430247627e+03
5.715250912430247809e+03
5.714050912430247990e+03
5.712850912430248172e+03
5.711650912430248354e+03
5.710450912430248536e+03
5.709250912430248718e+03
5.708050912430248900e+03
5.706850912430249082e+03
5.705650912430249264e+03
5.704450912430249446e+03
5.703250912430249628e+03
5.702050912430249809e+03
5.700850912430249991e+03
5.699650912430250173e+03
5.698450912430250355e+03
5.697250912430250537e+03
5.696050912430250719e+03
5.694850912430250901e+03
5.693650912430251083e+03
5.692450912430251265e+03
5.691250912430251446e+03
5.690050912430251628e+03
5.688850912430251810e+03
5.687650912430251992e+03
5.686450912430252174e+03
5.685250912430252356e+03
5.684050912430252538e+03
5.682850912430252720e+03
5.681650912430252902e+03
5.680450912430253084e+03
5.679250912430253265e+03
5.678050912430253447e+03
5.676850912430253629e+03
5.675650912430253811e+03
5.674450912430253993e+03
5.673250912430254175e+03
5.672050912430254357e+03
5.670850912430254539e+03
5.669650912430254721e+03
5.668450912430254903e+03
5.667250912430255084e+03
5.666050912430255266e+03
5.664850912430255448e+03
5.663650912430255630e+03
5.662450912430255812e+03
5.661250912430255994e+03
5.660050912430256176e+03
5.658850912430256358e+03
5.657650912430256540e+03
5.656450912430256722e+03
5.655250912430256903e+03
5.654050912430257085e+03
5.652850912430257267e+03
5.651650912430257449e+03
5.650450912430257631e+03
5.649250912430257813e+03
5.648050912430257995e+03
5.646850912430258177e+03
5.645650912430258359e+03
5.644450912430258541e+03
5.643250912430258722e+03
5.642050912430258904e+03
5.640850912430259086e+03
5.639650912430259268e+03
5.638450912430259450e+03
5.637250912430259632e+03
5.636050912430259814e+03
5.634850912430259996e+03
5.633650912430260178e+03
5.632450912430260360e+03
5.631250912430260541e+03
5.630050912430260723e+03
5.628850912430260905e+03
5.627650912430261087e+03
5.626450912430261269e+03
5.625250912430261451e+03
5.624050912430261633e+03
5.622850912430261815e+03
5.621650912430261997e+03
5.620450912430262179e+03
5.619250912430262360e+03
5.618050912430262542e+03
5.616850912430262724e+03
5.615650912430262906e+03
5.614450912430263088e+03
5.613250912430263270e+03
5.612050912430263452e+03
5.610850912430263634e+03
5.609650912430263816e+03
5.608450912430263998e+03
5.607250912430264179e+03
5.606050912430264361e+03
5.604850912430264543e+03
5.603650912430264725e+03
5.602450912430264907e+03
5.601250912430265089e+03
5.600050912430265271e+03
5.598850912430265453e+03
5.597650912430265635e+03
5.596450912430265817e+03
5.595250912430265998e+03
5.594050912430266180e+03
5.592850912430266362e+03
5.591650912430266544e+03
5.590450912430266726e+03
5.589250912430266908e+03
5.588050912430267090e+03
5.586850912430267272e+03
5.585650912430267454e+03
5.584450912430267636e+03
5.583250912430267817e+03
5.582050912430267999e+03
5.580850912430268181e+03
5.579650912430268363e+03
5.578450912430268545e+03
5.577250912430268727e+03
5.576050912430268909e+03
5.574850912430269091e+03
5.573650912430269273e+03
5.572450912430269454e+03
5.571250912430269636e+03
5.570050912430269818e+03
5.568850912430270000e+03
5.567650912430270182e+03
5.566450912430270364e+03
5.565250912430270546e+03
5.564050912430270728e+03
5.562850912430270910e+03
5.561650912430271092e+03
5.560450912430271273e+03
5.559250912430271455e+03
5.558050912430271637e+03
5.556850912430271819e+03
5.555650912430272001e+03
5.554450912430272183e+03
5.553250912430272365e+03
5.552050912430272547e+03
5.550850912430272729e+03
5.549650912430272911e+03
5.548450912430273092e+03
5.547250912430273274e+03
5.546050912430273456e+03
5.544850912430273638e+03
5.543650912430273820e+03
5.542450912430274002e+03
5.541250912430274184e+03
5.540050912430274366e+03
5.538850912430274548e+03
5.537650912430274730e+03
5.536450912430274911e+03
5.535250912430275093e+03
5.534050912430275275e+03
5.532850912430275457e+03
5.531650912430275639e+03
5.530450912430275821e+03
5.529250912430276003e+03
5.528050912430276185e+03
5.526850912430276367e+03
5.525650912430276549e+03
5.524450912430276730e+03
5.523250912430276912e+03
5.522050912430277094e+03
5.520850912430277276e+03
5.519650912430277458e+03
5.518450912430277640e+03
5.517250912430277822e+03
5.516050912430278004e+03
5.514850912430278186e+03
5.513650912430278368e+03
5.512450912430278549e+03
5.511250912430278731e+03
5.510050912430278913e+03
5.508850912430279095e+03
5.507650912430279277e+03
5.506450912430279459e+03
5.505250912430279641e+03
5.504050912430279823e+03
5.502850912430280005e+03
5.501650912430280187e+03
5.500450912430280368e+03
5.499250912430280550e+03
5.498050912430280732e+03
5.496850912430280914e+03
5.495650912430281096e+03
5.494450912430281278e+03
5.493250912430281460e+03
5.492050912430281642e+03
5.490850912430281824e+03
5.489650912430282006e+03
5.488450912430282187e+03
5.487250912430282369e+03
5.486050912430282551e+03
5.484850912430282733e+03
5.483650912430282915e+03
5.482450912430283097e+03
5.481250912430283279e+03
5.480050912430283461e+03
5.478850912430283643e+03
5.477650912430283825e+03
5.476450912430284006e+03
5.475250912430284188e+03
5.474050912430284370e+03
5.472850912430284552e+03
5.471650912430284734e+03
5.470450912430284916e+03
5.469250912430285098e+03
5.468050912430285280e+03
5.466850912430285462e+03
5.465650912430285643e+03
5.464450912430285825e+03
5.463250912430286007e+03
5.462050912430286189e+03
5.460850912430286371e+03
5.459650912430286553e+03
5.458450912430286735e+03
5.457250912430286917e+03
5.456050912430287099e+03
5.454850912430287281e+03
5.453650912430287462e+03
5.452450912430287644e+03
5.451250912430287826e+03
5.450050912430288008e+03
5.448850912430288190e+03
5.447650912430288372e+03
5.446450912430288554e+03
5.445250912430288736e+03
5.444050912430288918e+03
5.442850912430289100e+03
5.441650912430289281e+03
5.440450912430289463e+03
5.439250912430289645e+03
5.438050912430289827e+03
5.436850912430290009e+03
5.435650912430290191e+03
5.434450912430290373e+03
5.433250912430290555e+03
5.432050912430290737e+03
5.430850912430290919e+03
5.429650912430291100e+03
5.428450912430291282e+03
5.427250912430291464e+03
5.426050912430291646e+03
5.424850912430291828e+03
5.423650912430292010e+03
5.422450912430292192e+03
5.421250912430292374e+03
5.420050912430292556e+03
5.418850912430292738e+03
5.417650912430292919e+03
5.416450912430293101e+03
5.415250912430293283e+03
5.414050912430293465e+03
5.412850912430293647e+03
5.411650912430293829e+03
5.410450912430294011e+03
5.409250912430294193e+03
5.408050912430294375e+03
5.406850912430294557e+03
5.405650912430294738e+03
5.404450912430294920e+03
5.403250912430295102e+03
5.402050912430295284e+03
5.400850912430295466e+03
5.399650912430295648e+03
5.398450912430295830e+03
5.397250912430296012e+03
5.396050912430296194e+03
5.394850912430296376e+03
5.393650912430296557e+03
5.392450912430296739e+03
5.391250912430296921e+03
5.390050912430297103e+03
5.388850912430297285e+03
5.387650912430297467e+03
5.386450912430297649e+03
5.385250912430297831e+03
5.384050912430298013e+03
5.382850912430298195e+03
5.381650912430298376e+03
5.380450912430298558e+03
5.379250912430298740e+03
5.378050912430298922e+03
5.376850912430299104e+03
5.375650912430299286e+03
5.374450912430299468e+03
5.373250912430299650e+03
5.372050912430299832e+03
5.370850912430300014e+03
5.369650912430300195e+03
5.368450912430300377e+03
5.367250912430300559e+03
5.366050912430300741e+03
5.364850912430300923e+03
5.363650912430301105e+03
5.362450912430301287e+03
5.361250912430301469e+03
5.360050912430301651e+03
5.358850912430301833e+03
5.357650912430302014e+03
5.356450912430302196e+03
5.355250912430302378e+03
5.354050912430302560e+03
5.352850912430302742e+03
5.351650912430302924e+03
5.350450912430303106e+03
5.349250912430303288e+03
5.348050912430303470e+03
5.346850912430303651e+03
5.345650912430303833e+03
5.344450912430304015e+03
5.343250912430304197e+03
5.342050912430304379e+03
5.340850912430304561e+03
5.339650912430304743e+03
5.338450912430304925e+03
5.337250912430305107e+03
5.336050912430305289e+03
5.334850912430305470e+03
5.333650912430305652e+03
5.332450912430305834e+03
5.331250912430306016e+03
5.330050912430306198e+03
5.328850912430306380e+03
5.327650912430306562e+03
5.326450912430306744e+03
5.325250912430306926e+03
5.324050912430307108e+03
5.322850912430307289e+03
5.321650912430307471e+03
5.320450912430307653e+03
5.319250912430307835e+03
5.318050912430308017e+03
5.316850912430308199e+03
5.315650912430308381e+03
5.314450912430308563e+03
5.313250912430308745e+03
5.312050912430308927e+03
5.310850912430309108e+03
5.309650912430309290e+03
5.308450912430309472e+03
5.307250912430309654e+03
5.306050912430309836e+03
5.304850912430310018e+03
5.303650912430310200e+03
5.302450912430310382e+03
5.301250912430310564e+03
5.300050912430310746e+03
5.298850912430310927e+03
5.297650912430311109e+03
5.296450912430311291e+03
5.295250912430311473e+03
5.294050912430311655e+03
5.292850912430311837e+03
5.291650912430312019e+03
5.290450912430312201e+03
5.289250912430312383e+03
5.288050912430312565e+03
5.286850912430312746e+03
5.285650912430312928e+03
5.284450912430313110e+03
5.283250912430313292e+03
5.282050912430313474e+03
5.280850912430313656e+03
5.279650912430313838e+03
5.278450912430314020e+03
5.277250912430314202e+03
5.276050912430314384e+03
5.274850912430314565e+03
5.273650912430314747e+03
5.272450912430314929e+03
5.271250912430315111e+03
5.270050912430315293e+03
5.268850912430315475e+03
5.267650912430315657e+03
5.266450912430315839e+03
5.265250912430316021e+03
5.264050912430316203e+03
5.262850912430316384e+03
5.261650912430316566e+03
5.260450912430316748e+03
5.259250912430316930e+03
5.258050912430317112e+03
5.256850912430317294e+03
5.255650912430317476e+03
5.254450912430317658e+03
5.253250912430317840e+03
5.252050912430318022e+03
5.250850912430318203e+03
5.249650912430318385e+03
5.248450912430318567e+03
5.247250912430318749e+03
5.246050912430318931e+03
5.244850912430319113e+03
5.243650912430319295e+03
5.242450912430319477e+03
5.241250912430319659e+03
5.240050912430319840e+03
5.238850912430320022e+03
5.237650912430320204e+03
5.236450912430320386e+03
5.235250912430320568e+03
5.234050912430320750e+03
5.232850912430320932e+03
5.231650912430321114e+03
5.230450912430321296e+03
5.229250912430321478e+03
5.228050912430321659e+03
5.226850912430321841e+03
5.225650912430322023e+03
5.224450912430322205e+03
5.223250912430322387e+03
5.222050912430322569e+03
5.220850912430322751e+03
5.219650912430322933e+03
5.218450912430323115e+03
5.217250912430323297e+03
5.216050912430323478e+03
5.214850912430323660e+03
5.213650912430323842e+03
5.212450912430324024e+03
5.211250912430324206e+03
5.210050912430324388e+03
5.208850912430324570e+03
5.207650912430324752e+03
5.206450912430324934e+03
5.205250912430325116e+03
5.204050912430325297e+03
5.202850912430325479e+03
5.201650912430325661e+03
5.200450912430325843e+03
5.199250912430326025e+03
5.198050912430326207e+03
5.196850912430326389e+03
5.195650912430326571e+03
5.194450912430326753e+03
5.193250912430326935e+03
5.192050912430327116e+03
5.190850912430327298e+03
5.189650912430327480e+03
5.188450912430327662e+03
5.187250912430327844e+03
5.186050912430328026e+03
5.184850912430328208e+03
5.183650912430328390e+03
5.182450912430328572e+03
5.181250912430328754e+03
5.180050912430328935e+03
5.178850912430329117e+03
5.177650912430329299e+03
5.176450912430329481e+03
5.175250912430329663e+03
5.174050912430329845e+03
5.172850912430330027e+03
5.171650912430330209e+03
5.170450912430330391e+03
5.169250912430330573e+03
5.168050912430330754e+03
5.166850912430330936e+03
5.165650912430331118e+03
5.164450912430331300e+03
5.163250912430331482e+03
5.162050912430331664e+03
5.160850912430331846e+03
5.159650912430332028e+03
5.158450912430332210e+03
5.157250912430332392e+03
5.156050912430332573e+03
5.154850912430332755e+03
5.153650912430332937e+03
5.152450912430333119e+03
5.151250912430333301e+03
5.150050912430333483e+03
5.148850912430333665e+03
5.147650912430333847e+03
5.146450912430334029e+03
5.145250912430334211e+03
5.144050912430334392e+03
5.142850912430334574e+03
5.141650912430334756e+03
5.140450912430334938e+03
5.139250912430335120e+03
5.138050912430335302e+03
5.136850912430335484e+03
5.135650912430335666e+03
5.134450912430335848e+03
5.133250912430336030e+03
5.132050912430336211e+03
5.130850912430336393e+03
5.129650912430336575e+03
5.128450912430336757e+03
5.127250912430336939e+03
5.126050912430337121e+03
5.124850912430337303e+03
5.123650912430337485e+03
5.122450912430337667e+03
5.121250912430337848e+03
5.120050912430338030e+03
5.118850912430338212e+03
5.117650912430338394e+03
5.116450912430338576e+03
5.115250912430338758e+03
5.114050912430338940e+03
5.112850912430339122e+03
5.111650912430339304e+03
5.110450912430339486e+03
5.109250912430339667e+03
5.108050912430339849e+03
5.106850912430340031e+03
5.105650912430340213e+03
5.104450912430340395e+03
5.103250912430340577e+03
5.102050912430340759e+03
5.100850912430340941e+03
5.099650912430341123e+03
5.098450912430341305e+03
5.097250912430341486e+03
5.096050912430341668e+03
5.094850912430341850e+03
5.093650912430342032e+03
5.092450912430342214e+03
5.091250912430342396e+03
5.090050912430342578e+03
5.088850912430342760e+03
5.087650912430342942e+03
5.086450912430343124e+03
5.085250912430343305e+03
5.084050912430343487e+03
5.082850912430343669e+03
5.081650912430343851e+03
5.080450912430344033e+03
5.079250912430344215e+03
5.078050912430344397e+03
5.076850912430344579e+03
5.075650912430344761e+03
5.074450912430344943e+03
5.073250912430345124e+03
5.072050912430345306e+03
5.070850912430345488e+03
5.069650912430345670e+03
5.068450912430345852e+03
5.067250912430346034e+03
5.066050912430346216e+03
5.064850912430346398e+03
5.063650912430346580e+03
5.062450912430346762e+03
5.061250912430346943e+03
5.060050912430347125e+03
5.058850912430347307e+03
5.057650912430347489e+03
5.056450912430347671e+03
5.055250912430347853e+03
5.054050912430348035e+03
5.052850912430348217e+03
5.051650912430348399e+03
5.050450912430348581e+03
5.049250912430348762e+03
5.048050912430348944e+03
5.046850912430349126e+03
5.045650912430349308e+03
5.044450912430349490e+03
5.043250912430349672e+03
5.042050912430349854e+03
5.040850912430350036e+03
5.039650912430350218e+03
5.038450912430350400e+03
5.037250912430350581e+03
5.036050912430350763e+03
5.034850912430350945e+03
5.033650912430351127e+03
5.032450912430351309e+03
5.031250912430351491e+03
5.030050912430351673e+03
5.028850912430351855e+03
5.027650912430352037e+03
5.026450912430352219e+03
5.025250912430352400e+03
5.024050912430352582e+03
5.022850912430352764e+03
5.021650912430352946e+03
5.020450912430353128e+03
5.019250912430353310e+03
5.018050912430353492e+03
5.016850912430353674e+03
5.015650912430353856e+03
5.014450912430354037e+03
5.013250912430354219e+03
5.012050912430354401e+03
5.010850912430354583e+03
5.009650912430354765e+03
5.008450912430354947e+03
5.007250912430355129e+03
5.006050912430355311e+03
5.004850912430355493e+03
5.003650912430355675e+03
5.002450912430355856e+03
5.001250912430356038e+03
5.000050912430356220e+03
4.998850912430356402e+03
4.997650912430356584e+03
4.996450912430356766e+03
4.995250912430356948e+03
4.994050912430357130e+03
4.992850912430357312e+03
4.991650912430357494e+03
4.990450912430357675e+03
4.989250912430357857e+03
4.988050912430358039e+03
4.986850912430358221e+03
4.985650912430358403e+03
4.984450912430358585e+03
4.983250912430358767e+03
4.982050912430358949e+03
4.980850912430359131e+03
4.979650912430359313e+03
4.978450912430359494e+03
4.977250912430359676e+03
4.976050912430359858e+03
4.974850912430360040e+03
4.973650912430360222e+03
4.972450912430360404e+03
4.971250912430360586e+03
4.970050912430360768e+03
4.968850912430360950e+03
4.967650912430361132e+03
4.966450912430361313e+03
4.965250912430361495e+03
4.964050912430361677e+03
4.962850912430361859e+03
4.961650912430362041e+03
4.960450912430362223e+03
4.959250912430362405e+03
4.958050912430362587e+03
4.956850912430362769e+03
4.955650912430362951e+03
4.954450912430363132e+03
4.953250912430363314e+03
4.952050912430363496e+03
4.950850912430363678e+03
4.949650912430363860e+03
4.948450912430364042e+03
4.947250912430364224e+03
4.946050912430364406e+03
4.944850912430364588e+03
4.943650912430364770e+03
4.942450912430364951e+03
4.941250912430365133e+03
4.940050912430365315e+03
4.938850912430365497e+03
4.937650912430365679e+03
4.936450912430365861e+03
4.935250912430366043e+03
4.934050912430366225e+03
4.932850912430366407e+03
4.931650912430366589e+03
4.930450912430366770e+03
4.929250912430366952e+03
4.928050912430367134e+03
4.926850912430367316e+03
4.925650912430367498e+03
4.924450912430367680e+03
4.923250912430367862e+03
4.922050912430368044e+03
4.920850912430368226e+03
4.919650912430368408e+03
4.918450912430368589e+03
4.917250912430368771e+03
4.916050912430368953e+03
4.914850912430369135e+03
4.913650912430369317e+03
4.912450912430369499e+03
4.911250912430369681e+03
4.910050912430369863e+03
4.908850912430370045e+03
4.907650912430370227e+03
4.906450912430370408e+03
4.905250912430370590e+03
4.904050912430370772e+03
4.902850912430370954e+03
4.901650912430371136e+03
4.900450912430371318e+03
4.899250912430371500e+03
4.898050912430371682e+03
4.896850912430371864e+03
4.895650912430372045e+03
4.894450912430372227e+03
4.893250912430372409e+03
4.892050912430372591e+03
4.890850912430372773e+03
4.889650912430372955e+03
4.888450912430373137e+03
4.887250912430373319e+03
4.886050912430373501e+03
4.884850912430373683e+03
4.883650912430373864e+03
4.882450912430374046e+03
4.881250912430374228e+03
4.880050912430374410e+03
4.878850912430374592e+03
4.877650912430374774e+03
4.876450912430374956e+03
4.875250912430375138e+03
4.874050912430375320e+03
4.872850912430375502e+03
4.871650912430375683e+03
4.870450912430375865e+03
4.869250912430376047e+03
4.868050912430376229e+03
4.866850912430376411e+03
4.865650912430376593e+03
4.864450912430376775e+03
4.863250912430376957e+03
4.862050912430377139e+03
4.860850912430377321e+03
4.859650912430377502e+03
4.858450912430377684e+03
4.857250912430377866e+03
4.856050912430378048e+03
4.854850912430378230e+03
4.853650912430378412e+03
4.852450912430378594e+03
4.851250912430378776e+03
4.850050912430378958e+03
4.848850912430379140e+03
4.847650912430379321e+03
4.846450912430379503e+03
4.845250912430379685e+03
4.844050912430379867e+03
4.842850912430380049e+03
4.841650912430380231e+03
4.840450912430380413e+03
4.839250912430380595e+03
4.838050912430380777e+03
4.836850912430380959e+03
4.835650912430381140e+03
4.834450912430381322e+03
4.833250912430381504e+03
4.832050912430381686e+03
4.830850912430381868e+03
4.829650912430382050e+03
4.828450912430382232e+03
4.827250912430382414e+03
4.826050912430382596e+03
4.824850912430382778e+03
4.823650912430382959e+03
4.822450912430383141e+03
4.821250912430383323e+03
4.820050912430383505e+03
4.818850912430383687e+03
4.817650912430383869e+03
4.816450912430384051e+03
4.815250912430384233e+03
4.814050912430384415e+03
4.812850912430384597e+03
4.811650912430384778e+03
4.810450912430384960e+03
4.809250912430385142e+03
4.808050912430385324e+03
4.806850912430385506e+03
4.805650912430385688e+03
4.804450912430385870e+03
4.803250912430386052e+03
4.802050912430386234e+03
4.800850912430386416e+03
4.799650912430386597e+03
4.798450912430386779e+03
4.797250912430386961e+03
4.796050912430387143e+03
4.794850912430387325e+03
4.793650912430387507e+03
4.792450912430387689e+03
4.791250912430387871e+03
4.790050912430388053e+03
4.788850912430388234e+03
4.787650912430388416e+03
4.786450912430388598e+03
4.785250912430388780e+03
4.784050912430388962e+03
4.782850912430389144e+03
4.781650912430389326e+03
4.780450912430389508e+03
4.779250912430389690e+03
4.778050912430389872e+03
4.776850912430390053e+03
4.775650912430390235e+03
4.774450912430390417e+03
4.773250912430390599e+03
4.772050912430390781e+03
4.770850912430390963e+03
4.769650912430391145e+03
4.768450912430391327e+03
4.767250912430391509e+03
4.766050912430391691e+03
4.764850912430391872e+03
4.763650912430392054e+03
4.762450912430392236e+03
4.761250912430392418e+03
4.760050912430392600e+03
4.758850912430392782e+03
4.757650912430392964e+03
4.756450912430393146e+03
4.755250912430393328e+03
4.754050912430393510e+03
4.752850912430393691e+03
4.751650912430393873e+03
4.750450912430394055e+03
4.749250912430394237e+03
4.748050912430394419e+03
4.746850912430394601e+03
4.745650912430394783e+03
4.744450912430394965e+03
4.743250912430395147e+03
4.742050912430395329e+03
4.740850912430395510e+03
4.739650912430395692e+03
4.738450912430395874e+03
4.737250912430396056e+03
4.736050912430396238e+03
4.734850912430396420e+03
4.733650912430396602e+03
4.732450912430396784e+03
4.731250912430396966e+03
4.730050912430397148e+03
4.728850912430397329e+03
4.727650912430397511e+03
4.726450912430397693e+03
4.725250912430397875e+03
4.724050912430398057e+03
4.722850912430398239e+03
4.721650912430398421e+03
4.720450912430398603e+03
4.719250912430398785e+03
4.718050912430398967e+03
4.716850912430399148e+03
4.715650912430399330e+03
4.714450912430399512e+03
4.713250912430399694e+03
4.712050912430399876e+03
4.710850912430400058e+03
4.709650912430400240e+03
4.708450912430400422e+03
4.707250912430400604e+03
4.706050912430400786e+03
4.704850912430400967e+03
4.703650912430401149e+03
4.702450912430401331e+03
4.701250912430401513e+03
4.700050912430401695e+03
4.698850912430401877e+03
4.697650912430402059e+03
4.696450912430402241e+03
4.695250912430402423e+03
4.694050912430402605e+03
4.692850912430402786e+03
4.691650912430402968e+03
4.690450912430403150e+03
4.689250912430403332e+03
4.688050912430403514e+03
4.686850912430403696e+03
4.685650912430403878e+03
4.684450912430404060e+03
4.683250912430404242e+03
4.682050912430404424e+03
4.680850912430404605e+03
4.679650912430404787e+03
4.678450912430404969e+03
4.677250912430405151e+03
4.676050912430405333e+03
4.674850912430405515e+03
4.673650912430405697e+03
4.672450912430405879e+03
4.671250912430406061e+03
4.670050912430406242e+03
4.668850912430406424e+03
4.667650912430406606e+03
4.666450912430406788e+03
4.665250912430406970e+03
4.664050912430407152e+03
4.662850912430407334e+03
4.661650912430407516e+03
4.660450912430407698e+03
4.659250912430407880e+03
4.658050912430408061e+03
4.656850912430408243e+03
4.655650912430408425e+03
4.654450912430408607e+03
4.653250912430408789e+03
4.652050912430408971e+03
4.650850912430409153e+03
4.649650912430409335e+03
4.648450912430409517e+03
4.647250912430409699e+03
4.646050912430409880e+03
4.644850912430410062e+03
4.643650912430410244e+03
4.642450912430410426e+03
4.641250912430410608e+03
4.640050912430410790e+03
4.638850912430410972e+03
4.637650912430411154e+03
4.636450912430411336e+03
4.635250912430411518e+03
4.634050912430411699e+03
4.632850912430411881e+03
4.631650912430412063e+03
4.630450912430412245e+03
4.629250912430412427e+03
4.628050912430412609e+03
4.626850912430412791e+03
4.625650912430412973e+03
4.624450912430413155e+03
4.623250912430413337e+03
4.622050912430413518e+03
4.620850912430413700e+03
4.619650912430413882e+03
4.618450912430414064e+03
4.617250912430414246e+03
4.616050912430414428e+03
4.614850912430414610e+03
4.613650912430414792e+03
4.612450912430414974e+03
4.611250912430415156e+03
4.610050912430415337e+03
4.608850912430415519e+03
4.607650912430415701e+03
4.606450912430415883e+03
4.605250912430416065e+03
4.604050912430416247e+03
4.602850912430416429e+03
4.601650912430416611e+03
4.600450912430416793e+03
4.599250912430416975e+03
4.598050912430417156e+03
4.596850912430417338e+03
4.595650912430417520e+03
4.594450912430417702e+03
4.593250912430417884e+03
4.592050912430418066e+03
4.590850912430418248e+03
4.589650912430418430e+03
4.588450912430418612e+03
4.587250912430418794e+03
4.586050912430418975e+03
4.584850912430419157e+03
4.583650912430419339e+03
4.582450912430419521e+03
4.581250912430419703e+03
4.580050912430419885e+03
4.578850912430420067e+03
4.577650912430420249e+03
4.576450912430420431e+03
4.575250912430420613e+03
4.574050912430420794e+03
4.572850912430420976e+03
4.571650912430421158e+03
4.570450912430421340e+03
4.569250912430421522e+03
4.568050912430421704e+03
4.566850912430421886e+03
4.565650912430422068e+03
4.564450912430422250e+03
4.563250912430422431e+03
4.562050912430422613e+03
4.560850912430422795e+03
4.559650912430422977e+03
4.558450912430423159e+03
4.557250912430423341e+03
4.556050912430423523e+03
4.554850912430423705e+03
4.553650912430423887e+03
4.552450912430424069e+03
4.551250912430424250e+03
4.550050912430424432e+03
4.548850912430424614e+03
4.547650912430424796e+03
4.546450912430424978e+03
4.545250912430425160e+03
4.544050912430425342e+03
4.542850912430425524e+03
4.541650912430425706e+03
4.540450912430425888e+03
4.539250912430426069e+03
4.538050912430426251e+03
4.536850912430426433e+03
4.535650912430426615e+03
4.534450912430426797e+03
4.533250912430426979e+03
4.532050912430427161e+03
4.530850912430427343e+03
4.529650912430427525e+03
4.528450912430427707e+03
4.527250912430427888e+03
4.526050912430428070e+03
4.524850912430428252e+03
4.523650912430428434e+03
4.522450912430428616e+03
4.521250912430428798e+03
4.520050912430428980e+03
4.518850912430429162e+03
4.517650912430429344e+03
4.516450912430429526e+03
4.515250912430429707e+03
4.514050912430429889e+03
4.512850912430430071e+03
4.511650912430430253e+03
4.510450912430430435e+03
4.509250912430430617e+03
4.508050912430430799e+03
4.506850912430430981e+03
4.505650912430431163e+03
4.504450912430431345e+03
4.503250912430431526e+03
4.502050912430431708e+03
4.500850912430431890e+03
4.499650912430432072e+03
4.498450912430432254e+03
4.497250912430432436e+03
4.496050912430432618e+03
4.494850912430432800e+03
4.493650912430432982e+03
4.492450912430433164e+03
4.491250912430433345e+03
4.490050912430433527e+03
4.488850912430433709e+03
4.487650912430433891e+03
4.486450912430434073e+03
4.485250912430434255e+03
4.484050912430434437e+03
4.482850912430434619e+03
4.481650912430434801e+03
4.480450912430434983e+03
4.479250912430435164e+03
4.478050912430435346e+03
4.476850912430435528e+03
4.475650912430435710e+03
4.474450912430435892e+03
4.473250912430436074e+03
4.472050912430436256e+03
4.470850912430436438e+03
4.469650912430436620e+03
4.468450912430436802e+03
4.467250912430436983e+03
4.466050912430437165e+03
4.464850912430437347e+03
4.463650912430437529e+03
4.462450912430437711e+03
4.461250912430437893e+03
4.460050912430438075e+03
4.458850912430438257e+03
4.457650912430438439e+03
4.456450912430438621e+03
4.455250912430438802e+03
4.454050912430438984e+03
4.452850912430439166e+03
4.451650912430439348e+03
4.450450912430439530e+03
4.449250912430439712e+03
4.448050912430439894e+03
4.446850912430440076e+03
4.445650912430440258e+03
4.444450912430440439e+03
4.443250912430440621e+03
4.442050912430440803e+03
4.440850912430440985e+03
4.439650912430441167e+03
4.438450912430441349e+03
4.437250912430441531e+03
4.436050912430441713e+03
4.434850912430441895e+03
4.433650912430442077e+03
4.432450912430442258e+03
4.431250912430442440e+03
4.430050912430442622e+03
4.428850912430442804e+03
4.427650912430442986e+03
4.426450912430443168e+03
4.425250912430443350e+03
4.424050912430443532e+03
4.422850912430443714e+03
4.421650912430443896e+03
4.420450912430444077e+03
4.419250912430444259e+03
4.418050912430444441e+03
4.416850912430444623e+03
4.415650912430444805e+03
4.414450912430444987e+03
4.413250912430445169e+03
4.412050912430445351e+03
4.410850912430445533e+03
4.409650912430445715e+03
4.408450912430445896e+03
4.407250912430446078e+03
4.406050912430446260e+03
4.404850912430446442e+03
4.403650912430446624e+03
4.402450912430446806e+03
4.401250912430446988e+03
4.400050912430447170e+03
4.398850912430447352e+03
4.397650912430447534e+03
4.396450912430447715e+03
4.395250912430447897e+03
4.394050912430448079e+03
4.392850912430448261e+03
4.391650912430448443e+03
4.390450912430448625e+03
4.389250912430448807e+03
4.388050912430448989e+03
4.386850912430449171e+03
4.385650912430449353e+03
4.384450912430449534e+03
4.383250912430449716e+03
4.382050912430449898e+03
4.380850912430450080e+03
4.379650912430450262e+03
4.378450912430450444e+03
4.377250912430450626e+03
4.376050912430450808e+03
4.374850912430450990e+03
4.373650912430451172e+03
4.372450912430451353e+03
4.371250912430451535e+03
4.370050912430451717e+03
4.368850912430451899e+03
4.367650912430452081e+03
4.366450912430452263e+03
4.365250912430452445e+03
4.364050912430452627e+03
4.362850912430452809e+03
4.361650912430452991e+03
4.360450912430453172e+03
4.359250912430453354e+03
4.358050912430453536e+03
4.356850912430453718e+03
4.355650912430453900e+03
4.354450912430454082e+03
4.353250912430454264e+03
4.352050912430454446e+03
4.350850912430454628e+03
4.349650912430454810e+03
4.348450912430454991e+03
4.347250912430455173e+03
4.346050912430455355e+03
4.344850912430455537e+03
4.343650912430455719e+03
4.342450912430455901e+03
4.341250912430456083e+03
4.340050912430456265e+03
4.338850912430456447e+03
4.337650912430456628e+03
4.336450912430456810e+03
4.335250912430456992e+03
4.334050912430457174e+03
4.332850912430457356e+03
4.331650912430457538e+03
4.330450912430457720e+03
4.329250912430457902e+03
4.328050912430458084e+03
4.326850912430458266e+03
4.325650912430458447e+03
4.324450912430458629e+03
4.323250912430458811e+03
4.322050912430458993e+03
4.320850912430459175e+03
4.319650912430459357e+03
4.318450912430459539e+03
4.317250912430459721e+03
4.316050912430459903e+03
4.314850912430460085e+03
4.313650912430460266e+03
4.312450912430460448e+03
4.311250912430460630e+03
4.310050912430460812e+03
4.308850912430460994e+03
4.307650912430461176e+03
4.306450912430461358e+03
4.305250912430461540e+03
4.304050912430461722e+03
4.302850912430461904e+03
4.301650912430462085e+03
4.300450912430462267e+03
4.299250912430462449e+03
4.298050912430462631e+03
4.296850912430462813e+03
4.295650912430462995e+03
4.294450912430463177e+03
4.293250912430463359e+03
4.292050912430463541e+03
4.290850912430463723e+03
4.289650912430463904e+03
4.288450912430464086e+03
4.287250912430464268e+03
4.286050912430464450e+03
4.284850912430464632e+03
4.283650912430464814e+03
4.282450912430464996e+03
4.281250912430465178e+03
4.280050912430465360e+03
4.278850912430465542e+03
4.277650912430465723e+03
4.276450912430465905e+03
4.275250912430466087e+03
4.274050912430466269e+03
4.272850912430466451e+03
4.271650912430466633e+03
4.270450912430466815e+03
4.269250912430466997e+03
4.268050912430467179e+03
4.266850912430467361e+03
4.265650912430467542e+03
4.264450912430467724e+03
4.263250912430467906e+03
4.262050912430468088e+03
4.260850912430468270e+03
4.259650912430468452e+03
4.258450912430468634e+03
4.257250912430468816e+03
4.256050912430468998e+03
4.254850912430469180e+03
4.253650912430469361e+03
4.252450912430469543e+03
4.251250912430469725e+03
4.250050912430469907e+03
4.248850912430470089e+03
4.247650912430470271e+03
4.246450912430470453e+03
4.245250912430470635e+03
4.244050912430470817e+03
4.242850912430470999e+03
4.241650912430471180e+03
4.240450912430471362e+03
4.239250912430471544e+03
4.238050912430471726e+03
4.236850912430471908e+03
4.235650912430472090e+03
4.234450912430472272e+03
4.233250912430472454e+03
4.232050912430472636e+03
4.230850912430472818e+03
4.229650912430472999e+03
4.228450912430473181e+03
4.227250912430473363e+03
4.226050912430473545e+03
4.224850912430473727e+03
4.223650912430473909e+03
4.222450912430474091e+03
4.221250912430474273e+03
4.220050912430474455e+03
4.218850912430474636e+03
4.217650912430474818e+03
4.216450912430475000e+03
4.215250912430475182e+03
4.214050912430475364e+03
4.212850912430475546e+03
4.211650912430475728e+03
4.210450912430475910e+03
4.209250912430476092e+03
4.208050912430476274e+03
4.206850912430476455e+03
4.205650912430476637e+03
4.204450912430476819e+03
4.203250912430477001e+03
4.202050912430477183e+03
4.200850912430477365e+03
4.199650912430477547e+03
4.198450912430477729e+03
4.197250912430477911e+03
4.196050912430478093e+03
4.194850912430478274e+03
4.193650912430478456e+03
4.192450912430478638e+03
4.191250912430478820e+03
4.190050912430479002e+03
4.188850912430479184e+03
4.187650912430479366e+03
4.186450912430479548e+03
4.185250912430479730e+03
4.184050912430479912e+03
4.182850912430480093e+03
4.181650912430480275e+03
4.180450912430480457e+03
4.179250912430480639e+03
4.178050912430480821e+03
4.176850912430481003e+03
4.175650912430481185e+03
4.174450912430481367e+03
4.173250912430481549e+03
4.172050912430481731e+03
4.170850912430481912e+03
4.169650912430482094e+03
4.168450912430482276e+03
4.167250912430482458e+03
4.166050912430482640e+03
4.164850912430482822e+03
4.163650912430483004e+03
4.162450912430483186e+03
4.161250912430483368e+03
4.160050912430483550e+03
4.158850912430483731e+03
4.157650912430483913e+03
4.156450912430484095e+03
4.155250912430484277e+03
4.154050912430484459e+03
4.152850912430484641e+03
4.151650912430484823e+03
4.150450912430485005e+03
4.149250912430485187e+03
4.148050912430485369e+03
4.146850912430485550e+03
4.145650912430485732e+03
4.144450912430485914e+03
4.143250912430486096e+03
4.142050912430486278e+03
4.140850912430486460e+03
4.139650912430486642e+03
4.138450912430486824e+03
4.137250912430487006e+03
4.136050912430487188e+03
4.134850912430487369e+03
4.133650912430487551e+03
4.132450912430487733e+03
4.131250912430487915e+03
4.130050912430488097e+03
4.128850912430488279e+03
4.127650912430488461e+03
4.126450912430488643e+03
4.125250912430488825e+03
4.124050912430489007e+03
4.122850912430489188e+03
4.121650912430489370e+03
4.120450912430489552e+03
4.119250912430489734e+03
4.118050912430489916e+03
4.116850912430490098e+03
4.115650912430490280e+03
4.114450912430490462e+03
4.113250912430490644e+03
4.112050912430490825e+03
4.110850912430491007e+03
4.109650912430491189e+03
4.108450912430491371e+03
4.107250912430491553e+03
4.106050912430491735e+03
4.104850912430491917e+03
4.103650912430492099e+03
4.102450912430492281e+03
4.101250912430492463e+03
4.100050912430492644e+03
4.098850912430492826e+03
4.097650912430493008e+03
4.096450912430493190e+03
4.095250912430493372e+03
4.094050912430493554e+03
4.092850912430493736e+03
4.091650912430493918e+03
4.090450912430494100e+03
4.089250912430494282e+03
4.088050912430494463e+03
4.086850912430494645e+03
4.085650912430494827e+03
4.084450912430495009e+03
4.083250912430495191e+03
4.082050912430495373e+03
4.080850912430495555e+03
4.079650912430495737e+03
4.078450912430495919e+03
4.077250912430496101e+03
4.076050912430496282e+03
4.074850912430496464e+03
4.073650912430496646e+03
4.072450912430496828e+03
4.071250912430497010e+03
4.070050912430497192e+03
4.068850912430497374e+03
4.067650912430497556e+03
4.066450912430497738e+03
4.065250912430497920e+03
4.064050912430498101e+03
4.062850912430498283e+03
4.061650912430498465e+03
4.060450912430498647e+03
4.059250912430498829e+03
4.058050912430499011e+03
4.056850912430499193e+03
4.055650912430499375e+03
4.054450912430499557e+03
4.053250912430499739e+03
4.052050912430499920e+03
4.050850912430500102e+03
4.049650912430500284e+03
4.048450912430500466e+03
4.047250912430500648e+03
4.046050912430500830e+03
4.044850912430501012e+03
4.043650912430501194e+03
4.042450912430501376e+03
4.041250912430501558e+03
4.040050912430501739e+03
4.038850912430501921e+03
4.037650912430502103e+03
4.036450912430502285e+03
4.035250912430502467e+03
4.034050912430502649e+03
4.032850912430502831e+03
4.031650912430503013e+03
4.030450912430503195e+03
4.029250912430503377e+03
4.028050912430503558e+03
4.026850912430503740e+03
4.025650912430503922e+03
4.024450912430504104e+03
4.023250912430504286e+03
4.022050912430504468e+03
4.020850912430504650e+03
4.019650912430504832e+03
4.018450912430505014e+03
4.017250912430505196e+03
4.016050912430505377e+03
4.014850912430505559e+03
4.013650912430505741e+03
4.012450912430505923e+03
4.011250912430506105e+03
4.010050912430506287e+03
4.008850912430506469e+03
4.007650912430506651e+03
4.006450912430506833e+03
4.005250912430507015e+03
4.004050912430507196e+03
4.002850912430507378e+03
4.001650912430507560e+03
4.000450912430507742e+03
3.999250912430507924e+03
3.998050912430508106e+03
3.996850912430508288e+03
3.995650912430508470e+03
3.994450912430508652e+03
3.993250912430508833e+03
3.992050912430509015e+03
3.990850912430509197e+03
3.989650912430509379e+03
3.988450912430509561e+03
3.987250912430509743e+03
3.986050912430509925e+03
3.984850912430510107e+03
3.983650912430510289e+03
3.982450912430510471e+03
3.981250912430510652e+03
3.980050912430510834e+03
3.978850912430511016e+03
3.977650912430511198e+03
3.976450912430511380e+03
3.975250912430511562e+03
3.974050912430511744e+03
3.972850912430511926e+03
3.971650912430512108e+03
3.970450912430512290e+03
3.969250912430512471e+03
3.968050912430512653e+03
3.966850912430512835e+03
3.965650912430513017e+03
3.964450912430513199e+03
3.963250912430513381e+03
3.962050912430513563e+03
3.960850912430513745e+03
3.959650912430513927e+03
3.958450912430514109e+03
3.957250912430514290e+03
3.956050912430514472e+03
3.954850912430514654e+03
3.953650912430514836e+03
3.952450912430515018e+03
3.951250912430515200e+03
3.950050912430515382e+03
3.948850912430515564e+03
3.947650912430515746e+03
3.946450912430515928e+03
3.945250912430516109e+03
3.944050912430516291e+03
3.942850912430516473e+03
3.941650912430516655e+03
3.940450912430516837e+03
3.939250912430517019e+03
3.938050912430517201e+03
3.936850912430517383e+03
3.935650912430517565e+03
3.934450912430517747e+03
3.933250912430517928e+03
3.932050912430518110e+03
3.930850912430518292e+03
3.929650912430518474e+03
3.928450912430518656e+03
3.927250912430518838e+03
3.926050912430519020e+03
3.924850912430519202e+03
3.923650912430519384e+03
3.922450912430519566e+03
3.921250912430519747e+03
3.920050912430519929e+03
3.918850912430520111e+03
3.917650912430520293e+03
3.916450912430520475e+03
3.915250912430520657e+03
3.914050912430520839e+03
3.912850912430521021e+03
3.911650912430521203e+03
3.910450912430521385e+03
3.909250912430521566e+03
3.908050912430521748e+03
3.906850912430521930e+03
3.905650912430522112e+03
3.904450912430522294e+03
3.903250912430522476e+03
3.902050912430522658e+03
3.900850912430522840e+03
3.899650912430523022e+03
3.898450912430523204e+03
3.897250912430523385e+03
3.896050912430523567e+03
3.894850912430523749e+03
3.893650912430523931e+03
3.892450912430524113e+03
3.891250912430524295e+03
3.890050912430524477e+03
3.888850912430524659e+03
3.887650912430524841e+03
3.886450912430525023e+03
3.885250912430525204e+03
3.884050912430525386e+03
3.882850912430525568e+03
3.881650912430525750e+03
3.880450912430525932e+03
3.879250912430526114e+03
3.878050912430526296e+03
3.876850912430526478e+03
3.875650912430526660e+03
3.874450912430526841e+03
3.873250912430527023e+03
3.872050912430527205e+03
3.870850912430527387e+03
3.869650912430527569e+03
3.868450912430527751e+03
3.867250912430527933e+03
3.866050912430528115e+03
3.864850912430528297e+03
3.863650912430528479e+03
3.862450912430528660e+03
3.861250912430528842e+03
3.860050912430529024e+03
3.858850912430529206e+03
3.857650912430529388e+03
3.856450912430529570e+03
3.855250912430529752e+03
3.854050912430529934e+03
3.852850912430530116e+03
3.851650912430530298e+03
3.850450912430530479e+03
3.849250912430530661e+03
3.848050912430530843e+03
3.846850912430531025e+03
3.845650912430531207e+03
3.844450912430531389e+03
3.843250912430531571e+03
3.842050912430531753e+03
3.840850912430531935e+03
3.839650912430532117e+03
3.838450912430532298e+03
3.837250912430532480e+03
3.836050912430532662e+03
3.834850912430532844e+03
3.833650912430533026e+03
3.832450912430533208e+03
3.831250912430533390e+03
3.830050912430533572e+03
3.828850912430533754e+03
3.827650912430533936e+03
3.826450912430534117e+03
3.825250912430534299e+03
3.824050912430534481e+03
3.822850912430534663e+03
3.821650912430534845e+03
3.820450912430535027e+03
3.819250912430535209e+03
3.818050912430535391e+03
3.816850912430535573e+03
3.815650912430535755e+03
3.814450912430535936e+03
3.813250912430536118e+03
3.812050912430536300e+03
3.810850912430536482e+03
3.809650912430536664e+03
3.808450912430536846e+03
3.807250912430537028e+03
3.806050912430537210e+03
3.804850912430537392e+03
3.803650912430537574e+03
3.802450912430537755e+03
3.801250912430537937e+03
3.800050912430538119e+03
3.798850912430538301e+03
3.797650912430538483e+03
3.796450912430538665e+03
3.795250912430538847e+03
3.794050912430539029e+03
3.792850912430539211e+03
3.791650912430539393e+03
3.790450912430539574e+03
3.789250912430539756e+03
3.788050912430539938e+03
3.786850912430540120e+03
3.785650912430540302e+03
3.784450912430540484e+03
3.783250912430540666e+03
3.782050912430540848e+03
3.780850912430541030e+03
3.779650912430541212e+03
3.778450912430541393e+03
3.777250912430541575e+03
3.776050912430541757e+03
3.774850912430541939e+03
3.773650912430542121e+03
3.772450912430542303e+03
3.771250912430542485e+03
3.770050912430542667e+03
3.768850912430542849e+03
3.767650912430543030e+03
3.766450912430543212e+03
3.765250912430543394e+03
3.764050912430543576e+03
3.762850912430543758e+03
3.761650912430543940e+03
3.760450912430544122e+03
3.759250912430544304e+03
3.758050912430544486e+03
3.756850912430544668e+03
3.755650912430544849e+03
3.754450912430545031e+03
3.753250912430545213e+03
3.752050912430545395e+03
3.750850912430545577e+03
3.749650912430545759e+03
3.748450912430545941e+03
3.747250912430546123e+03
3.746050912430546305e+03
3.744850912430546487e+03
3.743650912430546668e+03
3.742450912430546850e+03
3.741250912430547032e+03
3.740050912430547214e+03
3.738850912430547396e+03
3.737650912430547578e+03
3.736450912430547760e+03
3.735250912430547942e+03
3.734050912430548124e+03
3.732850912430548306e+03
3.731650912430548487e+03
3.730450912430548669e+03
3.729250912430548851e+03
3.728050912430549033e+03
3.726850912430549215e+03
3.725650912430549397e+03
3.724450912430549579e+03
3.723250912430549761e+03
3.722050912430549943e+03
3.720850912430550125e+03
3.719650912430550306e+03
3.718450912430550488e+03
3.717250912430550670e+03
3.716050912430550852e+03
3.714850912430551034e+03
3.713650912430551216e+03
3.712450912430551398e+03
3.711250912430551580e+03
3.710050912430551762e+03
3.708850912430551944e+03
3.707650912430552125e+03
3.706450912430552307e+03
3.705250912430552489e+03
3.704050912430552671e+03
3.702850912430552853e+03
3.701650912430553035e+03
3.700450912430553217e+03
3.699250912430553399e+03
3.698050912430553581e+03
3.696850912430553763e+03
3.695650912430553944e+03
3.694450912430554126e+03
3.693250912430554308e+03
3.692050912430554490e+03
3.690850912430554672e+03
3.689650912430554854e+03
3.688450912430555036e+03
3.687250912430555218e+03
3.686050912430555400e+03
3.684850912430555582e+03
3.683650912430555763e+03
3.682450912430555945e+03
3.681250912430556127e+03
3.680050912430556309e+03
3.678850912430556491e+03
3.677650912430556673e+03
3.676450912430556855e+03
3.675250912430557037e+03
3.674050912430557219e+03
3.672850912430557401e+03
3.671650912430557582e+03
3.670450912430557764e+03
3.669250912430557946e+03
3.668050912430558128e+03
3.666850912430558310e+03
3.665650912430558492e+03
3.664450912430558674e+03
3.663250912430558856e+03
3.662050912430559038e+03
3.660850912430559220e+03
3.659650912430559401e+03
3.658450912430559583e+03
3.657250912430559765e+03
3.656050912430559947e+03
3.654850912430560129e+03
3.653650912430560311e+03
3.652450912430560493e+03
3.651250912430560675e+03
3.650050912430560857e+03
3.648850912430561038e+03
3.647650912430561220e+03
3.646450912430561402e+03
3.645250912430561584e+03
3.644050912430561766e+03
3.642850912430561948e+03
3.641650912430562130e+03
3.640450912430562312e+03
3.639250912430562494e+03
3.638050912430562676e+03
3.636850912430562857e+03
3.635650912430563039e+03
3.634450912430563221e+03
3.633250912430563403e+03
3.632050912430563585e+03
3.630850912430563767e+03
3.629650912430563949e+03
3.628450912430564131e+03
3.627250912430564313e+03
3.626050912430564495e+03
3.624850912430564676e+03
3.623650912430564858e+03
3.622450912430565040e+03
3.621250912430565222e+03
3.620050912430565404e+03
3.618850912430565586e+03
3.617650912430565768e+03
3.616450912430565950e+03
3.615250912430566132e+03
3.614050912430566314e+03
3.612850912430566495e+03
3.611650912430566677e+03
3.610450912430566859e+03
3.609250912430567041e+03
3.608050912430567223e+03
3.606850912430567405e+03
3.605650912430567587e+03
3.604450912430567769e+03
3.603250912430567951e+03
3.602050912430568133e+03
3.600850912430568314e+03
3.599650912430568496e+03
3.598450912430568678e+03
3.597250912430568860e+03
3.596050912430569042e+03
3.594850912430569224e+03
3.593650912430569406e+03
3.592450912430569588e+03
3.591250912430569770e+03
3.590050912430569952e+03
3.588850912430570133e+03
3.587650912430570315e+03
3.586450912430570497e+03
3.585250912430570679e+03
3.584050912430570861e+03
3.582850912430571043e+03
3.581650912430571225e+03
3.580450912430571407e+03
3.579250912430571589e+03
3.578050912430571771e+03
3.576850912430571952e+03
3.575650912430572134e+03
3.574450912430572316e+03
3.573250912430572498e+03
3.572050912430572680e+03
3.570850912430572862e+03
3.569650912430573044e+03
3.568450912430573226e+03
3.567250912430573408e+03
3.566050912430573590e+03
3.564850912430573771e+03
3.563650912430573953e+03
3.562450912430574135e+03
3.561250912430574317e+03
3.560050912430574499e+03
3.558850912430574681e+03
3.557650912430574863e+03
3.556450912430575045e+03
3.555250912430575227e+03
3.554050912430575409e+03
3.552850912430575590e+03
3.551650912430575772e+03
3.550450912430575954e+03
3.549250912430576136e+03
3.548050912430576318e+03
3.546850912430576500e+03
3.545650912430576682e+03
3.544450912430576864e+03
3.543250912430577046e+03
3.542050912430577227e+03
3.540850912430577409e+03
3.539650912430577591e+03
3.538450912430577773e+03
3.537250912430577955e+03
3.536050912430578137e+03
3.534850912430578319e+03
3.533650912430578501e+03
3.532450912430578683e+03
3.531250912430578865e+03
3.530050912430579046e+03
3.528850912430579228e+03
3.527650912430579410e+03
3.526450912430579592e+03
3.525250912430579774e+03
3.524050912430579956e+03
3.522850912430580138e+03
3.521650912430580320e+03
3.520450912430580502e+03
3.519250912430580684e+03
3.518050912430580865e+03
3.516850912430581047e+03
3.515650912430581229e+03
3.514450912430581411e+03
3.513250912430581593e+03
3.512050912430581775e+03
3.510850912430581957e+03
3.509650912430582139e+03
3.508450912430582321e+03
3.507250912430582503e+03
3.506050912430582684e+03
3.504850912430582866e+03
3.503650912430583048e+03
3.502450912430583230e+03
3.501250912430583412e+03
3.500050912430583594e+03
3.498850912430583776e+03
3.497650912430583958e+03
3.496450912430584140e+03
3.495250912430584322e+03
3.494050912430584503e+03
3.492850912430584685e+03
3.491650912430584867e+03
3.490450912430585049e+03
3.489250912430585231e+03
3.488050912430585413e+03
3.486850912430585595e+03
3.485650912430585777e+03
3.484450912430585959e+03
3.483250912430586141e+03
3.482050912430586322e+03
3.480850912430586504e+03
3.479650912430586686e+03
3.478450912430586868e+03
3.477250912430587050e+03
3.476050912430587232e+03
3.474850912430587414e+03
3.473650912430587596e+03
3.472450912430587778e+03
3.471250912430587960e+03
3.470050912430588141e+03
3.468850912430588323e+03
3.467650912430588505e+03
3.466450912430588687e+03
3.465250912430588869e+03
3.464050912430589051e+03
3.462850912430589233e+03
3.461650912430589415e+03
3.460450912430589597e+03
3.459250912430589779e+03
3.458050912430589960e+03
3.456850912430590142e+03
3.455650912430590324e+03
3.454450912430590506e+03
3.453250912430590688e+03
3.452050912430590870e+03
3.450850912430591052e+03
3.449650912430591234e+03
3.448450912430591416e+03
3.447250912430591598e+03
3.446050912430591779e+03
3.444850912430591961e+03
3.443650912430592143e+03
3.442450912430592325e+03
3.441250912430592507e+03
3.440050912430592689e+03
3.438850912430592871e+03
3.437650912430593053e+03
3.436450912430593235e+03
3.435250912430593417e+03
3.434050912430593598e+03
3.432850912430593780e+03
3.431650912430593962e+03
3.430450912430594144e+03
3.429250912430594326e+03
3.428050912430594508e+03
3.426850912430594690e+03
3.425650912430594872e+03
3.424450912430595054e+03
3.423250912430595235e+03
3.422050912430595417e+03
3.420850912430595599e+03
3.419650912430595781e+03
3.418450912430595963e+03
3.417250912430596145e+03
3.416050912430596327e+03
3.414850912430596509e+03
3.413650912430596691e+03
3.412450912430596873e+03
3.411250912430597054e+03
3.410050912430597236e+03
3.408850912430597418e+03
3.407650912430597600e+03
3.406450912430597782e+03
3.405250912430597964e+03
3.404050912430598146e+03
3.402850912430598328e+03
3.401650912430598510e+03
3.400450912430598692e+03
3.399250912430598873e+03
3.398050912430599055e+03
3.396850912430599237e+03
3.395650912430599419e+03
3.394450912430599601e+03
3.393250912430599783e+03
3.392050912430599965e+03
3.390850912430600147e+03
3.389650912430600329e+03
3.388450912430600511e+03
3.387250912430600692e+03
3.386050912430600874e+03
3.384850912430601056e+03
3.383650912430601238e+03
3.382450912430601420e+03
3.381250912430601602e+03
3.380050912430601784e+03
3.378850912430601966e+03
3.377650912430602148e+03
3.376450912430602330e+03
3.375250912430602511e+03
3.374050912430602693e+03
3.372850912430602875e+03
3.371650912430603057e+03
3.370450912430603239e+03
3.369250912430603421e+03
3.368050912430603603e+03
3.366850912430603785e+03
3.365650912430603967e+03
3.364450912430604149e+03
3.363250912430604330e+03
3.362050912430604512e+03
3.360850912430604694e+03
3.359650912430604876e+03
3.358450912430605058e+03
3.357250912430605240e+03
3.356050912430605422e+03
3.354850912430605604e+03
3.353650912430605786e+03
3.352450912430605968e+03
3.351250912430606149e+03
3.350050912430606331e+03
3.348850912430606513e+03
3.347650912430606695e+03
3.346450912430606877e+03
3.345250912430607059e+03
3.344050912430607241e+03
3.342850912430607423e+03
3.341650912430607605e+03
3.340450912430607787e+03
3.339250912430607968e+03
3.338050912430608150e+03
3.336850912430608332e+03
3.335650912430608514e+03
3.334450912430608696e+03
3.333250912430608878e+03
3.332050912430609060e+03
3.330850912430609242e+03
3.329650912430609424e+03
3.328450912430609606e+03
3.327250912430609787e+03
3.326050912430609969e+03
3.324850912430610151e+03
3.323650912430610333e+03
3.322450912430610515e+03
3.321250912430610697e+03
3.320050912430610879e+03
3.318850912430611061e+03
3.317650912430611243e+03
3.316450912430611424e+03
3.315250912430611606e+03
3.314050912430611788e+03
3.312850912430611970e+03
3.311650912430612152e+03
3.310450912430612334e+03
3.309250912430612516e+03
3.308050912430612698e+03
3.306850912430612880e+03
3.305650912430613062e+03
3.304450912430613243e+03
3.303250912430613425e+03
3.302050912430613607e+03
3.300850912430613789e+03
3.299650912430613971e+03
3.298450912430614153e+03
3.297250912430614335e+03
3.296050912430614517e+03
3.294850912430614699e+03
3.293650912430614881e+03
3.292450912430615062e+03
3.291250912430615244e+03
3.290050912430615426e+03
3.288850912430615608e+03
3.287650912430615790e+03
3.286450912430615972e+03
3.285250912430616154e+03
3.284050912430616336e+03
3.282850912430616518e+03
3.281650912430616700e+03
3.280450912430616881e+03
3.279250912430617063e+03
3.278050912430617245e+03
3.276850912430617427e+03
3.275650912430617609e+03
3.274450912430617791e+03
3.273250912430617973e+03
3.272050912430618155e+03
3.270850912430618337e+03
3.269650912430618519e+03
3.268450912430618700e+03
3.267250912430618882e+03
3.266050912430619064e+03
3.264850912430619246e+03
3.263650912430619428e+03
3.262450912430619610e+03
3.261250912430619792e+03
3.260050912430619974e+03
3.258850912430620156e+03
3.257650912430620338e+03
3.256450912430620519e+03
3.255250912430620701e+03
3.254050912430620883e+03
3.252850912430621065e+03
3.251650912430621247e+03
3.250450912430621429e+03
3.249250912430621611e+03
3.248050912430621793e+03
3.246850912430621975e+03
3.245650912430622157e+03
3.244450912430622338e+03
3.243250912430622520e+03
3.242050912430622702e+03
3.240850912430622884e+03
3.239650912430623066e+03
3.238450912430623248e+03
3.237250912430623430e+03
3.236050912430623612e+03
3.234850912430623794e+03
3.233650912430623976e+03
3.232450912430624157e+03
3.231250912430624339e+03
3.230050912430624521e+03
3.228850912430624703e+03
3.227650912430624885e+03
3.226450912430625067e+03
3.225250912430625249e+03
3.224050912430625431e+03
3.222850912430625613e+03
3.221650912430625795e+03
3.220450912430625976e+03
3.219250912430626158e+03
3.218050912430626340e+03
3.216850912430626522e+03
3.215650912430626704e+03
3.214450912430626886e+03
3.213250912430627068e+03
3.212050912430627250e+03
3.210850912430627432e+03
3.209650912430627614e+03
3.208450912430627795e+03
3.207250912430627977e+03
3.206050912430628159e+03
3.204850912430628341e+03
3.203650912430628523e+03
3.202450912430628705e+03
3.201250912430628887e+03
3.200050912430629069e+03
3.198850912430629251e+03
3.197650912430629432e+03
3.196450912430629614e+03
3.195250912430629796e+03
3.194050912430629978e+03
3.192850912430630160e+03
3.191650912430630342e+03
3.190450912430630524e+03
3.189250912430630706e+03
3.188050912430630888e+03
3.186850912430631070e+03
3.185650912430631251e+03
3.184450912430631433e+03
3.183250912430631615e+03
3.182050912430631797e+03
3.180850912430631979e+03
3.179650912430632161e+03
3.178450912430632343e+03
3.177250912430632525e+03
3.176050912430632707e+03
3.174850912430632889e+03
3.173650912430633070e+03
3.172450912430633252e+03
3.171250912430633434e+03
3.170050912430633616e+03
3.168850912430633798e+03
3.167650912430633980e+03
3.166450912430634162e+03
3.165250912430634344e+03
3.164050912430634526e+03
3.162850912430634708e+03
3.161650912430634889e+03
3.160450912430635071e+03
3.159250912430635253e+03
3.158050912430635435e+03
3.156850912430635617e+03
3.155650912430635799e+03
3.154450912430635981e+03
3.153250912430636163e+03
3.152050912430636345e+03
3.150850912430636527e+03
3.149650912430636708e+03
3.148450912430636890e+03
3.147250912430637072e+03
3.146050912430637254e+03
3.144850912430637436e+03
3.143650912430637618e+03
3.142450912430637800e+03
3.141250912430637982e+03
3.140050912430638164e+03
3.138850912430638346e+03
3.137650912430638527e+03
3.136450912430638709e+03
3.135250912430638891e+03
3.134050912430639073e+03
3.132850912430639255e+03
3.131650912430639437e+03
3.130450912430639619e+03
3.129250912430639801e+03
3.128050912430639983e+03
3.126850912430640165e+03
3.125650912430640346e+03
3.124450912430640528e+03
3.123250912430640710e+03
3.122050912430640892e+03
3.120850912430641074e+03
3.119650912430641256e+03
3.118450912430641438e+03
3.117250912430641620e+03
3.116050912430641802e+03
3.114850912430641984e+03
3.113650912430642165e+03
3.112450912430642347e+03
3.111250912430642529e+03
3.110050912430642711e+03
3.108850912430642893e+03
3.107650912430643075e+03
3.106450912430643257e+03
3.105250912430643439e+03
3.104050912430643621e+03
3.102850912430643803e+03
3.101650912430643984e+03
3.100450912430644166e+03
3.099250912430644348e+03
3.098050912430644530e+03
3.096850912430644712e+03
3.095650912430644894e+03
3.094450912430645076e+03
3.093250912430645258e+03
3.092050912430645440e+03
3.090850912430645621e+03
3.089650912430645803e+03
3.088450912430645985e+03
3.087250912430646167e+03
3.086050912430646349e+03
3.084850912430646531e+03
3.083650912430646713e+03
3.082450912430646895e+03
3.081250912430647077e+03
3.080050912430647259e+03
3.078850912430647440e+03
3.077650912430647622e+03
3.076450912430647804e+03
3.075250912430647986e+03
3.074050912430648168e+03
3.072850912430648350e+03
3.071650912430648532e+03
3.070450912430648714e+03
3.069250912430648896e+03
3.068050912430649078e+03
3.066850912430649259e+03
3.065650912430649441e+03
3.064450912430649623e+03
3.063250912430649805e+03
3.062050912430649987e+03
3.060850912430650169e+03
3.059650912430650351e+03
3.058450912430650533e+03
3.057250912430650715e+03
3.056050912430650897e+03
3.054850912430651078e+03
3.053650912430651260e+03
3.052450912430651442e+03
3.051250912430651624e+03
3.050050912430651806e+03
3.048850912430651988e+03
3.047650912430652170e+03
3.046450912430652352e+03
3.045250912430652534e+03
3.044050912430652716e+03
3.042850912430652897e+03
3.041650912430653079e+03
3.040450912430653261e+03
3.039250912430653443e+03
3.038050912430653625e+03
3.036850912430653807e+03
3.035650912430653989e+03
3.034450912430654171e+03
3.033250912430654353e+03
3.032050912430654535e+03
3.030850912430654716e+03
3.029650912430654898e+03
3.028450912430655080e+03
3.027250912430655262e+03
3.026050912430655444e+03
3.024850912430655626e+03
3.023650912430655808e+03
3.022450912430655990e+03
3.021250912430656172e+03
3.020050912430656354e+03
3.018850912430656535e+03
3.017650912430656717e+03
3.016450912430656899e+03
3.015250912430657081e+03
3.014050912430657263e+03
3.012850912430657445e+03
3.011650912430657627e+03
3.010450912430657809e+03
3.009250912430657991e+03
3.008050912430658173e+03
3.006850912430658354e+03
3.005650912430658536e+03
3.004450912430658718e+03
3.003250912430658900e+03
3.002050912430659082e+03
3.000850912430659264e+03
2.999650912430659446e+03
2.998450912430659628e+03
2.997250912430659810e+03
2.996050912430659992e+03
2.994850912430660173e+03
2.993650912430660355e+03
2.992450912430660537e+03
2.991250912430660719e+03
2.990050912430660901e+03
2.988850912430661083e+03
2.987650912430661265e+03
2.986450912430661447e+03
2.985250912430661629e+03
2.984050912430661811e+03
2.982850912430661992e+03
2.981650912430662174e+03
2.980450912430662356e+03
2.979250912430662538e+03
2.978050912430662720e+03
2.976850912430662902e+03
2.975650912430663084e+03
2.974450912430663266e+03
2.973250912430663448e+03
2.972050912430663629e+03
2.970850912430663811e+03
2.969650912430663993e+03
2.968450912430664175e+03
2.967250912430664357e+03
2.966050912430664539e+03
2.964850912430664721e+03
2.963650912430664903e+03
2.962450912430665085e+03
2.961250912430665267e+03
2.960050912430665448e+03
2.958850912430665630e+03
2.957650912430665812e+03
2.956450912430665994e+03
2.955250912430666176e+03
2.954050912430666358e+03
2.952850912430666540e+03
2.951650912430666722e+03
2.950450912430666904e+03
2.949250912430667086e+03
2.948050912430667267e+03
2.946850912430667449e+03
2.945650912430667631e+03
2.944450912430667813e+03
2.943250912430667995e+03
2.942050912430668177e+03
2.940850912430668359e+03
2.939650912430668541e+03
2.938450912430668723e+03
2.937250912430668905e+03
2.936050912430669086e+03
2.934850912430669268e+03
2.933650912430669450e+03
2.932450912430669632e+03
2.931250912430669814e+03
2.930050912430669996e+03
2.928850912430670178e+03
2.927650912430670360e+03
2.926450912430670542e+03
2.925250912430670724e+03
2.924050912430670905e+03
2.922850912430671087e+03
2.921650912430671269e+03
2.920450912430671451e+03
2.919250912430671633e+03
2.918050912430671815e+03
2.916850912430671997e+03
2.915650912430672179e+03
2.914450912430672361e+03
2.913250912430672543e+03
2.912050912430672724e+03
2.910850912430672906e+03
2.909650912430673088e+03
2.908450912430673270e+03
2.907250912430673452e+03
2.906050912430673634e+03
2.904850912430673816e+03
2.903650912430673998e+03
2.902450912430674180e+03
2.901250912430674362e+03
2.900050912430674543e+03
2.898850912430674725e+03
2.897650912430674907e+03
2.896450912430675089e+03
2.895250912430675271e+03
2.894050912430675453e+03
2.892850912430675635e+03
2.891650912430675817e+03
2.890450912430675999e+03
2.889250912430676181e+03
2.888050912430676362e+03
2.886850912430676544e+03
2.885650912430676726e+03
2.884450912430676908e+03
2.883250912430677090e+03
2.882050912430677272e+03
2.880850912430677454e+03
2.879650912430677636e+03
2.878450912430677818e+03
2.877250912430678000e+03
2.876050912430678181e+03
2.874850912430678363e+03
2.873650912430678545e+03
2.872450912430678727e+03
2.871250912430678909e+03
2.870050912430679091e+03
2.868850912430679273e+03
2.867650912430679455e+03
2.866450912430679637e+03
2.865250912430679818e+03
2.864050912430680000e+03
2.862850912430680182e+03
2.861650912430680364e+03
2.860450912430680546e+03
2.859250912430680728e+03
2.858050912430680910e+03
2.856850912430681092e+03
2.855650912430681274e+03
2.854450912430681456e+03
2.853250912430681637e+03
2.852050912430681819e+03
2.850850912430682001e+03
2.849650912430682183e+03
2.848450912430682365e+03
2.847250912430682547e+03
2.846050912430682729e+03
2.844850912430682911e+03
2.843650912430683093e+03
2.842450912430683275e+03
2.841250912430683456e+03
2.840050912430683638e+03
2.838850912430683820e+03
2.837650912430684002e+03
2.836450912430684184e+03
2.835250912430684366e+03
2.834050912430684548e+03
2.832850912430684730e+03
2.831650912430684912e+03
2.830450912430685094e+03
2.829250912430685275e+03
2.828050912430685457e+03
2.826850912430685639e+03
2.825650912430685821e+03
2.824450912430686003e+03
2.823250912430686185e+03
2.822050912430686367e+03
2.820850912430686549e+03
2.819650912430686731e+03
2.818450912430686913e+03
2.817250912430687094e+03
2.816050912430687276e+03
2.814850912430687458e+03
2.813650912430687640e+03
2.812450912430687822e+03
2.811250912430688004e+03
2.810050912430688186e+03
2.808850912430688368e+03
2.807650912430688550e+03
2.806450912430688732e+03
2.805250912430688913e+03
2.804050912430689095e+03
2.802850912430689277e+03
2.801650912430689459e+03
2.800450912430689641e+03
2.799250912430689823e+03
2.798050912430690005e+03
2.796850912430690187e+03
2.795650912430690369e+03
2.794450912430690551e+03
2.793250912430690732e+03
2.792050912430690914e+03
2.790850912430691096e+03
2.789650912430691278e+03
2.788450912430691460e+03
2.787250912430691642e+03
2.786050912430691824e+03
2.784850912430692006e+03
2.783650912430692188e+03
2.782450912430692370e+03
2.781250912430692551e+03
2.780050912430692733e+03
2.778850912430692915e+03
2.777650912430693097e+03
2.776450912430693279e+03
2.775250912430693461e+03
2.774050912430693643e+03
2.772850912430693825e+03
2.771650912430694007e+03
2.770450912430694189e+03
2.769250912430694370e+03
2.768050912430694552e+03
2.766850912430694734e+03
2.765650912430694916e+03
2.764450912430695098e+03
2.763250912430695280e+03
2.762050912430695462e+03
2.760850912430695644e+03
2.759650912430695826e+03
2.758450912430696008e+03
2.757250912430696189e+03
2.756050912430696371e+03
2.754850912430696553e+03
2.753650912430696735e+03
2.752450912430696917e+03
2.751250912430697099e+03
2.750050912430697281e+03
2.748850912430697463e+03
2.747650912430697645e+03
2.746450912430697826e+03
2.745250912430698008e+03
2.744050912430698190e+03
2.742850912430698372e+03
2.741650912430698554e+03
2.740450912430698736e+03
2.739250912430698918e+03
2.738050912430699100e+03
2.736850912430699282e+03
2.735650912430699464e+03
2.734450912430699645e+03
2.733250912430699827e+03
2.732050912430700009e+03
2.730850912430700191e+03
2.729650912430700373e+03
2.728450912430700555e+03
2.727250912430700737e+03
2.726050912430700919e+03
2.724850912430701101e+03
2.723650912430701283e+03
2.722450912430701464e+03
2.721250912430701646e+03
2.720050912430701828e+03
2.718850912430702010e+03
2.717650912430702192e+03
2.716450912430702374e+03
2.715250912430702556e+03
2.714050912430702738e+03
2.712850912430702920e+03
2.711650912430703102e+03
2.710450912430703283e+03
2.709250912430703465e+03
2.708050912430703647e+03
2.706850912430703829e+03
2.705650912430704011e+03
2.704450912430704193e+03
2.703250912430704375e+03
2.702050912430704557e+03
2.700850912430704739e+03
2.699650912430704921e+03
2.698450912430705102e+03
2.697250912430705284e+03
2.696050912430705466e+03
2.694850912430705648e+03
2.693650912430705830e+03
2.692450912430706012e+03
2.691250912430706194e+03
2.690050912430706376e+03
2.688850912430706558e+03
2.687650912430706740e+03
2.686450912430706921e+03
2.685250912430707103e+03
2.684050912430707285e+03
2.682850912430707467e+03
2.681650912430707649e+03
2.680450912430707831e+03
2.679250912430708013e+03
2.678050912430708195e+03
2.676850912430708377e+03
2.675650912430708559e+03
2.674450912430708740e+03
2.673250912430708922e+03
2.672050912430709104e+03
2.670850912430709286e+03
2.669650912430709468e+03
2.668450912430709650e+03
2.667250912430709832e+03
2.666050912430710014e+03
2.664850912430710196e+03
2.663650912430710378e+03
2.662450912430710559e+03
2.661250912430710741e+03
2.660050912430710923e+03
2.658850912430711105e+03
2.657650912430711287e+03
2.656450912430711469e+03
2.655250912430711651e+03
2.654050912430711833e+03
2.652850912430712015e+03
2.651650912430712197e+03
2.650450912430712378e+03
2.649250912430712560e+03
2.648050912430712742e+03
2.646850912430712924e+03
2.645650912430713106e+03
2.644450912430713288e+03
2.643250912430713470e+03
2.642050912430713652e+03
2.640850912430713834e+03
2.639650912430714015e+03
2.638450912430714197e+03
2.637250912430714379e+03
2.636050912430714561e+03
2.634850912430714743e+03
2.633650912430714925e+03
2.632450912430715107e+03
2.631250912430715289e+03
2.630050912430715471e+03
2.628850912430715653e+03
2.627650912430715834e+03
2.626450912430716016e+03
2.625250912430716198e+03
2.624050912430716380e+03
2.622850912430716562e+03
2.621650912430716744e+03
2.620450912430716926e+03
2.619250912430717108e+03
2.618050912430717290e+03
2.616850912430717472e+03
2.615650912430717653e+03
2.614450912430717835e+03
2.613250912430718017e+03
2.612050912430718199e+03
2.610850912430718381e+03
2.609650912430718563e+03
2.608450912430718745e+03
2.607250912430718927e+03
2.606050912430719109e+03
2.604850912430719291e+03
2.603650912430719472e+03
2.602450912430719654e+03
2.601250912430719836e+03
2.600050912430720018e+03
2.598850912430720200e+03
2.597650912430720382e+03
2.596450912430720564e+03
2.595250912430720746e+03
2.594050912430720928e+03
2.592850912430721110e+03
2.591650912430721291e+03
2.590450912430721473e+03
2.589250912430721655e+03
2.588050912430721837e+03
2.586850912430722019e+03
2.585650912430722201e+03
2.584450912430722383e+03
2.583250912430722565e+03
2.582050912430722747e+03
2.580850912430722929e+03
2.579650912430723110e+03
2.578450912430723292e+03
2.577250912430723474e+03
2.576050912430723656e+03
2.574850912430723838e+03
2.573650912430724020e+03
2.572450912430724202e+03
2.571250912430724384e+03
2.570050912430724566e+03
2.568850912430724748e+03
2.567650912430724929e+03
2.566450912430725111e+03
2.565250912430725293e+03
2.564050912430725475e+03
2.562850912430725657e+03
2.561650912430725839e+03
2.560450912430726021e+03
2.559250912430726203e+03
2.558050912430726385e+03
2.556850912430726567e+03
2.555650912430726748e+03
2.554450912430726930e+03
2.553250912430727112e+03
2.552050912430727294e+03
2.550850912430727476e+03
2.549650912430727658e+03
2.548450912430727840e+03
2.547250912430728022e+03
2.546050912430728204e+03
2.544850912430728386e+03
2.543650912430728567e+03
2.542450912430728749e+03
2.541250912430728931e+03
2.540050912430729113e+03
2.538850912430729295e+03
2.537650912430729477e+03
2.536450912430729659e+03
2.535250912430729841e+03
2.534050912430730023e+03
2.532850912430730205e+03
2.531650912430730386e+03
2.530450912430730568e+03
2.529250912430730750e+03
2.528050912430730932e+03
2.526850912430731114e+03
2.525650912430731296e+03
2.524450912430731478e+03
2.523250912430731660e+03
2.522050912430731842e+03
2.520850912430732023e+03
2.519650912430732205e+03
2.518450912430732387e+03
2.517250912430732569e+03
2.516050912430732751e+03
2.514850912430732933e+03
2.513650912430733115e+03
2.512450912430733297e+03
2.511250912430733479e+03
2.510050912430733661e+03
2.508850912430733842e+03
2.507650912430734024e+03
2.506450912430734206e+03
2.505250912430734388e+03
2.504050912430734570e+03
2.502850912430734752e+03
2.501650912430734934e+03
2.500450912430735116e+03
2.499250912430735298e+03
2.498050912430735480e+03
2.496850912430735661e+03
2.495650912430735843e+03
2.494450912430736025e+03
2.493250912430736207e+03
2.492050912430736389e+03
2.490850912430736571e+03
2.489650912430736753e+03
2.488450912430736935e+03
2.487250912430737117e+03
2.486050912430737299e+03
2.484850912430737480e+03
2.483650912430737662e+03
2.482450912430737844e+03
2.481250912430738026e+03
2.480050912430738208e+03
2.478850912430738390e+03
2.477650912430738572e+03
2.476450912430738754e+03
2.475250912430738936e+03
2.474050912430739118e+03
2.472850912430739299e+03
2.471650912430739481e+03
2.470450912430739663e+03
2.469250912430739845e+03
2.468050912430740027e+03
2.466850912430740209e+03
2.465650912430740391e+03
2.464450912430740573e+03
2.463250912430740755e+03
2.462050912430740937e+03
2.460850912430741118e+03
2.459650912430741300e+03
2.458450912430741482e+03
2.457250912430741664e+03
2.456050912430741846e+03
2.454850912430742028e+03
2.453650912430742210e+03
2.452450912430742392e+03
2.451250912430742574e+03
2.450050912430742756e+03
2.448850912430742937e+03
2.447650912430743119e+03
2.446450912430743301e+03
2.445250912430743483e+03
2.444050912430743665e+03
2.442850912430743847e+03
2.441650912430744029e+03
2.440450912430744211e+03
2.439250912430744393e+03
2.438050912430744575e+03
2.436850912430744756e+03
2.435650912430744938e+03
2.434450912430745120e+03
2.433250912430745302e+03
2.432050912430745484e+03
2.430850912430745666e+03
2.429650912430745848e+03
2.428450912430746030e+03
2.427250912430746212e+03
2.426050912430746394e+03
2.424850912430746575e+03
2.423650912430746757e+03
2.422450912430746939e+03
2.421250912430747121e+03
2.420050912430747303e+03
2.418850912430747485e+03
2.417650912430747667e+03
2.416450912430747849e+03
2.415250912430748031e+03
2.414050912430748213e+03
2.412850912430748394e+03
2.411650912430748576e+03
2.410450912430748758e+03
2.409250912430748940e+03
2.408050912430749122e+03
2.406850912430749304e+03
2.405650912430749486e+03
2.404450912430749668e+03
2.403250912430749850e+03
2.402050912430750031e+03
2.400850912430750213e+03
2.399650912430750395e+03
2.398450912430750577e+03
2.397250912430750759e+03
2.396050912430750941e+03
2.394850912430751123e+03
2.393650912430751305e+03
2.392450912430751487e+03
2.391250912430751669e+03
2.390050912430751850e+03
2.388850912430752032e+03
2.387650912430752214e+03
2.386450912430752396e+03
2.385250912430752578e+03
2.384050912430752760e+03
2.382850912430752942e+03
2.381650912430753124e+03
2.380450912430753306e+03
2.379250912430753488e+03
2.378050912430753669e+03
2.376850912430753851e+03
2.375650912430754033e+03
2.374450912430754215e+03
2.373250912430754397e+03
2.372050912430754579e+03
2.370850912430754761e+03
2.369650912430754943e+03
2.368450912430755125e+03
2.367250912430755307e+03
2.366050912430755488e+03
2.364850912430755670e+03
2.363650912430755852e+03
2.362450912430756034e+03
2.361250912430756216e+03
2.360050912430756398e+03
2.358850912430756580e+03
2.357650912430756762e+03
2.356450912430756944e+03
2.355250912430757126e+03
2.354050912430757307e+03
2.352850912430757489e+03
2.351650912430757671e+03
2.350450912430757853e+03
2.349250912430758035e+03
2.348050912430758217e+03
2.346850912430758399e+03
2.345650912430758581e+03
2.344450912430758763e+03
2.343250912430758945e+03
2.342050912430759126e+03
2.340850912430759308e+03
2.339650912430759490e+03
2.338450912430759672e+03
2.337250912430759854e+03
2.336050912430760036e+03
2.334850912430760218e+03
2.333650912430760400e+03
2.332450912430760582e+03
2.331250912430760764e+03
2.330050912430760945e+03
2.328850912430761127e+03
2.327650912430761309e+03
2.326450912430761491e+03
2.325250912430761673e+03
2.324050912430761855e+03
2.322850912430762037e+03
2.321650912430762219e+03
2.320450912430762401e+03
2.319250912430762583e+03
2.318050912430762764e+03
2.316850912430762946e+03
2.315650912430763128e+03
2.314450912430763310e+03
2.313250912430763492e+03
2.312050912430763674e+03
2.310850912430763856e+03
2.309650912430764038e+03
2.308450912430764220e+03
2.307250912430764402e+03
2.306050912430764583e+03
2.304850912430764765e+03
2.303650912430764947e+03
2.302450912430765129e+03
2.301250912430765311e+03
2.300050912430765493e+03
2.298850912430765675e+03
2.297650912430765857e+03
2.296450912430766039e+03
2.295250912430766220e+03
2.294050912430766402e+03
2.292850912430766584e+03
2.291650912430766766e+03
2.290450912430766948e+03
2.289250912430767130e+03
2.288050912430767312e+03
2.286850912430767494e+03
2.285650912430767676e+03
2.284450912430767858e+03
2.283250912430768039e+03
2.282050912430768221e+03
2.280850912430768403e+03
2.279650912430768585e+03
2.278450912430768767e+03
2.277250912430768949e+03
2.276050912430769131e+03
2.274850912430769313e+03
2.273650912430769495e+03
2.272450912430769677e+03
2.271250912430769858e+03
2.270050912430770040e+03
2.268850912430770222e+03
2.267650912430770404e+03
2.266450912430770586e+03
2.265250912430770768e+03
2.264050912430770950e+03
2.262850912430771132e+03
2.261650912430771314e+03
2.260450912430771496e+03
2.259250912430771677e+03
2.258050912430771859e+03
2.256850912430772041e+03
2.255650912430772223e+03
2.254450912430772405e+03
2.253250912430772587e+03
2.252050912430772769e+03
2.250850912430772951e+03
2.249650912430773133e+03
2.248450912430773315e+03
2.247250912430773496e+03
2.246050912430773678e+03
2.244850912430773860e+03
2.243650912430774042e+03
2.242450912430774224e+03
2.241250912430774406e+03
2.240050912430774588e+03
2.238850912430774770e+03
2.237650912430774952e+03
2.236450912430775134e+03
2.235250912430775315e+03
2.234050912430775497e+03
2.232850912430775679e+03
2.231650912430775861e+03
2.230450912430776043e+03
2.229250912430776225e+03
2.228050912430776407e+03
2.226850912430776589e+03
2.225650912430776771e+03
2.224450912430776953e+03
2.223250912430777134e+03
2.222050912430777316e+03
2.220850912430777498e+03
2.219650912430777680e+03
2.218450912430777862e+03
2.217250912430778044e+03
2.216050912430778226e+03
2.214850912430778408e+03
2.213650912430778590e+03
2.212450912430778772e+03
2.211250912430778953e+03
2.210050912430779135e+03
2.208850912430779317e+03
2.207650912430779499e+03
2.206450912430779681e+03
2.205250912430779863e+03
2.204050912430780045e+03
2.202850912430780227e+03
2.201650912430780409e+03
2.200450912430780591e+03
2.199250912430780772e+03
2.198050912430780954e+03
2.196850912430781136e+03
2.195650912430781318e+03
2.194450912430781500e+03
2.193250912430781682e+03
2.192050912430781864e+03
2.190850912430782046e+03
2.189650912430782228e+03
2.188450912430782410e+03
2.187250912430782591e+03
2.186050912430782773e+03
2.184850912430782955e+03
2.183650912430783137e+03
2.182450912430783319e+03
2.181250912430783501e+03
2.180050912430783683e+03
2.178850912430783865e+03
2.177650912430784047e+03
2.176450912430784228e+03
2.175250912430784410e+03
2.174050912430784592e+03
2.172850912430784774e+03
2.171650912430784956e+03
2.170450912430785138e+03
2.169250912430785320e+03
2.168050912430785502e+03
2.166850912430785684e+03
2.165650912430785866e+03
2.164450912430786047e+03
2.163250912430786229e+03
2.162050912430786411e+03
2.160850912430786593e+03
2.159650912430786775e+03
2.158450912430786957e+03
2.157250912430787139e+03
2.156050912430787321e+03
2.154850912430787503e+03
2.153650912430787685e+03
2.152450912430787866e+03
2.151250912430788048e+03
2.150050912430788230e+03
2.148850912430788412e+03
2.147650912430788594e+03
2.146450912430788776e+03
2.145250912430788958e+03
2.144050912430789140e+03
2.142850912430789322e+03
2.141650912430789504e+03
2.140450912430789685e+03
2.139250912430789867e+03
2.138050912430790049e+03
2.136850912430790231e+03
2.135650912430790413e+03
2.134450912430790595e+03
2.133250912430790777e+03
2.132050912430790959e+03
2.130850912430791141e+03
2.129650912430791323e+03
2.128450912430791504e+03
2.127250912430791686e+03
2.126050912430791868e+03
2.124850912430792050e+03
2.123650912430792232e+03
2.122450912430792414e+03
2.121250912430792596e+03
2.120050912430792778e+03
2.118850912430792960e+03
2.117650912430793142e+03
2.116450912430793323e+03
2.115250912430793505e+03
2.114050912430793687e+03
2.112850912430793869e+03
2.111650912430794051e+03
2.110450912430794233e+03
2.109250912430794415e+03
2.108050912430794597e+03
2.106850912430794779e+03
2.105650912430794961e+03
2.104450912430795142e+03
2.103250912430795324e+03
2.102050912430795506e+03
2.100850912430795688e+03
2.099650912430795870e+03
2.098450912430796052e+03
2.097250912430796234e+03
2.096050912430796416e+03
2.094850912430796598e+03
2.093650912430796780e+03
2.092450912430796961e+03
2.091250912430797143e+03
2.090050912430797325e+03
2.088850912430797507e+03
2.087650912430797689e+03
2.086450912430797871e+03
2.085250912430798053e+03
2.084050912430798235e+03
2.082850912430798417e+03
2.081650912430798599e+03
2.080450912430798780e+03
2.079250912430798962e+03
2.078050912430799144e+03
2.076850912430799326e+03
2.075650912430799508e+03
2.074450912430799690e+03
2.073250912430799872e+03
2.072050912430800054e+03
2.070850912430800236e+03
2.069650912430800417e+03
2.068450912430800599e+03
2.067250912430800781e+03
2.066050912430800963e+03
2.064850912430801145e+03
2.063650912430801327e+03
2.062450912430801509e+03
2.061250912430801691e+03
2.060050912430801873e+03
2.058850912430802055e+03
2.057650912430802236e+03
2.056450912430802418e+03
2.055250912430802600e+03
2.054050912430802782e+03
2.052850912430802964e+03
2.051650912430803146e+03
2.050450912430803328e+03
2.049250912430803510e+03
2.048050912430803692e+03
2.046850912430803646e+03
2.045650912430803601e+03
2.044450912430803555e+03
2.043250912430803510e+03
2.042050912430803464e+03
2.040850912430803419e+03
2.039650912430803373e+03
2.038450912430803328e+03
2.037250912430803282e+03
2.036050912430803237e+03
2.034850912430803191e+03
2.033650912430803146e+03
2.032450912430803101e+03
2.031250912430803055e+03
2.030050912430803010e+03
2.028850912430802964e+03
2.027650912430802919e+03
2.026450912430802873e+03
2.025250912430802828e+03
2.024050912430802782e+03
2.022850912430802737e+03
2.021650912430802691e+03
2.020450912430802646e+03
2.019250912430802600e+03
2.018050912430802555e+03
2.016850912430802509e+03
2.015650912430802464e+03
2.014450912430802418e+03
2.013250912430802373e+03
2.012050912430802327e+03
2.010850912430802282e+03
2.009650912430802236e+03
2.008450912430802191e+03
2.007250912430802146e+03
2.006050912430802100e+03
2.004850912430802055e+03
2.003650912430802009e+03
2.002450912430801964e+03
2.001250912430801918e+03
2.000050912430801873e+03
1.998850912430801827e+03
1.997650912430801782e+03
1.996450912430801736e+03
1.995250912430801691e+03
1.994050912430801645e+03
1.992850912430801600e+03
1.991650912430801554e+03
1.990450912430801509e+03
1.989250912430801463e+03
1.988050912430801418e+03
1.986850912430801372e+03
1.985650912430801327e+03
1.984450912430801282e+03
1.983250912430801236e+03
1.982050912430801191e+03
1.980850912430801145e+03
1.979650912430801100e+03
1.978450912430801054e+03
1.977250912430801009e+03
1.976050912430800963e+03
1.974850912430800918e+03
1.973650912430800872e+03
1.972450912430800827e+03
1.971250912430800781e+03
1.970050912430800736e+03
1.968850912430800690e+03
1.967650912430800645e+03
1.966450912430800599e+03
1.965250912430800554e+03
1.964050912430800508e+03
1.962850912430800463e+03
1.961650912430800417e+03
1.960450912430800372e+03
1.959250912430800327e+03
1.958050912430800281e+03
1.956850912430800236e+03
1.955650912430800190e+03
1.954450912430800145e+03
1.953250912430800099e+03
1.952050912430800054e+03
1.950850912430800008e+03
1.949650912430799963e+03
1.948450912430799917e+03
1.947250912430799872e+03
1.946050912430799826e+03
1.944850912430799781e+03
1.943650912430799735e+03
1.942450912430799690e+03
1.941250912430799644e+03
1.940050912430799599e+03
1.938850912430799553e+03
1.937650912430799508e+03
1.936450912430799463e+03
1.935250912430799417e+03
1.934050912430799372e+03
1.932850912430799326e+03
1.931650912430799281e+03
1.930450912430799235e+03
1.929250912430799190e+03
1.928050912430799144e+03
1.926850912430799099e+03
1.925650912430799053e+03
1.924450912430799008e+03
1.923250912430798962e+03
1.922050912430798917e+03
1.920850912430798871e+03
1.919650912430798826e+03
1.918450912430798780e+03
1.917250912430798735e+03
1.916050912430798689e+03
1.914850912430798644e+03
1.913650912430798599e+03
1.912450912430798553e+03
1.911250912430798508e+03
1.910050912430798462e+03
1.908850912430798417e+03
1.907650912430798371e+03
1.906450912430798326e+03
1.905250912430798280e+03
1.904050912430798235e+03
1.902850912430798189e+03
1.901650912430798144e+03
1.900450912430798098e+03
1.899250912430798053e+03
1.898050912430798007e+03
1.896850912430797962e+03
1.895650912430797916e+03
1.894450912430797871e+03
1.893250912430797825e+03
1.892050912430797780e+03
1.890850912430797734e+03
1.889650912430797689e+03
1.888450912430797644e+03
1.887250912430797598e+03
1.886050912430797553e+03
1.884850912430797507e+03
1.883650912430797462e+03
1.882450912430797416e+03
1.881250912430797371e+03
1.880050912430797325e+03
1.878850912430797280e+03
1.877650912430797234e+03
1.876450912430797189e+03
1.875250912430797143e+03
1.874050912430797098e+03
1.872850912430797052e+03
1.871650912430797007e+03
1.870450912430796961e+03
1.869250912430796916e+03
1.868050912430796870e+03
1.866850912430796825e+03
1.865650912430796780e+03
1.864450912430796734e+03
1.863250912430796689e+03
1.862050912430796643e+03
1.860850912430796598e+03
1.859650912430796552e+03
1.858450912430796507e+03
1.857250912430796461e+03
1.856050912430796416e+03
1.854850912430796370e+03
1.853650912430796325e+03
1.852450912430796279e+03
1.851250912430796234e+03
1.850050912430796188e+03
1.848850912430796143e+03
1.847650912430796097e+03
1.846450912430796052e+03
1.845250912430796006e+03
1.844050912430795961e+03
1.842850912430795915e+03
1.841650912430795870e+03
1.840450912430795825e+03
1.839250912430795779e+03
1.838050912430795734e+03
1.836850912430795688e+03
1.835650912430795643e+03
1.834450912430795597e+03
1.833250912430795552e+03
1.832050912430795506e+03
1.830850912430795461e+03
1.829650912430795415e+03
1.828450912430795370e+03
1.827250912430795324e+03
1.826050912430795279e+03
1.824850912430795233e+03
1.823650912430795188e+03
1.822450912430795142e+03
1.821250912430795097e+03
1.820050912430795051e+03
1.818850912430795006e+03
1.817650912430794961e+03
1.816450912430794915e+03
1.815250912430794870e+03
1.814050912430794824e+03
1.812850912430794779e+03
1.811650912430794733e+03
1.810450912430794688e+03
1.809250912430794642e+03
1.808050912430794597e+03
1.806850912430794551e+03
1.805650912430794506e+03
1.804450912430794460e+03
1.803250912430794415e+03
1.802050912430794369e+03
1.800850912430794324e+03
1.799650912430794278e+03
1.798450912430794233e+03
1.797250912430794187e+03
1.796050912430794142e+03
1.794850912430794097e+03
1.793650912430794051e+03
1.792450912430794006e+03
1.791250912430793960e+03
1.790050912430793915e+03
1.788850912430793869e+03
1.787650912430793824e+03
1.786450912430793778e+03
1.785250912430793733e+03
1.784050912430793687e+03
1.782850912430793642e+03
1.781650912430793596e+03
1.780450912430793551e+03
1.779250912430793505e+03
1.778050912430793460e+03
1.776850912430793414e+03
1.775650912430793369e+03
1.774450912430793323e+03
1.773250912430793278e+03
1.772050912430793232e+03
1.770850912430793187e+03
1.769650912430793142e+03
1.768450912430793096e+03
1.767250912430793051e+03
1.766050912430793005e+03
1.764850912430792960e+03
1.763650912430792914e+03
1.762450912430792869e+03
1.761250912430792823e+03
1.760050912430792778e+03
1.758850912430792732e+03
1.757650912430792687e+03
1.756450912430792641e+03
1.755250912430792596e+03
1.754050912430792550e+03
1.752850912430792505e+03
1.751650912430792459e+03
1.750450912430792414e+03
1.749250912430792368e+03
1.748050912430792323e+03
1.746850912430792278e+03
1.745650912430792232e+03
1.744450912430792187e+03
1.743250912430792141e+03
1.742050912430792096e+03
1.740850912430792050e+03
1.739650912430792005e+03
1.738450912430791959e+03
1.737250912430791914e+03
1.736050912430791868e+03
1.734850912430791823e+03
1.733650912430791777e+03
1.732450912430791732e+03
1.731250912430791686e+03
1.730050912430791641e+03
1.728850912430791595e+03
1.727650912430791550e+03
1.726450912430791504e+03
1.725250912430791459e+03
1.724050912430791413e+03
1.722850912430791368e+03
1.721650912430791323e+03
1.720450912430791277e+03
1.719250912430791232e+03
1.718050912430791186e+03
1.716850912430791141e+03
1.715650912430791095e+03
1.714450912430791050e+03
1.713250912430791004e+03
1.712050912430790959e+03
1.710850912430790913e+03
1.709650912430790868e+03
1.708450912430790822e+03
1.707250912430790777e+03
1.706050912430790731e+03
1.704850912430790686e+03
1.703650912430790640e+03
1.702450912430790595e+03
1.701250912430790549e+03
1.700050912430790504e+03
1.698850912430790459e+03
1.697650912430790413e+03
1.696450912430790368e+03
1.695250912430790322e+03
1.694050912430790277e+03
1.692850912430790231e+03
1.691650912430790186e+03
1.690450912430790140e+03
1.689250912430790095e+03
1.688050912430790049e+03
1.686850912430790004e+03
1.685650912430789958e+03
1.684450912430789913e+03
1.683250912430789867e+03
1.682050912430789822e+03
1.680850912430789776e+03
1.679650912430789731e+03
1.678450912430789685e+03
1.677250912430789640e+03
1.676050912430789595e+03
1.674850912430789549e+03
1.673650912430789504e+03
1.672450912430789458e+03
1.671250912430789413e+03
1.670050912430789367e+03
1.668850912430789322e+03
1.667650912430789276e+03
1.666450912430789231e+03
1.665250912430789185e+03
1.664050912430789140e+03
1.662850912430789094e+03
1.661650912430789049e+03
1.660450912430789003e+03
1.659250912430788958e+03
1.658050912430788912e+03
1.656850912430788867e+03
1.655650912430788821e+03
1.654450912430788776e+03
1.653250912430788730e+03
1.652050912430788685e+03
1.650850912430788640e+03
1.649650912430788594e+03
1.648450912430788549e+03
1.647250912430788503e+03
1.646050912430788458e+03
1.644850912430788412e+03
1.643650912430788367e+03
1.642450912430788321e+03
1.641250912430788276e+03
1.640050912430788230e+03
1.638850912430788185e+03
1.637650912430788139e+03
1.636450912430788094e+03
1.635250912430788048e+03
1.634050912430788003e+03
1.632850912430787957e+03
1.631650912430787912e+03
1.630450912430787866e+03
1.629250912430787821e+03
1.628050912430787776e+03
1.626850912430787730e+03
1.625650912430787685e+03
1.624450912430787639e+03
1.623250912430787594e+03
1.622050912430787548e+03
1.620850912430787503e+03
1.619650912430787457e+03
1.618450912430787412e+03
1.617250912430787366e+03
1.616050912430787321e+03
1.614850912430787275e+03
1.613650912430787230e+03
1.612450912430787184e+03
1.611250912430787139e+03
1.610050912430787093e+03
1.608850912430787048e+03
1.607650912430787002e+03
1.606450912430786957e+03
1.605250912430786912e+03
1.604050912430786866e+03
1.602850912430786821e+03
1.601650912430786775e+03
1.600450912430786730e+03
1.599250912430786684e+03
1.598050912430786639e+03
1.596850912430786593e+03
1.595650912430786548e+03
1.594450912430786502e+03
1.593250912430786457e+03
1.592050912430786411e+03
1.590850912430786366e+03
1.589650912430786320e+03
1.588450912430786275e+03
1.587250912430786229e+03
1.586050912430786184e+03
1.584850912430786138e+03
1.583650912430786093e+03
1.582450912430786047e+03
1.581250912430786002e+03
1.580050912430785957e+03
1.578850912430785911e+03
1.577650912430785866e+03
1.576450912430785820e+03
1.575250912430785775e+03
1.574050912430785729e+03
1.572850912430785684e+03
1.571650912430785638e+03
1.570450912430785593e+03
1.569250912430785547e+03
1.568050912430785502e+03
1.566850912430785456e+03
1.565650912430785411e+03
1.564450912430785365e+03
1.563250912430785320e+03
1.562050912430785274e+03
1.560850912430785229e+03
1.559650912430785183e+03
1.558450912430785138e+03
1.557250912430785093e+03
1.556050912430785047e+03
1.554850912430785002e+03
1.553650912430784956e+03
1.552450912430784911e+03
1.551250912430784865e+03
1.550050912430784820e+03
1.548850912430784774e+03
1.547650912430784729e+03
1.546450912430784683e+03
1.545250912430784638e+03
1.544050912430784592e+03
1.542850912430784547e+03
1.541650912430784501e+03
1.540450912430784456e+03
1.539250912430784410e+03
1.538050912430784365e+03
1.536850912430784319e+03
1.535650912430784274e+03
1.534450912430784228e+03
1.533250912430784183e+03
1.532050912430784138e+03
1.530850912430784092e+03
1.529650912430784047e+03
1.528450912430784001e+03
1.527250912430783956e+03
1.526050912430783910e+03
1.524850912430783865e+03
1.523650912430783819e+03
1.522450912430783774e+03
1.521250912430783728e+03
1.520050912430783683e+03
1.518850912430783637e+03
1.517650912430783592e+03
1.516450912430783546e+03
1.515250912430783501e+03
1.514050912430783455e+03
1.512850912430783410e+03
1.511650912430783364e+03
1.510450912430783319e+03
1.509250912430783274e+03
1.508050912430783228e+03
1.506850912430783183e+03
1.505650912430783137e+03
1.504450912430783092e+03
1.503250912430783046e+03
1.502050912430783001e+03
1.500850912430782955e+03
1.499650912430782910e+03
1.498450912430782864e+03
1.497250912430782819e+03
1.496050912430782773e+03
1.494850912430782728e+03
1.493650912430782682e+03
1.492450912430782637e+03
1.491250912430782591e+03
1.490050912430782546e+03
1.488850912430782500e+03
1.487650912430782455e+03
1.486450912430782410e+03
1.485250912430782364e+03
1.484050912430782319e+03
1.482850912430782273e+03
1.481650912430782228e+03
1.480450912430782182e+03
1.479250912430782137e+03
1.478050912430782091e+03
1.476850912430782046e+03
1.475650912430782000e+03
1.474450912430781955e+03
1.473250912430781909e+03
1.472050912430781864e+03
1.470850912430781818e+03
1.469650912430781773e+03
1.468450912430781727e+03
1.467250912430781682e+03
1.466050912430781636e+03
1.464850912430781591e+03
1.463650912430781545e+03
1.462450912430781500e+03
1.461250912430781455e+03
1.460050912430781409e+03
1.458850912430781364e+03
1.457650912430781318e+03
1.456450912430781273e+03
1.455250912430781227e+03
1.454050912430781182e+03
1.452850912430781136e+03
1.451650912430781091e+03
1.450450912430781045e+03
1.449250912430781000e+03
1.448050912430780954e+03
1.446850912430780909e+03
1.445650912430780863e+03
1.444450912430780818e+03
1.443250912430780772e+03
1.442050912430780727e+03
1.440850912430780681e+03
1.439650912430780636e+03
1.438450912430780591e+03
1.437250912430780545e+03
1.436050912430780500e+03
1.434850912430780454e+03
1.433650912430780409e+03
1.432450912430780363e+03
1.431250912430780318e+03
1.430050912430780272e+03
1.428850912430780227e+03
1.427650912430780181e+03
1.426450912430780136e+03
1.425250912430780090e+03
1.424050912430780045e+03
1.422850912430779999e+03
1.421650912430779954e+03
1.420450912430779908e+03
1.419250912430779863e+03
1.418050912430779817e+03
1.416850912430779772e+03
1.415650912430779726e+03
1.414450912430779681e+03
1.413250912430779636e+03
1.412050912430779590e+03
1.410850912430779545e+03
1.409650912430779499e+03
1.408450912430779454e+03
1.407250912430779408e+03
1.406050912430779363e+03
1.404850912430779317e+03
1.403650912430779272e+03
1.402450912430779226e+03
1.401250912430779181e+03
1.400050912430779135e+03
1.398850912430779090e+03
1.397650912430779044e+03
1.396450912430778999e+03
1.395250912430778953e+03
1.394050912430778908e+03
1.392850912430778862e+03
1.391650912430778817e+03
1.390450912430778772e+03
1.389250912430778726e+03
1.388050912430778681e+03
1.386850912430778635e+03
1.385650912430778590e+03
1.384450912430778544e+03
1.383250912430778499e+03
1.382050912430778453e+03
1.380850912430778408e+03
1.379650912430778362e+03
1.378450912430778317e+03
1.377250912430778271e+03
1.376050912430778226e+03
1.374850912430778180e+03
1.373650912430778135e+03
1.372450912430778089e+03
1.371250912430778044e+03
1.370050912430777998e+03
1.368850912430777953e+03
1.367650912430777908e+03
1.366450912430777862e+03
1.365250912430777817e+03
1.364050912430777771e+03
1.362850912430777726e+03
1.361650912430777680e+03
1.360450912430777635e+03
1.359250912430777589e+03
1.358050912430777544e+03
1.356850912430777498e+03
1.355650912430777453e+03
1.354450912430777407e+03
1.353250912430777362e+03
1.352050912430777316e+03
1.350850912430777271e+03
1.349650912430777225e+03
1.348450912430777180e+03
1.347250912430777134e+03
1.346050912430777089e+03
1.344850912430777043e+03
1.343650912430776998e+03
1.342450912430776953e+03
1.341250912430776907e+03
1.340050912430776862e+03
1.338850912430776816e+03
1.337650912430776771e+03
1.336450912430776725e+03
1.335250912430776680e+03
1.334050912430776634e+03
1.332850912430776589e+03
1.331650912430776543e+03
1.330450912430776498e+03
1.329250912430776452e+03
1.328050912430776407e+03
1.326850912430776361e+03
1.325650912430776316e+03
1.324450912430776270e+03
1.323250912430776225e+03
1.322050912430776179e+03
1.320850912430776134e+03
1.319650912430776089e+03
1.318450912430776043e+03
1.317250912430775998e+03
1.316050912430775952e+03
1.314850912430775907e+03
1.313650912430775861e+03
1.312450912430775816e+03
1.311250912430775770e+03
1.310050912430775725e+03
1.308850912430775679e+03
1.307650912430775634e+03
1.306450912430775588e+03
1.305250912430775543e+03
1.304050912430775497e+03
1.302850912430775452e+03
1.301650912430775406e+03
1.300450912430775361e+03
1.299250912430775315e+03
1.298050912430775270e+03
1.296850912430775224e+03
1.295650912430775179e+03
1.294450912430775134e+03
1.293250912430775088e+03
1.292050912430775043e+03
1.290850912430774997e+03
1.289650912430774952e+03
1.288450912430774906e+03
1.287250912430774861e+03
1.286050912430774815e+03
1.284850912430774770e+03
1.283650912430774724e+03
1.282450912430774679e+03
1.281250912430774633e+03
1.280050912430774588e+03
1.278850912430774542e+03
1.277650912430774497e+03
1.276450912430774451e+03
1.275250912430774406e+03
1.274050912430774360e+03
1.272850912430774315e+03
1.271650912430774270e+03
1.270450912430774224e+03
1.269250912430774179e+03
1.268050912430774133e+03
1.266850912430774088e+03
1.265650912430774042e+03
1.264450912430773997e+03
1.263250912430773951e+03
1.262050912430773906e+03
1.260850912430773860e+03
1.259650912430773815e+03
1.258450912430773769e+03
1.257250912430773724e+03
1.256050912430773678e+03
1.254850912430773633e+03
1.253650912430773587e+03
1.252450912430773542e+03
1.251250912430773496e+03
1.250050912430773451e+03
1.248850912430773406e+03
1.247650912430773360e+03
1.246450912430773315e+03
1.245250912430773269e+03
1.244050912430773224e+03
1.242850912430773178e+03
1.241650912430773133e+03
1.240450912430773087e+03
1.239250912430773042e+03
1.238050912430772996e+03
1.236850912430772951e+03
1.235650912430772905e+03
1.234450912430772860e+03
1.233250912430772814e+03
1.232050912430772769e+03
1.230850912430772723e+03
1.229650912430772678e+03
1.228450912430772632e+03
1.227250912430772587e+03
1.226050912430772541e+03
1.224850912430772496e+03
1.223650912430772451e+03
1.222450912430772405e+03
1.221250912430772360e+03
1.220050912430772314e+03
1.218850912430772269e+03
1.217650912430772223e+03
1.216450912430772178e+03
1.215250912430772132e+03
1.214050912430772087e+03
1.212850912430772041e+03
1.211650912430771996e+03
1.210450912430771950e+03
1.209250912430771905e+03
1.208050912430771859e+03
1.206850912430771814e+03
1.205650912430771768e+03
1.204450912430771723e+03
1.203250912430771677e+03
1.202050912430771632e+03
1.200850912430771587e+03
1.199650912430771541e+03
1.198450912430771496e+03
1.197250912430771450e+03
1.196050912430771405e+03
1.194850912430771359e+03
1.193650912430771314e+03
1.192450912430771268e+03
1.191250912430771223e+03
1.190050912430771177e+03
1.188850912430771132e+03
1.187650912430771086e+03
1.186450912430771041e+03
1.185250912430770995e+03
1.184050912430770950e+03
1.182850912430770904e+03
1.181650912430770859e+03
1.180450912430770813e+03
1.179250912430770768e+03
1.178050912430770722e+03
1.176850912430770677e+03
1.175650912430770632e+03
1.174450912430770586e+03
1.173250912430770541e+03
1.172050912430770495e+03
1.170850912430770450e+03
1.169650912430770404e+03
1.168450912430770359e+03
1.167250912430770313e+03
1.166050912430770268e+03
1.164850912430770222e+03
1.163650912430770177e+03
1.162450912430770131e+03
1.161250912430770086e+03
1.160050912430770040e+03
1.158850912430769995e+03
1.157650912430769949e+03
1.156450912430769904e+03
1.155250912430769858e+03
1.154050912430769813e+03
1.152850912430769768e+03
1.151650912430769722e+03
1.150450912430769677e+03
1.149250912430769631e+03
1.148050912430769586e+03
1.146850912430769540e+03
1.145650912430769495e+03
1.144450912430769449e+03
1.143250912430769404e+03
1.142050912430769358e+03
1.140850912430769313e+03
1.139650912430769267e+03
1.138450912430769222e+03
1.137250912430769176e+03
1.136050912430769131e+03
1.134850912430769085e+03
1.133650912430769040e+03
1.132450912430768994e+03
1.131250912430768949e+03
1.130050912430768904e+03
1.128850912430768858e+03
1.127650912430768813e+03
1.126450912430768767e+03
1.125250912430768722e+03
1.124050912430768676e+03
1.122850912430768631e+03
1.121650912430768585e+03
1.120450912430768540e+03
1.119250912430768494e+03
1.118050912430768449e+03
1.116850912430768403e+03
1.115650912430768358e+03
1.114450912430768312e+03
1.113250912430768267e+03
1.112050912430768221e+03
1.110850912430768176e+03
1.109650912430768130e+03
1.108450912430768085e+03
1.107250912430768039e+03
1.106050912430767994e+03
1.104850912430767949e+03
1.103650912430767903e+03
1.102450912430767858e+03
1.101250912430767812e+03
1.100050912430767767e+03
1.098850912430767721e+03
1.097650912430767676e+03
1.096450912430767630e+03
1.095250912430767585e+03
1.094050912430767539e+03
1.092850912430767494e+03
1.091650912430767448e+03
1.090450912430767403e+03
1.089250912430767357e+03
1.088050912430767312e+03
1.086850912430767266e+03
1.085650912430767221e+03
1.084450912430767175e+03
1.083250912430767130e+03
1.082050912430767085e+03
1.080850912430767039e+03
1.079650912430766994e+03
1.078450912430766948e+03
1.077250912430766903e+03
1.076050912430766857e+03
1.074850912430766812e+03
1.073650912430766766e+03
1.072450912430766721e+03
1.071250912430766675e+03
1.070050912430766630e+03
1.068850912430766584e+03
1.067650912430766539e+03
1.066450912430766493e+03
1.065250912430766448e+03
1.064050912430766402e+03
1.062850912430766357e+03
1.061650912430766311e+03
1.060450912430766266e+03
1.059250912430766220e+03
1.058050912430766175e+03
1.056850912430766130e+03
1.055650912430766084e+03
1.054450912430766039e+03
1.053250912430765993e+03
1.052050912430765948e+03
1.050850912430765902e+03
1.049650912430765857e+03
1.048450912430765811e+03
1.047250912430765766e+03
1.046050912430765720e+03
1.044850912430765675e+03
1.043650912430765629e+03
1.042450912430765584e+03
1.041250912430765538e+03
1.040050912430765493e+03
1.038850912430765447e+03
1.037650912430765402e+03
1.036450912430765356e+03
1.035250912430765311e+03
1.034050912430765266e+03
1.032850912430765220e+03
1.031650912430765175e+03
1.030450912430765129e+03
1.029250912430765084e+03
1.028050912430765038e+03
1.026850912430764993e+03
1.025650912430764947e+03
1.024450912430764902e+03
1.023250912430764856e+03
1.022050912430764811e+03
1.020850912430764765e+03
1.019650912430764720e+03
1.018450912430764674e+03
1.017250912430764629e+03
1.016050912430764583e+03
1.014850912430764538e+03
1.013650912430764492e+03
1.012450912430764447e+03
1.011250912430764402e+03
1.010050912430764356e+03
1.008850912430764311e+03
1.007650912430764265e+03
1.006450912430764220e+03
1.005250912430764174e+03
1.004050912430764129e+03
1.002850912430764083e+03
1.001650912430764038e+03
1.000450912430763992e+03
9.992509124307639468e+02
9.980509124307639013e+02
9.968509124307638558e+02
9.956509124307638103e+02
9.944509124307637649e+02
9.932509124307637194e+02
9.920509124307636739e+02
9.908509124307636284e+02
9.896509124307635830e+02
9.884509124307635375e+02
9.872509124307634920e+02
9.860509124307634465e+02
9.848509124307634011e+02
9.836509124307633556e+02
9.824509124307633101e+02
9.812509124307632646e+02
9.800509124307632192e+02
9.788509124307631737e+02
9.776509124307631282e+02
9.764509124307630827e+02
9.752509124307630373e+02
9.740509124307629918e+02
9.728509124307629463e+02
9.716509124307629008e+02
9.704509124307628554e+02
9.692509124307628099e+02
9.680509124307627644e+02
9.668509124307627189e+02
9.656509124307626735e+02
9.644509124307626280e+02
9.632509124307625825e+02
9.620509124307625370e+02
9.608509124307624916e+02
9.596509124307624461e+02
9.584509124307624006e+02
9.572509124307623551e+02
9.560509124307623097e+02
9.548509124307622642e+02
9.536509124307622187e+02
9.524509124307621732e+02
9.512509124307621278e+02
9.500509124307620823e+02
9.488509124307620368e+02
9.476509124307619913e+02
9.464509124307619459e+02
9.452509124307619004e+02
9.440509124307618549e+02
9.428509124307618094e+02
9.416509124307617640e+02
9.404509124307617185e+02
9.392509124307616730e+02
9.380509124307616275e+02
9.368509124307615821e+02
9.356509124307615366e+02
9.344509124307614911e+02
9.332509124307614456e+02
9.320509124307614002e+02
9.308509124307613547e+02
9.296509124307613092e+02
9.284509124307612637e+02
9.272509124307612183e+02
9.260509124307611728e+02
9.248509124307611273e+02
9.236509124307610819e+02
9.224509124307610364e+02
9.212509124307609909e+02
9.200509124307609454e+02
9.188509124307609000e+02
9.176509124307608545e+02
9.164509124307608090e+02
9.152509124307607635e+02
9.140509124307607181e+02
9.128509124307606726e+02
9.116509124307606271e+02
9.104509124307605816e+02
9.092509124307605362e+02
9.080509124307604907e+02
9.068509124307604452e+02
9.056509124307603997e+02
9.044509124307603543e+02
9.032509124307603088e+02
9.020509124307602633e+02
9.008509124307602178e+02
8.996509124307601724e+02
8.984509124307601269e+02
8.972509124307600814e+02
8.960509124307600359e+02
8.948509124307599905e+02
8.936509124307599450e+02
8.924509124307598995e+02
8.912509124307598540e+02
8.900509124307598086e+02
8.888509124307597631e+02
8.876509124307597176e+02
8.864509124307596721e+02
8.852509124307596267e+02
8.840509124307595812e+02
8.828509124307595357e+02
8.816509124307594902e+02
8.804509124307594448e+02
8.792509124307593993e+02
8.780509124307593538e+02
8.768509124307593083e+02
8.756509124307592629e+02
8.744509124307592174e+02
8.732509124307591719e+02
8.720509124307591264e+02
8.708509124307590810e+02
8.696509124307590355e+02
8.684509124307589900e+02
8.672509124307589445e+02
8.660509124307588991e+02
8.648509124307588536e+02
8.636509124307588081e+02
8.624509124307587626e+02
8.612509124307587172e+02
8.600509124307586717e+02
8.588509124307586262e+02
8.576509124307585807e+02
8.564509124307585353e+02
8.552509124307584898e+02
8.540509124307584443e+02
8.528509124307583988e+02
8.516509124307583534e+02
8.504509124307583079e+02
8.492509124307582624e+02
8.480509124307582169e+02
8.468509124307581715e+02
8.456509124307581260e+02
8.444509124307580805e+02
8.432509124307580350e+02
8.420509124307579896e+02
8.408509124307579441e+02
8.396509124307578986e+02
8.384509124307578531e+02
8.372509124307578077e+02
8.360509124307577622e+02
8.348509124307577167e+02
8.336509124307576712e+02
8.324509124307576258e+02
8.312509124307575803e+02
8.300509124307575348e+02
8.288509124307574893e+02
8.276509124307574439e+02
8.264509124307573984e+02
8.252509124307573529e+02
8.240509124307573074e+02
8.228509124307572620e+02
8.216509124307572165e+02
8.204509124307571710e+02
8.192509124307571255e+02
8.180509124307570801e+02
8.168509124307570346e+02
8.156509124307569891e+02
8.144509124307569436e+02
8.132509124307568982e+02
8.120509124307568527e+02
8.108509124307568072e+02
8.096509124307567618e+02
8.084509124307567163e+02
8.072509124307566708e+02
8.060509124307566253e+02
8.048509124307565799e+02
8.036509124307565344e+02
8.024509124307564889e+02
8.012509124307564434e+02
8.000509124307563980e+02
7.988509124307563525e+02
7.976509124307563070e+02
7.964509124307562615e+02
7.952509124307562161e+02
7.940509124307561706e+02
7.928509124307561251e+02
7.916509124307560796e+02
7.904509124307560342e+02
7.892509124307559887e+02
7.880509124307559432e+02
7.868509124307558977e+02
7.856509124307558523e+02
7.844509124307558068e+02
7.832509124307557613e+02
7.820509124307557158e+02
7.808509124307556704e+02
7.796509124307556249e+02
7.784509124307555794e+02
7.772509124307555339e+02
7.760509124307554885e+02
7.748509124307554430e+02
7.736509124307553975e+02
7.724509124307553520e+02
7.712509124307553066e+02
7.700509124307552611e+02
7.688509124307552156e+02
7.676509124307551701e+02
7.664509124307551247e+02
7.652509124307550792e+02
7.640509124307550337e+02
7.628509124307549882e+02
7.616509124307549428e+02
7.604509124307548973e+02
7.592509124307548518e+02
7.580509124307548063e+02
7.568509124307547609e+02
7.556509124307547154e+02
7.544509124307546699e+02
7.532509124307546244e+02
7.520509124307545790e+02
7.508509124307545335e+02
7.496509124307544880e+02
7.484509124307544425e+02
7.472509124307543971e+02
7.460509124307543516e+02
7.448509124307543061e+02
7.436509124307542606e+02
7.424509124307542152e+02
7.412509124307541697e+02
7.400509124307541242e+02
7.388509124307540787e+02
7.376509124307540333e+02
7.364509124307539878e+02
7.352509124307539423e+02
7.340509124307538968e+02
7.328509124307538514e+02
7.316509124307538059e+02
7.304509124307537604e+02
7.292509124307537149e+02
7.280509124307536695e+02
7.268509124307536240e+02
7.256509124307535785e+02
7.244509124307535330e+02
7.232509124307534876e+02
7.220509124307534421e+02
7.208509124307533966e+02
7.196509124307533511e+02
7.184509124307533057e+02
7.172509124307532602e+02
7.160509124307532147e+02
7.148509124307531692e+02
7.136509124307531238e+02
7.124509124307530783e+02
7.112509124307530328e+02
7.100509124307529873e+02
7.088509124307529419e+02
7.076509124307528964e+02
7.064509124307528509e+02
7.052509124307528054e+02
7.040509124307527600e+02
7.028509124307527145e+02
7.016509124307526690e+02
7.004509124307526235e+02
6.992509124307525781e+02
6.980509124307525326e+02
6.968509124307524871e+02
6.956509124307524417e+02
6.944509124307523962e+02
6.932509124307523507e+02
6.920509124307523052e+02
6.908509124307522598e+02
6.896509124307522143e+02
6.884509124307521688e+02
6.872509124307521233e+02
6.860509124307520779e+02
6.848509124307520324e+02
6.836509124307519869e+02
6.824509124307519414e+02
6.812509124307518960e+02
6.800509124307518505e+02
6.788509124307518050e+02
6.776509124307517595e+02
6.764509124307517141e+02
6.752509124307516686e+02
6.740509124307516231e+02
6.728509124307515776e+02
6.716509124307515322e+02
6.704509124307514867e+02
6.692509124307514412e+02
6.680509124307513957e+02
6.668509124307513503e+02
6.656509124307513048e+02
6.644509124307512593e+02
6.632509124307512138e+02
6.620509124307511684e+02
6.608509124307511229e+02
6.596509124307510774e+02
6.584509124307510319e+02
6.572509124307509865e+02
6.560509124307509410e+02
6.548509124307508955e+02
6.536509124307508500e+02
6.524509124307508046e+02
6.512509124307507591e+02
6.500509124307507136e+02
6.488509124307506681e+02
6.476509124307506227e+02
6.464509124307505772e+02
6.452509124307505317e+02
6.440509124307504862e+02
6.428509124307504408e+02
6.416509124307503953e+02
6.404509124307503498e+02
6.392509124307503043e+02
6.380509124307502589e+02
6.368509124307502134e+02
6.356509124307501679e+02
6.344509124307501224e+02
6.332509124307500770e+02
6.320509124307500315e+02
6.308509124307499860e+02
6.296509124307499405e+02
6.284509124307498951e+02
6.272509124307498496e+02
6.260509124307498041e+02
6.248509124307497586e+02
6.236509124307497132e+02
6.224509124307496677e+02
6.212509124307496222e+02
6.200509124307495767e+02
6.188509124307495313e+02
6.176509124307494858e+02
6.164509124307494403e+02
6.152509124307493948e+02
6.140509124307493494e+02
6.128509124307493039e+02
6.116509124307492584e+02
6.104509124307492129e+02
6.092509124307491675e+02
6.080509124307491220e+02
6.068509124307490765e+02
6.056509124307490310e+02
6.044509124307489856e+02
6.032509124307489401e+02
6.020509124307488946e+02
6.008509124307488491e+02
5.996509124307488037e+02
5.984509124307487582e+02
5.972509124307487127e+02
5.960509124307486672e+02
5.948509124307486218e+02
5.936509124307485763e+02
5.924509124307485308e+02
5.912509124307484853e+02
5.900509124307484399e+02
5.888509124307483944e+02
5.876509124307483489e+02
5.864509124307483034e+02
5.852509124307482580e+02
5.840509124307482125e+02
5.828509124307481670e+02
5.816509124307481216e+02
5.804509124307480761e+02
5.792509124307480306e+02
5.780509124307479851e+02
5.768509124307479397e+02
5.756509124307478942e+02
5.744509124307478487e+02
5.732509124307478032e+02
5.720509124307477578e+02
5.708509124307477123e+02
5.696509124307476668e+02
5.684509124307476213e+02
5.672509124307475759e+02
5.660509124307475304e+02
5.648509124307474849e+02
5.636509124307474394e+02
5.624509124307473940e+02
5.612509124307473485e+02
5.600509124307473030e+02
5.588509124307472575e+02
5.576509124307472121e+02
5.564509124307471666e+02
5.552509124307471211e+02
5.540509124307470756e+02
5.528509124307470302e+02
5.516509124307469847e+02
5.504509124307469392e+02
5.492509124307468937e+02
5.480509124307468483e+02
5.468509124307468028e+02
5.456509124307467573e+02
5.444509124307467118e+02
5.432509124307466664e+02
5.420509124307466209e+02
5.408509124307465754e+02
5.396509124307465299e+02
5.384509124307464845e+02
5.372509124307464390e+02
5.360509124307463935e+02
5.348509124307463480e+02
5.336509124307463026e+02
5.324509124307462571e+02
5.312509124307462116e+02
5.300509124307461661e+02
5.288509124307461207e+02
5.276509124307460752e+02
5.264509124307460297e+02
5.252509124307459842e+02
5.240509124307459388e+02
5.228509124307458933e+02
5.216509124307458478e+02
5.204509124307458023e+02
5.192509124307457569e+02
5.180509124307457114e+02
5.168509124307456659e+02
5.156509124307456204e+02
5.144509124307455750e+02
5.132509124307455295e+02
5.120509124307454840e+02
5.108509124307454954e+02
5.096509124307455068e+02
5.084509124307455181e+02
5.072509124307455295e+02
5.060509124307455409e+02
5.048509124307455522e+02
5.036509124307455636e+02
5.024509124307455750e+02
5.012509124307455863e+02
5.000509124307455977e+02
4.988509124307456091e+02
4.976509124307456204e+02
4.964509124307456318e+02
4.952509124307456432e+02
4.940509124307456545e+02
4.928509124307456659e+02
4.916509124307456773e+02
4.904509124307456887e+02
4.892509124307457000e+02
4.880509124307457114e+02
4.868509124307457228e+02
4.856509124307457341e+02
4.844509124307457455e+02
4.832509124307457569e+02
4.820509124307457682e+02
4.808509124307457796e+02
4.796509124307457910e+02
4.784509124307458023e+02
4.772509124307458137e+02
4.760509124307458251e+02
4.748509124307458364e+02
4.736509124307458478e+02
4.724509124307458592e+02
4.712509124307458706e+02
4.700509124307458819e+02
4.688509124307458933e+02
4.676509124307459047e+02
4.664509124307459160e+02
4.652509124307459274e+02
4.640509124307459388e+02
4.628509124307459501e+02
4.616509124307459615e+02
4.604509124307459729e+02
4.592509124307459842e+02
4.580509124307459956e+02
4.568509124307460070e+02
4.556509124307460183e+02
4.544509124307460297e+02
4.532509124307460411e+02
4.520509124307460525e+02
4.508509124307460638e+02
4.496509124307460752e+02
4.484509124307460866e+02
4.472509124307460979e+02
4.460509124307461093e+02
4.448509124307461207e+02
4.436509124307461320e+02
4.424509124307461434e+02
4.412509124307461548e+02
4.400509124307461661e+02
4.388509124307461775e+02
4.376509124307461889e+02
4.364509124307462002e+02
4.352509124307462116e+02
4.340509124307462230e+02
4.328509124307462343e+02
4.316509124307462457e+02
4.304509124307462571e+02
4.292509124307462685e+02
4.280509124307462798e+02
4.268509124307462912e+02
4.256509124307463026e+02
4.244509124307463139e+02
4.232509124307463253e+02
4.220509124307463367e+02
4.208509124307463480e+02
4.196509124307463594e+02
4.184509124307463708e+02
4.172509124307463821e+02
4.160509124307463935e+02
4.148509124307464049e+02
4.136509124307464162e+02
4.124509124307464276e+02
4.112509124307464390e+02
4.100509124307464504e+02
4.088509124307464617e+02
4.076509124307464731e+02
4.064509124307464845e+02
4.052509124307464958e+02
4.040509124307465072e+02
4.028509124307465186e+02
4.016509124307465299e+02
4.004509124307465413e+02
3.992509124307465527e+02
3.980509124307465640e+02
3.968509124307465754e+02
3.956509124307465868e+02
3.944509124307465981e+02
3.932509124307466095e+02
3.920509124307466209e+02
3.908509124307466323e+02
3.896509124307466436e+02
3.884509124307466550e+02
3.872509124307466664e+02
3.860509124307466777e+02
3.848509124307466891e+02
3.836509124307467005e+02
3.824509124307467118e+02
3.812509124307467232e+02
3.800509124307467346e+02
3.788509124307467459e+02
3.776509124307467573e+02
3.764509124307467687e+02
3.752509124307467800e+02
3.740509124307467914e+02
3.728509124307468028e+02
3.716509124307468142e+02
3.704509124307468255e+02
3.692509124307468369e+02
3.680509124307468483e+02
3.668509124307468596e+02
3.656509124307468710e+02
3.644509124307468824e+02
3.632509124307468937e+02
3.620509124307469051e+02
3.608509124307469165e+02
3.596509124307469278e+02
3.584509124307469392e+02
3.572509124307469506e+02
3.560509124307469619e+02
3.548509124307469733e+02
3.536509124307469847e+02
3.524509124307469961e+02
3.512509124307470074e+02
3.500509124307470188e+02
3.488509124307470302e+02
3.476509124307470415e+02
3.464509124307470529e+02
3.452509124307470643e+02
3.440509124307470756e+02
3.428509124307470870e+02
3.416509124307470984e+02
3.404509124307471097e+02
3.392509124307471211e+02
3.380509124307471325e+02
3.368509124307471438e+02
3.356509124307471552e+02
3.344509124307471666e+02
3.332509124307471780e+02
3.320509124307471893e+02
3.308509124307472007e+02
3.296509124307472121e+02
3.284509124307472234e+02
3.272509124307472348e+02
3.260509124307472462e+02
3.248509124307472575e+02
3.236509124307472689e+02
3.224509124307472803e+02
3.212509124307472916e+02
3.200509124307473030e+02
3.188509124307473144e+02
3.176509124307473257e+02
3.164509124307473371e+02
3.152509124307473485e+02
3.140509124307473598e+02
3.128509124307473712e+02
3.116509124307473826e+02
3.104509124307473940e+02
3.092509124307474053e+02
3.080509124307474167e+02
3.068509124307474281e+02
3.056509124307474394e+02
3.044509124307474508e+02
3.032509124307474622e+02
3.020509124307474735e+02
3.008509124307474849e+02
2.996509124307474963e+02
2.984509124307475076e+02
2.972509124307475190e+02
2.960509124307475304e+02
2.948509124307475417e+02
2.936509124307475531e+02
2.924509124307475645e+02
2.912509124307475759e+02
2.900509124307475872e+02
2.888509124307475986e+02
2.876509124307476100e+02
2.864509124307476213e+02
2.852509124307476327e+02
2.840509124307476441e+02
2.828509124307476554e+02
2.816509124307476668e+02
2.804509124307476782e+02
2.792509124307476895e+02
2.780509124307477009e+02
2.768509124307477123e+02
2.756509124307477236e+02
2.744509124307477350e+02
2.732509124307477464e+02
2.720509124307477578e+02
2.708509124307477691e+02
2.696509124307477805e+02
2.684509124307477919e+02
2.672509124307478032e+02
2.660509124307478146e+02
2.648509124307478260e+02
2.636509124307478373e+02
2.624509124307478487e+02
2.612509124307478601e+02
2.600509124307478714e+02
2.588509124307478828e+02
2.576509124307478942e+02
2.564509124307479055e+02
2.552509124307479169e+02
2.540509124307479283e+02
2.528509124307479397e+02
2.516509124307479510e+02
2.504509124307479624e+02
2.492509124307479738e+02
2.480509124307479851e+02
2.468509124307479965e+02
2.456509124307480079e+02
2.444509124307480192e+02
2.432509124307480306e+02
2.420509124307480420e+02
2.408509124307480533e+02
2.396509124307480647e+02
2.384509124307480761e+02
2.372509124307480874e+02
2.360509124307480988e+02
2.348509124307481102e+02
2.336509124307481216e+02
2.324509124307481329e+02
2.312509124307481443e+02
2.300509124307481557e+02
2.288509124307481670e+02
2.276509124307481784e+02
2.264509124307481898e+02
2.252509124307482011e+02
2.240509124307482125e+02
2.228509124307482239e+02
2.216509124307482352e+02
2.204509124307482466e+02
2.192509124307482580e+02
2.180509124307482693e+02
2.168509124307482807e+02
2.156509124307482921e+02
2.144509124307483034e+02
2.132509124307483148e+02
2.120509124307483262e+02
2.108509124307483376e+02
2.096509124307483489e+02
2.084509124307483603e+02
2.072509124307483717e+02
2.060509124307483830e+02
2.048509124307483944e+02
2.036509124307484058e+02
2.024509124307484171e+02
2.012509124307484285e+02
2.000509124307484399e+02
1.988509124307484512e+02
1.976509124307484626e+02
1.964509124307484740e+02
1.952509124307484853e+02
1.940509124307484967e+02
1.928509124307485081e+02
1.916509124307485195e+02
1.904509124307485308e+02
1.892509124307485422e+02
1.880509124307485536e+02
1.868509124307485649e+02
1.856509124307485763e+02
1.844509124307485877e+02
1.832509124307485990e+02
1.820509124307486104e+02
1.808509124307486218e+02
1.796509124307486331e+02
1.784509124307486445e+02
1.772509124307486559e+02
1.760509124307486672e+02
1.748509124307486786e+02
1.736509124307486900e+02
1.724509124307487014e+02
1.712509124307487127e+02
1.700509124307487241e+02
1.688509124307487355e+02
1.676509124307487468e+02
1.664509124307487582e+02
1.652509124307487696e+02
1.640509124307487809e+02
1.628509124307487923e+02
1.616509124307488037e+02
1.604509124307488150e+02
1.592509124307488264e+02
1.580509124307488378e+02
1.568509124307488491e+02
1.556509124307488605e+02
1.544509124307488719e+02
1.532509124307488833e+02
1.520509124307488946e+02
1.508509124307489060e+02
1.496509124307489174e+02
1.484509124307489287e+02
1.472509124307489401e+02
1.460509124307489515e+02
1.448509124307489628e+02
1.436509124307489742e+02
1.424509124307489856e+02
1.412509124307489969e+02
1.400509124307490083e+02
1.388509124307490197e+02
1.376509124307490310e+02
1.364509124307490424e+02
1.352509124307490538e+02
1.340509124307490652e+02
1.328509124307490765e+02
1.316509124307490879e+02
1.304509124307490993e+02
1.292509124307491106e+02
1.280509124307491220e+02
1.268509124307491192e+02
1.256509124307491163e+02
1.244509124307491135e+02
1.232509124307491106e+02
1.220509124307491078e+02
1.208509124307491049e+02
1.196509124307491021e+02
1.184509124307490993e+02
1.172509124307490964e+02
1.160509124307490936e+02
1.148509124307490907e+02
1.136509124307490879e+02
1.124509124307490850e+02
1.112509124307490822e+02
1.100509124307490794e+02
1.088509124307490765e+02
1.076509124307490737e+02
1.064509124307490708e+02
1.052509124307490680e+02
1.040509124307490652e+02
1.028509124307490623e+02
1.016509124307490595e+02
1.004509124307490566e+02
9.925091243074905378e+01
9.805091243074905094e+01
9.685091243074904810e+01
9.565091243074904526e+01
9.445091243074904241e+01
9.325091243074903957e+01
9.205091243074903673e+01
9.085091243074903389e+01
8.965091243074903105e+01
8.845091243074902820e+01
8.725091243074902536e+01
8.605091243074902252e+01
8.485091243074901968e+01
8.365091243074901683e+01
8.245091243074901399e+01
8.125091243074901115e+01
8.005091243074900831e+01
7.885091243074900547e+01
7.765091243074900262e+01
7.645091243074899978e+01
7.525091243074899694e+01
7.405091243074899410e+01
7.285091243074899126e+01
7.165091243074898841e+01
7.045091243074898557e+01
6.925091243074898273e+01
6.805091243074897989e+01
6.685091243074897704e+01
6.565091243074897420e+01
6.445091243074897136e+01
6.325091243074896852e+01
6.205091243074896568e+01
6.085091243074896283e+01
5.965091243074895999e+01
5.845091243074895715e+01
5.725091243074895431e+01
5.605091243074895146e+01
5.485091243074894862e+01
5.365091243074894578e+01
5.245091243074894294e+01
5.125091243074894010e+01
5.005091243074893725e+01
4.885091243074893441e+01
4.765091243074893157e+01
4.645091243074892873e+01
4.525091243074892589e+01
4.405091243074892304e+01
4.285091243074892020e+01
4.165091243074891736e+01
4.045091243074891452e+01
3.925091243074891167e+01
3.805091243074890883e+01
3.685091243074890599e+01
3.565091243074890315e+01
3.445091243074890031e+01
3.325091243074889746e+01
3.205091243074889462e+01
3.085091243074889533e+01
2.965091243074889604e+01
2.845091243074889675e+01
2.725091243074889746e+01
2.605091243074889817e+01
2.485091243074889888e+01
2.365091243074889960e+01
2.245091243074890031e+01
2.125091243074890102e+01
2.005091243074890173e+01
1.885091243074890244e+01
1.765091243074890315e+01
1.645091243074890386e+01
1.525091243074890457e+01
1.405091243074890528e+01
1.285091243074890599e+01
1.165091243074890670e+01
1.045091243074890741e+01
9.250912430748908122e+00
8.050912430748908832e+00
6.850912430748908655e+00
5.650912430748908477e+00
4.450912430748908299e+00
3.250912430748908122e+00
2.050912430748907944e+00
8.509124307489077665e-01
-3.490875692510924111e-01
-1.549087569251092589e+00
-2.749087569251092766e+00
-3.949087569251092944e+00
-5.149087569251093122e+00
-6.349087569251093299e+00
-7.549087569251093477e+00
-8.749087569251093655e+00
-9.949087569251094720e+00
-1.114908756925109401e+01
-1.234908756925109330e+01
-1.354908756925109259e+01
-1.474908756925109188e+01
-1.594908756925109117e+01
-1.714908756925109046e+01
-1.834908756925108975e+01
-1.954908756925108904e+01
-2.074908756925108833e+01
-2.194908756925108761e+01
-2.314908756925108690e+01
-2.434908756925108619e+01
-2.554908756925108548e+01
-2.674908756925108477e+01
-2.794908756925108406e+01
-2.914908756925108335e+01
-3.034908756925108264e+01
-3.154908756925108193e+01
-3.274908756925108122e+01
-3.394908756925108406e+01
-3.514908756925108690e+01
-3.634908756925108975e+01
-3.754908756925109259e+01
-3.874908756925109543e+01
-3.994908756925109827e+01
-4.114908756925110112e+01
-4.234908756925110396e+01
-4.354908756925110680e+01
-4.474908756925110964e+01
-4.594908756925111248e+01
-4.714908756925111533e+01
-4.834908756925111817e+01
-4.954908756925112101e+01
-5.074908756925112385e+01
-5.194908756925112669e+01
-5.314908756925112954e+01
-5.434908756925113238e+01
-5.554908756925113522e+01
-5.674908756925113806e+01
-5.794908756925114091e+01
-5.914908756925114375e+01
-6.034908756925114659e+01
-6.154908756925114943e+01
-6.274908756925115227e+01
-6.394908756925115512e+01
-6.514908756925115085e+01
-6.634908756925115370e+01
-6.754908756925115654e+01
-6.874908756925115938e+01
-6.994908756925116222e+01
-7.114908756925116506e+01
-7.234908756925116791e+01
-7.354908756925117075e+01
-7.474908756925117359e+01
-7.594908756925117643e+01
-7.714908756925117927e+01
-7.834908756925118212e+01
-7.954908756925118496e+01
-8.074908756925118780e+01
-8.194908756925119064e+01
-8.314908756925119349e+01
-8.434908756925119633e+01
-8.554908756925119917e+01
-8.674908756925120201e+01
-8.794908756925120485e+01
-8.914908756925120770e+01
-9.034908756925121054e+01
-9.154908756925121338e+01
-9.274908756925121622e+01
-9.394908756925121907e+01
-9.514908756925122191e+01
-9.634908756925122475e+01
-9.754908756925122759e+01
-9.874908756925123043e+01
-9.994908756925123328e+01
-1.011490875692512361e+02
-1.023490875692512390e+02
-1.035490875692512418e+02
-1.047490875692512446e+02
-1.059490875692512475e+02
-1.071490875692512503e+02
-1.083490875692512532e+02
-1.095490875692512560e+02
-1.107490875692512589e+02
-1.119490875692512617e+02
-1.131490875692512645e+02
-1.143490875692512674e+02
-1.155490875692512702e+02
-1.167490875692512731e+02
-1.179490875692512759e+02
-1.191490875692512788e+02
-1.203490875692512816e+02
-1.215490875692512844e+02
-1.227490875692512873e+02
-1.239490875692512901e+02
-1.251490875692512930e+02
-1.263490875692512958e+02
-1.275490875692512986e+02
-1.287490875692512873e+02
-1.299490875692512759e+02
-1.311490875692512645e+02
-1.323490875692512532e+02
-1.335490875692512418e+02
-1.347490875692512304e+02
-1.359490875692512191e+02
-1.371490875692512077e+02
-1.383490875692511963e+02
-1.395490875692511850e+02
-1.407490875692511736e+02
-1.419490875692511622e+02
-1.431490875692511509e+02
-1.443490875692511395e+02
-1.455490875692511281e+02
-1.467490875692511167e+02
-1.479490875692511054e+02
-1.491490875692510940e+02
-1.503490875692510826e+02
-1.515490875692510713e+02
-1.527490875692510599e+02
-1.539490875692510485e+02
-1.551490875692510372e+02
-1.563490875692510258e+02
-1.575490875692510144e+02
-1.587490875692510031e+02
-1.599490875692509917e+02
-1.611490875692509803e+02
-1.623490875692509690e+02
-1.635490875692509576e+02
-1.647490875692509462e+02
-1.659490875692509348e+02
-1.671490875692509235e+02
-1.683490875692509121e+02
-1.695490875692509007e+02
-1.707490875692508894e+02
-1.719490875692508780e+02
-1.731490875692508666e+02
-1.743490875692508553e+02
-1.755490875692508439e+02
-1.767490875692508325e+02
-1.779490875692508212e+02
-1.791490875692508098e+02
-1.803490875692507984e+02
-1.815490875692507871e+02
-1.827490875692507757e+02
-1.839490875692507643e+02
-1.851490875692507529e+02
-1.863490875692507416e+02
-1.875490875692507302e+02
-1.887490875692507188e+02
-1.899490875692507075e+02
-1.911490875692506961e+02
-1.923490875692506847e+02
-1.935490875692506734e+02
-1.947490875692506620e+02
-1.959490875692506506e+02
-1.971490875692506393e+02
-1.983490875692506279e+02
-1.995490875692506165e+02
-2.007490875692506052e+02
-2.019490875692505938e+02
-2.031490875692505824e+02
-2.043490875692505711e+02
-2.055490875692505597e+02
-2.067490875692505483e+02
-2.079490875692505369e+02
-2.091490875692505256e+02
-2.103490875692505142e+02
-2.115490875692505028e+02
-2.127490875692504915e+02
-2.139490875692504801e+02
-2.151490875692504687e+02
-2.163490875692504574e+02
-2.175490875692504460e+02
-2.187490875692504346e+02
-2.199490875692504233e+02
-2.211490875692504119e+02
-2.223490875692504005e+02
-2.235490875692503892e+02
-2.247490875692503778e+02
-2.259490875692503664e+02
-2.271490875692503550e+02
-2.283490875692503437e+02
-2.295490875692503323e+02
-2.307490875692503209e+02
-2.319490875692503096e+02
-2.331490875692502982e+02
-2.343490875692502868e+02
-2.355490875692502755e+02
-2.367490875692502641e+02
-2.379490875692502527e+02
-2.391490875692502414e+02
-2.403490875692502300e+02
-2.415490875692502186e+02
-2.427490875692502073e+02
-2.439490875692501959e+02
-2.451490875692501845e+02
-2.463490875692501731e+02
-2.475490875692501618e+02
-2.487490875692501504e+02
-2.499490875692501390e+02
-2.511490875692501277e+02
-2.523490875692501163e+02
-2.535490875692501049e+02
-2.547490875692500936e+02
-2.559490875692500822e+02
-2.571490875692500708e+02
-2.583490875692500595e+02
-2.595490875692500481e+02
-2.607490875692500367e+02
-2.619490875692500254e+02
-2.631490875692500140e+02
-2.643490875692500026e+02
-2.655490875692499912e+02
-2.667490875692499799e+02
-2.679490875692499685e+02
-2.691490875692499571e+02
-2.703490875692499458e+02
-2.715490875692499344e+02
-2.727490875692499230e+02
-2.739490875692499117e+02
-2.751490875692499003e+02
-2.763490875692498889e+02
-2.775490875692498776e+02
-2.787490875692498662e+02
-2.799490875692498548e+02
-2.811490875692498435e+02
-2.823490875692498321e+02
-2.835490875692498207e+02
-2.847490875692498093e+02
-2.859490875692497980e+02
-2.871490875692497866e+02
-2.883490875692497752e+02
-2.895490875692497639e+02
-2.907490875692497525e+02
-2.919490875692497411e+02
-2.931490875692497298e+02
-2.943490875692497184e+02
-2.955490875692497070e+02
-2.967490875692496957e+02
-2.979490875692496843e+02
-2.991490875692496729e+02
-3.003490875692496616e+02
-3.015490875692496502e+02
-3.027490875692496388e+02
-3.039490875692496274e+02
-3.051490875692496161e+02
-3.063490875692496047e+02
-3.075490875692495933e+02
-3.087490875692495820e+02
-3.099490875692495706e+02
-3.111490875692495592e+02
-3.123490875692495479e+02
-3.135490875692495365e+02
-3.147490875692495251e+02
-3.159490875692495138e+02
-3.171490875692495024e+02
-3.183490875692494910e+02
-3.195490875692494797e+02
-3.207490875692494683e+02
-3.219490875692494569e+02
-3.231490875692494456e+02
-3.243490875692494342e+02
-3.255490875692494228e+02
-3.267490875692494114e+02
-3.279490875692494001e+02
-3.291490875692493887e+02
-3.303490875692493773e+02
-3.315490875692493660e+02
-3.327490875692493546e+02
-3.339490875692493432e+02
-3.351490875692493319e+02
-3.363490875692493205e+02
-3.375490875692493091e+02
-3.387490875692492978e+02
-3.399490875692492864e+02
-3.411490875692492750e+02
-3.423490875692492637e+02
-3.435490875692492523e+02
-3.447490875692492409e+02
-3.459490875692492295e+02
-3.471490875692492182e+02
-3.483490875692492068e+02
-3.495490875692491954e+02
-3.507490875692491841e+02
-3.519490875692491727e+02
-3.531490875692491613e+02
-3.543490875692491500e+02
-3.555490875692491386e+02
-3.567490875692491272e+02
-3.579490875692491159e+02
-3.591490875692491045e+02
-3.603490875692490931e+02
-3.615490875692490818e+02
-3.627490875692490704e+02
-3.639490875692490590e+02
-3.651490875692490476e+02
-3.663490875692490363e+02
-3.675490875692490249e+02
-3.687490875692490135e+02
-3.699490875692490022e+02
-3.711490875692489908e+02
-3.723490875692489794e+02
-3.735490875692489681e+02
-3.747490875692489567e+02
-3.759490875692489453e+02
-3.771490875692489340e+02
-3.783490875692489226e+02
-3.795490875692489112e+02
-3.807490875692488999e+02
-3.819490875692488885e+02
-3.831490875692488771e+02
-3.843490875692488657e+02
-3.855490875692488544e+02
-3.867490875692488430e+02
-3.879490875692488316e+02
-3.891490875692488203e+02
-3.903490875692488089e+02
-3.915490875692487975e+02
-3.927490875692487862e+02
-3.939490875692487748e+02
-3.951490875692487634e+02
-3.963490875692487521e+02
-3.975490875692487407e+02
-3.987490875692487293e+02
-3.999490875692487180e+02
-4.011490875692487066e+02
-4.023490875692486952e+02
-4.035490875692486838e+02
-4.047490875692486725e+02
-4.059490875692486611e+02
-4.071490875692486497e+02
-4.083490875692486384e+02
-4.095490875692486270e+02
-4.107490875692486156e+02
-4.119490875692486043e+02
-4.131490875692485929e+02
-4.143490875692485815e+02
-4.155490875692485702e+02
-4.167490875692485588e+02
-4.179490875692485474e+02
-4.191490875692485361e+02
-4.203490875692485247e+02
-4.215490875692485133e+02
-4.227490875692485019e+02
-4.239490875692484906e+02
-4.251490875692484792e+02
-4.263490875692484678e+02
-4.275490875692484565e+02
-4.287490875692484451e+02
-4.299490875692484337e+02
-4.311490875692484224e+02
-4.323490875692484110e+02
-4.335490875692483996e+02
-4.347490875692483883e+02
-4.359490875692483769e+02
-4.371490875692483655e+02
-4.383490875692483542e+02
-4.395490875692483428e+02
-4.407490875692483314e+02
-4.419490875692483201e+02
-4.431490875692483087e+02
-4.443490875692482973e+02
-4.455490875692482859e+02
-4.467490875692482746e+02
-4.479490875692482632e+02
-4.491490875692482518e+02
-4.503490875692482405e+02
-4.515490875692482291e+02
-4.527490875692482177e+02
-4.539490875692482064e+02
-4.551490875692481950e+02
-4.563490875692481836e+02
-4.575490875692481723e+02
-4.587490875692481609e+02
-4.599490875692481495e+02
-4.611490875692481382e+02
-4.623490875692481268e+02
-4.635490875692481154e+02
-4.647490875692481040e+02
-4.659490875692480927e+02
-4.671490875692480813e+02
-4.683490875692480699e+02
-4.695490875692480586e+02
-4.707490875692480472e+02
-4.719490875692480358e+02
-4.731490875692480245e+02
-4.743490875692480131e+02
-4.755490875692480017e+02
-4.767490875692479904e+02
-4.779490875692479790e+02
-4.791490875692479676e+02
-4.803490875692479563e+02
-4.815490875692479449e+02
-4.827490875692479335e+02
-4.839490875692479221e+02
-4.851490875692479108e+02
-4.863490875692478994e+02
-4.875490875692478880e+02
-4.887490875692478767e+02
-4.899490875692478653e+02
-4.911490875692478539e+02
-4.923490875692478426e+02
-4.935490875692478312e+02
-4.947490875692478198e+02
-4.959490875692478085e+02
-4.971490875692477971e+02
-4.983490875692477857e+02
-4.995490875692477744e+02
-5.007490875692477630e+02
-5.019490875692477516e+02
-5.031490875692477402e+02
-5.043490875692477289e+02
-5.055490875692477175e+02
-5.067490875692477061e+02
-5.079490875692476948e+02
-5.091490875692476834e+02
-5.103490875692476720e+02
-5.115490875692476607e+02
-5.127490875692476493e+02
-5.139490875692476948e+02
-5.151490875692477402e+02
-5.163490875692477857e+02
-5.175490875692478312e+02
-5.187490875692478767e+02
-5.199490875692479221e+02
-5.211490875692479676e+02
-5.223490875692480131e+02
-5.235490875692480586e+02
-5.247490875692481040e+02
-5.259490875692481495e+02
-5.271490875692481950e+02
-5.283490875692482405e+02
-5.295490875692482859e+02
-5.307490875692483314e+02
-5.319490875692483769e+02
-5.331490875692484224e+02
-5.343490875692484678e+02
-5.355490875692485133e+02
-5.367490875692485588e+02
-5.379490875692486043e+02
-5.391490875692486497e+02
-5.403490875692486952e+02
-5.415490875692487407e+02
-5.427490875692487862e+02
-5.439490875692488316e+02
-5.451490875692488771e+02
-5.463490875692489226e+02
-5.475490875692489681e+02
-5.487490875692490135e+02
-5.499490875692490590e+02
-5.511490875692491045e+02
-5.523490875692491500e+02
-5.535490875692491954e+02
-5.547490875692492409e+02
-5.559490875692492864e+02
-5.571490875692493319e+02
-5.583490875692493773e+02
-5.595490875692494228e+02
-5.607490875692494683e+02
-5.619490875692495138e+02
-5.631490875692495592e+02
-5.643490875692496047e+02
-5.655490875692496502e+02
-5.667490875692496957e+02
-5.679490875692497411e+02
-5.691490875692497866e+02
-5.703490875692498321e+02
-5.715490875692498776e+02
-5.727490875692499230e+02
-5.739490875692499685e+02
-5.751490875692500140e+02
-5.763490875692500595e+02
-5.775490875692501049e+02
-5.787490875692501504e+02
-5.799490875692501959e+02
-5.811490875692502414e+02
-5.823490875692502868e+02
-5.835490875692503323e+02
-5.847490875692503778e+02
-5.859490875692504233e+02
-5.871490875692504687e+02
-5.883490875692505142e+02
-5.895490875692505597e+02
-5.907490875692506052e+02
-5.919490875692506506e+02
-5.931490875692506961e+02
-5.943490875692507416e+02
-5.955490875692507871e+02
-5.967490875692508325e+02
-5.979490875692508780e+02
-5.991490875692509235e+02
-6.003490875692509690e+02
-6.015490875692510144e+02
-6.027490875692510599e+02
-6.039490875692511054e+02
-6.051490875692511509e+02
-6.063490875692511963e+02
-6.075490875692512418e+02
-6.087490875692512873e+02
-6.099490875692513328e+02
-6.111490875692513782e+02
-6.123490875692514237e+02
-6.135490875692514692e+02
-6.147490875692515147e+02
-6.159490875692515601e+02
-6.171490875692516056e+02
-6.183490875692516511e+02
-6.195490875692516966e+02
-6.207490875692517420e+02
-6.219490875692517875e+02
-6.231490875692518330e+02
-6.243490875692518784e+02
-6.255490875692519239e+02
-6.267490875692519694e+02
-6.279490875692520149e+02
-6.291490875692520603e+02
-6.303490875692521058e+02
-6.315490875692521513e+02
-6.327490875692521968e+02
-6.339490875692522422e+02
-6.351490875692522877e+02
-6.363490875692523332e+02
-6.375490875692523787e+02
-6.387490875692524241e+02
-6.399490875692524696e+02
-6.411490875692525151e+02
-6.423490875692525606e+02
-6.435490875692526060e+02
-6.447490875692526515e+02
-6.459490875692526970e+02
-6.471490875692527425e+02
-6.483490875692527879e+02
-6.495490875692528334e+02
-6.507490875692528789e+02
-6.519490875692529244e+02
-6.531490875692529698e+02
-6.543490875692530153e+02
-6.555490875692530608e+02
-6.567490875692531063e+02
-6.579490875692531517e+02
-6.591490875692531972e+02
-6.603490875692532427e+02
-6.615490875692532882e+02
-6.627490875692533336e+02
-6.639490875692533791e+02
-6.651490875692534246e+02
-6.663490875692534701e+02
-6.675490875692535155e+02
-6.687490875692535610e+02
-6.699490875692536065e+02
-6.711490875692536520e+02
-6.723490875692536974e+02
-6.735490875692537429e+02
-6.747490875692537884e+02
-6.759490875692538339e+02
-6.771490875692538793e+02
-6.783490875692539248e+02
-6.795490875692539703e+02
-6.807490875692540158e+02
-6.819490875692540612e+02
-6.831490875692541067e+02
-6.843490875692541522e+02
-6.855490875692541977e+02
-6.867490875692542431e+02
-6.879490875692542886e+02
-6.891490875692543341e+02
-6.903490875692543796e+02
-6.915490875692544250e+02
-6.927490875692544705e+02
-6.939490875692545160e+02
-6.951490875692545615e+02
-6.963490875692546069e+02
-6.975490875692546524e+02
-6.987490875692546979e+02
-6.999490875692547434e+02
-7.011490875692547888e+02
-7.023490875692548343e+02
-7.035490875692548798e+02
-7.047490875692549253e+02
-7.059490875692549707e+02
-7.071490875692550162e+02
-7.083490875692550617e+02
-7.095490875692551072e+02
-7.107490875692551526e+02
-7.119490875692551981e+02
-7.131490875692552436e+02
-7.143490875692552891e+02
-7.155490875692553345e+02
-7.167490875692553800e+02
-7.179490875692554255e+02
-7.191490875692554710e+02
-7.203490875692555164e+02
-7.215490875692555619e+02
-7.227490875692556074e+02
-7.239490875692556529e+02
-7.251490875692556983e+02
-7.263490875692557438e+02
-7.275490875692557893e+02
-7.287490875692558348e+02
-7.299490875692558802e+02
-7.311490875692559257e+02
-7.323490875692559712e+02
-7.335490875692560166e+02
-7.347490875692560621e+02
