1.000000000000000000e+03
1.000200000000000045e+03
1.000400000000000091e+03
1.000600000000000136e+03
1.000800000000000182e+03
1.001000000000000227e+03
1.001200000000000273e+03
1.001400000000000318e+03
1.001600000000000364e+03
1.001800000000000409e+03
1.002000000000000455e+03
1.002200000000000500e+03
1.002400000000000546e+03
1.002600000000000591e+03
1.002800000000000637e+03
1.003000000000000682e+03
1.003200000000000728e+03
1.003400000000000773e+03
1.003600000000000819e+03
1.003800000000000864e+03
1.004000000000000909e+03
1.004200000000000955e+03
1.004400000000001000e+03
1.004600000000001046e+03
1.004800000000001091e+03
1.005000000000001137e+03
1.005200000000001182e+03
1.005400000000001228e+03
1.005600000000001273e+03
1.005800000000001319e+03
1.006000000000001364e+03
1.006200000000001410e+03
1.006400000000001455e+03
1.006600000000001501e+03
1.006800000000001546e+03
1.007000000000001592e+03
1.007200000000001637e+03
1.007400000000001683e+03
1.007600000000001728e+03
1.007800000000001774e+03
1.008000000000001819e+03
1.008200000000001864e+03
1.008400000000001910e+03
1.008600000000001955e+03
1.008800000000002001e+03
1.009000000000002046e+03
1.009200000000002092e+03
1.009400000000002137e+03
1.009600000000002183e+03
1.009800000000002228e+03
1.010000000000002274e+03
1.010200000000002319e+03
1.010400000000002365e+03
1.010600000000002410e+03
1.010800000000002456e+03
1.011000000000002501e+03
1.011200000000002547e+03
1.011400000000002592e+03
1.011600000000002638e+03
1.011800000000002683e+03
1.012000000000002728e+03
1.012200000000002774e+03
1.012400000000002819e+03
1.012600000000002865e+03
1.012800000000002910e+03
1.013000000000002956e+03
1.013200000000003001e+03
1.013400000000003047e+03
1.013600000000003092e+03
1.013800000000003138e+03
1.014000000000003183e+03
1.014200000000003229e+03
1.014400000000003274e+03
1.014600000000003320e+03
1.014800000000003365e+03
1.015000000000003411e+03
1.015200000000003456e+03
1.015400000000003502e+03
1.015600000000003547e+03
1.015800000000003593e+03
1.016000000000003638e+03
1.016200000000003683e+03
1.016400000000003729e+03
1.016600000000003774e+03
1.016800000000003820e+03
1.017000000000003865e+03
1.017200000000003911e+03
1.017400000000003956e+03
1.017600000000004002e+03
1.017800000000004047e+03
1.018000000000004093e+03
1.018200000000004138e+03
1.018400000000004184e+03
1.018600000000004229e+03
1.018800000000004275e+03
1.019000000000004320e+03
1.019200000000004366e+03
1.019400000000004411e+03
1.019600000000004457e+03
1.019800000000004502e+03
1.020000000000004547e+03
1.020200000000004593e+03
1.020400000000004638e+03
1.020600000000004684e+03
1.020800000000004729e+03
1.021000000000004775e+03
1.021200000000004820e+03
1.021400000000004866e+03
1.021600000000004911e+03
1.021800000000004957e+03
1.022000000000005002e+03
1.022200000000005048e+03
1.022400000000005093e+03
1.022600000000005139e+03
1.022800000000005184e+03
1.023000000000005230e+03
1.023200000000005275e+03
1.023400000000005321e+03
1.023600000000005366e+03
1.023800000000005411e+03
1.024000000000005457e+03
1.024200000000005502e+03
1.024400000000005548e+03
1.024600000000005593e+03
1.024800000000005639e+03
1.025000000000005684e+03
1.025200000000005730e+03
1.025400000000005775e+03
1.025600000000005821e+03
1.025800000000005866e+03
1.026000000000005912e+03
1.026200000000005957e+03
1.026400000000006003e+03
1.026600000000006048e+03
1.026800000000006094e+03
1.027000000000006139e+03
1.027200000000006185e+03
1.027400000000006230e+03
1.027600000000006276e+03
1.027800000000006321e+03
1.028000000000006366e+03
1.028200000000006412e+03
1.028400000000006457e+03
1.028600000000006503e+03
1.028800000000006548e+03
1.029000000000006594e+03
1.029200000000006639e+03
1.029400000000006685e+03
1.029600000000006730e+03
1.029800000000006776e+03
1.030000000000006821e+03
1.030200000000006867e+03
1.030400000000006912e+03
1.030600000000006958e+03
1.030800000000007003e+03
1.031000000000007049e+03
1.031200000000007094e+03
1.031400000000007140e+03
1.031600000000007185e+03
1.031800000000007230e+03
1.032000000000007276e+03
1.032200000000007321e+03
1.032400000000007367e+03
1.032600000000007412e+03
1.032800000000007458e+03
1.033000000000007503e+03
1.033200000000007549e+03
1.033400000000007594e+03
1.033600000000007640e+03
1.033800000000007685e+03
1.034000000000007731e+03
1.034200000000007776e+03
1.034400000000007822e+03
1.034600000000007867e+03
1.034800000000007913e+03
1.035000000000007958e+03
1.035200000000008004e+03
1.035400000000008049e+03
1.035600000000008095e+03
1.035800000000008140e+03
1.036000000000008185e+03
1.036200000000008231e+03
1.036400000000008276e+03
1.036600000000008322e+03
1.036800000000008367e+03
1.037000000000008413e+03
1.037200000000008458e+03
1.037400000000008504e+03
1.037600000000008549e+03
1.037800000000008595e+03
1.038000000000008640e+03
1.038200000000008686e+03
1.038400000000008731e+03
1.038600000000008777e+03
1.038800000000008822e+03
1.039000000000008868e+03
1.039200000000008913e+03
1.039400000000008959e+03
1.039600000000009004e+03
1.039800000000009049e+03
1.040000000000009095e+03
1.040200000000009140e+03
1.040400000000009186e+03
1.040600000000009231e+03
1.040800000000009277e+03
1.041000000000009322e+03
1.041200000000009368e+03
1.041400000000009413e+03
1.041600000000009459e+03
1.041800000000009504e+03
1.042000000000009550e+03
1.042200000000009595e+03
1.042400000000009641e+03
1.042600000000009686e+03
1.042800000000009732e+03
1.043000000000009777e+03
1.043200000000009823e+03
1.043400000000009868e+03
1.043600000000009913e+03
1.043800000000009959e+03
1.044000000000010004e+03
1.044200000000010050e+03
1.044400000000010095e+03
1.044600000000010141e+03
1.044800000000010186e+03
1.045000000000010232e+03
1.045200000000010277e+03
1.045400000000010323e+03
1.045600000000010368e+03
1.045800000000010414e+03
1.046000000000010459e+03
1.046200000000010505e+03
1.046400000000010550e+03
1.046600000000010596e+03
1.046800000000010641e+03
1.047000000000010687e+03
1.047200000000010732e+03
1.047400000000010778e+03
1.047600000000010823e+03
1.047800000000010868e+03
1.048000000000010914e+03
1.048200000000010959e+03
1.048400000000011005e+03
1.048600000000011050e+03
1.048800000000011096e+03
1.049000000000011141e+03
1.049200000000011187e+03
1.049400000000011232e+03
1.049600000000011278e+03
1.049800000000011323e+03
1.050000000000011369e+03
1.050200000000011414e+03
1.050400000000011460e+03
1.050600000000011505e+03
1.050800000000011551e+03
1.051000000000011596e+03
1.051200000000011642e+03
1.051400000000011687e+03
1.051600000000011732e+03
1.051800000000011778e+03
1.052000000000011823e+03
1.052200000000011869e+03
1.052400000000011914e+03
1.052600000000011960e+03
1.052800000000012005e+03
1.053000000000012051e+03
1.053200000000012096e+03
1.053400000000012142e+03
1.053600000000012187e+03
1.053800000000012233e+03
1.054000000000012278e+03
1.054200000000012324e+03
1.054400000000012369e+03
1.054600000000012415e+03
1.054800000000012460e+03
1.055000000000012506e+03
1.055200000000012551e+03
1.055400000000012597e+03
1.055600000000012642e+03
1.055800000000012687e+03
1.056000000000012733e+03
1.056200000000012778e+03
1.056400000000012824e+03
1.056600000000012869e+03
1.056800000000012915e+03
1.057000000000012960e+03
1.057200000000013006e+03
1.057400000000013051e+03
1.057600000000013097e+03
1.057800000000013142e+03
1.058000000000013188e+03
1.058200000000013233e+03
1.058400000000013279e+03
1.058600000000013324e+03
1.058800000000013370e+03
1.059000000000013415e+03
1.059200000000013461e+03
1.059400000000013506e+03
1.059600000000013551e+03
1.059800000000013597e+03
1.060000000000013642e+03
1.060200000000013688e+03
1.060400000000013733e+03
1.060600000000013779e+03
1.060800000000013824e+03
1.061000000000013870e+03
1.061200000000013915e+03
1.061400000000013961e+03
1.061600000000014006e+03
1.061800000000014052e+03
1.062000000000014097e+03
1.062200000000014143e+03
1.062400000000014188e+03
1.062600000000014234e+03
1.062800000000014279e+03
1.063000000000014325e+03
1.063200000000014370e+03
1.063400000000014415e+03
1.063600000000014461e+03
1.063800000000014506e+03
1.064000000000014552e+03
1.064200000000014597e+03
1.064400000000014643e+03
1.064600000000014688e+03
1.064800000000014734e+03
1.065000000000014779e+03
1.065200000000014825e+03
1.065400000000014870e+03
1.065600000000014916e+03
1.065800000000014961e+03
1.066000000000015007e+03
1.066200000000015052e+03
1.066400000000015098e+03
1.066600000000015143e+03
1.066800000000015189e+03
1.067000000000015234e+03
1.067200000000015280e+03
1.067400000000015325e+03
1.067600000000015370e+03
1.067800000000015416e+03
1.068000000000015461e+03
1.068200000000015507e+03
1.068400000000015552e+03
1.068600000000015598e+03
1.068800000000015643e+03
1.069000000000015689e+03
1.069200000000015734e+03
1.069400000000015780e+03
1.069600000000015825e+03
1.069800000000015871e+03
1.070000000000015916e+03
1.070200000000015962e+03
1.070400000000016007e+03
1.070600000000016053e+03
1.070800000000016098e+03
1.071000000000016144e+03
1.071200000000016189e+03
1.071400000000016234e+03
1.071600000000016280e+03
1.071800000000016325e+03
1.072000000000016371e+03
1.072200000000016416e+03
1.072400000000016462e+03
1.072600000000016507e+03
1.072800000000016553e+03
1.073000000000016598e+03
1.073200000000016644e+03
1.073400000000016689e+03
1.073600000000016735e+03
1.073800000000016780e+03
1.074000000000016826e+03
1.074200000000016871e+03
1.074400000000016917e+03
1.074600000000016962e+03
1.074800000000017008e+03
1.075000000000017053e+03
1.075200000000017099e+03
1.075400000000017144e+03
1.075600000000017189e+03
1.075800000000017235e+03
1.076000000000017280e+03
1.076200000000017326e+03
1.076400000000017371e+03
1.076600000000017417e+03
1.076800000000017462e+03
1.077000000000017508e+03
1.077200000000017553e+03
1.077400000000017599e+03
1.077600000000017644e+03
1.077800000000017690e+03
1.078000000000017735e+03
1.078200000000017781e+03
1.078400000000017826e+03
1.078600000000017872e+03
1.078800000000017917e+03
1.079000000000017963e+03
1.079200000000018008e+03
1.079400000000018053e+03
1.079600000000018099e+03
1.079800000000018144e+03
1.080000000000018190e+03
1.080200000000018235e+03
1.080400000000018281e+03
1.080600000000018326e+03
1.080800000000018372e+03
1.081000000000018417e+03
1.081200000000018463e+03
1.081400000000018508e+03
1.081600000000018554e+03
1.081800000000018599e+03
1.082000000000018645e+03
1.082200000000018690e+03
1.082400000000018736e+03
1.082600000000018781e+03
1.082800000000018827e+03
1.083000000000018872e+03
1.083200000000018917e+03
1.083400000000018963e+03
1.083600000000019008e+03
1.083800000000019054e+03
1.084000000000019099e+03
1.084200000000019145e+03
1.084400000000019190e+03
1.084600000000019236e+03
1.084800000000019281e+03
1.085000000000019327e+03
1.085200000000019372e+03
1.085400000000019418e+03
1.085600000000019463e+03
1.085800000000019509e+03
1.086000000000019554e+03
1.086200000000019600e+03
1.086400000000019645e+03
1.086600000000019691e+03
1.086800000000019736e+03
1.087000000000019782e+03
1.087200000000019827e+03
1.087400000000019872e+03
1.087600000000019918e+03
1.087800000000019963e+03
1.088000000000020009e+03
1.088200000000020054e+03
1.088400000000020100e+03
1.088600000000020145e+03
1.088800000000020191e+03
1.089000000000020236e+03
1.089200000000020282e+03
1.089400000000020327e+03
1.089600000000020373e+03
1.089800000000020418e+03
1.090000000000020464e+03
1.090200000000020509e+03
1.090400000000020555e+03
1.090600000000020600e+03
1.090800000000020646e+03
1.091000000000020691e+03
1.091200000000020736e+03
1.091400000000020782e+03
1.091600000000020827e+03
1.091800000000020873e+03
1.092000000000020918e+03
1.092200000000020964e+03
1.092400000000021009e+03
1.092600000000021055e+03
1.092800000000021100e+03
1.093000000000021146e+03
1.093200000000021191e+03
1.093400000000021237e+03
1.093600000000021282e+03
1.093800000000021328e+03
1.094000000000021373e+03
1.094200000000021419e+03
1.094400000000021464e+03
1.094600000000021510e+03
1.094800000000021555e+03
1.095000000000021600e+03
1.095200000000021646e+03
1.095400000000021691e+03
1.095600000000021737e+03
1.095800000000021782e+03
1.096000000000021828e+03
1.096200000000021873e+03
1.096400000000021919e+03
1.096600000000021964e+03
1.096800000000022010e+03
1.097000000000022055e+03
1.097200000000022101e+03
1.097400000000022146e+03
1.097600000000022192e+03
1.097800000000022237e+03
1.098000000000022283e+03
1.098200000000022328e+03
1.098400000000022374e+03
1.098600000000022419e+03
1.098800000000022465e+03
1.099000000000022510e+03
1.099200000000022555e+03
1.099400000000022601e+03
1.099600000000022646e+03
1.099800000000022692e+03
1.100000000000022737e+03
1.100200000000022783e+03
1.100400000000022828e+03
1.100600000000022874e+03
1.100800000000022919e+03
1.101000000000022965e+03
1.101200000000023010e+03
1.101400000000023056e+03
1.101600000000023101e+03
1.101800000000023147e+03
1.102000000000023192e+03
1.102200000000023238e+03
1.102400000000023283e+03
1.102600000000023329e+03
1.102800000000023374e+03
1.103000000000023419e+03
1.103200000000023465e+03
1.103400000000023510e+03
1.103600000000023556e+03
1.103800000000023601e+03
1.104000000000023647e+03
1.104200000000023692e+03
1.104400000000023738e+03
1.104600000000023783e+03
1.104800000000023829e+03
1.105000000000023874e+03
1.105200000000023920e+03
1.105400000000023965e+03
1.105600000000024011e+03
1.105800000000024056e+03
1.106000000000024102e+03
1.106200000000024147e+03
1.106400000000024193e+03
1.106600000000024238e+03
1.106800000000024284e+03
1.107000000000024329e+03
1.107200000000024374e+03
1.107400000000024420e+03
1.107600000000024465e+03
1.107800000000024511e+03
1.108000000000024556e+03
1.108200000000024602e+03
1.108400000000024647e+03
1.108600000000024693e+03
1.108800000000024738e+03
1.109000000000024784e+03
1.109200000000024829e+03
1.109400000000024875e+03
1.109600000000024920e+03
1.109800000000024966e+03
1.110000000000025011e+03
1.110200000000025057e+03
1.110400000000025102e+03
1.110600000000025148e+03
1.110800000000025193e+03
1.111000000000025238e+03
1.111200000000025284e+03
1.111400000000025329e+03
1.111600000000025375e+03
1.111800000000025420e+03
1.112000000000025466e+03
1.112200000000025511e+03
1.112400000000025557e+03
1.112600000000025602e+03
1.112800000000025648e+03
1.113000000000025693e+03
1.113200000000025739e+03
1.113400000000025784e+03
1.113600000000025830e+03
1.113800000000025875e+03
1.114000000000025921e+03
1.114200000000025966e+03
1.114400000000026012e+03
1.114600000000026057e+03
1.114800000000026102e+03
1.115000000000026148e+03
1.115200000000026193e+03
1.115400000000026239e+03
1.115600000000026284e+03
1.115800000000026330e+03
1.116000000000026375e+03
1.116200000000026421e+03
1.116400000000026466e+03
1.116600000000026512e+03
1.116800000000026557e+03
1.117000000000026603e+03
1.117200000000026648e+03
1.117400000000026694e+03
1.117600000000026739e+03
1.117800000000026785e+03
1.118000000000026830e+03
1.118200000000026876e+03
1.118400000000026921e+03
1.118600000000026967e+03
1.118800000000027012e+03
1.119000000000027057e+03
1.119200000000027103e+03
1.119400000000027148e+03
1.119600000000027194e+03
1.119800000000027239e+03
1.120000000000027285e+03
1.120200000000027330e+03
1.120400000000027376e+03
1.120600000000027421e+03
1.120800000000027467e+03
1.121000000000027512e+03
1.121200000000027558e+03
1.121400000000027603e+03
1.121600000000027649e+03
1.121800000000027694e+03
1.122000000000027740e+03
1.122200000000027785e+03
1.122400000000027831e+03
1.122600000000027876e+03
1.122800000000027921e+03
1.123000000000027967e+03
1.123200000000028012e+03
1.123400000000028058e+03
1.123600000000028103e+03
1.123800000000028149e+03
1.124000000000028194e+03
1.124200000000028240e+03
1.124400000000028285e+03
1.124600000000028331e+03
1.124800000000028376e+03
1.125000000000028422e+03
1.125200000000028467e+03
1.125400000000028513e+03
1.125600000000028558e+03
1.125800000000028604e+03
1.126000000000028649e+03
1.126200000000028695e+03
1.126400000000028740e+03
1.126600000000028786e+03
1.126800000000028831e+03
1.127000000000028876e+03
1.127200000000028922e+03
1.127400000000028967e+03
1.127600000000029013e+03
1.127800000000029058e+03
1.128000000000029104e+03
1.128200000000029149e+03
1.128400000000029195e+03
1.128600000000029240e+03
1.128800000000029286e+03
1.129000000000029331e+03
1.129200000000029377e+03
1.129400000000029422e+03
1.129600000000029468e+03
1.129800000000029513e+03
1.130000000000029559e+03
1.130200000000029604e+03
1.130400000000029650e+03
1.130600000000029695e+03
1.130800000000029740e+03
1.131000000000029786e+03
1.131200000000029831e+03
1.131400000000029877e+03
1.131600000000029922e+03
1.131800000000029968e+03
1.132000000000030013e+03
1.132200000000030059e+03
1.132400000000030104e+03
1.132600000000030150e+03
1.132800000000030195e+03
1.133000000000030241e+03
1.133200000000030286e+03
1.133400000000030332e+03
1.133600000000030377e+03
1.133800000000030423e+03
1.134000000000030468e+03
1.134200000000030514e+03
1.134400000000030559e+03
1.134600000000030604e+03
1.134800000000030650e+03
1.135000000000030695e+03
1.135200000000030741e+03
1.135400000000030786e+03
1.135600000000030832e+03
1.135800000000030877e+03
1.136000000000030923e+03
1.136200000000030968e+03
1.136400000000031014e+03
1.136600000000031059e+03
1.136800000000031105e+03
1.137000000000031150e+03
1.137200000000031196e+03
1.137400000000031241e+03
1.137600000000031287e+03
1.137800000000031332e+03
1.138000000000031378e+03
1.138200000000031423e+03
1.138400000000031469e+03
1.138600000000031514e+03
1.138800000000031559e+03
1.139000000000031605e+03
1.139200000000031650e+03
1.139400000000031696e+03
1.139600000000031741e+03
1.139800000000031787e+03
1.140000000000031832e+03
1.140200000000031878e+03
1.140400000000031923e+03
1.140600000000031969e+03
1.140800000000032014e+03
1.141000000000032060e+03
1.141200000000032105e+03
1.141400000000032151e+03
1.141600000000032196e+03
1.141800000000032242e+03
1.142000000000032287e+03
1.142200000000032333e+03
1.142400000000032378e+03
1.142600000000032423e+03
1.142800000000032469e+03
1.143000000000032514e+03
1.143200000000032560e+03
1.143400000000032605e+03
1.143600000000032651e+03
1.143800000000032696e+03
1.144000000000032742e+03
1.144200000000032787e+03
1.144400000000032833e+03
1.144600000000032878e+03
1.144800000000032924e+03
1.145000000000032969e+03
1.145200000000033015e+03
1.145400000000033060e+03
1.145600000000033106e+03
1.145800000000033151e+03
1.146000000000033197e+03
1.146200000000033242e+03
1.146400000000033288e+03
1.146600000000033333e+03
1.146800000000033378e+03
1.147000000000033424e+03
1.147200000000033469e+03
1.147400000000033515e+03
1.147600000000033560e+03
1.147800000000033606e+03
1.148000000000033651e+03
1.148200000000033697e+03
1.148400000000033742e+03
1.148600000000033788e+03
1.148800000000033833e+03
1.149000000000033879e+03
1.149200000000033924e+03
1.149400000000033970e+03
1.149600000000034015e+03
1.149800000000034061e+03
1.150000000000034106e+03
1.150200000000034152e+03
1.150400000000034197e+03
1.150600000000034242e+03
1.150800000000034288e+03
1.151000000000034333e+03
1.151200000000034379e+03
1.151400000000034424e+03
1.151600000000034470e+03
1.151800000000034515e+03
1.152000000000034561e+03
1.152200000000034606e+03
1.152400000000034652e+03
1.152600000000034697e+03
1.152800000000034743e+03
1.153000000000034788e+03
1.153200000000034834e+03
1.153400000000034879e+03
1.153600000000034925e+03
1.153800000000034970e+03
1.154000000000035016e+03
1.154200000000035061e+03
1.154400000000035106e+03
1.154600000000035152e+03
1.154800000000035197e+03
1.155000000000035243e+03
1.155200000000035288e+03
1.155400000000035334e+03
1.155600000000035379e+03
1.155800000000035425e+03
1.156000000000035470e+03
1.156200000000035516e+03
1.156400000000035561e+03
1.156600000000035607e+03
1.156800000000035652e+03
1.157000000000035698e+03
1.157200000000035743e+03
1.157400000000035789e+03
1.157600000000035834e+03
1.157800000000035880e+03
1.158000000000035925e+03
1.158200000000035971e+03
1.158400000000036016e+03
1.158600000000036061e+03
1.158800000000036107e+03
1.159000000000036152e+03
1.159200000000036198e+03
1.159400000000036243e+03
1.159600000000036289e+03
1.159800000000036334e+03
1.160000000000036380e+03
1.160200000000036425e+03
1.160400000000036471e+03
1.160600000000036516e+03
1.160800000000036562e+03
1.161000000000036607e+03
1.161200000000036653e+03
1.161400000000036698e+03
1.161600000000036744e+03
1.161800000000036789e+03
1.162000000000036835e+03
1.162200000000036880e+03
1.162400000000036925e+03
1.162600000000036971e+03
1.162800000000037016e+03
1.163000000000037062e+03
1.163200000000037107e+03
1.163400000000037153e+03
1.163600000000037198e+03
1.163800000000037244e+03
1.164000000000037289e+03
1.164200000000037335e+03
1.164400000000037380e+03
1.164600000000037426e+03
1.164800000000037471e+03
1.165000000000037517e+03
1.165200000000037562e+03
1.165400000000037608e+03
1.165600000000037653e+03
1.165800000000037699e+03
1.166000000000037744e+03
1.166200000000037790e+03
1.166400000000037835e+03
1.166600000000037880e+03
1.166800000000037926e+03
1.167000000000037971e+03
1.167200000000038017e+03
1.167400000000038062e+03
1.167600000000038108e+03
1.167800000000038153e+03
1.168000000000038199e+03
1.168200000000038244e+03
1.168400000000038290e+03
1.168600000000038335e+03
1.168800000000038381e+03
1.169000000000038426e+03
1.169200000000038472e+03
1.169400000000038517e+03
1.169600000000038563e+03
1.169800000000038608e+03
1.170000000000038654e+03
1.170200000000038699e+03
1.170400000000038744e+03
1.170600000000038790e+03
1.170800000000038835e+03
1.171000000000038881e+03
1.171200000000038926e+03
1.171400000000038972e+03
1.171600000000039017e+03
1.171800000000039063e+03
1.172000000000039108e+03
1.172200000000039154e+03
1.172400000000039199e+03
1.172600000000039245e+03
1.172800000000039290e+03
1.173000000000039336e+03
1.173200000000039381e+03
1.173400000000039427e+03
1.173600000000039472e+03
1.173800000000039518e+03
1.174000000000039563e+03
1.174200000000039608e+03
1.174400000000039654e+03
1.174600000000039699e+03
1.174800000000039745e+03
1.175000000000039790e+03
1.175200000000039836e+03
1.175400000000039881e+03
1.175600000000039927e+03
1.175800000000039972e+03
1.176000000000040018e+03
1.176200000000040063e+03
1.176400000000040109e+03
1.176600000000040154e+03
1.176800000000040200e+03
1.177000000000040245e+03
1.177200000000040291e+03
1.177400000000040336e+03
1.177600000000040382e+03
1.177800000000040427e+03
1.178000000000040473e+03
1.178200000000040518e+03
1.178400000000040563e+03
1.178600000000040609e+03
1.178800000000040654e+03
1.179000000000040700e+03
1.179200000000040745e+03
1.179400000000040791e+03
1.179600000000040836e+03
1.179800000000040882e+03
1.180000000000040927e+03
1.180200000000040973e+03
1.180400000000041018e+03
1.180600000000041064e+03
1.180800000000041109e+03
1.181000000000041155e+03
1.181200000000041200e+03
1.181400000000041246e+03
1.181600000000041291e+03
1.181800000000041337e+03
1.182000000000041382e+03
1.182200000000041427e+03
1.182400000000041473e+03
1.182600000000041518e+03
1.182800000000041564e+03
1.183000000000041609e+03
1.183200000000041655e+03
1.183400000000041700e+03
1.183600000000041746e+03
1.183800000000041791e+03
1.184000000000041837e+03
1.184200000000041882e+03
1.184400000000041928e+03
1.184600000000041973e+03
1.184800000000042019e+03
1.185000000000042064e+03
1.185200000000042110e+03
1.185400000000042155e+03
1.185600000000042201e+03
1.185800000000042246e+03
1.186000000000042292e+03
1.186200000000042337e+03
1.186400000000042382e+03
1.186600000000042428e+03
1.186800000000042473e+03
1.187000000000042519e+03
1.187200000000042564e+03
1.187400000000042610e+03
1.187600000000042655e+03
1.187800000000042701e+03
1.188000000000042746e+03
1.188200000000042792e+03
1.188400000000042837e+03
1.188600000000042883e+03
1.188800000000042928e+03
1.189000000000042974e+03
1.189200000000043019e+03
1.189400000000043065e+03
1.189600000000043110e+03
1.189800000000043156e+03
1.190000000000043201e+03
1.190200000000043246e+03
1.190400000000043292e+03
1.190600000000043337e+03
1.190800000000043383e+03
1.191000000000043428e+03
1.191200000000043474e+03
1.191400000000043519e+03
1.191600000000043565e+03
1.191800000000043610e+03
1.192000000000043656e+03
1.192200000000043701e+03
1.192400000000043747e+03
1.192600000000043792e+03
1.192800000000043838e+03
1.193000000000043883e+03
1.193200000000043929e+03
1.193400000000043974e+03
1.193600000000044020e+03
1.193800000000044065e+03
1.194000000000044110e+03
1.194200000000044156e+03
1.194400000000044201e+03
1.194600000000044247e+03
1.194800000000044292e+03
1.195000000000044338e+03
1.195200000000044383e+03
1.195400000000044429e+03
1.195600000000044474e+03
1.195800000000044520e+03
1.196000000000044565e+03
1.196200000000044611e+03
1.196400000000044656e+03
1.196600000000044702e+03
1.196800000000044747e+03
1.197000000000044793e+03
1.197200000000044838e+03
1.197400000000044884e+03
1.197600000000044929e+03
1.197800000000044975e+03
1.198000000000045020e+03
1.198200000000045065e+03
1.198400000000045111e+03
1.198600000000045156e+03
1.198800000000045202e+03
1.199000000000045247e+03
1.199200000000045293e+03
1.199400000000045338e+03
1.199600000000045384e+03
1.199800000000045429e+03
1.200000000000045475e+03
1.200200000000045520e+03
1.200400000000045566e+03
1.200600000000045611e+03
1.200800000000045657e+03
1.201000000000045702e+03
1.201200000000045748e+03
1.201400000000045793e+03
1.201600000000045839e+03
1.201800000000045884e+03
1.202000000000045929e+03
1.202200000000045975e+03
1.202400000000046020e+03
1.202600000000046066e+03
1.202800000000046111e+03
1.203000000000046157e+03
1.203200000000046202e+03
1.203400000000046248e+03
1.203600000000046293e+03
1.203800000000046339e+03
1.204000000000046384e+03
1.204200000000046430e+03
1.204400000000046475e+03
1.204600000000046521e+03
1.204800000000046566e+03
1.205000000000046612e+03
1.205200000000046657e+03
1.205400000000046703e+03
1.205600000000046748e+03
1.205800000000046794e+03
1.206000000000046839e+03
1.206200000000046884e+03
1.206400000000046930e+03
1.206600000000046975e+03
1.206800000000047021e+03
1.207000000000047066e+03
1.207200000000047112e+03
1.207400000000047157e+03
1.207600000000047203e+03
1.207800000000047248e+03
1.208000000000047294e+03
1.208200000000047339e+03
1.208400000000047385e+03
1.208600000000047430e+03
1.208800000000047476e+03
1.209000000000047521e+03
1.209200000000047567e+03
1.209400000000047612e+03
1.209600000000047658e+03
1.209800000000047703e+03
1.210000000000047748e+03
1.210200000000047794e+03
1.210400000000047839e+03
1.210600000000047885e+03
1.210800000000047930e+03
1.211000000000047976e+03
1.211200000000048021e+03
1.211400000000048067e+03
1.211600000000048112e+03
1.211800000000048158e+03
1.212000000000048203e+03
1.212200000000048249e+03
1.212400000000048294e+03
1.212600000000048340e+03
1.212800000000048385e+03
1.213000000000048431e+03
1.213200000000048476e+03
1.213400000000048522e+03
1.213600000000048567e+03
1.213800000000048612e+03
1.214000000000048658e+03
1.214200000000048703e+03
1.214400000000048749e+03
1.214600000000048794e+03
1.214800000000048840e+03
1.215000000000048885e+03
1.215200000000048931e+03
1.215400000000048976e+03
1.215600000000049022e+03
1.215800000000049067e+03
1.216000000000049113e+03
1.216200000000049158e+03
1.216400000000049204e+03
1.216600000000049249e+03
1.216800000000049295e+03
1.217000000000049340e+03
1.217200000000049386e+03
1.217400000000049431e+03
1.217600000000049477e+03
1.217800000000049522e+03
1.218000000000049567e+03
1.218200000000049613e+03
1.218400000000049658e+03
1.218600000000049704e+03
1.218800000000049749e+03
1.219000000000049795e+03
1.219200000000049840e+03
1.219400000000049886e+03
1.219600000000049931e+03
1.219800000000049977e+03
1.220000000000050022e+03
1.220200000000050068e+03
1.220400000000050113e+03
1.220600000000050159e+03
1.220800000000050204e+03
1.221000000000050250e+03
1.221200000000050295e+03
1.221400000000050341e+03
1.221600000000050386e+03
1.221800000000050431e+03
1.222000000000050477e+03
1.222200000000050522e+03
1.222400000000050568e+03
1.222600000000050613e+03
1.222800000000050659e+03
1.223000000000050704e+03
1.223200000000050750e+03
1.223400000000050795e+03
1.223600000000050841e+03
1.223800000000050886e+03
1.224000000000050932e+03
1.224200000000050977e+03
1.224400000000051023e+03
1.224600000000051068e+03
1.224800000000051114e+03
1.225000000000051159e+03
1.225200000000051205e+03
1.225400000000051250e+03
1.225600000000051296e+03
1.225800000000051341e+03
1.226000000000051386e+03
1.226200000000051432e+03
1.226400000000051477e+03
1.226600000000051523e+03
1.226800000000051568e+03
1.227000000000051614e+03
1.227200000000051659e+03
1.227400000000051705e+03
1.227600000000051750e+03
1.227800000000051796e+03
1.228000000000051841e+03
1.228200000000051887e+03
1.228400000000051932e+03
1.228600000000051978e+03
1.228800000000052023e+03
1.229000000000052069e+03
1.229200000000052114e+03
1.229400000000052160e+03
1.229600000000052205e+03
1.229800000000052250e+03
1.230000000000052296e+03
1.230200000000052341e+03
1.230400000000052387e+03
1.230600000000052432e+03
1.230800000000052478e+03
1.231000000000052523e+03
1.231200000000052569e+03
1.231400000000052614e+03
1.231600000000052660e+03
1.231800000000052705e+03
1.232000000000052751e+03
1.232200000000052796e+03
1.232400000000052842e+03
1.232600000000052887e+03
1.232800000000052933e+03
1.233000000000052978e+03
1.233200000000053024e+03
1.233400000000053069e+03
1.233600000000053114e+03
1.233800000000053160e+03
1.234000000000053205e+03
1.234200000000053251e+03
1.234400000000053296e+03
1.234600000000053342e+03
1.234800000000053387e+03
1.235000000000053433e+03
1.235200000000053478e+03
1.235400000000053524e+03
1.235600000000053569e+03
1.235800000000053615e+03
1.236000000000053660e+03
1.236200000000053706e+03
1.236400000000053751e+03
1.236600000000053797e+03
1.236800000000053842e+03
1.237000000000053888e+03
1.237200000000053933e+03
1.237400000000053979e+03
1.237600000000054024e+03
1.237800000000054069e+03
1.238000000000054115e+03
1.238200000000054160e+03
1.238400000000054206e+03
1.238600000000054251e+03
1.238800000000054297e+03
1.239000000000054342e+03
1.239200000000054388e+03
1.239400000000054433e+03
1.239600000000054479e+03
1.239800000000054524e+03
1.240000000000054570e+03
1.240200000000054615e+03
1.240400000000054661e+03
1.240600000000054706e+03
1.240800000000054752e+03
1.241000000000054797e+03
1.241200000000054843e+03
1.241400000000054888e+03
1.241600000000054933e+03
1.241800000000054979e+03
1.242000000000055024e+03
1.242200000000055070e+03
1.242400000000055115e+03
1.242600000000055161e+03
1.242800000000055206e+03
1.243000000000055252e+03
1.243200000000055297e+03
1.243400000000055343e+03
1.243600000000055388e+03
1.243800000000055434e+03
1.244000000000055479e+03
1.244200000000055525e+03
1.244400000000055570e+03
1.244600000000055616e+03
1.244800000000055661e+03
1.245000000000055707e+03
1.245200000000055752e+03
1.245400000000055797e+03
1.245600000000055843e+03
1.245800000000055888e+03
1.246000000000055934e+03
1.246200000000055979e+03
1.246400000000056025e+03
1.246600000000056070e+03
1.246800000000056116e+03
1.247000000000056161e+03
1.247200000000056207e+03
1.247400000000056252e+03
1.247600000000056298e+03
1.247800000000056343e+03
1.248000000000056389e+03
1.248200000000056434e+03
1.248400000000056480e+03
1.248600000000056525e+03
1.248800000000056571e+03
1.249000000000056616e+03
1.249200000000056662e+03
1.249400000000056707e+03
1.249600000000056752e+03
1.249800000000056798e+03
1.250000000000056843e+03
1.250200000000056889e+03
1.250400000000056934e+03
1.250600000000056980e+03
1.250800000000057025e+03
1.251000000000057071e+03
1.251200000000057116e+03
1.251400000000057162e+03
1.251600000000057207e+03
1.251800000000057253e+03
1.252000000000057298e+03
1.252200000000057344e+03
1.252400000000057389e+03
1.252600000000057435e+03
1.252800000000057480e+03
1.253000000000057526e+03
1.253200000000057571e+03
1.253400000000057616e+03
1.253600000000057662e+03
1.253800000000057707e+03
1.254000000000057753e+03
1.254200000000057798e+03
1.254400000000057844e+03
1.254600000000057889e+03
1.254800000000057935e+03
1.255000000000057980e+03
1.255200000000058026e+03
1.255400000000058071e+03
1.255600000000058117e+03
1.255800000000058162e+03
1.256000000000058208e+03
1.256200000000058253e+03
1.256400000000058299e+03
1.256600000000058344e+03
1.256800000000058390e+03
1.257000000000058435e+03
1.257200000000058481e+03
1.257400000000058526e+03
1.257600000000058571e+03
1.257800000000058617e+03
1.258000000000058662e+03
1.258200000000058708e+03
1.258400000000058753e+03
1.258600000000058799e+03
1.258800000000058844e+03
1.259000000000058890e+03
1.259200000000058935e+03
1.259400000000058981e+03
1.259600000000059026e+03
1.259800000000059072e+03
1.260000000000059117e+03
1.260200000000059163e+03
1.260400000000059208e+03
1.260600000000059254e+03
1.260800000000059299e+03
1.261000000000059345e+03
1.261200000000059390e+03
1.261400000000059435e+03
1.261600000000059481e+03
1.261800000000059526e+03
1.262000000000059572e+03
1.262200000000059617e+03
1.262400000000059663e+03
1.262600000000059708e+03
1.262800000000059754e+03
1.263000000000059799e+03
1.263200000000059845e+03
1.263400000000059890e+03
1.263600000000059936e+03
1.263800000000059981e+03
1.264000000000060027e+03
1.264200000000060072e+03
1.264400000000060118e+03
1.264600000000060163e+03
1.264800000000060209e+03
1.265000000000060254e+03
1.265200000000060299e+03
1.265400000000060345e+03
1.265600000000060390e+03
1.265800000000060436e+03
1.266000000000060481e+03
1.266200000000060527e+03
1.266400000000060572e+03
1.266600000000060618e+03
1.266800000000060663e+03
1.267000000000060709e+03
1.267200000000060754e+03
1.267400000000060800e+03
1.267600000000060845e+03
1.267800000000060891e+03
1.268000000000060936e+03
1.268200000000060982e+03
1.268400000000061027e+03
1.268600000000061073e+03
1.268800000000061118e+03
1.269000000000061164e+03
1.269200000000061209e+03
1.269400000000061254e+03
1.269600000000061300e+03
1.269800000000061345e+03
1.270000000000061391e+03
1.270200000000061436e+03
1.270400000000061482e+03
1.270600000000061527e+03
1.270800000000061573e+03
1.271000000000061618e+03
1.271200000000061664e+03
1.271400000000061709e+03
1.271600000000061755e+03
1.271800000000061800e+03
1.272000000000061846e+03
1.272200000000061891e+03
1.272400000000061937e+03
1.272600000000061982e+03
1.272800000000062028e+03
1.273000000000062073e+03
1.273200000000062118e+03
1.273400000000062164e+03
1.273600000000062209e+03
1.273800000000062255e+03
1.274000000000062300e+03
1.274200000000062346e+03
1.274400000000062391e+03
1.274600000000062437e+03
1.274800000000062482e+03
1.275000000000062528e+03
1.275200000000062573e+03
1.275400000000062619e+03
1.275600000000062664e+03
1.275800000000062710e+03
1.276000000000062755e+03
1.276200000000062801e+03
1.276400000000062846e+03
1.276600000000062892e+03
1.276800000000062937e+03
1.277000000000062983e+03
1.277200000000063028e+03
1.277400000000063073e+03
1.277600000000063119e+03
1.277800000000063164e+03
1.278000000000063210e+03
1.278200000000063255e+03
1.278400000000063301e+03
1.278600000000063346e+03
1.278800000000063392e+03
1.279000000000063437e+03
1.279200000000063483e+03
1.279400000000063528e+03
1.279600000000063574e+03
1.279800000000063619e+03
1.280000000000063665e+03
1.280200000000063710e+03
1.280400000000063756e+03
1.280600000000063801e+03
1.280800000000063847e+03
1.281000000000063892e+03
1.281200000000063937e+03
1.281400000000063983e+03
1.281600000000064028e+03
1.281800000000064074e+03
1.282000000000064119e+03
1.282200000000064165e+03
1.282400000000064210e+03
1.282600000000064256e+03
1.282800000000064301e+03
1.283000000000064347e+03
1.283200000000064392e+03
1.283400000000064438e+03
1.283600000000064483e+03
1.283800000000064529e+03
1.284000000000064574e+03
1.284200000000064620e+03
1.284400000000064665e+03
1.284600000000064711e+03
1.284800000000064756e+03
1.285000000000064801e+03
1.285200000000064847e+03
1.285400000000064892e+03
1.285600000000064938e+03
1.285800000000064983e+03
1.286000000000065029e+03
1.286200000000065074e+03
1.286400000000065120e+03
1.286600000000065165e+03
1.286800000000065211e+03
1.287000000000065256e+03
1.287200000000065302e+03
1.287400000000065347e+03
1.287600000000065393e+03
1.287800000000065438e+03
1.288000000000065484e+03
1.288200000000065529e+03
1.288400000000065575e+03
1.288600000000065620e+03
1.288800000000065666e+03
1.289000000000065711e+03
1.289200000000065756e+03
1.289400000000065802e+03
1.289600000000065847e+03
1.289800000000065893e+03
1.290000000000065938e+03
1.290200000000065984e+03
1.290400000000066029e+03
1.290600000000066075e+03
1.290800000000066120e+03
1.291000000000066166e+03
1.291200000000066211e+03
1.291400000000066257e+03
1.291600000000066302e+03
1.291800000000066348e+03
1.292000000000066393e+03
1.292200000000066439e+03
1.292400000000066484e+03
1.292600000000066530e+03
1.292800000000066575e+03
1.293000000000066620e+03
1.293200000000066666e+03
1.293400000000066711e+03
1.293600000000066757e+03
1.293800000000066802e+03
1.294000000000066848e+03
1.294200000000066893e+03
1.294400000000066939e+03
1.294600000000066984e+03
1.294800000000067030e+03
1.295000000000067075e+03
1.295200000000067121e+03
1.295400000000067166e+03
1.295600000000067212e+03
1.295800000000067257e+03
1.296000000000067303e+03
1.296200000000067348e+03
1.296400000000067394e+03
1.296600000000067439e+03
1.296800000000067485e+03
1.297000000000067530e+03
1.297200000000067575e+03
1.297400000000067621e+03
1.297600000000067666e+03
1.297800000000067712e+03
1.298000000000067757e+03
1.298200000000067803e+03
1.298400000000067848e+03
1.298600000000067894e+03
1.298800000000067939e+03
1.299000000000067985e+03
1.299200000000068030e+03
1.299400000000068076e+03
1.299600000000068121e+03
1.299800000000068167e+03
1.300000000000068212e+03
1.300200000000068258e+03
1.300400000000068303e+03
1.300600000000068349e+03
1.300800000000068394e+03
1.301000000000068439e+03
1.301200000000068485e+03
1.301400000000068530e+03
1.301600000000068576e+03
1.301800000000068621e+03
1.302000000000068667e+03
1.302200000000068712e+03
1.302400000000068758e+03
1.302600000000068803e+03
1.302800000000068849e+03
1.303000000000068894e+03
1.303200000000068940e+03
1.303400000000068985e+03
1.303600000000069031e+03
1.303800000000069076e+03
1.304000000000069122e+03
1.304200000000069167e+03
1.304400000000069213e+03
1.304600000000069258e+03
1.304800000000069303e+03
1.305000000000069349e+03
1.305200000000069394e+03
1.305400000000069440e+03
1.305600000000069485e+03
1.305800000000069531e+03
1.306000000000069576e+03
1.306200000000069622e+03
1.306400000000069667e+03
1.306600000000069713e+03
1.306800000000069758e+03
1.307000000000069804e+03
1.307200000000069849e+03
1.307400000000069895e+03
1.307600000000069940e+03
1.307800000000069986e+03
1.308000000000070031e+03
1.308200000000070077e+03
1.308400000000070122e+03
1.308600000000070168e+03
1.308800000000070213e+03
1.309000000000070258e+03
1.309200000000070304e+03
1.309400000000070349e+03
1.309600000000070395e+03
1.309800000000070440e+03
1.310000000000070486e+03
1.310200000000070531e+03
1.310400000000070577e+03
1.310600000000070622e+03
1.310800000000070668e+03
1.311000000000070713e+03
1.311200000000070759e+03
1.311400000000070804e+03
1.311600000000070850e+03
1.311800000000070895e+03
1.312000000000070941e+03
1.312200000000070986e+03
1.312400000000071032e+03
1.312600000000071077e+03
1.312800000000071122e+03
1.313000000000071168e+03
1.313200000000071213e+03
1.313400000000071259e+03
1.313600000000071304e+03
1.313800000000071350e+03
1.314000000000071395e+03
1.314200000000071441e+03
1.314400000000071486e+03
1.314600000000071532e+03
1.314800000000071577e+03
1.315000000000071623e+03
1.315200000000071668e+03
1.315400000000071714e+03
1.315600000000071759e+03
1.315800000000071805e+03
1.316000000000071850e+03
1.316200000000071896e+03
1.316400000000071941e+03
1.316600000000071987e+03
1.316800000000072032e+03
1.317000000000072077e+03
1.317200000000072123e+03
1.317400000000072168e+03
1.317600000000072214e+03
1.317800000000072259e+03
1.318000000000072305e+03
1.318200000000072350e+03
1.318400000000072396e+03
1.318600000000072441e+03
1.318800000000072487e+03
1.319000000000072532e+03
1.319200000000072578e+03
1.319400000000072623e+03
1.319600000000072669e+03
1.319800000000072714e+03
1.320000000000072760e+03
1.320200000000072805e+03
1.320400000000072851e+03
1.320600000000072896e+03
1.320800000000072941e+03
1.321000000000072987e+03
1.321200000000073032e+03
1.321400000000073078e+03
1.321600000000073123e+03
1.321800000000073169e+03
1.322000000000073214e+03
1.322200000000073260e+03
1.322400000000073305e+03
1.322600000000073351e+03
1.322800000000073396e+03
1.323000000000073442e+03
1.323200000000073487e+03
1.323400000000073533e+03
1.323600000000073578e+03
1.323800000000073624e+03
1.324000000000073669e+03
1.324200000000073715e+03
1.324400000000073760e+03
1.324600000000073805e+03
1.324800000000073851e+03
1.325000000000073896e+03
1.325200000000073942e+03
1.325400000000073987e+03
1.325600000000074033e+03
1.325800000000074078e+03
1.326000000000074124e+03
1.326200000000074169e+03
1.326400000000074215e+03
1.326600000000074260e+03
1.326800000000074306e+03
1.327000000000074351e+03
1.327200000000074397e+03
1.327400000000074442e+03
1.327600000000074488e+03
1.327800000000074533e+03
1.328000000000074579e+03
1.328200000000074624e+03
1.328400000000074670e+03
1.328600000000074715e+03
1.328800000000074760e+03
1.329000000000074806e+03
1.329200000000074851e+03
1.329400000000074897e+03
1.329600000000074942e+03
1.329800000000074988e+03
1.330000000000075033e+03
1.330200000000075079e+03
1.330400000000075124e+03
1.330600000000075170e+03
1.330800000000075215e+03
1.331000000000075261e+03
1.331200000000075306e+03
1.331400000000075352e+03
1.331600000000075397e+03
1.331800000000075443e+03
1.332000000000075488e+03
1.332200000000075534e+03
1.332400000000075579e+03
1.332600000000075624e+03
1.332800000000075670e+03
1.333000000000075715e+03
1.333200000000075761e+03
1.333400000000075806e+03
1.333600000000075852e+03
1.333800000000075897e+03
1.334000000000075943e+03
1.334200000000075988e+03
1.334400000000076034e+03
1.334600000000076079e+03
1.334800000000076125e+03
1.335000000000076170e+03
1.335200000000076216e+03
1.335400000000076261e+03
1.335600000000076307e+03
1.335800000000076352e+03
1.336000000000076398e+03
1.336200000000076443e+03
1.336400000000076489e+03
1.336600000000076534e+03
1.336800000000076579e+03
1.337000000000076625e+03
1.337200000000076670e+03
1.337400000000076716e+03
1.337600000000076761e+03
1.337800000000076807e+03
1.338000000000076852e+03
1.338200000000076898e+03
1.338400000000076943e+03
1.338600000000076989e+03
1.338800000000077034e+03
1.339000000000077080e+03
1.339200000000077125e+03
1.339400000000077171e+03
1.339600000000077216e+03
1.339800000000077262e+03
1.340000000000077307e+03
1.340200000000077353e+03
1.340400000000077398e+03
1.340600000000077443e+03
1.340800000000077489e+03
1.341000000000077534e+03
1.341200000000077580e+03
1.341400000000077625e+03
1.341600000000077671e+03
1.341800000000077716e+03
1.342000000000077762e+03
1.342200000000077807e+03
1.342400000000077853e+03
1.342600000000077898e+03
1.342800000000077944e+03
1.343000000000077989e+03
1.343200000000078035e+03
1.343400000000078080e+03
1.343600000000078126e+03
1.343800000000078171e+03
1.344000000000078217e+03
1.344200000000078262e+03
1.344400000000078307e+03
1.344600000000078353e+03
1.344800000000078398e+03
1.345000000000078444e+03
1.345200000000078489e+03
1.345400000000078535e+03
1.345600000000078580e+03
1.345800000000078626e+03
1.346000000000078671e+03
1.346200000000078717e+03
1.346400000000078762e+03
1.346600000000078808e+03
1.346800000000078853e+03
1.347000000000078899e+03
1.347200000000078944e+03
1.347400000000078990e+03
1.347600000000079035e+03
1.347800000000079081e+03
1.348000000000079126e+03
1.348200000000079172e+03
1.348400000000079217e+03
1.348600000000079262e+03
1.348800000000079308e+03
1.349000000000079353e+03
1.349200000000079399e+03
1.349400000000079444e+03
1.349600000000079490e+03
1.349800000000079535e+03
1.350000000000079581e+03
1.350200000000079626e+03
1.350400000000079672e+03
1.350600000000079717e+03
1.350800000000079763e+03
1.351000000000079808e+03
1.351200000000079854e+03
1.351400000000079899e+03
1.351600000000079945e+03
1.351800000000079990e+03
1.352000000000080036e+03
1.352200000000080081e+03
1.352400000000080126e+03
1.352600000000080172e+03
1.352800000000080217e+03
1.353000000000080263e+03
1.353200000000080308e+03
1.353400000000080354e+03
1.353600000000080399e+03
1.353800000000080445e+03
1.354000000000080490e+03
1.354200000000080536e+03
1.354400000000080581e+03
1.354600000000080627e+03
1.354800000000080672e+03
1.355000000000080718e+03
1.355200000000080763e+03
1.355400000000080809e+03
1.355600000000080854e+03
1.355800000000080900e+03
1.356000000000080945e+03
1.356200000000080991e+03
1.356400000000081036e+03
1.356600000000081081e+03
1.356800000000081127e+03
1.357000000000081172e+03
1.357200000000081218e+03
1.357400000000081263e+03
1.357600000000081309e+03
1.357800000000081354e+03
1.358000000000081400e+03
1.358200000000081445e+03
1.358400000000081491e+03
1.358600000000081536e+03
1.358800000000081582e+03
1.359000000000081627e+03
1.359200000000081673e+03
1.359400000000081718e+03
1.359600000000081764e+03
1.359800000000081809e+03
1.360000000000081855e+03
1.360200000000081900e+03
1.360400000000081945e+03
1.360600000000081991e+03
1.360800000000082036e+03
1.361000000000082082e+03
1.361200000000082127e+03
1.361400000000082173e+03
1.361600000000082218e+03
1.361800000000082264e+03
1.362000000000082309e+03
1.362200000000082355e+03
1.362400000000082400e+03
1.362600000000082446e+03
1.362800000000082491e+03
1.363000000000082537e+03
1.363200000000082582e+03
1.363400000000082628e+03
1.363600000000082673e+03
1.363800000000082719e+03
1.364000000000082764e+03
1.364200000000082809e+03
1.364400000000082855e+03
1.364600000000082900e+03
1.364800000000082946e+03
1.365000000000082991e+03
1.365200000000083037e+03
1.365400000000083082e+03
1.365600000000083128e+03
1.365800000000083173e+03
1.366000000000083219e+03
1.366200000000083264e+03
1.366400000000083310e+03
1.366600000000083355e+03
1.366800000000083401e+03
1.367000000000083446e+03
1.367200000000083492e+03
1.367400000000083537e+03
1.367600000000083583e+03
1.367800000000083628e+03
1.368000000000083674e+03
1.368200000000083719e+03
1.368400000000083764e+03
1.368600000000083810e+03
1.368800000000083855e+03
1.369000000000083901e+03
1.369200000000083946e+03
1.369400000000083992e+03
1.369600000000084037e+03
1.369800000000084083e+03
1.370000000000084128e+03
1.370200000000084174e+03
1.370400000000084219e+03
1.370600000000084265e+03
1.370800000000084310e+03
1.371000000000084356e+03
1.371200000000084401e+03
1.371400000000084447e+03
1.371600000000084492e+03
1.371800000000084538e+03
1.372000000000084583e+03
1.372200000000084628e+03
1.372400000000084674e+03
1.372600000000084719e+03
1.372800000000084765e+03
1.373000000000084810e+03
1.373200000000084856e+03
1.373400000000084901e+03
1.373600000000084947e+03
1.373800000000084992e+03
1.374000000000085038e+03
1.374200000000085083e+03
1.374400000000085129e+03
1.374600000000085174e+03
1.374800000000085220e+03
1.375000000000085265e+03
1.375200000000085311e+03
1.375400000000085356e+03
1.375600000000085402e+03
1.375800000000085447e+03
1.376000000000085493e+03
1.376200000000085538e+03
1.376400000000085583e+03
1.376600000000085629e+03
1.376800000000085674e+03
1.377000000000085720e+03
1.377200000000085765e+03
1.377400000000085811e+03
1.377600000000085856e+03
1.377800000000085902e+03
1.378000000000085947e+03
1.378200000000085993e+03
1.378400000000086038e+03
1.378600000000086084e+03
1.378800000000086129e+03
1.379000000000086175e+03
1.379200000000086220e+03
1.379400000000086266e+03
1.379600000000086311e+03
1.379800000000086357e+03
1.380000000000086402e+03
1.380200000000086447e+03
1.380400000000086493e+03
1.380600000000086538e+03
1.380800000000086584e+03
1.381000000000086629e+03
1.381200000000086675e+03
1.381400000000086720e+03
1.381600000000086766e+03
1.381800000000086811e+03
1.382000000000086857e+03
1.382200000000086902e+03
1.382400000000086948e+03
1.382600000000086993e+03
1.382800000000087039e+03
1.383000000000087084e+03
1.383200000000087130e+03
1.383400000000087175e+03
1.383600000000087221e+03
1.383800000000087266e+03
1.384000000000087311e+03
1.384200000000087357e+03
1.384400000000087402e+03
1.384600000000087448e+03
1.384800000000087493e+03
1.385000000000087539e+03
1.385200000000087584e+03
1.385400000000087630e+03
1.385600000000087675e+03
1.385800000000087721e+03
1.386000000000087766e+03
1.386200000000087812e+03
1.386400000000087857e+03
1.386600000000087903e+03
1.386800000000087948e+03
1.387000000000087994e+03
1.387200000000088039e+03
1.387400000000088085e+03
1.387600000000088130e+03
1.387800000000088176e+03
1.388000000000088221e+03
1.388200000000088266e+03
1.388400000000088312e+03
1.388600000000088357e+03
1.388800000000088403e+03
1.389000000000088448e+03
1.389200000000088494e+03
1.389400000000088539e+03
1.389600000000088585e+03
1.389800000000088630e+03
1.390000000000088676e+03
1.390200000000088721e+03
1.390400000000088767e+03
1.390600000000088812e+03
1.390800000000088858e+03
1.391000000000088903e+03
1.391200000000088949e+03
1.391400000000088994e+03
1.391600000000089040e+03
1.391800000000089085e+03
1.392000000000089130e+03
1.392200000000089176e+03
1.392400000000089221e+03
1.392600000000089267e+03
1.392800000000089312e+03
1.393000000000089358e+03
1.393200000000089403e+03
1.393400000000089449e+03
1.393600000000089494e+03
1.393800000000089540e+03
1.394000000000089585e+03
1.394200000000089631e+03
1.394400000000089676e+03
1.394600000000089722e+03
1.394800000000089767e+03
1.395000000000089813e+03
1.395200000000089858e+03
1.395400000000089904e+03
1.395600000000089949e+03
1.395800000000089995e+03
1.396000000000090040e+03
1.396200000000090085e+03
1.396400000000090131e+03
1.396600000000090176e+03
1.396800000000090222e+03
1.397000000000090267e+03
1.397200000000090313e+03
1.397400000000090358e+03
1.397600000000090404e+03
1.397800000000090449e+03
1.398000000000090495e+03
1.398200000000090540e+03
1.398400000000090586e+03
1.398600000000090631e+03
1.398800000000090677e+03
1.399000000000090722e+03
1.399200000000090768e+03
1.399400000000090813e+03
1.399600000000090859e+03
1.399800000000090904e+03
1.400000000000090949e+03
1.400200000000090995e+03
1.400400000000091040e+03
1.400600000000091086e+03
1.400800000000091131e+03
1.401000000000091177e+03
1.401200000000091222e+03
1.401400000000091268e+03
1.401600000000091313e+03
1.401800000000091359e+03
1.402000000000091404e+03
1.402200000000091450e+03
1.402400000000091495e+03
1.402600000000091541e+03
1.402800000000091586e+03
1.403000000000091632e+03
1.403200000000091677e+03
1.403400000000091723e+03
1.403600000000091768e+03
1.403800000000091813e+03
1.404000000000091859e+03
1.404200000000091904e+03
1.404400000000091950e+03
1.404600000000091995e+03
1.404800000000092041e+03
1.405000000000092086e+03
1.405200000000092132e+03
1.405400000000092177e+03
1.405600000000092223e+03
1.405800000000092268e+03
1.406000000000092314e+03
1.406200000000092359e+03
1.406400000000092405e+03
1.406600000000092450e+03
1.406800000000092496e+03
1.407000000000092541e+03
1.407200000000092587e+03
1.407400000000092632e+03
1.407600000000092678e+03
1.407800000000092723e+03
1.408000000000092768e+03
1.408200000000092814e+03
1.408400000000092859e+03
1.408600000000092905e+03
1.408800000000092950e+03
1.409000000000092996e+03
1.409200000000093041e+03
1.409400000000093087e+03
1.409600000000093132e+03
1.409800000000093178e+03
1.410000000000093223e+03
1.410200000000093269e+03
1.410400000000093314e+03
1.410600000000093360e+03
1.410800000000093405e+03
1.411000000000093451e+03
1.411200000000093496e+03
1.411400000000093542e+03
1.411600000000093587e+03
1.411800000000093632e+03
1.412000000000093678e+03
1.412200000000093723e+03
1.412400000000093769e+03
1.412600000000093814e+03
1.412800000000093860e+03
1.413000000000093905e+03
1.413200000000093951e+03
1.413400000000093996e+03
1.413600000000094042e+03
1.413800000000094087e+03
1.414000000000094133e+03
1.414200000000094178e+03
1.414400000000094224e+03
1.414600000000094269e+03
1.414800000000094315e+03
1.415000000000094360e+03
1.415200000000094406e+03
1.415400000000094451e+03
1.415600000000094496e+03
1.415800000000094542e+03
1.416000000000094587e+03
1.416200000000094633e+03
1.416400000000094678e+03
1.416600000000094724e+03
1.416800000000094769e+03
1.417000000000094815e+03
1.417200000000094860e+03
1.417400000000094906e+03
1.417600000000094951e+03
1.417800000000094997e+03
1.418000000000095042e+03
1.418200000000095088e+03
1.418400000000095133e+03
1.418600000000095179e+03
1.418800000000095224e+03
1.419000000000095270e+03
1.419200000000095315e+03
1.419400000000095361e+03
1.419600000000095406e+03
1.419800000000095451e+03
1.420000000000095497e+03
1.420200000000095542e+03
1.420400000000095588e+03
1.420600000000095633e+03
1.420800000000095679e+03
1.421000000000095724e+03
1.421200000000095770e+03
1.421400000000095815e+03
1.421600000000095861e+03
1.421800000000095906e+03
1.422000000000095952e+03
1.422200000000095997e+03
1.422400000000096043e+03
1.422600000000096088e+03
1.422800000000096134e+03
1.423000000000096179e+03
1.423200000000096225e+03
1.423400000000096270e+03
1.423600000000096315e+03
1.423800000000096361e+03
1.424000000000096406e+03
1.424200000000096452e+03
1.424400000000096497e+03
1.424600000000096543e+03
1.424800000000096588e+03
1.425000000000096634e+03
1.425200000000096679e+03
1.425400000000096725e+03
1.425600000000096770e+03
1.425800000000096816e+03
1.426000000000096861e+03
1.426200000000096907e+03
1.426400000000096952e+03
1.426600000000096998e+03
1.426800000000097043e+03
1.427000000000097089e+03
1.427200000000097134e+03
1.427400000000097180e+03
1.427600000000097225e+03
1.427800000000097270e+03
1.428000000000097316e+03
1.428200000000097361e+03
1.428400000000097407e+03
1.428600000000097452e+03
1.428800000000097498e+03
1.429000000000097543e+03
1.429200000000097589e+03
1.429400000000097634e+03
1.429600000000097680e+03
1.429800000000097725e+03
1.430000000000097771e+03
1.430200000000097816e+03
1.430400000000097862e+03
1.430600000000097907e+03
1.430800000000097953e+03
1.431000000000097998e+03
1.431200000000098044e+03
1.431400000000098089e+03
1.431600000000098134e+03
1.431800000000098180e+03
1.432000000000098225e+03
1.432200000000098271e+03
1.432400000000098316e+03
1.432600000000098362e+03
1.432800000000098407e+03
1.433000000000098453e+03
1.433200000000098498e+03
1.433400000000098544e+03
1.433600000000098589e+03
1.433800000000098635e+03
1.434000000000098680e+03
1.434200000000098726e+03
1.434400000000098771e+03
1.434600000000098817e+03
1.434800000000098862e+03
1.435000000000098908e+03
1.435200000000098953e+03
1.435400000000098998e+03
1.435600000000099044e+03
1.435800000000099089e+03
1.436000000000099135e+03
1.436200000000099180e+03
1.436400000000099226e+03
1.436600000000099271e+03
1.436800000000099317e+03
1.437000000000099362e+03
1.437200000000099408e+03
1.437400000000099453e+03
1.437600000000099499e+03
1.437800000000099544e+03
1.438000000000099590e+03
1.438200000000099635e+03
1.438400000000099681e+03
1.438600000000099726e+03
1.438800000000099772e+03
1.439000000000099817e+03
1.439200000000099863e+03
1.439400000000099908e+03
1.439600000000099953e+03
1.439800000000099999e+03
1.440000000000100044e+03
1.440200000000100090e+03
1.440400000000100135e+03
1.440600000000100181e+03
1.440800000000100226e+03
1.441000000000100272e+03
1.441200000000100317e+03
1.441400000000100363e+03
1.441600000000100408e+03
1.441800000000100454e+03
1.442000000000100499e+03
1.442200000000100545e+03
1.442400000000100590e+03
1.442600000000100636e+03
1.442800000000100681e+03
1.443000000000100727e+03
1.443200000000100772e+03
1.443400000000100817e+03
1.443600000000100863e+03
1.443800000000100908e+03
1.444000000000100954e+03
1.444200000000100999e+03
1.444400000000101045e+03
1.444600000000101090e+03
1.444800000000101136e+03
1.445000000000101181e+03
1.445200000000101227e+03
1.445400000000101272e+03
1.445600000000101318e+03
1.445800000000101363e+03
1.446000000000101409e+03
1.446200000000101454e+03
1.446400000000101500e+03
1.446600000000101545e+03
1.446800000000101591e+03
1.447000000000101636e+03
1.447200000000101682e+03
1.447400000000101727e+03
1.447600000000101772e+03
1.447800000000101818e+03
1.448000000000101863e+03
1.448200000000101909e+03
1.448400000000101954e+03
1.448600000000102000e+03
1.448800000000102045e+03
1.449000000000102091e+03
1.449200000000102136e+03
1.449400000000102182e+03
1.449600000000102227e+03
1.449800000000102273e+03
1.450000000000102318e+03
1.450200000000102364e+03
1.450400000000102409e+03
1.450600000000102455e+03
1.450800000000102500e+03
1.451000000000102546e+03
1.451200000000102591e+03
1.451400000000102636e+03
1.451600000000102682e+03
1.451800000000102727e+03
1.452000000000102773e+03
1.452200000000102818e+03
1.452400000000102864e+03
1.452600000000102909e+03
1.452800000000102955e+03
1.453000000000103000e+03
1.453200000000103046e+03
1.453400000000103091e+03
1.453600000000103137e+03
1.453800000000103182e+03
1.454000000000103228e+03
1.454200000000103273e+03
1.454400000000103319e+03
1.454600000000103364e+03
1.454800000000103410e+03
1.455000000000103455e+03
1.455200000000103500e+03
1.455400000000103546e+03
1.455600000000103591e+03
1.455800000000103637e+03
1.456000000000103682e+03
1.456200000000103728e+03
1.456400000000103773e+03
1.456600000000103819e+03
1.456800000000103864e+03
1.457000000000103910e+03
1.457200000000103955e+03
1.457400000000104001e+03
1.457600000000104046e+03
1.457800000000104092e+03
1.458000000000104137e+03
1.458200000000104183e+03
1.458400000000104228e+03
1.458600000000104274e+03
1.458800000000104319e+03
1.459000000000104365e+03
1.459200000000104410e+03
1.459400000000104455e+03
1.459600000000104501e+03
1.459800000000104546e+03
1.460000000000104592e+03
1.460200000000104637e+03
1.460400000000104683e+03
1.460600000000104728e+03
1.460800000000104774e+03
1.461000000000104819e+03
1.461200000000104865e+03
1.461400000000104910e+03
1.461600000000104956e+03
1.461800000000105001e+03
1.462000000000105047e+03
1.462200000000105092e+03
1.462400000000105138e+03
1.462600000000105183e+03
1.462800000000105229e+03
1.463000000000105274e+03
1.463200000000105319e+03
1.463400000000105365e+03
1.463600000000105410e+03
1.463800000000105456e+03
1.464000000000105501e+03
1.464200000000105547e+03
1.464400000000105592e+03
1.464600000000105638e+03
1.464800000000105683e+03
1.465000000000105729e+03
1.465200000000105774e+03
1.465400000000105820e+03
1.465600000000105865e+03
1.465800000000105911e+03
1.466000000000105956e+03
1.466200000000106002e+03
1.466400000000106047e+03
1.466600000000106093e+03
1.466800000000106138e+03
1.467000000000106184e+03
1.467200000000106229e+03
1.467400000000106274e+03
1.467600000000106320e+03
1.467800000000106365e+03
1.468000000000106411e+03
1.468200000000106456e+03
1.468400000000106502e+03
1.468600000000106547e+03
1.468800000000106593e+03
1.469000000000106638e+03
1.469200000000106684e+03
1.469400000000106729e+03
1.469600000000106775e+03
1.469800000000106820e+03
1.470000000000106866e+03
1.470200000000106911e+03
1.470400000000106957e+03
1.470600000000107002e+03
1.470800000000107048e+03
1.471000000000107093e+03
1.471200000000107138e+03
1.471400000000107184e+03
1.471600000000107229e+03
1.471800000000107275e+03
1.472000000000107320e+03
1.472200000000107366e+03
1.472400000000107411e+03
1.472600000000107457e+03
1.472800000000107502e+03
1.473000000000107548e+03
1.473200000000107593e+03
1.473400000000107639e+03
1.473600000000107684e+03
1.473800000000107730e+03
1.474000000000107775e+03
1.474200000000107821e+03
1.474400000000107866e+03
1.474600000000107912e+03
1.474800000000107957e+03
1.475000000000108002e+03
1.475200000000108048e+03
1.475400000000108093e+03
1.475600000000108139e+03
1.475800000000108184e+03
1.476000000000108230e+03
1.476200000000108275e+03
1.476400000000108321e+03
1.476600000000108366e+03
1.476800000000108412e+03
1.477000000000108457e+03
1.477200000000108503e+03
1.477400000000108548e+03
1.477600000000108594e+03
1.477800000000108639e+03
1.478000000000108685e+03
1.478200000000108730e+03
1.478400000000108776e+03
1.478600000000108821e+03
1.478800000000108867e+03
1.479000000000108912e+03
1.479200000000108957e+03
1.479400000000109003e+03
1.479600000000109048e+03
1.479800000000109094e+03
1.480000000000109139e+03
1.480200000000109185e+03
1.480400000000109230e+03
1.480600000000109276e+03
1.480800000000109321e+03
1.481000000000109367e+03
1.481200000000109412e+03
1.481400000000109458e+03
1.481600000000109503e+03
1.481800000000109549e+03
1.482000000000109594e+03
1.482200000000109640e+03
1.482400000000109685e+03
1.482600000000109731e+03
1.482800000000109776e+03
1.483000000000109821e+03
1.483200000000109867e+03
1.483400000000109912e+03
1.483600000000109958e+03
1.483800000000110003e+03
1.484000000000110049e+03
1.484200000000110094e+03
1.484400000000110140e+03
1.484600000000110185e+03
1.484800000000110231e+03
1.485000000000110276e+03
1.485200000000110322e+03
1.485400000000110367e+03
1.485600000000110413e+03
1.485800000000110458e+03
1.486000000000110504e+03
1.486200000000110549e+03
1.486400000000110595e+03
1.486600000000110640e+03
1.486800000000110686e+03
1.487000000000110731e+03
1.487200000000110776e+03
1.487400000000110822e+03
1.487600000000110867e+03
1.487800000000110913e+03
1.488000000000110958e+03
1.488200000000111004e+03
1.488400000000111049e+03
1.488600000000111095e+03
1.488800000000111140e+03
1.489000000000111186e+03
1.489200000000111231e+03
1.489400000000111277e+03
1.489600000000111322e+03
1.489800000000111368e+03
1.490000000000111413e+03
1.490200000000111459e+03
1.490400000000111504e+03
1.490600000000111550e+03
1.490800000000111595e+03
1.491000000000111640e+03
1.491200000000111686e+03
1.491400000000111731e+03
1.491600000000111777e+03
1.491800000000111822e+03
1.492000000000111868e+03
1.492200000000111913e+03
1.492400000000111959e+03
1.492600000000112004e+03
1.492800000000112050e+03
1.493000000000112095e+03
1.493200000000112141e+03
1.493400000000112186e+03
1.493600000000112232e+03
1.493800000000112277e+03
1.494000000000112323e+03
1.494200000000112368e+03
1.494400000000112414e+03
1.494600000000112459e+03
1.494800000000112504e+03
1.495000000000112550e+03
1.495200000000112595e+03
1.495400000000112641e+03
1.495600000000112686e+03
1.495800000000112732e+03
1.496000000000112777e+03
1.496200000000112823e+03
1.496400000000112868e+03
1.496600000000112914e+03
1.496800000000112959e+03
1.497000000000113005e+03
1.497200000000113050e+03
1.497400000000113096e+03
1.497600000000113141e+03
1.497800000000113187e+03
1.498000000000113232e+03
1.498200000000113278e+03
1.498400000000113323e+03
1.498600000000113369e+03
1.498800000000113414e+03
1.499000000000113459e+03
1.499200000000113505e+03
1.499400000000113550e+03
1.499600000000113596e+03
1.499800000000113641e+03
1.500000000000113687e+03
1.500200000000113732e+03
1.500400000000113778e+03
1.500600000000113823e+03
1.500800000000113869e+03
1.501000000000113914e+03
1.501200000000113960e+03
1.501400000000114005e+03
1.501600000000114051e+03
1.501800000000114096e+03
1.502000000000114142e+03
1.502200000000114187e+03
1.502400000000114233e+03
1.502600000000114278e+03
1.502800000000114323e+03
1.503000000000114369e+03
1.503200000000114414e+03
1.503400000000114460e+03
1.503600000000114505e+03
1.503800000000114551e+03
1.504000000000114596e+03
1.504200000000114642e+03
1.504400000000114687e+03
1.504600000000114733e+03
1.504800000000114778e+03
1.505000000000114824e+03
1.505200000000114869e+03
1.505400000000114915e+03
1.505600000000114960e+03
1.505800000000115006e+03
1.506000000000115051e+03
1.506200000000115097e+03
1.506400000000115142e+03
1.506600000000115188e+03
1.506800000000115233e+03
1.507000000000115278e+03
1.507200000000115324e+03
1.507400000000115369e+03
1.507600000000115415e+03
1.507800000000115460e+03
1.508000000000115506e+03
1.508200000000115551e+03
1.508400000000115597e+03
1.508600000000115642e+03
1.508800000000115688e+03
1.509000000000115733e+03
1.509200000000115779e+03
1.509400000000115824e+03
1.509600000000115870e+03
1.509800000000115915e+03
1.510000000000115961e+03
1.510200000000116006e+03
1.510400000000116052e+03
1.510600000000116097e+03
1.510800000000116142e+03
1.511000000000116188e+03
1.511200000000116233e+03
1.511400000000116279e+03
1.511600000000116324e+03
1.511800000000116370e+03
1.512000000000116415e+03
1.512200000000116461e+03
1.512400000000116506e+03
1.512600000000116552e+03
1.512800000000116597e+03
1.513000000000116643e+03
1.513200000000116688e+03
1.513400000000116734e+03
1.513600000000116779e+03
1.513800000000116825e+03
1.514000000000116870e+03
1.514200000000116916e+03
1.514400000000116961e+03
1.514600000000117006e+03
1.514800000000117052e+03
1.515000000000117097e+03
1.515200000000117143e+03
1.515400000000117188e+03
1.515600000000117234e+03
1.515800000000117279e+03
1.516000000000117325e+03
1.516200000000117370e+03
1.516400000000117416e+03
1.516600000000117461e+03
1.516800000000117507e+03
1.517000000000117552e+03
1.517200000000117598e+03
1.517400000000117643e+03
1.517600000000117689e+03
1.517800000000117734e+03
1.518000000000117780e+03
1.518200000000117825e+03
1.518400000000117871e+03
1.518600000000117916e+03
1.518800000000117961e+03
1.519000000000118007e+03
1.519200000000118052e+03
1.519400000000118098e+03
1.519600000000118143e+03
1.519800000000118189e+03
1.520000000000118234e+03
1.520200000000118280e+03
1.520400000000118325e+03
1.520600000000118371e+03
1.520800000000118416e+03
1.521000000000118462e+03
1.521200000000118507e+03
1.521400000000118553e+03
1.521600000000118598e+03
1.521800000000118644e+03
1.522000000000118689e+03
1.522200000000118735e+03
1.522400000000118780e+03
1.522600000000118825e+03
1.522800000000118871e+03
1.523000000000118916e+03
1.523200000000118962e+03
1.523400000000119007e+03
1.523600000000119053e+03
1.523800000000119098e+03
1.524000000000119144e+03
1.524200000000119189e+03
1.524400000000119235e+03
1.524600000000119280e+03
1.524800000000119326e+03
1.525000000000119371e+03
1.525200000000119417e+03
1.525400000000119462e+03
1.525600000000119508e+03
1.525800000000119553e+03
1.526000000000119599e+03
1.526200000000119644e+03
1.526400000000119690e+03
1.526600000000119735e+03
1.526800000000119780e+03
1.527000000000119826e+03
1.527200000000119871e+03
1.527400000000119917e+03
1.527600000000119962e+03
1.527800000000120008e+03
1.528000000000120053e+03
1.528200000000120099e+03
1.528400000000120144e+03
1.528600000000120190e+03
1.528800000000120235e+03
1.529000000000120281e+03
1.529200000000120326e+03
1.529400000000120372e+03
1.529600000000120417e+03
1.529800000000120463e+03
1.530000000000120508e+03
1.530200000000120554e+03
1.530400000000120599e+03
1.530600000000120644e+03
1.530800000000120690e+03
1.531000000000120735e+03
1.531200000000120781e+03
1.531400000000120826e+03
1.531600000000120872e+03
1.531800000000120917e+03
1.532000000000120963e+03
1.532200000000121008e+03
1.532400000000121054e+03
1.532600000000121099e+03
1.532800000000121145e+03
1.533000000000121190e+03
1.533200000000121236e+03
1.533400000000121281e+03
1.533600000000121327e+03
1.533800000000121372e+03
1.534000000000121418e+03
1.534200000000121463e+03
1.534400000000121508e+03
1.534600000000121554e+03
1.534800000000121599e+03
1.535000000000121645e+03
1.535200000000121690e+03
1.535400000000121736e+03
1.535600000000121781e+03
1.535800000000121827e+03
1.536000000000121872e+03
1.536200000000121918e+03
1.536400000000121963e+03
1.536600000000122009e+03
1.536800000000122054e+03
1.537000000000122100e+03
1.537200000000122145e+03
1.537400000000122191e+03
1.537600000000122236e+03
1.537800000000122282e+03
1.538000000000122327e+03
1.538200000000122373e+03
1.538400000000122418e+03
1.538600000000122463e+03
1.538800000000122509e+03
1.539000000000122554e+03
1.539200000000122600e+03
1.539400000000122645e+03
1.539600000000122691e+03
1.539800000000122736e+03
1.540000000000122782e+03
1.540200000000122827e+03
1.540400000000122873e+03
1.540600000000122918e+03
1.540800000000122964e+03
1.541000000000123009e+03
1.541200000000123055e+03
1.541400000000123100e+03
1.541600000000123146e+03
1.541800000000123191e+03
1.542000000000123237e+03
1.542200000000123282e+03
1.542400000000123327e+03
1.542600000000123373e+03
1.542800000000123418e+03
1.543000000000123464e+03
1.543200000000123509e+03
1.543400000000123555e+03
1.543600000000123600e+03
1.543800000000123646e+03
1.544000000000123691e+03
1.544200000000123737e+03
1.544400000000123782e+03
1.544600000000123828e+03
1.544800000000123873e+03
1.545000000000123919e+03
1.545200000000123964e+03
1.545400000000124010e+03
1.545600000000124055e+03
1.545800000000124101e+03
1.546000000000124146e+03
1.546200000000124192e+03
1.546400000000124237e+03
1.546600000000124282e+03
1.546800000000124328e+03
1.547000000000124373e+03
1.547200000000124419e+03
1.547400000000124464e+03
1.547600000000124510e+03
1.547800000000124555e+03
1.548000000000124601e+03
1.548200000000124646e+03
1.548400000000124692e+03
1.548600000000124737e+03
1.548800000000124783e+03
1.549000000000124828e+03
1.549200000000124874e+03
1.549400000000124919e+03
1.549600000000124965e+03
1.549800000000125010e+03
1.550000000000125056e+03
1.550200000000125101e+03
1.550400000000125146e+03
1.550600000000125192e+03
1.550800000000125237e+03
1.551000000000125283e+03
1.551200000000125328e+03
1.551400000000125374e+03
1.551600000000125419e+03
1.551800000000125465e+03
1.552000000000125510e+03
1.552200000000125556e+03
1.552400000000125601e+03
1.552600000000125647e+03
1.552800000000125692e+03
1.553000000000125738e+03
1.553200000000125783e+03
1.553400000000125829e+03
1.553600000000125874e+03
1.553800000000125920e+03
1.554000000000125965e+03
1.554200000000126010e+03
1.554400000000126056e+03
1.554600000000126101e+03
1.554800000000126147e+03
1.555000000000126192e+03
1.555200000000126238e+03
1.555400000000126283e+03
1.555600000000126329e+03
1.555800000000126374e+03
1.556000000000126420e+03
1.556200000000126465e+03
1.556400000000126511e+03
1.556600000000126556e+03
1.556800000000126602e+03
1.557000000000126647e+03
1.557200000000126693e+03
1.557400000000126738e+03
1.557600000000126784e+03
1.557800000000126829e+03
1.558000000000126875e+03
1.558200000000126920e+03
1.558400000000126965e+03
1.558600000000127011e+03
1.558800000000127056e+03
1.559000000000127102e+03
1.559200000000127147e+03
1.559400000000127193e+03
1.559600000000127238e+03
1.559800000000127284e+03
1.560000000000127329e+03
1.560200000000127375e+03
1.560400000000127420e+03
1.560600000000127466e+03
1.560800000000127511e+03
1.561000000000127557e+03
1.561200000000127602e+03
1.561400000000127648e+03
1.561600000000127693e+03
1.561800000000127739e+03
1.562000000000127784e+03
1.562200000000127829e+03
1.562400000000127875e+03
1.562600000000127920e+03
1.562800000000127966e+03
1.563000000000128011e+03
1.563200000000128057e+03
1.563400000000128102e+03
1.563600000000128148e+03
1.563800000000128193e+03
1.564000000000128239e+03
1.564200000000128284e+03
1.564400000000128330e+03
1.564600000000128375e+03
1.564800000000128421e+03
1.565000000000128466e+03
1.565200000000128512e+03
1.565400000000128557e+03
1.565600000000128603e+03
1.565800000000128648e+03
1.566000000000128694e+03
1.566200000000128739e+03
1.566400000000128784e+03
1.566600000000128830e+03
1.566800000000128875e+03
1.567000000000128921e+03
1.567200000000128966e+03
1.567400000000129012e+03
1.567600000000129057e+03
1.567800000000129103e+03
1.568000000000129148e+03
1.568200000000129194e+03
1.568400000000129239e+03
1.568600000000129285e+03
1.568800000000129330e+03
1.569000000000129376e+03
1.569200000000129421e+03
1.569400000000129467e+03
1.569600000000129512e+03
1.569800000000129558e+03
1.570000000000129603e+03
1.570200000000129648e+03
1.570400000000129694e+03
1.570600000000129739e+03
1.570800000000129785e+03
1.571000000000129830e+03
1.571200000000129876e+03
1.571400000000129921e+03
1.571600000000129967e+03
1.571800000000130012e+03
1.572000000000130058e+03
1.572200000000130103e+03
1.572400000000130149e+03
1.572600000000130194e+03
1.572800000000130240e+03
1.573000000000130285e+03
1.573200000000130331e+03
1.573400000000130376e+03
1.573600000000130422e+03
1.573800000000130467e+03
1.574000000000130512e+03
1.574200000000130558e+03
1.574400000000130603e+03
1.574600000000130649e+03
1.574800000000130694e+03
1.575000000000130740e+03
1.575200000000130785e+03
1.575400000000130831e+03
1.575600000000130876e+03
1.575800000000130922e+03
1.576000000000130967e+03
1.576200000000131013e+03
1.576400000000131058e+03
1.576600000000131104e+03
1.576800000000131149e+03
1.577000000000131195e+03
1.577200000000131240e+03
1.577400000000131286e+03
1.577600000000131331e+03
1.577800000000131377e+03
1.578000000000131422e+03
1.578200000000131467e+03
1.578400000000131513e+03
1.578600000000131558e+03
1.578800000000131604e+03
1.579000000000131649e+03
1.579200000000131695e+03
1.579400000000131740e+03
1.579600000000131786e+03
1.579800000000131831e+03
1.580000000000131877e+03
1.580200000000131922e+03
1.580400000000131968e+03
1.580600000000132013e+03
1.580800000000132059e+03
1.581000000000132104e+03
1.581200000000132150e+03
1.581400000000132195e+03
1.581600000000132241e+03
1.581800000000132286e+03
1.582000000000132331e+03
1.582200000000132377e+03
1.582400000000132422e+03
1.582600000000132468e+03
1.582800000000132513e+03
1.583000000000132559e+03
1.583200000000132604e+03
1.583400000000132650e+03
1.583600000000132695e+03
1.583800000000132741e+03
1.584000000000132786e+03
1.584200000000132832e+03
1.584400000000132877e+03
1.584600000000132923e+03
1.584800000000132968e+03
1.585000000000133014e+03
1.585200000000133059e+03
1.585400000000133105e+03
1.585600000000133150e+03
1.585800000000133195e+03
1.586000000000133241e+03
1.586200000000133286e+03
1.586400000000133332e+03
1.586600000000133377e+03
1.586800000000133423e+03
1.587000000000133468e+03
1.587200000000133514e+03
1.587400000000133559e+03
1.587600000000133605e+03
1.587800000000133650e+03
1.588000000000133696e+03
1.588200000000133741e+03
1.588400000000133787e+03
1.588600000000133832e+03
1.588800000000133878e+03
1.589000000000133923e+03
1.589200000000133969e+03
1.589400000000134014e+03
1.589600000000134060e+03
1.589800000000134105e+03
1.590000000000134150e+03
1.590200000000134196e+03
1.590400000000134241e+03
1.590600000000134287e+03
1.590800000000134332e+03
1.591000000000134378e+03
1.591200000000134423e+03
1.591400000000134469e+03
1.591600000000134514e+03
1.591800000000134560e+03
1.592000000000134605e+03
1.592200000000134651e+03
1.592400000000134696e+03
1.592600000000134742e+03
1.592800000000134787e+03
1.593000000000134833e+03
1.593200000000134878e+03
1.593400000000134924e+03
1.593600000000134969e+03
1.593800000000135014e+03
1.594000000000135060e+03
1.594200000000135105e+03
1.594400000000135151e+03
1.594600000000135196e+03
1.594800000000135242e+03
1.595000000000135287e+03
1.595200000000135333e+03
1.595400000000135378e+03
1.595600000000135424e+03
1.595800000000135469e+03
1.596000000000135515e+03
1.596200000000135560e+03
1.596400000000135606e+03
1.596600000000135651e+03
1.596800000000135697e+03
1.597000000000135742e+03
1.597200000000135788e+03
1.597400000000135833e+03
1.597600000000135879e+03
1.597800000000135924e+03
1.598000000000135969e+03
1.598200000000136015e+03
1.598400000000136060e+03
1.598600000000136106e+03
1.598800000000136151e+03
1.599000000000136197e+03
1.599200000000136242e+03
1.599400000000136288e+03
1.599600000000136333e+03
1.599800000000136379e+03
1.600000000000136424e+03
1.600200000000136470e+03
1.600400000000136515e+03
1.600600000000136561e+03
1.600800000000136606e+03
1.601000000000136652e+03
1.601200000000136697e+03
1.601400000000136743e+03
1.601600000000136788e+03
1.601800000000136833e+03
1.602000000000136879e+03
1.602200000000136924e+03
1.602400000000136970e+03
1.602600000000137015e+03
1.602800000000137061e+03
1.603000000000137106e+03
1.603200000000137152e+03
1.603400000000137197e+03
1.603600000000137243e+03
1.603800000000137288e+03
1.604000000000137334e+03
1.604200000000137379e+03
1.604400000000137425e+03
1.604600000000137470e+03
1.604800000000137516e+03
1.605000000000137561e+03
1.605200000000137607e+03
1.605400000000137652e+03
1.605600000000137697e+03
1.605800000000137743e+03
1.606000000000137788e+03
1.606200000000137834e+03
1.606400000000137879e+03
1.606600000000137925e+03
1.606800000000137970e+03
1.607000000000138016e+03
1.607200000000138061e+03
1.607400000000138107e+03
1.607600000000138152e+03
1.607800000000138198e+03
1.608000000000138243e+03
1.608200000000138289e+03
1.608400000000138334e+03
1.608600000000138380e+03
1.608800000000138425e+03
1.609000000000138471e+03
1.609200000000138516e+03
1.609400000000138562e+03
1.609600000000138607e+03
1.609800000000138652e+03
1.610000000000138698e+03
1.610200000000138743e+03
1.610400000000138789e+03
1.610600000000138834e+03
1.610800000000138880e+03
1.611000000000138925e+03
1.611200000000138971e+03
1.611400000000139016e+03
1.611600000000139062e+03
1.611800000000139107e+03
1.612000000000139153e+03
1.612200000000139198e+03
1.612400000000139244e+03
1.612600000000139289e+03
1.612800000000139335e+03
1.613000000000139380e+03
1.613200000000139426e+03
1.613400000000139471e+03
1.613600000000139516e+03
1.613800000000139562e+03
1.614000000000139607e+03
1.614200000000139653e+03
1.614400000000139698e+03
1.614600000000139744e+03
1.614800000000139789e+03
1.615000000000139835e+03
1.615200000000139880e+03
1.615400000000139926e+03
1.615600000000139971e+03
1.615800000000140017e+03
1.616000000000140062e+03
1.616200000000140108e+03
1.616400000000140153e+03
1.616600000000140199e+03
1.616800000000140244e+03
1.617000000000140290e+03
1.617200000000140335e+03
1.617400000000140381e+03
1.617600000000140426e+03
1.617800000000140471e+03
1.618000000000140517e+03
1.618200000000140562e+03
1.618400000000140608e+03
1.618600000000140653e+03
1.618800000000140699e+03
1.619000000000140744e+03
1.619200000000140790e+03
1.619400000000140835e+03
1.619600000000140881e+03
1.619800000000140926e+03
1.620000000000140972e+03
1.620200000000141017e+03
1.620400000000141063e+03
1.620600000000141108e+03
1.620800000000141154e+03
1.621000000000141199e+03
1.621200000000141245e+03
1.621400000000141290e+03
1.621600000000141335e+03
1.621800000000141381e+03
1.622000000000141426e+03
1.622200000000141472e+03
1.622400000000141517e+03
1.622600000000141563e+03
1.622800000000141608e+03
1.623000000000141654e+03
1.623200000000141699e+03
1.623400000000141745e+03
1.623600000000141790e+03
1.623800000000141836e+03
1.624000000000141881e+03
1.624200000000141927e+03
1.624400000000141972e+03
1.624600000000142018e+03
1.624800000000142063e+03
1.625000000000142109e+03
1.625200000000142154e+03
1.625400000000142199e+03
1.625600000000142245e+03
1.625800000000142290e+03
1.626000000000142336e+03
1.626200000000142381e+03
1.626400000000142427e+03
1.626600000000142472e+03
1.626800000000142518e+03
1.627000000000142563e+03
1.627200000000142609e+03
1.627400000000142654e+03
1.627600000000142700e+03
1.627800000000142745e+03
1.628000000000142791e+03
1.628200000000142836e+03
1.628400000000142882e+03
1.628600000000142927e+03
1.628800000000142973e+03
1.629000000000143018e+03
1.629200000000143064e+03
1.629400000000143109e+03
1.629600000000143154e+03
1.629800000000143200e+03
1.630000000000143245e+03
1.630200000000143291e+03
1.630400000000143336e+03
1.630600000000143382e+03
1.630800000000143427e+03
1.631000000000143473e+03
1.631200000000143518e+03
1.631400000000143564e+03
1.631600000000143609e+03
1.631800000000143655e+03
1.632000000000143700e+03
1.632200000000143746e+03
1.632400000000143791e+03
1.632600000000143837e+03
1.632800000000143882e+03
1.633000000000143928e+03
1.633200000000143973e+03
1.633400000000144018e+03
1.633600000000144064e+03
1.633800000000144109e+03
1.634000000000144155e+03
1.634200000000144200e+03
1.634400000000144246e+03
1.634600000000144291e+03
1.634800000000144337e+03
1.635000000000144382e+03
1.635200000000144428e+03
1.635400000000144473e+03
1.635600000000144519e+03
1.635800000000144564e+03
1.636000000000144610e+03
1.636200000000144655e+03
1.636400000000144701e+03
1.636600000000144746e+03
1.636800000000144792e+03
1.637000000000144837e+03
1.637200000000144883e+03
1.637400000000144928e+03
1.637600000000144973e+03
1.637800000000145019e+03
1.638000000000145064e+03
1.638200000000145110e+03
1.638400000000145155e+03
1.638600000000145201e+03
1.638800000000145246e+03
1.639000000000145292e+03
1.639200000000145337e+03
1.639400000000145383e+03
1.639600000000145428e+03
1.639800000000145474e+03
1.640000000000145519e+03
1.640200000000145565e+03
1.640400000000145610e+03
1.640600000000145656e+03
1.640800000000145701e+03
1.641000000000145747e+03
1.641200000000145792e+03
1.641400000000145837e+03
1.641600000000145883e+03
1.641800000000145928e+03
1.642000000000145974e+03
1.642200000000146019e+03
1.642400000000146065e+03
1.642600000000146110e+03
1.642800000000146156e+03
1.643000000000146201e+03
1.643200000000146247e+03
1.643400000000146292e+03
1.643600000000146338e+03
1.643800000000146383e+03
1.644000000000146429e+03
1.644200000000146474e+03
1.644400000000146520e+03
1.644600000000146565e+03
1.644800000000146611e+03
1.645000000000146656e+03
1.645200000000146701e+03
1.645400000000146747e+03
1.645600000000146792e+03
1.645800000000146838e+03
1.646000000000146883e+03
1.646200000000146929e+03
1.646400000000146974e+03
1.646600000000147020e+03
1.646800000000147065e+03
1.647000000000147111e+03
1.647200000000147156e+03
1.647400000000147202e+03
1.647600000000147247e+03
1.647800000000147293e+03
1.648000000000147338e+03
1.648200000000147384e+03
1.648400000000147429e+03
1.648600000000147475e+03
1.648800000000147520e+03
1.649000000000147566e+03
1.649200000000147611e+03
1.649400000000147656e+03
1.649600000000147702e+03
1.649800000000147747e+03
1.650000000000147793e+03
1.650200000000147838e+03
1.650400000000147884e+03
1.650600000000147929e+03
1.650800000000147975e+03
1.651000000000148020e+03
1.651200000000148066e+03
1.651400000000148111e+03
1.651600000000148157e+03
1.651800000000148202e+03
1.652000000000148248e+03
1.652200000000148293e+03
1.652400000000148339e+03
1.652600000000148384e+03
1.652800000000148430e+03
1.653000000000148475e+03
1.653200000000148520e+03
1.653400000000148566e+03
1.653600000000148611e+03
1.653800000000148657e+03
1.654000000000148702e+03
1.654200000000148748e+03
1.654400000000148793e+03
1.654600000000148839e+03
1.654800000000148884e+03
1.655000000000148930e+03
1.655200000000148975e+03
1.655400000000149021e+03
1.655600000000149066e+03
1.655800000000149112e+03
1.656000000000149157e+03
1.656200000000149203e+03
1.656400000000149248e+03
1.656600000000149294e+03
1.656800000000149339e+03
1.657000000000149385e+03
1.657200000000149430e+03
1.657400000000149475e+03
1.657600000000149521e+03
1.657800000000149566e+03
1.658000000000149612e+03
1.658200000000149657e+03
1.658400000000149703e+03
1.658600000000149748e+03
1.658800000000149794e+03
1.659000000000149839e+03
1.659200000000149885e+03
1.659400000000149930e+03
1.659600000000149976e+03
1.659800000000150021e+03
1.660000000000150067e+03
1.660200000000150112e+03
1.660400000000150158e+03
1.660600000000150203e+03
1.660800000000150249e+03
1.661000000000150294e+03
1.661200000000150339e+03
1.661400000000150385e+03
1.661600000000150430e+03
1.661800000000150476e+03
1.662000000000150521e+03
1.662200000000150567e+03
1.662400000000150612e+03
1.662600000000150658e+03
1.662800000000150703e+03
1.663000000000150749e+03
1.663200000000150794e+03
1.663400000000150840e+03
1.663600000000150885e+03
1.663800000000150931e+03
1.664000000000150976e+03
1.664200000000151022e+03
1.664400000000151067e+03
1.664600000000151113e+03
1.664800000000151158e+03
1.665000000000151203e+03
1.665200000000151249e+03
1.665400000000151294e+03
1.665600000000151340e+03
1.665800000000151385e+03
1.666000000000151431e+03
1.666200000000151476e+03
1.666400000000151522e+03
1.666600000000151567e+03
1.666800000000151613e+03
1.667000000000151658e+03
1.667200000000151704e+03
1.667400000000151749e+03
1.667600000000151795e+03
1.667800000000151840e+03
1.668000000000151886e+03
1.668200000000151931e+03
1.668400000000151977e+03
1.668600000000152022e+03
1.668800000000152068e+03
1.669000000000152113e+03
1.669200000000152158e+03
1.669400000000152204e+03
1.669600000000152249e+03
1.669800000000152295e+03
1.670000000000152340e+03
1.670200000000152386e+03
1.670400000000152431e+03
1.670600000000152477e+03
1.670800000000152522e+03
1.671000000000152568e+03
1.671200000000152613e+03
1.671400000000152659e+03
1.671600000000152704e+03
1.671800000000152750e+03
1.672000000000152795e+03
1.672200000000152841e+03
1.672400000000152886e+03
1.672600000000152932e+03
1.672800000000152977e+03
1.673000000000153022e+03
1.673200000000153068e+03
1.673400000000153113e+03
1.673600000000153159e+03
1.673800000000153204e+03
1.674000000000153250e+03
1.674200000000153295e+03
1.674400000000153341e+03
1.674600000000153386e+03
1.674800000000153432e+03
1.675000000000153477e+03
1.675200000000153523e+03
1.675400000000153568e+03
1.675600000000153614e+03
1.675800000000153659e+03
1.676000000000153705e+03
1.676200000000153750e+03
1.676400000000153796e+03
1.676600000000153841e+03
1.676800000000153887e+03
1.677000000000153932e+03
1.677200000000153977e+03
1.677400000000154023e+03
1.677600000000154068e+03
1.677800000000154114e+03
1.678000000000154159e+03
1.678200000000154205e+03
1.678400000000154250e+03
1.678600000000154296e+03
1.678800000000154341e+03
1.679000000000154387e+03
1.679200000000154432e+03
1.679400000000154478e+03
1.679600000000154523e+03
1.679800000000154569e+03
1.680000000000154614e+03
1.680200000000154660e+03
1.680400000000154705e+03
1.680600000000154751e+03
1.680800000000154796e+03
1.681000000000154841e+03
1.681200000000154887e+03
1.681400000000154932e+03
1.681600000000154978e+03
1.681800000000155023e+03
1.682000000000155069e+03
1.682200000000155114e+03
1.682400000000155160e+03
1.682600000000155205e+03
1.682800000000155251e+03
1.683000000000155296e+03
1.683200000000155342e+03
1.683400000000155387e+03
1.683600000000155433e+03
1.683800000000155478e+03
1.684000000000155524e+03
1.684200000000155569e+03
1.684400000000155615e+03
1.684600000000155660e+03
1.684800000000155705e+03
1.685000000000155751e+03
1.685200000000155796e+03
1.685400000000155842e+03
1.685600000000155887e+03
1.685800000000155933e+03
1.686000000000155978e+03
1.686200000000156024e+03
1.686400000000156069e+03
1.686600000000156115e+03
1.686800000000156160e+03
1.687000000000156206e+03
1.687200000000156251e+03
1.687400000000156297e+03
1.687600000000156342e+03
1.687800000000156388e+03
1.688000000000156433e+03
1.688200000000156479e+03
1.688400000000156524e+03
1.688600000000156570e+03
1.688800000000156615e+03
1.689000000000156660e+03
1.689200000000156706e+03
1.689400000000156751e+03
1.689600000000156797e+03
1.689800000000156842e+03
1.690000000000156888e+03
1.690200000000156933e+03
1.690400000000156979e+03
1.690600000000157024e+03
1.690800000000157070e+03
1.691000000000157115e+03
1.691200000000157161e+03
1.691400000000157206e+03
1.691600000000157252e+03
1.691800000000157297e+03
1.692000000000157343e+03
1.692200000000157388e+03
1.692400000000157434e+03
1.692600000000157479e+03
1.692800000000157524e+03
1.693000000000157570e+03
1.693200000000157615e+03
1.693400000000157661e+03
1.693600000000157706e+03
1.693800000000157752e+03
1.694000000000157797e+03
1.694200000000157843e+03
1.694400000000157888e+03
1.694600000000157934e+03
1.694800000000157979e+03
1.695000000000158025e+03
1.695200000000158070e+03
1.695400000000158116e+03
1.695600000000158161e+03
1.695800000000158207e+03
1.696000000000158252e+03
1.696200000000158298e+03
1.696400000000158343e+03
1.696600000000158389e+03
1.696800000000158434e+03
1.697000000000158479e+03
1.697200000000158525e+03
1.697400000000158570e+03
1.697600000000158616e+03
1.697800000000158661e+03
1.698000000000158707e+03
1.698200000000158752e+03
1.698400000000158798e+03
1.698600000000158843e+03
1.698800000000158889e+03
1.699000000000158934e+03
1.699200000000158980e+03
1.699400000000159025e+03
1.699600000000159071e+03
1.699800000000159116e+03
1.700000000000159162e+03
1.700200000000159207e+03
1.700400000000159253e+03
1.700600000000159298e+03
1.700800000000159343e+03
1.701000000000159389e+03
1.701200000000159434e+03
1.701400000000159480e+03
1.701600000000159525e+03
1.701800000000159571e+03
1.702000000000159616e+03
1.702200000000159662e+03
1.702400000000159707e+03
1.702600000000159753e+03
1.702800000000159798e+03
1.703000000000159844e+03
1.703200000000159889e+03
1.703400000000159935e+03
1.703600000000159980e+03
1.703800000000160026e+03
1.704000000000160071e+03
1.704200000000160117e+03
1.704400000000160162e+03
1.704600000000160207e+03
1.704800000000160253e+03
1.705000000000160298e+03
1.705200000000160344e+03
1.705400000000160389e+03
1.705600000000160435e+03
1.705800000000160480e+03
1.706000000000160526e+03
1.706200000000160571e+03
1.706400000000160617e+03
1.706600000000160662e+03
1.706800000000160708e+03
1.707000000000160753e+03
1.707200000000160799e+03
1.707400000000160844e+03
1.707600000000160890e+03
1.707800000000160935e+03
1.708000000000160981e+03
1.708200000000161026e+03
1.708400000000161072e+03
1.708600000000161117e+03
1.708800000000161162e+03
1.709000000000161208e+03
1.709200000000161253e+03
1.709400000000161299e+03
1.709600000000161344e+03
1.709800000000161390e+03
1.710000000000161435e+03
1.710200000000161481e+03
1.710400000000161526e+03
1.710600000000161572e+03
1.710800000000161617e+03
1.711000000000161663e+03
1.711200000000161708e+03
1.711400000000161754e+03
1.711600000000161799e+03
1.711800000000161845e+03
1.712000000000161890e+03
1.712200000000161936e+03
1.712400000000161981e+03
1.712600000000162026e+03
1.712800000000162072e+03
1.713000000000162117e+03
1.713200000000162163e+03
1.713400000000162208e+03
1.713600000000162254e+03
1.713800000000162299e+03
1.714000000000162345e+03
1.714200000000162390e+03
1.714400000000162436e+03
1.714600000000162481e+03
1.714800000000162527e+03
1.715000000000162572e+03
1.715200000000162618e+03
1.715400000000162663e+03
1.715600000000162709e+03
1.715800000000162754e+03
1.716000000000162800e+03
1.716200000000162845e+03
1.716400000000162891e+03
1.716600000000162936e+03
1.716800000000162981e+03
1.717000000000163027e+03
1.717200000000163072e+03
1.717400000000163118e+03
1.717600000000163163e+03
1.717800000000163209e+03
1.718000000000163254e+03
1.718200000000163300e+03
1.718400000000163345e+03
1.718600000000163391e+03
1.718800000000163436e+03
1.719000000000163482e+03
1.719200000000163527e+03
1.719400000000163573e+03
1.719600000000163618e+03
1.719800000000163664e+03
1.720000000000163709e+03
1.720200000000163755e+03
1.720400000000163800e+03
1.720600000000163845e+03
1.720800000000163891e+03
1.721000000000163936e+03
1.721200000000163982e+03
1.721400000000164027e+03
1.721600000000164073e+03
1.721800000000164118e+03
1.722000000000164164e+03
1.722200000000164209e+03
1.722400000000164255e+03
1.722600000000164300e+03
1.722800000000164346e+03
1.723000000000164391e+03
1.723200000000164437e+03
1.723400000000164482e+03
1.723600000000164528e+03
1.723800000000164573e+03
1.724000000000164619e+03
1.724200000000164664e+03
1.724400000000164709e+03
1.724600000000164755e+03
1.724800000000164800e+03
1.725000000000164846e+03
1.725200000000164891e+03
1.725400000000164937e+03
1.725600000000164982e+03
1.725800000000165028e+03
1.726000000000165073e+03
1.726200000000165119e+03
1.726400000000165164e+03
1.726600000000165210e+03
1.726800000000165255e+03
1.727000000000165301e+03
1.727200000000165346e+03
1.727400000000165392e+03
1.727600000000165437e+03
1.727800000000165483e+03
1.728000000000165528e+03
1.728200000000165574e+03
1.728400000000165619e+03
1.728600000000165664e+03
1.728800000000165710e+03
1.729000000000165755e+03
1.729200000000165801e+03
1.729400000000165846e+03
1.729600000000165892e+03
1.729800000000165937e+03
1.730000000000165983e+03
1.730200000000166028e+03
1.730400000000166074e+03
1.730600000000166119e+03
1.730800000000166165e+03
1.731000000000166210e+03
1.731200000000166256e+03
1.731400000000166301e+03
1.731600000000166347e+03
1.731800000000166392e+03
1.732000000000166438e+03
1.732200000000166483e+03
1.732400000000166528e+03
1.732600000000166574e+03
1.732800000000166619e+03
1.733000000000166665e+03
1.733200000000166710e+03
1.733400000000166756e+03
1.733600000000166801e+03
1.733800000000166847e+03
1.734000000000166892e+03
1.734200000000166938e+03
1.734400000000166983e+03
1.734600000000167029e+03
1.734800000000167074e+03
1.735000000000167120e+03
1.735200000000167165e+03
1.735400000000167211e+03
1.735600000000167256e+03
1.735800000000167302e+03
1.736000000000167347e+03
1.736200000000167392e+03
1.736400000000167438e+03
1.736600000000167483e+03
1.736800000000167529e+03
1.737000000000167574e+03
1.737200000000167620e+03
1.737400000000167665e+03
1.737600000000167711e+03
1.737800000000167756e+03
1.738000000000167802e+03
1.738200000000167847e+03
1.738400000000167893e+03
1.738600000000167938e+03
1.738800000000167984e+03
1.739000000000168029e+03
1.739200000000168075e+03
1.739400000000168120e+03
1.739600000000168166e+03
1.739800000000168211e+03
1.740000000000168257e+03
1.740200000000168302e+03
1.740400000000168347e+03
1.740600000000168393e+03
1.740800000000168438e+03
1.741000000000168484e+03
1.741200000000168529e+03
1.741400000000168575e+03
1.741600000000168620e+03
1.741800000000168666e+03
1.742000000000168711e+03
1.742200000000168757e+03
1.742400000000168802e+03
1.742600000000168848e+03
1.742800000000168893e+03
1.743000000000168939e+03
1.743200000000168984e+03
1.743400000000169030e+03
1.743600000000169075e+03
1.743800000000169121e+03
1.744000000000169166e+03
1.744200000000169211e+03
1.744400000000169257e+03
1.744600000000169302e+03
1.744800000000169348e+03
1.745000000000169393e+03
1.745200000000169439e+03
1.745400000000169484e+03
1.745600000000169530e+03
1.745800000000169575e+03
1.746000000000169621e+03
1.746200000000169666e+03
1.746400000000169712e+03
1.746600000000169757e+03
1.746800000000169803e+03
1.747000000000169848e+03
1.747200000000169894e+03
1.747400000000169939e+03
1.747600000000169985e+03
1.747800000000170030e+03
1.748000000000170076e+03
1.748200000000170121e+03
1.748400000000170166e+03
1.748600000000170212e+03
1.748800000000170257e+03
1.749000000000170303e+03
1.749200000000170348e+03
1.749400000000170394e+03
1.749600000000170439e+03
1.749800000000170485e+03
1.750000000000170530e+03
1.750200000000170576e+03
1.750400000000170621e+03
1.750600000000170667e+03
1.750800000000170712e+03
1.751000000000170758e+03
1.751200000000170803e+03
1.751400000000170849e+03
1.751600000000170894e+03
1.751800000000170940e+03
1.752000000000170985e+03
1.752200000000171030e+03
1.752400000000171076e+03
1.752600000000171121e+03
1.752800000000171167e+03
1.753000000000171212e+03
1.753200000000171258e+03
1.753400000000171303e+03
1.753600000000171349e+03
1.753800000000171394e+03
1.754000000000171440e+03
1.754200000000171485e+03
1.754400000000171531e+03
1.754600000000171576e+03
1.754800000000171622e+03
1.755000000000171667e+03
1.755200000000171713e+03
1.755400000000171758e+03
1.755600000000171804e+03
1.755800000000171849e+03
1.756000000000171894e+03
1.756200000000171940e+03
1.756400000000171985e+03
1.756600000000172031e+03
1.756800000000172076e+03
1.757000000000172122e+03
1.757200000000172167e+03
1.757400000000172213e+03
1.757600000000172258e+03
1.757800000000172304e+03
1.758000000000172349e+03
1.758200000000172395e+03
1.758400000000172440e+03
1.758600000000172486e+03
1.758800000000172531e+03
1.759000000000172577e+03
1.759200000000172622e+03
1.759400000000172668e+03
1.759600000000172713e+03
1.759800000000172759e+03
1.760000000000172804e+03
1.760200000000172849e+03
1.760400000000172895e+03
1.760600000000172940e+03
1.760800000000172986e+03
1.761000000000173031e+03
1.761200000000173077e+03
1.761400000000173122e+03
1.761600000000173168e+03
1.761800000000173213e+03
1.762000000000173259e+03
1.762200000000173304e+03
1.762400000000173350e+03
1.762600000000173395e+03
1.762800000000173441e+03
1.763000000000173486e+03
1.763200000000173532e+03
1.763400000000173577e+03
1.763600000000173623e+03
1.763800000000173668e+03
1.764000000000173713e+03
1.764200000000173759e+03
1.764400000000173804e+03
1.764600000000173850e+03
1.764800000000173895e+03
1.765000000000173941e+03
1.765200000000173986e+03
1.765400000000174032e+03
1.765600000000174077e+03
1.765800000000174123e+03
1.766000000000174168e+03
1.766200000000174214e+03
1.766400000000174259e+03
1.766600000000174305e+03
1.766800000000174350e+03
1.767000000000174396e+03
1.767200000000174441e+03
1.767400000000174487e+03
1.767600000000174532e+03
1.767800000000174578e+03
1.768000000000174623e+03
1.768200000000174668e+03
1.768400000000174714e+03
1.768600000000174759e+03
1.768800000000174805e+03
1.769000000000174850e+03
1.769200000000174896e+03
1.769400000000174941e+03
1.769600000000174987e+03
1.769800000000175032e+03
1.770000000000175078e+03
1.770200000000175123e+03
1.770400000000175169e+03
1.770600000000175214e+03
1.770800000000175260e+03
1.771000000000175305e+03
1.771200000000175351e+03
1.771400000000175396e+03
1.771600000000175442e+03
1.771800000000175487e+03
1.772000000000175532e+03
1.772200000000175578e+03
1.772400000000175623e+03
1.772600000000175669e+03
1.772800000000175714e+03
1.773000000000175760e+03
1.773200000000175805e+03
1.773400000000175851e+03
1.773600000000175896e+03
1.773800000000175942e+03
1.774000000000175987e+03
1.774200000000176033e+03
1.774400000000176078e+03
1.774600000000176124e+03
1.774800000000176169e+03
1.775000000000176215e+03
1.775200000000176260e+03
1.775400000000176306e+03
1.775600000000176351e+03
1.775800000000176396e+03
1.776000000000176442e+03
1.776200000000176487e+03
1.776400000000176533e+03
1.776600000000176578e+03
1.776800000000176624e+03
1.777000000000176669e+03
1.777200000000176715e+03
1.777400000000176760e+03
1.777600000000176806e+03
1.777800000000176851e+03
1.778000000000176897e+03
1.778200000000176942e+03
1.778400000000176988e+03
1.778600000000177033e+03
1.778800000000177079e+03
1.779000000000177124e+03
1.779200000000177170e+03
1.779400000000177215e+03
1.779600000000177261e+03
1.779800000000177306e+03
1.780000000000177351e+03
1.780200000000177397e+03
1.780400000000177442e+03
1.780600000000177488e+03
1.780800000000177533e+03
1.781000000000177579e+03
1.781200000000177624e+03
1.781400000000177670e+03
1.781600000000177715e+03
1.781800000000177761e+03
1.782000000000177806e+03
1.782200000000177852e+03
1.782400000000177897e+03
1.782600000000177943e+03
1.782800000000177988e+03
1.783000000000178034e+03
1.783200000000178079e+03
1.783400000000178125e+03
1.783600000000178170e+03
1.783800000000178215e+03
1.784000000000178261e+03
1.784200000000178306e+03
1.784400000000178352e+03
1.784600000000178397e+03
1.784800000000178443e+03
1.785000000000178488e+03
1.785200000000178534e+03
1.785400000000178579e+03
1.785600000000178625e+03
1.785800000000178670e+03
1.786000000000178716e+03
1.786200000000178761e+03
1.786400000000178807e+03
1.786600000000178852e+03
1.786800000000178898e+03
1.787000000000178943e+03
1.787200000000178989e+03
1.787400000000179034e+03
1.787600000000179080e+03
1.787800000000179125e+03
1.788000000000179170e+03
1.788200000000179216e+03
1.788400000000179261e+03
1.788600000000179307e+03
1.788800000000179352e+03
1.789000000000179398e+03
1.789200000000179443e+03
1.789400000000179489e+03
1.789600000000179534e+03
1.789800000000179580e+03
1.790000000000179625e+03
1.790200000000179671e+03
1.790400000000179716e+03
1.790600000000179762e+03
1.790800000000179807e+03
1.791000000000179853e+03
1.791200000000179898e+03
1.791400000000179944e+03
1.791600000000179989e+03
1.791800000000180034e+03
1.792000000000180080e+03
1.792200000000180125e+03
1.792400000000180171e+03
1.792600000000180216e+03
1.792800000000180262e+03
1.793000000000180307e+03
1.793200000000180353e+03
1.793400000000180398e+03
1.793600000000180444e+03
1.793800000000180489e+03
1.794000000000180535e+03
1.794200000000180580e+03
1.794400000000180626e+03
1.794600000000180671e+03
1.794800000000180717e+03
1.795000000000180762e+03
1.795200000000180808e+03
1.795400000000180853e+03
1.795600000000180898e+03
1.795800000000180944e+03
1.796000000000180989e+03
1.796200000000181035e+03
1.796400000000181080e+03
1.796600000000181126e+03
1.796800000000181171e+03
1.797000000000181217e+03
1.797200000000181262e+03
1.797400000000181308e+03
1.797600000000181353e+03
1.797800000000181399e+03
1.798000000000181444e+03
1.798200000000181490e+03
1.798400000000181535e+03
1.798600000000181581e+03
1.798800000000181626e+03
1.799000000000181672e+03
1.799200000000181717e+03
1.799400000000181763e+03
1.799600000000181808e+03
1.799800000000181853e+03
1.800000000000181899e+03
1.800200000000181944e+03
1.800400000000181990e+03
1.800600000000182035e+03
1.800800000000182081e+03
1.801000000000182126e+03
1.801200000000182172e+03
1.801400000000182217e+03
1.801600000000182263e+03
1.801800000000182308e+03
1.802000000000182354e+03
1.802200000000182399e+03
1.802400000000182445e+03
1.802600000000182490e+03
1.802800000000182536e+03
1.803000000000182581e+03
1.803200000000182627e+03
1.803400000000182672e+03
1.803600000000182717e+03
1.803800000000182763e+03
1.804000000000182808e+03
1.804200000000182854e+03
1.804400000000182899e+03
1.804600000000182945e+03
1.804800000000182990e+03
1.805000000000183036e+03
1.805200000000183081e+03
1.805400000000183127e+03
1.805600000000183172e+03
1.805800000000183218e+03
1.806000000000183263e+03
1.806200000000183309e+03
1.806400000000183354e+03
1.806600000000183400e+03
1.806800000000183445e+03
1.807000000000183491e+03
1.807200000000183536e+03
1.807400000000183582e+03
1.807600000000183627e+03
1.807800000000183672e+03
1.808000000000183718e+03
1.808200000000183763e+03
1.808400000000183809e+03
1.808600000000183854e+03
1.808800000000183900e+03
1.809000000000183945e+03
1.809200000000183991e+03
1.809400000000184036e+03
1.809600000000184082e+03
1.809800000000184127e+03
1.810000000000184173e+03
1.810200000000184218e+03
1.810400000000184264e+03
1.810600000000184309e+03
1.810800000000184355e+03
1.811000000000184400e+03
1.811200000000184446e+03
1.811400000000184491e+03
1.811600000000184536e+03
1.811800000000184582e+03
1.812000000000184627e+03
1.812200000000184673e+03
1.812400000000184718e+03
1.812600000000184764e+03
1.812800000000184809e+03
1.813000000000184855e+03
1.813200000000184900e+03
1.813400000000184946e+03
1.813600000000184991e+03
1.813800000000185037e+03
1.814000000000185082e+03
1.814200000000185128e+03
1.814400000000185173e+03
1.814600000000185219e+03
1.814800000000185264e+03
1.815000000000185310e+03
1.815200000000185355e+03
1.815400000000185400e+03
1.815600000000185446e+03
1.815800000000185491e+03
1.816000000000185537e+03
1.816200000000185582e+03
1.816400000000185628e+03
1.816600000000185673e+03
1.816800000000185719e+03
1.817000000000185764e+03
1.817200000000185810e+03
1.817400000000185855e+03
1.817600000000185901e+03
1.817800000000185946e+03
1.818000000000185992e+03
1.818200000000186037e+03
1.818400000000186083e+03
1.818600000000186128e+03
1.818800000000186174e+03
1.819000000000186219e+03
1.819200000000186265e+03
1.819400000000186310e+03
1.819600000000186355e+03
1.819800000000186401e+03
1.820000000000186446e+03
1.820200000000186492e+03
1.820400000000186537e+03
1.820600000000186583e+03
1.820800000000186628e+03
1.821000000000186674e+03
1.821200000000186719e+03
1.821400000000186765e+03
1.821600000000186810e+03
1.821800000000186856e+03
1.822000000000186901e+03
1.822200000000186947e+03
1.822400000000186992e+03
1.822600000000187038e+03
1.822800000000187083e+03
1.823000000000187129e+03
1.823200000000187174e+03
1.823400000000187219e+03
1.823600000000187265e+03
1.823800000000187310e+03
1.824000000000187356e+03
1.824200000000187401e+03
1.824400000000187447e+03
1.824600000000187492e+03
1.824800000000187538e+03
1.825000000000187583e+03
1.825200000000187629e+03
1.825400000000187674e+03
1.825600000000187720e+03
1.825800000000187765e+03
1.826000000000187811e+03
1.826200000000187856e+03
1.826400000000187902e+03
1.826600000000187947e+03
1.826800000000187993e+03
1.827000000000188038e+03
1.827200000000188084e+03
1.827400000000188129e+03
1.827600000000188174e+03
1.827800000000188220e+03
1.828000000000188265e+03
1.828200000000188311e+03
1.828400000000188356e+03
1.828600000000188402e+03
1.828800000000188447e+03
1.829000000000188493e+03
1.829200000000188538e+03
1.829400000000188584e+03
1.829600000000188629e+03
1.829800000000188675e+03
1.830000000000188720e+03
1.830200000000188766e+03
1.830400000000188811e+03
1.830600000000188857e+03
1.830800000000188902e+03
1.831000000000188948e+03
1.831200000000188993e+03
1.831400000000189038e+03
1.831600000000189084e+03
1.831800000000189129e+03
1.832000000000189175e+03
1.832200000000189220e+03
1.832400000000189266e+03
1.832600000000189311e+03
1.832800000000189357e+03
1.833000000000189402e+03
1.833200000000189448e+03
1.833400000000189493e+03
1.833600000000189539e+03
1.833800000000189584e+03
1.834000000000189630e+03
1.834200000000189675e+03
1.834400000000189721e+03
1.834600000000189766e+03
1.834800000000189812e+03
1.835000000000189857e+03
1.835200000000189902e+03
1.835400000000189948e+03
1.835600000000189993e+03
1.835800000000190039e+03
1.836000000000190084e+03
1.836200000000190130e+03
1.836400000000190175e+03
1.836600000000190221e+03
1.836800000000190266e+03
1.837000000000190312e+03
1.837200000000190357e+03
1.837400000000190403e+03
1.837600000000190448e+03
1.837800000000190494e+03
1.838000000000190539e+03
1.838200000000190585e+03
1.838400000000190630e+03
1.838600000000190676e+03
1.838800000000190721e+03
1.839000000000190767e+03
1.839200000000190812e+03
1.839400000000190857e+03
1.839600000000190903e+03
1.839800000000190948e+03
1.840000000000190994e+03
1.840200000000191039e+03
1.840400000000191085e+03
1.840600000000191130e+03
1.840800000000191176e+03
1.841000000000191221e+03
1.841200000000191267e+03
1.841400000000191312e+03
1.841600000000191358e+03
1.841800000000191403e+03
1.842000000000191449e+03
1.842200000000191494e+03
1.842400000000191540e+03
1.842600000000191585e+03
1.842800000000191631e+03
1.843000000000191676e+03
1.843200000000191721e+03
1.843400000000191767e+03
1.843600000000191812e+03
1.843800000000191858e+03
1.844000000000191903e+03
1.844200000000191949e+03
1.844400000000191994e+03
1.844600000000192040e+03
1.844800000000192085e+03
1.845000000000192131e+03
1.845200000000192176e+03
1.845400000000192222e+03
1.845600000000192267e+03
1.845800000000192313e+03
1.846000000000192358e+03
1.846200000000192404e+03
1.846400000000192449e+03
1.846600000000192495e+03
1.846800000000192540e+03
1.847000000000192586e+03
1.847200000000192631e+03
1.847400000000192676e+03
1.847600000000192722e+03
1.847800000000192767e+03
1.848000000000192813e+03
1.848200000000192858e+03
1.848400000000192904e+03
1.848600000000192949e+03
1.848800000000192995e+03
1.849000000000193040e+03
1.849200000000193086e+03
1.849400000000193131e+03
1.849600000000193177e+03
1.849800000000193222e+03
1.850000000000193268e+03
1.850200000000193313e+03
1.850400000000193359e+03
1.850600000000193404e+03
1.850800000000193450e+03
1.851000000000193495e+03
1.851200000000193540e+03
1.851400000000193586e+03
1.851600000000193631e+03
1.851800000000193677e+03
1.852000000000193722e+03
1.852200000000193768e+03
1.852400000000193813e+03
1.852600000000193859e+03
1.852800000000193904e+03
1.853000000000193950e+03
1.853200000000193995e+03
1.853400000000194041e+03
1.853600000000194086e+03
1.853800000000194132e+03
1.854000000000194177e+03
1.854200000000194223e+03
1.854400000000194268e+03
1.854600000000194314e+03
1.854800000000194359e+03
1.855000000000194404e+03
1.855200000000194450e+03
1.855400000000194495e+03
1.855600000000194541e+03
1.855800000000194586e+03
1.856000000000194632e+03
1.856200000000194677e+03
1.856400000000194723e+03
1.856600000000194768e+03
1.856800000000194814e+03
1.857000000000194859e+03
1.857200000000194905e+03
1.857400000000194950e+03
1.857600000000194996e+03
1.857800000000195041e+03
1.858000000000195087e+03
1.858200000000195132e+03
1.858400000000195178e+03
1.858600000000195223e+03
1.858800000000195269e+03
1.859000000000195314e+03
1.859200000000195359e+03
1.859400000000195405e+03
1.859600000000195450e+03
1.859800000000195496e+03
1.860000000000195541e+03
1.860200000000195587e+03
1.860400000000195632e+03
1.860600000000195678e+03
1.860800000000195723e+03
1.861000000000195769e+03
1.861200000000195814e+03
1.861400000000195860e+03
1.861600000000195905e+03
1.861800000000195951e+03
1.862000000000195996e+03
1.862200000000196042e+03
1.862400000000196087e+03
1.862600000000196133e+03
1.862800000000196178e+03
1.863000000000196223e+03
1.863200000000196269e+03
1.863400000000196314e+03
1.863600000000196360e+03
1.863800000000196405e+03
1.864000000000196451e+03
1.864200000000196496e+03
1.864400000000196542e+03
1.864600000000196587e+03
1.864800000000196633e+03
1.865000000000196678e+03
1.865200000000196724e+03
1.865400000000196769e+03
1.865600000000196815e+03
1.865800000000196860e+03
1.866000000000196906e+03
1.866200000000196951e+03
1.866400000000196997e+03
1.866600000000197042e+03
1.866800000000197088e+03
1.867000000000197133e+03
1.867200000000197178e+03
1.867400000000197224e+03
1.867600000000197269e+03
1.867800000000197315e+03
1.868000000000197360e+03
1.868200000000197406e+03
1.868400000000197451e+03
1.868600000000197497e+03
1.868800000000197542e+03
1.869000000000197588e+03
1.869200000000197633e+03
1.869400000000197679e+03
1.869600000000197724e+03
1.869800000000197770e+03
1.870000000000197815e+03
1.870200000000197861e+03
1.870400000000197906e+03
1.870600000000197952e+03
1.870800000000197997e+03
1.871000000000198042e+03
1.871200000000198088e+03
1.871400000000198133e+03
1.871600000000198179e+03
1.871800000000198224e+03
1.872000000000198270e+03
1.872200000000198315e+03
1.872400000000198361e+03
1.872600000000198406e+03
1.872800000000198452e+03
1.873000000000198497e+03
1.873200000000198543e+03
1.873400000000198588e+03
1.873600000000198634e+03
1.873800000000198679e+03
1.874000000000198725e+03
1.874200000000198770e+03
1.874400000000198816e+03
1.874600000000198861e+03
1.874800000000198906e+03
1.875000000000198952e+03
1.875200000000198997e+03
1.875400000000199043e+03
1.875600000000199088e+03
1.875800000000199134e+03
1.876000000000199179e+03
1.876200000000199225e+03
1.876400000000199270e+03
1.876600000000199316e+03
1.876800000000199361e+03
1.877000000000199407e+03
1.877200000000199452e+03
1.877400000000199498e+03
1.877600000000199543e+03
1.877800000000199589e+03
1.878000000000199634e+03
1.878200000000199680e+03
1.878400000000199725e+03
1.878600000000199771e+03
1.878800000000199816e+03
1.879000000000199861e+03
1.879200000000199907e+03
1.879400000000199952e+03
1.879600000000199998e+03
1.879800000000200043e+03
1.880000000000200089e+03
1.880200000000200134e+03
1.880400000000200180e+03
1.880600000000200225e+03
1.880800000000200271e+03
1.881000000000200316e+03
1.881200000000200362e+03
1.881400000000200407e+03
1.881600000000200453e+03
1.881800000000200498e+03
1.882000000000200544e+03
1.882200000000200589e+03
1.882400000000200635e+03
1.882600000000200680e+03
1.882800000000200725e+03
1.883000000000200771e+03
1.883200000000200816e+03
1.883400000000200862e+03
1.883600000000200907e+03
1.883800000000200953e+03
1.884000000000200998e+03
1.884200000000201044e+03
1.884400000000201089e+03
1.884600000000201135e+03
1.884800000000201180e+03
1.885000000000201226e+03
1.885200000000201271e+03
1.885400000000201317e+03
1.885600000000201362e+03
1.885800000000201408e+03
1.886000000000201453e+03
1.886200000000201499e+03
1.886400000000201544e+03
1.886600000000201590e+03
1.886800000000201635e+03
1.887000000000201680e+03
1.887200000000201726e+03
1.887400000000201771e+03
1.887600000000201817e+03
1.887800000000201862e+03
1.888000000000201908e+03
1.888200000000201953e+03
1.888400000000201999e+03
1.888600000000202044e+03
1.888800000000202090e+03
1.889000000000202135e+03
1.889200000000202181e+03
1.889400000000202226e+03
1.889600000000202272e+03
1.889800000000202317e+03
1.890000000000202363e+03
1.890200000000202408e+03
1.890400000000202454e+03
1.890600000000202499e+03
1.890800000000202544e+03
1.891000000000202590e+03
1.891200000000202635e+03
1.891400000000202681e+03
1.891600000000202726e+03
1.891800000000202772e+03
1.892000000000202817e+03
1.892200000000202863e+03
1.892400000000202908e+03
1.892600000000202954e+03
1.892800000000202999e+03
1.893000000000203045e+03
1.893200000000203090e+03
1.893400000000203136e+03
1.893600000000203181e+03
1.893800000000203227e+03
1.894000000000203272e+03
1.894200000000203318e+03
1.894400000000203363e+03
1.894600000000203408e+03
1.894800000000203454e+03
1.895000000000203499e+03
1.895200000000203545e+03
1.895400000000203590e+03
1.895600000000203636e+03
1.895800000000203681e+03
1.896000000000203727e+03
1.896200000000203772e+03
1.896400000000203818e+03
1.896600000000203863e+03
1.896800000000203909e+03
1.897000000000203954e+03
1.897200000000204000e+03
1.897400000000204045e+03
1.897600000000204091e+03
1.897800000000204136e+03
1.898000000000204182e+03
1.898200000000204227e+03
1.898400000000204273e+03
1.898600000000204318e+03
1.898800000000204363e+03
1.899000000000204409e+03
1.899200000000204454e+03
1.899400000000204500e+03
1.899600000000204545e+03
1.899800000000204591e+03
1.900000000000204636e+03
1.900200000000204682e+03
1.900400000000204727e+03
1.900600000000204773e+03
1.900800000000204818e+03
1.901000000000204864e+03
1.901200000000204909e+03
1.901400000000204955e+03
1.901600000000205000e+03
1.901800000000205046e+03
1.902000000000205091e+03
1.902200000000205137e+03
1.902400000000205182e+03
1.902600000000205227e+03
1.902800000000205273e+03
1.903000000000205318e+03
1.903200000000205364e+03
1.903400000000205409e+03
1.903600000000205455e+03
1.903800000000205500e+03
1.904000000000205546e+03
1.904200000000205591e+03
1.904400000000205637e+03
1.904600000000205682e+03
1.904800000000205728e+03
1.905000000000205773e+03
1.905200000000205819e+03
1.905400000000205864e+03
1.905600000000205910e+03
1.905800000000205955e+03
1.906000000000206001e+03
1.906200000000206046e+03
1.906400000000206091e+03
1.906600000000206137e+03
1.906800000000206182e+03
1.907000000000206228e+03
1.907200000000206273e+03
1.907400000000206319e+03
1.907600000000206364e+03
1.907800000000206410e+03
1.908000000000206455e+03
1.908200000000206501e+03
1.908400000000206546e+03
1.908600000000206592e+03
1.908800000000206637e+03
1.909000000000206683e+03
1.909200000000206728e+03
1.909400000000206774e+03
1.909600000000206819e+03
1.909800000000206865e+03
1.910000000000206910e+03
1.910200000000206956e+03
1.910400000000207001e+03
1.910600000000207046e+03
1.910800000000207092e+03
1.911000000000207137e+03
1.911200000000207183e+03
1.911400000000207228e+03
1.911600000000207274e+03
1.911800000000207319e+03
1.912000000000207365e+03
1.912200000000207410e+03
1.912400000000207456e+03
1.912600000000207501e+03
1.912800000000207547e+03
1.913000000000207592e+03
1.913200000000207638e+03
1.913400000000207683e+03
1.913600000000207729e+03
1.913800000000207774e+03
1.914000000000207820e+03
1.914200000000207865e+03
1.914400000000207910e+03
1.914600000000207956e+03
1.914800000000208001e+03
1.915000000000208047e+03
1.915200000000208092e+03
1.915400000000208138e+03
1.915600000000208183e+03
1.915800000000208229e+03
1.916000000000208274e+03
1.916200000000208320e+03
1.916400000000208365e+03
1.916600000000208411e+03
1.916800000000208456e+03
1.917000000000208502e+03
1.917200000000208547e+03
1.917400000000208593e+03
1.917600000000208638e+03
1.917800000000208684e+03
1.918000000000208729e+03
1.918200000000208775e+03
1.918400000000208820e+03
1.918600000000208865e+03
1.918800000000208911e+03
1.919000000000208956e+03
1.919200000000209002e+03
1.919400000000209047e+03
1.919600000000209093e+03
1.919800000000209138e+03
1.920000000000209184e+03
1.920200000000209229e+03
1.920400000000209275e+03
1.920600000000209320e+03
1.920800000000209366e+03
1.921000000000209411e+03
1.921200000000209457e+03
1.921400000000209502e+03
1.921600000000209548e+03
1.921800000000209593e+03
1.922000000000209639e+03
1.922200000000209684e+03
1.922400000000209729e+03
1.922600000000209775e+03
1.922800000000209820e+03
1.923000000000209866e+03
1.923200000000209911e+03
1.923400000000209957e+03
1.923600000000210002e+03
1.923800000000210048e+03
1.924000000000210093e+03
1.924200000000210139e+03
1.924400000000210184e+03
1.924600000000210230e+03
1.924800000000210275e+03
1.925000000000210321e+03
1.925200000000210366e+03
1.925400000000210412e+03
1.925600000000210457e+03
1.925800000000210503e+03
1.926000000000210548e+03
1.926200000000210593e+03
1.926400000000210639e+03
1.926600000000210684e+03
1.926800000000210730e+03
1.927000000000210775e+03
1.927200000000210821e+03
1.927400000000210866e+03
1.927600000000210912e+03
1.927800000000210957e+03
1.928000000000211003e+03
1.928200000000211048e+03
1.928400000000211094e+03
1.928600000000211139e+03
1.928800000000211185e+03
1.929000000000211230e+03
1.929200000000211276e+03
1.929400000000211321e+03
1.929600000000211367e+03
1.929800000000211412e+03
1.930000000000211458e+03
1.930200000000211503e+03
1.930400000000211548e+03
1.930600000000211594e+03
1.930800000000211639e+03
1.931000000000211685e+03
1.931200000000211730e+03
1.931400000000211776e+03
1.931600000000211821e+03
1.931800000000211867e+03
1.932000000000211912e+03
1.932200000000211958e+03
1.932400000000212003e+03
1.932600000000212049e+03
1.932800000000212094e+03
1.933000000000212140e+03
1.933200000000212185e+03
1.933400000000212231e+03
1.933600000000212276e+03
1.933800000000212322e+03
1.934000000000212367e+03
1.934200000000212412e+03
1.934400000000212458e+03
1.934600000000212503e+03
1.934800000000212549e+03
1.935000000000212594e+03
1.935200000000212640e+03
1.935400000000212685e+03
1.935600000000212731e+03
1.935800000000212776e+03
1.936000000000212822e+03
1.936200000000212867e+03
1.936400000000212913e+03
1.936600000000212958e+03
1.936800000000213004e+03
1.937000000000213049e+03
1.937200000000213095e+03
1.937400000000213140e+03
1.937600000000213186e+03
1.937800000000213231e+03
1.938000000000213277e+03
1.938200000000213322e+03
1.938400000000213367e+03
1.938600000000213413e+03
1.938800000000213458e+03
1.939000000000213504e+03
1.939200000000213549e+03
1.939400000000213595e+03
1.939600000000213640e+03
1.939800000000213686e+03
1.940000000000213731e+03
1.940200000000213777e+03
1.940400000000213822e+03
1.940600000000213868e+03
1.940800000000213913e+03
1.941000000000213959e+03
1.941200000000214004e+03
1.941400000000214050e+03
1.941600000000214095e+03
1.941800000000214141e+03
1.942000000000214186e+03
1.942200000000214231e+03
1.942400000000214277e+03
1.942600000000214322e+03
1.942800000000214368e+03
1.943000000000214413e+03
1.943200000000214459e+03
1.943400000000214504e+03
1.943600000000214550e+03
1.943800000000214595e+03
1.944000000000214641e+03
1.944200000000214686e+03
1.944400000000214732e+03
1.944600000000214777e+03
1.944800000000214823e+03
1.945000000000214868e+03
1.945200000000214914e+03
1.945400000000214959e+03
1.945600000000215005e+03
1.945800000000215050e+03
1.946000000000215095e+03
1.946200000000215141e+03
1.946400000000215186e+03
1.946600000000215232e+03
1.946800000000215277e+03
1.947000000000215323e+03
1.947200000000215368e+03
1.947400000000215414e+03
1.947600000000215459e+03
1.947800000000215505e+03
1.948000000000215550e+03
1.948200000000215596e+03
1.948400000000215641e+03
1.948600000000215687e+03
1.948800000000215732e+03
1.949000000000215778e+03
1.949200000000215823e+03
1.949400000000215869e+03
1.949600000000215914e+03
1.949800000000215960e+03
1.950000000000216005e+03
1.950200000000216050e+03
1.950400000000216096e+03
1.950600000000216141e+03
1.950800000000216187e+03
1.951000000000216232e+03
1.951200000000216278e+03
1.951400000000216323e+03
1.951600000000216369e+03
1.951800000000216414e+03
1.952000000000216460e+03
1.952200000000216505e+03
1.952400000000216551e+03
1.952600000000216596e+03
1.952800000000216642e+03
1.953000000000216687e+03
1.953200000000216733e+03
1.953400000000216778e+03
1.953600000000216824e+03
1.953800000000216869e+03
1.954000000000216914e+03
1.954200000000216960e+03
1.954400000000217005e+03
1.954600000000217051e+03
1.954800000000217096e+03
1.955000000000217142e+03
1.955200000000217187e+03
1.955400000000217233e+03
1.955600000000217278e+03
1.955800000000217324e+03
1.956000000000217369e+03
1.956200000000217415e+03
1.956400000000217460e+03
1.956600000000217506e+03
1.956800000000217551e+03
1.957000000000217597e+03
1.957200000000217642e+03
1.957400000000217688e+03
1.957600000000217733e+03
1.957800000000217779e+03
1.958000000000217824e+03
1.958200000000217869e+03
1.958400000000217915e+03
1.958600000000217960e+03
1.958800000000218006e+03
1.959000000000218051e+03
1.959200000000218097e+03
1.959400000000218142e+03
1.959600000000218188e+03
1.959800000000218233e+03
1.960000000000218279e+03
1.960200000000218324e+03
1.960400000000218370e+03
1.960600000000218415e+03
1.960800000000218461e+03
1.961000000000218506e+03
1.961200000000218552e+03
1.961400000000218597e+03
1.961600000000218643e+03
1.961800000000218688e+03
1.962000000000218733e+03
1.962200000000218779e+03
1.962400000000218824e+03
1.962600000000218870e+03
1.962800000000218915e+03
1.963000000000218961e+03
1.963200000000219006e+03
1.963400000000219052e+03
1.963600000000219097e+03
1.963800000000219143e+03
1.964000000000219188e+03
1.964200000000219234e+03
1.964400000000219279e+03
1.964600000000219325e+03
1.964800000000219370e+03
1.965000000000219416e+03
1.965200000000219461e+03
1.965400000000219507e+03
1.965600000000219552e+03
1.965800000000219597e+03
1.966000000000219643e+03
1.966200000000219688e+03
1.966400000000219734e+03
1.966600000000219779e+03
1.966800000000219825e+03
1.967000000000219870e+03
1.967200000000219916e+03
1.967400000000219961e+03
1.967600000000220007e+03
1.967800000000220052e+03
1.968000000000220098e+03
1.968200000000220143e+03
1.968400000000220189e+03
1.968600000000220234e+03
1.968800000000220280e+03
1.969000000000220325e+03
1.969200000000220371e+03
1.969400000000220416e+03
1.969600000000220462e+03
1.969800000000220507e+03
1.970000000000220552e+03
1.970200000000220598e+03
1.970400000000220643e+03
1.970600000000220689e+03
1.970800000000220734e+03
1.971000000000220780e+03
1.971200000000220825e+03
1.971400000000220871e+03
1.971600000000220916e+03
1.971800000000220962e+03
1.972000000000221007e+03
1.972200000000221053e+03
1.972400000000221098e+03
1.972600000000221144e+03
1.972800000000221189e+03
1.973000000000221235e+03
1.973200000000221280e+03
1.973400000000221326e+03
1.973600000000221371e+03
1.973800000000221416e+03
1.974000000000221462e+03
1.974200000000221507e+03
1.974400000000221553e+03
1.974600000000221598e+03
1.974800000000221644e+03
1.975000000000221689e+03
1.975200000000221735e+03
1.975400000000221780e+03
1.975600000000221826e+03
1.975800000000221871e+03
1.976000000000221917e+03
1.976200000000221962e+03
1.976400000000222008e+03
1.976600000000222053e+03
1.976800000000222099e+03
1.977000000000222144e+03
1.977200000000222190e+03
1.977400000000222235e+03
1.977600000000222281e+03
1.977800000000222326e+03
1.978000000000222371e+03
1.978200000000222417e+03
1.978400000000222462e+03
1.978600000000222508e+03
1.978800000000222553e+03
1.979000000000222599e+03
1.979200000000222644e+03
1.979400000000222690e+03
1.979600000000222735e+03
1.979800000000222781e+03
1.980000000000222826e+03
1.980200000000222872e+03
1.980400000000222917e+03
1.980600000000222963e+03
1.980800000000223008e+03
1.981000000000223054e+03
1.981200000000223099e+03
1.981400000000223145e+03
1.981600000000223190e+03
1.981800000000223235e+03
1.982000000000223281e+03
1.982200000000223326e+03
1.982400000000223372e+03
1.982600000000223417e+03
1.982800000000223463e+03
1.983000000000223508e+03
1.983200000000223554e+03
1.983400000000223599e+03
1.983600000000223645e+03
1.983800000000223690e+03
1.984000000000223736e+03
1.984200000000223781e+03
1.984400000000223827e+03
1.984600000000223872e+03
1.984800000000223918e+03
1.985000000000223963e+03
1.985200000000224009e+03
1.985400000000224054e+03
1.985600000000224099e+03
1.985800000000224145e+03
1.986000000000224190e+03
1.986200000000224236e+03
1.986400000000224281e+03
1.986600000000224327e+03
1.986800000000224372e+03
1.987000000000224418e+03
1.987200000000224463e+03
1.987400000000224509e+03
1.987600000000224554e+03
1.987800000000224600e+03
1.988000000000224645e+03
1.988200000000224691e+03
1.988400000000224736e+03
1.988600000000224782e+03
1.988800000000224827e+03
1.989000000000224873e+03
1.989200000000224918e+03
1.989400000000224964e+03
1.989600000000225009e+03
1.989800000000225054e+03
1.990000000000225100e+03
1.990200000000225145e+03
1.990400000000225191e+03
1.990600000000225236e+03
1.990800000000225282e+03
1.991000000000225327e+03
1.991200000000225373e+03
1.991400000000225418e+03
1.991600000000225464e+03
1.991800000000225509e+03
1.992000000000225555e+03
1.992200000000225600e+03
1.992400000000225646e+03
1.992600000000225691e+03
1.992800000000225737e+03
1.993000000000225782e+03
1.993200000000225828e+03
1.993400000000225873e+03
1.993600000000225918e+03
1.993800000000225964e+03
1.994000000000226009e+03
1.994200000000226055e+03
1.994400000000226100e+03
1.994600000000226146e+03
1.994800000000226191e+03
1.995000000000226237e+03
1.995200000000226282e+03
1.995400000000226328e+03
1.995600000000226373e+03
1.995800000000226419e+03
1.996000000000226464e+03
1.996200000000226510e+03
1.996400000000226555e+03
1.996600000000226601e+03
1.996800000000226646e+03
1.997000000000226692e+03
1.997200000000226737e+03
1.997400000000226783e+03
1.997600000000226828e+03
1.997800000000226873e+03
1.998000000000226919e+03
1.998200000000226964e+03
1.998400000000227010e+03
1.998600000000227055e+03
1.998800000000227101e+03
1.999000000000227146e+03
1.999200000000227192e+03
1.999400000000227237e+03
1.999600000000227283e+03
1.999800000000227328e+03
2.000000000000227374e+03
2.000200000000227419e+03
2.000400000000227465e+03
2.000600000000227510e+03
2.000800000000227556e+03
2.001000000000227601e+03
2.001200000000227647e+03
2.001400000000227692e+03
2.001600000000227737e+03
2.001800000000227783e+03
2.002000000000227828e+03
2.002200000000227874e+03
2.002400000000227919e+03
2.002600000000227965e+03
2.002800000000228010e+03
2.003000000000228056e+03
2.003200000000228101e+03
2.003400000000228147e+03
2.003600000000228192e+03
2.003800000000228238e+03
2.004000000000228283e+03
2.004200000000228329e+03
2.004400000000228374e+03
2.004600000000228420e+03
2.004800000000228465e+03
2.005000000000228511e+03
2.005200000000228556e+03
2.005400000000228601e+03
2.005600000000228647e+03
2.005800000000228692e+03
2.006000000000228738e+03
2.006200000000228783e+03
2.006400000000228829e+03
2.006600000000228874e+03
2.006800000000228920e+03
2.007000000000228965e+03
2.007200000000229011e+03
2.007400000000229056e+03
2.007600000000229102e+03
2.007800000000229147e+03
2.008000000000229193e+03
2.008200000000229238e+03
2.008400000000229284e+03
2.008600000000229329e+03
2.008800000000229375e+03
2.009000000000229420e+03
2.009200000000229466e+03
2.009400000000229511e+03
2.009600000000229556e+03
2.009800000000229602e+03
2.010000000000229647e+03
2.010200000000229693e+03
2.010400000000229738e+03
2.010600000000229784e+03
2.010800000000229829e+03
2.011000000000229875e+03
2.011200000000229920e+03
2.011400000000229966e+03
2.011600000000230011e+03
2.011800000000230057e+03
2.012000000000230102e+03
2.012200000000230148e+03
2.012400000000230193e+03
2.012600000000230239e+03
2.012800000000230284e+03
2.013000000000230330e+03
2.013200000000230375e+03
2.013400000000230420e+03
2.013600000000230466e+03
2.013800000000230511e+03
2.014000000000230557e+03
2.014200000000230602e+03
2.014400000000230648e+03
2.014600000000230693e+03
2.014800000000230739e+03
2.015000000000230784e+03
2.015200000000230830e+03
2.015400000000230875e+03
2.015600000000230921e+03
2.015800000000230966e+03
2.016000000000231012e+03
2.016200000000231057e+03
2.016400000000231103e+03
2.016600000000231148e+03
2.016800000000231194e+03
2.017000000000231239e+03
2.017200000000231285e+03
2.017400000000231330e+03
2.017600000000231375e+03
2.017800000000231421e+03
2.018000000000231466e+03
2.018200000000231512e+03
2.018400000000231557e+03
2.018600000000231603e+03
2.018800000000231648e+03
2.019000000000231694e+03
2.019200000000231739e+03
2.019400000000231785e+03
2.019600000000231830e+03
2.019800000000231876e+03
2.020000000000231921e+03
2.020200000000231967e+03
2.020400000000232012e+03
2.020600000000232058e+03
2.020800000000232103e+03
2.021000000000232149e+03
2.021200000000232194e+03
2.021400000000232239e+03
2.021600000000232285e+03
2.021800000000232330e+03
2.022000000000232376e+03
2.022200000000232421e+03
2.022400000000232467e+03
2.022600000000232512e+03
2.022800000000232558e+03
2.023000000000232603e+03
2.023200000000232649e+03
2.023400000000232694e+03
2.023600000000232740e+03
2.023800000000232785e+03
2.024000000000232831e+03
2.024200000000232876e+03
2.024400000000232922e+03
2.024600000000232967e+03
2.024800000000233013e+03
2.025000000000233058e+03
2.025200000000233103e+03
2.025400000000233149e+03
2.025600000000233194e+03
2.025800000000233240e+03
2.026000000000233285e+03
2.026200000000233331e+03
2.026400000000233376e+03
2.026600000000233422e+03
2.026800000000233467e+03
2.027000000000233513e+03
2.027200000000233558e+03
2.027400000000233604e+03
2.027600000000233649e+03
2.027800000000233695e+03
2.028000000000233740e+03
2.028200000000233786e+03
2.028400000000233831e+03
2.028600000000233877e+03
2.028800000000233922e+03
2.029000000000233968e+03
2.029200000000234013e+03
2.029400000000234058e+03
2.029600000000234104e+03
2.029800000000234149e+03
2.030000000000234195e+03
2.030200000000234240e+03
2.030400000000234286e+03
2.030600000000234331e+03
2.030800000000234377e+03
2.031000000000234422e+03
2.031200000000234468e+03
2.031400000000234513e+03
2.031600000000234559e+03
2.031800000000234604e+03
2.032000000000234650e+03
2.032200000000234695e+03
2.032400000000234741e+03
2.032600000000234786e+03
2.032800000000234832e+03
2.033000000000234877e+03
2.033200000000234922e+03
2.033400000000234968e+03
2.033600000000235013e+03
2.033800000000235059e+03
2.034000000000235104e+03
2.034200000000235150e+03
2.034400000000235195e+03
2.034600000000235241e+03
2.034800000000235286e+03
2.035000000000235332e+03
2.035200000000235377e+03
2.035400000000235423e+03
2.035600000000235468e+03
2.035800000000235514e+03
2.036000000000235559e+03
2.036200000000235605e+03
2.036400000000235650e+03
2.036600000000235696e+03
2.036800000000235741e+03
2.037000000000235787e+03
2.037200000000235832e+03
2.037400000000235877e+03
2.037600000000235923e+03
2.037800000000235968e+03
2.038000000000236014e+03
2.038200000000236059e+03
2.038400000000236105e+03
2.038600000000236150e+03
2.038800000000236196e+03
2.039000000000236241e+03
2.039200000000236287e+03
2.039400000000236332e+03
2.039600000000236378e+03
2.039800000000236423e+03
2.040000000000236469e+03
2.040200000000236514e+03
2.040400000000236560e+03
2.040600000000236605e+03
2.040800000000236651e+03
2.041000000000236696e+03
2.041200000000236741e+03
2.041400000000236787e+03
2.041600000000236832e+03
2.041800000000236878e+03
2.042000000000236923e+03
2.042200000000236969e+03
2.042400000000237014e+03
2.042600000000237060e+03
2.042800000000237105e+03
2.043000000000237151e+03
2.043200000000237196e+03
2.043400000000237242e+03
2.043600000000237287e+03
2.043800000000237333e+03
2.044000000000237378e+03
2.044200000000237424e+03
2.044400000000237469e+03
2.044600000000237515e+03
2.044800000000237560e+03
2.045000000000237605e+03
2.045200000000237651e+03
2.045400000000237696e+03
2.045600000000237742e+03
2.045800000000237787e+03
2.046000000000237833e+03
2.046200000000237878e+03
2.046400000000237924e+03
2.046600000000237969e+03
2.046800000000238015e+03
2.047000000000238060e+03
2.047200000000238106e+03
2.047400000000238151e+03
2.047600000000238197e+03
2.047800000000238242e+03
2.048000000000238288e+03
2.048200000000238106e+03
2.048400000000237924e+03
2.048600000000237742e+03
2.048800000000237560e+03
2.049000000000237378e+03
2.049200000000237196e+03
2.049400000000237014e+03
2.049600000000236832e+03
2.049800000000236651e+03
2.050000000000236469e+03
2.050200000000236287e+03
2.050400000000236105e+03
2.050600000000235923e+03
2.050800000000235741e+03
2.051000000000235559e+03
2.051200000000235377e+03
2.051400000000235195e+03
2.051600000000235013e+03
2.051800000000234832e+03
2.052000000000234650e+03
2.052200000000234468e+03
2.052400000000234286e+03
2.052600000000234104e+03
2.052800000000233922e+03
2.053000000000233740e+03
2.053200000000233558e+03
2.053400000000233376e+03
2.053600000000233194e+03
2.053800000000233013e+03
2.054000000000232831e+03
2.054200000000232649e+03
2.054400000000232467e+03
2.054600000000232285e+03
2.054800000000232103e+03
2.055000000000231921e+03
2.055200000000231739e+03
2.055400000000231557e+03
2.055600000000231375e+03
2.055800000000231194e+03
2.056000000000231012e+03
2.056200000000230830e+03
2.056400000000230648e+03
2.056600000000230466e+03
2.056800000000230284e+03
2.057000000000230102e+03
2.057200000000229920e+03
2.057400000000229738e+03
2.057600000000229556e+03
2.057800000000229375e+03
2.058000000000229193e+03
2.058200000000229011e+03
2.058400000000228829e+03
2.058600000000228647e+03
2.058800000000228465e+03
2.059000000000228283e+03
2.059200000000228101e+03
2.059400000000227919e+03
2.059600000000227737e+03
2.059800000000227556e+03
2.060000000000227374e+03
2.060200000000227192e+03
2.060400000000227010e+03
2.060600000000226828e+03
2.060800000000226646e+03
2.061000000000226464e+03
2.061200000000226282e+03
2.061400000000226100e+03
2.061600000000225918e+03
2.061800000000225737e+03
2.062000000000225555e+03
2.062200000000225373e+03
2.062400000000225191e+03
2.062600000000225009e+03
2.062800000000224827e+03
2.063000000000224645e+03
2.063200000000224463e+03
2.063400000000224281e+03
2.063600000000224099e+03
2.063800000000223918e+03
2.064000000000223736e+03
2.064200000000223554e+03
2.064400000000223372e+03
2.064600000000223190e+03
2.064800000000223008e+03
2.065000000000222826e+03
2.065200000000222644e+03
2.065400000000222462e+03
2.065600000000222281e+03
2.065800000000222099e+03
2.066000000000221917e+03
2.066200000000221735e+03
2.066400000000221553e+03
2.066600000000221371e+03
2.066800000000221189e+03
2.067000000000221007e+03
2.067200000000220825e+03
2.067400000000220643e+03
2.067600000000220462e+03
2.067800000000220280e+03
2.068000000000220098e+03
2.068200000000219916e+03
2.068400000000219734e+03
2.068600000000219552e+03
2.068800000000219370e+03
2.069000000000219188e+03
2.069200000000219006e+03
2.069400000000218824e+03
2.069600000000218643e+03
2.069800000000218461e+03
2.070000000000218279e+03
2.070200000000218097e+03
2.070400000000217915e+03
2.070600000000217733e+03
2.070800000000217551e+03
2.071000000000217369e+03
2.071200000000217187e+03
2.071400000000217005e+03
2.071600000000216824e+03
2.071800000000216642e+03
2.072000000000216460e+03
2.072200000000216278e+03
2.072400000000216096e+03
2.072600000000215914e+03
2.072800000000215732e+03
2.073000000000215550e+03
2.073200000000215368e+03
2.073400000000215186e+03
2.073600000000215005e+03
2.073800000000214823e+03
2.074000000000214641e+03
2.074200000000214459e+03
2.074400000000214277e+03
2.074600000000214095e+03
2.074800000000213913e+03
2.075000000000213731e+03
2.075200000000213549e+03
2.075400000000213367e+03
2.075600000000213186e+03
2.075800000000213004e+03
2.076000000000212822e+03
2.076200000000212640e+03
2.076400000000212458e+03
2.076600000000212276e+03
2.076800000000212094e+03
2.077000000000211912e+03
2.077200000000211730e+03
2.077400000000211548e+03
2.077600000000211367e+03
2.077800000000211185e+03
2.078000000000211003e+03
2.078200000000210821e+03
2.078400000000210639e+03
2.078600000000210457e+03
2.078800000000210275e+03
2.079000000000210093e+03
2.079200000000209911e+03
2.079400000000209729e+03
2.079600000000209548e+03
2.079800000000209366e+03
2.080000000000209184e+03
2.080200000000209002e+03
2.080400000000208820e+03
2.080600000000208638e+03
2.080800000000208456e+03
2.081000000000208274e+03
2.081200000000208092e+03
2.081400000000207910e+03
2.081600000000207729e+03
2.081800000000207547e+03
2.082000000000207365e+03
2.082200000000207183e+03
2.082400000000207001e+03
2.082600000000206819e+03
2.082800000000206637e+03
2.083000000000206455e+03
2.083200000000206273e+03
2.083400000000206091e+03
2.083600000000205910e+03
2.083800000000205728e+03
2.084000000000205546e+03
2.084200000000205364e+03
2.084400000000205182e+03
2.084600000000205000e+03
2.084800000000204818e+03
2.085000000000204636e+03
2.085200000000204454e+03
2.085400000000204273e+03
2.085600000000204091e+03
2.085800000000203909e+03
2.086000000000203727e+03
2.086200000000203545e+03
2.086400000000203363e+03
2.086600000000203181e+03
2.086800000000202999e+03
2.087000000000202817e+03
2.087200000000202635e+03
2.087400000000202454e+03
2.087600000000202272e+03
2.087800000000202090e+03
2.088000000000201908e+03
2.088200000000201726e+03
2.088400000000201544e+03
2.088600000000201362e+03
2.088800000000201180e+03
2.089000000000200998e+03
2.089200000000200816e+03
2.089400000000200635e+03
2.089600000000200453e+03
2.089800000000200271e+03
2.090000000000200089e+03
2.090200000000199907e+03
2.090400000000199725e+03
2.090600000000199543e+03
2.090800000000199361e+03
2.091000000000199179e+03
2.091200000000198997e+03
2.091400000000198816e+03
2.091600000000198634e+03
2.091800000000198452e+03
2.092000000000198270e+03
2.092200000000198088e+03
2.092400000000197906e+03
2.092600000000197724e+03
2.092800000000197542e+03
2.093000000000197360e+03
2.093200000000197178e+03
2.093400000000196997e+03
2.093600000000196815e+03
2.093800000000196633e+03
2.094000000000196451e+03
2.094200000000196269e+03
2.094400000000196087e+03
2.094600000000195905e+03
2.094800000000195723e+03
2.095000000000195541e+03
2.095200000000195359e+03
2.095400000000195178e+03
2.095600000000194996e+03
2.095800000000194814e+03
2.096000000000194632e+03
2.096200000000194450e+03
2.096400000000194268e+03
2.096600000000194086e+03
2.096800000000193904e+03
2.097000000000193722e+03
2.097200000000193540e+03
2.097400000000193359e+03
2.097600000000193177e+03
2.097800000000192995e+03
2.098000000000192813e+03
2.098200000000192631e+03
2.098400000000192449e+03
2.098600000000192267e+03
2.098800000000192085e+03
2.099000000000191903e+03
2.099200000000191721e+03
2.099400000000191540e+03
2.099600000000191358e+03
2.099800000000191176e+03
2.100000000000190994e+03
2.100200000000190812e+03
2.100400000000190630e+03
2.100600000000190448e+03
2.100800000000190266e+03
2.101000000000190084e+03
2.101200000000189902e+03
2.101400000000189721e+03
2.101600000000189539e+03
2.101800000000189357e+03
2.102000000000189175e+03
2.102200000000188993e+03
2.102400000000188811e+03
2.102600000000188629e+03
2.102800000000188447e+03
2.103000000000188265e+03
2.103200000000188084e+03
2.103400000000187902e+03
2.103600000000187720e+03
2.103800000000187538e+03
2.104000000000187356e+03
2.104200000000187174e+03
2.104400000000186992e+03
2.104600000000186810e+03
2.104800000000186628e+03
2.105000000000186446e+03
2.105200000000186265e+03
2.105400000000186083e+03
2.105600000000185901e+03
2.105800000000185719e+03
2.106000000000185537e+03
2.106200000000185355e+03
2.106400000000185173e+03
2.106600000000184991e+03
2.106800000000184809e+03
2.107000000000184627e+03
2.107200000000184446e+03
2.107400000000184264e+03
2.107600000000184082e+03
2.107800000000183900e+03
2.108000000000183718e+03
2.108200000000183536e+03
2.108400000000183354e+03
2.108600000000183172e+03
2.108800000000182990e+03
2.109000000000182808e+03
2.109200000000182627e+03
2.109400000000182445e+03
2.109600000000182263e+03
2.109800000000182081e+03
2.110000000000181899e+03
2.110200000000181717e+03
2.110400000000181535e+03
2.110600000000181353e+03
2.110800000000181171e+03
2.111000000000180989e+03
2.111200000000180808e+03
2.111400000000180626e+03
2.111600000000180444e+03
2.111800000000180262e+03
2.112000000000180080e+03
2.112200000000179898e+03
2.112400000000179716e+03
2.112600000000179534e+03
2.112800000000179352e+03
2.113000000000179170e+03
2.113200000000178989e+03
2.113400000000178807e+03
2.113600000000178625e+03
2.113800000000178443e+03
2.114000000000178261e+03
2.114200000000178079e+03
2.114400000000177897e+03
2.114600000000177715e+03
2.114800000000177533e+03
2.115000000000177351e+03
2.115200000000177170e+03
2.115400000000176988e+03
2.115600000000176806e+03
2.115800000000176624e+03
2.116000000000176442e+03
2.116200000000176260e+03
2.116400000000176078e+03
2.116600000000175896e+03
2.116800000000175714e+03
2.117000000000175532e+03
2.117200000000175351e+03
2.117400000000175169e+03
2.117600000000174987e+03
2.117800000000174805e+03
2.118000000000174623e+03
2.118200000000174441e+03
2.118400000000174259e+03
2.118600000000174077e+03
2.118800000000173895e+03
2.119000000000173713e+03
2.119200000000173532e+03
2.119400000000173350e+03
2.119600000000173168e+03
2.119800000000172986e+03
2.120000000000172804e+03
2.120200000000172622e+03
2.120400000000172440e+03
2.120600000000172258e+03
2.120800000000172076e+03
2.121000000000171894e+03
2.121200000000171713e+03
2.121400000000171531e+03
2.121600000000171349e+03
2.121800000000171167e+03
2.122000000000170985e+03
2.122200000000170803e+03
2.122400000000170621e+03
2.122600000000170439e+03
2.122800000000170257e+03
2.123000000000170076e+03
2.123200000000169894e+03
2.123400000000169712e+03
2.123600000000169530e+03
2.123800000000169348e+03
2.124000000000169166e+03
2.124200000000168984e+03
2.124400000000168802e+03
2.124600000000168620e+03
2.124800000000168438e+03
2.125000000000168257e+03
2.125200000000168075e+03
2.125400000000167893e+03
2.125600000000167711e+03
2.125800000000167529e+03
2.126000000000167347e+03
2.126200000000167165e+03
2.126400000000166983e+03
2.126600000000166801e+03
2.126800000000166619e+03
2.127000000000166438e+03
2.127200000000166256e+03
2.127400000000166074e+03
2.127600000000165892e+03
2.127800000000165710e+03
2.128000000000165528e+03
2.128200000000165346e+03
2.128400000000165164e+03
2.128600000000164982e+03
2.128800000000164800e+03
2.129000000000164619e+03
2.129200000000164437e+03
2.129400000000164255e+03
2.129600000000164073e+03
2.129800000000163891e+03
2.130000000000163709e+03
2.130200000000163527e+03
2.130400000000163345e+03
2.130600000000163163e+03
2.130800000000162981e+03
2.131000000000162800e+03
2.131200000000162618e+03
2.131400000000162436e+03
2.131600000000162254e+03
2.131800000000162072e+03
2.132000000000161890e+03
2.132200000000161708e+03
2.132400000000161526e+03
2.132600000000161344e+03
2.132800000000161162e+03
2.133000000000160981e+03
2.133200000000160799e+03
2.133400000000160617e+03
2.133600000000160435e+03
2.133800000000160253e+03
2.134000000000160071e+03
2.134200000000159889e+03
2.134400000000159707e+03
2.134600000000159525e+03
2.134800000000159343e+03
2.135000000000159162e+03
2.135200000000158980e+03
2.135400000000158798e+03
2.135600000000158616e+03
2.135800000000158434e+03
2.136000000000158252e+03
2.136200000000158070e+03
2.136400000000157888e+03
2.136600000000157706e+03
2.136800000000157524e+03
2.137000000000157343e+03
2.137200000000157161e+03
2.137400000000156979e+03
2.137600000000156797e+03
2.137800000000156615e+03
2.138000000000156433e+03
2.138200000000156251e+03
2.138400000000156069e+03
2.138600000000155887e+03
2.138800000000155705e+03
2.139000000000155524e+03
2.139200000000155342e+03
2.139400000000155160e+03
2.139600000000154978e+03
2.139800000000154796e+03
2.140000000000154614e+03
2.140200000000154432e+03
2.140400000000154250e+03
2.140600000000154068e+03
2.140800000000153887e+03
2.141000000000153705e+03
2.141200000000153523e+03
2.141400000000153341e+03
2.141600000000153159e+03
2.141800000000152977e+03
2.142000000000152795e+03
2.142200000000152613e+03
2.142400000000152431e+03
2.142600000000152249e+03
2.142800000000152068e+03
2.143000000000151886e+03
2.143200000000151704e+03
2.143400000000151522e+03
2.143600000000151340e+03
2.143800000000151158e+03
2.144000000000150976e+03
2.144200000000150794e+03
2.144400000000150612e+03
2.144600000000150430e+03
2.144800000000150249e+03
2.145000000000150067e+03
2.145200000000149885e+03
2.145400000000149703e+03
2.145600000000149521e+03
2.145800000000149339e+03
2.146000000000149157e+03
2.146200000000148975e+03
2.146400000000148793e+03
2.146600000000148611e+03
2.146800000000148430e+03
2.147000000000148248e+03
2.147200000000148066e+03
2.147400000000147884e+03
2.147600000000147702e+03
2.147800000000147520e+03
2.148000000000147338e+03
2.148200000000147156e+03
2.148400000000146974e+03
2.148600000000146792e+03
2.148800000000146611e+03
2.149000000000146429e+03
2.149200000000146247e+03
2.149400000000146065e+03
2.149600000000145883e+03
2.149800000000145701e+03
2.150000000000145519e+03
2.150200000000145337e+03
2.150400000000145155e+03
2.150600000000144973e+03
2.150800000000144792e+03
2.151000000000144610e+03
2.151200000000144428e+03
2.151400000000144246e+03
2.151600000000144064e+03
2.151800000000143882e+03
2.152000000000143700e+03
2.152200000000143518e+03
2.152400000000143336e+03
2.152600000000143154e+03
2.152800000000142973e+03
2.153000000000142791e+03
2.153200000000142609e+03
2.153400000000142427e+03
2.153600000000142245e+03
2.153800000000142063e+03
2.154000000000141881e+03
2.154200000000141699e+03
2.154400000000141517e+03
2.154600000000141335e+03
2.154800000000141154e+03
2.155000000000140972e+03
2.155200000000140790e+03
2.155400000000140608e+03
2.155600000000140426e+03
2.155800000000140244e+03
2.156000000000140062e+03
2.156200000000139880e+03
2.156400000000139698e+03
2.156600000000139516e+03
2.156800000000139335e+03
2.157000000000139153e+03
2.157200000000138971e+03
2.157400000000138789e+03
2.157600000000138607e+03
2.157800000000138425e+03
2.158000000000138243e+03
2.158200000000138061e+03
2.158400000000137879e+03
2.158600000000137697e+03
2.158800000000137516e+03
2.159000000000137334e+03
2.159200000000137152e+03
2.159400000000136970e+03
2.159600000000136788e+03
2.159800000000136606e+03
2.160000000000136424e+03
2.160200000000136242e+03
2.160400000000136060e+03
2.160600000000135879e+03
2.160800000000135697e+03
2.161000000000135515e+03
2.161200000000135333e+03
2.161400000000135151e+03
2.161600000000134969e+03
2.161800000000134787e+03
2.162000000000134605e+03
2.162200000000134423e+03
2.162400000000134241e+03
2.162600000000134060e+03
2.162800000000133878e+03
2.163000000000133696e+03
2.163200000000133514e+03
2.163400000000133332e+03
2.163600000000133150e+03
2.163800000000132968e+03
2.164000000000132786e+03
2.164200000000132604e+03
2.164400000000132422e+03
2.164600000000132241e+03
2.164800000000132059e+03
2.165000000000131877e+03
2.165200000000131695e+03
2.165400000000131513e+03
2.165600000000131331e+03
2.165800000000131149e+03
2.166000000000130967e+03
2.166200000000130785e+03
2.166400000000130603e+03
2.166600000000130422e+03
2.166800000000130240e+03
2.167000000000130058e+03
2.167200000000129876e+03
2.167400000000129694e+03
2.167600000000129512e+03
2.167800000000129330e+03
2.168000000000129148e+03
2.168200000000128966e+03
2.168400000000128784e+03
2.168600000000128603e+03
2.168800000000128421e+03
2.169000000000128239e+03
2.169200000000128057e+03
2.169400000000127875e+03
2.169600000000127693e+03
2.169800000000127511e+03
2.170000000000127329e+03
2.170200000000127147e+03
2.170400000000126965e+03
2.170600000000126784e+03
2.170800000000126602e+03
2.171000000000126420e+03
2.171200000000126238e+03
2.171400000000126056e+03
2.171600000000125874e+03
2.171800000000125692e+03
2.172000000000125510e+03
2.172200000000125328e+03
2.172400000000125146e+03
2.172600000000124965e+03
2.172800000000124783e+03
2.173000000000124601e+03
2.173200000000124419e+03
2.173400000000124237e+03
2.173600000000124055e+03
2.173800000000123873e+03
2.174000000000123691e+03
2.174200000000123509e+03
2.174400000000123327e+03
2.174600000000123146e+03
2.174800000000122964e+03
2.175000000000122782e+03
2.175200000000122600e+03
2.175400000000122418e+03
2.175600000000122236e+03
2.175800000000122054e+03
2.176000000000121872e+03
2.176200000000121690e+03
2.176400000000121508e+03
2.176600000000121327e+03
2.176800000000121145e+03
2.177000000000120963e+03
2.177200000000120781e+03
2.177400000000120599e+03
2.177600000000120417e+03
2.177800000000120235e+03
2.178000000000120053e+03
2.178200000000119871e+03
2.178400000000119690e+03
2.178600000000119508e+03
2.178800000000119326e+03
2.179000000000119144e+03
2.179200000000118962e+03
2.179400000000118780e+03
2.179600000000118598e+03
2.179800000000118416e+03
2.180000000000118234e+03
2.180200000000118052e+03
2.180400000000117871e+03
2.180600000000117689e+03
2.180800000000117507e+03
2.181000000000117325e+03
2.181200000000117143e+03
2.181400000000116961e+03
2.181600000000116779e+03
2.181800000000116597e+03
2.182000000000116415e+03
2.182200000000116233e+03
2.182400000000116052e+03
2.182600000000115870e+03
2.182800000000115688e+03
2.183000000000115506e+03
2.183200000000115324e+03
2.183400000000115142e+03
2.183600000000114960e+03
2.183800000000114778e+03
2.184000000000114596e+03
2.184200000000114414e+03
2.184400000000114233e+03
2.184600000000114051e+03
2.184800000000113869e+03
2.185000000000113687e+03
2.185200000000113505e+03
2.185400000000113323e+03
2.185600000000113141e+03
2.185800000000112959e+03
2.186000000000112777e+03
2.186200000000112595e+03
2.186400000000112414e+03
2.186600000000112232e+03
2.186800000000112050e+03
2.187000000000111868e+03
2.187200000000111686e+03
2.187400000000111504e+03
2.187600000000111322e+03
2.187800000000111140e+03
2.188000000000110958e+03
2.188200000000110776e+03
2.188400000000110595e+03
2.188600000000110413e+03
2.188800000000110231e+03
2.189000000000110049e+03
2.189200000000109867e+03
2.189400000000109685e+03
2.189600000000109503e+03
2.189800000000109321e+03
2.190000000000109139e+03
2.190200000000108957e+03
2.190400000000108776e+03
2.190600000000108594e+03
2.190800000000108412e+03
2.191000000000108230e+03
2.191200000000108048e+03
2.191400000000107866e+03
2.191600000000107684e+03
2.191800000000107502e+03
2.192000000000107320e+03
2.192200000000107138e+03
2.192400000000106957e+03
2.192600000000106775e+03
2.192800000000106593e+03
2.193000000000106411e+03
2.193200000000106229e+03
2.193400000000106047e+03
2.193600000000105865e+03
2.193800000000105683e+03
2.194000000000105501e+03
2.194200000000105319e+03
2.194400000000105138e+03
2.194600000000104956e+03
2.194800000000104774e+03
2.195000000000104592e+03
2.195200000000104410e+03
2.195400000000104228e+03
2.195600000000104046e+03
2.195800000000103864e+03
2.196000000000103682e+03
2.196200000000103500e+03
2.196400000000103319e+03
2.196600000000103137e+03
2.196800000000102955e+03
2.197000000000102773e+03
2.197200000000102591e+03
2.197400000000102409e+03
2.197600000000102227e+03
2.197800000000102045e+03
2.198000000000101863e+03
2.198200000000101682e+03
2.198400000000101500e+03
2.198600000000101318e+03
2.198800000000101136e+03
2.199000000000100954e+03
2.199200000000100772e+03
2.199400000000100590e+03
2.199600000000100408e+03
2.199800000000100226e+03
2.200000000000100044e+03
2.200200000000099863e+03
2.200400000000099681e+03
2.200600000000099499e+03
2.200800000000099317e+03
2.201000000000099135e+03
2.201200000000098953e+03
2.201400000000098771e+03
2.201600000000098589e+03
2.201800000000098407e+03
2.202000000000098225e+03
2.202200000000098044e+03
2.202400000000097862e+03
2.202600000000097680e+03
2.202800000000097498e+03
2.203000000000097316e+03
2.203200000000097134e+03
2.203400000000096952e+03
2.203600000000096770e+03
2.203800000000096588e+03
2.204000000000096406e+03
2.204200000000096225e+03
2.204400000000096043e+03
2.204600000000095861e+03
2.204800000000095679e+03
2.205000000000095497e+03
2.205200000000095315e+03
2.205400000000095133e+03
2.205600000000094951e+03
2.205800000000094769e+03
2.206000000000094587e+03
2.206200000000094406e+03
2.206400000000094224e+03
2.206600000000094042e+03
2.206800000000093860e+03
2.207000000000093678e+03
2.207200000000093496e+03
2.207400000000093314e+03
2.207600000000093132e+03
2.207800000000092950e+03
2.208000000000092768e+03
2.208200000000092587e+03
2.208400000000092405e+03
2.208600000000092223e+03
2.208800000000092041e+03
2.209000000000091859e+03
2.209200000000091677e+03
2.209400000000091495e+03
2.209600000000091313e+03
2.209800000000091131e+03
2.210000000000090949e+03
2.210200000000090768e+03
2.210400000000090586e+03
2.210600000000090404e+03
2.210800000000090222e+03
2.211000000000090040e+03
2.211200000000089858e+03
2.211400000000089676e+03
2.211600000000089494e+03
2.211800000000089312e+03
2.212000000000089130e+03
2.212200000000088949e+03
2.212400000000088767e+03
2.212600000000088585e+03
2.212800000000088403e+03
2.213000000000088221e+03
2.213200000000088039e+03
2.213400000000087857e+03
2.213600000000087675e+03
2.213800000000087493e+03
2.214000000000087311e+03
2.214200000000087130e+03
2.214400000000086948e+03
2.214600000000086766e+03
2.214800000000086584e+03
2.215000000000086402e+03
2.215200000000086220e+03
2.215400000000086038e+03
2.215600000000085856e+03
2.215800000000085674e+03
2.216000000000085493e+03
2.216200000000085311e+03
2.216400000000085129e+03
2.216600000000084947e+03
2.216800000000084765e+03
2.217000000000084583e+03
2.217200000000084401e+03
2.217400000000084219e+03
2.217600000000084037e+03
2.217800000000083855e+03
2.218000000000083674e+03
2.218200000000083492e+03
2.218400000000083310e+03
2.218600000000083128e+03
2.218800000000082946e+03
2.219000000000082764e+03
2.219200000000082582e+03
2.219400000000082400e+03
2.219600000000082218e+03
2.219800000000082036e+03
2.220000000000081855e+03
2.220200000000081673e+03
2.220400000000081491e+03
2.220600000000081309e+03
2.220800000000081127e+03
2.221000000000080945e+03
2.221200000000080763e+03
2.221400000000080581e+03
2.221600000000080399e+03
2.221800000000080217e+03
2.222000000000080036e+03
2.222200000000079854e+03
2.222400000000079672e+03
2.222600000000079490e+03
2.222800000000079308e+03
2.223000000000079126e+03
2.223200000000078944e+03
2.223400000000078762e+03
2.223600000000078580e+03
2.223800000000078398e+03
2.224000000000078217e+03
2.224200000000078035e+03
2.224400000000077853e+03
2.224600000000077671e+03
2.224800000000077489e+03
2.225000000000077307e+03
2.225200000000077125e+03
2.225400000000076943e+03
2.225600000000076761e+03
2.225800000000076579e+03
2.226000000000076398e+03
2.226200000000076216e+03
2.226400000000076034e+03
2.226600000000075852e+03
2.226800000000075670e+03
2.227000000000075488e+03
2.227200000000075306e+03
2.227400000000075124e+03
2.227600000000074942e+03
2.227800000000074760e+03
2.228000000000074579e+03
2.228200000000074397e+03
2.228400000000074215e+03
2.228600000000074033e+03
2.228800000000073851e+03
2.229000000000073669e+03
2.229200000000073487e+03
2.229400000000073305e+03
2.229600000000073123e+03
2.229800000000072941e+03
2.230000000000072760e+03
2.230200000000072578e+03
2.230400000000072396e+03
2.230600000000072214e+03
2.230800000000072032e+03
2.231000000000071850e+03
2.231200000000071668e+03
2.231400000000071486e+03
2.231600000000071304e+03
2.231800000000071122e+03
2.232000000000070941e+03
2.232200000000070759e+03
2.232400000000070577e+03
2.232600000000070395e+03
2.232800000000070213e+03
2.233000000000070031e+03
2.233200000000069849e+03
2.233400000000069667e+03
2.233600000000069485e+03
2.233800000000069303e+03
2.234000000000069122e+03
2.234200000000068940e+03
2.234400000000068758e+03
2.234600000000068576e+03
2.234800000000068394e+03
2.235000000000068212e+03
2.235200000000068030e+03
2.235400000000067848e+03
2.235600000000067666e+03
2.235800000000067485e+03
2.236000000000067303e+03
2.236200000000067121e+03
2.236400000000066939e+03
2.236600000000066757e+03
2.236800000000066575e+03
2.237000000000066393e+03
2.237200000000066211e+03
2.237400000000066029e+03
2.237600000000065847e+03
2.237800000000065666e+03
2.238000000000065484e+03
2.238200000000065302e+03
2.238400000000065120e+03
2.238600000000064938e+03
2.238800000000064756e+03
2.239000000000064574e+03
2.239200000000064392e+03
2.239400000000064210e+03
2.239600000000064028e+03
2.239800000000063847e+03
2.240000000000063665e+03
2.240200000000063483e+03
2.240400000000063301e+03
2.240600000000063119e+03
2.240800000000062937e+03
2.241000000000062755e+03
2.241200000000062573e+03
2.241400000000062391e+03
2.241600000000062209e+03
2.241800000000062028e+03
2.242000000000061846e+03
2.242200000000061664e+03
2.242400000000061482e+03
2.242600000000061300e+03
2.242800000000061118e+03
2.243000000000060936e+03
2.243200000000060754e+03
2.243400000000060572e+03
2.243600000000060390e+03
2.243800000000060209e+03
2.244000000000060027e+03
2.244200000000059845e+03
2.244400000000059663e+03
2.244600000000059481e+03
2.244800000000059299e+03
2.245000000000059117e+03
2.245200000000058935e+03
2.245400000000058753e+03
2.245600000000058571e+03
2.245800000000058390e+03
2.246000000000058208e+03
2.246200000000058026e+03
2.246400000000057844e+03
2.246600000000057662e+03
2.246800000000057480e+03
2.247000000000057298e+03
2.247200000000057116e+03
2.247400000000056934e+03
2.247600000000056752e+03
2.247800000000056571e+03
2.248000000000056389e+03
2.248200000000056207e+03
2.248400000000056025e+03
2.248600000000055843e+03
2.248800000000055661e+03
2.249000000000055479e+03
2.249200000000055297e+03
2.249400000000055115e+03
2.249600000000054933e+03
2.249800000000054752e+03
2.250000000000054570e+03
2.250200000000054388e+03
2.250400000000054206e+03
2.250600000000054024e+03
2.250800000000053842e+03
2.251000000000053660e+03
2.251200000000053478e+03
2.251400000000053296e+03
2.251600000000053114e+03
2.251800000000052933e+03
2.252000000000052751e+03
2.252200000000052569e+03
2.252400000000052387e+03
2.252600000000052205e+03
2.252800000000052023e+03
2.253000000000051841e+03
2.253200000000051659e+03
2.253400000000051477e+03
2.253600000000051296e+03
2.253800000000051114e+03
2.254000000000050932e+03
2.254200000000050750e+03
2.254400000000050568e+03
2.254600000000050386e+03
2.254800000000050204e+03
2.255000000000050022e+03
2.255200000000049840e+03
2.255400000000049658e+03
2.255600000000049477e+03
2.255800000000049295e+03
2.256000000000049113e+03
2.256200000000048931e+03
2.256400000000048749e+03
2.256600000000048567e+03
2.256800000000048385e+03
2.257000000000048203e+03
2.257200000000048021e+03
2.257400000000047839e+03
2.257600000000047658e+03
2.257800000000047476e+03
2.258000000000047294e+03
2.258200000000047112e+03
2.258400000000046930e+03
2.258600000000046748e+03
2.258800000000046566e+03
2.259000000000046384e+03
2.259200000000046202e+03
2.259400000000046020e+03
2.259600000000045839e+03
2.259800000000045657e+03
2.260000000000045475e+03
2.260200000000045293e+03
2.260400000000045111e+03
2.260600000000044929e+03
2.260800000000044747e+03
2.261000000000044565e+03
2.261200000000044383e+03
2.261400000000044201e+03
2.261600000000044020e+03
2.261800000000043838e+03
2.262000000000043656e+03
2.262200000000043474e+03
2.262400000000043292e+03
2.262600000000043110e+03
2.262800000000042928e+03
2.263000000000042746e+03
2.263200000000042564e+03
2.263400000000042382e+03
2.263600000000042201e+03
2.263800000000042019e+03
2.264000000000041837e+03
2.264200000000041655e+03
2.264400000000041473e+03
2.264600000000041291e+03
2.264800000000041109e+03
2.265000000000040927e+03
2.265200000000040745e+03
2.265400000000040563e+03
2.265600000000040382e+03
2.265800000000040200e+03
2.266000000000040018e+03
2.266200000000039836e+03
2.266400000000039654e+03
2.266600000000039472e+03
2.266800000000039290e+03
2.267000000000039108e+03
2.267200000000038926e+03
2.267400000000038744e+03
2.267600000000038563e+03
2.267800000000038381e+03
2.268000000000038199e+03
2.268200000000038017e+03
2.268400000000037835e+03
2.268600000000037653e+03
2.268800000000037471e+03
2.269000000000037289e+03
2.269200000000037107e+03
2.269400000000036925e+03
2.269600000000036744e+03
2.269800000000036562e+03
2.270000000000036380e+03
2.270200000000036198e+03
2.270400000000036016e+03
2.270600000000035834e+03
2.270800000000035652e+03
2.271000000000035470e+03
2.271200000000035288e+03
2.271400000000035106e+03
2.271600000000034925e+03
2.271800000000034743e+03
2.272000000000034561e+03
2.272200000000034379e+03
2.272400000000034197e+03
2.272600000000034015e+03
2.272800000000033833e+03
2.273000000000033651e+03
2.273200000000033469e+03
2.273400000000033288e+03
2.273600000000033106e+03
2.273800000000032924e+03
2.274000000000032742e+03
2.274200000000032560e+03
2.274400000000032378e+03
2.274600000000032196e+03
2.274800000000032014e+03
2.275000000000031832e+03
2.275200000000031650e+03
2.275400000000031469e+03
2.275600000000031287e+03
2.275800000000031105e+03
2.276000000000030923e+03
2.276200000000030741e+03
2.276400000000030559e+03
2.276600000000030377e+03
2.276800000000030195e+03
2.277000000000030013e+03
2.277200000000029831e+03
2.277400000000029650e+03
2.277600000000029468e+03
2.277800000000029286e+03
2.278000000000029104e+03
2.278200000000028922e+03
2.278400000000028740e+03
2.278600000000028558e+03
2.278800000000028376e+03
2.279000000000028194e+03
2.279200000000028012e+03
2.279400000000027831e+03
2.279600000000027649e+03
2.279800000000027467e+03
2.280000000000027285e+03
2.280200000000027103e+03
2.280400000000026921e+03
2.280600000000026739e+03
2.280800000000026557e+03
2.281000000000026375e+03
2.281200000000026193e+03
2.281400000000026012e+03
2.281600000000025830e+03
2.281800000000025648e+03
2.282000000000025466e+03
2.282200000000025284e+03
2.282400000000025102e+03
2.282600000000024920e+03
2.282800000000024738e+03
2.283000000000024556e+03
2.283200000000024374e+03
2.283400000000024193e+03
2.283600000000024011e+03
2.283800000000023829e+03
2.284000000000023647e+03
2.284200000000023465e+03
2.284400000000023283e+03
2.284600000000023101e+03
2.284800000000022919e+03
2.285000000000022737e+03
2.285200000000022555e+03
2.285400000000022374e+03
2.285600000000022192e+03
2.285800000000022010e+03
2.286000000000021828e+03
2.286200000000021646e+03
2.286400000000021464e+03
2.286600000000021282e+03
2.286800000000021100e+03
2.287000000000020918e+03
2.287200000000020736e+03
2.287400000000020555e+03
2.287600000000020373e+03
2.287800000000020191e+03
2.288000000000020009e+03
2.288200000000019827e+03
2.288400000000019645e+03
2.288600000000019463e+03
2.288800000000019281e+03
2.289000000000019099e+03
2.289200000000018917e+03
2.289400000000018736e+03
2.289600000000018554e+03
2.289800000000018372e+03
2.290000000000018190e+03
2.290200000000018008e+03
2.290400000000017826e+03
2.290600000000017644e+03
2.290800000000017462e+03
2.291000000000017280e+03
2.291200000000017099e+03
2.291400000000016917e+03
2.291600000000016735e+03
2.291800000000016553e+03
2.292000000000016371e+03
2.292200000000016189e+03
2.292400000000016007e+03
2.292600000000015825e+03
2.292800000000015643e+03
2.293000000000015461e+03
2.293200000000015280e+03
2.293400000000015098e+03
2.293600000000014916e+03
2.293800000000014734e+03
2.294000000000014552e+03
2.294200000000014370e+03
2.294400000000014188e+03
2.294600000000014006e+03
2.294800000000013824e+03
2.295000000000013642e+03
2.295200000000013461e+03
2.295400000000013279e+03
2.295600000000013097e+03
2.295800000000012915e+03
2.296000000000012733e+03
2.296200000000012551e+03
2.296400000000012369e+03
2.296600000000012187e+03
2.296800000000012005e+03
2.297000000000011823e+03
2.297200000000011642e+03
2.297400000000011460e+03
2.297600000000011278e+03
2.297800000000011096e+03
2.298000000000010914e+03
2.298200000000010732e+03
2.298400000000010550e+03
2.298600000000010368e+03
2.298800000000010186e+03
2.299000000000010004e+03
2.299200000000009823e+03
2.299400000000009641e+03
2.299600000000009459e+03
2.299800000000009277e+03
2.300000000000009095e+03
2.300200000000008913e+03
2.300400000000008731e+03
2.300600000000008549e+03
2.300800000000008367e+03
2.301000000000008185e+03
2.301200000000008004e+03
2.301400000000007822e+03
2.301600000000007640e+03
2.301800000000007458e+03
2.302000000000007276e+03
2.302200000000007094e+03
2.302400000000006912e+03
2.302600000000006730e+03
2.302800000000006548e+03
2.303000000000006366e+03
2.303200000000006185e+03
2.303400000000006003e+03
2.303600000000005821e+03
2.303800000000005639e+03
2.304000000000005457e+03
2.304200000000005275e+03
2.304400000000005093e+03
2.304600000000004911e+03
2.304800000000004729e+03
2.305000000000004547e+03
2.305200000000004366e+03
2.305400000000004184e+03
2.305600000000004002e+03
2.305800000000003820e+03
2.306000000000003638e+03
2.306200000000003456e+03
2.306400000000003274e+03
2.306600000000003092e+03
2.306800000000002910e+03
2.307000000000002728e+03
2.307200000000002547e+03
2.307400000000002365e+03
2.307600000000002183e+03
2.307800000000002001e+03
2.308000000000001819e+03
2.308200000000001637e+03
2.308400000000001455e+03
2.308600000000001273e+03
2.308800000000001091e+03
2.309000000000000909e+03
2.309200000000000728e+03
2.309400000000000546e+03
2.309600000000000364e+03
2.309800000000000182e+03
2.310000000000000000e+03
2.310199999999999818e+03
2.310399999999999636e+03
2.310599999999999454e+03
2.310799999999999272e+03
2.310999999999999091e+03
2.311199999999998909e+03
2.311399999999998727e+03
2.311599999999998545e+03
2.311799999999998363e+03
2.311999999999998181e+03
2.312199999999997999e+03
2.312399999999997817e+03
2.312599999999997635e+03
2.312799999999997453e+03
2.312999999999997272e+03
2.313199999999997090e+03
2.313399999999996908e+03
2.313599999999996726e+03
2.313799999999996544e+03
2.313999999999996362e+03
2.314199999999996180e+03
2.314399999999995998e+03
2.314599999999995816e+03
2.314799999999995634e+03
2.314999999999995453e+03
2.315199999999995271e+03
2.315399999999995089e+03
2.315599999999994907e+03
2.315799999999994725e+03
2.315999999999994543e+03
2.316199999999994361e+03
2.316399999999994179e+03
2.316599999999993997e+03
2.316799999999993815e+03
2.316999999999993634e+03
2.317199999999993452e+03
2.317399999999993270e+03
2.317599999999993088e+03
2.317799999999992906e+03
2.317999999999992724e+03
2.318199999999992542e+03
2.318399999999992360e+03
2.318599999999992178e+03
2.318799999999991996e+03
2.318999999999991815e+03
2.319199999999991633e+03
2.319399999999991451e+03
2.319599999999991269e+03
2.319799999999991087e+03
2.319999999999990905e+03
2.320199999999990723e+03
2.320399999999990541e+03
2.320599999999990359e+03
2.320799999999990177e+03
2.320999999999989996e+03
2.321199999999989814e+03
2.321399999999989632e+03
2.321599999999989450e+03
2.321799999999989268e+03
2.321999999999989086e+03
2.322199999999988904e+03
2.322399999999988722e+03
2.322599999999988540e+03
2.322799999999988358e+03
2.322999999999988177e+03
2.323199999999987995e+03
2.323399999999987813e+03
2.323599999999987631e+03
2.323799999999987449e+03
2.323999999999987267e+03
2.324199999999987085e+03
2.324399999999986903e+03
2.324599999999986721e+03
2.324799999999986539e+03
2.324999999999986358e+03
2.325199999999986176e+03
2.325399999999985994e+03
2.325599999999985812e+03
2.325799999999985630e+03
2.325999999999985448e+03
2.326199999999985266e+03
2.326399999999985084e+03
2.326599999999984902e+03
2.326799999999984720e+03
2.326999999999984539e+03
2.327199999999984357e+03
2.327399999999984175e+03
2.327599999999983993e+03
2.327799999999983811e+03
2.327999999999983629e+03
2.328199999999983447e+03
2.328399999999983265e+03
2.328599999999983083e+03
2.328799999999982901e+03
2.328999999999982720e+03
2.329199999999982538e+03
2.329399999999982356e+03
2.329599999999982174e+03
2.329799999999981992e+03
2.329999999999981810e+03
2.330199999999981628e+03
2.330399999999981446e+03
2.330599999999981264e+03
2.330799999999981083e+03
2.330999999999980901e+03
2.331199999999980719e+03
2.331399999999980537e+03
2.331599999999980355e+03
2.331799999999980173e+03
2.331999999999979991e+03
2.332199999999979809e+03
2.332399999999979627e+03
2.332599999999979445e+03
2.332799999999979264e+03
2.332999999999979082e+03
2.333199999999978900e+03
2.333399999999978718e+03
2.333599999999978536e+03
2.333799999999978354e+03
2.333999999999978172e+03
2.334199999999977990e+03
2.334399999999977808e+03
2.334599999999977626e+03
2.334799999999977445e+03
2.334999999999977263e+03
2.335199999999977081e+03
2.335399999999976899e+03
2.335599999999976717e+03
2.335799999999976535e+03
2.335999999999976353e+03
2.336199999999976171e+03
2.336399999999975989e+03
2.336599999999975807e+03
2.336799999999975626e+03
2.336999999999975444e+03
2.337199999999975262e+03
2.337399999999975080e+03
2.337599999999974898e+03
2.337799999999974716e+03
2.337999999999974534e+03
2.338199999999974352e+03
2.338399999999974170e+03
2.338599999999973988e+03
2.338799999999973807e+03
2.338999999999973625e+03
2.339199999999973443e+03
2.339399999999973261e+03
2.339599999999973079e+03
2.339799999999972897e+03
2.339999999999972715e+03
2.340199999999972533e+03
2.340399999999972351e+03
2.340599999999972169e+03
2.340799999999971988e+03
2.340999999999971806e+03
2.341199999999971624e+03
2.341399999999971442e+03
2.341599999999971260e+03
2.341799999999971078e+03
2.341999999999970896e+03
2.342199999999970714e+03
2.342399999999970532e+03
2.342599999999970350e+03
2.342799999999970169e+03
2.342999999999969987e+03
2.343199999999969805e+03
2.343399999999969623e+03
2.343599999999969441e+03
2.343799999999969259e+03
2.343999999999969077e+03
2.344199999999968895e+03
2.344399999999968713e+03
2.344599999999968531e+03
2.344799999999968350e+03
2.344999999999968168e+03
2.345199999999967986e+03
2.345399999999967804e+03
2.345599999999967622e+03
2.345799999999967440e+03
2.345999999999967258e+03
2.346199999999967076e+03
2.346399999999966894e+03
2.346599999999966712e+03
2.346799999999966531e+03
2.346999999999966349e+03
2.347199999999966167e+03
2.347399999999965985e+03
2.347599999999965803e+03
2.347799999999965621e+03
2.347999999999965439e+03
2.348199999999965257e+03
2.348399999999965075e+03
2.348599999999964894e+03
2.348799999999964712e+03
2.348999999999964530e+03
2.349199999999964348e+03
2.349399999999964166e+03
2.349599999999963984e+03
2.349799999999963802e+03
2.349999999999963620e+03
2.350199999999963438e+03
2.350399999999963256e+03
2.350599999999963075e+03
2.350799999999962893e+03
2.350999999999962711e+03
2.351199999999962529e+03
2.351399999999962347e+03
2.351599999999962165e+03
2.351799999999961983e+03
2.351999999999961801e+03
2.352199999999961619e+03
2.352399999999961437e+03
2.352599999999961256e+03
2.352799999999961074e+03
2.352999999999960892e+03
2.353199999999960710e+03
2.353399999999960528e+03
2.353599999999960346e+03
2.353799999999960164e+03
2.353999999999959982e+03
2.354199999999959800e+03
2.354399999999959618e+03
2.354599999999959437e+03
2.354799999999959255e+03
2.354999999999959073e+03
2.355199999999958891e+03
2.355399999999958709e+03
2.355599999999958527e+03
2.355799999999958345e+03
2.355999999999958163e+03
2.356199999999957981e+03
2.356399999999957799e+03
2.356599999999957618e+03
2.356799999999957436e+03
2.356999999999957254e+03
2.357199999999957072e+03
2.357399999999956890e+03
2.357599999999956708e+03
2.357799999999956526e+03
2.357999999999956344e+03
2.358199999999956162e+03
2.358399999999955980e+03
2.358599999999955799e+03
2.358799999999955617e+03
2.358999999999955435e+03
2.359199999999955253e+03
2.359399999999955071e+03
2.359599999999954889e+03
2.359799999999954707e+03
2.359999999999954525e+03
2.360199999999954343e+03
2.360399999999954161e+03
2.360599999999953980e+03
2.360799999999953798e+03
2.360999999999953616e+03
2.361199999999953434e+03
2.361399999999953252e+03
2.361599999999953070e+03
2.361799999999952888e+03
2.361999999999952706e+03
2.362199999999952524e+03
2.362399999999952342e+03
2.362599999999952161e+03
2.362799999999951979e+03
2.362999999999951797e+03
2.363199999999951615e+03
2.363399999999951433e+03
2.363599999999951251e+03
2.363799999999951069e+03
2.363999999999950887e+03
2.364199999999950705e+03
2.364399999999950523e+03
2.364599999999950342e+03
2.364799999999950160e+03
2.364999999999949978e+03
2.365199999999949796e+03
2.365399999999949614e+03
2.365599999999949432e+03
2.365799999999949250e+03
2.365999999999949068e+03
2.366199999999948886e+03
2.366399999999948704e+03
2.366599999999948523e+03
2.366799999999948341e+03
2.366999999999948159e+03
2.367199999999947977e+03
2.367399999999947795e+03
2.367599999999947613e+03
2.367799999999947431e+03
2.367999999999947249e+03
2.368199999999947067e+03
2.368399999999946886e+03
2.368599999999946704e+03
2.368799999999946522e+03
2.368999999999946340e+03
2.369199999999946158e+03
2.369399999999945976e+03
2.369599999999945794e+03
2.369799999999945612e+03
2.369999999999945430e+03
2.370199999999945248e+03
2.370399999999945067e+03
2.370599999999944885e+03
2.370799999999944703e+03
2.370999999999944521e+03
2.371199999999944339e+03
2.371399999999944157e+03
2.371599999999943975e+03
2.371799999999943793e+03
2.371999999999943611e+03
2.372199999999943429e+03
2.372399999999943248e+03
2.372599999999943066e+03
2.372799999999942884e+03
2.372999999999942702e+03
2.373199999999942520e+03
2.373399999999942338e+03
2.373599999999942156e+03
2.373799999999941974e+03
2.373999999999941792e+03
2.374199999999941610e+03
2.374399999999941429e+03
2.374599999999941247e+03
2.374799999999941065e+03
2.374999999999940883e+03
2.375199999999940701e+03
2.375399999999940519e+03
2.375599999999940337e+03
2.375799999999940155e+03
2.375999999999939973e+03
2.376199999999939791e+03
2.376399999999939610e+03
2.376599999999939428e+03
2.376799999999939246e+03
2.376999999999939064e+03
2.377199999999938882e+03
2.377399999999938700e+03
2.377599999999938518e+03
2.377799999999938336e+03
2.377999999999938154e+03
2.378199999999937972e+03
2.378399999999937791e+03
2.378599999999937609e+03
2.378799999999937427e+03
2.378999999999937245e+03
2.379199999999937063e+03
2.379399999999936881e+03
2.379599999999936699e+03
2.379799999999936517e+03
2.379999999999936335e+03
2.380199999999936153e+03
2.380399999999935972e+03
2.380599999999935790e+03
2.380799999999935608e+03
2.380999999999935426e+03
2.381199999999935244e+03
2.381399999999935062e+03
2.381599999999934880e+03
2.381799999999934698e+03
2.381999999999934516e+03
2.382199999999934334e+03
2.382399999999934153e+03
2.382599999999933971e+03
2.382799999999933789e+03
2.382999999999933607e+03
2.383199999999933425e+03
2.383399999999933243e+03
2.383599999999933061e+03
2.383799999999932879e+03
2.383999999999932697e+03
2.384199999999932515e+03
2.384399999999932334e+03
2.384599999999932152e+03
2.384799999999931970e+03
2.384999999999931788e+03
2.385199999999931606e+03
2.385399999999931424e+03
2.385599999999931242e+03
2.385799999999931060e+03
2.385999999999930878e+03
2.386199999999930697e+03
2.386399999999930515e+03
2.386599999999930333e+03
2.386799999999930151e+03
2.386999999999929969e+03
2.387199999999929787e+03
2.387399999999929605e+03
2.387599999999929423e+03
2.387799999999929241e+03
2.387999999999929059e+03
2.388199999999928878e+03
2.388399999999928696e+03
2.388599999999928514e+03
2.388799999999928332e+03
2.388999999999928150e+03
2.389199999999927968e+03
2.389399999999927786e+03
2.389599999999927604e+03
2.389799999999927422e+03
2.389999999999927240e+03
2.390199999999927059e+03
2.390399999999926877e+03
2.390599999999926695e+03
2.390799999999926513e+03
2.390999999999926331e+03
2.391199999999926149e+03
2.391399999999925967e+03
2.391599999999925785e+03
2.391799999999925603e+03
2.391999999999925421e+03
2.392199999999925240e+03
2.392399999999925058e+03
2.392599999999924876e+03
2.392799999999924694e+03
2.392999999999924512e+03
2.393199999999924330e+03
2.393399999999924148e+03
2.393599999999923966e+03
2.393799999999923784e+03
2.393999999999923602e+03
2.394199999999923421e+03
2.394399999999923239e+03
2.394599999999923057e+03
2.394799999999922875e+03
2.394999999999922693e+03
2.395199999999922511e+03
2.395399999999922329e+03
2.395599999999922147e+03
2.395799999999921965e+03
2.395999999999921783e+03
2.396199999999921602e+03
2.396399999999921420e+03
2.396599999999921238e+03
2.396799999999921056e+03
2.396999999999920874e+03
2.397199999999920692e+03
2.397399999999920510e+03
2.397599999999920328e+03
2.397799999999920146e+03
2.397999999999919964e+03
2.398199999999919783e+03
2.398399999999919601e+03
2.398599999999919419e+03
2.398799999999919237e+03
2.398999999999919055e+03
2.399199999999918873e+03
2.399399999999918691e+03
2.399599999999918509e+03
2.399799999999918327e+03
2.399999999999918145e+03
2.400199999999917964e+03
2.400399999999917782e+03
2.400599999999917600e+03
2.400799999999917418e+03
2.400999999999917236e+03
2.401199999999917054e+03
2.401399999999916872e+03
2.401599999999916690e+03
2.401799999999916508e+03
2.401999999999916326e+03
2.402199999999916145e+03
2.402399999999915963e+03
2.402599999999915781e+03
2.402799999999915599e+03
2.402999999999915417e+03
2.403199999999915235e+03
2.403399999999915053e+03
2.403599999999914871e+03
2.403799999999914689e+03
2.403999999999914507e+03
2.404199999999914326e+03
2.404399999999914144e+03
2.404599999999913962e+03
2.404799999999913780e+03
2.404999999999913598e+03
2.405199999999913416e+03
2.405399999999913234e+03
2.405599999999913052e+03
2.405799999999912870e+03
2.405999999999912689e+03
2.406199999999912507e+03
2.406399999999912325e+03
2.406599999999912143e+03
2.406799999999911961e+03
2.406999999999911779e+03
2.407199999999911597e+03
2.407399999999911415e+03
2.407599999999911233e+03
2.407799999999911051e+03
2.407999999999910870e+03
2.408199999999910688e+03
2.408399999999910506e+03
2.408599999999910324e+03
2.408799999999910142e+03
2.408999999999909960e+03
2.409199999999909778e+03
2.409399999999909596e+03
2.409599999999909414e+03
2.409799999999909232e+03
2.409999999999909051e+03
2.410199999999908869e+03
2.410399999999908687e+03
2.410599999999908505e+03
2.410799999999908323e+03
2.410999999999908141e+03
2.411199999999907959e+03
2.411399999999907777e+03
2.411599999999907595e+03
2.411799999999907413e+03
2.411999999999907232e+03
2.412199999999907050e+03
2.412399999999906868e+03
2.412599999999906686e+03
2.412799999999906504e+03
2.412999999999906322e+03
2.413199999999906140e+03
2.413399999999905958e+03
2.413599999999905776e+03
2.413799999999905594e+03
2.413999999999905413e+03
2.414199999999905231e+03
2.414399999999905049e+03
2.414599999999904867e+03
2.414799999999904685e+03
2.414999999999904503e+03
2.415199999999904321e+03
2.415399999999904139e+03
2.415599999999903957e+03
2.415799999999903775e+03
2.415999999999903594e+03
2.416199999999903412e+03
2.416399999999903230e+03
2.416599999999903048e+03
2.416799999999902866e+03
2.416999999999902684e+03
2.417199999999902502e+03
2.417399999999902320e+03
2.417599999999902138e+03
2.417799999999901956e+03
2.417999999999901775e+03
2.418199999999901593e+03
2.418399999999901411e+03
2.418599999999901229e+03
2.418799999999901047e+03
2.418999999999900865e+03
2.419199999999900683e+03
2.419399999999900501e+03
2.419599999999900319e+03
2.419799999999900137e+03
2.419999999999899956e+03
2.420199999999899774e+03
2.420399999999899592e+03
2.420599999999899410e+03
2.420799999999899228e+03
2.420999999999899046e+03
2.421199999999898864e+03
2.421399999999898682e+03
2.421599999999898500e+03
2.421799999999898318e+03
2.421999999999898137e+03
2.422199999999897955e+03
2.422399999999897773e+03
2.422599999999897591e+03
2.422799999999897409e+03
2.422999999999897227e+03
2.423199999999897045e+03
2.423399999999896863e+03
2.423599999999896681e+03
2.423799999999896500e+03
2.423999999999896318e+03
2.424199999999896136e+03
2.424399999999895954e+03
2.424599999999895772e+03
2.424799999999895590e+03
2.424999999999895408e+03
2.425199999999895226e+03
2.425399999999895044e+03
2.425599999999894862e+03
2.425799999999894681e+03
2.425999999999894499e+03
2.426199999999894317e+03
2.426399999999894135e+03
2.426599999999893953e+03
2.426799999999893771e+03
2.426999999999893589e+03
2.427199999999893407e+03
2.427399999999893225e+03
2.427599999999893043e+03
2.427799999999892862e+03
2.427999999999892680e+03
2.428199999999892498e+03
2.428399999999892316e+03
2.428599999999892134e+03
2.428799999999891952e+03
2.428999999999891770e+03
2.429199999999891588e+03
2.429399999999891406e+03
2.429599999999891224e+03
2.429799999999891043e+03
2.429999999999890861e+03
2.430199999999890679e+03
2.430399999999890497e+03
2.430599999999890315e+03
2.430799999999890133e+03
2.430999999999889951e+03
2.431199999999889769e+03
2.431399999999889587e+03
2.431599999999889405e+03
2.431799999999889224e+03
2.431999999999889042e+03
2.432199999999888860e+03
2.432399999999888678e+03
2.432599999999888496e+03
2.432799999999888314e+03
2.432999999999888132e+03
2.433199999999887950e+03
2.433399999999887768e+03
2.433599999999887586e+03
2.433799999999887405e+03
2.433999999999887223e+03
2.434199999999887041e+03
2.434399999999886859e+03
2.434599999999886677e+03
2.434799999999886495e+03
2.434999999999886313e+03
2.435199999999886131e+03
2.435399999999885949e+03
2.435599999999885767e+03
2.435799999999885586e+03
2.435999999999885404e+03
2.436199999999885222e+03
2.436399999999885040e+03
2.436599999999884858e+03
2.436799999999884676e+03
2.436999999999884494e+03
2.437199999999884312e+03
2.437399999999884130e+03
2.437599999999883948e+03
2.437799999999883767e+03
2.437999999999883585e+03
2.438199999999883403e+03
2.438399999999883221e+03
2.438599999999883039e+03
2.438799999999882857e+03
2.438999999999882675e+03
2.439199999999882493e+03
2.439399999999882311e+03
2.439599999999882129e+03
2.439799999999881948e+03
2.439999999999881766e+03
2.440199999999881584e+03
2.440399999999881402e+03
2.440599999999881220e+03
2.440799999999881038e+03
2.440999999999880856e+03
2.441199999999880674e+03
2.441399999999880492e+03
2.441599999999880310e+03
2.441799999999880129e+03
2.441999999999879947e+03
2.442199999999879765e+03
2.442399999999879583e+03
2.442599999999879401e+03
2.442799999999879219e+03
2.442999999999879037e+03
2.443199999999878855e+03
2.443399999999878673e+03
2.443599999999878492e+03
2.443799999999878310e+03
2.443999999999878128e+03
2.444199999999877946e+03
2.444399999999877764e+03
2.444599999999877582e+03
2.444799999999877400e+03
2.444999999999877218e+03
2.445199999999877036e+03
2.445399999999876854e+03
2.445599999999876673e+03
2.445799999999876491e+03
2.445999999999876309e+03
2.446199999999876127e+03
2.446399999999875945e+03
2.446599999999875763e+03
2.446799999999875581e+03
2.446999999999875399e+03
2.447199999999875217e+03
2.447399999999875035e+03
2.447599999999874854e+03
2.447799999999874672e+03
2.447999999999874490e+03
2.448199999999874308e+03
2.448399999999874126e+03
2.448599999999873944e+03
2.448799999999873762e+03
2.448999999999873580e+03
2.449199999999873398e+03
2.449399999999873216e+03
2.449599999999873035e+03
2.449799999999872853e+03
2.449999999999872671e+03
2.450199999999872489e+03
2.450399999999872307e+03
2.450599999999872125e+03
2.450799999999871943e+03
2.450999999999871761e+03
2.451199999999871579e+03
2.451399999999871397e+03
2.451599999999871216e+03
2.451799999999871034e+03
2.451999999999870852e+03
2.452199999999870670e+03
2.452399999999870488e+03
2.452599999999870306e+03
2.452799999999870124e+03
2.452999999999869942e+03
2.453199999999869760e+03
2.453399999999869578e+03
2.453599999999869397e+03
2.453799999999869215e+03
2.453999999999869033e+03
2.454199999999868851e+03
2.454399999999868669e+03
2.454599999999868487e+03
2.454799999999868305e+03
2.454999999999868123e+03
2.455199999999867941e+03
2.455399999999867759e+03
2.455599999999867578e+03
2.455799999999867396e+03
2.455999999999867214e+03
2.456199999999867032e+03
2.456399999999866850e+03
2.456599999999866668e+03
2.456799999999866486e+03
2.456999999999866304e+03
2.457199999999866122e+03
2.457399999999865940e+03
2.457599999999865759e+03
2.457799999999865577e+03
2.457999999999865395e+03
2.458199999999865213e+03
2.458399999999865031e+03
2.458599999999864849e+03
2.458799999999864667e+03
2.458999999999864485e+03
2.459199999999864303e+03
2.459399999999864121e+03
2.459599999999863940e+03
2.459799999999863758e+03
2.459999999999863576e+03
2.460199999999863394e+03
2.460399999999863212e+03
2.460599999999863030e+03
2.460799999999862848e+03
2.460999999999862666e+03
2.461199999999862484e+03
2.461399999999862303e+03
2.461599999999862121e+03
2.461799999999861939e+03
2.461999999999861757e+03
2.462199999999861575e+03
2.462399999999861393e+03
2.462599999999861211e+03
2.462799999999861029e+03
2.462999999999860847e+03
2.463199999999860665e+03
2.463399999999860484e+03
2.463599999999860302e+03
2.463799999999860120e+03
2.463999999999859938e+03
2.464199999999859756e+03
2.464399999999859574e+03
2.464599999999859392e+03
2.464799999999859210e+03
2.464999999999859028e+03
2.465199999999858846e+03
2.465399999999858665e+03
2.465599999999858483e+03
2.465799999999858301e+03
2.465999999999858119e+03
2.466199999999857937e+03
2.466399999999857755e+03
2.466599999999857573e+03
2.466799999999857391e+03
2.466999999999857209e+03
2.467199999999857027e+03
2.467399999999856846e+03
2.467599999999856664e+03
2.467799999999856482e+03
2.467999999999856300e+03
2.468199999999856118e+03
2.468399999999855936e+03
2.468599999999855754e+03
2.468799999999855572e+03
2.468999999999855390e+03
2.469199999999855208e+03
2.469399999999855027e+03
2.469599999999854845e+03
2.469799999999854663e+03
2.469999999999854481e+03
2.470199999999854299e+03
2.470399999999854117e+03
2.470599999999853935e+03
2.470799999999853753e+03
2.470999999999853571e+03
2.471199999999853389e+03
2.471399999999853208e+03
2.471599999999853026e+03
2.471799999999852844e+03
2.471999999999852662e+03
2.472199999999852480e+03
2.472399999999852298e+03
2.472599999999852116e+03
2.472799999999851934e+03
2.472999999999851752e+03
2.473199999999851570e+03
2.473399999999851389e+03
2.473599999999851207e+03
2.473799999999851025e+03
2.473999999999850843e+03
2.474199999999850661e+03
2.474399999999850479e+03
2.474599999999850297e+03
2.474799999999850115e+03
2.474999999999849933e+03
2.475199999999849751e+03
2.475399999999849570e+03
2.475599999999849388e+03
2.475799999999849206e+03
2.475999999999849024e+03
2.476199999999848842e+03
2.476399999999848660e+03
2.476599999999848478e+03
2.476799999999848296e+03
2.476999999999848114e+03
2.477199999999847932e+03
2.477399999999847751e+03
2.477599999999847569e+03
2.477799999999847387e+03
2.477999999999847205e+03
2.478199999999847023e+03
2.478399999999846841e+03
2.478599999999846659e+03
2.478799999999846477e+03
2.478999999999846295e+03
2.479199999999846113e+03
2.479399999999845932e+03
2.479599999999845750e+03
2.479799999999845568e+03
2.479999999999845386e+03
2.480199999999845204e+03
2.480399999999845022e+03
2.480599999999844840e+03
2.480799999999844658e+03
2.480999999999844476e+03
2.481199999999844295e+03
2.481399999999844113e+03
2.481599999999843931e+03
2.481799999999843749e+03
2.481999999999843567e+03
2.482199999999843385e+03
2.482399999999843203e+03
2.482599999999843021e+03
2.482799999999842839e+03
2.482999999999842657e+03
2.483199999999842476e+03
2.483399999999842294e+03
2.483599999999842112e+03
2.483799999999841930e+03
2.483999999999841748e+03
2.484199999999841566e+03
2.484399999999841384e+03
2.484599999999841202e+03
2.484799999999841020e+03
2.484999999999840838e+03
2.485199999999840657e+03
2.485399999999840475e+03
2.485599999999840293e+03
2.485799999999840111e+03
2.485999999999839929e+03
2.486199999999839747e+03
2.486399999999839565e+03
2.486599999999839383e+03
2.486799999999839201e+03
2.486999999999839019e+03
2.487199999999838838e+03
2.487399999999838656e+03
2.487599999999838474e+03
2.487799999999838292e+03
2.487999999999838110e+03
2.488199999999837928e+03
2.488399999999837746e+03
2.488599999999837564e+03
2.488799999999837382e+03
2.488999999999837200e+03
2.489199999999837019e+03
2.489399999999836837e+03
2.489599999999836655e+03
2.489799999999836473e+03
2.489999999999836291e+03
2.490199999999836109e+03
2.490399999999835927e+03
2.490599999999835745e+03
2.490799999999835563e+03
2.490999999999835381e+03
2.491199999999835200e+03
2.491399999999835018e+03
2.491599999999834836e+03
2.491799999999834654e+03
2.491999999999834472e+03
2.492199999999834290e+03
2.492399999999834108e+03
2.492599999999833926e+03
2.492799999999833744e+03
2.492999999999833562e+03
2.493199999999833381e+03
2.493399999999833199e+03
2.493599999999833017e+03
2.493799999999832835e+03
2.493999999999832653e+03
2.494199999999832471e+03
2.494399999999832289e+03
2.494599999999832107e+03
2.494799999999831925e+03
2.494999999999831743e+03
2.495199999999831562e+03
2.495399999999831380e+03
2.495599999999831198e+03
2.495799999999831016e+03
2.495999999999830834e+03
2.496199999999830652e+03
2.496399999999830470e+03
2.496599999999830288e+03
2.496799999999830106e+03
2.496999999999829924e+03
2.497199999999829743e+03
2.497399999999829561e+03
2.497599999999829379e+03
2.497799999999829197e+03
2.497999999999829015e+03
2.498199999999828833e+03
2.498399999999828651e+03
2.498599999999828469e+03
2.498799999999828287e+03
2.498999999999828106e+03
2.499199999999827924e+03
2.499399999999827742e+03
2.499599999999827560e+03
2.499799999999827378e+03
2.499999999999827196e+03
2.500199999999827014e+03
2.500399999999826832e+03
2.500599999999826650e+03
2.500799999999826468e+03
2.500999999999826287e+03
2.501199999999826105e+03
2.501399999999825923e+03
2.501599999999825741e+03
2.501799999999825559e+03
2.501999999999825377e+03
2.502199999999825195e+03
2.502399999999825013e+03
2.502599999999824831e+03
2.502799999999824649e+03
2.502999999999824468e+03
2.503199999999824286e+03
2.503399999999824104e+03
2.503599999999823922e+03
2.503799999999823740e+03
2.503999999999823558e+03
2.504199999999823376e+03
2.504399999999823194e+03
2.504599999999823012e+03
2.504799999999822830e+03
2.504999999999822649e+03
2.505199999999822467e+03
2.505399999999822285e+03
2.505599999999822103e+03
2.505799999999821921e+03
2.505999999999821739e+03
2.506199999999821557e+03
2.506399999999821375e+03
2.506599999999821193e+03
2.506799999999821011e+03
2.506999999999820830e+03
2.507199999999820648e+03
2.507399999999820466e+03
2.507599999999820284e+03
2.507799999999820102e+03
2.507999999999819920e+03
2.508199999999819738e+03
2.508399999999819556e+03
2.508599999999819374e+03
2.508799999999819192e+03
2.508999999999819011e+03
2.509199999999818829e+03
2.509399999999818647e+03
2.509599999999818465e+03
2.509799999999818283e+03
2.509999999999818101e+03
2.510199999999817919e+03
2.510399999999817737e+03
2.510599999999817555e+03
2.510799999999817373e+03
2.510999999999817192e+03
2.511199999999817010e+03
2.511399999999816828e+03
2.511599999999816646e+03
2.511799999999816464e+03
2.511999999999816282e+03
2.512199999999816100e+03
2.512399999999815918e+03
2.512599999999815736e+03
2.512799999999815554e+03
2.512999999999815373e+03
2.513199999999815191e+03
2.513399999999815009e+03
2.513599999999814827e+03
2.513799999999814645e+03
2.513999999999814463e+03
2.514199999999814281e+03
2.514399999999814099e+03
2.514599999999813917e+03
2.514799999999813735e+03
2.514999999999813554e+03
2.515199999999813372e+03
2.515399999999813190e+03
2.515599999999813008e+03
2.515799999999812826e+03
2.515999999999812644e+03
2.516199999999812462e+03
2.516399999999812280e+03
2.516599999999812098e+03
2.516799999999811916e+03
2.516999999999811735e+03
2.517199999999811553e+03
2.517399999999811371e+03
2.517599999999811189e+03
2.517799999999811007e+03
2.517999999999810825e+03
2.518199999999810643e+03
2.518399999999810461e+03
2.518599999999810279e+03
2.518799999999810098e+03
2.518999999999809916e+03
2.519199999999809734e+03
2.519399999999809552e+03
2.519599999999809370e+03
2.519799999999809188e+03
2.519999999999809006e+03
2.520199999999808824e+03
2.520399999999808642e+03
2.520599999999808460e+03
2.520799999999808279e+03
2.520999999999808097e+03
2.521199999999807915e+03
2.521399999999807733e+03
2.521599999999807551e+03
2.521799999999807369e+03
2.521999999999807187e+03
2.522199999999807005e+03
2.522399999999806823e+03
2.522599999999806641e+03
2.522799999999806460e+03
2.522999999999806278e+03
2.523199999999806096e+03
2.523399999999805914e+03
2.523599999999805732e+03
2.523799999999805550e+03
2.523999999999805368e+03
2.524199999999805186e+03
2.524399999999805004e+03
2.524599999999804822e+03
2.524799999999804641e+03
2.524999999999804459e+03
2.525199999999804277e+03
2.525399999999804095e+03
2.525599999999803913e+03
2.525799999999803731e+03
2.525999999999803549e+03
2.526199999999803367e+03
2.526399999999803185e+03
2.526599999999803003e+03
2.526799999999802822e+03
2.526999999999802640e+03
2.527199999999802458e+03
2.527399999999802276e+03
2.527599999999802094e+03
2.527799999999801912e+03
2.527999999999801730e+03
2.528199999999801548e+03
2.528399999999801366e+03
2.528599999999801184e+03
2.528799999999801003e+03
2.528999999999800821e+03
2.529199999999800639e+03
2.529399999999800457e+03
2.529599999999800275e+03
2.529799999999800093e+03
2.529999999999799911e+03
2.530199999999799729e+03
2.530399999999799547e+03
2.530599999999799365e+03
2.530799999999799184e+03
2.530999999999799002e+03
2.531199999999798820e+03
2.531399999999798638e+03
2.531599999999798456e+03
2.531799999999798274e+03
2.531999999999798092e+03
2.532199999999797910e+03
2.532399999999797728e+03
2.532599999999797546e+03
2.532799999999797365e+03
2.532999999999797183e+03
2.533199999999797001e+03
2.533399999999796819e+03
2.533599999999796637e+03
2.533799999999796455e+03
2.533999999999796273e+03
2.534199999999796091e+03
2.534399999999795909e+03
2.534599999999795727e+03
2.534799999999795546e+03
2.534999999999795364e+03
2.535199999999795182e+03
2.535399999999795000e+03
2.535599999999794818e+03
2.535799999999794636e+03
2.535999999999794454e+03
2.536199999999794272e+03
2.536399999999794090e+03
2.536599999999793909e+03
2.536799999999793727e+03
2.536999999999793545e+03
2.537199999999793363e+03
2.537399999999793181e+03
2.537599999999792999e+03
2.537799999999792817e+03
2.537999999999792635e+03
2.538199999999792453e+03
2.538399999999792271e+03
2.538599999999792090e+03
2.538799999999791908e+03
2.538999999999791726e+03
2.539199999999791544e+03
2.539399999999791362e+03
2.539599999999791180e+03
2.539799999999790998e+03
2.539999999999790816e+03
2.540199999999790634e+03
2.540399999999790452e+03
2.540599999999790271e+03
2.540799999999790089e+03
2.540999999999789907e+03
2.541199999999789725e+03
2.541399999999789543e+03
2.541599999999789361e+03
2.541799999999789179e+03
2.541999999999788997e+03
2.542199999999788815e+03
2.542399999999788633e+03
2.542599999999788452e+03
2.542799999999788270e+03
2.542999999999788088e+03
2.543199999999787906e+03
2.543399999999787724e+03
2.543599999999787542e+03
2.543799999999787360e+03
2.543999999999787178e+03
2.544199999999786996e+03
2.544399999999786814e+03
2.544599999999786633e+03
2.544799999999786451e+03
2.544999999999786269e+03
2.545199999999786087e+03
2.545399999999785905e+03
2.545599999999785723e+03
2.545799999999785541e+03
2.545999999999785359e+03
2.546199999999785177e+03
2.546399999999784995e+03
2.546599999999784814e+03
2.546799999999784632e+03
2.546999999999784450e+03
2.547199999999784268e+03
2.547399999999784086e+03
2.547599999999783904e+03
2.547799999999783722e+03
2.547999999999783540e+03
2.548199999999783358e+03
2.548399999999783176e+03
2.548599999999782995e+03
2.548799999999782813e+03
2.548999999999782631e+03
2.549199999999782449e+03
2.549399999999782267e+03
2.549599999999782085e+03
2.549799999999781903e+03
2.549999999999781721e+03
2.550199999999781539e+03
2.550399999999781357e+03
2.550599999999781176e+03
2.550799999999780994e+03
2.550999999999780812e+03
2.551199999999780630e+03
2.551399999999780448e+03
2.551599999999780266e+03
2.551799999999780084e+03
2.551999999999779902e+03
2.552199999999779720e+03
2.552399999999779538e+03
2.552599999999779357e+03
2.552799999999779175e+03
2.552999999999778993e+03
2.553199999999778811e+03
2.553399999999778629e+03
2.553599999999778447e+03
2.553799999999778265e+03
2.553999999999778083e+03
2.554199999999777901e+03
2.554399999999777719e+03
2.554599999999777538e+03
2.554799999999777356e+03
2.554999999999777174e+03
2.555199999999776992e+03
2.555399999999776810e+03
2.555599999999776628e+03
2.555799999999776446e+03
2.555999999999776264e+03
2.556199999999776082e+03
2.556399999999775901e+03
2.556599999999775719e+03
2.556799999999775537e+03
2.556999999999775355e+03
2.557199999999775173e+03
2.557399999999774991e+03
2.557599999999774809e+03
2.557799999999774627e+03
2.557999999999774445e+03
2.558199999999774263e+03
2.558399999999774082e+03
2.558599999999773900e+03
2.558799999999773718e+03
2.558999999999773536e+03
2.559199999999773354e+03
2.559399999999773172e+03
2.559599999999772990e+03
2.559799999999772808e+03
2.559999999999772626e+03
2.560199999999772444e+03
2.560399999999772263e+03
2.560599999999772081e+03
2.560799999999771899e+03
2.560999999999771717e+03
2.561199999999771535e+03
2.561399999999771353e+03
2.561599999999771171e+03
2.561799999999770989e+03
2.561999999999770807e+03
2.562199999999770625e+03
2.562399999999770444e+03
2.562599999999770262e+03
2.562799999999770080e+03
2.562999999999769898e+03
2.563199999999769716e+03
2.563399999999769534e+03
2.563599999999769352e+03
2.563799999999769170e+03
2.563999999999768988e+03
2.564199999999768806e+03
2.564399999999768625e+03
2.564599999999768443e+03
2.564799999999768261e+03
2.564999999999768079e+03
2.565199999999767897e+03
2.565399999999767715e+03
2.565599999999767533e+03
2.565799999999767351e+03
2.565999999999767169e+03
2.566199999999766987e+03
2.566399999999766806e+03
2.566599999999766624e+03
2.566799999999766442e+03
2.566999999999766260e+03
2.567199999999766078e+03
2.567399999999765896e+03
2.567599999999765714e+03
2.567799999999765532e+03
2.567999999999765350e+03
2.568199999999765168e+03
2.568399999999764987e+03
2.568599999999764805e+03
2.568799999999764623e+03
2.568999999999764441e+03
2.569199999999764259e+03
2.569399999999764077e+03
2.569599999999763895e+03
2.569799999999763713e+03
2.569999999999763531e+03
2.570199999999763349e+03
2.570399999999763168e+03
2.570599999999762986e+03
2.570799999999762804e+03
2.570999999999762622e+03
2.571199999999762440e+03
2.571399999999762258e+03
2.571599999999762076e+03
2.571799999999761894e+03
2.571999999999761712e+03
2.572199999999761530e+03
2.572399999999761349e+03
2.572599999999761167e+03
2.572799999999760985e+03
2.572999999999760803e+03
2.573199999999760621e+03
2.573399999999760439e+03
2.573599999999760257e+03
2.573799999999760075e+03
2.573999999999759893e+03
2.574199999999759711e+03
2.574399999999759530e+03
2.574599999999759348e+03
2.574799999999759166e+03
2.574999999999758984e+03
2.575199999999758802e+03
2.575399999999758620e+03
2.575599999999758438e+03
2.575799999999758256e+03
2.575999999999758074e+03
2.576199999999757893e+03
2.576399999999757711e+03
2.576599999999757529e+03
2.576799999999757347e+03
2.576999999999757165e+03
2.577199999999756983e+03
2.577399999999756801e+03
2.577599999999756619e+03
2.577799999999756437e+03
2.577999999999756255e+03
2.578199999999756074e+03
2.578399999999755892e+03
2.578599999999755710e+03
2.578799999999755528e+03
2.578999999999755346e+03
2.579199999999755164e+03
2.579399999999754982e+03
2.579599999999754800e+03
2.579799999999754618e+03
2.579999999999754436e+03
2.580199999999754255e+03
2.580399999999754073e+03
2.580599999999753891e+03
2.580799999999753709e+03
2.580999999999753527e+03
2.581199999999753345e+03
2.581399999999753163e+03
2.581599999999752981e+03
2.581799999999752799e+03
2.581999999999752617e+03
2.582199999999752436e+03
2.582399999999752254e+03
2.582599999999752072e+03
2.582799999999751890e+03
2.582999999999751708e+03
2.583199999999751526e+03
2.583399999999751344e+03
2.583599999999751162e+03
2.583799999999750980e+03
2.583999999999750798e+03
2.584199999999750617e+03
2.584399999999750435e+03
2.584599999999750253e+03
2.584799999999750071e+03
2.584999999999749889e+03
2.585199999999749707e+03
2.585399999999749525e+03
2.585599999999749343e+03
2.585799999999749161e+03
2.585999999999748979e+03
2.586199999999748798e+03
2.586399999999748616e+03
2.586599999999748434e+03
2.586799999999748252e+03
2.586999999999748070e+03
2.587199999999747888e+03
2.587399999999747706e+03
2.587599999999747524e+03
2.587799999999747342e+03
2.587999999999747160e+03
2.588199999999746979e+03
2.588399999999746797e+03
2.588599999999746615e+03
2.588799999999746433e+03
2.588999999999746251e+03
2.589199999999746069e+03
2.589399999999745887e+03
2.589599999999745705e+03
2.589799999999745523e+03
2.589999999999745341e+03
2.590199999999745160e+03
2.590399999999744978e+03
2.590599999999744796e+03
2.590799999999744614e+03
2.590999999999744432e+03
2.591199999999744250e+03
2.591399999999744068e+03
2.591599999999743886e+03
2.591799999999743704e+03
2.591999999999743522e+03
2.592199999999743341e+03
2.592399999999743159e+03
2.592599999999742977e+03
2.592799999999742795e+03
2.592999999999742613e+03
2.593199999999742431e+03
2.593399999999742249e+03
2.593599999999742067e+03
2.593799999999741885e+03
2.593999999999741704e+03
2.594199999999741522e+03
2.594399999999741340e+03
2.594599999999741158e+03
2.594799999999740976e+03
2.594999999999740794e+03
2.595199999999740612e+03
2.595399999999740430e+03
2.595599999999740248e+03
2.595799999999740066e+03
2.595999999999739885e+03
2.596199999999739703e+03
2.596399999999739521e+03
2.596599999999739339e+03
2.596799999999739157e+03
2.596999999999738975e+03
2.597199999999738793e+03
2.597399999999738611e+03
2.597599999999738429e+03
2.597799999999738247e+03
2.597999999999738066e+03
2.598199999999737884e+03
2.598399999999737702e+03
2.598599999999737520e+03
2.598799999999737338e+03
2.598999999999737156e+03
2.599199999999736974e+03
2.599399999999736792e+03
2.599599999999736610e+03
2.599799999999736428e+03
2.599999999999736247e+03
2.600199999999736065e+03
2.600399999999735883e+03
2.600599999999735701e+03
2.600799999999735519e+03
2.600999999999735337e+03
2.601199999999735155e+03
2.601399999999734973e+03
2.601599999999734791e+03
2.601799999999734609e+03
2.601999999999734428e+03
2.602199999999734246e+03
2.602399999999734064e+03
2.602599999999733882e+03
2.602799999999733700e+03
2.602999999999733518e+03
2.603199999999733336e+03
2.603399999999733154e+03
2.603599999999732972e+03
2.603799999999732790e+03
2.603999999999732609e+03
2.604199999999732427e+03
2.604399999999732245e+03
2.604599999999732063e+03
2.604799999999731881e+03
2.604999999999731699e+03
2.605199999999731517e+03
2.605399999999731335e+03
2.605599999999731153e+03
2.605799999999730971e+03
2.605999999999730790e+03
2.606199999999730608e+03
2.606399999999730426e+03
2.606599999999730244e+03
2.606799999999730062e+03
2.606999999999729880e+03
2.607199999999729698e+03
2.607399999999729516e+03
2.607599999999729334e+03
2.607799999999729152e+03
2.607999999999728971e+03
2.608199999999728789e+03
2.608399999999728607e+03
2.608599999999728425e+03
2.608799999999728243e+03
2.608999999999728061e+03
2.609199999999727879e+03
2.609399999999727697e+03
2.609599999999727515e+03
2.609799999999727333e+03
2.609999999999727152e+03
2.610199999999726970e+03
2.610399999999726788e+03
2.610599999999726606e+03
2.610799999999726424e+03
2.610999999999726242e+03
2.611199999999726060e+03
2.611399999999725878e+03
2.611599999999725696e+03
2.611799999999725514e+03
2.611999999999725333e+03
2.612199999999725151e+03
2.612399999999724969e+03
2.612599999999724787e+03
2.612799999999724605e+03
2.612999999999724423e+03
2.613199999999724241e+03
2.613399999999724059e+03
2.613599999999723877e+03
2.613799999999723696e+03
2.613999999999723514e+03
2.614199999999723332e+03
2.614399999999723150e+03
2.614599999999722968e+03
2.614799999999722786e+03
2.614999999999722604e+03
2.615199999999722422e+03
2.615399999999722240e+03
2.615599999999722058e+03
2.615799999999721877e+03
2.615999999999721695e+03
2.616199999999721513e+03
2.616399999999721331e+03
2.616599999999721149e+03
2.616799999999720967e+03
2.616999999999720785e+03
2.617199999999720603e+03
2.617399999999720421e+03
2.617599999999720239e+03
2.617799999999720058e+03
2.617999999999719876e+03
2.618199999999719694e+03
2.618399999999719512e+03
2.618599999999719330e+03
2.618799999999719148e+03
2.618999999999718966e+03
2.619199999999718784e+03
2.619399999999718602e+03
2.619599999999718420e+03
2.619799999999718239e+03
2.619999999999718057e+03
2.620199999999717875e+03
2.620399999999717693e+03
2.620599999999717511e+03
2.620799999999717329e+03
2.620999999999717147e+03
2.621199999999716965e+03
2.621399999999716783e+03
2.621599999999716601e+03
2.621799999999716420e+03
2.621999999999716238e+03
2.622199999999716056e+03
2.622399999999715874e+03
2.622599999999715692e+03
2.622799999999715510e+03
2.622999999999715328e+03
2.623199999999715146e+03
2.623399999999714964e+03
2.623599999999714782e+03
2.623799999999714601e+03
2.623999999999714419e+03
2.624199999999714237e+03
2.624399999999714055e+03
2.624599999999713873e+03
2.624799999999713691e+03
2.624999999999713509e+03
2.625199999999713327e+03
2.625399999999713145e+03
2.625599999999712963e+03
2.625799999999712782e+03
2.625999999999712600e+03
2.626199999999712418e+03
2.626399999999712236e+03
2.626599999999712054e+03
2.626799999999711872e+03
2.626999999999711690e+03
2.627199999999711508e+03
2.627399999999711326e+03
2.627599999999711144e+03
2.627799999999710963e+03
2.627999999999710781e+03
2.628199999999710599e+03
2.628399999999710417e+03
2.628599999999710235e+03
2.628799999999710053e+03
2.628999999999709871e+03
2.629199999999709689e+03
2.629399999999709507e+03
2.629599999999709325e+03
2.629799999999709144e+03
2.629999999999708962e+03
2.630199999999708780e+03
2.630399999999708598e+03
2.630599999999708416e+03
2.630799999999708234e+03
2.630999999999708052e+03
2.631199999999707870e+03
2.631399999999707688e+03
2.631599999999707507e+03
2.631799999999707325e+03
2.631999999999707143e+03
2.632199999999706961e+03
2.632399999999706779e+03
2.632599999999706597e+03
2.632799999999706415e+03
2.632999999999706233e+03
2.633199999999706051e+03
2.633399999999705869e+03
2.633599999999705688e+03
2.633799999999705506e+03
2.633999999999705324e+03
2.634199999999705142e+03
2.634399999999704960e+03
2.634599999999704778e+03
2.634799999999704596e+03
2.634999999999704414e+03
2.635199999999704232e+03
2.635399999999704050e+03
2.635599999999703869e+03
2.635799999999703687e+03
2.635999999999703505e+03
2.636199999999703323e+03
2.636399999999703141e+03
2.636599999999702959e+03
2.636799999999702777e+03
2.636999999999702595e+03
2.637199999999702413e+03
2.637399999999702231e+03
2.637599999999702050e+03
2.637799999999701868e+03
2.637999999999701686e+03
2.638199999999701504e+03
2.638399999999701322e+03
2.638599999999701140e+03
2.638799999999700958e+03
2.638999999999700776e+03
2.639199999999700594e+03
2.639399999999700412e+03
2.639599999999700231e+03
2.639799999999700049e+03
2.639999999999699867e+03
2.640199999999699685e+03
2.640399999999699503e+03
2.640599999999699321e+03
2.640799999999699139e+03
2.640999999999698957e+03
2.641199999999698775e+03
2.641399999999698593e+03
2.641599999999698412e+03
2.641799999999698230e+03
2.641999999999698048e+03
2.642199999999697866e+03
2.642399999999697684e+03
2.642599999999697502e+03
2.642799999999697320e+03
2.642999999999697138e+03
2.643199999999696956e+03
2.643399999999696774e+03
2.643599999999696593e+03
2.643799999999696411e+03
2.643999999999696229e+03
2.644199999999696047e+03
2.644399999999695865e+03
2.644599999999695683e+03
2.644799999999695501e+03
2.644999999999695319e+03
2.645199999999695137e+03
2.645399999999694955e+03
2.645599999999694774e+03
2.645799999999694592e+03
2.645999999999694410e+03
2.646199999999694228e+03
2.646399999999694046e+03
2.646599999999693864e+03
2.646799999999693682e+03
2.646999999999693500e+03
2.647199999999693318e+03
2.647399999999693136e+03
2.647599999999692955e+03
2.647799999999692773e+03
2.647999999999692591e+03
2.648199999999692409e+03
2.648399999999692227e+03
2.648599999999692045e+03
2.648799999999691863e+03
2.648999999999691681e+03
2.649199999999691499e+03
2.649399999999691317e+03
2.649599999999691136e+03
2.649799999999690954e+03
2.649999999999690772e+03
2.650199999999690590e+03
2.650399999999690408e+03
2.650599999999690226e+03
2.650799999999690044e+03
2.650999999999689862e+03
2.651199999999689680e+03
2.651399999999689499e+03
2.651599999999689317e+03
2.651799999999689135e+03
2.651999999999688953e+03
2.652199999999688771e+03
2.652399999999688589e+03
2.652599999999688407e+03
2.652799999999688225e+03
2.652999999999688043e+03
2.653199999999687861e+03
2.653399999999687680e+03
2.653599999999687498e+03
2.653799999999687316e+03
2.653999999999687134e+03
2.654199999999686952e+03
2.654399999999686770e+03
2.654599999999686588e+03
2.654799999999686406e+03
2.654999999999686224e+03
2.655199999999686042e+03
2.655399999999685861e+03
2.655599999999685679e+03
2.655799999999685497e+03
2.655999999999685315e+03
2.656199999999685133e+03
2.656399999999684951e+03
2.656599999999684769e+03
2.656799999999684587e+03
2.656999999999684405e+03
2.657199999999684223e+03
2.657399999999684042e+03
2.657599999999683860e+03
2.657799999999683678e+03
2.657999999999683496e+03
2.658199999999683314e+03
2.658399999999683132e+03
2.658599999999682950e+03
2.658799999999682768e+03
2.658999999999682586e+03
2.659199999999682404e+03
2.659399999999682223e+03
2.659599999999682041e+03
2.659799999999681859e+03
2.659999999999681677e+03
2.660199999999681495e+03
2.660399999999681313e+03
2.660599999999681131e+03
2.660799999999680949e+03
2.660999999999680767e+03
2.661199999999680585e+03
2.661399999999680404e+03
2.661599999999680222e+03
2.661799999999680040e+03
2.661999999999679858e+03
2.662199999999679676e+03
2.662399999999679494e+03
2.662599999999679312e+03
2.662799999999679130e+03
2.662999999999678948e+03
2.663199999999678766e+03
2.663399999999678585e+03
2.663599999999678403e+03
2.663799999999678221e+03
2.663999999999678039e+03
2.664199999999677857e+03
2.664399999999677675e+03
2.664599999999677493e+03
2.664799999999677311e+03
2.664999999999677129e+03
2.665199999999676947e+03
2.665399999999676766e+03
2.665599999999676584e+03
2.665799999999676402e+03
2.665999999999676220e+03
2.666199999999676038e+03
2.666399999999675856e+03
2.666599999999675674e+03
2.666799999999675492e+03
2.666999999999675310e+03
2.667199999999675128e+03
2.667399999999674947e+03
2.667599999999674765e+03
2.667799999999674583e+03
2.667999999999674401e+03
2.668199999999674219e+03
2.668399999999674037e+03
2.668599999999673855e+03
2.668799999999673673e+03
2.668999999999673491e+03
2.669199999999673310e+03
2.669399999999673128e+03
2.669599999999672946e+03
2.669799999999672764e+03
2.669999999999672582e+03
2.670199999999672400e+03
2.670399999999672218e+03
2.670599999999672036e+03
2.670799999999671854e+03
2.670999999999671672e+03
2.671199999999671491e+03
2.671399999999671309e+03
2.671599999999671127e+03
2.671799999999670945e+03
2.671999999999670763e+03
2.672199999999670581e+03
2.672399999999670399e+03
2.672599999999670217e+03
2.672799999999670035e+03
2.672999999999669853e+03
2.673199999999669672e+03
2.673399999999669490e+03
2.673599999999669308e+03
2.673799999999669126e+03
2.673999999999668944e+03
2.674199999999668762e+03
2.674399999999668580e+03
2.674599999999668398e+03
2.674799999999668216e+03
2.674999999999668034e+03
2.675199999999667853e+03
2.675399999999667671e+03
2.675599999999667489e+03
2.675799999999667307e+03
2.675999999999667125e+03
2.676199999999666943e+03
2.676399999999666761e+03
2.676599999999666579e+03
2.676799999999666397e+03
2.676999999999666215e+03
2.677199999999666034e+03
2.677399999999665852e+03
2.677599999999665670e+03
2.677799999999665488e+03
2.677999999999665306e+03
2.678199999999665124e+03
2.678399999999664942e+03
2.678599999999664760e+03
2.678799999999664578e+03
2.678999999999664396e+03
2.679199999999664215e+03
2.679399999999664033e+03
2.679599999999663851e+03
2.679799999999663669e+03
2.679999999999663487e+03
2.680199999999663305e+03
2.680399999999663123e+03
2.680599999999662941e+03
2.680799999999662759e+03
2.680999999999662577e+03
2.681199999999662396e+03
2.681399999999662214e+03
2.681599999999662032e+03
2.681799999999661850e+03
2.681999999999661668e+03
2.682199999999661486e+03
2.682399999999661304e+03
2.682599999999661122e+03
2.682799999999660940e+03
2.682999999999660758e+03
2.683199999999660577e+03
2.683399999999660395e+03
2.683599999999660213e+03
2.683799999999660031e+03
2.683999999999659849e+03
2.684199999999659667e+03
2.684399999999659485e+03
2.684599999999659303e+03
2.684799999999659121e+03
2.684999999999658939e+03
2.685199999999658758e+03
2.685399999999658576e+03
2.685599999999658394e+03
2.685799999999658212e+03
2.685999999999658030e+03
2.686199999999657848e+03
2.686399999999657666e+03
2.686599999999657484e+03
2.686799999999657302e+03
2.686999999999657120e+03
2.687199999999656939e+03
2.687399999999656757e+03
2.687599999999656575e+03
2.687799999999656393e+03
2.687999999999656211e+03
2.688199999999656029e+03
2.688399999999655847e+03
2.688599999999655665e+03
2.688799999999655483e+03
2.688999999999655302e+03
2.689199999999655120e+03
2.689399999999654938e+03
2.689599999999654756e+03
2.689799999999654574e+03
2.689999999999654392e+03
2.690199999999654210e+03
2.690399999999654028e+03
2.690599999999653846e+03
2.690799999999653664e+03
2.690999999999653483e+03
2.691199999999653301e+03
2.691399999999653119e+03
2.691599999999652937e+03
2.691799999999652755e+03
2.691999999999652573e+03
2.692199999999652391e+03
2.692399999999652209e+03
2.692599999999652027e+03
2.692799999999651845e+03
2.692999999999651664e+03
2.693199999999651482e+03
2.693399999999651300e+03
2.693599999999651118e+03
2.693799999999650936e+03
2.693999999999650754e+03
2.694199999999650572e+03
2.694399999999650390e+03
2.694599999999650208e+03
2.694799999999650026e+03
2.694999999999649845e+03
2.695199999999649663e+03
2.695399999999649481e+03
2.695599999999649299e+03
2.695799999999649117e+03
2.695999999999648935e+03
2.696199999999648753e+03
2.696399999999648571e+03
2.696599999999648389e+03
2.696799999999648207e+03
2.696999999999648026e+03
2.697199999999647844e+03
2.697399999999647662e+03
2.697599999999647480e+03
2.697799999999647298e+03
2.697999999999647116e+03
2.698199999999646934e+03
2.698399999999646752e+03
2.698599999999646570e+03
2.698799999999646388e+03
2.698999999999646207e+03
2.699199999999646025e+03
2.699399999999645843e+03
2.699599999999645661e+03
2.699799999999645479e+03
2.699999999999645297e+03
2.700199999999645115e+03
2.700399999999644933e+03
2.700599999999644751e+03
2.700799999999644569e+03
2.700999999999644388e+03
2.701199999999644206e+03
2.701399999999644024e+03
2.701599999999643842e+03
2.701799999999643660e+03
2.701999999999643478e+03
2.702199999999643296e+03
2.702399999999643114e+03
2.702599999999642932e+03
2.702799999999642750e+03
2.702999999999642569e+03
2.703199999999642387e+03
2.703399999999642205e+03
2.703599999999642023e+03
2.703799999999641841e+03
2.703999999999641659e+03
2.704199999999641477e+03
2.704399999999641295e+03
2.704599999999641113e+03
2.704799999999640931e+03
2.704999999999640750e+03
2.705199999999640568e+03
2.705399999999640386e+03
2.705599999999640204e+03
2.705799999999640022e+03
2.705999999999639840e+03
2.706199999999639658e+03
2.706399999999639476e+03
2.706599999999639294e+03
2.706799999999639113e+03
2.706999999999638931e+03
2.707199999999638749e+03
2.707399999999638567e+03
2.707599999999638385e+03
2.707799999999638203e+03
2.707999999999638021e+03
2.708199999999637839e+03
2.708399999999637657e+03
2.708599999999637475e+03
2.708799999999637294e+03
2.708999999999637112e+03
2.709199999999636930e+03
2.709399999999636748e+03
2.709599999999636566e+03
2.709799999999636384e+03
2.709999999999636202e+03
2.710199999999636020e+03
2.710399999999635838e+03
2.710599999999635656e+03
2.710799999999635475e+03
2.710999999999635293e+03
2.711199999999635111e+03
2.711399999999634929e+03
2.711599999999634747e+03
2.711799999999634565e+03
2.711999999999634383e+03
2.712199999999634201e+03
2.712399999999634019e+03
2.712599999999633837e+03
2.712799999999633656e+03
2.712999999999633474e+03
2.713199999999633292e+03
2.713399999999633110e+03
2.713599999999632928e+03
2.713799999999632746e+03
2.713999999999632564e+03
2.714199999999632382e+03
2.714399999999632200e+03
2.714599999999632018e+03
2.714799999999631837e+03
2.714999999999631655e+03
2.715199999999631473e+03
2.715399999999631291e+03
2.715599999999631109e+03
2.715799999999630927e+03
2.715999999999630745e+03
2.716199999999630563e+03
2.716399999999630381e+03
2.716599999999630199e+03
2.716799999999630018e+03
2.716999999999629836e+03
2.717199999999629654e+03
2.717399999999629472e+03
2.717599999999629290e+03
2.717799999999629108e+03
2.717999999999628926e+03
2.718199999999628744e+03
2.718399999999628562e+03
2.718599999999628380e+03
2.718799999999628199e+03
2.718999999999628017e+03
2.719199999999627835e+03
2.719399999999627653e+03
2.719599999999627471e+03
2.719799999999627289e+03
2.719999999999627107e+03
2.720199999999626925e+03
2.720399999999626743e+03
2.720599999999626561e+03
2.720799999999626380e+03
2.720999999999626198e+03
2.721199999999626016e+03
2.721399999999625834e+03
2.721599999999625652e+03
2.721799999999625470e+03
2.721999999999625288e+03
2.722199999999625106e+03
2.722399999999624924e+03
2.722599999999624742e+03
2.722799999999624561e+03
2.722999999999624379e+03
2.723199999999624197e+03
2.723399999999624015e+03
2.723599999999623833e+03
2.723799999999623651e+03
2.723999999999623469e+03
2.724199999999623287e+03
2.724399999999623105e+03
2.724599999999622923e+03
2.724799999999622742e+03
2.724999999999622560e+03
2.725199999999622378e+03
2.725399999999622196e+03
2.725599999999622014e+03
2.725799999999621832e+03
2.725999999999621650e+03
2.726199999999621468e+03
2.726399999999621286e+03
2.726599999999621105e+03
2.726799999999620923e+03
2.726999999999620741e+03
2.727199999999620559e+03
2.727399999999620377e+03
2.727599999999620195e+03
2.727799999999620013e+03
2.727999999999619831e+03
2.728199999999619649e+03
2.728399999999619467e+03
2.728599999999619286e+03
2.728799999999619104e+03
2.728999999999618922e+03
2.729199999999618740e+03
2.729399999999618558e+03
2.729599999999618376e+03
2.729799999999618194e+03
2.729999999999618012e+03
2.730199999999617830e+03
2.730399999999617648e+03
2.730599999999617467e+03
2.730799999999617285e+03
2.730999999999617103e+03
2.731199999999616921e+03
2.731399999999616739e+03
2.731599999999616557e+03
2.731799999999616375e+03
2.731999999999616193e+03
2.732199999999616011e+03
2.732399999999615829e+03
2.732599999999615648e+03
2.732799999999615466e+03
2.732999999999615284e+03
2.733199999999615102e+03
2.733399999999614920e+03
2.733599999999614738e+03
2.733799999999614556e+03
2.733999999999614374e+03
2.734199999999614192e+03
2.734399999999614010e+03
2.734599999999613829e+03
2.734799999999613647e+03
2.734999999999613465e+03
2.735199999999613283e+03
2.735399999999613101e+03
2.735599999999612919e+03
2.735799999999612737e+03
2.735999999999612555e+03
2.736199999999612373e+03
2.736399999999612191e+03
2.736599999999612010e+03
2.736799999999611828e+03
2.736999999999611646e+03
2.737199999999611464e+03
2.737399999999611282e+03
2.737599999999611100e+03
2.737799999999610918e+03
2.737999999999610736e+03
2.738199999999610554e+03
2.738399999999610372e+03
2.738599999999610191e+03
2.738799999999610009e+03
2.738999999999609827e+03
2.739199999999609645e+03
2.739399999999609463e+03
2.739599999999609281e+03
2.739799999999609099e+03
2.739999999999608917e+03
2.740199999999608735e+03
2.740399999999608553e+03
2.740599999999608372e+03
2.740799999999608190e+03
2.740999999999608008e+03
2.741199999999607826e+03
2.741399999999607644e+03
2.741599999999607462e+03
2.741799999999607280e+03
2.741999999999607098e+03
2.742199999999606916e+03
2.742399999999606734e+03
2.742599999999606553e+03
2.742799999999606371e+03
2.742999999999606189e+03
2.743199999999606007e+03
2.743399999999605825e+03
2.743599999999605643e+03
2.743799999999605461e+03
2.743999999999605279e+03
2.744199999999605097e+03
2.744399999999604916e+03
2.744599999999604734e+03
2.744799999999604552e+03
2.744999999999604370e+03
2.745199999999604188e+03
2.745399999999604006e+03
2.745599999999603824e+03
2.745799999999603642e+03
2.745999999999603460e+03
2.746199999999603278e+03
2.746399999999603097e+03
2.746599999999602915e+03
2.746799999999602733e+03
2.746999999999602551e+03
2.747199999999602369e+03
2.747399999999602187e+03
2.747599999999602005e+03
2.747799999999601823e+03
2.747999999999601641e+03
2.748199999999601459e+03
2.748399999999601278e+03
2.748599999999601096e+03
2.748799999999600914e+03
2.748999999999600732e+03
2.749199999999600550e+03
2.749399999999600368e+03
2.749599999999600186e+03
2.749799999999600004e+03
2.749999999999599822e+03
2.750199999999599640e+03
2.750399999999599459e+03
2.750599999999599277e+03
2.750799999999599095e+03
2.750999999999598913e+03
2.751199999999598731e+03
2.751399999999598549e+03
2.751599999999598367e+03
2.751799999999598185e+03
2.751999999999598003e+03
2.752199999999597821e+03
2.752399999999597640e+03
2.752599999999597458e+03
2.752799999999597276e+03
2.752999999999597094e+03
2.753199999999596912e+03
2.753399999999596730e+03
2.753599999999596548e+03
2.753799999999596366e+03
2.753999999999596184e+03
2.754199999999596002e+03
2.754399999999595821e+03
2.754599999999595639e+03
2.754799999999595457e+03
2.754999999999595275e+03
2.755199999999595093e+03
2.755399999999594911e+03
2.755599999999594729e+03
2.755799999999594547e+03
2.755999999999594365e+03
2.756199999999594183e+03
2.756399999999594002e+03
2.756599999999593820e+03
2.756799999999593638e+03
2.756999999999593456e+03
2.757199999999593274e+03
2.757399999999593092e+03
2.757599999999592910e+03
2.757799999999592728e+03
2.757999999999592546e+03
2.758199999999592364e+03
2.758399999999592183e+03
2.758599999999592001e+03
2.758799999999591819e+03
2.758999999999591637e+03
2.759199999999591455e+03
2.759399999999591273e+03
2.759599999999591091e+03
2.759799999999590909e+03
2.759999999999590727e+03
2.760199999999590545e+03
2.760399999999590364e+03
2.760599999999590182e+03
2.760799999999590000e+03
2.760999999999589818e+03
2.761199999999589636e+03
2.761399999999589454e+03
2.761599999999589272e+03
2.761799999999589090e+03
2.761999999999588908e+03
2.762199999999588726e+03
2.762399999999588545e+03
2.762599999999588363e+03
2.762799999999588181e+03
2.762999999999587999e+03
2.763199999999587817e+03
2.763399999999587635e+03
2.763599999999587453e+03
2.763799999999587271e+03
2.763999999999587089e+03
2.764199999999586908e+03
2.764399999999586726e+03
2.764599999999586544e+03
2.764799999999586362e+03
2.764999999999586180e+03
2.765199999999585998e+03
2.765399999999585816e+03
2.765599999999585634e+03
2.765799999999585452e+03
2.765999999999585270e+03
2.766199999999585089e+03
2.766399999999584907e+03
2.766599999999584725e+03
2.766799999999584543e+03
2.766999999999584361e+03
2.767199999999584179e+03
2.767399999999583997e+03
2.767599999999583815e+03
2.767799999999583633e+03
2.767999999999583451e+03
2.768199999999583270e+03
2.768399999999583088e+03
2.768599999999582906e+03
2.768799999999582724e+03
2.768999999999582542e+03
2.769199999999582360e+03
2.769399999999582178e+03
2.769599999999581996e+03
2.769799999999581814e+03
2.769999999999581632e+03
2.770199999999581451e+03
2.770399999999581269e+03
2.770599999999581087e+03
2.770799999999580905e+03
2.770999999999580723e+03
2.771199999999580541e+03
2.771399999999580359e+03
2.771599999999580177e+03
2.771799999999579995e+03
2.771999999999579813e+03
2.772199999999579632e+03
2.772399999999579450e+03
2.772599999999579268e+03
2.772799999999579086e+03
2.772999999999578904e+03
2.773199999999578722e+03
2.773399999999578540e+03
2.773599999999578358e+03
2.773799999999578176e+03
2.773999999999577994e+03
2.774199999999577813e+03
2.774399999999577631e+03
2.774599999999577449e+03
2.774799999999577267e+03
2.774999999999577085e+03
2.775199999999576903e+03
2.775399999999576721e+03
2.775599999999576539e+03
2.775799999999576357e+03
2.775999999999576175e+03
2.776199999999575994e+03
2.776399999999575812e+03
2.776599999999575630e+03
2.776799999999575448e+03
2.776999999999575266e+03
2.777199999999575084e+03
2.777399999999574902e+03
2.777599999999574720e+03
2.777799999999574538e+03
2.777999999999574356e+03
2.778199999999574175e+03
2.778399999999573993e+03
2.778599999999573811e+03
2.778799999999573629e+03
2.778999999999573447e+03
2.779199999999573265e+03
2.779399999999573083e+03
2.779599999999572901e+03
2.779799999999572719e+03
2.779999999999572537e+03
2.780199999999572356e+03
2.780399999999572174e+03
2.780599999999571992e+03
2.780799999999571810e+03
2.780999999999571628e+03
2.781199999999571446e+03
2.781399999999571264e+03
2.781599999999571082e+03
2.781799999999570900e+03
2.781999999999570719e+03
2.782199999999570537e+03
2.782399999999570355e+03
2.782599999999570173e+03
2.782799999999569991e+03
2.782999999999569809e+03
2.783199999999569627e+03
2.783399999999569445e+03
2.783599999999569263e+03
2.783799999999569081e+03
2.783999999999568900e+03
2.784199999999568718e+03
2.784399999999568536e+03
2.784599999999568354e+03
2.784799999999568172e+03
2.784999999999567990e+03
2.785199999999567808e+03
2.785399999999567626e+03
2.785599999999567444e+03
2.785799999999567262e+03
2.785999999999567081e+03
2.786199999999566899e+03
2.786399999999566717e+03
2.786599999999566535e+03
2.786799999999566353e+03
2.786999999999566171e+03
2.787199999999565989e+03
2.787399999999565807e+03
2.787599999999565625e+03
2.787799999999565443e+03
2.787999999999565262e+03
2.788199999999565080e+03
2.788399999999564898e+03
2.788599999999564716e+03
2.788799999999564534e+03
2.788999999999564352e+03
2.789199999999564170e+03
2.789399999999563988e+03
2.789599999999563806e+03
2.789799999999563624e+03
2.789999999999563443e+03
2.790199999999563261e+03
2.790399999999563079e+03
2.790599999999562897e+03
2.790799999999562715e+03
2.790999999999562533e+03
2.791199999999562351e+03
2.791399999999562169e+03
2.791599999999561987e+03
2.791799999999561805e+03
2.791999999999561624e+03
2.792199999999561442e+03
2.792399999999561260e+03
2.792599999999561078e+03
2.792799999999560896e+03
2.792999999999560714e+03
2.793199999999560532e+03
2.793399999999560350e+03
2.793599999999560168e+03
2.793799999999559986e+03
2.793999999999559805e+03
2.794199999999559623e+03
2.794399999999559441e+03
2.794599999999559259e+03
2.794799999999559077e+03
2.794999999999558895e+03
2.795199999999558713e+03
2.795399999999558531e+03
2.795599999999558349e+03
2.795799999999558167e+03
2.795999999999557986e+03
2.796199999999557804e+03
2.796399999999557622e+03
2.796599999999557440e+03
2.796799999999557258e+03
2.796999999999557076e+03
2.797199999999556894e+03
2.797399999999556712e+03
2.797599999999556530e+03
2.797799999999556348e+03
2.797999999999556167e+03
2.798199999999555985e+03
2.798399999999555803e+03
2.798599999999555621e+03
2.798799999999555439e+03
2.798999999999555257e+03
2.799199999999555075e+03
2.799399999999554893e+03
2.799599999999554711e+03
